Ticker,Predicted_Direction,Predicted_Probability,Quarter_Date,Staleness_Days,debt_to_equity,roce,roe,roc_1m,roc_3m,volatility_30d,rsi_14d,Rank,Category,Confidence
ADANIGREEN.NS,1,0.7394743097995901,2025-09-01,364,2.003852392538524,9.0,,-12.154734315686008,-14.89316816714098,35.01323138294485,28.87895657717236,1,Strong Buy,0.4789486195991801
MUTHOOTMF.NS,1,0.7149791805524671,2025-09-01,364,3.253515914137676,6.0,,-16.95592326145946,13.181559927727058,34.588598639456514,31.89905733044786,2,Strong Buy,0.42995836110493424
GMDCLTD.NS,1,0.7020487378606279,2025-09-01,364,0.2304932735426009,14.0,,-0.21267385148980947,-15.565718166483153,30.480710854862476,27.940384463723717,3,Strong Buy,0.40409747572125587
ENGINERSIN.NS,1,0.6689237351902162,2025-09-01,364,1.0085438335809807,24.0,,17.757887115428847,14.84518472523105,34.86064160997748,64.5320102160589,4,Buy,0.3378474703804324
JPOLYINVST.NS,1,0.6561425332049783,2025-09-01,364,0.05593451568894952,4.0,,-2.9780528744551424,0.7118161303860855,38.82964291108246,42.298212606186326,5,Buy,0.31228506640995657
LLOYDSME.NS,1,0.650326184835615,2025-09-01,364,0.5389635316698657,38.0,,-10.168231199272533,-0.5718882597899004,33.63496169763356,18.961096808492698,6,Buy,0.30065236967123
CUMMINSIND.NS,1,0.6451760224568966,2025-09-01,364,0.3605887162714636,38.0,,-7.50135894183729,-9.576773350098106,20.423682164843306,33.18992009834051,7,Buy,0.2903520449137933
HLEGLAS.NS,1,0.6396865460776753,2025-09-01,364,1.402116402116402,8.0,,-26.186835014118827,-13.369281603625554,79.3260093894943,12.318831275001529,8,Buy,0.27937309215535056
GRINDWELL.NS,1,0.6375996333557248,2025-09-01,364,0.3683281870313189,21.0,,-2.0982061391062556,11.739189373272167,26.557135745310283,42.898544827521135,9,Buy,0.27519926671144956
MRPL.NS,1,0.6313232127969578,2025-09-01,364,1.6734125789948842,4.0,,0.2530261678262053,10.515043506749954,46.64595428761198,35.62083261181792,10,Buy,0.2626464255939156
HINDCOPPER.NS,1,0.630846017166696,2025-09-01,364,0.2928380187416332,24.0,,6.86533137986072,-3.6762097415865154,49.898093559727016,48.10126434660362,11,Buy,0.26169203433339194
RICOAUTO.NS,1,0.6278219059403559,2025-09-01,364,1.5982142857142858,6.0,,-8.570222604377722,11.443550807998024,52.02817662414609,30.65071496919566,12,Buy,0.25564381188071184
MCLEODRUSS.NS,1,0.6266764385961596,2025-09-01,364,-77.5111111111111,-1.0,,-3.674333291087153,-33.86882424972471,47.10508686567356,44.78764981089761,13,Buy,0.25335287719231925
GMBREW.NS,1,0.6253513401132483,2025-09-01,364,0.11890243902439024,18.0,,-1.154525257531029,-2.603367695818731,13.681112230195765,42.378946855904765,14,Buy,0.25070268022649667
SEMAC.NS,1,0.616197789779025,2025-09-01,364,2.15625,-2.0,,-9.457283964894005,-19.85502501695469,36.8099788275383,38.54527279343924,15,Buy,0.2323955795580499
VSSL.NS,1,0.6146734576857996,2025-09-01,364,0.2905629139072848,17.0,,17.291154623991186,30.294556890385678,45.38042012526034,56.74166956669896,16,Buy,0.22934691537159924
NRAIL.NS,1,0.6141122250454033,2025-09-01,364,1.376590330788804,6.0,,8.206114445159974,8.417519658476513,50.617452976984865,37.71056696166289,17,Buy,0.2282244500908066
AHLUCONT.NS,1,0.6099051740589372,2025-09-01,364,1.04932502596054,18.0,,-24.61650915475302,-20.211323761760212,44.84839186190253,13.34699670437324,18,Buy,0.21981034811787437
ARTEMISMED.NS,1,0.6098478442316235,2025-09-01,364,0.5963923337091319,15.0,,6.348412799675461,17.38056178631646,35.31079808879925,54.820006493405224,19,Buy,0.21969568846324705
GREAVESCOT.NS,1,0.6097820178851945,2025-09-01,364,0.32961260669730796,18.0,,-16.908212343626257,8.54046179734441,51.118819360992084,50.02432423707058,20,Buy,0.21956403577038897
MANORAMA.NS,1,0.6083155656224508,2025-09-01,364,0.8038528896672504,23.0,,17.843568016710815,28.660865557938838,48.46272921279593,76.3963963963964,21,Buy,0.21663113124490163
SHRENIK.NS,1,0.6062254413252796,2025-09-01,364,-1.021080743224047,,,-9.090909090909092,-18.918916741977938,32.325857419114314,33.33334989017844,22,Buy,0.21245088265055911
CGCL.NS,1,0.6047728085793803,2025-09-01,364,2.1078758949880667,11.0,,16.838771476762584,29.78820015152084,49.74003483594909,66.4735432891116,23,Buy,0.20954561715876063
ARSHIYA.NS,1,0.6031755524095774,2024-03-01,913,-5.488439306358382,-5.0,,-16.49484757802371,-28.947367320320488,35.60064312968456,19.99998807906678,24,Buy,0.20635110481915486
AIAENG.NS,1,0.60311713364992,2025-09-01,364,0.19621415454160193,19.0,,-7.264212589849706,-5.834601023670297,24.60022679990589,17.15752839944213,25,Buy,0.20623426729984007
BGRENERGY.NS,1,0.5993416135706141,2025-09-01,364,-3.6658566221142164,-21.0,,-15.104341512226387,-24.462128790480314,49.1254292030539,47.40739877735016,26,Buy,0.1986832271412282
ORIENTBELL.NS,1,0.5988263104427772,2025-09-01,364,0.6178343949044586,2.0,,18.10962092530702,13.73799905182213,39.01380343752328,74.30268004732105,27,Buy,0.19765262088555446
CCL.NS,1,0.5979608912128235,2025-09-01,364,1.0822134387351778,10.0,,-4.335606849579429,4.913589498919897,18.3825607874212,50.14948603626165,28,Buy,0.19592178242564695
FLFL.NS,1,0.5942741265418496,2022-09-01,1460,-2.920568122041031,-59.0,,-9.448819415007154,-17.857143161248192,34.31385037259044,34.99997913836687,29,Buy,0.18854825308369927
TVVISION.NS,1,0.593929896103768,2025-09-01,364,-1.56,-151.0,,-25.260961331592164,-32.45283405905547,51.74849202497733,32.820513384817076,30,Buy,0.187859792207536
DYNPRO.NS,1,0.5913016105915275,2025-09-01,364,0.7801724137931034,10.0,,-9.150536074355312,-11.225483699737865,43.422919832282005,20.7533656641847,31,Buy,0.18260322118305505
RANEHOLDIN.NS,1,0.5906873871690905,2025-09-01,364,0.11688311688311688,13.0,,-8.04416352934543,8.36013936717442,34.718493654472326,23.37233871473481,32,Buy,0.18137477433818106
SICALLOG.NS,1,0.5903107947099312,2025-09-01,364,15.40625,-6.0,,-10.583411140297638,61.94307130816499,60.35773453455797,52.464589953520495,33,Buy,0.1806215894198624
NESTLEIND.NS,1,0.5897643375565904,2025-09-01,364,1.6829535495179666,96.0,,-0.867777941030561,8.062789861709069,22.554998829548417,50.938047373578385,34,Buy,0.17952867511318082
GLENMARK.NS,1,0.589431155924539,2025-09-01,364,0.18568027068799867,10.0,,11.127071021760408,14.188950085950172,25.931050698845247,71.97716469028063,35,Buy,0.17886231184907797
ELGIEQUIP.NS,1,0.5889242697826667,2025-09-01,364,0.20610687022900764,28.0,,10.48931715909805,7.199957881962119,33.98240111459231,62.91853129978056,36,Buy,0.1778485395653333
ADANIENT.NS,1,0.5880759088138426,2025-09-01,364,0.8869040010226256,13.0,,-4.9975046467436455,-2.229338660476601,35.68191768437597,39.24630555525615,37,Buy,0.17615181762768528
STOVEKRAFT.NS,1,0.58618071467893,2025-09-01,364,1.3137651821862348,11.0,,9.09557882481609,37.089352727821634,44.53033622974048,59.926026701518104,38,Buy,0.17236142935785992
ZYDUSWELL.NS,1,0.5855128948848827,2025-09-01,364,0.05839780384327427,1.0,,-6.969966821030256,5.986717314759172,38.00028628409897,54.831262895557835,39,Buy,0.17102578976976535
ALIVUS.NS,1,0.5840782420671938,2025-09-01,364,0.20623342175066314,25.0,,23.227161754256418,28.885068980331834,42.5975768344976,43.77240720834809,40,Buy,0.16815648413438766
HUHTAMAKI.NS,1,0.5804519897898329,2025-09-01,364,0.6040650406504066,7.0,,-11.949894259622651,57.13346347065362,56.99129817658349,34.472930881205414,41,Buy,0.16090397957966585
JAYSREETEA.NS,1,0.5800143181354891,2025-09-01,364,1.2926829268292683,4.0,,17.484141033585626,11.809101073616656,44.90555182151803,60.02656203962745,42,Buy,0.1600286362709782
PVRINOX.NS,1,0.5795492739929454,2025-09-01,364,1.249473536431279,2.0,,7.905791427145452,23.716882466269393,31.178349523585425,70.93086384148542,43,Buy,0.15909854798589085
EMCURE.NS,1,0.5794083904814692,2025-09-01,364,1.0,14.0,,-5.346662316369062,9.090380554766412,24.435156315911524,22.675313317020056,44,Buy,0.1588167809629384
TIPSMUSIC.NS,1,0.5792711926011254,2025-09-01,364,0.43410852713178294,109.0,,-3.622485240510315,-2.42479360339329,52.167374821049016,31.47469482432807,45,Buy,0.15854238520225072
CARYSIL.NS,1,0.5786314019353809,2025-09-01,364,0.5954022988505747,13.0,,-6.408742739434399,-0.06286045548944769,31.92616183382905,19.44569456542871,46,Buy,0.15726280387076175
WOCKPHARMA.NS,1,0.5783531270783108,2025-09-01,364,1.0589050589050588,4.0,,-3.8781447105998548,-9.171124939874232,35.80589907275738,47.603945855674766,47,Buy,0.15670625415662154
FLUOROCHEM.NS,1,0.5759167453616604,2025-09-01,364,0.3868741741300837,11.0,,7.4814557553521635,28.839664163715295,34.227566069430296,66.39080722510454,48,Buy,0.15183349072332075
VARDHACRLC.NS,1,0.5758609337220434,2025-09-01,364,0.47391304347826085,7.0,,-0.6620453637962479,4.527097063702222,31.06141353085709,55.670213193314275,49,Buy,0.15172186744408678
NITCO.NS,1,0.575109999716619,2025-09-01,364,1.65625,-45.0,,-12.64869963137119,-1.9302989824820052,40.81766527423832,43.1072172073743,50,Buy,0.15021999943323805
SANDUMA.NS,1,0.5730777089396728,2025-09-01,364,0.45311942959001783,22.0,,-4.676598086939012,-10.56761229271383,26.16344781938028,47.78891596962998,51,Buy,0.1461554178793456
ESSARSHPNG.NS,1,0.5721036082233979,2025-09-01,364,-1.0266552020636286,122.0,,-16.275587204824003,-28.486141099547,48.51364869583657,23.662868969397394,52,Buy,0.1442072164467958
TAKE.NS,1,0.5712503231309497,2025-09-01,364,0.2571801566579636,17.96,,-21.536219596009275,-47.28935680181869,45.67848941644929,9.177596409183735,53,Buy,0.1425006462618994
KPEL.NS,1,0.5702581412155096,2025-09-01,364,2.4010695187165774,42.0,,-18.467074033177827,-30.233532243138946,43.916630281396586,30.014225615571505,54,Buy,0.1405162824310191
GODREJCP.NS,1,0.5685701291006191,2025-09-01,364,0.6111938446264582,19.0,,-15.33262802508607,-8.131823243348938,38.13551509066545,23.5116687188071,55,Buy,0.1371402582012382
CHEMPLASTS.NS,1,0.5685246549953015,2025-09-01,364,0.5665537270087125,-1.0,,-9.434343069097553,-14.842444043698519,44.18282826476163,54.41838796881972,56,Buy,0.13704930999060294
EXPLEOSOL.NS,1,0.56841525806521,2025-09-01,364,0.27732463295269166,20.0,,9.93598127540035,10.185131572137022,60.32432099190365,58.68393121920258,57,Buy,0.13683051613041997
GULPOLY.NS,1,0.5680326914302064,2025-09-01,364,1.0171875,6.0,,0.1025216961063867,6.124087034375768,40.84569528158209,42.775912867540654,58,Buy,0.1360653828604128
SILINV.NS,1,0.5662733609667334,2025-09-01,364,0.08923076923076922,2.0,,14.604766323210693,15.576230129300617,29.493330293586677,74.82659389927281,59,Buy,0.13254672193346684
ITDC.NS,1,0.5659559491229007,2025-09-01,364,0.8539603960396039,27.0,,-8.634222769518727,19.529507354189672,30.61502313258589,37.86213083680582,60,Buy,0.1319118982458014
RAJTV.NS,1,0.5638828298616461,2025-09-01,364,0.39516324062877856,-12.7,,-12.720844692616943,-32.6975483034732,36.47432251020927,44.30894860509627,61,Buy,0.12776565972329212
VAIBHAVGBL.NS,1,0.5620089496519153,2025-09-01,364,0.34652114597544337,21.0,,-15.418339425519328,-4.423972713291291,34.855802736437255,28.850149674238423,62,Buy,0.12401789930383056
MANOMAY.NS,1,0.5615110796012731,2025-09-01,364,3.107594936708861,13.0,,8.14186992912025,27.976663230975674,20.858946000919996,60.551916552377286,63,Buy,0.12302215920254622
SUYOG.NS,1,0.5612001174706961,2025-09-01,364,0.6935483870967742,14.0,,-13.412722882025124,-3.2329296311890117,31.107092212822096,20.162166572166782,64,Buy,0.12240023494139218
ASHAPURMIN.NS,1,0.5605996787742091,2025-09-01,364,0.8589420654911839,25.0,,-19.65696078364086,-21.875430836397058,48.760715291386305,25.36598760463785,65,Buy,0.12119935754841826
KANPRPLA.NS,1,0.5600166571920436,2025-09-01,364,0.9601769911504425,12.0,,29.91220128060606,46.64679577814011,63.91143745351127,70.79914993813802,66,Buy,0.12003331438408726
MARALOVER.NS,1,0.5598570944913286,2025-09-01,364,5.035398230088496,2.0,,-7.781212364562102,-1.8197560193707285,41.418662776201984,67.11618593865623,67,Buy,0.11971418898265718
COFORGE.NS,1,0.5590704912039376,2025-09-01,364,0.3058745215510068,14.0,,15.626094864771403,40.36821547528958,41.373716825141514,69.11934768574396,68,Buy,0.11814098240787518
SMSPHARMA.NS,1,0.5587443627069775,2025-09-01,364,0.7171052631578947,12.0,,-5.098093264294286,-2.308015972612246,34.1247604562549,33.763670008140025,69,Buy,0.11748872541395494
GOLDIAM.NS,1,0.5581331337199578,2025-09-01,364,0.1891891891891892,28.0,,-7.199898171853356,6.792246689150137,31.488551133165664,21.94929439593821,70,Buy,0.11626626743991553
WEBELSOLAR.NS,1,0.5559431898166303,2025-09-01,364,0.8132992327365729,59.0,,-20.912194342901547,-28.745805592477012,35.58808701395078,24.943462213900972,71,Buy,0.11188637963326054
SFL.NS,1,0.5544360774303774,2025-09-01,364,0.5091169109760457,5.0,,-17.94409248787965,5.4403697512475615,36.46336959651917,33.98060344479286,72,Buy,0.10887215486075474
MORARJEE.NS,1,0.55427857894769,2024-03-01,913,-1.91875,-22.0,,-13.947587736022301,45.0142497554851,30.790822151541477,0.0,73,Buy,0.1085571578953799
JLHL.NS,1,0.5542169989225979,2025-09-01,364,0.202113606340819,18.0,,-9.326113287972557,14.635622434016998,26.334088232600166,35.993970020153554,74,Buy,0.1084339978451958
TARACHAND.NS,1,0.5536171651666576,2025-09-01,364,2.360294117647059,17.0,,-11.6688018209921,-19.664957337962043,51.68101319986349,37.127375336047734,75,Buy,0.1072343303333152
ADFFOODS.NS,1,0.5536055863089654,2025-09-01,364,0.15454545454545454,21.0,,4.842367089311502,0.6970385825613156,48.19775071352444,62.63732873312818,76,Buy,0.10721117261793078
ALOKINDS.NS,1,0.5532821106957618,2025-09-01,364,-1.3313796680497925,23.0,,-28.69127562419664,-30.66884305616986,44.68386513165953,5.107516544457894,77,Buy,0.10656422139152366
GPTHEALTH.NS,1,0.5529546126496991,2025-09-01,364,0.8228346456692913,27.0,,-8.624423418731645,1.1119020356363474,28.85863698173629,37.26503203416021,78,Buy,0.10590922529939828
SANSTAR.NS,1,0.5525748932350627,2025-09-01,364,0.15477996965098634,12.0,,-4.247414353617603,-6.5301872486894705,32.96340425607301,35.71858507116484,79,Buy,0.1051497864701254
PRINCEPIPE.NS,1,0.5523353578030636,2025-09-01,364,0.3978629792583281,4.0,,11.401517463452889,7.630377348038656,28.23420404512621,73.1658617586601,80,Buy,0.10467071560612728
AARTIIND.NS,1,0.5516314969118282,2025-09-01,364,1.0082124759741395,6.0,,7.217341621352545,13.065984953872922,28.658856389039666,58.62694470496062,81,Buy,0.10326299382365645
CROMPTON.NS,1,0.5507613147084796,2025-09-01,364,0.533480907581627,20.0,,-9.338976622035004,-12.438274699040837,35.4582862003672,36.61971830985915,82,Buy,0.10152262941695911
FLEXITUFF.NS,1,0.5494840641156062,2025-06-01,456,16.571428571428573,9.0,,-42.66666836208767,-61.54992683996251,34.93001145358829,1.05263052224457,83,Neutral,0.09896812823121248
REPRO.NS,1,0.5489359954859373,2025-09-01,364,0.5243553008595988,1.0,,-19.088279750769374,-11.189614359904471,39.4666298404895,19.446281803068416,84,Neutral,0.0978719909718746
SIEMENS.NS,1,0.545899400743624,2025-09-01,364,0.44237405106970323,23.0,,7.180851063829788,9.170891086843241,24.818809906106242,51.57545605306799,85,Neutral,0.09179880148724795
IL&FSENGG.NS,1,0.5455222741642263,2025-09-01,364,-1.5140801001251565,,,-0.3377397579723203,27.419930481640176,50.23165093745082,49.501660006784505,86,Neutral,0.09104454832845255
VTL.NS,1,0.5450352064942569,2025-09-01,364,0.2830553295362083,11.0,,-1.5190859257800666,-6.973937126963927,26.837591759923708,37.259360726093746,87,Neutral,0.0900704129885137
ICEMAKE.NS,1,0.5445922989070803,2025-09-01,364,2.384,21.0,,-8.772040462344957,-3.640019294270093,39.36359532059785,28.314983905374632,88,Neutral,0.08918459781416055
KCPSUGIND.NS,1,0.5444334100327033,2025-09-01,364,0.28534031413612565,1.0,,0.8477191434262078,34.28093156118957,90.91023704633531,60.93438438446979,89,Neutral,0.08886682006540658
CMSINFO.NS,1,0.5436596631523162,2025-09-01,364,0.32748538011695905,22.0,,-7.622300027705377,-20.03938585789457,34.832940600057924,32.36677622059514,90,Neutral,0.08731932630463235
PNCINFRA.NS,1,0.5430263444161734,2025-09-01,364,0.4463397299218195,18.0,,-18.532739121641896,-7.1442179794602945,41.50264754580111,31.442548971766385,91,Neutral,0.08605268883234674
LAXMICOT.NS,1,0.5425067134289523,2025-09-01,364,0.8125,0.0,,-2.683102875870954,-2.0437936997767774,50.138548677124895,37.18820964655452,92,Neutral,0.08501342685790458
THERMAX.NS,1,0.542195515266728,2025-09-01,364,0.8084687346134909,17.0,,-7.228038311845819,-20.310915541554735,27.095017803924648,40.75025384276971,93,Neutral,0.08439103053345609
GOLDTECH.NS,1,0.5420189533006196,2025-09-01,364,0.059233449477351915,3.0,,-9.102282733473533,18.595429554842816,38.438628412513886,42.81730096000578,94,Neutral,0.08403790660123911
BSE.NS,1,0.54154929322247,2025-09-01,364,0.4256572982774252,47.0,,-9.988479953076148,-17.0306731200077,30.634993647664672,28.705166034317486,95,Neutral,0.08309858644494006
ISHANCH.NS,1,0.5412844006178,2025-09-01,364,0.7006768792304953,4.04,,-16.46878990383632,-27.92465531733308,38.842452890867555,22.782742298440283,96,Neutral,0.08256880123560006
OPTIEMUS.NS,1,0.5409607994135425,2025-09-01,364,0.01238390092879257,7.0,,-9.958440769817305,38.683580776343604,42.71642221111822,60.50802399106006,97,Neutral,0.08192159882708494
VINEETLAB.NS,1,0.5408979809399896,2025-09-01,364,5.5,-28.0,,-0.46320201324915217,11.149428601088001,39.524655834965486,63.324538612670835,98,Neutral,0.08179596187997928
GODAVARIB.NS,1,0.5404967126990425,2025-09-01,364,1.0308988764044944,6.0,,-10.40104423196014,-13.072726162997158,54.99043324892907,49.360144178402734,99,Neutral,0.08099342539808507
CARTRADE.NS,1,0.5403483438033132,2025-09-01,364,0.025339366515837104,4.0,,7.984387662822002,67.94429513405292,50.38388274658983,69.40091460784895,100,Neutral,0.0806966876066264
TVSMOTOR.NS,1,0.5394022017704418,2025-09-01,364,1.3540787984775229,35.0,,0.6538152695916748,30.884257363928896,28.45475548296822,44.7410646480978,101,Neutral,0.0788044035408837
ASTRON.NS,1,0.5391505893163843,2025-09-01,364,1.3444444444444446,-19.0,,-18.701293714976465,-20.75949173022534,39.078338260125356,23.232337827882574,102,Neutral,0.07830117863276853
INDGN.NS,1,0.5390651691917381,2025-09-01,364,0.14322120285423037,17.0,,12.976875483639136,12.159694876041618,28.57187211401328,58.18619118763624,103,Neutral,0.07813033838347616
TRIGYN.NS,1,0.5380905250010694,2025-09-01,364,0.46938775510204084,5.0,,17.301224946382074,7.289171235229933,42.29334131545667,74.69477659571089,104,Neutral,0.0761810500021387
ORCHPHARMA.NS,1,0.5375791661911774,2025-09-01,364,0.23139880952380953,-2.0,,-1.5863325297805848,16.018408644185854,46.20596107953743,35.190534775002064,105,Neutral,0.07515833238235481
VASCONEQ.NS,1,0.5367915076063314,2025-09-01,364,0.9468864468864469,8.0,,-1.9620279485723287,-4.116378132234097,34.34929399709098,28.015072848266087,106,Neutral,0.07358301521266286
RML.NS,1,0.5364968160948386,2025-09-01,364,2.43509272467903,14.0,,-2.314901393881223,24.455734394501143,43.887953751808325,62.58382371887541,107,Neutral,0.07299363218967714
SASKEN.NS,1,0.5363283342650859,2025-09-01,364,0.16290726817042606,7.0,,8.827567372426115,-18.128115344312118,44.509990399208306,49.83846076407591,108,Neutral,0.07265666853017172
VBL.NS,1,0.5355270592076835,2025-09-01,364,0.17719346803210628,24.0,,-9.461898426623197,-24.841752920684872,33.330541989235705,29.0784066699228,109,Neutral,0.07105411841536702
LEXUS.NS,1,0.5355019744155602,2025-09-01,364,6.4290142591444495,-1.77,,-13.24900575328459,-27.811632777148336,36.9095708271315,32.188842255714064,110,Neutral,0.07100394883112049
INDIANHUME.NS,1,0.5327132312841028,2025-09-01,364,0.9628836545324768,12.0,,-0.025864762729674078,27.73678203796645,42.69309074968435,48.682626457992065,111,Neutral,0.0654264625682055
CGPOWER.NS,1,0.5325332228368455,2025-09-01,364,0.3924149615534993,36.0,,6.092190653067671,1.0312662366032666,36.92624639174317,60.13317462550159,112,Neutral,0.06506644567369091
WABAG.NS,1,0.5311302632546829,2025-09-01,364,1.368088467614534,23.0,,0.10115314836087325,27.35276079594975,42.20563315882275,52.25756253666134,113,Neutral,0.062260526509365866
MTEDUCARE.NS,1,0.530138087413783,2025-09-01,364,2.2037037037037037,-6.0,,-11.340207325840764,9.554138289604913,46.34580441557098,29.82456580643597,114,Neutral,0.060276174827565976
GLOBALVECT.NS,1,0.5299137672917875,2025-09-01,364,188.8,7.0,,-13.10147703662173,-12.622755587457895,33.642104870604825,28.45688931563231,115,Neutral,0.05982753458357504
PEARLPOLY.NS,1,0.5289718597645054,2025-09-01,364,0.1778230500582072,-14.49,,-11.860469913018253,-18.450781479408946,31.187531471071228,32.8530242733389,116,Neutral,0.057943719529010895
RKEC.NS,1,0.5289137494783774,2025-09-01,364,1.7655502392344498,14.0,,-14.406453711405042,-28.72680574691583,47.755234924212274,28.13688240502961,117,Neutral,0.057827498956754875
AWFIS.NS,1,0.5284548376035203,2025-09-01,364,4.442424242424242,13.0,,-6.903995607926933,-16.899372800319725,33.41371103049215,44.44444930586243,118,Neutral,0.0569096752070406
BFUTILITIE.NS,1,0.527945194351323,2025-09-01,364,0.2645711303137505,2.73,,-9.07876177811546,-14.837690193036726,23.785476941048707,23.809558409914814,119,Neutral,0.055890388702646066
ESABINDIA.NS,1,0.5279023479715822,2025-09-01,364,0.53125,70.0,,10.25228126677402,1.1892676212570832,23.94954210796968,68.29375549692172,120,Neutral,0.055804695943164395
BEML.NS,1,0.5258879803644816,2025-09-01,364,1.1271613832853027,16.0,,10.609000718794958,10.32076741175208,33.50401051239385,54.89570098296286,121,Neutral,0.05177596072896318
INDNIPPON.NS,1,0.5255495078376341,2025-09-01,364,0.3086734693877551,15.0,,-8.530070832546684,18.521822163441065,27.680853955518277,33.20829870743793,122,Neutral,0.0510990156752682
NETWORK18.NS,1,0.5249364786893662,2025-09-01,364,0.7601641907740422,-1.0,,-7.538204289273991,-8.593492093371083,38.914055258031915,39.060715275125645,123,Neutral,0.04987295737873243
PREMEXPLN.NS,1,0.5248859566695337,2025-09-01,364,0.8152173913043478,17.0,,1.1446012972148036,1.6721676493528503,19.651800881328622,60.64162470294268,124,Neutral,0.0497719133390675
PRAXIS.NS,1,0.524533642940237,2025-09-01,364,5.117647058823529,-10.0,,-22.981366551606257,-24.734447294372483,57.8345636817716,15.151516793516166,125,Neutral,0.04906728588047393
AVANTIFEED.NS,1,0.5230918165043875,2025-09-01,364,0.2651072124756335,29.0,,-7.286415230847264,-28.81698211990858,26.68254953036189,34.17494686255151,126,Neutral,0.04618363300877504
MOIL.NS,1,0.5227784994911835,2025-09-01,364,0.22279792746113988,19.0,,-11.830630202945976,-16.18467506597691,35.5286693769463,26.43332241849491,127,Neutral,0.04555699898236698
GEOJITFSL.NS,1,0.522500506106285,2025-09-01,364,0.16297786720321933,-3.0,,10.949090985583439,18.249000177631228,30.065851453788213,69.84226920605258,128,Neutral,0.04500101221256991
PSPPROJECT.NS,1,0.522441806262871,2025-09-01,364,1.1625816993464053,9.0,,-6.529279484807052,5.500501304579799,41.027351419974394,30.229320792074162,129,Neutral,0.04488361252574191
PNC.NS,1,0.5220480456291596,2025-09-01,364,0.24350168350168347,-1.69,,-17.000486853783134,-14.964964162273942,39.768526336659754,25.396834407352074,130,Neutral,0.04409609125831926
BLS.NS,1,0.5216248307878485,2025-09-01,364,1.88,19.0,,0.11727697562172776,-11.190784246783862,42.91919753095775,35.55054026062358,131,Neutral,0.043249661575696985
ALEMBICLTD.NS,1,0.5209721423216438,2025-09-01,364,0.0757396449704142,18.0,,11.263690940176348,17.900695959470443,34.58190301490103,68.55111315588142,132,Neutral,0.04194428464328759
VASWANI.NS,1,0.5205698064683589,2025-09-01,364,2.3092105263157894,11.0,,-6.29424313509582,-11.412554293373052,33.47614256670303,37.57786135787832,133,Neutral,0.04113961293671786
VISHNU.NS,1,0.5202450310367999,2025-09-01,364,0.6048780487804878,15.0,,5.567565041649991,4.11889357869286,27.173722094963782,82.41567931005464,134,Neutral,0.04049006207359973
VARDMNPOLY.NS,1,0.519813773452765,2025-09-01,364,-2.3,,,0.8431735612523883,-13.583815706023556,36.16235490004044,13.999993324276602,135,Neutral,0.03962754690553005
AFFORDABLE.NS,1,0.5195572120520257,2025-09-01,364,0.9821428571428571,8.0,,-8.970268721046324,-11.094979354597708,43.58853819518265,28.188214568968277,136,Neutral,0.039114424104051304
MEGASTAR.NS,1,0.5191645300827296,2025-09-01,364,2.6597938144329896,9.0,,-8.608301819239633,0.8740732471286653,29.73645906742815,40.57857037189037,137,Neutral,0.03832906016545912
RSWM.NS,1,0.5190197214641928,2025-09-01,364,1.5291445874337624,2.0,,-6.9060481380239915,14.31237158825335,38.65284380120622,40.271679928160886,138,Neutral,0.03803944292838568
PARSVNATH.NS,1,0.5179025186687202,2025-06-01,456,380.2,-4.0,,-20.765026574876817,-62.43523090438532,17.442497152614866,24.242434094430365,139,Neutral,0.03580503733744034
DYCL.NS,1,0.5177476980457782,2025-09-01,364,0.48048780487804876,26.0,,26.76459478502859,53.691138821648586,69.72245325867289,66.49682041725356,140,Neutral,0.0354953960915565
ELECON.NS,1,0.5176229418031835,2025-09-01,364,0.34371754932502596,29.0,,-1.718167736353752,-18.26988214948468,32.20656933240819,37.70656294660814,141,Neutral,0.035245883606366935
ASHOKLEY.NS,1,0.5173160371758851,2025-09-01,364,1.0268019776216497,36.0,,5.692626748590459,20.433354223840915,29.932051413927823,51.480799593842924,142,Neutral,0.03463207435177029
ZOTA.NS,1,0.5165484726217483,2025-09-01,364,0.1337719298245614,6.0,,-17.626826498331205,-14.0176183240929,38.38605397569221,17.15021936857896,143,Neutral,0.0330969452434966
ABDL.NS,1,0.5160799751638335,2025-09-01,364,1.398505603985056,21.0,,-0.17755860951372074,9.009885149702827,35.50038601102014,49.54398568874125,144,Neutral,0.03215995032766705
NGLFINE.NS,1,0.5160133827890007,2025-09-01,364,0.6122448979591837,8.0,,-14.173969724422713,6.049866145667012,60.01856157929913,23.110425927731555,145,Neutral,0.032026765578001326
DCM.NS,1,0.515220401550962,2025-09-01,364,8.150943396226415,35.08,,-10.476188416641078,-16.09818449434001,34.321433703784244,40.96312803650864,146,Neutral,0.030440803101924097
SILVERTUC.NS,1,0.5138876384776275,2025-09-01,364,0.8811188811188811,23.0,,-13.778923800250547,1.9877516823208845,34.938119811078636,21.406470560570867,147,Neutral,0.027775276955255057
BHAGCHEM.NS,1,0.5128277487320376,2025-09-01,364,0.3089887640449438,7.0,,3.2701551814843244,15.809276313078618,39.10566648905412,42.74584639815147,148,Neutral,0.02565549746407525
DBL.NS,1,0.5124595450430448,2025-09-01,364,1.0053619302949062,10.0,,-3.2338547094745347,-3.256860070898868,43.340286746808374,16.85186315465856,149,Neutral,0.024919090086089613
NILKAMAL.NS,1,0.5115156789076856,2025-09-01,364,0.7341411261582323,9.0,,18.16470135137139,62.49728580865669,64.27344870706348,73.33514872070388,150,Neutral,0.023031357815371134
CENTENKA.NS,1,0.5107578374916939,2025-09-01,364,0.21736111111111112,6.0,,-7.994644597258921,10.351793480785245,24.204441450794263,18.46132519277728,151,Neutral,0.0215156749833878
RKFORGE.NS,1,0.510665734825504,2025-09-01,364,1.0228907782864618,7.0,,14.197949428791945,34.006116934510786,37.68185881597642,47.30059304637395,152,Neutral,0.021331469651008073
JINDRILL.NS,1,0.5105328551974557,2025-09-01,364,0.4918918918918919,14.0,,0.6815980240383794,-1.225905427983604,46.22411358315964,58.218993965880074,153,Neutral,0.021065710394911452
ORIENTCER.NS,1,0.5105180389582088,2025-09-01,364,0.3531468531468531,6.0,,17.23270056382665,14.552601092758847,38.280432249547744,63.01833880037063,154,Neutral,0.021036077916417595
DBSTOCKBRO.NS,1,0.5102364278845946,2025-09-01,364,0.8180274515353048,12.37,,-12.625968951712425,-13.523029010610319,35.890775565210035,26.18027613132365,155,Neutral,0.020472855769189113
MODTHREAD.NS,1,0.5099094336068394,2025-09-01,364,0.7279411764705882,3.0,,11.47916316986084,10.649292072339785,87.68938161279813,60.336467758581385,156,Neutral,0.01981886721367876
ZYDUSLIFE.NS,1,0.5097095492097916,2025-09-01,364,0.4711209684872008,31.0,,3.0617677054487253,7.964295656549574,30.49459719921967,44.355764403701734,157,Neutral,0.019419098419583225
BANDHANBNK.NS,1,0.5091983388600773,2025-09-01,364,6.933081116263933,,,-5.290754576944076,-20.567759474370582,54.79216641949384,32.11244654654618,158,Neutral,0.01839667772015452
GENUSPOWER.NS,1,0.5089603323724069,2025-09-01,364,1.8970117395944504,19.0,,7.195394666343436,6.973035161294187,37.437414576095954,64.16627687383428,159,Neutral,0.017920664744813797
THEMISMED.NS,1,0.5076249076567775,2025-09-01,364,0.6847457627118644,11.0,,20.433823223586433,16.05623397091558,60.314351285917986,66.79559905800606,160,Neutral,0.01524981531355496
LMW.NS,1,0.5068918557357,2025-09-01,364,0.4564994882292733,5.0,,16.371136559537003,19.563937432159044,37.212092600285644,63.35443037974684,161,Neutral,0.013783711471399895
GESHIP.NS,1,0.5049477809902503,2025-09-01,364,0.17012874180554458,15.0,,-2.561817422631714,-11.106256086031415,28.323078916077797,51.934414650084676,162,Neutral,0.009895561980500567
EMAMIPAP.NS,1,0.5047375611459166,2025-09-01,364,2.20446735395189,7.0,,12.435059678867352,33.56060432396744,71.67722808531704,63.84326388891328,163,Neutral,0.009475122291833227
ADVENZYMES.NS,1,0.5046244166194538,2025-09-01,364,0.11624441132637854,20.0,,-6.664550807117772,-22.322444743499055,34.949848879333224,43.94814999177696,164,Neutral,0.009248833238907572
DICIND.NS,1,0.504418953529879,2025-09-01,364,0.4665071770334928,6.0,,12.076160581098778,15.129738082428892,49.722337905339074,68.13670253517847,165,Neutral,0.008837907059757955
MINDACORP.NS,1,0.5042735173624158,2025-09-01,364,1.185700575815739,12.0,,-0.46818012318955454,11.707629550553033,29.210784021246617,40.5127197391964,166,Neutral,0.008547034724831537
SECMARK.NS,1,0.5036935199539289,2025-09-01,364,0.635880077369439,22.26,,22.004516734562458,17.36735937608927,60.6566520615637,77.78717845214794,167,Neutral,0.007387039907857718
ESSENTIA.NS,1,0.503489706701423,2025-09-01,364,0.4941860465116279,5.0,,2.857151615376773,-37.57225254287883,57.77792425871083,35.21127659185083,168,Neutral,0.006979413402846024
63MOONS.NS,1,0.5033033047945022,2025-09-01,364,0.06618156618156618,1.0,,-8.373157870549713,24.393173763459956,58.62147192352126,35.16118077190893,169,Neutral,0.006606609589004497
NIBL.NS,1,0.5031371285100371,2025-09-01,364,-5.21875,-19.0,,-14.61988310305812,1.590455723600538,44.5017456257355,33.23171476321565,170,Neutral,0.006274257020074225
GREENPLY.NS,1,0.5026581033068228,2025-09-01,364,0.540162980209546,17.0,,0.5430812478059421,11.753725852949842,33.15521550620648,53.34588935894087,171,Neutral,0.005316206613645624
GUJTHEM.NS,1,0.5025195196835343,2025-09-01,364,0.4226415094339623,27.0,,17.916499539487557,5.077159042765777,39.85843015695607,73.26886824528529,172,Neutral,0.00503903936706851
PONNIERODE.NS,1,0.5024612434667699,2025-09-01,364,0.09497206703910614,5.0,,29.998363934030063,31.382250829165454,52.32935313899236,69.61186358022931,173,Neutral,0.004922486933539805
MAYURUNIQ.NS,1,0.502196120847554,2025-09-01,364,0.11834319526627218,21.0,,0.631538457694967,2.8083216087365725,34.976004103673596,44.210221384001464,174,Neutral,0.004392241695108101
APEX.NS,1,0.5020991716714096,2025-09-01,364,0.23968565815324164,2.0,,2.8598425139799164,-13.587944367258983,54.579619098777755,48.238895142214005,175,Neutral,0.004198343342819211
SWELECTES.NS,1,0.502051535499465,2025-09-01,364,0.569811320754717,4.0,,-0.9759360444390994,-10.577962058913844,39.49501340233771,18.06042187017856,176,Neutral,0.004103070998930036
TERASOFT.NS,1,0.5020471533253247,2025-09-01,364,1.164179104477612,11.0,,-21.641889920229513,-30.760292125805076,49.469563485793714,13.585138805466059,177,Neutral,0.00409430665064936
ANGELONE.NS,1,0.5002778327385895,2025-09-01,364,2.140113188132396,26.0,,-3.7086819459059943,-14.02919306328907,26.392347759625256,45.379877954783865,178,Neutral,0.0005556654771790015
SAREGAMA.NS,0,0.4999974082603546,2025-09-01,364,0.32248342374924654,18.0,,-5.485238834277736,7.692303588276261,39.90804821589353,32.98310869213654,179,Neutral,5.183479290793436e-06
HARDWYN.NS,0,0.4996886742695995,2025-09-01,364,0.16209476309226933,4.0,,-19.017858488523252,-50.08647996622674,46.03321955983808,15.67399909116999,180,Neutral,0.0006226514608009825
NUVAMA.NS,0,0.49934262342252517,2025-09-01,364,0.3812405446293495,31.0,,-2.783017622978832,12.547333487151905,34.914177835860706,58.462646558047226,181,Neutral,0.001314753154949666
LLOYDSENGG.NS,0,0.49808251240364537,2025-09-01,364,0.3613518197573657,23.0,,-2.2358067856067634,22.236262119121044,45.38848794139411,35.62232026776576,182,Neutral,0.0038349751927092557
PRESTIGE.NS,0,0.4969031015190062,2025-09-01,364,1.4328282400744943,4.0,,1.1666787539505188,21.511275562034122,32.54458767546003,60.45912515935344,183,Neutral,0.00619379696198763
ORIENTTECH.NS,0,0.49677299399903474,2025-09-01,364,0.6750700280112045,27.0,,-9.447360224940992,-9.080778810860608,33.17595363284821,30.452694191654587,184,Neutral,0.00645401200193052
DBEIL.NS,0,0.49598478805131674,2025-09-01,364,1.0350467289719627,25.0,,-12.244899415579289,-21.99782600547247,25.865479637572342,20.32520293685164,185,Neutral,0.008030423897366523
RAJMET.NS,0,0.4945481283658263,2025-09-01,364,1.0727272727272728,8.0,,-2.492209431630911,-18.701293714976465,41.07639621642728,40.206190381501855,186,Neutral,0.010903743268347421
RAMCOSYS.NS,0,0.49423747214187186,2025-09-01,364,0.2289308176100629,-1.0,,-4.467749153123993,25.452779466028087,63.343861446326464,26.546861210285627,187,Neutral,0.011525055716256283
TRU.NS,0,0.49421909991794905,2025-09-01,364,3.165137614678899,,,-11.777305819046939,-30.639733234497996,39.7134071620989,37.87878295278482,188,Neutral,0.01156180016410191
PPAP.NS,0,0.4938840879509302,2025-09-01,364,0.9877300613496932,7.0,,-7.992330585845028,25.532633467299664,44.71205998536202,20.194159108704284,189,Neutral,0.01223182409813961
COASTCORP.NS,0,0.49334058033033884,2025-09-01,364,1.0666666666666667,6.0,,-17.322365541071143,-15.125868635021408,30.517012805740464,31.031915174996854,190,Neutral,0.01331883933932232
BBOX.NS,0,0.49229844760773395,2025-09-01,364,0.3978494623655914,4.0,,-0.9049488236005062,-29.12400624891512,43.2104225478588,51.010440196394995,191,Neutral,0.015403104784532107
SHREECEM.NS,0,0.491260207064056,2025-09-01,364,0.3323148485954031,7.0,,-10.9575897140664,-6.113810131810887,23.32666753441256,24.333333333333343,192,Neutral,0.017479585871888026
RPPINFRA.NS,0,0.4911332575535925,2025-09-01,364,0.7481751824817519,20.0,,-11.826367725198828,-12.128626663489204,32.52783591925618,22.527467920905806,193,Neutral,0.01773348489281501
JISLDVREQS.NS,0,0.49030647933597754,2015-06-01,4109,,,,-2.257023453624279,-6.106199313371382,43.36908677745859,54.565217842001054,194,Neutral,0.01938704132804492
INDOAMIN.NS,0,0.490264384932231,2025-09-01,364,1.3025210084033614,19.0,,-5.382503550107913,-10.561451679728625,32.963163358951114,31.773152354842125,195,Neutral,0.019471230135537976
HBLENGINE.NS,0,0.4902157940338276,2025-09-01,364,0.3452868852459016,27.0,,-8.536250950197708,-16.394279734697932,33.09100389000984,37.433672804453465,196,Neutral,0.01956841193234482
STYRENIX.NS,0,0.4898298885621256,2025-09-01,364,0.4567627494456763,39.0,,-16.92695667638656,-9.787324619703279,34.76937721553413,7.312849916028696,197,Neutral,0.02034022287574877
NAHARSPING.NS,0,0.4897578400343469,2025-09-01,364,0.61628664495114,4.0,,3.8343812408584608,4.872725053267046,43.49543472236176,31.299964965777548,198,Neutral,0.020484319931306172
HIKAL.NS,0,0.48939449887525716,2025-09-01,364,0.9673366834170855,10.0,,-8.99190913922254,7.144381444734131,35.14867332239136,30.418356126540814,199,Neutral,0.02121100224948569
RKSWAMY.NS,0,0.48939295445104564,2025-09-01,364,0.48,7.0,,-8.369957755552678,-4.974572540414597,33.3374861909334,23.337586961600692,200,Neutral,0.021214091097908727
LATENTVIEW.NS,0,0.4892310861613852,2025-09-01,364,0.04143426294820717,10.0,,-14.674263954070371,-14.090113587003525,33.56750941417657,25.223411812338938,201,Neutral,0.02153782767722956
SBIN.NS,0,0.48909248129342503,2025-09-01,364,12.487786140188666,,,3.173055753481184,9.227676507449472,18.248339016074812,47.01788830186115,202,Neutral,0.02181503741314994
KIRLOSIND.NS,0,0.48873289084796856,2025-09-01,364,0.11231178033658104,2.0,,-0.8339384157125134,18.8987064016394,25.18877336104864,46.55665483024432,203,Neutral,0.02253421830406288
KPITTECH.NS,0,0.48835243217932917,2025-09-01,364,0.29764344262295084,34.0,,-1.4138312178425758,-23.805011409803328,42.35237789223687,35.59390405315004,204,Neutral,0.02329513564134167
LGBBROSLTD.NS,0,0.48759567147541877,2025-09-01,364,0.3411644535240041,20.0,,9.603566599049465,16.168677002422708,22.541508451721832,88.46014703347537,205,Neutral,0.024808657049162464
BANARISUG.NS,0,0.4875569147668335,2025-09-01,364,0.1964873765093304,9.0,,12.39884022210925,9.173982273833243,56.09246955617691,65.42436268017276,206,Neutral,0.024886170466333013
ONMOBILE.NS,0,0.4873711550772453,2025-09-01,364,0.1702127659574468,3.0,,-16.68283154380908,0.9203078588440997,39.195578763644505,0.0,207,Neutral,0.025257689845509357
KIRLPNU.NS,0,0.4869100633050375,2025-09-01,364,0.4421052631578947,28.0,,-0.9720750799247991,-7.936101125466115,34.45213787024643,40.99909793205594,208,Neutral,0.026179873389925
ERIS.NS,0,0.4868648621061507,2025-09-01,364,0.9621075424034644,7.0,,-4.244482326160857,-7.15052796219289,22.725197916678873,22.20896657974788,209,Neutral,0.026270275787698583
UYFINCORP.NS,0,0.48671352684495894,2025-09-01,364,0.0436046511627907,5.0,,0.3537124385340306,33.82749599829521,52.98886495252779,40.39735371206619,210,Neutral,0.026572946310082113
INOXWIND.NS,0,0.48665796845414994,2025-09-01,364,0.29245128541018506,12.0,,-9.943686592984198,-15.227079947431536,35.02427863590591,35.36674826108589,211,Neutral,0.026684063091700128
EXICOM.NS,0,0.4862919057315023,2025-09-01,364,0.7921225382932167,7.0,,6.622217571924603,5.140240040277394,57.321907828245344,62.54477702835644,212,Neutral,0.027416188536995345
LXCHEM.NS,0,0.48610331833393816,2025-09-01,364,0.6474226804123712,9.0,,-6.673010246762701,1.399890856313498,45.409086514701116,37.67042347919643,213,Neutral,0.027793363332123677
TVSHLTD.NS,0,0.4860647876999739,2025-09-01,364,0.6367521367521367,21.0,,-10.255554814172282,-0.7306812310871651,19.5915924832466,9.523809523809518,214,Neutral,0.02787042460005218
RAINBOW.NS,0,0.48556946003301454,2025-09-01,364,0.5643939393939394,18.0,,-5.116396685974799,7.812130574763641,20.302578499036045,27.553934817738494,215,Neutral,0.028861079933970912
SURAJLTD.NS,0,0.4852147135076492,2025-09-01,364,0.5303030303030303,12.0,,-6.27818609072953,-8.810878455328183,33.41455355105975,40.09341956913977,216,Neutral,0.02957057298470156
EPL.NS,0,0.4849183437320025,2025-09-01,364,0.7142857142857143,20.0,,17.822138169221084,24.234376849117243,36.39728614436693,68.48101021330112,217,Neutral,0.030163312535995024
ACI.NS,0,0.4847742448988537,2025-09-01,364,0.19493278179937953,16.0,,-13.702783809935745,-9.252508437129844,38.831078678672256,33.08786427839469,218,Neutral,0.030451510202292642
AMBIKCO.NS,0,0.48462249414764,2025-09-01,364,0.21047008547008547,11.0,,-3.618072610504941,-3.4931625595331877,46.10739668938078,46.5290176835518,219,Neutral,0.030755011704719948
MOBIKWIK.NS,0,0.4846110376115175,2025-09-01,364,1.6206261510128914,-13.0,,-7.5532378991694555,-2.387444941564375,33.256378886597,12.603911571012034,220,Neutral,0.03077792477696495
GVKPIL.NS,0,0.4841954204297209,2025-09-01,364,-2.364130434782609,0.0,,-9.787235251375371,-28.61953316037149,18.38118859401502,21.951206747364594,221,Neutral,0.031609159140558174
RPGLIFE.NS,0,0.4839420222655073,2025-09-01,364,0.2743682310469314,33.0,,-8.656995484176338,16.8732861590296,34.71562193662743,40.91238956435652,222,Neutral,0.03211595546898538
SOMANYCERA.NS,0,0.483878024204878,2025-09-01,364,0.8024096385542169,13.0,,14.451689558856367,8.063170564429514,31.98199869254241,69.30649426240224,223,Neutral,0.03224395159024396
INGERRAND.NS,0,0.48278499647565465,2025-09-01,364,0.5138461538461538,60.0,,13.617130079342704,30.933899933209002,36.57721234065051,73.67025153543213,224,Neutral,0.0344300070486907
MCLOUD.NS,0,0.482715751087483,2025-09-01,364,1.558139534883721,10.0,,-9.013319271006036,4.142240952019635,44.875179990992926,38.585856990076586,225,Neutral,0.03456849782503402
BBTCL.NS,0,0.48235165396953655,2025-09-01,364,2.130081300813008,3.0,,3.999469212649713,12.652412775443281,44.94774126717602,59.08453616198926,226,Neutral,0.03529669206092689
INDOCO.NS,0,0.48165596062550986,2025-09-01,364,1.1137614678899082,3.0,,10.866094240208747,17.311866620097554,43.46230518558155,70.07037459094369,227,Neutral,0.03668807874898028
UNITECH.NS,0,0.4811582575819238,2025-09-01,364,-4.568215573944409,-19.0,,-10.981314111894736,-21.280995399506768,21.226618387560578,31.34331226238244,228,Neutral,0.03768348483615236
IKS.NS,0,0.48091656292105206,2025-09-01,364,0.2028397565922921,35.0,,-1.1389804338204685,5.4963508269602475,33.79808033943153,55.34104664671962,229,Neutral,0.03816687415789588
GODIGIT.NS,0,0.48075191061716455,2025-09-01,364,4.037348877374784,11.0,,2.9025335335758897,-15.64308485417504,41.12389555120842,42.31259611872306,230,Neutral,0.03849617876567091
GNFC.NS,0,0.48054237196592064,2025-09-01,364,0.2601549659544494,10.0,,10.055972152079624,14.4534336551569,29.137309249982412,64.59603040904719,231,Neutral,0.03891525606815871
SPENCERS.NS,0,0.4804537959636709,2025-09-01,364,-4.659217877094972,-7.0,,-8.3410032805694,-14.109195273151515,25.821794718825146,28.04123646471328,232,Neutral,0.039092408072658236
AURIONPRO.NS,0,0.48030137989090693,2025-09-01,364,0.29329608938547486,12.0,,-3.649244000162893,-14.530745896917455,41.49939188564248,42.32349574803467,233,Neutral,0.039397240218186136
GILLANDERS.NS,0,0.4802205521589419,2025-09-01,364,0.7864768683274022,4.0,,19.972932728304926,16.160728463039426,36.88148468546989,72.72147740915597,234,Neutral,0.039558895682116235
BANSWRAS.NS,0,0.4800732990407369,2025-09-01,364,1.25,7.0,,-7.67772617524165,-5.151813982906927,32.43637911801856,37.331019569586005,235,Neutral,0.039853401918526155
WEL.NS,0,0.4770531823039594,2025-09-01,364,2.03,18.0,,-24.868258133010944,-3.179904123088776,112.19885790316243,31.757308247913826,236,Neutral,0.045893635392081245
EIHOTEL.NS,0,0.47630266293497614,2025-09-01,364,0.1853146853146853,22.0,,-13.669728503679282,-2.314485397342944,28.91500156059253,27.84529857636437,237,Neutral,0.04739467413004772
DLF.NS,0,0.4759977943355205,2025-09-01,364,0.522885743872972,8.0,,4.81571372483781,20.32088721189742,24.875812736323212,74.2451191757328,238,Neutral,0.04800441132895905
FIEMIND.NS,0,0.47563892276117686,2025-09-01,364,0.45209302325581396,28.0,,-12.357426575231365,-11.742804154004363,43.64140698654585,13.783201996890668,239,Neutral,0.04872215447764627
MFML.NS,0,0.4747421535708083,2025-09-01,364,0.7263392304837313,-6.18,,0.053928376696192507,-23.599675813586686,41.873802636035194,46.9933145119016,240,Neutral,0.05051569285838342
GOODLUCK.NS,0,0.4742708850135103,2025-09-01,364,0.9792626728110599,16.0,,-8.191106842069033,3.6915730396413937,48.952652665964976,55.599210740134694,241,Neutral,0.05145822997297944
YUKEN.NS,0,0.474141920268176,2025-09-01,364,0.5284090909090909,7.0,,40.240604745627415,46.60484399867734,48.17255456216757,77.48170562534933,242,Neutral,0.05171615946364805
PARAGMILK.NS,0,0.47370414876435113,2025-09-01,364,0.734412955465587,14.0,,18.71587936507032,4.2833122498486125,49.54746846377531,68.56840191752872,243,Neutral,0.05259170247129774
GENSOL.NS,0,0.4735493968394474,2024-12-01,638,2.419254658385093,18.0,,-0.6880781855428009,-16.69072182729679,43.98090905661062,50.85537068732813,244,Neutral,0.052901206321105176
TTKHLTCARE.NS,0,0.47289199351255057,2025-09-01,364,0.19447004608294932,9.0,,13.31234700432603,23.936371431117248,39.44206958199391,62.91208169322283,245,Neutral,0.054216012974898864
NBCC.NS,0,0.4724888202579665,2025-09-01,364,2.679095596985323,32.0,,-8.443131313908923,-15.105717685184871,18.44105075209986,24.50347126870075,246,Neutral,0.055022359484066974
ASTERDM.NS,0,0.47211634073373004,2025-09-01,364,0.38038331454340474,139.0,,-8.04597974210448,3.4907597535934287,25.303370803810633,15.371122149874722,247,Neutral,0.05576731853253991
AXISCADES.NS,0,0.4719777189054712,2025-09-01,364,0.7424242424242424,10.0,,7.5764371530012875,-0.6775243420583452,39.75520743102669,65.73216870952504,248,Neutral,0.05604456218905762
PPLPHARMA.NS,0,0.47183246677612023,2025-09-01,364,0.40178225493994574,12.0,,11.163070007528558,31.00886357214545,32.32091656390074,55.22356664647044,249,Neutral,0.05633506644775954
POLYCAB.NS,0,0.4718164971940558,2025-09-01,364,0.5897875583500047,30.0,,2.158273381294964,-4.200587925013413,19.593431697492434,41.59928122192272,250,Neutral,0.056367005611888454
SUPRAJIT.NS,0,0.47173759291298634,2025-09-01,364,0.4630969609261939,20.0,,1.1612749326682463,10.016330974414807,18.392092092485637,27.859733719514736,251,Neutral,0.05652481417402733
MAZDA.NS,0,0.47173076342614356,2025-09-01,364,0.22127659574468084,15.0,,15.576909542251268,5.599120103344684,24.904568757279318,64.0572384355761,252,Neutral,0.056538473147712875
SHALPAINTS.NS,0,0.4716735508391693,2025-09-01,364,1.474074074074074,-13.0,,16.93932146268796,56.2599318964337,109.65777989071852,40.771692631965266,253,Neutral,0.05665289832166143
NACLIND.NS,0,0.47123248630213244,2025-09-01,364,1.846938775510204,-8.0,,-8.98340233517644,9.061454030678535,43.17067679271244,43.46035999425477,254,Neutral,0.05753502739573513
THEJO.NS,0,0.4712186053898309,2025-09-01,364,0.4097222222222222,27.0,,8.674939697588888,32.86220939110066,44.074543277646114,35.92852092867503,255,Neutral,0.057562789220338195
ATAM.NS,0,0.4710720015323844,2025-09-01,364,0.5217853347502657,20.27,,-14.156162665358279,-20.55477091088889,61.33365113307585,34.779721727958346,256,Neutral,0.057855996935231246
WINDMACHIN.NS,0,0.47103126709397797,2025-09-01,364,0.360056258790436,2.0,,8.246683579540202,7.323145039976618,41.04068281636317,48.677247944964066,257,Neutral,0.057937465812044064
PIONEEREMB.NS,0,0.470157456902038,2025-09-01,364,0.9493670886075949,6.0,,-14.591439255549234,-10.808613496308688,43.08446799376316,36.05016030106226,258,Neutral,0.05968508619592405
PRECAM.NS,0,0.4697658606331668,2025-09-01,364,0.1997677119628339,8.0,,-10.7901975237898,-15.35698172558556,19.448274180898455,5.802810024207744,259,Neutral,0.06046827873366645
IMFA.NS,0,0.4677683201969113,2025-09-01,364,0.36257545271629776,21.0,,-9.043214290198536,-11.792679296245783,33.57783833533534,23.30728742397426,260,Neutral,0.06446335960617744
WAAREEENER.NS,0,0.4677394416741937,2025-09-01,364,0.897125567322239,34.0,,-2.8057589934286438,-15.545469281893338,21.891691176029017,28.440775720352775,261,Neutral,0.06452111665161264
COMPINFO.NS,0,0.46749538060495105,2023-03-01,1279,-3.3159722222222223,14.0,,-6.086950842960002,-17.557245031338393,37.98098616440147,46.42857446962504,262,Neutral,0.0650092387900979
ACMESOLAR.NS,0,0.4674602863346369,2025-09-01,364,1.1507145950627977,8.0,,9.148876873632863,17.61016048006908,30.274472076048653,65.03233283084589,263,Neutral,0.06507942733072625
MAXIND.NS,0,0.4671693925984909,2025-09-01,364,0.010742018150638829,-0.43,,-11.65932810779185,-7.684755961927954,45.908859870639134,25.676316169703824,264,Neutral,0.06566121480301823
ANUP.NS,0,0.4662263193254283,2025-09-01,364,0.49508196721311476,24.0,,-16.92485011548368,-6.696653587872888,36.768632725019025,21.873583395546234,265,Neutral,0.06754736134914341
ISGEC.NS,0,0.4660227577547822,2025-09-01,364,1.560392156862745,17.0,,-6.753725311939629,-12.27417009458566,34.92169416661338,46.06884909456323,266,Neutral,0.06795448449043562
HIMATSEIDE.NS,0,0.4659579654760148,2025-09-01,364,1.571123451516446,8.0,,-9.996220450300846,-7.83249964180206,25.243664374001806,26.542816524120155,267,Neutral,0.06808406904797037
HCG.NS,0,0.46562569720455377,2025-09-01,364,1.1537162162162162,7.0,,3.9796852695144334,10.235092358126241,28.311752791277918,43.274232987488745,268,Neutral,0.06874860559089246
DIGJAMLMTD.NS,0,0.4655869140464146,2025-09-01,364,16.567099567099568,5.04,,8.454871874635392,14.327094813159311,42.099294658990644,65.1376366955194,269,Neutral,0.06882617190717077
LUPIN.NS,0,0.4655335441943382,2025-09-01,364,0.1997134880987364,22.0,,-10.313066091506352,-2.780471196090873,20.504469742222334,21.708510624574018,270,Neutral,0.06893291161132364
ARIES.NS,0,0.4652393816126886,2025-09-01,364,1.0299003322259137,19.0,,43.156962834225226,45.85153006990231,59.202276258940536,78.99002052516101,271,Neutral,0.06952123677462285
BECTORFOOD.NS,0,0.46517080411526873,2025-09-01,364,0.36846767050487156,16.0,,9.905064556441591,32.73472226548794,43.67435973171796,39.95311218278154,272,Neutral,0.06965839176946254
BOROSCI.NS,0,0.46506518684494585,2025-09-01,364,0.1697674418604651,12.0,,-19.92793288135926,-17.845116895399073,27.268502312875835,19.84454461920373,273,Neutral,0.06986962631010829
FDC.NS,0,0.4648011718990193,2025-09-01,364,0.18096019696347967,16.0,,-15.940608727734976,-12.79439847231063,25.646902628418488,31.11106805271639,274,Neutral,0.07039765620196137
GALLANTT.NS,0,0.46454830911921813,2025-09-01,364,0.3216242346116661,19.0,,-1.2812847549011124,-13.300828869326706,45.06512486405255,39.37945199493073,275,Neutral,0.07090338176156374
ABSLAMC.NS,0,0.4634791770192682,2025-09-01,364,0.10938383267382702,36.0,,3.953356544548697,4.34114259982958,30.818207315763146,60.456042144891555,276,Neutral,0.07304164596146356
AKSHOPTFBR.NS,0,0.4634289903479869,2025-09-01,364,1.75,-8.0,,34.64419198070649,13.406938236201956,58.416504561444484,59.14787153120326,277,Neutral,0.0731420193040262
TIPSFILMS.NS,0,0.46321548727567863,2025-09-01,364,5.416666666666667,-27.0,,-13.684482744763512,-11.137698844891048,87.11147110732827,23.538293426658115,278,Neutral,0.07356902544864274
MUFTI.NS,0,0.4626761507824201,2025-09-01,364,0.8677884615384616,19.0,,-3.456497054114111,-12.488477325504803,33.567399520277135,21.370970344716298,279,Neutral,0.07464769843515984
KUANTUM.NS,0,0.4625521027232673,2025-09-01,364,0.7908713692946058,11.0,,-4.566128265798247,-3.063321573598361,35.857353229955955,8.927898093815756,280,Neutral,0.0748957945534654
ABFRL.NS,0,0.462437018727675,2025-09-01,364,0.79457934755948,0.0,,-13.512621144656114,-13.941199725422454,28.158912131922236,10.328050077754,281,Neutral,0.07512596254464998
BCONCEPTS.NS,0,0.46232752955745055,2025-09-01,364,3.2467532467532467,11.0,,-12.50200590407161,-18.42420595137064,33.98432053530324,41.11514983831642,282,Neutral,0.07534494088509891
DHRUV.NS,0,0.4618294581614303,2025-09-01,364,0.4152046783625731,11.32,,-5.87758718465833,-18.181818181818183,41.08045960811971,44.53212558994469,283,Neutral,0.07634108367713943
PCJEWELLER.NS,0,0.4617570567734912,2025-09-01,364,0.23294902069731907,7.0,,18.68249999433563,20.636665041616737,42.59438751073118,66.34613650556203,284,Neutral,0.07648588645301757
VHLTD.NS,0,0.46134685596624686,2025-09-01,364,0.2682926829268293,10.0,,-13.673304480461743,-17.186386175027096,38.45531057262096,42.13148312895357,285,Neutral,0.07730628806750628
IGPL.NS,0,0.4613020398497492,2025-09-01,364,0.6844961240310078,11.0,,13.724240383475228,22.948240291698326,42.33381486845099,66.91576217940226,286,Neutral,0.07739592030050158
AURUM.NS,0,0.46081989402372703,2025-09-01,364,0.13023740037205822,1.22,,7.453181375072873,29.354280682928866,31.02409824974218,51.772011870547274,287,Neutral,0.07836021195254594
JMA.NS,0,0.46064254006789074,2025-09-01,364,0.2557077625570776,13.0,,12.072193001433854,11.817491012801431,23.000909666066,79.34147667180741,288,Neutral,0.07871491986421852
BALRAMCHIN.NS,0,0.4598322044805391,2025-09-01,364,0.3435466377440347,10.0,,18.304330528582977,30.861399004756702,74.5121615113368,58.91210355909889,289,Neutral,0.08033559103892185
ADOR.NS,0,0.4585753406079533,2025-09-01,364,0.4541832669322709,20.0,,10.498583268499113,50.04403727462742,44.964267233202285,60.76809161236835,290,Neutral,0.0828493187840934
LLOYDSENT.NS,0,0.4583035810389967,2025-09-01,364,0.18019573978123202,1.0,,-9.517259501606649,7.242068484542051,36.13102203283033,26.8639483372081,291,Neutral,0.08339283792200658
UNIDT.NS,0,0.4578239921581512,2025-09-01,364,0.4275092936802974,8.0,,-2.7038959670133265,-11.17486372305317,28.029672974051273,32.13583944276557,292,Neutral,0.08435201568369755
DENORA.NS,0,0.4576795481870227,2025-09-01,364,0.3779527559055118,1.0,,-3.728180470702912,17.086245892361028,27.759654662541934,33.72699149789949,293,Neutral,0.08464090362595456
PARADEEP.NS,0,0.45703658745332176,2025-09-01,364,1.8139173656415035,14.0,,8.626886104062393,26.74427618662707,50.31736151070216,59.59476468293085,294,Neutral,0.08592682509335647
SHIVATEX.NS,0,0.4558408806550793,2025-09-01,364,1.1619718309859155,9.0,,7.668621435951674,20.336806279866778,26.41769789412433,79.57563276166096,295,Neutral,0.08831823868984146
JYOTISTRUC.NS,0,0.45570159653656717,2025-09-01,364,4.473684210526316,2.0,,-7.314814332417835,-21.551723751348113,37.24862975769484,12.5,296,Neutral,0.08859680692686567
ASPINWALL.NS,0,0.45529192213053754,2025-09-01,364,0.702247191011236,9.0,,9.442612397360834,10.176316585245084,33.96139127793295,82.40942899701176,297,Neutral,0.08941615573892492
RBZJEWEL.NS,0,0.4549443647173508,2025-09-01,364,0.7638376383763837,20.0,,3.321552613598719,16.549740196739116,44.98672485026902,44.007889382351856,298,Neutral,0.09011127056529844
BYKE.NS,0,0.45436023509135887,2025-09-01,364,0.4824561403508772,5.0,,-10.872721730512056,-14.941891836547713,28.259430252920676,32.33908741369403,299,Neutral,0.09127952981728227
GEECEE.NS,0,0.4539548971355183,2025-09-01,364,0.6856780735107731,8.0,,7.417618489620479,14.039138874774752,25.85065561863716,48.217644401464156,300,Neutral,0.09209020572896343
OMINFRAL.NS,0,0.4538912490486239,2025-09-01,364,0.4012820512820513,6.0,,-5.681172456126648,-4.6410118022916755,25.911647923488427,35.47559403593365,301,Neutral,0.09221750190275224
TEXINFRA.NS,0,0.45385266688697856,2025-09-01,364,0.20761986896829923,0.08,,-2.9022087011138424,16.02791872223449,16.092324801814325,48.630663028353545,302,Neutral,0.09229466622604288
TITAN.NS,0,0.4529517553977404,2025-09-01,364,1.8993382682817408,17.0,,4.660315431758111,25.199140954714416,16.99781913163288,46.39637967747567,303,Neutral,0.09409648920451918
THYROCARE.NS,0,0.4522111059331407,2025-09-01,364,0.2616279069767442,26.0,,-1.200445764570963,13.477580627955765,44.24752524250521,41.15717764451425,304,Neutral,0.09557778813371864
RELINFRA.NS,0,0.4515304141189396,2025-09-01,364,0.25344239385095974,-1.0,,0.9327074451275121,-14.212911951126944,45.869800631449756,12.942625852367996,305,Neutral,0.09693917176212075
INDIASHLTR.NS,0,0.45148558283448487,2025-09-01,364,1.9447305183659458,,,-9.655222214047997,-14.778548845399609,39.07405256917659,52.84202164821177,306,Neutral,0.09702883433103027
LINDEINDIA.NS,0,0.4514633522201688,2025-09-01,364,0.35003796507213364,17.0,,-1.8377303795464615,-6.123486571376801,22.52343161272698,17.65755053507729,307,Neutral,0.09707329555966238
OBEROIRLTY.NS,0,0.4510880264368561,2025-09-01,364,0.4315609370887076,15.0,,3.0643725109016575,11.782545681574032,27.39919098989006,62.099310467588445,308,Neutral,0.09782394712628784
EUREKAFORB.NS,0,0.45050340563827335,2025-09-01,364,0.5043381535038932,5.0,,-5.06047906130352,-4.923315002662742,31.664730245719223,39.318064459905386,309,Neutral,0.09899318872345331
SIMPLEXINF.NS,0,0.4501874701751845,2025-09-01,364,3.4591947769314473,0.0,,18.98413746540202,16.658961923950248,43.048648257176794,62.2273376858571,310,Neutral,0.09962505964963098
ALBERTDAVD.NS,0,0.44988486764299523,2025-09-01,364,0.35279187817258884,6.0,,30.213013675731638,26.517729860786055,45.73137514735273,73.3811054752414,311,Sell,0.10023026471400953
SHRIRAMPPS.NS,0,0.44981023557807487,2025-09-01,364,0.589058524173028,-1.0,,-9.451728439754293,-14.226034230027668,30.554985249332855,19.60136230642432,312,Sell,0.10037952884385026
ROSSELLIND.NS,0,0.4496429567211513,2025-09-01,364,0.4955357142857143,10.0,,3.8526693860974133,9.937043575417894,44.756768428454535,59.322070138891014,313,Sell,0.10071408655769742
IRCON.NS,0,0.44933168553610286,2025-09-01,364,1.2299473521213997,15.0,,-5.254381482207475,-11.78687829909841,22.86731072396159,26.3101144491483,314,Sell,0.10133662892779427
AGSTRA.NS,0,0.4486992409083649,2024-12-01,638,2.3508771929824563,0.0,,-4.285710393165878,-18.292684581528878,31.617929346997787,51.61290198533494,315,Sell,0.10260151818327023
STYLEBAAZA.NS,0,0.44855936575005706,2025-09-01,364,2.8205689277899344,9.0,,47.69713158372628,21.8944803599413,57.21805621162967,62.986301869231234,316,Sell,0.10288126849988588
PATINTLOG.NS,0,0.4483027821345875,2025-09-01,364,0.3902439024390244,6.0,,-6.446988653803312,-4.111596700790982,24.058656049825167,18.285706812017622,317,Sell,0.10339443573082496
MOL.NS,0,0.44826993090113454,2025-09-01,364,0.8275058275058275,6.0,,18.671116108323524,31.132077169231664,56.7769486630212,66.15896630955699,318,Sell,0.10346013819773092
ANDHRSUGAR.NS,0,0.4482129481158709,2025-09-01,364,0.23439767779390422,5.0,,19.11531845003414,25.715012323277314,50.587212421622,46.03558776853321,319,Sell,0.10357410376825815
VOLTAS.NS,0,0.4480395719420648,2025-09-01,364,0.545726017170586,13.0,,-10.121152647228193,-2.983628770870315,23.557322378729825,30.14842641950635,320,Sell,0.10392085611587043
MANAPPURAM.NS,0,0.4476377649769724,2025-09-01,364,2.543859649122807,,,-5.008122631799173,11.593868481958019,31.19853837470688,37.67068738719567,321,Sell,0.10472447004605523
ROUTE.NS,0,0.44730171965598986,2025-09-01,364,0.16021671826625386,16.0,,-7.04186259421061,-4.170882781290394,35.842264193705184,36.47761259106153,322,Sell,0.10539656068802028
ORIENTPPR.NS,0,0.44726858403587433,2025-09-01,364,0.42443729903536975,-3.0,,-8.219924659213298,-4.745763369381862,36.63173393485721,39.00000254313151,323,Sell,0.10546283192825134
AKI.NS,0,0.4470612205057114,2025-09-01,364,0.5394706292082657,4.54,,-0.7211474536436321,-13.598327758096328,35.41328582905785,31.481465129011184,324,Sell,0.1058775589885772
MODIRUBBER.NS,0,0.44613418401415067,2025-09-01,364,0.1518324607329843,1.0,,9.304441145261814,3.2702736483323567,51.69859637618761,60.62992241043949,325,Sell,0.10773163197169866
JKCEMENT.NS,0,0.44568285896700555,2025-09-01,364,1.703139571028909,15.0,,-7.15825399676666,2.352512078172882,21.25100463093651,31.153184165232346,326,Sell,0.10863428206598891
TATAPOWER.NS,0,0.44553327805348125,2025-09-01,364,1.8517340120903596,15.0,,-8.852117448502892,-15.203346853223099,15.471623067961405,8.43823603569254,327,Sell,0.1089334438930375
CHOLAHLDNG.NS,0,0.44498884382395065,2025-09-01,364,0.0014738393515106854,6.0,,-0.22726870119610232,1.3159921836429667,25.919208358379336,27.342879740659782,328,Sell,0.1100223123520987
VINCOFE.NS,0,0.44448862841627323,2025-09-01,364,0.0944558521560575,3.0,,20.18503445438237,20.977500157919287,40.77837864559039,84.38055566038602,329,Sell,0.11102274316745353
KRIDHANINF.NS,0,0.44429944425547924,2025-09-01,364,-1.1254107729675669,,,-12.068964631322139,-33.980581924985486,24.502964988673696,13.88887969063856,330,Sell,0.11140111148904153
SHYAMCENT.NS,0,0.44329375533315885,2025-09-01,364,0.04995871180842279,-5.67,,-3.3268115822342987,-1.3972089513656578,34.90080604676888,40.84507515211755,331,Sell,0.11341248933368231
HESTERBIO.NS,0,0.44292177354753637,2025-09-01,364,0.5603448275862069,11.0,,-7.0978898317132,14.731278693933625,33.454846147246414,26.433686695036542,332,Sell,0.11415645290492726
KECL.NS,0,0.4427413021964544,2025-09-01,364,2.962025316455696,13.0,,-5.47209061145345,17.554148386761817,57.214261895041865,24.347087953783983,333,Sell,0.11451739560709118
GABRIEL.NS,0,0.44200670833922384,2025-09-01,364,0.6283400809716599,26.0,,-1.5495988960711595,27.233281365128427,47.03874845294457,32.58024313319832,334,Sell,0.11598658332155232
HTMEDIA.NS,0,0.4419377449491432,2025-09-01,364,1.8961937716262975,3.0,,9.172441651112278,20.90293971942944,45.662423296401236,43.037983087978546,335,Sell,0.11612451010171365
CAMLINFINE.NS,0,0.4418799919131899,2025-09-01,364,0.8781065088757396,4.0,,-19.657116823448316,-12.349474367344705,58.526153516489224,27.82624621988316,336,Sell,0.11624001617362023
HATSUN.NS,0,0.44170859718448213,2025-09-01,364,1.3894566971490048,13.0,,33.71042750840756,27.43675352880898,40.549283354628045,77.47814278782647,337,Sell,0.11658280563103574
CONCORDBIO.NS,0,0.441624217533524,2025-09-01,364,0.1073972602739726,28.0,,1.7806817207445806,21.07853503207498,39.2279211493494,52.65759563624841,338,Sell,0.11675156493295202
IVP.NS,0,0.4415495889783875,2025-09-01,364,1.2986111111111112,10.0,,27.588497972226133,10.784880793590503,32.3490853804173,68.44694858265945,339,Sell,0.11690082204322505
ICRA.NS,0,0.4415394846376501,2025-09-01,364,0.18385093167701863,24.0,,0.2630754021362292,-2.35055118941077,32.79992387253085,43.58113672286941,340,Sell,0.11692103072469984
ACE.NS,0,0.441341942684869,2025-09-01,364,0.6768018018018018,40.0,,7.888765443246193,30.086677858765842,41.057216504817156,54.74017585352912,341,Sell,0.11731611463026204
PTC.NS,0,0.441089447114151,2025-09-01,364,0.9221030042918454,12.0,,-3.066141124067786,-8.13266236460365,38.03189062144265,13.05267542502375,342,Sell,0.11782110577169802
SHREYANIND.NS,0,0.4410232065947235,2025-09-01,364,0.4601366742596811,16.0,,-8.978987605776002,-11.016423897995601,29.31393651537315,24.219031390850233,343,Sell,0.11795358681055301
BAJAJCON.NS,0,0.4410104514954872,2025-09-01,364,0.25697503671071953,19.0,,-11.271132899209753,-16.478615968500247,42.2774155944354,30.536924894007768,344,Sell,0.11797909700902565
HMVL.NS,0,0.4409951951887735,2025-09-01,364,0.4885844748858447,5.0,,-6.72065551807905,19.22301810604356,49.01013727427682,39.163179969744185,345,Sell,0.118009609622453
NELCO.NS,0,0.4408523945644121,2025-09-01,364,0.5887096774193549,3.0,,-6.3161544697516465,35.86577283919672,61.760105278826835,44.7721867119039,346,Sell,0.11829521087117578
ZEELEARN.NS,0,0.44081262720095654,2025-09-01,364,5.7727272727272725,28.0,,-2.224972827944897,12.838795850850241,32.45771058861126,53.801159969426635,347,Sell,0.11837474559808692
SHANTI.NS,0,0.440795618866415,2025-09-01,364,0.3601419278533412,-16.79,,-4.826548508866222,-3.072200907382259,39.555410018127944,39.48717208851477,348,Sell,0.11840876226717001
SHIVAMAUTO.NS,0,0.44031543439879384,2025-09-01,364,476.0,3.0,,-5.888885921902127,-2.137486674177793,36.1107228579006,44.165175659225035,349,Sell,0.11936913120241233
SAMHI.NS,0,0.4403012946439223,2025-09-01,364,0.08044058744993324,1.0,,-16.155216657246953,-7.974992254947158,33.1501197396473,11.969162661908655,350,Sell,0.11939741071215537
GUJALKALI.NS,0,0.43988845071150373,2025-09-01,364,0.4438466711499664,1.0,,5.768365778410139,6.31721464124069,36.64987621177189,57.970995845750785,351,Sell,0.12022309857699254
GREENPANEL.NS,0,0.43972609227320225,2025-09-01,364,0.5422382671480145,4.0,,-16.280282009191758,-14.849931792678786,29.93867698092543,18.06166971506393,352,Sell,0.1205478154535955
GANECOS.NS,0,0.43961980934724854,2025-09-01,364,0.17214397496087636,9.0,,-15.40727589543053,10.19459327491554,31.846405060210675,46.52140325842914,353,Sell,0.12076038130550293
PIIND.NS,0,0.4395050906510245,2025-09-01,364,0.16974303293521534,25.0,,-12.548637488658054,-11.351684413058925,31.103485621435485,19.03607149535482,354,Sell,0.120989818697951
BCLIND.NS,0,0.43943668529954444,2025-09-01,364,0.7360594795539034,10.0,,5.8789650451711815,13.53523172281439,33.86504740797015,46.503503032641916,355,Sell,0.12112662940091112
IPL.NS,0,0.43941655985480965,2025-09-01,364,0.3146417445482866,13.0,,-10.739077966768301,-12.548804149644607,18.035937454587035,33.976897761888736,356,Sell,0.1211668802903807
SARLAPOLY.NS,0,0.4391237037841568,2025-09-01,364,0.48333333333333334,12.0,,0.9403166729101275,2.749771238032463,21.984911644993264,47.98506914572899,357,Sell,0.12175259243168635
EIEL.NS,0,0.4390437391772352,2025-09-01,364,0.26394052044609667,33.0,,-10.515313844574193,7.3543073825489955,28.632359943021086,30.406797053170095,358,Sell,0.12191252164552957
CYBERMEDIA.NS,0,0.43899515841455256,2025-09-01,364,-1.6666666666666667,,,16.93649633346061,7.191781940413647,36.857129934110425,74.66410010752165,359,Sell,0.12200968317089489
BLUECOAST.NS,0,0.43874867983076293,2025-09-01,364,-1.2854821235102925,-34.45,,-5.05050505050505,-24.193548387096776,53.1288646889196,37.01922424446053,360,Sell,0.12250264033847413
VERANDA.NS,0,0.438447185084368,2025-09-01,364,0.2834017084179458,3.01,,3.741859994871857,2.7145848276090243,55.973109157680035,46.3532228605549,361,Sell,0.12310562983126405
TATACOMM.NS,0,0.4384250094718768,2025-09-01,364,1.002372713791399,6.0,,-4.453966407779686,-10.286940642420781,24.184747672008328,42.94728554188047,362,Sell,0.12314998105624642
VETO.NS,0,0.43839346116798694,2025-09-01,364,0.19029850746268656,11.0,,3.412076545756531,2.721202562666054,25.056836107355668,59.7925911769235,363,Sell,0.12321307766402612
SCHNEIDER.NS,0,0.4378021986550122,2025-09-01,364,2.1382978723404253,41.0,,-10.042063952844275,8.634045988408378,51.056622088357415,32.34898392557527,364,Sell,0.12439560268997563
NMDC.NS,0,0.43749793678194676,2025-09-01,364,0.30789946140035906,30.0,,3.7158936955489428,-8.16326935917138,20.072594543043415,59.14837066982333,365,Sell,0.12500412643610648
PIXTRANS.NS,0,0.4374538973136108,2025-09-01,364,0.2235494880546075,27.0,,9.032300688947062,15.128017787595056,54.08750088019102,31.421912721343418,366,Sell,0.12509220537277843
DCAL.NS,0,0.4374232697476888,2025-09-01,364,0.29672544080604535,1.0,,-5.682675988060101,-12.219990499852164,40.58306334161067,38.26131806553524,367,Sell,0.1251534605046224
AGIIL.NS,0,0.4373482250066039,2025-09-01,364,2.7537091988130564,22.0,,-8.683116172233346,-26.375614697410455,19.444734957466448,30.601809484436814,368,Sell,0.12530354998679216
GOCLCORP.NS,0,0.4371187265447318,2025-09-01,364,0.2228454869964304,9.0,,0.14185911159452255,-3.1312345746505823,38.410866984049505,24.075243229883725,369,Sell,0.12576254691053645
HITECH.NS,0,0.43699386940754387,2025-09-01,364,0.40589198036006546,11.0,,-6.733614264488977,-9.98746121043029,38.65906351838231,40.569780299447345,370,Sell,0.12601226118491227
RESPONIND.NS,0,0.43647781684982584,2025-09-01,364,0.2765072765072765,6.0,,-10.146169972763621,-18.87582625216998,42.91185188858261,23.346447368557136,371,Sell,0.12704436630034832
RVNL.NS,0,0.4361780604337501,2025-09-01,364,1.1411271541686074,15.0,,-6.5750575600355745,-11.867396374760803,21.32645965265191,23.478682373875785,372,Sell,0.12764387913249975
IXIGO.NS,0,0.43595592933295574,2025-09-01,364,0.42877906976744184,15.0,,-17.508345157183598,6.291979828192616,51.37871070477704,17.594934080563533,373,Sell,0.12808814133408852
REGENCERAM.NS,0,0.43574997465536724,2025-09-01,364,-2.660229330114665,-43.47,,4.728656808299358,-20.939150280330885,80.5504005424241,50.687531676089755,374,Sell,0.1285000506892655
DABUR.NS,0,0.43548588504814895,2025-09-01,364,0.5288540807914263,25.0,,-9.59781967859115,-7.636042472626377,17.145142267095576,6.344799253097435,375,Sell,0.1290282299037021
TOKYOPLAST.NS,0,0.4354099604383621,2025-09-01,364,1.0201987816607885,4.54,,0.4421278688482303,-10.332019490295506,31.982988838371902,42.22972465020132,376,Sell,0.12918007912327578
AMBUJACEM.NS,0,0.4346332893030179,2025-09-01,364,0.23304843304843303,9.0,,-7.18417802720315,-5.577791124147167,22.249080012989147,30.87866574662813,377,Sell,0.13073342139396416
ISFT.NS,0,0.4342422946925187,2025-09-01,364,0.13716529810781872,2.53,,18.0803064164072,10.095925262639755,42.66440105037868,75.13003577828624,378,Sell,0.13151541061496264
RHIM.NS,0,0.43386899791390543,2025-09-01,364,0.20792801556420235,8.0,,-5.428237703771552,7.166694514565957,33.98463547899627,15.736035301252699,379,Sell,0.13226200417218914
APLLTD.NS,0,0.4338085911325969,2025-09-01,364,0.49571836346336823,11.0,,4.748765723703289,17.105549161936516,20.623068016824888,48.28932496058754,380,Sell,0.1323828177348062
KRBL.NS,0,0.4338078506957016,2025-09-01,364,0.14142152384432669,12.0,,20.26487970937462,20.591177312666385,42.259817419534016,67.19893393586072,381,Sell,0.1323842986085968
DRCSYSTEMS.NS,0,0.43366811219482415,2025-09-01,364,0.37859128822984256,13.13,,-5.712162687222263,-14.410776352525284,35.02732264031638,42.458098177519126,382,Sell,0.1326637756103517
KOKUYOCMLN.NS,0,0.4334496445902523,2025-09-01,364,0.38509316770186336,4.0,,-4.205491961060736,-3.7266845752775426,35.560285911005465,40.74072146204966,383,Sell,0.13310071081949537
IGARASHI.NS,0,0.43328169165153496,2025-09-01,364,0.728448275862069,8.0,,-3.741267894256904,13.096066595639593,37.84183611691329,31.301591681234385,384,Sell,0.13343661669693008
PROTEAN.NS,0,0.43300173404032016,2025-09-01,364,0.2847424684159378,12.0,,-11.287338483924508,-8.282145691894252,36.613498207190545,37.4923301430327,385,Sell,0.13399653191935967
PYRAMID.NS,0,0.43290737259709494,2025-09-01,364,0.8625954198473282,14.0,,-11.589718554872494,-2.8909776394091766,65.04469883244131,26.504702948796748,386,Sell,0.13418525480581012
COUNCODOS.NS,0,0.4322832766433125,2025-09-01,364,0.6175314465408805,4.26,,12.317661955381643,38.59999656677246,41.98108987763842,73.88888947757698,387,Sell,0.13543344671337498
ASTEC.NS,0,0.4321094515631201,2025-09-01,364,1.1380145278450364,-13.0,,-14.44265917524164,-28.377079939567512,26.720045371709723,25.15951492329708,388,Sell,0.13578109687375983
LAL.NS,0,0.43180275772046095,2025-09-01,364,0.6970605878824234,17.01,,5.964914824615951,17.81534918338382,41.17042124960825,61.26763543023163,389,Sell,0.1363944845590781
BLUEJET.NS,0,0.4315695125482737,2025-09-01,364,0.2157643312101911,40.0,,-7.584830339321358,29.445312480269543,30.68526545337963,42.966444679308616,390,Sell,0.13686097490345261
CEREBRAINT.NS,0,0.43094379784005293,2025-09-01,364,0.636986301369863,-15.0,,-10.616444284192326,-19.93865329045797,31.430480096502635,36.48648343876911,391,Sell,0.13811240431989413
BANKINDIA.NS,0,0.4309305974456742,2025-09-01,364,12.165420332355817,,,2.6386368033151446,1.1935378722124383,20.901092263881008,46.05660353092268,392,Sell,0.13813880510865162
SYMPHONY.NS,0,0.43055639671641016,2025-09-01,364,0.36222509702457956,43.0,,-13.377182842400149,-13.913452880082106,21.39339849396409,22.239512174439668,393,Sell,0.13888720656717968
RSSOFTWARE.NS,0,0.4298230277881126,2025-09-01,364,0.1891891891891892,9.0,,1.4920564156978195,-4.458012471672233,42.127600806664645,54.81597972505208,394,Sell,0.1403539444237748
KEC.NS,0,0.4296369587311295,2025-09-01,364,2.9534029389017786,15.0,,-10.150075403411709,-15.399809077497178,26.321482422316716,28.92307692307692,395,Sell,0.140726082537741
INSECTICID.NS,0,0.4294708588163101,2025-09-01,364,0.6496655518394648,17.0,,-3.801337858394519,-17.99122910237924,32.517187874663016,30.100871301137033,396,Sell,0.14105828236737983
NATCAPSUQ.NS,0,0.4293678904047262,2025-09-01,364,0.6627906976744186,7.0,,42.12606419229734,29.173762575855182,89.07263797985397,66.41495574246153,397,Sell,0.14126421919054755
KOLTEPATIL.NS,0,0.4291010407759504,2025-09-01,364,4.144617912900575,8.0,,17.03877736520985,22.158631687926526,54.958681788973315,45.79073777332788,398,Sell,0.1417979184480992
LGHL.NS,0,0.4290844484424375,2025-09-01,364,1.5866666666666667,18.0,,-14.345680519386574,-25.986775152193964,33.55126668086034,29.945635372446702,399,Sell,0.14183110311512503
NATCOPHARM.NS,0,0.42866454935757564,2025-09-01,364,0.19622778382299602,32.0,,-8.07789146750962,-9.799279042503963,25.04954056400385,32.55975102118656,400,Sell,0.14267090128484872
TECHNOE.NS,0,0.42766020433791274,2025-09-01,364,0.5185469429521616,17.0,,0.17851678280032637,-6.212395120778033,39.79232828155268,35.654950633864814,401,Sell,0.14467959132417452
JTEKTINDIA.NS,0,0.4274457957344977,2025-09-01,364,0.5562390158172232,11.0,,-10.926080089170153,1.1997757109083547,23.64648431853084,10.149851652837398,402,Sell,0.1451084085310046
FOODSIN.NS,0,0.4274146627236425,2025-09-01,364,1.5781818181818181,12.0,,-2.345771097305361,-7.049933299804953,39.961479555850765,48.26037311266592,403,Sell,0.14517067455271504
RELCHEMQ.NS,0,0.42735789088804094,2025-09-01,364,2.4214285714285713,7.0,,-7.417514559208469,-4.772519816834056,25.286388357128303,19.274103092626007,404,Sell,0.14528421822391813
SAURASHCEM.NS,0,0.42701337431609226,2025-09-01,364,0.6547743966421826,2.0,,-0.7750548232535933,-4.960348581073579,55.53573923849683,30.26196676491152,405,Sell,0.14597325136781547
TNPL.NS,0,0.4266523875025386,2025-09-01,364,1.9560173997100048,6.0,,-6.503841431725725,-4.2218992519468985,37.332198150391385,23.465229199547167,406,Sell,0.14669522499492282
JISLJALEQS.NS,0,0.4264529785254926,2025-09-01,364,0.6709451575262544,4.0,,-5.544421569143966,-2.884615825478129,45.64851154206792,52.53165718303221,407,Sell,0.14709404294901485
TALBROAUTO.NS,0,0.4252219505744695,2025-09-01,364,0.5213946117274167,18.0,,0.5763734822465771,17.233824725611456,31.797167308147433,36.18157527071642,408,Sell,0.14955609885106103
MOLDTECH.NS,0,0.4249973213520803,2025-09-01,364,0.16535433070866143,11.0,,26.851428430656693,63.910477046573774,80.01734751830763,51.34147052511312,409,Sell,0.15000535729583941
PANACEABIO.NS,0,0.42477198374717434,2025-09-01,364,1.9143835616438356,-2.0,,-8.150434240975104,-10.724169590739999,45.029494567326644,42.719378606673665,410,Sell,0.15045603250565132
HSCL.NS,0,0.42463208417112297,2025-09-01,364,0.3330830830830831,23.0,,-12.182776158358845,9.49257131016089,41.79726079412573,26.500730843253407,411,Sell,0.15073583165775406
NTPC.NS,0,0.4243048171934463,2025-09-01,364,1.4855205857296898,12.0,,-5.7163444502564795,-10.741547221294548,15.270242546433604,31.855496213119636,412,Sell,0.15139036561310737
JTLIND.NS,0,0.42404410389947483,2025-09-01,364,0.2056,13.0,,23.00849404560511,34.55607353598501,44.08245985122505,72.78106375312589,413,Sell,0.15191179220105033
HARRMALAYA.NS,0,0.4239787394002853,2025-09-01,364,2.0424242424242425,11.0,,-6.095239548456101,1.6023497702258558,44.473654711449186,30.779374704924834,414,Sell,0.1520425211994294
JASH.NS,0,0.42394692309487814,2025-09-01,364,0.4975609756097561,22.0,,-7.729660280162927,12.207759614747381,26.605559836695843,30.141672978093894,415,Sell,0.15210615381024373
DEEPAKFERT.NS,0,0.4238181488437589,2025-09-01,364,0.30303030303030304,15.0,,-5.6319038155487275,2.8737883805009163,29.37382398030019,34.91171403583175,416,Sell,0.1523637023124822
IKIO.NS,0,0.4237268257720921,2025-09-01,364,0.04722792607802875,7.0,,7.278385659648889,38.45555867817923,55.10581227279705,59.972592339275586,417,Sell,0.15254634845581583
WONDERLA.NS,0,0.4236026441145388,2025-09-01,364,0.07722884724588303,8.0,,14.057377049180328,13.696699701734744,33.1064038337875,73.5874200864126,418,Sell,0.1527947117709224
POWERINDIA.NS,0,0.4233272141277519,2025-09-01,364,1.130045821514292,19.0,,4.951241576408314,-4.040742180443456,41.798814252666645,41.514207265839424,419,Sell,0.15334557174449615
AGI.NS,0,0.4230493471801078,2025-09-01,364,0.5173658096526839,20.0,,9.877325528958353,26.735915389605687,32.455109610091405,66.75547907385511,420,Sell,0.15390130563978444
SOUTHWEST.NS,0,0.4227096847395199,2025-09-01,364,0.7692307692307693,12.0,,-7.47510494258488,-21.109434883549525,43.54603443910966,34.02640298693355,421,Sell,0.15458063052096016
SHYAMTEL.NS,0,0.4216874936682368,2025-09-01,364,-1.410675717371182,,,-13.312500715255737,-20.65217248979056,58.25325498326905,43.88586539275122,422,Sell,0.15662501266352635
RELIABLE.NS,0,0.42137456736467094,2025-09-01,364,1.1555555555555554,18.0,,-0.2284624169955471,1.4592670441963151,30.038734486899436,37.224006482167354,423,Sell,0.15725086527065812
IPCALAB.NS,0,0.4211835636099299,2025-09-01,364,0.2909410017550965,18.0,,11.273087002788156,29.805076977849016,37.49031657941087,81.49558320168893,424,Sell,0.15763287278014015
EMAMILTD.NS,0,0.42118260514694994,2025-09-01,364,0.1333758774728781,34.0,,-8.554198929074861,-6.8458093410108765,28.552882255743267,23.910077042371213,425,Sell,0.15763478970610012
KITEX.NS,0,0.4211309404111007,2025-09-01,364,0.2797881729920565,19.0,,-12.74946618829771,-21.532105477540885,29.536109893065394,38.43525233299917,426,Sell,0.15773811917779856
NLCINDIA.NS,0,0.42103929267238827,2025-09-01,364,1.1008839779005526,9.0,,-10.238335221516747,-22.716764769802204,27.479033978280786,28.636918182930444,427,Sell,0.15792141465522347
STEELXIND.NS,0,0.4205712288911727,2025-09-01,364,0.8428761651131824,10.0,,-4.226621149872236,-12.273481735212727,27.609214229380825,50.0,428,Sell,0.15885754221765458
ECLERX.NS,0,0.41957973663762665,2025-09-01,364,0.5027322404371585,29.0,,2.3907125785509487,28.960204926495418,42.59278494557886,71.99973419695228,429,Sell,0.1608405267247467
ASTRAZEN.NS,0,0.4195024346183635,2025-09-01,364,1.0212765957446808,33.0,,-11.813612955264627,-18.045384510820753,19.867985209354117,1.765571358509078,430,Sell,0.160995130763273
INDORAMA.NS,0,0.41947861683617416,2025-09-01,364,4.334645669291339,11.0,,15.685207190683487,48.645497383253065,62.27163731957916,68.24597183161418,431,Sell,0.1610427663276517
BHARTIARTL.NS,0,0.4190858927980699,2025-09-01,364,1.8322163542952268,8.0,,-8.118660019570868,0.5812850762771491,21.038085939689903,35.20482183013169,432,Sell,0.1618282144038602
JSWENERGY.NS,0,0.41880444786537313,2025-09-01,364,0.7094957317609786,6.0,,-6.175065084722934,-10.001735316520044,18.71485200352533,13.713865049046419,433,Sell,0.16239110426925374
GLAXO.NS,0,0.4183570622799687,2025-09-01,364,1.13572267920094,63.0,,18.98724328505726,41.92250699221724,31.61532160137203,82.99817388631932,434,Sell,0.16328587544006257
TARSONS.NS,0,0.4179245066605159,2025-09-01,364,0.6244343891402715,9.0,,4.99288582192625,60.08962645668541,68.41397462450061,56.34517766497462,435,Sell,0.1641509866789682
MHRIL.NS,0,0.41780090430357775,2025-09-01,364,5.216741405082212,20.0,,-4.010809770040181,-1.0991611840814792,32.29953661433784,19.779772890793637,436,Sell,0.1643981913928445
SOMATEX.NS,0,0.41779706960773483,2025-09-01,364,0.020392937080328282,-1.74,,-21.79993402858483,-26.83182408006547,30.604656849518253,13.258723142351087,437,Sell,0.16440586078453034
KPIGREEN.NS,0,0.4169316344485602,2025-09-01,364,1.480257116620753,16.0,,-18.501670607755017,-26.584716658368546,30.882662903213053,24.727074163065197,438,Sell,0.16613673110287963
LTFOODS.NS,0,0.4168934007503242,2025-09-01,364,0.3889496717724289,15.0,,10.905501741779126,12.463163575130682,34.28315536646245,58.35971649005957,439,Sell,0.16621319849935157
GALAXYSURF.NS,0,0.41658654942361395,2025-09-01,364,0.6717506631299734,15.0,,18.516597510373444,31.497783492640117,64.63360053516855,60.21428322305485,440,Sell,0.1668269011527721
DENTA.NS,0,0.416568686394933,2025-09-01,364,0.059496567505720827,25.0,,-22.964010191535817,12.004925398203364,36.669164636039376,10.100354820285219,441,Sell,0.166862627210134
BSOFT.NS,0,0.41606636012477183,2025-09-01,364,0.34525939177101966,24.0,,-3.6871673682312207,-9.79665382000918,35.72326093925481,28.465523482037824,442,Sell,0.16786727975045634
AFIL.NS,0,0.41557519905311224,2025-09-01,364,0.9776119402985075,14.0,,2.062970462500977,-6.374505435801144,41.16711244274191,40.52862954927764,443,Sell,0.1688496018937755
BALAXI.NS,0,0.41542131070885185,2025-09-01,364,0.446272180336608,5.06,,-8.037532823166217,-11.364527546074132,26.663154818960304,30.96332382284774,444,Sell,0.1691573785822963
NAZARA.NS,0,0.4149494152687022,2025-09-01,364,0.03041144901610018,1.0,,9.941006550746682,37.148118567444804,36.807492018380934,63.26690135274479,445,Sell,0.17010116946259557
USHAMART.NS,0,0.4146887368624342,2025-09-01,364,0.25534591194968553,27.0,,1.3607224452557913,0.9536123612277869,23.137523804294176,46.0443044388208,446,Sell,0.17062252627513164
NEULANDLAB.NS,0,0.41457357055650734,2025-09-01,364,0.5707196029776674,19.0,,20.84678679304239,37.48822823238447,42.182099655617066,60.687270369569916,447,Sell,0.17085285888698531
DATAMATICS.NS,0,0.4145096343588338,2025-09-01,364,0.22120866590649943,8.0,,-3.614891924831667,-5.133270510444744,26.077122872619178,10.951404211418946,448,Sell,0.17098073128233238
TARC.NS,0,0.4140719120644355,2025-09-01,364,1.2835004557885141,0.0,,-11.995222473985342,-10.10293022282836,36.465344020488324,20.282199941804038,449,Sell,0.171856175871129
SANWARIA.NS,0,0.4134498868150973,2025-09-01,364,-1.6013107222484968,-1.13,,0.0,-16.666663562258016,48.94824615903166,50.0,450,Sell,0.17310022636980538
SUNDRMBRAK.NS,0,0.4134127622831793,2025-09-01,364,1.105263157894737,8.0,,0.0576938726963141,12.756353763917419,33.85927377447053,46.44569650464501,451,Sell,0.1731744754336414
SGIL.NS,0,0.41322205989463956,2025-09-01,364,2.5982142857142856,21.0,,1.928882885699541,2.669367653533986,40.07470143950862,47.0227611784747,452,Sell,0.17355588021072088
CENTUM.NS,0,0.4125239069547041,2025-09-01,364,1.2322357019064125,17.0,,0.0290545640598873,-4.227737854866237,39.30385039074725,29.957847258411135,453,Sell,0.17495218609059182
ACC.NS,0,0.41216933184301874,2025-09-01,364,0.3214431101160187,18.0,,-5.959925074333481,-4.960697211982758,20.04434164361121,30.499066609906123,454,Sell,0.17566133631396252
KAMDHENU.NS,0,0.4120681782772315,2025-09-01,364,0.17032967032967034,29.0,,6.194940430357418,53.003380299508606,33.97353668379237,55.32608402699312,455,Sell,0.17586364344553695
BAJEL.NS,0,0.41190614570079453,2025-09-01,364,2.643809523809524,13.0,,9.796375433522645,-2.5738217739771434,35.83237588206508,55.6779751741706,456,Sell,0.17618770859841093
KHANDSE.NS,0,0.4117866291505019,2025-09-01,364,0.4889867841409692,-14.22,,-2.348223762375372,-9.115143768434866,38.05907700960825,43.85593708339916,457,Sell,0.1764267416989962
LAGNAM.NS,0,0.41169674889091706,2025-09-01,364,3.7107438016528924,10.0,,-13.764362906876698,-4.657540910370105,22.30464175654602,22.669312119794114,458,Sell,0.17660650221816587
ASHIANA.NS,0,0.41168305330652,2025-09-01,364,3.8251572327044023,4.0,,-4.59190287428147,1.7800418327053935,28.417045643984544,35.77888738260715,459,Sell,0.17663389338696
WEIZMANIND.NS,0,0.41164378423457393,2025-09-01,364,0.43283582089552236,16.0,,-3.616503589646375,-7.2963548105332,17.011190218036102,15.121139992577383,460,Sell,0.17671243153085214
GRAPHITE.NS,0,0.41142242308634025,2025-09-01,364,0.2578975548813136,10.0,,4.55159790256178,-2.4550427214438684,35.243053788423836,39.89480490299031,461,Sell,0.1771551538273195
DOLPHIN.NS,0,0.41141494547959084,2025-09-01,364,0.5156736822025815,2.95,,62.97724566865162,52.280916791291176,65.43899289398773,80.93575734014165,462,Sell,0.1771701090408183
MONARCH.NS,0,0.4113789054038283,2025-09-01,364,0.41391509433962265,33.0,,-2.2362715065793735,10.91760726141724,39.1029777737143,37.32728546381925,463,Sell,0.17724218919234336
GRASIM.NS,0,0.41113726258985617,2025-09-01,364,0.45873777583887737,2.0,,6.2950596899280455,6.542133067454478,26.21052203330951,35.602918193032,464,Sell,0.17772547482028767
PATELENG.NS,0,0.41021002189444145,2025-09-01,364,1.4124236252545825,16.0,,2.5612907606789714,6.537443008805919,33.11392602228504,27.0103067646795,465,Sell,0.1795799562111171
TRANSRAILL.NS,0,0.40986178202842594,2025-09-01,364,2.230915125651968,35.0,,-12.411244483548831,-10.968539535685998,25.32283337418005,26.88803552752462,466,Sell,0.18027643594314813
PARKHOTELS.NS,0,0.4095695412821412,2025-09-01,364,0.46206896551724136,12.0,,-7.19596746413715,-3.4965632658684687,19.945607156573665,25.118206027943785,467,Sell,0.18086091743571764
SUPREMEINF.NS,0,0.4094441464162607,2025-06-01,456,-1.426461143224149,,,-2.449023233626124,1.3020195800082384,61.36908332391092,39.85793796889593,468,Sell,0.1811117071674786
BAJAJELEC.NS,0,0.40933558842347173,2025-09-01,364,1.425064599483204,12.0,,1.0630220197418374,7.302224250787331,37.74679639860174,26.007911889401456,469,Sell,0.18132882315305654
BBL.NS,0,0.4092341874226153,2025-09-01,364,0.4164009111617312,10.0,,-5.481649442016017,-13.035817652217437,32.03183066474445,58.44489797337468,470,Sell,0.1815316251547694
MADHUCON.NS,0,0.409215606299323,2025-09-01,364,1.8425196850393701,-2.0,,2.19123772773605,-4.112145684360712,40.210328208883354,43.373501589792006,471,Sell,0.18156878740135396
DSSL.NS,0,0.40902658306493744,2025-09-01,364,2.208791208791209,39.0,,-11.393499327663417,-28.779924187359235,34.014859931115545,14.156159201101403,472,Sell,0.1819468338701251
NATIONALUM.NS,0,0.4089777385866815,2025-09-01,364,0.25724096745297104,44.0,,9.26142602465319,-12.458315082340427,43.549075343218085,48.09713095857185,473,Sell,0.18204452282663697
JSWINFRA.NS,0,0.4088699190695436,2025-09-01,364,0.8285108024691358,9.0,,8.834829271046994,26.1655551473769,28.989667245000117,48.28861658021434,474,Sell,0.18226016186091276
PFC.NS,0,0.4086763413290853,2025-09-01,364,5.115652396821328,,,-19.891309768323392,-17.63781132990398,29.892332121289755,12.024010129951208,475,Sell,0.18264731734182937
TORNTPOWER.NS,0,0.40865600651705075,2025-09-01,364,0.8528085060680916,17.0,,-14.457326928565156,-14.185164080022519,21.442958329705522,13.519838890157487,476,Sell,0.1826879869658985
SUKHJITS.NS,0,0.4083011698227974,2025-09-01,364,0.9721254355400697,9.0,,-0.17814274027140997,-8.880298481437995,34.38001895521906,43.25855953777066,477,Sell,0.1833976603544052
HINDWAREAP.NS,0,0.4076402798393481,2025-09-01,364,0.6779026217228464,-11.0,,-12.226295038153614,-15.982634981339663,25.969033843553113,19.823340592059964,478,Sell,0.18471944032130383
PRUDENT.NS,0,0.40748504157568843,2025-09-01,364,0.3967479674796748,45.0,,11.61603591566677,38.80008805535719,38.3797225558026,67.47312483241109,479,Sell,0.18502991684862313
EXIDEIND.NS,0,0.4074819680874027,2025-09-01,364,0.2763835473567564,10.0,,-2.1231631952298677,10.880995163424835,29.274073163586117,23.263025533669477,480,Sell,0.18503606382519455
BLUESTARCO.NS,0,0.407461251030651,2025-09-01,364,1.6152227288670642,23.0,,-12.931234157615346,-6.9471860708633715,26.673823585698102,39.73510517817785,481,Sell,0.185077497938698
PAYTM.NS,0,0.40629043279201466,2025-09-01,364,0.3921337729627885,-12.0,,27.85554546432893,61.57900202144862,44.369505758256125,62.82744862069395,482,Sell,0.1874191344159707
MIRZAINT.NS,0,0.40615438230300105,2025-09-01,364,0.29313929313929316,1.0,,-7.49782021257431,3.883813830817675,22.403592232398434,33.03965479502929,483,Sell,0.1876912353939979
INTENTECH.NS,0,0.40608977001965246,2025-09-01,364,0.36220472440944884,11.0,,-1.7282794607303653,-13.783303989714577,36.47077654500503,47.65269869268082,484,Sell,0.18782045996069507
VENUSPIPES.NS,0,0.40607184195011664,2025-09-01,364,0.8983050847457628,25.0,,-1.6133843327737738,15.188891498699538,32.60099244594178,52.49407563061759,485,Sell,0.18785631609976672
SOBHA.NS,0,0.4060074391495328,2025-09-01,364,2.9503968253968256,7.0,,-8.475435861842946,-8.751962727163718,20.13775825672423,27.074481071309833,486,Sell,0.1879851217009344
GPTINFRA.NS,0,0.40583381805524205,2025-09-01,364,0.888268156424581,25.0,,-6.41411444346828,-3.73333018313172,28.444274229209753,40.280580119042945,487,Sell,0.1883323638895159
LODHA.NS,0,0.40580531103444245,2025-09-01,364,1.6178274633953305,15.0,,-3.307137744130513,36.80741716258949,42.75931820736497,47.77408142052591,488,Sell,0.1883893779311151
NORBTEAEXP.NS,0,0.4055590914294324,2025-09-01,364,0.5814999999999999,3.9,,0.9953166103823865,-16.716956824624756,41.987091400942276,54.268044636247424,489,Sell,0.18888181714113517
VESUVIUS.NS,0,0.4053714541853064,2025-09-01,364,0.3193166885676741,25.0,,-8.112676056338028,-15.25511687157494,25.74287485708523,21.8678908916866,490,Sell,0.1892570916293872
NAVINFLUOR.NS,0,0.40505232449882184,2025-09-01,364,0.14749348015068095,12.0,,15.311717322141746,20.926651600840504,49.35163787906617,64.6709323583181,491,Sell,0.18989535100235633
SAILIFE.NS,0,0.40436658964054895,2025-09-01,364,0.4333478072079896,14.0,,10.9953599171433,28.30271722068086,30.920976516899746,52.792979012713786,492,Sell,0.1912668207189021
KRITI.NS,0,0.40400577229803025,2025-09-01,364,0.9861111111111112,6.0,,-10.10608204683,-15.960872720089672,29.487802190115993,28.331878834892876,493,Sell,0.1919884554039395
TVSELECT.NS,0,0.4038133402031757,2025-09-01,364,2.0,-2.0,,-9.102247963306862,-9.92586729843583,33.263982478266676,28.06122448979592,494,Sell,0.19237331959364856
HAVISHA.NS,0,0.40353308477632,2025-09-01,364,2.3613861386138613,-0.2,,7.8740177435990235,-8.05369154364508,39.20962335600681,44.444444444444436,495,Sell,0.19293383044736
PALREDTEC.NS,0,0.40339363491332336,2025-09-01,364,0.044328552803129105,5.72,,21.52174244756284,17.190777005836967,41.55512037343506,73.49464965874897,496,Sell,0.19321273017335328
LOYALTEX.NS,0,0.4033543849906833,2025-09-01,364,2.3233830845771144,-12.0,,9.18840786109224,4.614673029333248,33.794841086764286,60.840548732742015,497,Sell,0.19329123001863335
SYNCOMF.NS,0,0.4032434775831162,2025-09-01,364,0.19946808510638298,19.0,,48.55182881952928,32.76566325578688,56.65775396507278,79.45369167789764,498,Sell,0.19351304483376763
DEEPINDS.NS,0,0.40210540215158863,2025-09-01,364,0.3360938578329883,12.0,,16.01258776128745,35.11788936629273,61.90813579903867,54.02070026093338,499,Sell,0.19578919569682274
SUPRIYA.NS,0,0.4019275723214372,2025-09-01,364,0.11182994454713494,27.0,,-6.4833118289522265,-12.33033257955165,39.59877011923641,26.94252454920796,500,Sell,0.19614485535712556
AMRUTANJAN.NS,0,0.40168349544894055,2025-09-01,364,0.2631578947368421,22.0,,-1.0970861934921117,-6.806327421151521,35.149436533849325,41.71758283308041,501,Sell,0.1966330091021189
DPABHUSHAN.NS,0,0.4016519054502646,2025-09-01,364,0.9289940828402367,34.0,,10.527296441214832,59.823252611342944,57.60150961627461,50.84547590316566,502,Sell,0.19669618909947084
WHEELS.NS,0,0.4010643504947431,2025-09-01,364,2.4183222958057393,16.0,,9.704884449310553,3.8482120767512673,38.95989217598837,70.04889975550122,503,Sell,0.1978712990105138
SHAREINDIA.NS,0,0.4010534466646171,2025-09-01,364,0.799047619047619,19.0,,-3.2328491437662996,26.62140671222867,33.39082645903414,58.82756957598184,504,Sell,0.19789310667076576
CAPLIPOINT.NS,0,0.4007772814424196,2025-09-01,364,0.07650569723277266,29.0,,-0.7530693249434361,26.613348527907903,36.23914506452685,40.37558312900123,505,Sell,0.19844543711516083
HLVLTD.NS,0,0.4007703806576826,2025-09-01,364,0.36784140969163,6.0,,-7.507078431540738,-17.23700481230837,22.917860680191367,21.238957845067603,506,Sell,0.19845923868463478
LAMBODHARA.NS,0,0.40068323249989285,2025-09-01,364,0.5901639344262295,9.0,,23.27961672769684,23.356487700303035,67.62571495067525,76.27153784912943,507,Sell,0.1986335350002143
TATVA.NS,0,0.4006065731125276,2025-09-01,364,0.23601637107776263,0.0,,-9.031428498483235,33.07427345247372,36.828840058788856,22.295907284598968,508,Sell,0.19878685377494476
SUNFLAG.NS,0,0.40039149032624316,2025-09-01,364,0.2726099706744868,4.0,,-6.843690346403345,-11.148828252488578,29.11337760806128,26.628663847519533,509,Sell,0.19921701934751368
RAJSREESUG.NS,0,0.4001504827175872,2025-09-01,364,1.6790123456790123,4.0,,29.05427810014798,11.90053464486048,56.743895892662046,68.8924073119633,510,Sell,0.19969903456482563
SUDARSCHEM.NS,0,0.4001465576352565,2025-09-01,364,0.40033153750518025,11.0,,25.237050056445632,40.70936122560132,41.552345155488446,69.8385243146303,511,Sell,0.19970688472948706
AVG.NS,0,0.3997451187248443,2025-09-01,364,1.2217898832684826,13.0,,-12.575609160632622,16.263385220147264,25.364147699303967,25.560553117596797,512,Sell,0.2005097625503114
SULA.NS,0,0.39966201855803285,2025-09-01,364,0.8087431693989071,9.0,,-13.771899034033149,-5.665211944530524,35.7864745723265,30.970161150738335,513,Sell,0.2006759628839343
RAYMONDLSL.NS,0,0.39957076619189363,2025-09-01,364,0.39859627068929393,2.0,,-5.514560058484308,-8.004421150212144,25.789767684591897,36.24258785661241,514,Sell,0.20085846761621273
AGROPHOS.NS,0,0.39916030653057477,2025-09-01,364,1.338235294117647,14.0,,-8.126961693427537,-15.468548518701382,26.86667556255654,35.254247808409204,515,Sell,0.20167938693885046
GTLINFRA.NS,0,0.39897637678646186,2025-09-01,364,-1.6099890402379835,,,-4.878053744586638,-20.945949864439708,28.742963471590983,18.18179847780594,516,Sell,0.20204724642707628
INSPIRISYS.NS,0,0.3989550042515884,2025-09-01,364,0.9865771812080537,18.0,,-7.202165139261442,-25.843327118619158,40.08865921894113,33.90928481656141,517,Sell,0.20208999149682316
ZAGGLE.NS,0,0.39879561561817073,2025-09-01,364,0.04889228418640183,13.0,,-7.086003546846836,-4.979274550986708,74.88156288378715,42.95976966495182,518,Sell,0.20240876876365854
BHAGERIA.NS,0,0.3987914884706093,2025-09-01,364,0.3008695652173913,10.0,,18.146277630976368,55.81944299353159,43.2196958344142,81.270394837017,519,Sell,0.2024170230587814
PAGEIND.NS,0,0.39840503871967486,2025-09-01,364,0.9630943931866572,59.0,,-11.929720908488616,-3.1615847880130166,24.14351830081444,31.007719711744414,520,Sell,0.20318992256065027
AARTISURF.NS,0,0.3983092228776245,2025-09-01,364,1.0672268907563025,9.0,,37.73369156978186,42.40631163708087,87.95481589487432,53.66643837469997,521,Sell,0.20338155424475102
UNIPARTS.NS,0,0.3979950989813465,2025-09-01,364,0.34285714285714286,16.0,,24.112173922554256,44.4156631611182,46.57888053646781,71.2051386316059,522,Sell,0.204009802037307
ASAL.NS,0,0.39775250887400376,2025-09-01,364,17.8125,24.0,,-4.828073535525401,-8.15164981575814,29.40673618331804,26.90392596898114,523,Sell,0.20449498225199247
INDIANCARD.NS,0,0.3975079764961815,2025-09-01,364,0.07183908045977011,7.0,,-5.805154183143197,-3.2927126983651376,25.894339866239974,40.17368101177187,524,Sell,0.20498404700763695
WILLAMAGOR.NS,0,0.39740953926499817,2025-09-01,364,-3.513499687375661,-52.89,,-5.1383370603278555,-9.365557345575708,35.9169706896788,28.42288777753646,525,Sell,0.20518092147000366
JWL.NS,0,0.3970034016674811,2025-09-01,364,0.4162491052254832,21.0,,-7.1952192426507615,-14.19654081871579,22.80553643227178,4.1928737269142715,526,Sell,0.2059931966650378
THOMASCOTT.NS,0,0.396483690566063,2025-09-01,364,0.4094488188976378,20.0,,-6.994299119965611,-0.41307252934494304,69.29580951123626,24.57507734216989,527,Sell,0.20703261886787405
INDOTHAI.NS,0,0.39646902627237424,2025-09-01,364,0.2916666666666667,10.0,,-78.82525513291847,-79.80407611056636,81.05948700024786,0.0,528,Sell,0.20706194745525153
SAMMAANCAP.NS,0,0.3964133373109421,2025-09-01,364,1.972643332617565,,,-9.92427251373695,-17.766412396394045,29.46794088226498,22.066093029055992,529,Sell,0.20717332537811584
SUPERHOUSE.NS,0,0.39605440895449867,2025-09-01,364,0.683291770573566,5.0,,11.749733716601428,16.20227121561521,36.781636204877124,66.06366478345777,530,Sell,0.20789118209100266
COLPAL.NS,0,0.3958744244614123,2025-09-01,364,1.008849557522124,105.0,,-8.597857216606501,-5.994253515478094,24.399199101812307,32.341645387667,531,Sell,0.2082511510771754
NAGAFERT.NS,0,0.3958061758611597,2025-09-01,364,-1.4215581643543223,,,-17.938924073325182,-41.89189006326147,31.07485501854933,0.0,532,Sell,0.20838764827768064
PLASTIBLEN.NS,0,0.39558609180616955,2025-09-01,364,0.20919540229885059,10.0,,1.1692928704445438,5.855271533944856,26.312626060255802,26.692104708044525,533,Sell,0.2088278163876609
POWERGRID.NS,0,0.3954124743904209,2025-09-01,364,1.7358701280242037,13.0,,-7.282326194206244,-7.542536720126229,18.824523968825346,42.99359714495643,534,Sell,0.20917505121915825
BLKASHYAP.NS,0,0.3953790654514409,2025-09-01,364,1.4013698630136986,7.0,,9.129870864639155,7.685236903994751,35.91963906235714,60.739850880862654,535,Sell,0.20924186909711817
LASA.NS,0,0.3951776079397179,2025-09-01,364,0.2857142857142857,-1.0,,0.14326292288470632,-8.984375945874511,38.24142181809421,25.517252945865536,536,Sell,0.2096447841205642
WANBURY.NS,0,0.3946261666048204,2025-09-01,364,3.2710280373831777,6.0,,-13.488995370330024,-0.1937984496124031,45.21680474414662,56.26725987499082,537,Sell,0.21074766679035917
DELPHIFX.NS,0,0.3945521961998493,2025-09-01,364,0.2622339733865024,7.24,,-4.179100611077511,-20.446092700455967,32.22848887043437,27.142872713054302,538,Sell,0.21089560760030135
DBOL.NS,0,0.39447799421310664,2025-09-01,364,0.6996904024767802,4.0,,27.43344899646561,12.829147786653557,44.77615710259819,61.0448841572773,539,Sell,0.21104401157378672
GUJGASLTD.NS,0,0.39423100260868776,2025-09-01,364,0.5391896571626458,20.0,,-9.763206940531079,,27.504794568820778,26.942999309796477,540,Sell,0.21153799478262447
DHANUKA.NS,0,0.39396158309092644,2025-09-01,364,0.3149708360337006,28.0,,-5.480776436728756,-10.784543104734242,17.45676681684251,34.48819427423501,541,Sell,0.21207683381814713
NDRAUTO.NS,0,0.393596925010911,2025-09-01,364,0.694980694980695,25.0,,-11.632367291072011,-10.67449549490528,23.883635169320424,13.314995367374422,542,Sell,0.21280614997817804
TATATECH.NS,0,0.39318500199995005,2025-09-01,364,1.9263224181360201,67.0,,11.154946921090154,15.424764007750863,44.157990781795576,41.16429421927162,543,Sell,0.2136299960000999
GMRP&UI.NS,0,0.3929165843659034,2025-09-01,364,1.4932601098352472,8.0,,-8.924975571473636,-17.306109041590574,27.183045393787975,34.248133764371644,544,Sell,0.21416683126819325
SHAKTIPUMP.NS,0,0.392749321467058,2025-09-01,364,0.8621142481943532,58.0,,-6.5334413763450545,-4.518170467992523,20.49393032200465,33.12413703868279,545,Sell,0.21450135706588402
ACCURACY.NS,0,0.3926347972799648,2025-09-01,364,1.4793388429752066,8.0,,-4.7619052320192905,-19.156417251783843,20.456497999401847,40.65933490113225,546,Sell,0.21473040544007038
FIRSTCRY.NS,0,0.3922488976618396,2025-09-01,364,0.16577626679617938,2.0,,-12.480535017384927,-16.754186185580735,21.571343074333395,11.721833193197298,547,Sell,0.21550220467632075
BANKA.NS,0,0.3920923973557217,2025-09-01,364,1.1944706251963555,0.87,,-7.917689825425159,-14.220734996667458,45.81111328127817,40.43345205015819,548,Sell,0.21581520528855658
SHAILY.NS,0,0.3920854855350187,2025-09-01,364,0.7216312056737588,17.0,,7.96605582213029,7.649766370762015,37.687534141462336,39.53387781164815,549,Sell,0.21582902892996259
JUBLCPL.NS,0,0.39207180996511387,2025-09-01,364,1.225181598062954,33.0,,30.181037564726743,32.83992555041595,76.59835889372945,67.74849481265491,550,Sell,0.21585638006977226
CELEBRITY.NS,0,0.3919090625038012,2025-09-01,364,10.0,-13.0,,-2.439018716987834,-11.22714978862294,22.33485163166608,45.132763154785415,551,Sell,0.2161818749923976
FAIRCHEMOR.NS,0,0.3916591135570139,2025-09-01,364,0.3197278911564626,10.0,,-16.395153327431057,13.381129089248233,38.201973776604845,25.677557983388596,552,Sell,0.21668177288597223
JBMA.NS,0,0.39113731121199324,2025-09-01,364,2.303204601479047,14.0,,-5.202400132166359,-6.746361511253268,32.62632461338121,43.53785131026218,553,Sell,0.2177253775760135
METROPOLIS.NS,0,0.39072422074879565,2025-09-01,364,0.30519969856819895,13.0,,0.5553656753599349,8.670362365102724,27.845322843061133,57.136398396876245,554,Sell,0.2185515585024087
SEPC.NS,0,0.3905380817513207,2025-09-01,364,0.40848094471282875,6.0,,-4.9572643859938985,-20.5714293888637,39.33540756506233,26.206899273267425,555,Sell,0.21892383649735858
NURECA.NS,0,0.3905036210302416,2025-09-01,364,0.08673469387755102,0.0,,2.743551277838968,39.53634891168335,54.6666654821621,48.682037408428386,556,Sell,0.21899275793951678
WAAREERTL.NS,0,0.39029855216517895,2025-09-01,364,1.1424242424242423,82.0,,-4.456856292485919,-10.668578980722277,23.378077224107155,29.767152437947004,557,Sell,0.2194028956696421
PHOENIXLTD.NS,0,0.3902540987045339,2025-09-01,364,0.2043687523139578,6.0,,1.5413938878976976,12.31544089280971,24.13927203146021,44.845363707803266,558,Sell,0.21949180259093215
SJVN.NS,0,0.3901591247235395,2025-09-01,364,0.8498478187352047,8.0,,-5.195759060406586,-11.163912329750808,10.912011356316462,13.418244848173586,559,Sell,0.21968175055292105
ADANIPORTS.NS,0,0.38978821617599746,2025-09-01,364,2.0581718378685947,9.0,,-6.094902706399204,-11.30868580813928,27.585469915721344,37.54560431307181,560,Sell,0.22042356764800508
PNBGILTS.NS,0,0.38947040933136784,2025-09-01,364,15.64190012180268,7.0,,-8.923078006541235,-10.532431890444657,20.36148329234312,35.2831875458685,561,Sell,0.22105918133726432
DIXON.NS,0,0.3893909961965898,2025-09-01,364,0.6803942273847237,12.0,,5.701473414477898,32.27041952436092,24.606727859820875,65.18545721630554,562,Sell,0.22121800760682042
ONESOURCE.NS,0,0.3892179049048751,2025-09-01,364,0.32843301035750083,6.0,,-6.2110254132657134,-16.09500272930475,30.13485125944036,35.23316226033215,563,Sell,0.22156419019024975
DIFFNKG.NS,0,0.388929941316,2025-09-01,364,0.20107238605898123,14.0,,27.022009831295378,48.57315228714862,75.5228867592287,83.30422919362965,564,Sell,0.222140117368
LINC.NS,0,0.38881506351132367,2025-09-01,364,0.4090909090909091,22.0,,-4.593567507647299,-5.029818723004665,19.02375683627425,33.333350598309096,565,Sell,0.22236987297735267
WINDLAS.NS,0,0.38855863491236836,2025-09-01,364,0.5214953271028038,17.0,,16.12396318669517,23.8574902953874,50.524117924877224,72.75201444989057,566,Sell,0.22288273017526328
LOKESHMACH.NS,0,0.3882572926461589,2025-09-01,364,1.0309734513274336,5.0,,-7.695712789651034,25.50713638771042,32.90365890682818,29.206877016514156,567,Sell,0.22348541470768224
NIVABUPA.NS,0,0.38806956101824225,2025-09-01,364,1.7989487516425755,7.0,,-4.795152705993213,-2.653809068111618,14.974274394559185,25.401953713380138,568,Sell,0.2238608779635155
GICHSGFIN.NS,0,0.3879644466558888,2025-09-01,364,4.546046046046046,,,-5.748910248806719,-4.575951454637948,24.159111195950636,27.440747282200547,569,Sell,0.2240711066882224
CCCL.NS,0,0.38724640876544386,2025-09-01,364,0.6240875912408759,18.0,,-5.08038554445634,-1.6655562704053577,29.408380812444694,44.50402281864232,570,Sell,0.22550718246911228
BIL.NS,0,0.387151100130469,2025-09-01,364,1.7770114942528736,10.0,,14.36762427443691,17.32440004498426,33.63305229009354,58.46025750718951,571,Sell,0.225697799739062
KKCL.NS,0,0.38703973139899406,2025-09-01,364,0.47494305239179957,19.0,,0.2768701499818428,16.83179442234303,31.510188370655502,45.07554818793125,572,Sell,0.22592053720201188
ZODIAC.NS,0,0.38673420683915716,2025-09-01,364,2.267326732673267,20.0,,-3.1790185551487755,-15.384621091349668,42.00289978492098,45.57575490792105,573,Sell,0.22653158632168569
GATEWAY.NS,0,0.38667151144823586,2025-09-01,364,0.27849308536003814,12.0,,-5.168246072099493,-1.7269039275225144,29.086180283519347,32.398331377833145,574,Sell,0.22665697710352828
STARCEMENT.NS,0,0.3865266750329792,2025-09-01,364,0.6635859519408502,-3.0,,-8.886480116845092,-11.598088752710078,13.132993889156019,19.511099912585806,575,Sell,0.22694664993404157
INTELLECT.NS,0,0.3861732930133633,2025-09-01,364,0.38058943089430897,14.0,,-3.6569791343683558,-8.286366923876285,24.22668284782231,19.887457143707806,576,Sell,0.22765341397327343
EICHERMOT.NS,0,0.38596242747246307,2025-09-01,364,0.3435857403070518,32.0,,1.5318823003765878,12.717923962169309,15.6787366221807,45.917471466198414,577,Sell,0.22807514505507387
MOTISONS.NS,0,0.38575639950273694,2025-09-01,364,0.2398190045248869,15.0,,14.205340830921259,36.81550065451625,57.15902250126446,67.23602829393205,578,Sell,0.22848720099452613
TAINWALCHM.NS,0,0.385452337805641,2025-09-01,364,0.09539588419951184,4.24,,8.20896893419053,10.261990521327014,40.158077816977254,63.45950257437652,579,Sell,0.22909532438871805
UCAL.NS,0,0.38522693200235864,2025-09-01,364,0.9576719576719577,7.0,,36.180381192643644,59.01988596779677,56.51900391628206,74.537993298455,580,Sell,0.22954613599528273
CHENNPETRO.NS,0,0.3852167163299308,2025-09-01,364,0.9039046060322656,4.0,,13.202435737790335,19.93862452421479,60.58913445268415,42.49936827919252,581,Sell,0.22956656734013836
QUICKHEAL.NS,0,0.38518470620340733,2025-09-01,364,0.2214765100671141,0.0,,-12.655043676758076,-27.710909759661558,27.46949851144776,22.330968946207364,582,Sell,0.22963058759318533
NAVKARCORP.NS,0,0.38491930768587684,2025-09-01,364,0.12758264462809918,-2.0,,-4.786243485584306,1.053504201419193,20.84467893528583,29.230800186793815,583,Sell,0.2301613846282463
SURYAROSNI.NS,0,0.38482785501910116,2025-09-01,364,0.37455125648185084,21.0,,-6.728872522045272,-10.774073318817308,26.828921788896125,21.47380906388082,584,Sell,0.23034428996179768
DNAMEDIA.NS,0,0.3847711957414672,2025-09-01,364,-1.8051642239454349,7.94,,-10.139859177977725,-11.379315561119752,33.86811330550497,41.5584339181091,585,Sell,0.23045760851706565
RCF.NS,0,0.3846685447943996,2025-09-01,364,1.7004870129870129,7.0,,-4.564284941171194,-5.653988838458157,21.135205061817857,32.17558872954545,586,Sell,0.2306629104112008
FAZE3Q.NS,0,0.38441652470602444,2025-09-01,364,0.7311320754716981,12.0,,-9.799785861235838,-10.70195199278278,50.618831466477744,28.621333214357662,587,Sell,0.23116695058795111
STARTECK.NS,0,0.38430474305423296,2025-09-01,364,1.257510729613734,8.0,,-4.968134477813024,-5.305435184778724,21.677639422022843,47.31959959716835,588,Sell,0.2313905138915341
HAL.NS,0,0.38409559491751966,2025-09-01,364,2.327173854228667,34.0,,3.5473993944057716,12.833415392869735,23.15683946526052,42.70550748362955,589,Sell,0.2318088101649607
ARROWGREEN.NS,0,0.38397944482712404,2025-09-01,364,0.0945273631840796,53.0,,-4.591202034112535,22.5646528379403,39.67059022197989,33.61225147175655,590,Sell,0.23204111034575192
JKLAKSHMI.NS,0,0.3837469049324858,2025-09-01,364,1.3493975903614457,11.0,,-5.977153730759578,-11.568819578459074,15.628594344086313,33.97378627734861,591,Sell,0.23250619013502838
SPECIALITY.NS,0,0.38330676388009793,2025-09-01,364,0.5838323353293413,8.0,,7.421789729705343,32.745892935193154,52.013132375746196,45.00795203356641,592,Sell,0.23338647223980413
RUPA.NS,0,0.38300708246761667,2025-09-01,364,0.4925521350546177,11.0,,-7.235487958386255,-5.975218360759452,23.860638775999302,25.35869613846579,593,Sell,0.23398583506476667
CENTEXT.NS,0,0.38296050234699974,2025-09-01,364,1.0568181818181819,18.0,,20.90119633834625,15.149949752113715,70.58086758473972,47.95082373014024,594,Sell,0.23407899530600051
GHCLTEXTIL.NS,0,0.38292852217761814,2025-09-01,364,0.16963064295485636,5.0,,18.614681406980647,41.35113821818052,41.131662419510626,68.46117959735047,595,Sell,0.23414295564476373
DGCONTENT.NS,0,0.38260543538384556,2025-09-01,364,3.5384615384615383,-1.0,,-2.0533880581804773,-11.797338853734297,40.09371825454898,25.41968510924025,596,Sell,0.23478912923230888
SITINET.NS,0,0.38259133258211314,2025-06-01,456,-1.5328185328185329,,,-6.666669978035689,-19.999998297010123,28.258220194490963,33.33333333333333,597,Sell,0.23481733483577372
VGUARD.NS,0,0.38256663488127207,2025-09-01,364,0.44696239151398265,17.0,,10.127187950243442,15.729460238356333,31.973929156108266,65.76124775044991,598,Sell,0.23486673023745586
MOTHERSON.NS,0,0.3822049590112009,2025-09-01,364,0.26004759040870223,5.0,,13.22055898890962,17.420986072318716,32.65044710252555,54.01129495416759,599,Sell,0.23559008197759823
TICL.NS,0,0.3818166344736344,2025-09-01,364,0.2754880694143167,21.0,,-2.884610192231609,-59.938299080496584,44.748389240415364,27.312757193001616,600,Sell,0.2363667310527312
DANGEE.NS,0,0.38148856871898984,2025-09-01,364,1.4465573770491804,2.64,,-3.3783831676485327,-11.728398559333664,18.315307492244756,35.714281659551006,601,Sell,0.23702286256202032
DEVIT.NS,0,0.38140279648755027,2025-09-01,364,0.5503875968992248,26.0,,-5.429006442261864,-13.716663930399944,30.871028065369423,29.70518678193234,602,Sell,0.23719440702489947
ZENTEC.NS,0,0.38134771399599154,2025-09-01,364,0.07110352673492605,33.0,,9.594406938478745,5.44591171356922,38.606245916215215,45.04621721146117,603,Sell,0.2373045720080169
KSCL.NS,0,0.3813421160594453,2025-09-01,364,0.4153066966797974,19.0,,-2.1662741315858507,-10.791280529137335,25.880965458671085,34.89632292563296,604,Sell,0.23731576788110942
ALLCARGO.NS,0,0.38119384075969726,2025-09-01,364,0.216289592760181,5.0,,48.81693906163432,34.26966653329513,93.63058339538249,60.62500007450581,605,Sell,0.2376123184806055
AUTOIND.NS,0,0.3809227604141125,2025-09-01,364,2.596590909090909,15.0,,1.5395124147968313,14.890323761970766,50.702438462862034,45.20716538085515,606,Sell,0.238154479171775
BORORENEW.NS,0,0.3808401078003475,2025-09-01,364,0.40313549832026874,6.0,,-10.607809588989012,0.17951408906506525,21.779622458235117,30.73720067110682,607,Sell,0.238319784399305
SEJALLTD.NS,0,0.38059243045255536,2025-09-01,364,5.488433575677463,10.81,,-11.061947259367418,-12.896968343751142,28.740540664595265,33.2124111165124,608,Sell,0.23881513909488927
KPIL.NS,0,0.38053514102558694,2025-09-01,364,2.162975732661451,15.0,,8.076721103918413,8.258830478192888,25.92766761002992,63.352164183805165,609,Sell,0.23892971794882611
NSLNISP.NS,0,0.3802766724100904,2025-09-01,364,1.140411484722862,-13.0,,7.368661402171682,-11.935180257716434,50.554704569808976,55.16193442931199,610,Sell,0.23944665517981922
ASTRAMICRO.NS,0,0.38019127576846357,2025-09-01,364,0.519163763066202,18.0,,-10.50708950102841,25.859338328530256,44.291484055314434,45.6756207269104,611,Sell,0.23961744846307287
CRAFTSMAN.NS,0,0.38009816181808653,2025-09-01,364,1.4182892906815021,8.0,,13.419759963538766,26.000625428663664,33.50760178199198,68.41783750763592,612,Sell,0.23980367636382693
PRIMESECU.NS,0,0.37992767963000906,2025-09-01,364,0.09743589743589744,-30.0,,3.8419889709565584,3.3016373258737484,28.505671771678337,36.159850374509894,613,Sell,0.24014464073998187
REFEX.NS,0,0.37984163303336366,2025-09-01,364,0.3410620792819746,25.0,,-3.7167273833472834,-8.985923127879555,32.28297273813375,40.72946542642332,614,Sell,0.24031673393327269
KALYANKJIL.NS,0,0.37974780296449123,2025-09-01,364,1.7020470053070509,16.0,,-1.8935644871422654,70.25495750708215,40.62062541809578,49.45602341802446,615,Sell,0.24050439407101754
KALYANIFRG.NS,0,0.3797174942218574,2025-09-01,364,1.815217391304348,12.0,,25.998525416877566,26.67537972053624,54.91158389899435,72.09116701441988,616,Sell,0.24056501155628518
NDLVENTURE.NS,0,0.3794843733602387,2025-09-01,364,0.10305602716468579,1.69,,-5.9553754743495775,-10.363933678082498,31.924040511493505,32.112470207819854,617,Sell,0.24103125327952257
TIRUMALCHM.NS,0,0.3794063836921373,2025-09-01,364,0.7514831905075807,11.0,,-5.0630591817305834,-14.009866324366953,48.86789632411799,45.81575351171763,618,Sell,0.2411872326157254
SPCENET.NS,0,0.3788355008763995,2025-09-01,364,0.22058720482096575,3.4,,-9.356729956805806,-13.889550789722382,46.567112158784454,6.097581186573777,619,Sell,0.242328998247201
TMB.NS,0,0.37860711128913616,2025-09-01,364,6.311447633167425,,,9.498645323400687,28.035981456226683,41.81699923011182,68.94858025366088,620,Sell,0.2427857774217277
GRANULES.NS,0,0.37854941041381723,2025-09-01,364,0.5341037204058624,11.0,,0.323761876312673,7.824943441294302,23.987291884353613,40.434328158492036,621,Sell,0.24290117917236553
MEDPLUS.NS,0,0.3784573662956204,2025-09-01,364,0.1206896551724138,5.0,,-5.372511285633089,-24.86252766296417,46.39844419164474,46.4527570277498,622,Sell,0.24308526740875924
ASIANTILES.NS,0,0.3781791906421956,2025-09-01,364,0.3537508602890571,2.0,,-21.13325351645221,-21.482450922367907,80.99283054428041,31.351696394085366,623,Sell,0.24364161871560885
ASAHISONG.NS,0,0.3781289513728955,2025-09-01,364,0.4557823129251701,12.0,,-2.499333619765264,41.50651828298887,57.07870517595186,54.53785444628892,624,Sell,0.24374209725420903
JYOTICNC.NS,0,0.3779382307441802,2025-09-01,364,0.391500904159132,22.0,,23.038395123769316,67.86738513841861,48.1678131355578,80.73127644552407,625,Sell,0.2441235385116396
HGINFRA.NS,0,0.37787878471461095,2025-09-01,364,1.0871409921671018,24.0,,-6.5154531836368115,-13.426099213096702,21.04603464385468,19.04440834213355,626,Sell,0.2442424305707781
HINDUNILVR.NS,0,0.37784168942122204,2025-09-01,364,0.6236159346271706,28.0,,-6.372246766411931,-4.935834254958342,28.337081390112807,25.973418876796828,627,Sell,0.24431662115755592
KAJARIACER.NS,0,0.3777799308150117,2025-09-01,364,0.25396825396825395,17.0,,1.971476510067114,8.876744304797885,19.539538949773494,58.02084604899088,628,Sell,0.24444013836997658
ROHLTD.NS,0,0.37775258769218173,2025-09-01,364,0.888,11.0,,-2.1617063517535415,-7.9933232647392956,23.497079973722812,32.55854795795611,629,Sell,0.24449482461563654
NETWEB.NS,0,0.37693980816160066,2025-09-01,364,0.8339100346020761,32.0,,14.762035903051823,10.340138795161307,53.47798323151514,57.382136620115126,630,Sell,0.24612038367679867
UGARSUGAR.NS,0,0.3768925219070848,2025-09-01,364,3.584795321637427,3.0,,35.25737243617221,35.04433429933687,71.61924923462318,62.53280915447373,631,Sell,0.24621495618583045
ITC.NS,0,0.37685085713105304,2025-09-01,364,0.2535102427644529,37.0,,-9.07473309608541,-7.761732851985561,18.374820010060198,21.618374224898204,632,Sell,0.24629828573789392
HARIOMPIPE.NS,0,0.37664371361156135,2025-09-01,364,0.8892561983471075,14.0,,-9.015756483132593,-11.696124654032738,32.060891404611624,22.38810467482523,633,Sell,0.2467125727768773
CESC.NS,0,0.37658031557661914,2025-09-01,364,2.1041157493401115,10.0,,-6.871855144143474,-14.144081717999873,17.171081507613753,31.556689476763623,634,Sell,0.24683936884676172
INDTERRAIN.NS,0,0.37631835164271893,2025-09-01,364,1.4120879120879122,-5.0,,7.023177448433928,-9.002731341604331,64.65509872560422,27.446341674367375,635,Sell,0.24736329671456214
RTNPOWER.NS,0,0.37613110851064296,2025-09-01,364,1.1436394271272114,8.0,,-13.892078448307293,-21.46597015488769,28.258548792759957,21.111099926037227,636,Sell,0.24773778297871407
KRITIKA.NS,0,0.376007465072736,2025-09-01,364,0.7525773195876289,15.0,,-0.1828108304978084,-11.50729383091741,42.938560489330676,43.90243902439024,637,Sell,0.24798506985452795
CHEVIOT.NS,0,0.3759926194216838,2025-09-01,364,0.09312320916905444,10.0,,1.2415750534869554,3.9744604038199327,32.91548715153904,49.59566272076914,638,Sell,0.24801476115663235
DHANBANK.NS,0,0.3758107380280205,2025-09-01,364,12.613540197461212,,,0.12473001530398987,-5.531041410057489,30.927905919339725,43.31897065557773,639,Sell,0.24837852394395898
AKASH.NS,0,0.3757856467045273,2025-09-01,364,1.435585864848109,2.74,,-9.138377114490934,-10.96491203609462,27.709092143730178,24.875654701777677,640,Sell,0.2484287065909454
GSS.NS,0,0.3757032031643164,2025-09-01,364,0.7473996407535821,0.46,,-2.2888710347810366,-7.7496270934465805,49.02754240173012,37.36841484449957,641,Sell,0.24859359367136724
DAMCAPITAL.NS,0,0.37533332324566016,2025-09-01,364,0.5580645161290323,65.0,,-2.0503422533441102,0.08666007980453663,22.92294501038294,42.874832928266635,642,Sell,0.2493333535086797
RECLTD.NS,0,0.3753268227715049,2025-09-01,364,6.727564993533884,10.0,,-12.923258106626594,0.8679356628657844,25.803946636789988,29.71262601100311,643,Sell,0.24934635445699016
GALAPREC.NS,0,0.37505186659258544,2025-09-01,364,0.2647058823529412,17.0,,-1.8878687861652563,14.288863219065146,52.86050046440109,55.92355449813201,644,Sell,0.24989626681482913
KAPSTON.NS,0,0.3746288438360416,2025-09-01,364,2.156862745098039,13.0,,20.517244010136046,66.10723966891804,65.4873665000487,48.23681452099421,645,Sell,0.25074231232791677
SANGAMIND.NS,0,0.3745960736809131,2025-09-01,364,2.0049019607843137,7.0,,-2.0303743205235354,14.83081064869349,27.157739641220218,57.323469093455564,646,Sell,0.25080785263817384
HCL-INSYS.NS,0,0.3743805840116176,2025-09-01,364,-1.7227722772277227,-20.0,,-4.601773884836148,-20.029672855739634,19.047484237167367,32.41757925056946,647,Sell,0.2512388319767648
RAMCOIND.NS,0,0.37425293584103264,2025-09-01,364,0.3158289572393098,9.0,,2.361783855093575,15.62472112658291,43.079492303019876,26.245170917413844,648,Sell,0.2514941283179347
ORIENTHOT.NS,0,0.37423930642121606,2025-09-01,364,0.6402714932126696,14.0,,5.59818512545588,38.19762130231188,59.48634110967896,63.63869693050617,649,Sell,0.2515213871575679
MANINDS.NS,0,0.3739948599946693,2025-09-01,364,1.1349831271091113,17.0,,41.45219415257276,51.75854509112925,48.872196062474934,81.9304836865985,650,Sell,0.2520102800106614
INNOVANA.NS,0,0.37380182446805577,2025-09-01,364,0.10975609756097561,32.0,,-4.454131237092647,-7.605421686746988,37.15510495824408,30.163734058990386,651,Sell,0.25239635106388847
MPSLTD.NS,0,0.3737499955299029,2025-09-01,364,0.1901840490797546,39.0,,1.0452023123623762,44.673144372974065,73.33329257090865,34.80032599837,652,Sell,0.2525000089401942
AGARWALEYE.NS,0,0.37358151440722714,2025-09-01,364,0.4539877300613497,6.0,,5.30899521730958,6.557549218441314,32.70536652662679,18.845695405182738,653,Sell,0.2528369711855457
GREENPOWER.NS,0,0.3734767204013752,2025-09-01,364,0.051032662934082235,0.74,,-7.6381934015129005,-18.887911365693615,21.242545772680167,25.45457698093088,654,Sell,0.2530465591972496
MANCREDIT.NS,0,0.3733523158670372,2025-09-01,364,1.8481012658227849,12.0,,4.927544027411255,20.026167643454468,58.3097226888887,60.677135754652035,655,Sell,0.2532953682659256
SRGHFL.NS,0,0.37298668564833415,2025-09-01,364,2.5107142857142857,,,-12.765235028162438,-11.677065659847443,30.053566043053152,21.422212143127254,656,Sell,0.2540266287033317
CONSOFINVT.NS,0,0.3727928046749263,2025-09-01,364,0.0953757225433526,8.0,,-9.852545073001341,11.632152814583899,35.81127625752501,38.990428260826846,657,Sell,0.25441439065014737
RACE.NS,0,0.37275097233312976,2025-09-01,364,1.2285714285714286,9.0,,-8.930350768329273,-12.052828267823841,33.92644401508461,35.4612893048955,658,Sell,0.2544980553337405
TNPETRO.NS,0,0.37260077057573204,2025-09-01,364,0.6858108108108109,7.0,,25.15025558866985,37.97554932861676,37.659426160203104,74.38324684789579,659,Sell,0.2547984588485359
SUPREME.NS,0,0.37233841676475093,2025-09-01,364,0.03927914544425587,2.43,,-14.392937235260636,-17.838986965131163,30.533827692712123,26.647014297792268,660,Sell,0.25532316647049813
GLAND.NS,0,0.3719898765662035,2025-09-01,364,0.07711442786069651,16.0,,15.606614643314796,27.79176590603586,40.38680406034072,67.10246801831698,661,Sell,0.25602024686759295
A2ZINFRA.NS,0,0.37189859795232916,2025-09-01,364,42.285714285714285,1.0,,14.060351493743099,15.646724815155968,67.22073244226624,50.30548667904825,662,Sell,0.2562028040953417
CYIENT.NS,0,0.3718093643346808,2025-09-01,364,0.13200723327305605,16.0,,38.586767949840144,29.625958805208686,43.375686487867405,88.99538318990594,663,Sell,0.25638127133063837
BLUEDART.NS,0,0.3715518760689423,2025-09-01,364,0.8912529550827423,19.0,,-0.7242464643351826,5.477340246178232,28.039783530669393,21.69014084507043,664,Sell,0.2568962478621154
UNIINFO.NS,0,0.3714926895403889,2025-09-01,364,0.3004538577912254,-0.97,,-10.740436931825633,-8.123947633533778,25.957630052265106,15.76087435387241,665,Sell,0.2570146209192222
GODFRYPHLP.NS,0,0.37129123078653553,2025-09-01,364,0.44497907949790794,29.0,,0.10257271266276045,-4.954005349138207,40.12827944938878,30.08292690431867,666,Sell,0.25741753842692894
ACEINTEG.NS,0,0.37126718382763046,2025-09-01,364,0.02616279069767438,-10.3,,-8.929499313503879,-15.544790042476148,32.93579152343638,34.48277137792802,667,Sell,0.25746563234473907
SIGIND.NS,0,0.3706397788871729,2025-09-01,364,2.766949152542373,14.0,,45.25207278865727,46.109979823280845,71.28391825980864,51.89660493234323,668,Sell,0.25872044222565416
AGARIND.NS,0,0.37044070523416717,2025-09-01,364,0.684863523573201,16.0,,-7.190588984076624,9.559683169056743,33.36764443698171,20.18291194264482,669,Sell,0.25911858953166567
BIRLACORPN.NS,0,0.370296328447429,2025-09-01,364,0.47297065385275444,4.0,,-0.4293771517478813,-7.726332056794883,22.723588363869847,39.77417796044898,670,Sell,0.259407343105142
SYRMA.NS,0,0.3696447797127062,2025-09-01,364,0.7973457675753228,6.0,,5.243628649673538,20.343835323473208,38.3980716898154,38.32843584304602,671,Sell,0.2607104405745876
TCPLPACK.NS,0,0.369628725600484,2025-09-01,364,1.4754829123328381,20.0,,22.054837212867277,49.22384678535926,78.8804529403136,62.55899392281621,672,Sell,0.260742548799032
CYBERTECH.NS,0,0.36923999280581976,2025-09-01,364,0.8161764705882353,16.0,,-3.776029899777252,-6.62487604559375,16.10985830238736,40.74071590724049,673,Sell,0.2615200143883605
OSIAHYPER.NS,0,0.36917175217319254,2025-09-01,364,1.0185185185185186,15.0,,-13.194447893787176,-28.77492858140877,43.70328504146795,42.96874723513604,674,Sell,0.26165649565361493
CELLO.NS,0,0.36906485433964226,2025-09-01,364,0.1795727636849132,10.0,,3.541912760437543,-8.57469676781127,55.76730225567409,43.53835699585831,675,Sell,0.2618702913207155
MADHAV.NS,0,0.36904197674206074,2025-09-01,364,0.140820609306028,1.17,,1.6291560399960179,-5.53413639433383,42.77745518547575,46.99908242823655,676,Sell,0.2619160465158785
AARVI.NS,0,0.36879567085371323,2025-09-01,364,0.7657657657657657,10.0,,-5.1293955205790684,9.46442313721355,30.79915118110436,26.404532565414627,677,Sell,0.26240865829257354
SIL.NS,0,0.36849300853735656,2025-09-01,364,0.2430939226519337,-6.0,,16.137536013439334,19.55963705503202,62.68158314045235,52.36180496090703,678,Sell,0.2630139829252869
MOSCHIP.NS,0,0.36820070761390816,2025-09-01,364,0.41208791208791207,11.0,,3.0702548269137133,-0.4508488255732064,46.802652944353916,57.527385312814296,679,Sell,0.2635985847721837
HECPROJECT.NS,0,0.36813026872553994,2025-09-01,364,1.2456140350877194,19.0,,-8.295795773550289,-6.375892952272601,73.33594916432207,29.682232293527022,680,Sell,0.2637394625489201
ARVIND.NS,0,0.3680498521703821,2025-09-01,364,1.3023569023569024,13.0,,7.24365580411937,8.528908860484652,34.87019837714158,47.46349764342211,681,Sell,0.2639002956592358
FIBERWEB.NS,0,0.36799343020079694,2025-09-01,364,0.09239130434782608,10.0,,-9.522193982202001,-4.744915772833762,30.452525672656634,29.575421075604396,682,Sell,0.2640131395984061
PGHL.NS,0,0.367930917574786,2025-09-01,364,0.44193548387096776,48.0,,-11.97865586365409,-4.831464032477392,24.210134522524903,32.70696521760843,683,Sell,0.26413816485042796
VALIANTORG.NS,0,0.36747539519084277,2025-09-01,364,0.5718518518518518,3.0,,11.783502177008614,3.9133407448464004,44.799354886654704,49.85542914061454,684,Sell,0.26504920961831446
MVGJL.NS,0,0.3670751907026969,2025-09-01,364,1.0830090791180285,16.0,,-7.408957547206395,-0.11611916501687947,40.26826060419994,28.172837934013486,685,Sell,0.2658496185946062
FMNL.NS,0,0.3670097050710659,2025-09-01,364,1.588235294117647,16.0,,19.435395813670056,0.9174347244904797,43.73520166948255,72.97295973717779,686,Sell,0.2659805898578682
JINDALPHOT.NS,0,0.36699738475822913,2025-09-01,364,0.4136733478864854,0.81,,-3.369733434246628,3.1344133420371074,19.058332200473327,39.26497289818265,687,Sell,0.26600523048354174
INDOTECH.NS,0,0.36670474262465613,2025-09-01,364,0.5692307692307692,38.0,,7.22392716638751,31.710357191016925,40.195373007758164,49.08114883131293,688,Sell,0.26659051475068773
NORTHARC.NS,0,0.3662295607287888,2025-09-01,364,2.900655021834061,10.0,,8.588848047555532,6.347042101450619,39.498572781937185,66.93595393588737,689,Sell,0.26754087854242237
HPL.NS,0,0.3662109200400617,2025-09-01,364,1.3639274279615796,14.0,,-6.678756878559865,-10.297752275099855,23.81905729630735,23.022847948511668,690,Sell,0.26757815991987655
WESTLIFE.NS,0,0.3657425818696252,2025-09-01,364,0.0019646365422396855,0.0,,14.207690643353704,32.460245340877826,59.341637876021494,36.09331617872069,691,Sell,0.26851483626074957
LANCORHOL.NS,0,0.36573476455113835,2025-09-01,364,1.0297029702970297,12.0,,29.0114117469762,40.20660841109194,64.56753721420444,69.48229143398655,692,Sell,0.2685304708977233
GTECJAINX.NS,0,0.3654701635535232,2025-09-01,364,0.28850855745721266,-24.32,,0.9817628850025286,19.90007780267089,45.700681984622605,40.06820274609388,693,Sell,0.2690596728929536
WEALTH.NS,0,0.3651148572438723,2025-09-01,364,0.061224489795918366,38.0,,-8.267100536040147,-9.398697121360877,22.581926088172953,22.299979463076426,694,Sell,0.26977028551225535
URJA.NS,0,0.36508672521614677,2025-09-01,364,0.6422483766233765,1.43,,2.111106448703342,-14.031805976424705,34.86995300909907,23.333322736958777,695,Sell,0.26982654956770646
FINPIPE.NS,0,0.36498324029824625,2025-09-01,364,0.14145077720207253,9.0,,-2.863825852263116,-10.238463835733423,24.756000453782033,38.14778476610263,696,Sell,0.2700335194035075
GARFIBRES.NS,0,0.3647764415946594,2025-09-01,364,0.3992248062015504,23.0,,10.542337229377097,20.941492541174362,36.25835108337554,49.89917156799993,697,Sell,0.27044711681068123
KANSAINER.NS,0,0.3647606820332834,2025-09-01,364,0.2642623970153894,14.0,,-1.6478265405723183,-7.864001053066312,34.381269857579106,21.79343569075236,698,Sell,0.27047863593343324
BALUFORGE.NS,0,0.3643672796190174,2025-09-01,364,0.24908088235294118,25.0,,47.528865541101325,37.31727666178114,59.52123868924162,81.40027314738478,699,Sell,0.27126544076196524
SAGCEM.NS,0,0.3639649915634418,2025-09-01,364,0.6928792569659443,-2.0,,-7.219308084630158,-9.642361408996619,25.310002025818605,34.94889835262275,700,Sell,0.2720700168731164
CURAA.NS,0,0.36363496163051995,2025-09-01,364,1.4828025477707,-10.69,,-2.4237328897890986,-20.397723804820668,60.32827544317397,42.41768325739204,701,Sell,0.2727300767389601
UNIENTER.NS,0,0.36360344733890504,2025-09-01,364,0.041124780316344464,0.0,,-1.341999178188282,-7.21602448306111,18.07318160971342,39.46956067898042,702,Sell,0.2727931053221899
TATACHEM.NS,0,0.36340502742621195,2025-09-01,364,0.21263940520446098,4.0,,-2.170668067722345,-9.791068215762396,19.958604020086575,41.897719854027336,703,Sell,0.2731899451475761
MALLCOM.NS,0,0.36327102033042225,2025-09-01,364,0.5496688741721855,15.0,,-3.0489590118304655,2.7800604103770556,34.04040927003916,48.64653448201909,704,Sell,0.2734579593391555
EQUIPPP.NS,0,0.36313714905561456,2025-09-01,364,1.5681114551083588,1.04,,3.494024709654474,31.239482437790535,44.591990218110595,56.41025282737118,705,Sell,0.2737257018887709
20MICRONS.NS,0,0.36313158810829577,2025-09-01,364,0.5517241379310345,19.0,,10.961159530645247,21.630310199679812,37.47627662594655,75.14650038450762,706,Sell,0.27373682378340847
JPPOWER.NS,0,0.362989343502727,2025-09-01,364,0.41953210865127966,10.0,,-10.06014248487991,-14.899116255218445,29.0572407302159,5.479450265200015,707,Sell,0.274021312994546
LALPATHLAB.NS,0,0.3627233739760464,2025-09-01,364,0.21913712088850917,31.0,,2.783687747423354,24.338224862581708,25.3724662724336,45.00217659222916,708,Sell,0.27455325204790715
PITTIENG.NS,0,0.3625747847022458,2025-09-01,364,1.2718340611353711,16.0,,19.670089300804488,17.85980198133106,36.310754427355555,76.07142857142857,709,Sell,0.2748504305955084
BALKRISIND.NS,0,0.3625681485503653,2025-09-01,364,0.5738772383414728,16.0,,-7.7071376280931805,3.9415172722163287,43.90343305874314,23.08257412012729,710,Sell,0.2748637028992694
TREJHARA.NS,0,0.3622560984986177,2025-09-01,364,0.10931289040318008,2.47,,6.933622856160036,-0.11083656236691765,55.426687011302,17.15388636603265,711,Sell,0.27548780300276465
BUTTERFLY.NS,0,0.36225313813245164,2025-09-01,364,0.5988538681948424,15.0,,-12.342512098236268,-2.749399234241037,35.06843970316885,25.08647390230287,712,Sell,0.27549372373509673
SBC.NS,0,0.3622398229870139,2025-09-01,364,3.536231884057971,16.0,,0.33326162803948794,14.725094175983378,21.0751972823716,54.383584049547174,713,Sell,0.2755203540259722
TTKPRESTIG.NS,0,0.36205005685082425,2025-09-01,364,0.34553058024046,13.0,,-9.008726619757622,8.424850418153568,33.76677000034386,46.92652978059103,714,Sell,0.2758998862983515
BHARATGEAR.NS,0,0.3620212123626926,2025-09-01,364,2.319672131147541,2.0,,-18.857310986161384,-10.410860752333365,34.36504679777693,35.5682566774464,715,Sell,0.27595757527461484
JAMNAAUTO.NS,0,0.36197201556656033,2025-09-01,364,0.35938903863432164,22.0,,-7.305098018277762,0.10773587866512212,45.87286390188914,32.5411387461574,716,Sell,0.27605596886687933
DEEDEV.NS,0,0.36185872214265113,2025-09-01,364,1.091016548463357,7.0,,-13.00567409735564,-10.24783688050872,41.61032306647445,41.48990251421997,717,Sell,0.27628255571469773
CONTROLPR.NS,0,0.36167437657741563,2025-09-01,364,0.17355371900826447,23.0,,4.772747073717361,-1.096555825362001,45.66895792677753,58.409921804307125,718,Sell,0.27665124684516873
POWERMECH.NS,0,0.3614264175096492,2025-09-01,364,1.055956678700361,21.0,,-2.0756631183685963,3.7010286379847295,26.363616106777034,56.53082049810262,719,Sell,0.2771471649807016
POLYPLEX.NS,0,0.36139521088923154,2025-09-01,364,0.3812754409769335,14.0,,7.336089249559322,26.565509709762107,35.56483085627157,50.73553543762859,720,Sell,0.2772095782215369
TANLA.NS,0,0.3613663427978551,2025-09-01,364,1.2964426877470356,41.0,,-8.228646622956278,0.22097638044487725,45.38268252530347,17.207910560111117,721,Sell,0.27726731440428976
JIOFIN.NS,0,0.36136035889962753,2025-09-01,364,0.003944840834248079,3.0,,-5.671360482077479,2.92951009498444,26.693649857127085,31.672021148403857,722,Sell,0.27727928220074494
EMAMIREAL.NS,0,0.36129588758813436,2025-09-01,364,-15.36774193548387,-2.0,,-11.438410392943988,-17.508023596296567,30.58800783413142,28.937006987097618,723,Sell,0.2774082248237313
MARINE.NS,0,0.3611961378520729,2025-09-01,364,0.6140350877192983,18.0,,56.732809449197376,57.61331971058317,51.993989758896454,73.79089970854349,724,Sell,0.27760772429585423
SHYAMMETL.NS,0,0.3610735128676073,2025-09-01,364,0.2745478036175711,12.0,,6.313889702842896,12.078829449339421,25.70942495123738,78.95581953211959,725,Sell,0.2778529742647854
SIYSIL.NS,0,0.36049756399654126,2025-09-01,364,0.6086956521739131,20.0,,-5.769550175044129,-2.04608187550939,33.316248781926795,33.8764264826019,726,Sell,0.2790048720069175
BHEL.NS,0,0.3602201721873297,2025-09-01,364,1.9197062621045835,5.0,,8.75921225957847,9.29803254943606,27.799505211439907,70.23990638164497,727,Sell,0.2795596556253406
SKIPPER.NS,0,0.36015758012155263,2025-09-01,364,2.159968479117415,24.0,,2.548557500148034,-5.135843609635189,36.51729541822816,55.05238627020564,728,Sell,0.27968483975689473
NBIFIN.NS,0,0.3601313039710319,2025-09-01,364,0.0587503885607709,0.0,,-9.671007326596309,6.4650434514388175,28.010784304136198,19.48825537004153,729,Sell,0.27973739205793624
TRANSWORLD.NS,0,0.3599632322978102,2025-09-01,364,0.4753246753246753,7.0,,9.092589955271025,7.336776361285137,42.25177049095195,64.91348163745235,730,Sell,0.2800735354043796
YATRA.NS,0,0.35954958346241733,2025-09-01,364,0.5465425531914894,3.0,,-0.056353480556472886,10.451478831656596,43.770524349466186,37.488113103727294,731,Sell,0.28090083307516533
UTTAMSUGAR.NS,0,0.3595015286415181,2025-09-01,364,0.5542784163473818,12.0,,40.36342587778872,35.26505060149231,59.766289708279054,68.74881583658583,732,Sell,0.28099694271696385
JAYNECOIND.NS,0,0.3593542205169738,2025-09-01,364,1.1888111888111887,13.0,,13.986652508907103,-0.4220238978219197,45.78323406961834,62.63698562452269,733,Sell,0.2812915589660524
CAMS.NS,0,0.3588335248475006,2025-09-01,364,0.4033687943262411,55.0,,-1.4646990914760345,4.805312066916835,22.294690540730315,48.55610502885574,734,Sell,0.28233295030499883
ANUHPHR.NS,0,0.3587844481021539,2025-09-01,364,0.5565749235474006,17.0,,6.822614195896466,12.748557767428304,25.75377477276954,72.54750089783064,735,Sell,0.28243110379569225
MITTAL.NS,0,0.35861823658676195,2025-09-01,364,0.1330251669234722,4.27,,-7.777777189089913,-16.161618655025418,24.97935008570989,28.571434653533203,736,Sell,0.2827635268264761
HERANBA.NS,0,0.3582278650976304,2025-09-01,364,1.0655737704918034,9.0,,-1.8975807023420794,-3.794632662685578,34.67396527928742,45.13031418813253,737,Sell,0.28354426980473924
APCOTEXIND.NS,0,0.358040740468165,2025-09-01,364,0.6224137931034482,13.0,,5.716858363089658,31.04333546974779,57.26961753151711,59.98640805764178,738,Sell,0.28391851906367005
GROBTEA.NS,0,0.3576178883076974,2025-09-01,364,0.31708945260347143,12.71,,10.418326709473682,9.954080372646821,28.965332910743687,67.39709566722638,739,Sell,0.28476422338460516
ACL.NS,0,0.3575350249643868,2025-09-01,364,16.486842105263158,-11.0,,-7.11279679199376,-18.770704332531526,19.63252441730558,17.803660460112283,740,Sell,0.28492995007122635
NAGREEKCAP.NS,0,0.35748900993368227,2025-09-01,364,3.7777777777777777,29.0,,0.04393773629732179,-18.591344237566858,39.145978909884604,46.51952780679637,741,Sell,0.28502198013263547
STANLEY.NS,0,0.35724549978295805,2025-09-01,364,0.27751196172248804,9.0,,-11.154940551011611,-6.664400653515705,28.312109247507355,39.923546954735244,742,Sell,0.2855090004340839
HEXT.NS,0,0.35692645817781116,2025-09-01,364,0.6581347455133862,32.0,,-1.2285273950198619,3.2093023255813953,39.83481257246266,44.45035038282206,743,Sell,0.2861470836443777
EPIGRAL.NS,0,0.3568583859293589,2025-09-01,364,0.5404761904761904,25.0,,11.535329265132996,8.187805952446249,42.19820227627729,66.75080664632674,744,Sell,0.28628322814128215
SCHAND.NS,0,0.35659599950113907,2025-09-01,364,0.1674698795180723,4.0,,-4.552059282004056,-10.577479276419469,18.501660036474362,40.428858271989576,745,Sell,0.28680800099772186
TOUCHWOOD.NS,0,0.35655560602294145,2025-09-01,364,0.3099510603588908,18.51,,-8.75056882061219,-13.349517656481833,28.09331332865287,26.34689356360886,746,Sell,0.2868887879541171
KIRLOSBROS.NS,0,0.35650081619103274,2025-09-01,364,0.5937315198107629,21.0,,2.209998466057182,18.67748320133976,26.60732985175201,45.95245101118469,747,Sell,0.2869983676179345
PRIVISCL.NS,0,0.35615945053990145,2025-09-01,364,1.1192,18.0,,-2.9469548133595285,5.581096140586273,18.139197907820655,22.483048646714423,748,Sell,0.2876810989201971
MBAPL.NS,0,0.35585438864902896,2025-09-01,364,1.6296296296296295,18.0,,-1.7545996714001266,50.10046466974292,47.86463714992701,46.92623258373565,749,Sell,0.2882912227019421
AWHCL.NS,0,0.35528854231955886,2025-09-01,364,0.18143459915611815,2.0,,-8.775720844222977,-16.270229975307362,24.833755022407736,28.88890440965271,750,Sell,0.28942291536088227
EIFFL.NS,0,0.3552183828363764,2025-09-01,364,1.1388888888888888,10.0,,-5.596371284948876,31.2597900450527,53.01227755965083,58.78316971204869,751,Sell,0.2895632343272472
ICICIGI.NS,0,0.35498437346135703,2025-09-01,364,2.7059889972493125,25.0,,-3.498178756291655,-9.989661048730373,21.626705371956355,16.695698140605757,752,Sell,0.29003125307728594
SWSOLAR.NS,0,0.3548194176984857,2025-09-01,364,7.731343283582089,13.0,,-7.1729772510435055,-2.783054258765244,24.20752920245128,31.958749995966485,753,Sell,0.29036116460302863
SVLL.NS,0,0.3545820329330883,2025-09-01,364,5.54054054054054,17.0,,6.802721088435375,19.737649364372263,26.26697797953488,77.15880207757763,754,Sell,0.29083593413382336
LIBERTSHOE.NS,0,0.3545515779807913,2025-09-01,364,1.2412280701754386,10.0,,-6.576173768766473,0.9877662933258061,29.392556985001633,42.28261608708127,755,Sell,0.2908968440384174
JUBLPHARMA.NS,0,0.35438503219759965,2025-09-01,364,0.058823529411764705,3.0,,-5.694273497278139,-9.438047132792422,30.908704137922054,25.075003276931056,756,Sell,0.2912299356048007
HFCL.NS,0,0.35433636935323065,2025-09-01,364,0.8555361159710072,8.0,,28.449875562024594,24.91349067921467,50.256661015882834,73.98484958910491,757,Sell,0.2913272612935387
ORIENTCEM.NS,0,0.35430606581910606,2025-09-01,364,0.4362578768783325,9.0,,-5.188814673273299,-3.744635781891334,21.905236888570556,37.30597689696677,758,Sell,0.29138786836178787
QPOWER.NS,0,0.3542397410861188,2025-09-01,364,0.10393258426966293,18.0,,32.61811968828313,37.57615632468442,43.831425215287,75.66621961337168,759,Sell,0.29152051782776245
DIAMONDYD.NS,0,0.3540937545967459,2025-09-01,364,0.31798561151079136,-1.0,,3.3416369790178355,6.963487714309423,27.435602448340518,27.10092950078281,760,Sell,0.2918124908065082
SPMLINFRA.NS,0,0.35402096303024344,2025-09-01,364,1.3321596244131455,9.0,,-6.468387046405695,-12.937416218273723,28.315415735061727,41.25027294179177,761,Sell,0.2919580739395131
BIGBLOC.NS,0,0.3538631221698838,2025-09-01,364,2.0949548810500405,-1.34,,-9.02090697468493,-18.053905619579876,22.38572652788175,16.14581289596751,762,Sell,0.2922737556602324
ADANIENSOL.NS,0,0.35371568785745955,2025-09-01,364,0.587431421446384,5.0,,-13.85681272742124,-5.0699854269415585,38.21333018309447,30.027338312269734,763,Sell,0.2925686242850809
VISAKAIND.NS,0,0.3536615951047593,2025-09-01,364,0.7774968394437421,4.0,,4.799148731867336,27.409070176968083,54.095672285560035,27.389924350790295,764,Sell,0.2926768097904814
MUKKA.NS,0,0.3535484053494568,2025-09-01,364,1.7188264058679708,11.0,,10.689046561549063,11.974979471286007,35.947360176046466,57.446803905601115,765,Sell,0.2929031893010864
BAJAJ-AUTO.NS,0,0.35353841480694226,2025-09-01,364,0.369759651348099,38.0,,4.181245626312107,15.844762182667054,24.768789428093953,60.300618921308576,766,Sell,0.2929231703861155
UMESLTD.NS,0,0.3533643794235241,2025-09-01,364,0.17036506800286333,2.0,,-3.6363601684570312,-4.676254581303095,63.85994467453615,48.63388084931748,767,Sell,0.2932712411529518
SANOFICONR.NS,0,0.35328477099994854,2025-09-01,364,0.642023346303502,111.0,,-8.78844909485595,-8.399990107231455,16.43041717552239,22.527308569156773,768,Sell,0.2934304580001029
MAHSEAMLES.NS,0,0.35292746953907883,2025-09-01,364,0.11548516069506382,17.0,,17.30787380109694,8.614490038996374,23.09802186896348,87.47249679086666,769,Sell,0.29414506092184234
KSOLVES.NS,0,0.35273838055751716,2025-09-01,364,0.6470588235294118,157.0,,-3.5452081992782007,-4.696375938992281,15.547910530079703,37.3397707076645,770,Sell,0.2945232388849657
NAUKRI.NS,0,0.35247447695230555,2025-09-01,364,0.1780977137905752,5.0,,7.07441386340469,30.91323704066672,33.21204157423258,39.27920663277808,771,Sell,0.2950510460953889
MUNJALAU.NS,0,0.35242668116069337,2025-09-01,364,0.7962085308056872,9.0,,11.777665184440632,30.52522418321471,63.563121172528625,63.87654009050994,772,Sell,0.29514663767861327
ORCHASP.NS,0,0.35237291791089204,2025-09-01,364,0.9171021167301392,-8.26,,-5.298016120569697,-26.666671149750947,67.39074631293519,41.50942844527876,773,Sell,0.2952541641782159
ROTO.NS,0,0.35231320945342876,2025-09-01,364,0.3422222222222222,17.0,,-6.207303700583478,15.173145512041389,36.52586815837458,41.58966183213804,774,Sell,0.2953735810931425
SINTERCOM.NS,0,0.35222224933778246,2025-09-01,364,0.948198198198198,5.08,,-5.106438809146624,8.106262703747186,44.08193743065881,34.395433086375434,775,Sell,0.2955555013244351
GODREJAGRO.NS,0,0.3521532593763683,2025-09-01,364,1.1728713601179506,24.0,,8.920264783894751,6.532787783590159,32.467317504049895,65.61125322621973,776,Sell,0.29569348124726336
MAMATA.NS,0,0.3519224660175967,2025-09-01,364,0.4057142857142857,29.0,,3.653316528041459,7.218479921048796,32.12773803848149,33.741125720789555,777,Sell,0.2961550679648066
SADBHAV.NS,0,0.3517747644473383,2025-09-01,364,2.1854066985645932,1.0,,-6.910993028590956,-5.526030951343353,62.28346842235337,50.57472524340596,778,Sell,0.2964504711053234
DEEPAKNTR.NS,0,0.351699276525073,2025-09-01,364,0.14375987361769352,10.0,,7.2388830362366665,5.007520908357912,26.008162999070873,47.26419288680726,779,Sell,0.296601446949854
UNITDSPR.NS,0,0.3515100045486136,2025-09-01,364,0.5934393638170974,26.0,,-1.4295988031228772,19.343404425285915,18.446506757558975,46.93251304018962,780,Sell,0.29697999090277283
KINGFA.NS,0,0.35150589162702606,2025-09-01,364,0.33976833976833976,31.0,,16.58498333660067,11.367041198501873,33.65405564537276,59.4855305466238,781,Sell,0.2969882167459479
ITCHOTELS.NS,0,0.3514188665440079,2025-09-01,364,0.12263736263736263,10.0,,-1.4041995737274788,5.0459335625889725,22.068032784774765,34.50319606693553,782,Sell,0.2971622669119842
NOCIL.NS,0,0.35128463730524156,2025-09-01,364,0.16808149405772496,7.0,,4.434427033254345,6.283760685701011,32.84315834952531,60.81983580428833,783,Sell,0.29743072538951687
ADSL.NS,0,0.3511877798224586,2025-09-01,364,0.5626283367556468,8.0,,-6.945115056296075,-12.292922492695405,20.96100276010571,21.790040709782602,784,Sell,0.29762444035508284
PLAZACABLE.NS,0,0.35110826443014814,2025-09-01,364,0.4112903225806452,4.0,,27.238361163589857,12.489555991715703,48.128276189189876,64.61598322011815,785,Sell,0.2977834711397037
MEDICO.NS,0,0.35077518868689367,2025-09-01,364,1.044776119402985,21.0,,-13.341519542186361,-8.64970250957048,47.177288101045136,37.77403241525492,786,Sell,0.29844962262621266
PREMIERENE.NS,0,0.3506316610782838,2025-09-01,364,0.1769436997319035,12.0,,1.3793813786648634,-4.83929762827135,33.009556734762604,46.882125855102615,787,Sell,0.2987366778434324
KSL.NS,0,0.35056091128070344,2025-09-01,364,0.4319796954314721,16.0,,2.0212432484567904,5.118405781296155,36.24679151366805,60.316534700634314,788,Sell,0.29887817743859313
GENUSPAPER.NS,0,0.3505156523123326,2025-09-01,364,1.1801980198019801,5.0,,0.8291826228525822,-2.4859696309418133,49.27794508727889,46.055973654318,789,Sell,0.29896869537533477
FOSECOIND.NS,0,0.3504295105434842,2025-09-01,364,0.4146341463414634,31.0,,28.020927658718183,27.204385256588804,35.151028921944906,74.2936117936118,790,Sell,0.2991409789130316
HINDNATGLS.NS,0,0.35041594260801756,2025-06-01,456,-4.616149068322981,3.0,,,,,,791,Sell,0.2991681147839649
WENDT.NS,0,0.3504085118452138,2025-09-01,364,0.17333333333333334,21.0,,1.7213721618953601,20.71820184259008,32.08135367554087,54.28057553956835,792,Sell,0.29918297630957236
CPCAP.NS,0,0.35040575275830027,2025-09-01,364,0.24577861163227016,10.0,,1.367431076158522,18.55852381002562,61.28999745943074,47.37735705594317,793,Sell,0.29918849448339946
BEARDSELL.NS,0,0.35022913640390363,2025-09-01,364,0.9534883720930233,15.0,,-2.5159598100214806,-12.474716055206875,27.239048889644142,43.85184176305601,794,Sell,0.29954172719219274
BOMDYEING.NS,0,0.3500214821835835,2025-09-01,364,0.2568493150684932,3.0,,-5.9902895189834,-6.998084002197767,26.567997309483005,45.833333333333336,795,Sell,0.29995703563283305
HDIL.NS,0,0.34929316686815876,2025-03-01,548,-2.720114687094216,-5.37,,-7.975459853492514,-22.279790633892635,24.8477156577982,39.99999999999999,796,Sell,0.3014136662636825
CEIGALL.NS,0,0.34920550534780653,2025-09-01,364,0.9873949579831933,22.0,,1.8822789253655134,-1.9551431948342985,28.585656481829737,67.99660731716921,797,Sell,0.30158898930438693
GOLDENTOBC.NS,0,0.3491458540378486,2021-12-01,1734,-2.343570057581574,,,2.680410798062983,1.6326515042051977,36.59072306646593,57.166952876253575,798,Sell,0.3017082919243028
CERA.NS,0,0.34898849547631233,2025-09-01,364,0.32408759124087594,22.0,,-7.560895863985614,2.047899104865871,25.220186686331907,28.193325661680092,799,Sell,0.30202300904737533
GANESHBE.NS,0,0.34882669577893866,2025-09-01,364,0.2743362831858407,16.0,,3.379017409500658,27.857139022692483,55.87043003704334,49.522327731264795,800,Sell,0.3023466084421227
MANAKALUCO.NS,0,0.34849935825878264,2025-09-01,364,2.869565217391304,11.0,,12.126382556246694,11.208360886319431,58.9806726370295,32.73573155895136,801,Sell,0.3030012834824347
SUVIDHAA.NS,0,0.34841463101477105,2025-09-01,364,0.1922283047653234,-8.05,,-10.196078248044149,-14.552242357817349,28.417111157480285,21.42855926435351,802,Sell,0.3031707379704579
MANALIPETC.NS,0,0.3483519704504266,2025-09-01,364,0.308994708994709,0.0,,25.982432992657955,27.45556716234338,51.69719161460944,73.0922500407321,803,Sell,0.3032960590991468
SHIVALIK.NS,0,0.3479886767269159,2025-09-01,364,0.315,4.0,,22.21204550969661,21.524754892481436,47.57635166204137,72.73685217478915,804,Sell,0.3040226465461682
ETERNAL.NS,0,0.34788293441607826,2025-09-01,364,0.05675600223338917,7.0,,8.48073825797256,32.83401056822495,28.614130250427056,64.89674002576436,805,Sell,0.3042341311678435
GRAVITA.NS,0,0.3476235007349778,2025-09-01,364,0.29359953024075164,21.0,,11.370943082263262,10.815632574445983,34.23288764843011,53.143766438202135,806,Sell,0.30475299853004445
TRITURBINE.NS,0,0.347497126164457,2025-09-01,364,0.7329749103942652,48.0,,-3.9139084785103404,-13.560582265465207,28.367784722154628,37.775347423413585,807,Sell,0.305005747671086
CINELINE.NS,0,0.34732342345856454,2025-09-01,364,1.103448275862069,5.0,,8.617288094979745,9.79658850940592,40.85094116362155,43.79234488325125,808,Sell,0.3053531530828709
MINDTECK.NS,0,0.34720161024490515,2025-09-01,364,0.14213197969543148,14.0,,-7.62400507756138,-17.569279332371448,27.007861191732257,29.924125103774188,809,Sell,0.3055967795101897
APTUS.NS,0,0.3471936788653748,2025-09-01,364,1.2435515873015872,14.0,,-4.728179757406296,-3.3967390499532226,27.92657590219284,39.81840649901917,810,Sell,0.30561264226925045
RALLIS.NS,0,0.3470461482434116,2025-09-01,364,0.621832358674464,10.0,,-4.582295742935572,-11.510206294736019,20.41691698190804,39.45178878183584,811,Sell,0.30590770351317675
VIRINCHI.NS,0,0.34704131129106014,2025-09-01,364,0.4457013574660634,6.0,,-3.2924482660920074,-5.189877459491326,28.14734633522335,38.434147396043514,812,Sell,0.3059173774178797
APTECHT.NS,0,0.34688587112542274,2025-09-01,364,0.2886178861788618,15.0,,0.9485913812249915,-12.152048017877009,25.746632065364704,36.68047344021659,813,Sell,0.3062282577491545
FIVESTAR.NS,0,0.3468351650909439,2025-09-01,364,1.2678518953864237,,,-2.386574303822595,22.90578498495466,31.31804011114824,46.46628366415105,814,Sell,0.30632966981811216
JAYAGROGN.NS,0,0.3465014860408526,2025-09-01,364,0.2644135188866799,17.0,,2.8514787169636366,-3.8007184569279753,38.895994717059516,55.811745782897134,815,Sell,0.30699702791829475
HAPPSTMNDS.NS,0,0.3463690996134932,2025-09-01,364,0.9704939063502245,14.0,,7.887062311034952,11.01922785372568,43.444010426211484,54.131150368842526,816,Sell,0.30726180077301357
HMAAGRO.NS,0,0.3463483203467579,2025-09-01,364,1.0157958687727826,10.0,,2.2417108879674377,-10.87511161311128,47.23705286226188,41.32901124501369,817,Sell,0.3073033593064842
TEJASNET.NS,0,0.3462829392945173,2025-09-01,364,1.96996996996997,15.0,,9.113060428849902,-1.668862538427756,41.41438334230917,61.56569094989718,818,Sell,0.3074341214109654
ALICON.NS,0,0.3459454271187062,2025-09-01,364,1.175,11.0,,0.6612298994514055,3.2012655002680743,43.12322164065815,41.21605140947434,819,Sell,0.30810914576258763
GUFICBIO.NS,0,0.34575108822866124,2025-09-01,364,1.0158982511923689,13.0,,5.846740501161452,16.39655357516918,30.92450568539753,34.79942788369294,820,Sell,0.3084978235426775
SHEMAROO.NS,0,0.345582031595694,2025-09-01,364,1.063660477453581,-10.0,,6.382978723404255,11.170399578334148,40.56804119332148,47.08617927940776,821,Sell,0.308835936808612
ENDURANCE.NS,0,0.34553592833186925,2025-09-01,364,0.28258007898200965,22.0,,4.8839838140573,9.446374619393897,25.338729948330563,45.688901488486096,822,Sell,0.3089281433362615
RELAXO.NS,0,0.3452818844369728,2025-09-01,364,0.36018957345971564,11.0,,-11.412304668996665,5.998222640372496,34.0384856724518,10.568592908903653,823,Sell,0.30943623112605445
ORIENTELEC.NS,0,0.3448730824883686,2025-09-01,364,1.0521861777150916,18.0,,2.8952322680643605,-0.5325428155629304,33.522599579712825,33.35380947542839,824,Sell,0.31025383502326276
SALZERELEC.NS,0,0.34455665225312837,2025-09-01,364,1.355475763016158,13.0,,-2.650421303840362,-13.67141064958516,26.57690355984954,34.81076070264804,825,Sell,0.31088669549374326
FMGOETZE.NS,0,0.3443442729019913,2025-09-01,364,0.3198757763975155,21.0,,31.727620437634997,47.89348534578403,48.69879045235234,82.04709569257405,826,Sell,0.31131145419601736
MEDIASSIST.NS,0,0.344164852191264,2025-09-01,364,0.3103448275862069,20.0,,-6.616316577537185,-9.03393468082498,24.945133020948486,35.298609650660126,827,Sell,0.31167029561747195
AMDIND.NS,0,0.3441087752788365,2025-09-01,364,0.6730769230769231,5.0,,11.827499781127266,7.029020306365252,56.34014888520088,61.517739027092915,828,Sell,0.311782449442327
ASALCBR.NS,0,0.34403712601606085,2025-09-01,364,0.3219761499148211,20.0,,-8.049673608595961,-14.241135562290436,28.94937903934178,38.91891891891892,829,Sell,0.3119257479678783
SREEL.NS,0,0.34366339001353735,2025-09-01,364,0.06818181818181818,7.0,,16.021018994471127,24.348297690198294,47.937045123632394,64.78033327049988,830,Sell,0.3126732199729253
COSMOFIRST.NS,0,0.3436109153441443,2025-09-01,364,2.3391304347826085,8.0,,6.256369780028765,28.398977146141526,34.17599396942968,52.75589415924653,831,Sell,0.31277816931171143
PKTEA.NS,0,0.34332980208755076,2025-09-01,364,0.28299725022914757,1.2,,7.942602626771906,-4.531467336527723,45.46249455682868,60.90632452949595,832,Sell,0.3133403958248985
ALKALI.NS,0,0.34317244533953434,2025-09-01,364,0.9902264600715135,-4.87,,-5.654363003015426,-31.30874067212284,35.71884728718205,54.149829012268974,833,Sell,0.3136551093209313
ARTNIRMAN.NS,0,0.34275418310138195,2025-09-01,364,1.3405046480743694,6.63,,2.6804147834466123,-7.240979173707278,37.123163769158616,37.604789981461025,834,Sell,0.3144916337972361
BEPL.NS,0,0.3425894037956735,2025-09-01,364,0.12716763005780346,25.0,,4.36993608129639,30.285858760398998,42.54448203969226,47.89473120635123,835,Sell,0.31482119240865303
TOLINS.NS,0,0.34245465616693194,2025-09-01,364,0.07641196013289037,14.0,,-6.780495941320967,-5.987137920875669,19.84382468181313,24.224480239903585,836,Sell,0.3150906876661361
JGCHEM.NS,0,0.3423217277195332,2025-09-01,364,0.040498442367601244,9.0,,25.704645323099264,46.444668728505555,67.17843825877638,52.05018118571221,837,Sell,0.31535654456093365
PRECWIRE.NS,0,0.34231544973460826,2025-09-01,364,1.3872919818456884,27.0,,43.42049642502209,18.599322169127277,80.06207996087666,64.05390462274444,838,Sell,0.3153691005307835
CROWN.NS,0,0.342244252381604,2025-09-01,364,1.6081081081081081,19.0,,-7.2099777149715285,-6.457786600020361,30.458088231111613,29.01616899824039,839,Sell,0.315511495236792
AJOONI.NS,0,0.34219069634514965,2025-09-01,364,0.16853932584269662,7.0,,-4.975125587876759,-4.738161715567246,34.3369058102748,48.93617129207136,840,Sell,0.3156186073097007
BEDMUTHA.NS,0,0.341985542211132,2025-09-01,364,3.4326241134751774,17.0,,-3.1361130138034374,-7.294302910593029,38.77607275347658,39.57584197559033,841,Sell,0.31602891557773605
RELIGARE.NS,0,0.34195891117573834,2025-09-01,364,0.044027721157766,-1.0,,-7.66639909375849,-1.1368908176110237,37.80320657852547,54.771786859525655,842,Sell,0.3160821776485233
ASKAUTOLTD.NS,0,0.3419093553456334,2025-09-01,364,0.49162995594713654,29.0,,24.969233911390198,51.40289704078375,64.77988075851958,51.87272964152511,843,Sell,0.31618128930873324
TEGA.NS,0,0.34183030622003663,2025-09-01,364,0.19030390738060782,18.0,,6.785597363051162,-12.893302394464412,36.82697599457402,43.490370165903265,844,Sell,0.31633938755992674
MAZDOCK.NS,0,0.3410243175723299,2025-09-01,364,2.1079910935180606,49.0,,4.310897835786695,1.7477680874314752,27.190579236790093,40.12764293320349,845,Sell,0.31795136485534015
KOHINOOR.NS,0,0.34079317154406136,2025-09-01,364,-2.2934131736526946,0.0,,50.04356331284539,37.415242051445915,80.51124587479536,83.57142832814432,846,Sell,0.3184136569118773
GULFOILLUB.NS,0,0.34077871700332346,2025-09-01,364,0.68863361547763,28.0,,8.498527120958556,23.691613269154022,31.20851176547343,39.13042445020778,847,Sell,0.3184425659933531
SUBROS.NS,0,0.3407701774721411,2025-09-01,364,0.7271157167530224,20.0,,-7.289668897713477,0.6723555535098157,25.986093112289705,8.00324862757327,848,Sell,0.3184596450557178
METROBRAND.NS,0,0.3407184096412341,2025-09-01,364,1.079685746352413,20.0,,-9.03175132318914,-8.845851064474296,22.100387283317634,39.402355559929006,849,Sell,0.31856318071753176
GUJAPOLLO.NS,0,0.3402555108040523,2025-09-01,364,0.11096373056994811,1.23,,0.6266376736337647,-11.315178313438505,36.64641658207322,42.15746780705004,850,Sell,0.3194889783918954
DCI.NS,0,0.3402503795927599,2025-09-01,364,2.146067415730337,26.0,,48.166210584631884,47.42045543440564,68.70079863229904,72.70259102378596,851,Sell,0.3194992408144802
AAVAS.NS,0,0.34022536273356213,2025-09-01,364,3.154059829059829,,,-6.392189721600667,-2.260536398467433,32.209203847445174,19.506400147388206,852,Sell,0.31954927453287574
ANANTRAJ.NS,0,0.33983156802144343,2025-09-01,364,0.17508505626799267,7.0,,-3.298635001751401,10.381814301522486,26.66995391831866,48.1964890979916,853,Sell,0.32033686395711314
DELTAMAGNT.NS,0,0.33968423993986857,2025-09-01,364,4.753001715265866,-10.79,,0.24385889221483475,-7.84627936912177,36.714033055639305,41.23315269281287,854,Sell,0.32063152012026286
UNIVCABLES.NS,0,0.33917231149647614,2025-09-01,364,1.923841059602649,11.0,,21.333916486258598,39.02246858518691,70.04185021456661,48.258863683255576,855,Sell,0.3216553770070477
AKG.NS,0,0.3388537199162617,2025-09-01,364,0.0,2.96,,-8.582840030563261,-18.65009181867721,69.22622505591328,65.93406650988678,856,Sell,0.32229256016747665
SSDL.NS,0,0.3384035334726707,2025-09-01,364,1.0052910052910053,29.0,,6.520119187969775,-3.1339971410772405,63.50222083091922,56.00290509233797,857,Sell,0.32319293305465857
ELGIRUBCO.NS,0,0.338355944313204,2025-09-01,364,0.6369426751592356,2.0,,-1.0553686057290819,28.755538282536797,51.55308533178239,50.3405944278367,858,Sell,0.32328811137359204
KIRIINDUS.NS,0,0.33756576296871926,2025-09-01,364,0.5050890585241731,2.0,,20.102339480250837,25.611621193478417,46.09417217530799,65.97573188589263,859,Sell,0.3248684740625615
AARON.NS,0,0.3373801807996308,2025-09-01,364,0.9751356238698012,18.62,,3.1538615329953905,15.143599631631227,71.07096388581161,42.28148479223959,860,Sell,0.32523963840073844
KRONOX.NS,0,0.3370387893696517,2025-09-01,364,0.1188118811881188,44.0,,18.081399606917373,34.877960623498325,94.1360084156549,53.97058501038077,861,Sell,0.3259224212606966
UNOMINDA.NS,0,0.33699705754451903,2025-09-01,364,0.8031944189462089,18.0,,8.799449767672977,17.08569855287656,20.886887168543534,46.24059805329797,862,Sell,0.32600588491096194
GANDHITUBE.NS,0,0.33683438515141834,2025-09-01,364,0.08710801393728224,28.0,,4.492036428188123,7.8158089357083655,31.241563990111487,54.16559877432197,863,Sell,0.3263312296971633
NILAINFRA.NS,0,0.33630263034397234,2025-09-01,364,3.943589743589744,17.0,,-6.215467175292985,-14.05063443183133,23.630732421098784,10.126573110004529,864,Sell,0.3273947393120553
JKPAPER.NS,0,0.33626277068895527,2025-09-01,364,0.6619516195161952,9.0,,4.57403777093639,9.3425170874448,30.95047032730802,52.30464728339037,865,Sell,0.32747445862208946
3IINFOLTD.NS,0,0.3362238728460654,2025-09-01,364,2.069620253164557,30.0,,5.577690218552262,37.06897071463422,52.77203028387073,33.299407673518104,866,Sell,0.32755225430786916
CRISIL.NS,0,0.33595674126011477,2025-09-01,364,0.3294710327455919,39.0,,10.596816842444788,24.293830252927012,28.35276221027715,77.14107163954507,867,Sell,0.32808651747977047
PATANJALI.NS,0,0.33551008517435676,2025-09-01,364,0.4613225460249319,16.0,,-2.067920490478161,-21.370507513611887,18.25727292965999,36.4630873456835,868,Sell,0.32897982965128647
SERVOTECH.NS,0,0.3354968887252983,2025-09-01,364,0.9132231404958677,21.0,,-1.0509600282389218,-19.76018404297562,39.16934645906019,21.140441444089447,869,Sell,0.32900622254940337
GTPL.NS,0,0.33547994008571624,2025-09-01,364,1.8558659217877096,8.0,,-3.6227077268187733,-11.956687797890508,45.40084822986684,72.2269965172429,870,Sell,0.3290401198285675
COROMANDEL.NS,0,0.33538329684105245,2025-09-01,364,0.8535495614760881,25.0,,-6.839645766705811,8.944048092343126,20.189492929183164,19.836561284531754,871,Sell,0.3292334063178951
OIL.NS,0,0.33505674011415637,2025-09-01,364,0.5198457700158766,15.0,,5.353246285702688,-1.58876018262683,24.797538245627372,58.25806314426597,872,Sell,0.32988651977168726
STALLION.NS,0,0.3350003478986085,2025-09-01,364,0.11006289308176101,20.0,,-12.569087798666198,20.032599997770063,64.00625251799586,28.54111915145282,873,Sell,0.329999304202783
NITIRAJ.NS,0,0.33453794031957934,2025-09-01,364,0.11852116024726579,7.96,,-6.264640254847947,2.8428946421115113,24.661204087145965,36.53748440856827,874,Sell,0.3309241193608413
BIRLAMONEY.NS,0,0.33450685048980106,2025-09-01,364,8.619402985074627,13.0,,-0.9980933779761905,-6.3495477899774775,14.722693005413756,34.74867278869738,875,Sell,0.3309862990203979
FORCEMOT.NS,0,0.3335613196685863,2025-09-01,364,0.51171875,29.0,,-2.1003239861467993,0.13712718546451835,27.337574653584788,38.88274336283186,876,Sell,0.33287736066282736
ROSSARI.NS,0,0.33353182713097984,2025-09-01,364,0.41858407079646015,15.0,,-3.7973417331007466,-8.07042080692238,29.390075776849304,36.592004693859124,877,Sell,0.3329363457380403
REMSONSIND.NS,0,0.3333771061161754,2025-09-01,364,1.188034188034188,11.0,,3.2100175585319293,-2.656171162213024,43.17202311344235,45.371142194286676,878,Sell,0.33324578776764924
EVEREADY.NS,0,0.33330203199870334,2025-09-01,364,1.466950959488273,17.0,,-1.383767115521793,6.7567174451049805,25.77199782660425,37.359541893119825,879,Sell,0.3333959360025933
DIVGIITTS.NS,0,0.3330097024954815,2025-09-01,364,0.13322368421052633,6.0,,23.168436692640356,48.85679982811659,54.757900141233925,63.00142684415003,880,Sell,0.333980595009037
XCHANGING.NS,0,0.3326780305762443,2025-09-01,364,0.11148648648648649,8.0,,-5.6261989251858955,-5.287326051449427,20.456169288793525,22.61490689192223,881,Sell,0.3346439388475114
VOLTAMP.NS,0,0.3323905791142502,2025-09-01,364,0.15562310030395138,29.0,,9.93147233699486,17.62154439518584,34.91715249065539,66.79223959314372,882,Sell,0.33521884177149963
SECURKLOUD.NS,0,0.33229227801047856,2025-09-01,364,-1.471698113207547,5.0,,-0.5714307512555803,-13.130309425644308,30.564254298064085,23.056252559967817,883,Sell,0.3354154439790429
POLYMED.NS,0,0.33225995571196043,2025-09-01,364,0.1754932502596054,18.0,,4.159609208945993,31.417346282954572,33.297399910110435,45.715164550359226,884,Sell,0.33548008857607914
IZMO.NS,0,0.3321561981137103,2025-09-01,364,0.08571027118167773,0.68,,-15.39190042529234,2.494566890381138,33.69145259829268,20.55669419167465,885,Sell,0.33568760377257945
LEMONTREE.NS,0,0.33177052438645305,2025-09-01,364,0.32384615384615384,11.0,,-2.7904876181142626,-3.898333623162003,21.15601117133742,31.81286841931494,886,Sell,0.3364589512270939
DTIL.NS,0,0.3316396553607031,2025-09-01,364,0.35304347826086957,-3.0,,33.358989261958705,28.137915701280157,71.48127498999403,69.84564901188267,887,Sell,0.3367206892785938
BALKRISHNA.NS,0,0.3315273821848863,2025-09-01,364,-1.1197309677045284,,,-2.9867918571002563,-7.248763103726673,26.073319183819958,34.81007997585634,888,Sell,0.3369452356302274
WELCORP.NS,0,0.33149880785432156,2025-09-01,364,0.8321766561514196,18.0,,43.43202711952417,71.73940843594686,51.33017454612254,81.31632761478933,889,Sell,0.33700238429135687
SUMMITSEC.NS,0,0.3313212982155943,2025-09-01,364,0.14385150812064965,1.0,,-5.887808661276192,-7.727272727272727,15.690384898835461,24.999933367626795,890,Sell,0.3373574035688114
COFFEEDAY.NS,0,0.3313091359263522,2025-09-01,364,0.21120689655172414,0.0,,-4.128740079043354,-27.649654108207315,35.578826776391615,36.42612123065247,891,Sell,0.3373817281472956
OSWALAGRO.NS,0,0.33094563925377135,2025-09-01,364,0.008310249307479225,22.0,,-0.8427697775520193,-12.645004967957426,36.49043753882365,40.06677955804236,892,Sell,0.3381087214924573
BTML.NS,0,0.33089582672997947,2025-09-01,364,0.5194871143836487,23.07,,39.77272516158278,38.64733661493534,94.67811060851913,57.88113663252248,893,Sell,0.33820834654004106
IRB.NS,0,0.33024977985927395,2025-09-01,364,1.0735757416644789,7.0,,-2.958962074970494,-8.796018954569433,18.377525162365107,45.412874940176685,894,Sell,0.3395004402814521
SPANDANA.NS,0,0.33019730539580977,2025-09-01,364,1.4137779727950857,,,-5.966122197651016,-4.308656431065508,46.69159143198648,41.10169792887721,895,Sell,0.33960538920838046
BPL.NS,0,0.3301871220368631,2025-09-01,364,1.1666666666666667,8.0,,-4.325552682410345,-4.578993829357074,25.976163434351722,37.27274590196236,896,Sell,0.33962575592627375
JAIPURKURT.NS,0,0.3301780172996816,2025-09-01,364,0.6932812500000001,11.18,,-0.5939118197486194,-15.172629250813749,39.41229114832749,28.426401836734826,897,Sell,0.3396439654006368
SUNTECK.NS,0,0.3301192284605101,2025-09-01,364,0.35881877022653724,8.0,,0.14886279364967836,7.587067010161139,32.80248548758083,56.540102317663774,898,Sell,0.33976154307897977
VIMTALABS.NS,0,0.33005806204229166,2025-09-01,364,0.24519230769230768,25.0,,5.682850949906961,25.83049972705832,49.28858970786438,50.06954522052222,899,Sell,0.3398838759154167
CHAMBLFERT.NS,0,0.33003268563562027,2025-09-01,364,0.4085542667771334,28.0,,-5.430577258817788,-10.012968865803922,20.527342989053654,3.846181866750854,900,Sell,0.33993462872875946
RPOWER.NS,0,0.32975742004688197,2025-09-01,364,0.7442122515877894,0.0,,-5.6386147092185475,-18.42688251542378,28.232286232726917,34.851470339957686,901,Sell,0.34048515990623607
PARAS.NS,0,0.3296247416217105,2025-09-01,364,0.32200886262924666,17.0,,14.11743706818853,70.83287217125729,44.522731694965714,65.28464247320869,902,Sell,0.34075051675657897
GMMPFAUDLR.NS,0,0.3296076077151624,2025-09-01,364,0.6597307221542228,8.0,,26.083748810384087,32.31268909170539,49.59914185112487,58.76124174377645,903,Sell,0.3407847845696752
KILITCH.NS,0,0.3295310085005676,2025-09-01,364,0.40634920634920635,13.0,,-9.869869544480554,-3.8241890244371293,37.630225650407404,28.8114403346365,904,Sell,0.3409379829988648
MASKINVEST.NS,0,0.32941770818588834,2025-09-01,364,0.010190518387239717,0.04,,-4.448105436573312,-3.648086446121795,34.86631393147238,33.1008728858134,905,Sell,0.34116458362822333
FINEORG.NS,0,0.3292159844309841,2025-09-01,364,0.06949152542372881,26.0,,8.559391697492808,15.4353312848126,27.893094446762074,62.69565818449455,906,Sell,0.3415680311380318
HILTON.NS,0,0.32877301900904854,2025-09-01,364,1.0,8.0,,-10.901559139082128,-3.0044992225906495,29.370777191773083,28.606377719951126,907,Sell,0.3424539619819029
ARCHIDPLY.NS,0,0.32873905181742963,2025-09-01,364,1.376,10.0,,30.331937256779973,35.76312792764842,62.49312461411588,61.98985020344732,908,Sell,0.34252189636514074
RAIN.NS,0,0.3283853684299791,2025-09-01,364,0.20216216216216215,5.0,,-9.664920799002621,1.1853311876412098,51.81797818561974,46.238934815617725,909,Sell,0.34322926314004176
TATACONSUM.NS,0,0.32833578276298353,2025-09-01,364,0.2534794711203897,10.0,,-4.2101354089006175,-9.30944055944056,22.521358470439054,35.27272727272728,910,Sell,0.34332843447403294
VLEGOV.NS,0,0.32810448396911096,2025-09-01,364,0.06666666666666667,0.0,,3.053441435840466,-20.82111496410752,39.32015358472047,50.777207577116066,911,Sell,0.3437910320617781
VIDHIING.NS,0,0.32801544261133325,2025-09-01,364,0.3311897106109325,19.0,,14.778967154754257,19.845022519053437,39.47352980068064,72.97447701834238,912,Sell,0.3439691147773335
TAJGVK.NS,0,0.327710829717864,2025-09-01,364,0.4088888888888889,21.0,,-5.778025703437141,-0.14684287812041116,20.596622036089013,38.80839060492065,913,Sell,0.34457834056427195
LUXIND.NS,0,0.32756355832241035,2025-09-01,364,0.645287228109314,13.0,,-4.338465854921982,-16.27695673341298,20.420091360980567,37.86096396317004,914,Sell,0.3448728833551793
LAURUSLABS.NS,0,0.32739681507237334,2025-09-01,364,0.7673851159007726,9.0,,5.439932357908929,37.34489944323753,29.805229467535067,58.872984431840464,915,Sell,0.3452063698552533
CINEVISTA.NS,0,0.32694250936373154,2025-09-01,364,1.6428571428571428,-19.0,,-3.9333343505859375,-4.569539845206663,20.75530474475781,40.65040587370328,916,Sell,0.3461149812725369
SAKSOFT.NS,0,0.3262696990669435,2025-09-01,364,0.5662650602409639,26.0,,-8.239809035311973,7.217637201684644,35.39874878305855,35.55139459855239,917,Sell,0.34746060186611305
ARKADE.NS,0,0.32621850171601097,2025-09-01,364,0.323189926547744,30.0,,-12.635458360225432,8.258729007447533,36.22736440947204,35.735405530212006,918,Sell,0.34756299656797807
CAPACITE.NS,0,0.32620416719126066,2025-09-01,364,1.0247191011235954,17.0,,-0.32603491299114273,-4.838137960945969,36.565141839896114,52.60022086392622,919,Sell,0.3475916656174787
PFS.NS,0,0.3260642404422688,2025-09-01,364,0.7968435191403627,10.0,,-1.78571341684193,-12.329209617430163,19.259749379533755,13.888901503626244,920,Sell,0.34787151911546244
GIPCL.NS,0,0.3258230404538401,2025-09-01,364,1.4264705882352942,6.0,,23.69547860971857,15.826171430354602,38.89720188917728,77.98193049630878,921,Sell,0.34835391909231983
REPL.NS,0,0.32558680200410545,2025-09-01,364,0.39869281045751637,15.0,,-4.132361731479291,-6.387737487043889,32.128095348693165,35.938531634344514,922,Sell,0.3488263959917891
BAJFINANCE.NS,0,0.3253932592382769,2025-09-01,364,3.2397719723109235,,,2.505934923024442,23.190297108442678,35.436808755091,37.48600849149275,923,Sell,0.3492134815234462
BDL.NS,0,0.32538535192255835,2025-09-01,364,2.0988854635997156,20.0,,1.7476677711865933,3.9119804400977993,29.682963779324616,45.310705138718035,924,Sell,0.3492292961548833
SRM.NS,0,0.3253155480348241,2025-09-01,364,0.5217391304347826,31.0,,-8.782556243103045,-7.720591878945944,31.392676425183584,28.30726027319953,925,Sell,0.3493689039303518
HINDZINC.NS,0,0.325140373748181,2025-09-01,364,1.6055086301872934,61.0,,10.432121425546676,-2.473175970491993,37.75026243920698,52.340421525534275,926,Sell,0.349719252503638
SURAKSHA.NS,0,0.3250987464889519,2025-09-01,364,0.6153846153846154,18.0,,37.67705536377607,17.209306531276916,53.93702344426761,77.04562831748893,927,Sell,0.34980250702209625
PAR.NS,0,0.32505096593061417,2025-09-01,364,0.19815841398102044,18.35,,0.9164108809146053,12.004021143663875,32.67324385215506,41.683354400841225,928,Sell,0.34989806813877167
BHARATWIRE.NS,0,0.3247393664990376,2025-09-01,364,0.2574002574002574,13.0,,-7.756738084779189,-15.757992913894658,32.240913051415056,38.49742003858973,929,Sell,0.35052126700192476
PENINLAND.NS,0,0.3247185400075058,2025-09-01,364,4.097142857142857,6.0,,7.5316428228976715,3.4713744955893433,36.81345221712778,62.47379144759979,930,Sell,0.35056291998498845
JSWHL.NS,0,0.3245359343108108,2025-09-01,364,0.1317602904079247,1.0,,3.4119328331546983,-7.531347336474722,31.994515204710535,44.8689138576779,931,Sell,0.3509281313783784
SUNPHARMA.NS,0,0.32431399662675797,2025-09-01,364,0.9073195313484231,17.0,,-0.28635775794398394,11.26652576107428,16.63209863588238,59.35315552757519,932,Sell,0.35137200674648406
SUMICHEM.NS,0,0.32428588511746514,2025-09-01,364,0.3778960551033187,25.0,,1.8587690406969677,6.427138973498439,34.91276939117705,30.590337451111836,933,Sell,0.3514282297650697
UGROCAP.NS,0,0.32424102177242414,2025-09-01,364,3.3763702801461632,,,-8.732157642126301,-8.607464330075427,22.345607526595433,18.63843636053747,934,Sell,0.3515179564551517
ASIANENE.NS,0,0.3241986961730368,2025-09-01,364,0.4103194103194103,16.0,,22.574885351935947,38.6389863658227,66.84957614529652,66.14302356299348,935,Sell,0.35160260765392637
ATULAUTO.NS,0,0.3240466488604903,2025-09-01,364,0.25,11.0,,-6.327518196993095,1.4801634455660067,51.450705676705454,30.36530974174795,936,Sell,0.35190670227901943
FINOPB.NS,0,0.3236474396414388,2025-09-01,364,4.742363877822045,,,-12.389208566713492,8.163902081819364,35.3558292188895,23.23209630902211,937,Sell,0.35270512071712234
5PAISA.NS,0,0.32350036882365646,2025-09-01,364,1.7942583732057416,14.0,,2.294893820978427,9.70620504395827,36.291872645202915,40.62358995857443,938,Sell,0.3529992623526871
MITCON.NS,0,0.323404363943539,2025-09-01,364,0.2450879671246949,7.37,,1.7379617236963887,-13.167504559442508,33.563543587601856,38.356145771769015,939,Sell,0.353191272112922
SHARDAMOTR.NS,0,0.3233735689724283,2025-09-01,364,0.6471095772217429,35.0,,2.5305388022869693,4.081635608959306,38.28088755836806,34.33758825864686,940,Sell,0.3532528620551434
NAGREEKEXP.NS,0,0.323208742195321,2025-09-01,364,1.4166666666666667,6.0,,4.022453901353316,-18.743152761477663,41.42598394546884,50.166670375397764,941,Sell,0.35358251560935805
SALSTEEL.NS,0,0.3230930180340776,2025-09-01,364,8.090909090909092,7.0,,26.34056403013104,21.87450282746582,68.31167225512846,71.52759196686677,942,Sell,0.35381396393184483
ZODIACLOTH.NS,0,0.32304730535339593,2025-09-01,364,1.0251572327044025,-8.0,,-5.046703810638987,-3.1365738403441106,20.575547056487718,36.5957647127574,943,Sell,0.35390538929320814
ATGL.NS,0,0.3229948806981296,2025-09-01,364,0.9350736278447122,17.0,,-4.643487517563593,-13.403435396451,21.848107445125624,25.342824867533906,944,Sell,0.3540102386037408
JCHAC.NS,0,0.32274160400337804,2025-09-01,364,1.528301886792453,14.0,,,,,,945,Sell,0.35451679199324393
SUZLON.NS,0,0.3227088593431529,2025-09-01,364,1.0198412698412698,36.0,,-1.020616290148379,-12.647060432236042,33.825083999970765,50.13736573239803,946,Sell,0.3545822813136942
POKARNA.NS,0,0.32259885934345756,2025-09-01,364,0.5717548534449943,-1.41,,-4.678650567214733,5.455029449003203,27.5997452999763,29.608951302077386,947,Sell,0.3548022813130849
DISHTV.NS,0,0.3224895710893117,2025-09-01,364,-1.8288378288378289,,,-3.8596455711112294,-13.836479496340012,24.745145422140034,40.54054054054054,948,Sell,0.3550208578213766
TEMBO.NS,0,0.3220937082608707,2025-09-01,364,1.625,27.0,,4.925437752450042,1.6370437382763101,54.44877379556091,33.33333333333333,949,Sell,0.3558125834782586
GLOSTERLTD.NS,0,0.32203895585273035,2025-09-01,364,0.340153452685422,5.0,,-7.078359086606212,-5.190847392138468,28.221753558432834,26.5451464462853,950,Sell,0.3559220882945393
NEWGEN.NS,0,0.32188268039006485,2025-09-01,364,0.25186693822131706,28.0,,-4.83175023057054,3.1976992429783357,46.85151440144055,41.534984714632465,951,Sell,0.3562346392198703
TECHM.NS,0,0.32179228629968715,2025-09-01,364,0.6748080303450829,18.0,,-1.4110124228882752,13.448821105333057,19.796919757128947,46.578466391117374,952,Sell,0.3564154274006257
CARBORUNIV.NS,0,0.32168690931153987,2025-09-01,364,0.1273394495412844,18.0,,6.5140723727348595,9.418722462784936,35.59219386420961,49.43182568809763,953,Sell,0.35662618137692026
FEDFINA.NS,0,0.3214387958877893,2025-09-01,364,3.930627306273063,,,3.9842957767147595,0.2586284395801807,24.301121967513005,67.2650888774134,954,Sell,0.35712240822442143
LIKHITHA.NS,0,0.321188172611027,2025-09-01,364,0.13032581453634084,28.0,,-4.946527925910125,8.672804529766784,42.89566029912205,37.575339580132145,955,Sell,0.357623654777946
GODREJPROP.NS,0,0.3205009769989185,2025-09-01,364,1.9210871923713813,6.0,,-3.8751210641011142,18.50671470133467,31.115374881492585,40.21229581233161,956,Sell,0.358998046002163
MIDHANI.NS,0,0.3202726581235504,2025-09-01,364,1.046495489243581,11.0,,7.363144036770426,1.704199634814364,43.99599674130744,44.80355133286184,957,Sell,0.35945468375289924
360ONE.NS,0,0.32019832088889455,2025-09-01,364,0.2014211533205794,11.0,,4.996060404776988,10.172608684834657,22.738018221804445,58.00525607127496,958,Sell,0.3596033582222109
IONEXCHANG.NS,0,0.3201614227926833,2025-09-01,364,1.2130660727542688,23.0,,,,32.62497202284754,36.5958385706629,959,Sell,0.35967715441463344
NIITLTD.NS,0,0.3199179722329198,2025-09-01,364,0.065279091769158,4.0,,12.195515089027758,19.070764141567544,35.30485318723587,71.55369588896731,960,Sell,0.3601640555341604
FORTIS.NS,0,0.31974674085201127,2025-09-01,364,0.30626702997275207,3.0,,-4.031743448247354,-2.4066563919431543,23.785454782912975,41.806610946948936,961,Sell,0.36050651829597746
DPSCLTD.NS,0,0.31973799085313453,2025-09-01,364,1.4003115264797508,3.0,,-0.2773922443924678,-12.742715328440118,23.98832779113046,43.884886656786875,962,Sell,0.36052401829373093
RUSTOMJEE.NS,0,0.3194961657162354,2025-09-01,364,0.5432242990654206,6.0,,-6.040768920823039,-3.6727458075818715,26.172439170613615,63.46399726537091,963,Sell,0.3610076685675292
WHIRLPOOL.NS,0,0.31947961604474606,2025-09-01,364,0.6153632062343446,13.0,,0.6293035631271595,-1.288615132563525,36.597979251067194,53.57420218655634,964,Sell,0.3610407679105079
NAVKARURB.NS,0,0.31920417215455044,2025-09-01,364,0.35843678743349383,0.96,,-7.843135765358715,-11.320750154859622,22.718725893629845,27.272761754692638,965,Sell,0.3615916556908991
BRIGADE.NS,0,0.3191353598373256,2025-09-01,364,1.4944858903665261,9.0,,13.429602514623049,34.131983639198566,35.200332238312185,68.90130353817504,966,Sell,0.3617292803253488
INDIANB.NS,0,0.31907749012319936,2025-09-01,364,11.238942754681897,,,7.44172145845786,8.25519050920327,18.977476901740616,61.43211082175926,967,Sell,0.3618450197536013
BLAL.NS,0,0.3188951250928996,2025-09-01,364,-5.576036866359443,-100.0,,-3.918960505042511,-9.690406555957765,10.675998004292845,27.5622313732366,968,Sell,0.36220974981420084
INDRAMEDCO.NS,0,0.3187541306646057,2025-09-01,364,0.44764795144157815,39.0,,2.2929406003057187,-2.0492381123170325,24.360862085022053,26.304770812175946,969,Sell,0.36249173867078865
MURUDCERA.NS,0,0.3187094293881356,2025-09-01,364,0.5614973262032086,5.0,,0.29411814204548675,-2.818237466113306,16.839377506546025,30.33170771393317,970,Sell,0.36258114122372875
SANGHVIMOV.NS,0,0.31868636470380907,2025-09-01,364,0.5579399141630901,12.0,,2.7527222224850463,24.743439325293792,53.53450857320083,26.68242833190594,971,Sell,0.36262727059238187
NIACL.NS,0,0.3182938353891824,2025-09-01,364,2.9186208871862807,4.0,,10.142841323354157,30.99947913579817,34.13594673515135,73.3833095365739,972,Sell,0.36341232922163524
REPCOHOME.NS,0,0.3177913524183116,2025-09-01,364,3.354071100917431,,,-5.567753125597756,-2.22043554414607,23.762597851356045,39.303127085457334,973,Sell,0.36441729516337684
RTNINDIA.NS,0,0.3175940719566839,2025-09-01,364,0.6201881950384944,11.0,,-4.148051151024643,-14.949034045633368,26.565112934035806,41.3978516676494,974,Sell,0.36481185608663225
TARAPUR.NS,0,0.3173684986016842,2025-09-01,364,41.0370370370371,-63.15,,-8.786342708357948,-23.326245806772,57.738449614941864,52.01699038267236,975,Sell,0.3652630027966316
MAGNUM.NS,0,0.31730668290756403,2025-09-01,364,0.7684365781710915,4.0,,-0.7299238134561356,-5.508678531101094,22.449964142199377,43.16240012911282,976,Sell,0.36538663418487194
SIGACHI.NS,0,0.31719776156306434,2025-09-01,364,0.5833333333333334,13.0,,25.848760940855637,50.94862568518034,59.71766514774662,71.98190618240322,977,Sell,0.3656044768738713
RAMKY.NS,0,0.31713691922931214,2025-09-01,364,1.0048543689320388,23.0,,-2.8850044893867195,-18.615209988649262,23.099235619410916,15.37220552041812,978,Sell,0.3657261615413757
HEG.NS,0,0.3170908477075769,2025-09-01,364,0.2928125722209383,5.0,,10.886266685883415,32.5231480967663,32.97515560290504,64.80233374047253,979,Sell,0.3658183045848462
IFCI.NS,0,0.3170475846478306,2025-09-01,364,3.062571103526735,15.0,,17.19361885981521,11.53941680003719,37.20867467283207,80.51438210557964,980,Sell,0.36590483070433877
RVTH.NS,0,0.3168642151615701,2025-09-01,364,0.7874015748031497,26.0,,4.661406474089399,-0.3787606077739263,28.607461255449078,56.34255104946754,981,Sell,0.3662715696768598
MAXESTATES.NS,0,0.3168060823714022,2025-09-01,364,0.07487520798668885,3.0,,30.340789442843107,13.863584325776127,51.90138581326536,71.4893599467963,982,Sell,0.36638783525719565
GOKEX.NS,0,0.3166793469728513,2025-09-01,364,0.38188976377952755,12.0,,-4.549979551250485,9.568317915514628,30.364831950877182,39.42558247434181,983,Sell,0.36664130605429734
MSUMI.NS,0,0.3165975296304433,2025-09-01,364,1.1672095548317047,43.0,,-9.406549217954195,-2.2420431026775622,27.172129972444626,17.438289320083157,984,Sell,0.3668049407391134
PDMJEPAPER.NS,0,0.3162200762352991,2025-09-01,364,0.3370253164556962,22.0,,-0.9811829378841048,13.271606595132146,46.3842710156743,46.376094963547665,985,Sell,0.36755984752940185
AYMSYNTEX.NS,0,0.31615227918430383,2025-09-01,364,0.8730434782608696,8.0,,11.373660667215267,25.880883638631264,41.6167745094013,64.30232912995095,986,Sell,0.36769544163139234
HUDCO.NS,0,0.3157530511404849,2025-09-01,364,7.275544713644176,,,-5.946310663370627,-8.863518431932004,22.215263616248706,22.071642246620883,987,Sell,0.3684938977190302
HUBTOWN.NS,0,0.3157524347501067,2025-09-01,364,0.39054726368159204,6.0,,-0.6407159972550637,-10.066693415513894,45.897997681178246,56.43044058802028,988,Sell,0.36849513049978655
EPACK.NS,0,0.3155625117257162,2025-09-01,364,1.048603929679421,10.0,,-17.19154684161831,-12.24340479238859,25.78251500216308,13.056542374747067,989,Sell,0.3688749765485676
VMART.NS,0,0.31542802161966405,2025-09-01,364,2.1076923076923078,8.0,,7.255955420216502,18.90579874847894,36.04381014929014,50.39897824165925,990,Sell,0.3691439567606719
HDFCBANK.NS,0,0.3151390410813045,2025-09-01,364,6.724459452940325,,,-5.2329109318313645,-4.368547067033322,14.22199221104172,34.52011798874912,991,Sell,0.36972191783739095
SANOFI.NS,0,0.3150002352331747,2025-09-01,364,0.5843989769820972,49.0,,-5.486734649104517,0.3912705627737309,18.38187958025877,34.44589422044302,992,Sell,0.36999952953365056
ONWARDTEC.NS,0,0.31499572875459275,2025-09-01,364,0.47783251231527096,16.0,,-2.29630880071062,9.669779988505088,34.978118545476136,53.271043268940865,993,Sell,0.3700085424908145
TVSSRICHAK.NS,0,0.31492228955628304,2025-09-01,364,1.4079391891891893,6.0,,34.983545555575134,33.80612535453383,55.49685287955429,80.85047471294162,994,Sell,0.3701554208874339
INDIACEM.NS,0,0.31463405309806913,2025-09-01,364,0.40749609578344614,-6.0,,-7.423634038454441,-3.7109375,23.835254595556318,25.751101348992876,995,Sell,0.37073189380386173
TPLPLASTEH.NS,0,0.31457891300757723,2025-09-01,364,0.6339869281045751,20.0,,-9.847431344104846,3.0853508806472756,32.92615464433739,38.52588011205198,996,Sell,0.37084217398484554
BAJAJFINSV.NS,0,0.3145176736652607,2025-09-01,364,0.02270908363345338,27.0,,-0.3991905614999819,16.62387906642751,26.423800020097516,45.820671794358056,997,Sell,0.37096465266947865
ZENITHSTL.NS,0,0.31413263833034966,2025-09-01,364,-1.6056977538473904,,,-3.0685934560382817,-8.983054258329517,35.84005905943014,53.08640231048224,998,Sell,0.3717347233393007
DRREDDY.NS,0,0.31397466271749896,2025-09-01,364,0.3515374607304922,26.0,,0.5487369534094576,-8.040782447005165,20.13685244096282,29.296258077663452,999,Sell,0.37205067456500207
BAJAJHLDNG.NS,0,0.3139329363987223,2025-09-01,364,0.06175009888805872,7.0,,2.653618972053249,15.688791103704345,21.02845566134998,52.82451923076923,1000,Sell,0.37213412720255545
HEMIPROP.NS,0,0.313739078075441,2025-09-01,364,1.664787707973452,-0.73,,-4.169152619235979,-7.5752155727074655,20.233309885349648,27.57114154519327,1001,Sell,0.372521843849118
DAMODARIND.NS,0,0.31336376405226396,2025-09-01,364,1.3716216216216217,3.0,,-4.55341251068416,-11.497241995020948,25.300529873128006,31.884064838771835,1002,Sell,0.3732724718954721
MAHAPEXLTD.NS,0,0.3130336854034843,2025-09-01,364,0.17607223476297967,1.0,,23.15383510573889,12.308335366758334,64.30707297954842,59.57640128072245,1003,Sell,0.3739326291930314
GARUDA.NS,0,0.31294598849980915,2025-09-01,364,0.4806201550387597,30.0,,4.186484974321571,2.205109566954636,33.9516528850337,14.749932034637823,1004,Sell,0.3741080230003817
HARSHA.NS,0,0.3127772602407831,2025-09-01,364,0.15730337078651685,13.0,,13.676600865982438,14.787378047932462,32.097035886035286,73.51266661130455,1005,Sell,0.37444547951843377
FELDVR.NS,0,0.3127239549648381,2015-06-01,4109,,,,1.2987000923330156,-10.0,50.11919591603622,48.051951671049544,1006,Sell,0.37455209007032375
ARIHANTCAP.NS,0,0.3125764260735424,2025-09-01,364,1.3994708994708995,22.0,,2.6506376374800387,20.269651295881687,35.505918645053725,62.261574929435895,1007,Sell,0.3748471478529152
REDINGTON.NS,0,0.31214285375651746,2025-09-01,364,2.2460864120225423,33.0,,11.22338156024762,50.92131474905018,50.24191155245362,51.399829763783906,1008,Sell,0.3757142924869651
BANKBARODA.NS,0,0.3120020793650215,2025-09-01,364,11.424827886473102,,,-1.6488045751710452,-8.381147886769389,19.89849665962031,37.092401233764846,1009,Sell,0.375995841269957
LOTUSEYE.NS,0,0.311898413210538,2025-09-01,364,0.17964368195315078,2.99,,-6.710563430168532,1.9839382135220858,20.45611769147233,37.50611906282362,1010,Sell,0.37620317357892397
BASF.NS,0,0.31176186599414496,2025-09-01,364,0.9664394336654432,18.0,,4.360206434180403,15.711359950298712,31.70810761177505,36.22946944528488,1011,Sell,0.3764762680117101
CHEMBOND.NS,0,0.31159007298535907,2025-09-01,364,0.22023809523809523,11.0,,4.341582618011064,10.296706827479685,34.79437985040606,42.65643437108116,1012,Sell,0.37681985402928186
CREDITACC.NS,0,0.31149596233980587,2025-09-01,364,2.8636236739251815,,,-13.77323722603005,5.800511277305159,28.668330903924925,23.53164098471933,1013,Sell,0.37700807532038827
APOLLOHOSP.NS,0,0.3113900607210443,2025-09-01,364,0.5208803005904455,16.0,,-1.5488507028709857,9.386107060948396,19.895018577481334,47.506665936505264,1014,Sell,0.3772198785579114
SAKHTISUG.NS,0,0.31132896838307333,2025-09-01,364,7.5,12.0,,25.518067075434793,22.685184725272823,55.54547233553963,68.39285650423611,1015,Sell,0.37734206323385333
RAILTEL.NS,0,0.31129200502515214,2025-09-01,364,1.3937529578797918,22.0,,-2.59683494075776,-12.665618347782978,23.708037071575795,38.690187773234825,1016,Sell,0.3774159899496957
GLFL.NS,0,0.3111514180608894,2025-09-01,364,-2.550122249388753,1.02,,-0.5217427792756454,-4.666670163472494,49.323178011534814,56.994815324502376,1017,Sell,0.37769716387822116
PRECOT.NS,0,0.3111343266453997,2025-09-01,364,1.082004555808656,13.0,,-8.574352241879547,-8.043708092769046,51.78531469497537,38.56498609330134,1018,Sell,0.3777313467092006
JSFB.NS,0,0.3110212459010522,2025-09-01,364,8.857009345794392,,,-6.521739130434782,11.11111111111111,46.707468167349504,52.98303777897599,1019,Sell,0.37795750819789564
DIAMINESQ.NS,0,0.3107428226472723,2025-09-01,364,0.14557993730407523,4.22,,-0.608926438574821,-2.9878267325582955,39.64584199625214,47.750873534131465,1020,Sell,0.37851435470545536
JAGSNPHARM.NS,0,0.3105047336928598,2025-09-01,364,0.18181818181818182,23.0,,1.2794460084567205,18.499053756937798,28.395043500816197,56.77419223434251,1021,Sell,0.3789905326142804
HCC.NS,0,0.31032803158812583,2025-09-01,364,3.4839357429718874,31.0,,11.147384935237776,1.3611216150951024,46.691908543193215,72.99271749761292,1022,Sell,0.37934393682374834
ATL.NS,0,0.310201294199221,2025-09-01,364,2.1067961165048543,15.0,,11.3597220983166,6.986352167829015,54.432906154136816,57.06520972946346,1023,Sell,0.379597411601558
SOLARA.NS,0,0.31000696030293656,2025-09-01,364,0.820859872611465,6.0,,23.191517759145082,17.407451624383615,61.99511032218966,77.0220314774931,1024,Sell,0.3799860793941269
TCS.NS,0,0.30985902455862835,2025-09-01,364,0.7008432417175317,78.0,,1.4245836058792725,7.61722627618928,33.46756597831234,45.03213037004818,1025,Sell,0.3802819508827433
GATECHDVR.NS,0,0.3097940336361046,2025-09-01,364,0.0988237562668722,,,10.204083866896262,12.500006984919466,56.60948050399828,58.33335402940001,1026,Sell,0.38041193272779084
GANGAFORGE.NS,0,0.3095088285050441,2025-09-01,364,1.0441988950276244,3.13,,-10.055863205805586,-31.489358313108333,64.42099111044493,29.37062400740531,1027,Sell,0.38098234298991185
GPIL.NS,0,0.3094871030147589,2025-09-01,364,0.15858245891902595,23.0,,-3.412933778347485,-15.893194677155773,36.80231412010479,52.57016362601341,1028,Sell,0.3810257939704822
PIGL.NS,0,0.3093111509551962,2025-09-01,364,0.5847457627118644,20.0,,-0.08804065766378738,3.9804498616448996,39.51442325777313,30.1080736448111,1029,Sell,0.38137769808960764
ZFCVINDIA.NS,0,0.3092071086189178,2025-09-01,364,0.17190714075815458,20.0,,7.840253111478034,8.018108915359768,26.12339206672194,42.75764809091002,1030,Sell,0.38158578276216437
MSTCLTD.NS,0,0.30920181213556047,2025-09-01,364,1.396694214876033,28.0,,21.49789077234746,68.23831449188798,43.01814330359959,85.3137376080622,1031,Sell,0.38159637572887906
LAXMIDENTL.NS,0,0.308914277660472,2025-09-01,364,0.11666666666666667,17.0,,-5.724130372888767,-15.676177476231565,28.086940241249692,33.76541500499522,1032,Sell,0.38217144467905595
SHOPERSTOP.NS,0,0.308902464424507,2025-09-01,364,19.096345514950166,8.0,,-1.475872666817218,4.505858660652995,29.72757124198114,26.563321149131696,1033,Sell,0.38219507115098605
UNICHEMLAB.NS,0,0.30877989836602,2025-09-01,364,0.2674370614940157,7.0,,8.40474509679909,49.529814492159474,58.56368016457807,44.57034855171641,1034,Sell,0.38244020326796
GLOBE.NS,0,0.3085613697618491,2025-09-01,364,1.6012658227848102,9.0,,-5.660372265889812,-13.419911275258695,20.751446250876572,46.15384615384615,1035,Sell,0.3828772604763018
INCREDIBLE.NS,0,0.308403062902324,2025-09-01,364,0.2847682119205298,10.0,,-1.2879545408817157,-7.44680921072836,38.248623878128534,41.58788786518612,1036,Sell,0.383193874195352
GREENLAM.NS,0,0.30839035430085604,2025-09-01,364,0.8472454090150251,12.0,,-2.3195840267702814,7.601759772757114,47.75087373131281,55.02719216626778,1037,Sell,0.3832192913982879
WSTCSTPAPR.NS,0,0.3083680421974845,2025-09-01,364,0.2667390517553384,14.0,,9.436892704145357,18.21076175923321,35.508745261113454,58.91341256366724,1038,Sell,0.38326391560503104
RELIANCE.NS,0,0.30828247426444116,2025-09-01,364,0.9134389503237266,8.0,,-2.3551038138990643,-2.3070118817088625,17.673421967910702,29.626396888744182,1039,Sell,0.38343505147111767
TI.NS,0,0.30824858323297605,2025-09-01,364,0.16650099403578528,28.0,,20.617004225485637,33.392767392135134,31.87258061224238,66.0302242956801,1040,Sell,0.3835028335340479
KARMAENG.NS,0,0.3082270668215465,2025-09-01,364,0.23071377072819038,1.38,,3.7116137819254247,-11.687129247721394,38.16474402537107,37.66123479985318,1041,Sell,0.383545866356907
NIBE.NS,0,0.3081585250024199,2025-09-01,364,0.670995670995671,17.0,,5.856264266543868,-8.624271538874918,40.5883155061647,51.03564234933565,1042,Sell,0.38368294999516017
CEATLTD.NS,0,0.30812894737862867,2025-09-01,364,1.854175872735307,16.0,,2.405949256342957,10.059939879532564,25.03179460057024,21.705105551028083,1043,Sell,0.38374210524274266
MPHASIS.NS,0,0.30789790378648285,2025-09-01,364,0.3609923011120616,34.0,,4.614993441067872,5.57514562715375,30.678137497017786,39.72070594385329,1044,Sell,0.3842041924270343
ALANKIT.NS,0,0.3078520786130537,2025-09-01,364,0.14860681114551083,7.0,,3.1725887864119326,-3.4441800383055403,23.806436313798716,39.13044379653043,1045,Sell,0.3842958427738926
LORDSCHLO.NS,0,0.3077826231655391,2025-09-01,364,1.0696517412935322,5.0,,-0.7149897678829806,2.7397301616452534,41.565003673489386,45.87122026554954,1046,Sell,0.38443475366892177
KICL.NS,0,0.30741143564229784,2025-09-01,364,0.0646335912608102,1.0,,-2.5627804377191183,4.679899928579618,26.111942090362422,36.26356080703494,1047,Sell,0.3851771287154043
VINYLINDIA.NS,0,0.30718543514103286,2025-09-01,364,0.7107438016528925,21.0,,-1.596304559144072,-6.91436293204991,23.467549050743404,31.114363527492486,1048,Sell,0.3856291297179343
PDSL.NS,0,0.3070538396479039,2025-09-01,364,0.17435158501440923,15.0,,7.15838663406977,23.084600060343714,31.565553565195152,39.720402992326434,1049,Sell,0.3858923207041922
GFLLIMITED.NS,0,0.3065841033089852,2025-09-01,364,0.06916276052163844,0.08,,15.908598456004805,16.85683075941875,49.82393414451156,63.39285156759271,1050,Sell,0.38683179338202955
SURAJEST.NS,0,0.30634030794178313,2025-09-01,364,0.8728024819027922,17.0,,1.9656076224246632,1.1145539830998568,24.543863931153368,35.269326951246285,1051,Sell,0.38731938411643374
LINCOLN.NS,0,0.30627707448188196,2025-09-01,364,0.19273743016759776,17.0,,7.480553345567033,4.2288156283103815,25.184201201455796,60.22101412177726,1052,Sell,0.3874458510362361
CHALET.NS,0,0.30620614750947966,2025-09-01,364,0.9440276976341604,12.0,,11.406209638680009,16.910242878396453,27.524360242237282,82.90258449304174,1053,Sell,0.38758770498104067
ONELIFECAP.NS,0,0.30611007187830735,2025-09-01,364,0.26103872602243944,0.65,,-13.103834427314078,13.694146227333087,45.90178741521863,42.264416371644735,1054,Sell,0.3877798562433853
GMRAIRPORT.NS,0,0.3060805467969858,2025-09-01,364,0.39857363290805764,1.0,,-11.048835879521093,-5.213607602269263,20.64019556684103,13.944726206912748,1055,Sell,0.38783890640602836
CIEINDIA.NS,0,0.3059872775580143,2025-09-01,364,0.1844954525768731,5.0,,-4.295158602151542,-13.484515975006914,35.48185384911899,17.091351653077837,1056,Sell,0.3880254448839714
HONAUT.NS,0,0.30591803181754607,2025-09-01,364,0.3704057279236277,18.0,,-6.879832263137203,2.533694934391232,27.937256422058976,23.24805339265852,1057,Sell,0.38816393636490787
CLEDUCATE.NS,0,0.3058531845593207,2025-09-01,364,2.361788617886179,2.0,,18.241039309676456,40.60683155045973,38.35778221746311,85.26745725578648,1058,Sell,0.3882936308813586
GILLETTE.NS,0,0.30581329855837974,2025-09-01,364,0.8478073946689596,56.0,,-4.456377999311058,-4.777118801335126,13.954576486493494,14.379367636054639,1059,Sell,0.3883734028832405
OLECTRA.NS,0,0.30570724857622367,2025-09-01,364,1.053191489361702,21.0,,-3.587071571628137,-3.368150290993387,27.87867090738071,28.9328944712056,1060,Sell,0.38858550284755267
RAJRATAN.NS,0,0.30565269544782453,2025-09-01,364,0.9501246882793017,16.0,,3.0287328022474815,20.07251027139078,38.65865242297228,31.246147834000823,1061,Sell,0.38869460910435094
KNRCON.NS,0,0.30540943464058995,2025-09-01,364,0.15459297983569828,27.0,,3.653461431303832,-5.629635487426297,34.637413817177524,18.724171895865723,1062,Sell,0.3891811307188201
BERGEPAINT.NS,0,0.3053850086099796,2025-09-01,364,0.4503415659485024,25.0,,-3.6395406158175505,1.1003012937089574,29.205717252594948,31.800376722064172,1063,Sell,0.38922998278004084
EMSLIMITED.NS,0,0.3046982117223571,2025-09-01,364,0.1267056530214425,28.0,,-1.4861118161551972,27.415282973238586,40.005417477821695,40.9716241598481,1064,Sell,0.39060357655528577
HISARMETAL.NS,0,0.30466226790622053,2025-09-01,364,1.3125,9.0,,6.52613325684765,9.681579870517512,33.48906999590752,43.11603155428655,1065,Sell,0.39067546418755894
BAJAJHIND.NS,0,0.3040097068176105,2025-09-01,364,2.1147540983606556,1.0,,34.149249631967116,21.59090838719426,64.65748691087927,67.5417659287134,1066,Sell,0.39198058636477895
AVALON.NS,0,0.3039697970949401,2025-09-01,364,0.26988265971316816,9.0,,26.837166875355216,47.60896323397913,53.51010442627123,72.22220656466551,1067,Sell,0.3920604058101198
GOACARBON.NS,0,0.3036723757814016,2025-09-01,364,2.24468085106383,-2.0,,-4.537655254812326,-7.289260204779759,25.40971733944179,33.59240760925711,1068,Sell,0.3926552484371968
CEWATER.NS,0,0.30361436360991206,2025-09-01,364,0.11915033292694363,3.22,,-6.358578377054343,9.065153113391881,33.41936145854388,46.406047479626736,1069,Sell,0.3927712727801759
INFOMEDIA.NS,0,0.3036093164296314,2025-09-01,364,-1.1715966386554624,,,-2.737228008126767,-0.744878262671748,41.33563571199047,44.94381089385549,1070,Sell,0.3927813671407372
CHEMFAB.NS,0,0.3033596065692461,2025-09-01,364,0.4648910411622276,6.0,,-1.0172635302225745,-8.906133146112738,27.584634443906204,45.027125505774976,1071,Sell,0.3932807868615078
RATEGAIN.NS,0,0.3032223154177378,2025-09-01,364,0.040396881644223954,7.0,,2.101479451209957,22.535120837246815,43.31821554371507,54.72254443255514,1072,Sell,0.3935553691645244
DWARKESH.NS,0,0.3032137175964177,2025-09-01,364,0.3615894039735099,7.0,,41.52266974424021,19.233912592205797,67.76216589365764,73.76106684635135,1073,Sell,0.3935725648071646
ONGC.NS,0,0.30313974465068527,2025-09-01,364,0.3875651183063141,15.0,,-3.866052601295459,-12.375019544837295,16.01492871246032,28.050917909696963,1074,Sell,0.39372051069862946
SVPGLOB.NS,0,0.30296176274285413,2025-09-01,364,-3.724106491611962,-5.85,,0.5390830382983777,-6.516290472225938,32.4328246903451,39.436613569844546,1075,Sell,0.39407647451429173
APOLLOTYRE.NS,0,0.30290304173460686,2025-09-01,364,0.8986743302122926,10.0,,2.5224847517241913,12.862153492693215,16.22228421175484,46.0793941155756,1076,Sell,0.3941939165307863
NDTV.NS,0,0.3028779410820152,2025-09-01,364,33.964285714285715,-28.0,,-3.252463418929303,-10.299126265462304,21.232940730993136,37.04916747893996,1077,Sell,0.3942441178359696
GVPTECH.NS,0,0.30279244773279373,2025-09-01,364,0.3953488372093023,-1.0,,28.999996185302734,38.923072814941406,65.9458728436639,80.85105118649807,1078,Sell,0.39441510453441253
DIACABS.NS,0,0.30271864824346684,2025-09-01,364,-3.806136680613668,,,7.201279897632304,84.06826440244386,52.103392538987755,39.691451923974114,1079,Sell,0.3945627035130663
PGHH.NS,0,0.3026473160143287,2025-09-01,364,1.2910848549946294,104.0,,-4.541701073492981,-13.772710320208855,17.41729295421,16.666666666666657,1080,Sell,0.3947053679713426
KPRMILL.NS,0,0.30241232332978185,2025-09-01,364,0.12915129151291513,21.0,,12.173739837455095,8.6928853581703,29.52994179925481,67.65346885610413,1081,Sell,0.3951753533404363
BESTAGRO.NS,0,0.3023407877551403,2025-09-01,364,1.183838383838384,14.0,,-10.251050762505477,5.211529180271582,86.9766350442848,13.564634224854402,1082,Sell,0.39531842448971943
GAYAHWS.NS,0,0.30218826480839855,2025-09-01,364,-2.5421686746987953,7.0,,-6.000000238418579,-16.814159151997856,26.388130767695838,38.7096712169997,1083,Sell,0.3956234703832029
RBA.NS,0,0.30204785008249674,2025-09-01,364,0.9044843049327355,2.0,,47.208882611964,44.2434868295071,73.50859065670107,57.70862568562052,1084,Sell,0.3959042998350065
KAUSHALYA.NS,0,0.3020101348093221,2025-09-01,364,0.2858550039401101,-1.13,,-4.983570646221248,0.5972081590845102,25.104265333448467,32.0851269537994,1085,Sell,0.3959797303813558
ALPA.NS,0,0.30166053866426124,2025-09-01,364,0.27835051546391754,15.0,,-5.497929334036878,-8.507886298591966,26.332338607879148,34.53607740634257,1086,Sell,0.39667892267147753
SIGNPOST.NS,0,0.301445857735236,2025-09-01,364,1.6454183266932272,15.0,,-16.40424688562832,-5.4000022194602275,37.27882448454298,39.46999020202888,1087,Sell,0.39710828452952796
MAHSCOOTER.NS,0,0.3011615375059328,2025-09-01,364,0.12834337988065309,1.0,,11.015643997730404,7.900274807219877,34.363569133311856,50.09407337723424,1088,Sell,0.39767692498813445
UTIAMC.NS,0,0.30113841579411293,2025-09-01,364,0.12232243517474634,24.0,,-3.604250766572117,-2.0444577831682094,17.06369615876653,29.845614818743982,1089,Sell,0.39772316841177413
INVENTURE.NS,0,0.30095998874245267,2025-09-01,364,0.35200635677393716,1.65,,5.555557027275219,-1.041665696538963,34.23579683888633,62.49999689559232,1090,Sell,0.39808002251509467
RAMRAT.NS,0,0.3008165570163472,2025-09-01,364,2.2217898832684826,21.0,,28.6040248591119,50.401100515905604,49.0575594278219,85.41998026110667,1091,Sell,0.39836688596730563
AEROFLEX.NS,0,0.3003291404649858,2025-09-01,364,0.28133704735376047,22.0,,27.07453535628771,29.36342328348079,56.37318522042318,80.60529018560845,1092,Sell,0.39934171907002836
BSL.NS,0,0.3003151806294784,2025-09-01,364,4.5,8.0,,-1.3392126782797433,-2.7661424435046134,14.241801702724576,46.63427480455287,1093,Sell,0.39936963874104325
UBL.NS,0,0.3001350415698398,2025-09-01,364,0.8803596127247579,14.0,,-7.11790381283194,-1.655877702524047,20.510003085688176,14.562314554088275,1094,Sell,0.39972991686032044
MARKSANS.NS,0,0.2996531908918234,2025-09-01,364,0.2153846153846154,19.0,,24.825850451173746,33.05590072071495,59.74893605552361,67.78959182719083,1095,Strong Sell,0.4006936182163532
MANINFRA.NS,0,0.2996213753431407,2025-09-01,364,0.032116788321167884,13.0,,25.02039198347297,6.607552012977533,48.53452453982271,67.5280217518485,1096,Strong Sell,0.4007572493137186
TVTODAY.NS,0,0.2996007631030339,2025-09-01,364,0.2161547212741752,12.0,,-1.442645483150803,-0.9809992005149825,23.162384479479527,47.2811077730099,1097,Strong Sell,0.4007984737939322
SURYODAY.NS,0,0.2993369441589431,2025-09-01,364,7.339527875439478,,,-4.5716051151729475,-7.934162287894919,50.91860963500028,42.09935498456874,1098,Strong Sell,0.40132611168211385
LANDMARK.NS,0,0.29915333903686686,2025-09-01,364,0.6915077989601387,10.0,,-6.726585132644154,34.83793800247116,40.95752923707744,31.528668548908314,1099,Strong Sell,0.4016933219262663
UCOBANK.NS,0,0.2989376837235252,2025-09-01,364,10.380717695980286,,,-4.8910992851123245,-0.8366573252179069,19.067822121715576,27.63635279128141,1100,Strong Sell,0.4021246325529496
JAYBARMARU.NS,0,0.29890295742088,2025-09-01,364,2.046744574290484,8.0,,-21.835900250842144,-1.7119095441560788,52.27406399072796,47.89565976373621,1101,Strong Sell,0.40219408515823996
SHREEPUSHK.NS,0,0.2987907440765781,2025-09-01,364,0.47391304347826085,9.0,,14.553992610106853,24.249933681176056,48.931682800827566,62.523480570604136,1102,Strong Sell,0.40241851184684385
CUPID.NS,0,0.29872999902010355,2025-09-01,364,0.16010498687664043,17.0,,21.61130751588338,116.07086661103125,48.880115185815306,52.09640163002339,1103,Strong Sell,0.4025400019597929
ORIENTLTD.NS,0,0.29863791415679214,2025-09-01,364,1.5,2.0,,0.8562079084026899,30.286270446526203,81.68935979914798,53.964317269387564,1104,Strong Sell,0.4027241716864157
ALKYLAMINE.NS,0,0.2984259282717925,2025-09-01,364,0.22453222453222454,19.0,,14.587068059801886,15.784586962616185,33.19100729641431,62.93018682399214,1105,Strong Sell,0.40314814345641503
NELCAST.NS,0,0.29829628751181136,2025-09-01,364,1.0407079646017698,10.0,,4.117798487217864,-13.843704625835251,57.449345419207006,37.725437132935426,1106,Strong Sell,0.40340742497637727
RANEENGINE.NS,0,0.2982500935162169,2024-12-01,638,2.1048387096774195,13.0,,,,,,1107,Strong Sell,0.4034998129675662
INDOSTAR.NS,0,0.2980541683107024,2025-09-01,364,1.563157894736842,8.0,,-0.6524589403565503,14.03083969317869,38.83365229980878,63.85442234704108,1108,Strong Sell,0.40389166337859517
RAMANEWS.NS,0,0.2978479940242895,2025-09-01,364,-15.794117647058824,2.0,,10.320536696609151,7.814115378246613,46.44781953711843,37.85713961335325,1109,Strong Sell,0.40430401195142096
SUNTV.NS,0,0.2974574909162035,2025-09-01,364,0.07310813048517967,20.0,,-6.273808425848398,-7.432041349884305,20.123493209320817,42.60249670663289,1110,Strong Sell,0.405085018167593
AUROPHARMA.NS,0,0.29725880856174003,2025-09-01,364,0.30810130124527774,11.0,,8.657135366108207,19.20299714646666,26.486277337812453,61.82838118414986,1111,Strong Sell,0.40548238287651994
DPWIRES.NS,0,0.2970845899734808,2025-09-01,364,0.07874015748031496,12.0,,-7.658420443646769,-16.747374668748773,21.061491950281557,22.562092819027114,1112,Strong Sell,0.4058308200530384
JKTYRE.NS,0,0.29704552134948903,2025-09-01,364,1.2707443220148416,12.0,,-5.228266140458881,-0.8647987522570462,23.34881013093032,35.94848176878975,1113,Strong Sell,0.40590895730102194
RAMCOCEM.NS,0,0.2965097441390006,2025-09-01,364,1.183394640042039,5.0,,-1.8476165339369583,3.0633801654581654,26.86841559443629,35.01540838396684,1114,Strong Sell,0.4069805117219988
SHRIPISTON.NS,0,0.29644625017558185,2025-09-01,364,0.37551945598791087,27.0,,5.362373437319968,32.605925703224,32.465030220268325,59.17974048192411,1115,Strong Sell,0.4071074996488363
ORISSAMINE.NS,0,0.2963877417999768,2025-06-01,456,-11.46692607003891,-39.0,,9.22844043490403,9.728030496144696,42.74063453259066,50.442750376164874,1116,Strong Sell,0.4072245164000464
DIL.NS,0,0.29629132970876165,2025-09-01,364,0.19545454545454546,,,-16.049382080121152,-31.313131252316452,24.698458964288285,0.0,1117,Strong Sell,0.4074173405824767
XTGLOBAL.NS,0,0.29619644635194625,2025-09-01,364,0.26239690459220033,3.95,,0.4058728475483513,2.1601026526808975,50.483645022943556,50.27143996759371,1118,Strong Sell,0.4076071072961075
DYNAMATECH.NS,0,0.29609057026196745,2025-09-01,364,0.9599406528189911,10.0,,15.819027098863426,14.34806344715086,35.762936702168076,79.38475886369838,1119,Strong Sell,0.4078188594760651
NARMADA.NS,0,0.2954848266121575,2025-09-01,364,0.22099447513812148,13.05,,-18.742658332905616,-24.198414428315527,56.84930387638821,53.30813157746719,1120,Strong Sell,0.40903034677568495
KMEW.NS,0,0.2953546162971683,2025-09-01,364,1.0710900473933649,24.0,,18.7187855468515,62.42154414572341,45.687714973455655,66.93088667477471,1121,Strong Sell,0.4092907674056634
RACLGEAR.NS,0,0.2952438502603761,2025-09-01,364,0.9785932721712538,13.0,,23.562482807515345,22.58784204562265,42.794508698614095,73.71231883057831,1122,Strong Sell,0.40951229947924783
DAVANGERE.NS,0,0.29508631991982764,2025-09-01,364,0.536779324055666,7.0,,-34.0694049252915,-43.360436808674976,70.68745474975012,16.32654186620701,1123,Strong Sell,0.4098273601603447
BFINVEST.NS,0,0.2948924484685885,2025-09-01,364,0.041790062520565975,4.0,,-0.6395166930435603,3.872313325538795,27.815354970942213,20.48090271363712,1124,Strong Sell,0.41021510306282305
OILCOUNTUB.NS,0,0.2945913189507662,2025-09-01,364,0.5753424657534246,-8.0,,8.138297922708013,11.92879390673363,36.05186609296529,49.959910490725576,1125,Strong Sell,0.41081736209846764
DMCC.NS,0,0.2943692324208754,2025-09-01,364,0.5982905982905983,14.0,,4.0174075320130695,11.956301755638444,55.75008830575723,44.61371706253968,1126,Strong Sell,0.41126153515824915
VIVIDHA.NS,0,0.29436565152705446,2025-09-01,364,26.217391304347775,-14.42,,1.960782480441495,-5.454550971669479,35.2638140628523,44.44445916161573,1127,Strong Sell,0.4112686969458911
INDBANK.NS,0,0.2942341714565552,2025-09-01,364,0.2221640853913772,13.44,,-1.2558857574237032,-3.704834936086301,19.643351302835214,32.087927381687976,1128,Strong Sell,0.41153165708688955
SPECTRUM.NS,0,0.2941804808946294,2025-09-01,364,1.1157407407407407,16.0,,-13.241807280993854,43.645244790868546,70.21672796309034,29.97770065800445,1129,Strong Sell,0.4116390382107412
INOXGREEN.NS,0,0.2941373119404172,2025-09-01,364,0.17288135593220338,4.0,,-1.7776233346934425,-1.4993261850037838,37.590631873677694,25.679409688781618,1130,Strong Sell,0.4117253761191656
HINDCOMPOS.NS,0,0.29396718132478616,2025-09-01,364,0.10623353819139596,5.0,,-4.176930200142752,-0.17112375268115268,21.35419174308879,37.29034473362352,1131,Strong Sell,0.41206563735042767
KOTARISUG.NS,0,0.293910459541727,2025-09-01,364,0.48056537102473496,3.0,,24.82128643467611,26.98990022293245,78.19240309119195,61.67441966921783,1132,Strong Sell,0.412179080916546
KTKBANK.NS,0,0.293892228947836,2025-09-01,364,8.427754388752085,,,17.699734467597676,25.242894713103407,32.47925928367519,69.86467920902089,1133,Strong Sell,0.412215542104328
EDELWEISS.NS,0,0.2938779948848239,2025-09-01,364,0.6548641542506574,3.0,,8.928260234315312,12.363371333805004,30.41693178232789,61.98912393552734,1134,Strong Sell,0.4122440102303522
TORNTPHARM.NS,0,0.2935558338502742,2025-09-01,364,0.5759905381431106,28.0,,-1.108764871809487,15.966578917248484,23.466897808761182,63.23529411764706,1135,Strong Sell,0.41288833229945165
TASTYBITE.NS,0,0.29346887593154136,2025-09-01,364,0.4702194357366771,11.0,,11.392996705647054,33.216864252755215,42.34051160716553,59.37126260037587,1136,Strong Sell,0.4130622481369173
BRITANNIA.NS,0,0.29326923797521054,2025-09-01,364,1.6260709914320686,57.0,,-2.3095325726904674,5.470188817479024,19.68356319703005,29.3848167539267,1137,Strong Sell,0.4134615240495789
MAPMYINDIA.NS,0,0.29324711426206174,2025-09-01,364,0.14169570267131243,28.0,,-13.986853574414337,24.570939140060382,47.290841227589986,50.02134798942057,1138,Strong Sell,0.4135057714758765
ARE&M.NS,0,0.2932102829009635,2025-09-01,364,0.36357794627939855,17.0,,1.5989414335740817,7.0105024193164205,33.090115089578994,57.8285284352156,1139,Strong Sell,0.41357943419807297
DALMIASUG.NS,0,0.29296806109264895,2025-09-01,364,0.31286821705426354,9.0,,35.49256192970411,41.89315955977737,68.33092291418222,65.3008211566472,1140,Strong Sell,0.4140638778147021
KOTHARIPET.NS,0,0.2929465911112404,2025-09-01,364,0.21726190476190477,30.0,,-2.3091293136056796,8.263162091192237,45.33478451699244,28.123109796721636,1141,Strong Sell,0.41410681777751923
CLSEL.NS,0,0.29244601299270767,2025-09-01,364,0.2789473684210526,17.0,,5.306477722061078,7.03097202888447,41.93559994357892,62.662335195984625,1142,Strong Sell,0.41510797401458466
INDIAMART.NS,0,0.2923121179413063,2025-09-01,364,0.8233719892952721,38.0,,-2.4669420607568036,-8.7832019232599,21.31210340414723,38.59508153286605,1143,Strong Sell,0.4153757641173874
SATIN.NS,0,0.29215470212859385,2025-09-01,364,3.1268426465546795,,,-13.61588706481304,-3.785912160288591,34.19211626311579,43.55022097813908,1144,Strong Sell,0.4156905957428123
IL&FSTRANS.NS,0,0.2919104526929148,2018-06-01,3013,-1.2014804845222073,13.0,,2.3255790743460065,-4.7619003385543905,38.47881392419778,59.01639536483478,1145,Strong Sell,0.41617909461417035
ASHOKAMET.NS,0,0.29183898402451364,2025-09-01,364,0.446196896464004,0.05,,-4.545458486257453,-12.556054332189392,20.32231761620728,41.55248695773348,1146,Strong Sell,0.4163220319509727
MBLINFRA.NS,0,0.2918015398017935,2025-09-01,364,0.8230543318649045,9.0,,-6.8827504165980695,-18.806697202879207,27.74061564904286,34.28572318296807,1147,Strong Sell,0.41639692039641296
3PLAND.NS,0,0.291059371683955,2025-09-01,364,0.10841022001419455,2.28,,-0.15728575957592184,-0.3453708289923935,16.120066181011815,53.260867875103855,1148,Strong Sell,0.41788125663208997
BALAJEE.NS,0,0.2908406499540596,2025-09-01,364,0.6614173228346457,11.0,,-2.0325175458808635,-8.743542426460055,18.563162680967178,39.671371907442555,1149,Strong Sell,0.41831870009188077
SKYGOLD.NS,0,0.29030568806293855,2025-09-01,364,0.7048192771084337,19.0,,25.38448971263223,43.2933822611518,52.81442221321666,53.228554528196035,1150,Strong Sell,0.4193886238741229
JMFINANCIL.NS,0,0.28968787545707847,2025-09-01,364,0.06671026814911707,13.0,,4.772424710943634,5.939343320122205,24.326804752518957,53.660499212969114,1151,Strong Sell,0.42062424908584306
PRITIKAUTO.NS,0,0.289658792417457,2025-09-01,364,0.4755784061696658,7.0,,-3.1728015753295202,26.032445602763293,25.20438998397307,30.18866566500823,1152,Strong Sell,0.420682415165086
ENERGYDEV.NS,0,0.28963086770620466,2025-09-01,364,0.4583333333333333,0.0,,-4.4047607424037,0.0,24.063605100910284,46.85313799215985,1153,Strong Sell,0.42073826458759067
APCL.NS,0,0.28951563004691444,2025-09-01,364,1.4688346883468835,-2.0,,-1.4642349271664994,-17.925842558820403,27.878143618502165,43.39815067161341,1154,Strong Sell,0.4209687399061711
RANASUG.NS,0,0.2894990177375175,2025-09-01,364,1.0071556350626119,8.0,,30.187075864303825,23.967610904597514,51.19436567075786,66.29032426768589,1155,Strong Sell,0.42100196452496497
PGIL.NS,0,0.28944066867273577,2025-09-01,364,0.8701754385964913,11.0,,19.323905006029616,50.66348530923806,47.97211858644245,52.61445169509231,1156,Strong Sell,0.42111866265452846
VIPIND.NS,0,0.2891093385947717,2025-09-01,364,3.0232558139534884,-3.0,,3.2759140457639986,-3.8818187460138422,30.451556325557927,40.56472671205353,1157,Strong Sell,0.42178132281045655
BIOCON.NS,0,0.28890321935061003,2025-09-01,364,0.2401301382719139,2.0,,-3.2182315748603987,0.010356308881134908,17.66501730721175,36.964606396762974,1158,Strong Sell,0.42219356129877994
MANYAVAR.NS,0,0.28884739239972257,2025-09-01,364,0.5223707147007554,26.0,,31.14674928988367,35.94738086557376,51.901487014828554,66.42757502226434,1159,Strong Sell,0.42230521520055486
RCOM.NS,0,0.2886295273399149,2025-09-01,364,-1.528603188374363,,,-1.219511042741837,-9.999997350904605,17.676305469244802,40.0,1160,Strong Sell,0.42274094532017015
TBZ.NS,0,0.288620402300627,2025-09-01,364,1.9105113636363635,12.0,,7.915729263886387,68.69828807031261,78.59669705232815,58.12995862184772,1161,Strong Sell,0.42275919539874596
J&KBANK.NS,0,0.28853942597289384,2025-09-01,364,10.519762845849803,,,-2.426181119457536,5.700392081643124,47.0976514533033,40.982452383183194,1162,Strong Sell,0.4229211480542123
AHLADA.NS,0,0.28832553838773184,2025-09-01,364,0.572463768115942,6.0,,4.560438950069598,-7.621357600733236,52.979812588264316,47.740115246956385,1163,Strong Sell,0.4233489232245363
KESORAMIND.NS,0,0.2879471862024729,2025-09-01,364,0.13538461538461538,-3.0,,-5.280805518232846,-5.676121681842136,38.79621929956899,20.183499081542166,1164,Strong Sell,0.4241056275950542
RVHL.NS,0,0.2878229653601329,2025-09-01,364,0.012581392782253622,-0.18,,-11.023268619052892,8.363139045773641,32.311220227669644,30.630638061254402,1165,Strong Sell,0.4243540692797342
BANSALWIRE.NS,0,0.2877921142759264,2025-09-01,364,0.6016064257028112,15.0,,0.6356268993470799,2.1451593214465725,35.998991542625376,44.92979526077542,1166,Strong Sell,0.42441577144814724
PNGJL.NS,0,0.2877347458412181,2025-09-01,364,1.5075757575757576,19.0,,-12.889745629175223,5.759835217231438,35.22560306444479,28.61084595775266,1167,Strong Sell,0.4245305083175638
ZIMLAB.NS,0,0.28721188960566363,2025-09-01,364,0.8934426229508197,8.0,,12.520178551096553,20.7390960089259,37.564480918935544,72.98167594963175,1168,Strong Sell,0.42557622078867274
ARVSMART.NS,0,0.2871793671231704,2025-09-01,364,1.6996336996336996,3.0,,11.647419938322,11.638022732524483,37.615886933858164,51.34118268731673,1169,Strong Sell,0.42564126575365924
UNIMECH.NS,0,0.2871617888872546,2025-09-01,364,0.053703703703703705,8.0,,28.097830604402002,51.34671888798822,43.7131717671074,58.633575164361424,1170,Strong Sell,0.42567642222549085
INNOVACAP.NS,0,0.2870062587073619,2025-09-01,364,0.7016509433962265,12.0,,10.659479146619194,25.799297034531797,31.06933879147451,62.542362536414196,1171,Strong Sell,0.4259874825852762
MAHESHWARI.NS,0,0.2869011138700356,2025-09-01,364,2.004830917874396,13.0,,-1.123441182111949,20.9485510031497,11.43437026095896,44.38429025977109,1172,Strong Sell,0.42619777225992883
HEROMOTOCO.NS,0,0.286420414013288,2025-09-01,364,0.49890632429862103,31.0,,1.188265874489417,14.238387889355305,26.275344187477202,17.411764705882362,1173,Strong Sell,0.427159171973424
ECOSMOBLTY.NS,0,0.28640464254438125,2025-09-01,364,0.5739130434782609,34.0,,-14.199651493276951,-9.785923384658734,30.128785605258003,22.700058918007116,1174,Strong Sell,0.4271907149112375
BBTC.NS,0,0.28630293236168775,2025-09-01,364,1.6129032258064515,28.0,,0.3874189381276936,0.8184123996647837,44.608100661773044,51.600512163892446,1175,Strong Sell,0.4273941352766245
ELDEHSG.NS,0,0.2862238133780572,2025-09-01,364,1.2623906705539358,10.0,,0.8486638891636974,-1.073972081613035,42.644146355511694,53.20230287854173,1176,Strong Sell,0.4275523732438856
RADICO.NS,0,0.28594952301335624,2025-09-01,364,0.6376414124100103,16.0,,5.459622979253583,32.3359790126776,21.617731037961597,56.04129793510324,1177,Strong Sell,0.4281009539732875
APARINDS.NS,0,0.2857777244779791,2025-09-01,364,1.3186433354936271,33.0,,23.37608028993588,30.75786674545723,45.53756857454279,58.22130299896587,1178,Strong Sell,0.4284445510440418
SATIA.NS,0,0.2856893621348187,2025-09-01,364,0.42924976258309594,10.0,,-6.506961050816362,3.1612727094222066,30.28855406277539,25.485941637568942,1179,Strong Sell,0.42862127573036257
VINDHYATEL.NS,0,0.2856556471441489,2025-09-01,364,2.0231578947368423,12.0,,32.50820339797413,22.468094160965478,76.13374607774819,59.50382536692101,1180,Strong Sell,0.42868870571170214
HBSL.NS,0,0.2856076947321316,2025-09-01,364,0.1595744680851064,-9.0,,9.479165077209473,-2.232559558957122,49.769898938878974,14.066484061923006,1181,Strong Sell,0.4287846105357368
HAPPYFORGE.NS,0,0.28552336423004054,2025-09-01,364,0.1739795918367347,19.0,,45.943006671581884,72.23897812326315,40.797636416046814,78.37048012695539,1182,Strong Sell,0.4289532715399189
DIGISPICE.NS,0,0.28545008783885445,2025-09-01,364,0.0963855421686747,-4.0,,-5.846660314448477,-14.134806763412486,27.548151010519838,39.77271126321733,1183,Strong Sell,0.4290998243222911
MOTOGENFIN.NS,0,0.2853852416177044,2025-09-01,364,1.242941478439425,1.74,,0.8968601235628331,4.772989989861521,20.860537606085312,55.84416806869232,1184,Strong Sell,0.4292295167645912
AZAD.NS,0,0.28535322798431006,2025-09-01,364,0.31195138419986496,12.0,,24.83315371115049,36.86929946384572,42.35513384187149,74.79954024374291,1185,Strong Sell,0.42929354403137987
KANORICHEM.NS,0,0.2851972963915452,2025-09-01,364,0.7014925373134329,4.0,,11.223640275361584,63.83745370362376,38.20316517529301,58.075706742270725,1186,Strong Sell,0.42960540721690965
ALMONDZ.NS,0,0.28509252042954886,2025-09-01,364,0.33237704918032773,2.03,,18.188143788297335,29.071526950842735,79.89243584889489,70.98865127402097,1187,Strong Sell,0.4298149591409023
SHARDACROP.NS,0,0.28495457978929206,2025-09-01,364,0.8735112936344969,16.0,,-3.3634384390599257,-12.729099570284113,26.214723369928667,38.35283078563776,1188,Strong Sell,0.4300908404214159
BAJAJHCARE.NS,0,0.284910555942311,2025-09-01,364,0.7227926078028748,11.0,,-1.6643799065078255,7.404940997650004,43.99309412631132,40.69899302396952,1189,Strong Sell,0.43017888811537797
TRF.NS,0,0.284882007129112,2025-09-01,364,3.1772151898734178,20.0,,1.764964845915327,-1.8729175025148033,20.38857439814905,37.518425524817545,1190,Strong Sell,0.430235985741776
LYKALABS.NS,0,0.28466948969812744,2025-09-01,364,0.4772727272727273,8.0,,27.016477885897217,29.121357945297255,42.74926228817703,69.62099929489275,1191,Strong Sell,0.4306610206037451
OLAELEC.NS,0,0.284668443051148,2025-09-01,364,0.04941965904969169,1.0,,6.3631637200777895,-5.989946607322282,44.586252073455505,56.30396741629738,1192,Strong Sell,0.43066311389770395
SILLYMONKS.NS,0,0.2845019628654278,2025-09-01,364,0.1735632183908048,2.08,,1.7153777743955527,-5.878894688678883,49.30495969559034,48.7854360434026,1193,Strong Sell,0.43099607426914444
AUSOMENT.NS,0,0.284468360716122,2025-09-01,364,0.025974025974025976,16.0,,6.901281784513588,20.373531186690816,27.171100101363766,68.65333964603515,1194,Strong Sell,0.43106327856775595
MAHLOG.NS,0,0.2844130756903862,2025-09-01,364,1.1286509040333796,9.0,,-4.407811426854396,12.437892845666056,28.128744114656513,18.37458954962338,1195,Strong Sell,0.4311738486192276
VENKEYS.NS,0,0.28426873190754154,2025-09-01,364,0.4527911784975879,11.0,,13.51206964699829,17.83439291275531,32.582865231279904,75.13776822943531,1196,Strong Sell,0.4314625361849169
SAHYADRI.NS,0,0.2842242645613128,2025-09-01,364,0.27692307692307694,7.0,,14.338885753171638,19.32549755410542,50.86739461829502,48.55854451560968,1197,Strong Sell,0.43155147087737444
JAICORPLTD.NS,0,0.2842114493631999,2025-09-01,364,0.02459016393442623,5.0,,-1.1333413935588572,-12.757629743001727,23.69890718737709,41.55306629425734,1198,Strong Sell,0.43157710127360016
WALCHANNAG.NS,0,0.2841358452305329,2025-09-01,364,1.478510028653295,0.0,,-7.370692285998113,-9.800632152577387,26.44171308849998,22.74662078495456,1199,Strong Sell,0.43172830953893415
GRPLTD.NS,0,0.284045822000564,2025-09-01,364,1.375,20.0,,-2.4024403162405656,11.569465877370588,34.242867744728805,53.54714435061131,1200,Strong Sell,0.431908355998872
SONACOMS.NS,0,0.28388530448473953,2025-09-01,364,0.1443687230989957,18.0,,6.710310965630114,33.6989966287286,29.82678167430756,51.0548523206751,1201,Strong Sell,0.43222939103052094
SYNGENE.NS,0,0.28360378605298764,2025-09-01,364,0.3212121212121212,13.0,,3.848148830885719,-8.266584702221074,28.827395793718434,45.28302053934153,1202,Strong Sell,0.4327924278940247
ARCHIES.NS,0,0.2835235140201905,2025-09-01,364,0.4944734418176235,4.06,,-3.1091851594208335,-6.6852371942821245,23.5615198404611,35.71428571428572,1203,Strong Sell,0.432952971959619
WIPL.NS,0,0.2834914042833831,2025-09-01,364,0.6226415094339622,8.0,,-0.3915773658613955,10.410365701179803,26.90728809457675,47.19070326085747,1204,Strong Sell,0.4330171914332338
SANDESH.NS,0,0.28317455995066587,2025-09-01,364,0.06236711552090716,8.0,,4.957975797272604,7.306531591409544,63.00741501784728,20.686218871630615,1205,Strong Sell,0.43365088009866826
TFL.NS,0,0.2830876888564037,2025-09-01,364,0.9373793103448277,9.48,,9.490333153297279,1.3008117474065681,47.209140458117005,69.54314880540177,1206,Strong Sell,0.43382462228719265
ATUL.NS,0,0.2829218667788649,2025-09-01,364,0.19941449974169106,12.0,,-5.049242981037778,-2.253400908169864,28.026656395792237,25.959780621572207,1207,Strong Sell,0.43415626644227023
MAHEPC.NS,0,0.28278865493152683,2025-09-01,364,0.7298850574712644,7.0,,-4.247146308978308,-10.577008955336744,21.36077864711957,22.77543400252158,1208,Strong Sell,0.43442269013694634
HGS.NS,0,0.28276820345685383,2025-09-01,364,0.619316046599023,-3.0,,-5.404770452299852,-0.11166556005738214,16.592998903648574,34.07994937490112,1209,Strong Sell,0.43446359308629234
SANATHAN.NS,0,0.28267146907631086,2025-09-01,364,0.4562402900051787,14.0,,-3.510287088682234,9.856560276537067,40.28775488887083,38.24244666315452,1210,Strong Sell,0.4346570618473783
UNITEDTEA.NS,0,0.2825039836423115,2025-09-01,364,0.0603448275862069,10.0,,-3.239559209628569,-13.758993128972946,20.18693821409246,30.13872597463771,1211,Strong Sell,0.434992032715377
JNKINDIA.NS,0,0.2823883639820486,2025-09-01,364,0.49034749034749037,15.0,,-0.8684694089779642,13.16201769207484,50.91519412021982,55.174804757234746,1212,Strong Sell,0.43522327203590283
ALPHAGEO.NS,0,0.28237408076839837,2025-09-01,364,0.10300429184549356,-6.0,,47.61102419240568,44.711494469355394,96.17806292815156,65.71050521935574,1213,Strong Sell,0.43525183846320326
TARMAT.NS,0,0.28231317234435743,2025-09-01,364,0.2342857142857143,2.0,,17.919189761383365,12.358032867489902,86.619649295663,54.71070629982213,1214,Strong Sell,0.43537365531128513
KERNEX.NS,0,0.2821214512699922,2025-09-01,364,1.5376344086021505,22.0,,-24.25273546275553,-7.561637901586719,78.68773712354691,25.973741559828895,1215,Strong Sell,0.43575709746001556
BROOKS.NS,0,0.28181100891102917,2025-09-01,364,0.20240080026675558,4.29,,9.117745842946448,3.322980339974816,43.37733515577516,63.29928779318363,1216,Strong Sell,0.43637798217794166
PRITI.NS,0,0.2817771869030855,2025-09-01,364,0.10251075045082536,8.58,,-6.556039057271621,-18.62118166508783,24.33014944984859,35.10465841275496,1217,Strong Sell,0.436445626193829
IEX.NS,0,0.2816811323397065,2025-09-01,364,0.5291666666666667,54.0,,-8.877801728290871,-2.2550282339585297,22.31841277467319,23.50671725494405,1218,Strong Sell,0.43663773532058703
GANDHAR.NS,0,0.28166437905918984,2025-09-01,364,0.4474327628361858,11.0,,15.440090132453808,65.49063695806517,79.97684923709443,64.5043509031542,1219,Strong Sell,0.4366712418816203
CANFINHOME.NS,0,0.2815837709755147,2025-09-01,364,6.643236317041918,,,-3.0831085237242006,-1.9036357296092103,19.33789285101306,37.876385078226,1220,Strong Sell,0.43683245804897064
IDFCFIRSTB.NS,0,0.2815516056995104,2025-09-01,364,7.2593512976208485,,,1.821632639857388,20.120586858889283,22.451030571505747,56.77832716715248,1221,Strong Sell,0.43689678860097925
INDUSINDBK.NS,0,0.2815272637942545,2025-09-01,364,7.1592196057802395,,,0.40989316300760176,13.144787377000025,25.068482823830696,53.60147306517458,1222,Strong Sell,0.43694547241149095
MACPOWER.NS,0,0.2813983166255468,2025-09-01,364,0.632258064516129,27.0,,35.50499876792382,115.52751415687919,64.02745209635319,61.046647411405715,1223,Strong Sell,0.43720336674890636
DVL.NS,0,0.2813657347011878,2025-09-01,364,0.04089026915113872,4.0,,17.68135340300238,18.04241683778896,44.3659864248859,48.75864221107753,1224,Strong Sell,0.4372685305976244
HINDCON.NS,0,0.28133335499409495,2025-09-01,364,0.2900997697620873,11.15,,-1.1658050930161887,2.830184880003695,47.919625302817806,54.180982706267855,1225,Strong Sell,0.4373332900118101
GODREJIND.NS,0,0.28119556232213144,2025-09-01,364,6.913239436619718,8.0,,-10.837026253879955,10.214287376987633,25.84472375914167,26.22952192937143,1226,Strong Sell,0.4376088753557371
PRABHA.NS,0,0.28117621114685987,2025-09-01,364,0.5054519467945318,-0.4,,38.33411908890867,26.170070247638,60.27334582690011,76.29253086978837,1227,Strong Sell,0.43764757770628027
ROML.NS,0,0.28111274301575506,2025-09-01,364,42.0,14.0,,-5.775607158597458,-9.075378675688347,24.605586712902305,38.54290125172356,1228,Strong Sell,0.4377745139684899
AVL.NS,0,0.2809868866524195,2025-09-01,364,0.8779342723004695,19.0,,-5.323802268218484,16.500897918233054,22.971554808657405,34.822314972854315,1229,Strong Sell,0.438026226695161
KHAITANLTD.NS,0,0.2809188193977301,2025-09-01,364,1.422328439740526,21.03,,12.367552690393243,8.63914586247095,73.36963820437204,39.990460985613204,1230,Strong Sell,0.4381623612045398
INDOFARM.NS,0,0.28079820982386816,2025-09-01,364,0.30916030534351147,7.0,,-8.65131177400288,9.477256247675781,37.65421204245827,25.59182377010893,1231,Strong Sell,0.4384035803522637
DCMNVL.NS,0,0.28078869972205733,2025-09-01,364,0.6543909348441926,8.0,,39.84772635180816,24.419358776461696,43.530692098367936,73.68866147540076,1232,Strong Sell,0.43842260055588533
CENTRALBK.NS,0,0.2805627331096445,2025-09-01,364,12.236647645094274,,,-2.421698471515931,-0.231104655189915,13.42294540186731,29.36169625624352,1233,Strong Sell,0.43887453378071095
EVERESTIND.NS,0,0.28054004322262516,2025-09-01,364,0.9691056910569106,3.0,,-8.096393358270376,14.95932251096504,42.21811206749562,28.34175872638673,1234,Strong Sell,0.4389199135547497
EMIL.NS,0,0.28027974080880713,2025-09-01,364,1.361592806679512,10.0,,36.55964639367607,56.20046210450739,58.31602127377462,46.065347397455156,1235,Strong Sell,0.43944051838238574
KRYSTAL.NS,0,0.2802464036015023,2025-09-01,364,0.6637362637362637,17.0,,7.639116070214631,10.767250371704886,34.69764726007078,61.47151307877136,1236,Strong Sell,0.43950719279699535
SAMPANN.NS,0,0.28023244790158713,2025-09-01,364,2.4,-2.0,,-3.898497066828963,-2.500000355848636,20.173493056305457,37.0261996713572,1237,Strong Sell,0.43953510419682573
AETHER.NS,0,0.2801393718984284,2025-09-01,364,0.18996105581999134,10.0,,9.853213539085296,48.43777537198822,27.958847161468885,59.212660643116045,1238,Strong Sell,0.4397212562031432
RAMASTEEL.NS,0,0.2798612634452014,2025-09-01,364,0.357487922705314,5.0,,7.2992628747478765,-17.26078967097341,32.12497045824011,34.782587062201145,1239,Strong Sell,0.4402774731095972
INDHOTEL.NS,0,0.2798593100975851,2025-09-01,364,0.23751745810055866,17.0,,-0.08800533337608672,12.934072903089664,19.072886421634745,58.17649669188978,1240,Strong Sell,0.44028137980482984
RITCO.NS,0,0.27970694194387297,2025-09-01,364,1.0888888888888888,16.0,,6.329984331428097,17.740416886385933,35.009828430506005,54.455440059907104,1241,Strong Sell,0.44058611611225407
SPLPETRO.NS,0,0.2795034453137725,2025-09-01,364,0.4783783783783784,23.0,,2.2295397650683615,4.349876018098282,32.36460030455331,63.29690862471432,1242,Strong Sell,0.44099310937245495
IFGLEXPOR.NS,0,0.27940928205211796,2025-09-01,364,0.6017191977077364,11.0,,10.627918310914684,12.036772642829401,40.27879218748337,41.396811118165225,1243,Strong Sell,0.4411814358957641
PRICOLLTD.NS,0,0.2792334331921416,2025-09-01,364,0.8062015503875969,22.0,,15.301797437758863,40.637304677356305,39.39172306325258,68.01090451168183,1244,Strong Sell,0.4415331336157168
PARASPETRO.NS,0,0.27907308360771027,2025-09-01,364,0.0009610764055740518,5.42,,-9.387755697839003,12.12121248610128,56.095211131484135,30.15871874538773,1245,Strong Sell,0.44185383278457946
NH.NS,0,0.2787007776178926,2025-09-01,364,1.028029322984045,19.0,,-7.123975857505344,0.11282785971470452,28.031975110715386,70.1696154763011,1246,Strong Sell,0.44259844476421484
FINCABLES.NS,0,0.2786977431489198,2025-09-01,364,0.1318909923028916,16.0,,26.28088854236103,25.14048313926733,55.79708806183871,54.81146360578357,1247,Strong Sell,0.44260451370216036
UDS.NS,0,0.27861761633244314,2025-09-01,364,0.392090395480226,9.0,,13.924523498787849,24.38213074530924,33.82667309256354,72.4604867653914,1248,Strong Sell,0.4427647673351137
MANORG.NS,0,0.2785638246496991,2025-09-01,364,1.1806020066889633,6.0,,2.3759410733865916,-2.0243726021904025,39.618792928586764,83.49728893752433,1249,Strong Sell,0.4428723507006018
JYOTHYLAB.NS,0,0.2784343150853093,2025-09-01,364,0.4756606397774687,37.0,,2.268240027369512,5.548595169393642,31.288148842870044,52.241527219068324,1250,Strong Sell,0.4431313698293814
JOCIL.NS,0,0.27818384647661715,2025-09-01,364,0.38095238095238093,1.0,,6.086956521739131,2.348993288590604,29.058872468520075,57.63495174460157,1251,Strong Sell,0.4436323070467657
KCP.NS,0,0.27816285739915164,2025-09-01,364,1.0422721268163804,4.0,,3.6456038557259896,3.8816488049580045,44.6396391727982,65.85468600187946,1252,Strong Sell,0.4436742852016967
DCXINDIA.NS,0,0.27811989277113397,2025-09-01,364,0.5298634812286689,5.0,,0.2819919953102308,-10.010627635961844,26.866277240096494,48.43710770296804,1253,Strong Sell,0.44376021445773206
ZEEL.NS,0,0.27787233967933916,2025-09-01,364,0.17925772418990205,10.0,,-18.306416989991806,-0.9735430359209657,64.95681529812354,52.57916862954135,1254,Strong Sell,0.44425532064132167
NIITMTS.NS,0,0.2776790507934293,2025-09-01,364,0.1984126984126984,24.0,,-3.971162967080985,8.436577741287103,25.950415515359076,29.553105474703628,1255,Strong Sell,0.4446418984131414
MEDICAMEQ.NS,0,0.27738495403409125,2025-09-01,364,0.29044117647058826,7.0,,5.636671661825866,-8.734875782159785,52.41647608151517,56.434416835186305,1256,Strong Sell,0.4452300919318175
KMSUGAR.NS,0,0.277350529398704,2025-09-01,364,0.2983425414364641,25.0,,19.38551282911705,22.0643218737154,53.66465958797595,64.24746924556246,1257,Strong Sell,0.44529894120259195
HINDPETRO.NS,0,0.2773004204240892,2025-09-01,364,2.575132825132825,12.0,,-1.3231539550821734,0.1283508721685299,21.40296889286542,42.64765105226403,1258,Strong Sell,0.4453991591518216
WCIL.NS,0,0.27724128992555314,2025-09-01,364,0.3612750885478158,13.0,,-3.51114418765666,-8.816336300275058,20.950668942899014,42.81003073395627,1259,Strong Sell,0.44551742014889373
NAHARPOLY.NS,0,0.2772396356437412,2025-09-01,364,0.3058823529411765,10.0,,-8.760604745590232,-3.6798995867054582,49.613709920025066,49.79424712448321,1260,Strong Sell,0.4455207287125176
MONTECARLO.NS,0,0.2771521745961043,2025-09-01,364,1.3501199040767387,13.0,,2.5273135948634207,-1.3439451989362095,30.392999508696068,67.74870491902288,1261,Strong Sell,0.4456956508077914
UFO.NS,0,0.2771482442725491,2025-09-01,364,0.8602150537634409,6.0,,1.7911790790134066,-10.282016844994711,28.228766582432467,46.30415519611803,1262,Strong Sell,0.44570351145490184
GICRE.NS,0,0.27709008282428504,2025-09-01,364,2.1739992009588494,16.0,,-0.5187902613155301,-7.279144186939865,12.349431471755862,48.73162423807817,1263,Strong Sell,0.4458198343514299
SCILAL.NS,0,0.27657079521064704,2025-09-01,364,0.18397328881469116,2.0,,-3.6173777942380565,-9.690624227146309,13.677949473472195,32.14290985425866,1264,Strong Sell,0.44685840957870593
RUBFILA.NS,0,0.2764229465851803,2025-09-01,364,0.18411552346570398,13.0,,-4.0967567711146335,-12.075382054072366,35.946592626039916,43.65185580200398,1265,Strong Sell,0.4471541068296394
SUNCLAY.NS,0,0.2764214755367694,2025-09-01,364,1.1666666666666667,9.0,,3.608704159309508,-1.5,33.71107169273447,60.07005684502622,1266,Strong Sell,0.44715704892646124
IVC.NS,0,0.2762861864015617,2025-09-01,364,0.02727272727272727,-2.0,,7.73810240146557,11.453205890183932,31.938919780579262,69.10112479948737,1267,Strong Sell,0.44742762719687657
DDEVPLSTIK.NS,0,0.2762796523116955,2025-09-01,364,0.3406113537117904,34.0,,3.113931118245347,13.12032413581802,44.824190672967,34.801804163557776,1268,Strong Sell,0.447440695376609
BHARATRAS.NS,0,0.2760356865555613,2025-09-01,364,0.22023809523809523,14.0,,-0.9391543400953538,-14.03328729814109,26.972853127092026,23.368800175338308,1269,Strong Sell,0.44792862688887736
MKPL.NS,0,0.27571384727184706,2025-09-01,364,0.08108108108108109,13.0,,-0.9592316815633489,-17.068271111989038,19.61598583191263,38.461496138518164,1270,Strong Sell,0.4485723054563059
MALUPAPER.NS,0,0.2756871574510472,2025-09-01,364,-11.0,-4.0,,0.8816142463087309,-1.4457011081866271,60.69765096994391,51.81818749293414,1271,Strong Sell,0.44862568509790557
AEGISLOG.NS,0,0.27552941632955325,2025-09-01,364,0.3987640857869866,24.0,,-1.2648401487031364,67.17138168004156,51.908005728330174,46.39737991266376,1272,Strong Sell,0.4489411673408935
KOTHARIPRO.NS,0,0.27549397570551104,2025-09-01,364,0.15684410646387834,-1.0,,0.49423670457673424,-7.063710096521356,22.48055268950368,27.577304130588445,1273,Strong Sell,0.4490120485889779
IREDA.NS,0,0.27542561239321206,2025-09-01,364,5.795201238390093,,,-2.3857196161806047,-6.3315485814352215,20.42121283454199,41.51479932656275,1274,Strong Sell,0.4491487752135759
JUSTDIAL.NS,0,0.27538989174545797,2025-09-01,364,0.18533688306369037,7.0,,-0.9069345457360425,33.974730223675834,39.33786199447968,54.462976670543945,1275,Strong Sell,0.44922021650908406
NFL.NS,0,0.27513449054860867,2025-09-01,364,4.051398337112623,6.0,,-1.5391051564757088,-6.509889883110211,13.744147664367231,38.714339431392744,1276,Strong Sell,0.44973101890278266
MODISONLTD.NS,0,0.27510311188555014,2025-09-01,364,0.5663716814159292,15.0,,56.8687050607922,32.9348095492397,49.87262616797852,83.81730407706914,1277,Strong Sell,0.4497937762288997
ARVINDFASN.NS,0,0.27508733863534307,2025-09-01,364,0.22317596566523606,3.0,,1.1914662262006213,-5.004796110155563,26.119275344834612,44.450865481738326,1278,Strong Sell,0.44982532272931386
NUVOCO.NS,0,0.2749860177229081,2025-09-01,364,0.9229776247848537,3.0,,-6.973082832849148,-3.347218029069332,23.28302071327757,34.14337860667665,1279,Strong Sell,0.4500279645541838
EMMBI.NS,0,0.27440115645958485,2025-09-01,364,1.218274111675127,8.0,,-2.1838014205322005,1.5228437368308283,32.0722303505523,52.645856474268655,1280,Strong Sell,0.4511976870808303
NGIL.NS,0,0.2743170138861946,2025-09-01,364,0.5647951441578148,-8.11,,3.591914744894381,-0.5269490316242514,45.99996254631876,57.2549003181609,1281,Strong Sell,0.45136597222761077
KAKATCEM.NS,0,0.2741678567350941,2025-09-01,364,0.19270833333333334,-3.0,,-2.44269853524437,-6.800232378040275,36.522295960269744,49.5728885566257,1282,Strong Sell,0.45166428652981183
SHALBY.NS,0,0.2741334789140505,2025-09-01,364,0.31864406779661014,12.0,,-3.967958057657645,-12.548067688831832,17.935296650186945,33.42513374229003,1283,Strong Sell,0.451733042171899
SANGINITA.NS,0,0.2741125505151264,2025-09-01,364,0.8214285714285714,4.0,,-20.06297882485592,79.0728940327859,53.133107104333156,42.67556851661115,1284,Strong Sell,0.4517748989697472
PPL.NS,0,0.2740012872987246,2025-09-01,364,0.22489082969432314,27.0,,-2.024521530422464,29.689731195607223,21.31897745114132,53.9267003158808,1285,Strong Sell,0.45199742540255083
CHOLAFIN.NS,0,0.2737352682705355,2025-09-01,364,7.359851703097243,,,5.023112703418973,25.683277071474507,29.413637130679742,35.21493769743161,1286,Strong Sell,0.45252946345892897
RRKABEL.NS,0,0.27371445202688915,2025-09-01,364,0.5728363324764353,20.0,,12.509599178093678,36.174308004144244,31.853708665076287,59.98962001227876,1287,Strong Sell,0.4525710959462217
DELTACORP.NS,0,0.2736770664870078,2025-09-01,364,0.08790212958767558,9.0,,-3.284506318979984,-6.059071911108849,22.069959592425594,33.14480297023539,1288,Strong Sell,0.4526458670259844
INTERARCH.NS,0,0.273552242147734,2025-09-01,364,0.5605493133583022,25.0,,-5.766256413786494,-3.19741295245844,24.15657725820914,54.511737390274355,1289,Strong Sell,0.452895515704532
EKC.NS,0,0.2735204173622484,2025-09-01,364,0.2931258106355383,12.0,,3.923253652674516,-7.580645223966764,30.385783174591825,39.52029995047934,1290,Strong Sell,0.4529591652755032
SSWL.NS,0,0.27343222851172266,2025-09-01,364,1.0770642201834861,17.0,,-1.5175897916552767,40.72283526289341,31.250319308179648,40.15088416524609,1291,Strong Sell,0.4531355429765547
SBILIFE.NS,0,0.2730229536211281,2025-09-01,364,25.77712193255725,17.0,,-7.518597236981934,-2.4492743172183458,14.859663184651414,20.269436884088464,1292,Strong Sell,0.4539540927577438
LFIC.NS,0,0.27298011169456815,2025-09-01,364,0.055243135957657896,4.28,,-2.4321014716514138,-3.4724635863002513,22.375555356947572,44.2076597504561,1293,Strong Sell,0.4540397766108637
KRITINUT.NS,0,0.27281197395829343,2025-09-01,364,0.11790393013100436,24.0,,23.03432984733501,-0.6594433432830119,58.5011046655437,55.266584188457756,1294,Strong Sell,0.45437605208341314
VIPCLOTHNG.NS,0,0.2727374537234764,2025-09-01,364,0.7142857142857143,6.0,,-3.2303963062855887,-20.117643767712163,30.330445038666902,51.970463367895775,1295,Strong Sell,0.4545250925530472
ASHIMASYN.NS,0,0.27271944963291367,2025-09-01,364,0.9756944444444444,2.0,,2.7277686965691346,13.025210661277548,75.71467691807369,66.666650851189,1296,Strong Sell,0.45456110073417266
UNIECOM.NS,0,0.2726320666569343,2025-09-01,364,0.18719211822660098,32.0,,5.48931835218406,2.3362355962631343,39.54094396887321,58.253362204293936,1297,Strong Sell,0.4547358666861314
SURYALAXMI.NS,0,0.2725762151783965,2025-09-01,364,1.6470588235294117,7.0,,-1.8264870819308314,1.0443837530950009,31.728846298579615,41.32342524501912,1298,Strong Sell,0.45484756964320705
RHFL.NS,0,0.27235673651551207,2025-03-01,548,-1.0377358490566038,-17.0,,-3.6082500199706278,-13.425929145312477,30.101802127582566,54.34782157998942,1299,Strong Sell,0.45528652696897587
DOLLAR.NS,0,0.27181949620640483,2025-09-01,364,0.6445182724252492,13.0,,0.44860269421728977,4.462985823853204,28.693436739363342,40.942705900669466,1300,Strong Sell,0.45636100758719034
CUB.NS,0,0.2717760343653494,2025-09-01,364,7.5031231110215595,,,10.98789464474879,23.751081983939592,44.77167889661969,62.13592511387943,1301,Strong Sell,0.45644793126930117
EMUDHRA.NS,0,0.2717268031599744,2025-09-01,364,0.10669077757685352,5.0,,22.582420190063925,20.243684335520744,39.33756593896652,61.902867061382146,1302,Strong Sell,0.45654639368005123
MARATHON.NS,0,0.27157770860281905,2025-09-01,364,0.029865125240847785,15.0,,5.991782102776183,-1.99312472909269,67.80053694229107,59.61801138901407,1303,Strong Sell,0.4568445827943619
OCCLLTD.NS,0,0.2713621411762214,2025-09-01,364,0.38686131386861317,15.0,,1.1851191880426186,41.3748448036415,48.69279637238661,54.59090770297473,1304,Strong Sell,0.45727571764755715
TRENT.NS,0,0.2709674489422479,2025-09-01,364,0.6766928657799275,29.0,,-3.374231555729828,3.396907815911434,20.408949012247575,27.14181258283034,1305,Strong Sell,0.4580651021155042
COMPUSOFT.NS,0,0.27088658791561,2025-09-01,364,0.4663625997719498,3.86,,1.6091956710932986,-2.1402210905599968,33.38946764638963,50.89821008993379,1306,Strong Sell,0.45822682416878
STERTOOLS.NS,0,0.2708059997176232,2025-09-01,364,0.3772455089820359,12.0,,-9.556980105870208,-3.881355648525521,27.565494667249247,36.29719739145408,1307,Strong Sell,0.4583880005647536
NRBBEARING.NS,0,0.27054592497844643,2025-09-01,364,0.22444444444444445,14.0,,12.85594155584871,31.757603538446492,43.75948006364187,45.90476018858114,1308,Strong Sell,0.45890815004310714
SUNDARAM.NS,0,0.2704856338887696,2025-09-01,364,0.47058823529411764,-2.0,,2.419352512826054,-7.299271787868723,54.000697014696556,51.6666653421188,1309,Strong Sell,0.45902873222246077
EXCELINDUS.NS,0,0.2701481387989796,2025-09-01,364,0.30072756669361356,9.0,,3.6082177937031985,13.249104705953036,54.81675400340984,52.57285663655111,1310,Strong Sell,0.4597037224020408
GKWLIMITED.NS,0,0.269727312487235,2025-09-01,364,0.23585994613312813,0.0,,-6.50601511402286,-8.70060172623503,20.24083948775627,14.740785073143329,1311,Strong Sell,0.46054537502552995
SANCO.NS,0,0.2696215926389425,2025-09-01,364,-11.240196078431374,-0.79,,0.0,-1.6949136104436064,0.0,100.0,1312,Strong Sell,0.46075681472211505
RETAIL.NS,0,0.2695930176991237,2025-09-01,364,0.31331793687451875,3.55,,2.083325744779323,-13.18897807788065,54.02965400468186,51.69491456932286,1313,Strong Sell,0.4608139646017526
NAHARINDUS.NS,0,0.2695143295585435,2025-09-01,364,0.6845771144278607,4.0,,20.132516925192167,11.275678350317753,67.93877475479417,54.086290869087705,1314,Strong Sell,0.460971340882913
TREEHOUSE.NS,0,0.26940873621668937,2025-09-01,364,0.03208556149732621,-2.0,,0.9661826475196712,-7.248524132614899,35.011775722381785,51.063828707928636,1315,Strong Sell,0.46118252756662126
APOLSINHOT.NS,0,0.2693892141461954,2025-09-01,364,1.09,12.0,,-0.6051704382212235,-4.569719871822335,27.150329608476465,45.45921084181648,1316,Strong Sell,0.46122157170760925
IRCTC.NS,0,0.2693380713283359,2025-09-01,364,0.7913145539906103,49.0,,-1.745608004502994,-5.785040818157888,21.518669071604315,20.40283177289379,1317,Strong Sell,0.46132385734332815
SANGHIIND.NS,0,0.2690589810213093,2025-09-01,364,7.957142857142857,-4.0,,,,,,1318,Strong Sell,0.46188203795738136
TATAINVEST.NS,0,0.2690054317834977,2025-09-01,364,0.125035765379113,1.0,,-5.879322622659839,-4.251100785531681,22.12729811473531,10.648545420071898,1319,Strong Sell,0.46198913643300465
SIRCA.NS,0,0.2688568756335384,2025-09-01,364,0.26410835214446954,20.0,,3.4486858316132336,4.157792847010746,24.6095392822656,43.86402019119282,1320,Strong Sell,0.46228624873292323
PVSL.NS,0,0.2688135501236664,2025-09-01,364,2.251732101616628,1.0,,-5.976057048763283,3.3292865064637924,48.4626559478507,41.52502489548759,1321,Strong Sell,0.46237289975266715
COALINDIA.NS,0,0.26866788235551475,2025-09-01,364,0.436140350877193,97.0,,-2.9940828393646477,-13.801169437478311,15.72024840541076,33.68421632308036,1322,Strong Sell,0.4626642352889705
SABEVENTS.NS,0,0.2686257016784221,2025-09-01,364,-1.3865546218487397,-200.0,,5.741630374821685,-24.141874262866505,37.677047881194135,100.0,1323,Strong Sell,0.4627485966431558
AVTNPL.NS,0,0.2685999615262603,2025-09-01,364,0.47834645669291337,11.0,,29.620990489474007,31.92839899237282,53.06193741297569,84.70102305247175,1324,Strong Sell,0.4628000769474794
CANTABIL.NS,0,0.2685316995816407,2025-09-01,364,1.6146341463414635,18.0,,1.5263568968305659,13.543071456203426,36.666863785905605,60.52216360496972,1325,Strong Sell,0.4629366008367186
SHK.NS,0,0.2682272479077057,2025-09-01,364,0.9931787175989086,8.0,,-7.977392257223566,19.96832214959777,58.5238849100505,18.473394528674262,1326,Strong Sell,0.4635455041845886
JSL.NS,0,0.268168245978532,2025-09-01,364,0.9787270840539606,20.0,,-4.04266888564713,3.439369237071636,17.637406147473193,38.686297359520225,1327,Strong Sell,0.463663508042936
STARHEALTH.NS,0,0.2680419240131639,2025-09-01,364,1.8569509738079248,12.0,,-5.532445923460898,7.1125390199530445,20.214323477954004,33.99432644060802,1328,Strong Sell,0.4639161519736722
STEELCAS.NS,0,0.26781266251688074,2025-09-01,364,0.14166666666666666,33.0,,7.76816666677876,25.540735789501845,37.50552811270638,56.91000008651342,1329,Strong Sell,0.4643746749662385
SUNDRMFAST.NS,0,0.26749329990596354,2025-09-01,364,0.3309950636528969,17.0,,24.204312961411933,43.669560011972465,33.581868859772406,65.51656084987172,1330,Strong Sell,0.4650134001880729
JUBLINGREA.NS,0,0.26744556241776773,2025-09-01,364,0.8318725099601594,13.0,,-6.170637854867123,7.627305486458531,28.344932457800287,26.9458897383809,1331,Strong Sell,0.46510887516446453
GRSE.NS,0,0.2674339345237067,2025-09-01,364,3.78397212543554,37.0,,-1.3724416362452914,-1.637142549316042,23.559854597650183,48.66685866532004,1332,Strong Sell,0.46513213095258665
IMAGICAA.NS,0,0.2673643743801898,2025-09-01,364,0.41074130105900153,7.0,,19.791442657730908,26.693676634906428,69.8045288472649,69.75501993838031,1333,Strong Sell,0.46527125123962043
ORIENTALTL.NS,0,0.2671370579722202,2025-09-01,364,0.25252525252525254,-5.0,,-4.206496929050187,-20.727846632877124,16.811194681987036,38.35616169916462,1334,Strong Sell,0.4657258840555596
SOFTTECH.NS,0,0.26713506450608393,2025-09-01,364,0.391304347826087,6.0,,1.0653738248146187,-9.848813413286312,26.716332539589082,46.22131561747484,1335,Strong Sell,0.46572987098783214
IRFC.NS,0,0.2671269922564579,2025-09-01,364,7.968857885183471,6.0,,-6.517111708968086,-12.960839333795693,13.389764672393717,23.212145496957177,1336,Strong Sell,0.46574601548708416
MARUTI.NS,0,0.2671230951210757,2025-09-01,364,0.35131861250551777,22.0,,-3.870640124712003,4.899213898352148,13.895074695599236,33.07868601986249,1337,Strong Sell,0.46575380975784864
AGRITECH.NS,0,0.26699501476065707,2025-09-01,364,0.010093943633819618,-1.1,,-7.339037642421658,-5.474921046349798,25.536204976259913,36.48177047687714,1338,Strong Sell,0.46600997047868586
SUBEXLTD.NS,0,0.2668311209802898,2025-09-01,364,0.893491124260355,-23.0,,49.87834271358012,71.90697248591933,68.4575965344951,75.83047531342632,1339,Strong Sell,0.46633775803942035
UDAICEMENT.NS,0,0.2666191625474548,2025-03-01,548,2.36875,8.0,,,,,,1340,Strong Sell,0.46676167490509035
LAKPRE.NS,0,0.26659144540378876,2017-12-01,3195,19.0,0.0,,-0.40567914042409875,-8.56610890037442,54.37799250312986,49.32126208679948,1341,Strong Sell,0.4668171091924225
PILITA.NS,0,0.2664261319311052,2025-09-01,364,0.30120481927710846,9.0,,-8.1112430685946,-4.80192195715495,22.722191562226822,34.042552651836516,1342,Strong Sell,0.4671477361377896
RAJRILTD.NS,0,0.2663544014545251,2025-09-01,364,3.2992700729927007,7.0,,12.836848891822026,13.728398452570408,20.51395430008173,62.53776522090385,1343,Strong Sell,0.4672911970909498
HMT.NS,0,0.2660152407675432,2025-09-01,364,1.7730061349693251,2.0,,0.32457118858527656,10.709168205400132,36.27052442203744,53.9488262064137,1344,Strong Sell,0.46796951846491364
ABB.NS,0,0.2658963278295844,2025-09-01,364,0.7792604948568251,39.0,,6.094083914550157,7.398881170116681,19.97633916783948,51.3595166163142,1345,Strong Sell,0.4682073443408312
SADBHIN.NS,0,0.2658784998714204,2025-09-01,364,1.2901554404145077,-2.0,,7.936509888789085,-5.555558315029741,48.702864646260956,52.873560068456264,1346,Strong Sell,0.46824300025715915
RADAAN.NS,0,0.2656397634771094,2025-09-01,364,-1.555084745762712,13.41,,-3.703707519273088,-0.6369496393919112,51.29835133687487,52.30769230769231,1347,Strong Sell,0.46872047304578124
HEADSUP.NS,0,0.26557365359232665,2025-09-01,364,0.4375655823714586,10.93,,6.392687800350247,-1.82584433329257,46.160369133578286,49.356218520809854,1348,Strong Sell,0.4688526928153467
PAVNAIND.NS,0,0.26538627184993135,2025-09-01,364,0.5309278350515464,10.0,,2.6111072964138455,10.137142571178678,58.03904825181032,44.85980642030872,1349,Strong Sell,0.4692274563001373
TVSSCS.NS,0,0.26519168167182827,2025-09-01,364,0.3711144806671721,4.0,,-5.935907213552687,8.800615524489045,39.489089784626735,51.22011409135363,1350,Strong Sell,0.46961663665634346
KARURVYSYA.NS,0,0.26514037643134986,2025-09-01,364,9.167161613004064,,,1.674996300763612,18.986868311813105,42.73484375488192,64.3689201873483,1351,Strong Sell,0.4697192471373003
COMSYN.NS,0,0.2647667649196476,2025-09-01,364,0.9177215189873418,11.0,,38.30827684008312,94.18301052517361,86.88455855831201,71.03802768612655,1352,Strong Sell,0.47046647016070475
SOMICONVEY.NS,0,0.2645860860755841,2025-09-01,364,0.4269720101781171,10.35,,-3.610146540421778,-8.03374156748122,58.44314035840665,47.223545889325656,1353,Strong Sell,0.4708278278488318
RAYMOND.NS,0,0.2642594361270698,2025-09-01,364,0.055865921787709494,1.0,,8.920876086527887,22.70122547970882,33.36411562219885,52.32522074737748,1354,Strong Sell,0.4714811277458604
DCW.NS,0,0.2640415830216922,2025-09-01,364,1.0897920604914935,8.0,,0.7600484139350024,-0.8546959779966954,27.44783104703874,47.1615891469317,1355,Strong Sell,0.47191683395661554
TIIL.NS,0,0.26391092552133416,2025-09-01,364,0.4330446369087275,19.0,,27.16527804689014,34.85247520719447,48.49454414439968,75.38497119626712,1356,Strong Sell,0.4721781489573317
MASTEK.NS,0,0.26386120434316407,2025-09-01,364,0.29528535980148884,16.0,,-5.9506381293262915,4.81111721816645,67.27452467104762,46.43108838653598,1357,Strong Sell,0.47227759131367186
VLSFINANCE.NS,0,0.26380454739832726,2025-09-01,364,0.061105722599418044,3.0,,-3.216202464647292,6.45034699451895,20.783910427392236,26.190472548325232,1358,Strong Sell,0.4723909052033455
SAGILITY.NS,0,0.2636587708083994,2025-09-01,364,0.1127521961579303,4.0,,8.6584405267847,17.512492379093768,35.822153312320985,77.86996478661449,1359,Strong Sell,0.4726824583832012
RUSHIL.NS,0,0.2636580979216015,2025-09-01,364,0.9921383647798742,10.0,,-2.9479673064994727,10.533254636888337,50.798084154352466,47.30880039076346,1360,Strong Sell,0.472683804156797
XELPMOC.NS,0,0.26348044996936176,2025-09-01,364,0.11696977626586415,-11.3,,1.8717244964114046,-13.872772865143872,35.61901196919816,49.40220000904873,1361,Strong Sell,0.4730391000612765
SIS.NS,0,0.2633766933748562,2025-09-01,364,1.27551867219917,12.0,,1.5910430170889804,4.484848484848484,19.225647246140422,52.74229871321549,1362,Strong Sell,0.4732466132502876
KSB.NS,0,0.26326945065490853,2025-09-01,364,0.6580732700135685,24.0,,-6.335910917404032,2.9503307898191675,30.15987015363042,45.11421334858868,1363,Strong Sell,0.47346109869018294
UNIONBANK.NS,0,0.26314874132141236,2025-09-01,364,11.160537628198252,,,10.155336855757488,16.49624385657551,22.455904383364686,61.40678451201396,1364,Strong Sell,0.4737025173571753
SESHAPAPER.NS,0,0.2630086692826877,2025-09-01,364,0.24328512396694216,7.0,,-3.2691556078959754,-0.3677285566162537,27.509781842769648,43.14115332274823,1365,Strong Sell,0.47398266143462464
TATAELXSI.NS,0,0.2623716519516398,2025-09-01,364,0.27905255366395265,36.0,,-2.567448261449364,-16.200237919480585,25.36137205426785,30.284275981967056,1366,Strong Sell,0.4752566960967204
FACT.NS,0,0.2623213545645762,2025-09-01,364,3.856,9.0,,2.0908685434711844,-4.458596049172195,39.36773048207108,49.48039363515719,1367,Strong Sell,0.47535729087084755
TBOTEK.NS,0,0.2622202676535931,2025-09-01,364,0.8501827040194885,14.0,,12.292289033825492,36.84938065894342,36.70042493786241,61.286714165424335,1368,Strong Sell,0.47555946469281385
JINDWORLD.NS,0,0.2619337066041146,2025-09-01,364,0.9121287128712872,10.0,,-1.687867409794689,26.876676999842886,78.6193006327419,53.25380673066142,1369,Strong Sell,0.47613258679177084
AARTIDRUGS.NS,0,0.2619118730682232,2025-09-01,364,0.674123788217748,14.0,,-2.6138350781712005,8.80021639737565,27.33759734660698,27.167618987138255,1370,Strong Sell,0.47617625386355356
KAMATHOTEL.NS,0,0.2618651250476841,2025-09-01,364,0.5813953488372093,19.0,,36.6738578950306,26.517044562345028,49.17429569035535,83.68654800962011,1371,Strong Sell,0.4762697499046318
JAGRAN.NS,0,0.261678292610752,2025-09-01,364,0.3511137162954279,16.0,,-3.7525505435419637,-8.704674828203,12.283604733703744,26.822837762794904,1372,Strong Sell,0.47664341477849603
ZUARI.NS,0,0.2615516376094856,2025-09-01,364,0.87151841868823,0.0,,1.0704788720449268,9.074434452497867,26.181371308492597,67.03379211311513,1373,Strong Sell,0.47689672478102885
VRLLOG.NS,0,0.26153351980731926,2025-09-01,364,1.2673357664233578,16.0,,14.116318788477969,28.808152128599396,40.17002534660625,47.597246014381675,1374,Strong Sell,0.4769329603853615
KELLTONTEC.NS,0,0.2614357739824749,2025-09-01,364,0.3576388888888889,11.0,,-0.7757447671662718,-14.25959886865516,39.49185042257241,51.06383170599954,1375,Strong Sell,0.47712845203505017
KIOCL.NS,0,0.26140140407258877,2025-09-01,364,0.3309222423146474,-9.0,,4.281226901018521,-0.6515506699153,35.42973847820748,43.57616847003395,1376,Strong Sell,0.47719719185482246
ROLEXRINGS.NS,0,0.260914912917973,2025-09-01,364,0.17253218884120172,23.0,,31.797938398336246,28.43220991612876,57.3548592169808,69.57733242742924,1377,Strong Sell,0.47817017416405405
PILANIINVS.NS,0,0.2608703321689679,2025-09-01,364,0.234396327087728,2.0,,1.6258587640582856,0.8015175383770479,21.19381633876333,51.6763127956782,1378,Strong Sell,0.47825933566206424
SABTNL.NS,0,0.26083593456028925,2025-09-01,364,,143.0,,,,,,1379,Strong Sell,0.4783281308794215
RAJESHEXPO.NS,0,0.26062764414841527,2025-09-01,364,0.48125613346418056,3.0,,-9.677802526259013,-28.080528685593947,28.714708066357908,27.637295828910013,1380,Strong Sell,0.47874471170316946
KRISHANA.NS,0,0.2605824015552937,2025-09-01,364,1.853932584269663,22.0,,7.142460645587871,40.616096828467505,46.422211672138474,60.97962359744831,1381,Strong Sell,0.47883519688941256
GPPL.NS,0,0.26050981832342146,2025-09-01,364,0.24149034038638453,25.0,,11.505951150958637,7.734841428480889,21.051631956730763,86.48134969339215,1382,Strong Sell,0.4789803633531571
FUSION.NS,0,0.26045277821805707,2025-09-01,364,2.6965589155370178,,,0.3323615953387312,14.09265299331944,44.01171448268098,44.95921323049666,1383,Strong Sell,0.47909444356388586
AAATECH.NS,0,0.2602075845849314,2025-09-01,364,0.11107512953367873,16.02,,7.257336812543964,2.7684627714924175,38.7589227407927,40.438321401815394,1384,Strong Sell,0.47958483083013725
PANACHE.NS,0,0.2601226787586381,2025-09-01,364,0.8055555555555556,13.0,,24.03789848302403,46.18141559487736,37.19600214079605,64.98616436598124,1385,Strong Sell,0.4797546424827238
SENORES.NS,0,0.2600909616926934,2025-09-01,364,0.14425770308123248,2.0,,9.734250012200487,37.09693639834052,38.630021484233865,42.5391410828304,1386,Strong Sell,0.4798180766146132
ADROITINFO.NS,0,0.2600224671239046,2025-09-01,364,0.3273809523809525,-1.07,,7.518017913166136,15.614616712155419,34.33431816295497,56.12245195858712,1387,Strong Sell,0.4799550657521908
ASTRAL.NS,0,0.2600220286549208,2025-09-01,364,0.3135077980438805,22.0,,5.246037067271108,-0.8006991599547958,32.1900257987934,65.58498326653326,1388,Strong Sell,0.4799559426901584
DCMSHRIRAM.NS,0,0.25978571962071,2025-09-01,364,0.8068574588690723,11.0,,-1.6636049715521513,-0.983194689941447,21.698807618924356,52.6989495622072,1389,Strong Sell,0.48042856075858
GSFC.NS,0,0.25959964085626547,2025-09-01,364,2.107713520966826,6.0,,-0.43440094265580936,-2.376546977478781,16.13598040121287,39.86011950954524,1390,Strong Sell,0.48080071828746906
CENTRUM.NS,0,0.25931245441220163,2025-09-01,364,1.8105263157894738,6.0,,0.04339549104125668,4.393112847401138,38.57546848609687,26.401183343395203,1391,Strong Sell,0.48137509117559674
RITES.NS,0,0.2590980400286991,2025-09-01,364,1.3141382049245434,20.0,,2.64534862043786,9.992209097377062,25.234016666668584,31.30395778839707,1392,Strong Sell,0.48180391994260185
ALKEM.NS,0,0.25890277545121554,2025-09-01,364,0.2773508964507867,20.0,,-7.769556092043747,2.397103051146172,18.212362145098037,30.720506730007926,1393,Strong Sell,0.4821944490975689
ETHOSLTD.NS,0,0.2588958613562594,2025-09-01,364,0.35804195804195804,14.0,,12.553392136650501,23.034802681318972,49.49287451783416,57.694002477134156,1394,Strong Sell,0.48220827728748117
AAKASH.NS,0,0.2585140138508919,2025-09-01,364,0.7410918600849951,4.6,,-2.1300508120237374,-6.92964354236932,29.780598445809638,42.51206950486812,1395,Strong Sell,0.4829719722982162
MGL.NS,0,0.2583620571053834,2025-09-01,364,0.3920811202317721,23.0,,-3.0233915208822775,0.5387496921184386,21.341642265971352,37.96214109111683,1396,Strong Sell,0.4832758857892332
RATNAMANI.NS,0,0.2583043588862844,2025-09-01,364,0.17058064516129032,22.0,,9.955490662168543,3.1000186436844857,53.9449938607124,72.72140173136214,1397,Strong Sell,0.4833912822274312
KRN.NS,0,0.25775044594114516,2025-09-01,364,0.2822429906542056,21.0,,32.2462485779339,33.91101139849125,42.1126456062995,73.05419762870662,1398,Strong Sell,0.4844991081177097
BAJAJINDEF.NS,0,0.25769469208801893,2025-09-01,364,0.20155038759689922,18.0,,-0.9769373922352084,-6.991049804063647,31.776680648380896,47.40601856353325,1399,Strong Sell,0.48461061582396214
ESTER.NS,0,0.25746164191985715,2025-09-01,364,0.47539267015706804,7.0,,6.414624668964147,0.3640689254815897,55.29783842887175,41.397691482461134,1400,Strong Sell,0.4850767161602857
JUBLFOOD.NS,0,0.2573773784729977,2025-09-01,364,1.7824013870827915,11.0,,13.177410154021677,15.061441651987472,34.75791211891732,53.88445748905897,1401,Strong Sell,0.4852452430540046
RISHABH.NS,0,0.257340092241095,2025-09-01,364,0.09195402298850575,8.0,,13.284189285165848,34.24818792609461,43.372029620901685,54.626578558834915,1402,Strong Sell,0.48531981551781
PRSMJOHNSN.NS,0,0.25727100038752015,2025-09-01,364,2.6486486486486487,3.0,,4.471164923130947,-6.388348197842064,31.103190070841208,56.983554854697005,1403,Strong Sell,0.4854579992249597
MOLDTKPAC.NS,0,0.25725299356980774,2025-09-01,364,0.523168908819133,12.0,,2.1956142762079383,-2.2417050929330515,29.96479079533989,53.90562650384014,1404,Strong Sell,0.4854940128603845
UFLEX.NS,0,0.2571899615719873,2025-09-01,364,1.6102207438766254,9.0,,37.915645172344725,48.73727175735534,71.95759409444142,79.79617881627986,1405,Strong Sell,0.4856200768560254
PRAJIND.NS,0,0.25707298760169195,2025-09-01,364,1.102919708029197,24.0,,13.879203595869816,0.9573244932401467,34.55175261140653,61.21882897791712,1406,Strong Sell,0.4858540247966161
NEOGEN.NS,0,0.2568745481881442,2025-09-01,364,1.3510253317249699,11.0,,11.205125243877866,17.79364712599079,41.305518860430226,51.97811652115895,1407,Strong Sell,0.4862509036237116
JAIBALAJI.NS,0,0.2565095922629769,2025-09-01,364,0.7757766771724448,36.0,,25.03899637302994,4.701110823046972,45.344573656460405,61.31106579093174,1408,Strong Sell,0.48698081547404615
BANG.NS,0,0.25619814458226636,2025-09-01,364,1.2222222222222223,-2.0,,13.934426229508196,-10.87458706319688,65.11161431922136,66.9297562899591,1409,Strong Sell,0.4876037108354673
LCCINFOTEC.NS,0,0.2561787761524864,2025-09-01,364,10.191489361702155,-26.46,,-13.207540910156226,-14.219111900232772,52.52720575107449,49.38271659446409,1410,Strong Sell,0.4876424476950272
AKZOINDIA.NS,0,0.25616976426300103,2025-09-01,364,0.6149068322981367,42.0,,,,,,1411,Strong Sell,0.48766047147399794
CAPTRUST.NS,0,0.2558411811948866,2025-09-01,364,1.4666666666666666,12.0,,15.655696565174635,45.60000332919034,55.372534525915626,47.54716818168896,1412,Strong Sell,0.48831763761022684
INFY.NS,0,0.25551182590251204,2025-09-01,364,0.442522526415869,41.0,,0.3274111425645395,-5.256431978337309,30.146449733912554,35.72504814217744,1413,Strong Sell,0.48897634819497593
FILATEX.NS,0,0.2554663649030771,2025-09-01,364,0.709013484740951,14.0,,2.2442894467059475,55.6636917452923,52.62147483095235,37.39294828875754,1414,Strong Sell,0.48906727019384577
MAGADSUGAR.NS,0,0.25546031591342805,2025-09-01,364,0.5198511166253101,13.0,,18.90487754943601,36.19624762047267,52.980838090243545,65.08385651702709,1415,Strong Sell,0.4890793681731439
ATALREAL.NS,0,0.2553514083464374,2025-09-01,364,0.38333333333333347,10.81,,0.42207781752842566,12.724203835223147,32.51693673130763,40.04656685981448,1416,Strong Sell,0.48929718330712524
RPSGVENT.NS,0,0.25530858061567724,2025-09-01,364,0.22288313505948215,7.0,,-7.259937850791181,-6.6285376455269605,25.054668706146323,26.363264286728068,1417,Strong Sell,0.4893828387686455
DEVYANI.NS,0,0.25529037422346484,2025-09-01,364,1.9267015706806283,8.0,,18.06294092854489,25.13636783518816,47.75136950899757,57.09204941434449,1418,Strong Sell,0.4894192515530703
ADVANIHOTR.NS,0,0.2552154940808283,2025-09-01,364,0.527027027027027,45.0,,-2.4766000155920547,-5.712674475288544,22.682764345601846,49.54681787143561,1419,Strong Sell,0.48956901183834345
AKSHAR.NS,0,0.25519413600499524,2025-09-01,364,0.12941176470588237,-6.0,,7.692308280124724,-8.69565668088043,41.701300990168576,66.66666666666666,1420,Strong Sell,0.4896117279900095
INDOUS.NS,0,0.2548743540324592,2025-09-01,364,0.3448275862068966,21.0,,-2.0222791619233167,-17.354440856957893,30.70173962461838,50.368052165492905,1421,Strong Sell,0.49025129193508155
LYPSAGEMS.NS,0,0.25482819368725396,2025-09-01,364,3.0625,-45.0,,2.417574770683256,,31.767092600825475,41.97528683868157,1422,Strong Sell,0.4903436126254921
PREMIER.NS,0,0.25450082328821716,2025-09-01,364,-1.5341483484189489,,,4.3165512666415955,-1.0238897851962572,40.99097067731847,54.117655308597655,1423,Strong Sell,0.4909983534235657
ABAN.NS,0,0.2540364055935328,2025-09-01,364,-1.567,,,0.59840527138407,-6.3157865522115735,43.882400410978676,0.0,1424,Strong Sell,0.4919271888129344
BHAGYANGR.NS,0,0.25375122599708677,2025-09-01,364,0.057482265510640736,0.51,,6.278020062393702,20.99318472255349,48.850847007844756,54.414258183333935,1425,Strong Sell,0.49249754800582646
M&M.NS,0,0.25355998631593113,2025-09-01,364,0.6403423019656795,27.0,,-3.4279829336471974,10.1413386914463,23.29731208533904,26.497768006721756,1426,Strong Sell,0.49288002736813774
VIJIFIN.NS,0,0.25351983574541126,2025-09-01,364,0.6431297709923662,2.32,,50.24974643315334,292.6893018655663,0.43347946530564385,100.0,1427,Strong Sell,0.4929603285091775
SKMEGGPROD.NS,0,0.25346676620819464,2025-09-01,364,0.7245508982035929,13.0,,3.06122212217949,10.64569449055921,62.13828445946834,56.84134651896653,1428,Strong Sell,0.4930664675836107
PERSISTENT.NS,0,0.25308393098819676,2025-09-01,364,0.5402507174142879,28.0,,0.8199675617228329,10.13106492728537,29.674565147644117,52.361727896649164,1429,Strong Sell,0.4938321380236065
PAISALO.NS,0,0.25299766022424824,2025-09-01,364,2.3179611650485437,,,-4.925415311355752,28.221672650314026,21.52731712940737,37.49997996483429,1430,Strong Sell,0.4940046795515035
OSWALGREEN.NS,0,0.2526278474862302,2025-09-01,364,0.017508953442101075,0.0,,-2.857145664882514,-13.834648799028052,30.337862056853837,33.6666742960612,1431,Strong Sell,0.49474430502753963
V2RETAIL.NS,0,0.25239428747274295,2025-09-01,364,5.115384615384615,17.0,,1.2026177938871068,-7.906124925490228,18.472170306292774,54.45701321708695,1432,Strong Sell,0.4952114250545141
CARERATING.NS,0,0.25238907424559376,2025-09-01,364,0.1453551912568306,24.0,,-1.4933239848079791,3.48024000319007,25.5005749484452,42.791763052454236,1433,Strong Sell,0.4952218515088125
MANGLMCEM.NS,0,0.25183604603968607,2025-09-01,364,1.6082130965593784,10.0,,12.591890978000217,26.497811673457456,37.997429277451815,82.08077394359137,1434,Strong Sell,0.49632790792062786
BASML.NS,0,0.25173498976843295,2025-09-01,364,1.1383647798742138,5.0,,-4.278612308283815,3.288449969123968,33.53402455484993,30.277789257183542,1435,Strong Sell,0.4965300204631341
IRIS.NS,0,0.2516774241337057,2025-09-01,364,0.2894736842105263,28.0,,3.796314656630504,-4.451216824490078,45.43651453274251,58.67276454431126,1436,Strong Sell,0.4966451517325886
GSLSU.NS,0,0.251582685967472,2025-09-01,364,0.2,4.0,,1.385252159924226,-50.302809525499704,68.71252064309965,50.69839739313914,1437,Strong Sell,0.49683462806505596
THOMASCOOK.NS,0,0.25134481509522083,2025-09-01,364,1.2596439169139466,11.0,,3.9700913323062226,18.5581876600597,45.41812839427328,48.25277350765747,1438,Strong Sell,0.49731036980955834
SADHNANIQ.NS,0,0.2512072019889028,2025-09-01,364,1.421875,5.0,,9.195403033835433,13.999996185302734,40.30105606189813,30.48778714911751,1439,Strong Sell,0.49758559602219443
INDIGOPNTS.NS,0,0.2509301217740479,2025-09-01,364,0.30818767249310025,20.0,,6.55935080143015,17.891509603697546,28.141202827808144,52.526238128984886,1440,Strong Sell,0.4981397564519042
IRMENERGY.NS,0,0.25091619616194455,2025-09-01,364,0.28125,8.0,,10.060203017452805,5.570049384128199,28.698649264153392,39.46866905518711,1441,Strong Sell,0.4981676076761109
BATAINDIA.NS,0,0.2508134408175562,2025-09-01,364,1.4303630363036304,15.0,,1.3906290468496874,7.39311877459114,23.800987523010907,52.61053538873935,1442,Strong Sell,0.4983731183648876
MSPL.NS,0,0.2508104707980284,2025-09-01,364,0.6472527472527473,6.0,,3.4100790501748857,-13.778862146765073,42.469645552399186,49.7732374324751,1443,Strong Sell,0.49837905840394325
APLAPOLLO.NS,0,0.250770594582512,2025-09-01,364,0.8006970849176173,15.0,,22.19840078833471,23.15275685594101,29.208103615453545,80.65170663931423,1444,Strong Sell,0.498458810834976
MOREPENLAB.NS,0,0.25066820441700066,2025-09-01,364,0.4333612740989103,13.0,,87.8681660976945,136.0352424240031,88.50786893439458,83.16895782483266,1445,Strong Sell,0.4986635911659987
SHANTIGEAR.NS,0,0.2506521029581737,2025-09-01,364,0.2175925925925926,35.0,,25.835456225355824,18.148220805610624,82.35909983034395,74.90533710876491,1446,Strong Sell,0.4986957940836526
ARENTERP.NS,0,0.2505112919579254,2025-09-01,364,0.0136443661971832,0.87,,-7.925923665364583,-2.279871423908735,102.12210389008698,52.61158357107277,1447,Strong Sell,0.49897741608414925
CAPITALSFB.NS,0,0.2504755777757512,2025-09-01,364,7.21998562185478,,,-4.864041374848648,6.606697003807834,20.48657758119267,40.365868272832905,1448,Strong Sell,0.4990488444484976
QUADFUTURE.NS,0,0.2504523293012855,2025-09-01,364,0.2222222222222222,-7.0,,24.622537692621172,34.125003814697266,81.26250793848108,63.88954079078311,1449,Strong Sell,0.49909534139742895
JSWSTEEL.NS,0,0.25035879310716513,2025-09-01,364,1.4244930245937006,10.0,,2.968500092273622,0.17603570948656205,19.228252810057892,56.9309478231744,1450,Strong Sell,0.49928241378566973
GLOBUSSPR.NS,0,0.25031699330931,2025-09-01,364,1.1013513513513513,6.0,,4.108183746510481,6.641055654926313,20.429006384546604,65.83030953575471,1451,Strong Sell,0.49936601338138
GNA.NS,0,0.25031375688820834,2025-09-01,364,0.535031847133758,14.0,,0.7652777575244984,46.75288431928472,30.711395866342755,51.08038074980956,1452,Strong Sell,0.4993724862235833
USK.NS,0,0.25000190852775267,2025-09-01,364,1.0186335403726707,-1.0,,-4.1388447986040955,-8.144988423329549,27.051047217143235,48.72980710229688,1453,Strong Sell,0.49999618294449466
PRAKASH.NS,0,0.2498124689703746,2025-09-01,364,0.3318751822688831,11.0,,3.2414910458174817,-12.590050411060785,46.217856433390594,57.5667649068502,1454,Strong Sell,0.5003750620592509
INFOBEAN.NS,0,0.24972288055225142,2025-09-01,364,0.10542168674698796,21.0,,-2.6563566641004805,-4.823861917269659,39.931606642367676,41.639873827930856,1455,Strong Sell,0.5005542388954971
BIRLANU.NS,0,0.2496821121875618,2025-09-01,364,0.5724409448818898,3.0,,7.875845088117053,12.131021646628835,48.622918274755314,31.511755798068037,1456,Strong Sell,0.5006357756248764
TTL.NS,0,0.24966094479304854,2025-09-01,364,0.7380952380952381,1.0,,6.90208390083716,-8.89193023878844,38.59543932427929,72.62569118061921,1457,Strong Sell,0.5006781104139029
ASAHIINDIA.NS,0,0.24920774891810357,2025-09-01,364,1.0822134387351778,12.0,,9.593929090670244,5.9556232373863285,24.16332959510865,67.74768072911569,1458,Strong Sell,0.5015845021637928
PETRONET.NS,0,0.24909147512585303,2025-09-01,364,0.3459128660935451,26.0,,4.697026314162553,9.802452678796024,19.22045871190087,67.34099151860684,1459,Strong Sell,0.5018170497482939
SRF.NS,0,0.24895620930615098,2025-09-01,364,0.5196941997673259,14.0,,-0.5720264974303282,-5.481339740884779,29.172074404676394,45.499312296230855,1460,Strong Sell,0.502087581387698
IIFL.NS,0,0.24887981874651638,2025-09-01,364,4.795408311537344,,,6.259750933652837,29.66119002160826,35.31949123639804,56.833993536100216,1461,Strong Sell,0.5022403625069672
SIGMA.NS,0,0.24868578686105916,2025-09-01,364,0.35708367854183914,33.69,,-2.173911498232247,15.837212403723083,81.46110988402489,50.0,1462,Strong Sell,0.5026284262778817
JITFINFRA.NS,0,0.2481822281371997,2025-09-01,364,0.004241252416890207,0.13,,-7.783738267387233,-0.46933666187545786,41.0277398514714,33.050323454099896,1463,Strong Sell,0.5036355437256006
GRMOVER.NS,0,0.24810042188084863,2025-09-01,364,0.9004629629629629,12.0,,-3.6331238317941765,-43.711753697986815,31.41926176252216,28.411635591542478,1464,Strong Sell,0.5037991562383027
RSYSTEMS.NS,0,0.24807978820374896,2025-09-01,364,0.5315315315315315,33.0,,-6.3460739906768895,-9.399671573271599,36.295858062462024,52.34806228115543,1465,Strong Sell,0.503840423592502
VSTIND.NS,0,0.24805872770374882,2025-09-01,364,0.48738170347003157,21.0,,-5.309252599022997,-13.33645591883581,18.454261428740953,20.785798688401584,1466,Strong Sell,0.5038825445925024
PIDILITIND.NS,0,0.24794156051188243,2025-09-01,364,0.3911892407074023,31.0,,4.735008415154809,15.699181615650076,22.084722388075612,50.45257342250654,1467,Strong Sell,0.5041168789762351
AARTIPHARM.NS,0,0.24771817852811953,2025-09-01,364,0.6258539148712559,17.0,,26.718128378478518,35.94919315024258,69.17534705703382,41.08888493159322,1468,Strong Sell,0.504563642943761
SAGARDEEP.NS,0,0.24732121192840947,2025-09-01,364,0.5513111039171253,7.14,,-1.5833298365275066,-7.87830966653832,21.19497743162557,34.58214238599885,1469,Strong Sell,0.505357576143181
SNOWMAN.NS,0,0.2469876762158539,2025-09-01,364,0.9556650246305419,4.0,,2.8961787362928852,2.0043383401065222,27.40022514071761,37.50001548169754,1470,Strong Sell,0.5060246475682921
SHRIRAMFIN.NS,0,0.2469297260219602,2025-09-01,364,3.9497880935037415,,,6.038031545853166,22.26061976229353,29.675736073585245,44.541490535562936,1471,Strong Sell,0.5061405479560797
SAFARI.NS,0,0.2465932931156319,2025-09-01,364,0.33884297520661155,16.0,,-3.453347936701736,-7.209507657799468,21.593493575110077,52.60015630804965,1472,Strong Sell,0.5068134137687361
HNDFDS.NS,0,0.24631869914912774,2025-09-01,364,1.1315261044176708,15.0,,10.521736033177268,17.436374309492134,24.76413637608507,69.1945226137161,1473,Strong Sell,0.5073626017017445
AKSHARCHEM.NS,0,0.24624867426452596,2025-09-01,364,0.6297709923664122,3.0,,39.77646442077239,82.67539458749182,36.878525082039836,79.40929922712836,1474,Strong Sell,0.5075026514709481
IDEAFORGE.NS,0,0.24619634060289747,2025-09-01,364,0.20408163265306123,-8.0,,-9.12466893082389,-7.221609129204262,40.17609848073451,39.18995073242147,1475,Strong Sell,0.5076073187942051
ZENSARTECH.NS,0,0.24618326459304735,2025-09-01,364,0.13929573075724525,25.0,,-9.656367048000652,-7.293345228805478,27.610676478451268,29.24319980339591,1476,Strong Sell,0.5076334708139053
DELHIVERY.NS,0,0.246136210113113,2025-09-01,364,0.2881792939309798,3.0,,-5.342877756570856,4.179040549352653,26.739163233031384,37.59885845470151,1477,Strong Sell,0.5077275797737739
KIRLOSENG.NS,0,0.24608405014841694,2025-09-01,364,0.4913603518693057,18.0,,-0.2490041782873587,14.57746239022543,33.831437996327146,49.157494683711974,1478,Strong Sell,0.5078318997031661
HINDOILEXP.NS,0,0.2459833766094067,2025-09-01,364,0.5252854812398042,14.0,,2.13487961355386,-5.314622493067194,33.492928472846685,48.37645460278857,1479,Strong Sell,0.5080332467811866
STCINDIA.NS,0,0.24592046688791677,2025-06-01,456,-56.804681957909665,10.43,,-3.4937751738362293,-3.0512681332489846,21.415358148270716,41.39240286285731,1480,Strong Sell,0.5081590662241664
TIJARIA.NS,0,0.24581520581856708,2025-09-01,364,-2.480096501809409,-5.05,,31.441049808036603,38.07338982978554,90.0149367039238,51.63934276723988,1481,Strong Sell,0.5083695883628658
TITAGARH.NS,0,0.24575703248996947,2025-09-01,364,0.48363496341933,17.0,,-0.8604019045157806,-4.130778813908821,26.452016011265755,41.496808093342615,1482,Strong Sell,0.508485935020061
STLTECH.NS,0,0.2457359630797101,2025-09-01,364,1.7578125,0.0,,30.769235826240504,17.378350123083308,46.52153049356017,75.93877506331978,1483,Strong Sell,0.5085280738405797
MAXHEALTH.NS,0,0.24566312556681594,2025-09-01,364,0.22142436727486756,13.0,,-5.1342762325045515,8.119928009404042,23.665211223662777,50.64774087051734,1484,Strong Sell,0.5086737488663682
ELIN.NS,0,0.24560008632958677,2025-09-01,364,0.42217484008528783,7.0,,6.239866244473867,-5.556060899398759,33.527978826281384,70.54856880180031,1485,Strong Sell,0.5087998273408265
AADHARHFC.NS,0,0.24524147215622424,2025-09-01,364,2.63933236574746,,,-4.0040741510920785,1.2791599022046596,22.318823431048077,28.318005986545444,1486,Strong Sell,0.5095170556875515
WELINV.NS,0,0.24493575080788504,2025-09-01,364,0.12426229508196726,0.83,,20.176600980471544,21.527700439584454,40.725203031726444,81.82711870231631,1487,Strong Sell,0.5101284983842299
TCI.NS,0,0.24482261879188277,2025-09-01,364,0.2502262443438914,22.0,,-4.623320377961089,-3.269142058371454,16.84246457138156,24.79671997940683,1488,Strong Sell,0.5103547624162345
M&MFIN.NS,0,0.24474370412767849,2025-09-01,364,5.088329857490441,,,-3.3052495139338953,31.265569205592076,49.09803970185628,22.553168832551776,1489,Strong Sell,0.510512591744643
KAMOPAINTS.NS,0,0.24459693193278786,2025-09-01,364,0.00012913223140502474,-0.34,,-1.0989052448102827,-13.627639787877941,22.616403695490142,46.9879400403071,1490,Strong Sell,0.5108061361344243
SAKUMA.NS,0,0.24450281586158465,2025-09-01,364,0.3220675944333996,3.0,,1.219511042741837,-12.169313270598971,48.68965235523609,49.25373187440106,1491,Strong Sell,0.5109943682768308
MOHITIND.NS,0,0.24426286616796614,2025-09-01,364,2.15625,0.0,,9.151191945288947,2.8750022252400713,74.60973247738782,42.47312125670059,1492,Strong Sell,0.5114742676640678
VAISHALI.NS,0,0.24420160168844376,2025-09-01,364,0.8208955223880597,5.0,,13.061231665854315,19.054446947118418,30.961864039021865,52.84092109804806,1493,Strong Sell,0.5115967966231125
TIMETECHNO.NS,0,0.24403876619517087,2025-09-01,364,0.5723108594956253,12.0,,-10.246449639118222,9.295263485612665,29.472812489399807,24.42069474665837,1494,Strong Sell,0.5119224676096583
TATASTEEL.NS,0,0.24384046061057535,2025-09-01,364,0.9930501814466142,13.0,,-2.8151174385377047,-11.203070036211676,16.799751832373726,39.69345290901173,1495,Strong Sell,0.5123190787788493
APOLLO.NS,0,0.2437945121753631,2025-09-01,364,0.6070110701107011,15.0,,-0.9746057585160207,-5.263153559545559,26.919967314414045,47.05214768291341,1496,Strong Sell,0.5124109756492738
INDIAGLYCO.NS,0,0.24354303231364746,2025-09-01,364,1.9033889731917046,12.0,,-0.013063954867652987,16.300055633869743,38.308395244877744,60.60607329594449,1497,Strong Sell,0.512913935372705
IGL.NS,0,0.24340314194576113,2025-09-01,364,0.5571311977147521,21.0,,-0.9803857588245812,-6.805790515946086,18.623203755470204,43.75604240261807,1498,Strong Sell,0.5131937161084777
ICDSLTD.NS,0,0.24335199679926964,2025-09-01,364,0.10190587320108897,10.47,,1.0978212486353314,-4.975927432405245,47.63912022957022,51.814748204014926,1499,Strong Sell,0.5132960064014607
FOCUS.NS,0,0.24333627158421453,2025-09-01,364,0.44537815126050423,16.0,,-4.092659898258119,-21.2577312044376,27.83117837519699,45.93585276003811,1500,Strong Sell,0.5133274568315709
DBCORP.NS,0,0.24329515124563858,2025-09-01,364,0.3629661751951431,21.0,,-4.66618815142415,-0.6530001455795822,11.201711713162972,19.33140824328879,1501,Strong Sell,0.5134096975087228
LICI.NS,0,0.2430772243435695,2025-09-01,364,40.68592734633003,53.0,,-1.5775870059935744,6.179797578884699,32.09767211876504,60.41667108182741,1502,Strong Sell,0.513845551312861
SAMBHAAV.NS,0,0.24293346432575252,2025-09-01,364,0.16061803808839395,3.33,,-2.2435876862301347,-7.854984741930972,27.815865402026052,39.37008731370043,1503,Strong Sell,0.514133071348495
VAKRANGEE.NS,0,0.24288914868543274,2025-09-01,364,0.5621301775147929,9.0,,-1.833335558573405,-9.24499115242949,20.57876418677011,40.2985000270445,1504,Strong Sell,0.5142217026291345
AIROLAM.NS,0,0.24266559210821487,2025-09-01,364,1.9,8.0,,3.276783377671175,10.341395265134473,25.43707975669282,30.746246222309267,1505,Strong Sell,0.5146688157835703
ANMOL.NS,0,0.24266527201276278,2025-09-01,364,2.7130434782608694,10.0,,1.9269831711297047,-11.919366125019767,24.931743799250455,36.61970601292029,1506,Strong Sell,0.5146694559744744
ASHOKA.NS,0,0.24227363244941,2025-09-01,364,1.3397942091409427,10.0,,-0.6606618602340748,-2.9136404890177054,26.765830118936705,57.97873360860159,1507,Strong Sell,0.51545273510118
BAYERCROP.NS,0,0.2421501766650488,2025-09-01,364,0.661651728553137,25.0,,-4.905441028859979,-8.469886374123968,15.772330142190697,30.17475179271925,1508,Strong Sell,0.5156996466699024
SMLT.NS,0,0.24210016637948548,2025-09-01,364,0.05737704918032787,6.0,,0.44909492314070637,-8.220492526407556,28.278148342478566,39.003875397076456,1509,Strong Sell,0.515799667241029
MMFL.NS,0,0.24190890989906635,2025-09-01,364,1.5909558067831449,12.0,,18.880863968105682,49.27520246862677,50.26542823927803,51.39082486511681,1510,Strong Sell,0.5161821802018673
SUPERSPIN.NS,0,0.24169080445034527,2025-09-01,364,0.7857142857142857,4.0,,3.553300229591853,19.765160971728783,25.682423877027222,45.3846204633536,1511,Strong Sell,0.5166183910993094
VISHWARAJ.NS,0,0.24134021599560704,2025-09-01,364,1.556,0.0,,18.750001164153243,5.739129107931386,68.0023158143447,61.386142353394966,1512,Strong Sell,0.5173195680087859
CYIENTDLM.NS,0,0.24132807797553624,2025-09-01,364,0.5313463514902363,12.0,,25.811508896030176,87.56257138818073,53.643728375690166,72.40802675585284,1513,Strong Sell,0.5173438440489275
NAHARCAP.NS,0,0.2411990377588875,2025-09-01,364,0.03329864724245578,4.0,,1.9226882319477987,0.5225621668784735,25.902196569008733,33.94581387877638,1514,Strong Sell,0.517601924482225
SMCGLOBAL.NS,0,0.24099323428130223,2025-09-01,364,3.2002042900919307,16.0,,-2.8697620076179797,32.531227350842876,23.0864450556846,48.596733223794686,1515,Strong Sell,0.5180135314373955
KROSS.NS,0,0.2406598032262652,2025-09-01,364,0.32450331125827814,22.0,,8.41488788095158,11.582647676386571,42.672482670085884,59.43093022900196,1516,Strong Sell,0.5186803935474695
IWEL.NS,0,0.24023673700099968,2025-03-01,548,0.03233574131406949,0.0,,,,,,1517,Strong Sell,0.5195265259980006
AMBER.NS,0,0.24015392348957207,2025-09-01,364,1.1274845784784098,12.0,,2.412472280088704,1.4917421417155035,26.24434077619861,74.828060522696,1518,Strong Sell,0.5196921530208558
LAOPALA.NS,0,0.23998906786006463,2025-09-01,364,0.09725685785536159,15.0,,-2.2824734754754075,3.9787376246908877,25.96013786937187,32.580077145922104,1519,Strong Sell,0.5200218642798707
PENIND.NS,0,0.23988716355126752,2025-09-01,364,2.1675675675675676,15.0,,-2.604727202661487,1.285730584757706,28.410406109121745,50.99671144709804,1520,Strong Sell,0.520225672897465
CUBEXTUB.NS,0,0.23985616728350093,2025-09-01,364,0.9240506329113924,11.0,,1.922326231115113,-11.89391859281524,27.908251242723235,38.0692398770403,1521,Strong Sell,0.5202876654329982
CTE.NS,0,0.2397608581675391,2025-09-01,364,0.9618178431737754,9.65,,37.80918874776605,42.03337831087061,63.003917957332256,67.8641925499092,1522,Strong Sell,0.5204782836649218
FLAIR.NS,0,0.23972908127390039,2025-09-01,364,0.17172675521821631,16.0,,-2.156077170225444,-13.190081237692326,21.34238410596748,47.585089079411404,1523,Strong Sell,0.5205418374521993
SHIVAMILLS.NS,0,0.23930398758150345,2025-09-01,364,0.17391304347826086,-3.0,,-1.6213645847046223,-6.227273652047822,40.50886253606893,42.79280053302656,1524,Strong Sell,0.5213920248369931
ICIL.NS,0,0.23900141318105014,2025-09-01,364,0.6098099867432611,14.0,,17.46066773638797,36.75059783623287,52.151008829491076,62.096423565329474,1525,Strong Sell,0.5219971736378997
DCMFINSERV.NS,0,0.23894230491300092,2025-09-01,364,-1.4057142857142857,-3.31,,1.9157161971084118,-6.666660531919397,49.998346054260885,55.82822731986584,1526,Strong Sell,0.5221153901739981
VIJAYA.NS,0,0.23889015277663975,2025-09-01,364,0.5822485207100592,20.0,,6.785770632369473,10.288534548215642,27.03867260440776,61.01508257366756,1527,Strong Sell,0.5222196944467206
POLICYBZR.NS,0,0.23872164553713357,2025-09-01,364,0.010401188707280832,0.0,,13.680577345465956,10.17516444449988,27.803414260304354,80.68989346814324,1528,Strong Sell,0.5225567089257328
SUTLEJTEX.NS,0,0.23869247040637248,2025-09-01,364,1.309048178613396,-3.0,,3.3394701512718603,10.207513755535242,22.516331519771427,65.48386382262387,1529,Strong Sell,0.522615059187255
BHARTIHEXA.NS,0,0.23859121723184232,2025-09-01,364,2.0382706164931945,17.0,,-5.250612739245874,5.206427869156287,32.457546972790944,56.14484838675431,1530,Strong Sell,0.5228175655363154
INDSWFTLTD.NS,0,0.23857243057252628,2025-03-01,548,-2.810945273631841,13.0,,,,,,1531,Strong Sell,0.5228551388549474
PEL.NS,0,0.23857092293512605,2025-06-01,456,0.39839766933721776,,,,,,,1532,Strong Sell,0.5228581541297479
FSL.NS,0,0.2384822306686763,2025-09-01,364,0.5722983257229832,17.0,,-10.11948729001213,-0.5355539084141274,63.24784714953699,38.47001760684894,1533,Strong Sell,0.5230355386626474
MATRIMONY.NS,0,0.23844628392496695,2025-09-01,364,0.8825910931174089,19.0,,19.163355675097336,25.582498796677672,46.75481761015142,62.54979692162675,1534,Strong Sell,0.5231074321500662
MMP.NS,0,0.2382835907995814,2025-09-01,364,0.8231046931407943,14.0,,43.94019445654382,50.78298862429449,44.742955224586986,75.21793019646275,1535,Strong Sell,0.5234328184008372
SARVESHWAR.NS,0,0.23822633965004236,2025-09-01,364,0.7885117493472585,8.0,,-0.5917224457964548,-9.189193194760591,16.363230451943117,34.1463216070116,1536,Strong Sell,0.5235473206999153
SURANAT&P.NS,0,0.23806129649401991,2025-09-01,364,0.16149068322981366,1.0,,-7.211271474059198,-9.30617041992129,28.734564798757184,48.72878479293958,1537,Strong Sell,0.5238774070119602
DBREALTY.NS,0,0.23785221492053626,2025-09-01,364,0.3458005249343832,-3.0,,-5.683409873015881,-6.251633728305888,29.883141501612908,29.85333662470171,1538,Strong Sell,0.5242955701589275
GOKULAGRO.NS,0,0.23771601563547362,2025-09-01,364,3.7621407333994052,35.0,,8.435878211396894,5.388140596416944,31.054045521155604,69.1216885219749,1539,Strong Sell,0.5245679687290528
NTPCGREEN.NS,0,0.23741293860704343,2025-09-01,364,0.6193627581790041,6.0,,-0.5775815285093436,-11.428849892527149,23.416432898196994,13.38911198932523,1540,Strong Sell,0.5251741227859131
DUCON.NS,0,0.23740187854406208,2025-09-01,364,0.8116883116883117,8.0,,-29.83051187174988,-39.11765072997456,95.07919195178457,19.55127542891887,1541,Strong Sell,0.5251962429118758
FCSSOFT.NS,0,0.23739942661435293,2025-09-01,364,0.025809809564631702,0.97,,-1.3333320617675781,-17.77777453999452,31.73287072523541,54.34782383347181,1542,Strong Sell,0.5252011467712941
MANAKSTEEL.NS,0,0.23709654061170382,2025-09-01,364,0.79375,4.0,,41.393197525408645,41.7950681812242,57.14435867261264,79.80566476947106,1543,Strong Sell,0.5258069187765924
BHARATSE.NS,0,0.23653874069311692,2025-09-01,364,2.347826086956522,16.0,,8.563065025835396,23.49768214792009,45.16903437470991,42.4466468526619,1544,Strong Sell,0.5269225186137662
MAANALU.NS,0,0.23652569800721712,2025-09-01,364,0.6310160427807486,12.0,,3.046117459510255,-6.331186556220748,37.76529627370764,38.125672091334955,1545,Strong Sell,0.5269486039855658
BALPHARMA.NS,0,0.23649965344916318,2025-09-01,364,2.65,10.0,,-3.526733128904911,-2.9637216569169773,31.693360384403636,35.00492309654332,1546,Strong Sell,0.5270006931016736
BALAJITELE.NS,0,0.23589181852070412,2025-09-01,364,0.26917293233082706,0.0,,14.374314985148985,3.830869011434995,31.593423129149844,61.48476761112593,1547,Strong Sell,0.5282163629585918
PFOCUS.NS,0,0.23584781204359917,2025-09-01,364,0.10057836084073918,-2.0,,1.4263019332915583,28.834624731338533,48.16345552984432,55.78197344238206,1548,Strong Sell,0.5283043759128017
VENTIVE.NS,0,0.23564815423430616,2025-09-01,364,0.23451423603564442,10.0,,-7.12648059610244,-7.419387686943319,21.048490144197686,46.87651424766322,1549,Strong Sell,0.5287036915313876
SBGLP.NS,0,0.23559310174440654,2025-09-01,364,1.425,14.0,,0.04061056536306132,-5.956477057961039,29.090198168084,44.731961005458686,1550,Strong Sell,0.528813796511187
ZEEMEDIA.NS,0,0.23550917287633874,2025-09-01,364,1.4634760705289673,-17.0,,15.333328247070312,7.453408864337403,77.35875928044712,67.31601155225775,1551,Strong Sell,0.5289816542473225
AJMERA.NS,0,0.23547944999243672,2025-09-01,364,0.5794556628621598,13.0,,-6.416384091429167,1.7065152278587625,29.77834220982713,33.41189027145303,1552,Strong Sell,0.5290411000151265
SIGNATURE.NS,0,0.23537729040393365,2025-09-01,364,6.331896551724138,9.0,,-4.204316392379253,-5.773881499395405,23.510715426157127,30.070230604596233,1553,Strong Sell,0.5292454191921327
MOKSH.NS,0,0.23535905056671338,2025-09-01,364,0.36,13.0,,5.528128920196854,-8.63248072946142,39.96886356309231,52.31787326601606,1554,Strong Sell,0.5292818988665733
SPIC.NS,0,0.23509452598030764,2025-09-01,364,0.8261253309796999,16.0,,1.9106312919260877,-4.078171581424769,17.662042660339655,55.00572423916784,1555,Strong Sell,0.5298109480393847
SRHHYPOLTD.NS,0,0.23480317574613102,2025-09-01,364,0.14455445544554454,15.0,,-2.5796480561086845,-7.241412881111355,24.36902798009782,27.614671963849247,1556,Strong Sell,0.530393648507738
KHAICHEM.NS,0,0.23467914607002124,2025-09-01,364,1.631578947368421,2.0,,17.18322047952747,3.9103034345257206,57.375761500071775,58.57333362629488,1557,Strong Sell,0.5306417078599575
DIGIDRIVE.NS,0,0.2345548310245728,2025-09-01,364,0.12285937611028203,2.71,,-0.8953651216929996,-6.494199656294578,25.615008560988006,55.97666033480286,1558,Strong Sell,0.5308903379508544
ASMS.NS,0,0.23414217653707095,2025-09-01,364,0.16975412596833936,-6.31,,-1.2676010839381833,-7.152317194848543,21.272317465304916,29.26831679425935,1559,Strong Sell,0.5317156469258582
IDEA.NS,0,0.2341280831173109,2025-09-01,364,-3.2891812865497077,-2.0,,10.14603898233496,-3.501686494315138,36.23985874257069,66.66666666666666,1560,Strong Sell,0.5317438337653781
HAVELLS.NS,0,0.234066828444124,2025-09-01,364,0.5686297107295148,26.0,,-1.3167269159094601,7.583876627494174,16.472870796858675,39.50100837151384,1561,Strong Sell,0.5318663431117521
AMJLAND.NS,0,0.23392128978016138,2025-09-01,364,0.06572769953051644,11.0,,-0.7408453929991518,5.375294845749694,31.40339407126883,54.271254819703884,1562,Strong Sell,0.5321574204396773
INDIGO.NS,0,0.23366231824086148,2025-09-01,364,14.068523742360131,17.0,,1.218333011023013,15.999199634749486,26.85910327548362,46.087636932707355,1563,Strong Sell,0.532675363518277
HONDAPOWER.NS,0,0.23359506893298856,2025-09-01,364,0.25263157894736843,13.0,,-1.5759932074571363,-9.007388270816573,12.90342742761546,42.06797643700251,1564,Strong Sell,0.5328098621340229
SRD.NS,0,0.23349040081296007,2025-09-01,364,0.1810344827586207,14.0,,6.680806935871826,-0.9111029951337952,38.946001955327,64.35017951108534,1565,Strong Sell,0.5330191983740799
MASTERTR.NS,0,0.2332940127942101,2025-09-01,364,0.06507012122652715,3.24,,1.5600007197364865,1.7224428480620324,35.82442538018833,54.77618629659712,1566,Strong Sell,0.5334119744115797
GSPL.NS,0,0.2332827326234734,2025-09-01,364,0.12914928351169963,10.0,,,,,,1567,Strong Sell,0.5334345347530531
SHILPAMED.NS,0,0.23319334917746523,2025-09-01,364,0.11044998140572704,6.0,,55.30470147942229,84.18702809961827,49.03175656480254,82.12692289536085,1568,Strong Sell,0.5336133016450695
RPEL.NS,0,0.23315854279403678,2025-09-01,364,0.08421052631578947,16.0,,37.150922297288886,73.39186709437706,55.03377475982529,80.60561629744427,1569,Strong Sell,0.5336829144119264
HYUNDAI.NS,0,0.23274768918004796,2025-09-01,364,0.8001412429378532,54.0,,2.079941191190343,19.27010763610605,28.548287484907593,50.83333333333333,1570,Strong Sell,0.5345046216399041
NINSYS.NS,0,0.2327462972535333,2025-09-01,364,0.30985915492957744,63.0,,-12.201641324874736,0.20101369045634684,27.135312302082347,41.327503448014824,1571,Strong Sell,0.5345074054929334
21STCENMGM.NS,0,0.232720121641192,2025-09-01,364,0.4722222222222222,7.0,,4.493527507463791,21.73912503868572,25.6153605255719,39.93994234801439,1572,Strong Sell,0.534559756717616
MOTILALOFS.NS,0,0.23267314011561432,2025-09-01,364,1.8632087150284724,18.0,,24.05759408380139,19.9030006572583,35.404731099198166,88.86125632203724,1573,Strong Sell,0.5346537197687713
THEINVEST.NS,0,0.23231632833785265,2025-09-01,364,0.1049586776859504,0.94,,0.2850170310340692,-3.9627964430916727,25.95888131803869,36.40378533711354,1574,Strong Sell,0.5353673433242947
BAFNAPH.NS,0,0.23223136848186368,2025-09-01,364,0.75,8.0,,12.934510814228275,100.19255812684492,38.50223856655129,55.83004786916765,1575,Strong Sell,0.5355372630362727
NESCO.NS,0,0.2321794763355831,2025-09-01,364,0.19792783136834582,21.0,,-2.9708445706559465,-10.291486839520077,25.959434253570983,51.69682508119573,1576,Strong Sell,0.5356410473288338
BIOFILCHEM.NS,0,0.23207792095987365,2025-09-01,364,1.59906103286385,4.12,,2.7457132264067514,-4.189696454640007,31.566793573768674,52.521748764534834,1577,Strong Sell,0.5358441580802527
ANIKINDS.NS,0,0.2316802632283452,2025-09-01,364,0.09059233449477352,2.0,,9.823564333543533,3.505621063575316,40.08616776155706,64.96124090608808,1578,Strong Sell,0.5366394735433095
BANCOINDIA.NS,0,0.23164464449817057,2025-09-01,364,0.10993249758919961,39.0,,-0.3828914208114112,-4.642633467567802,36.44880427376531,48.06008503694967,1579,Strong Sell,0.5367107110036589
AFCONS.NS,0,0.231512240517326,2025-09-01,364,2.540940413457641,23.0,,5.347593703260637,-11.141798459402926,25.461425012597033,78.49733722945365,1580,Strong Sell,0.536975518965348
SUMIT.NS,0,0.2314954426964906,2025-09-01,364,0.618421052631579,14.0,,-3.6274877847058065,16.625031876035802,44.95174806582584,42.417917662508515,1581,Strong Sell,0.5370091146070188
HCLTECH.NS,0,0.23148835861003536,2025-09-01,364,0.49376102646351244,43.0,,-2.5762916781654197,12.433969684418393,22.530950086126477,38.082424779390244,1582,Strong Sell,0.5370232827799293
TRIDENT.NS,0,0.23146697056216115,2025-09-01,364,0.5601128472222222,9.0,,-2.144875754487248,0.12422644769935445,11.169756822169226,29.03228585105218,1583,Strong Sell,0.5370660588756777
AUTOAXLES.NS,0,0.23086511851357455,2025-09-01,364,0.32007952286282304,9.0,,-1.6558038193154556,1.043864153703686,27.03823776642118,23.974355864417547,1584,Strong Sell,0.5382697629728509
PFIZER.NS,0,0.23077428302390407,2025-09-01,364,0.19667446089893478,22.0,,-2.0307001013519494,5.883576210344832,19.92345325316604,40.35087243708222,1585,Strong Sell,0.5384514339521919
THANGAMAYL.NS,0,0.23073299058792984,2025-09-01,364,1.7832047986289632,14.0,,3.549220319525495,13.183279742765272,66.3898431246321,59.49432404540764,1586,Strong Sell,0.5385340188241403
PALASHSECU.NS,0,0.2306841971992198,2025-09-01,364,0.012654958677686002,17.95,,5.910300637397932,-4.871448235705487,36.27124540733514,51.32678349364965,1587,Strong Sell,0.5386316056015604
NAVA.NS,0,0.23066108525681067,2025-09-01,364,0.06759283996794016,14.0,,3.0691650803592947,-5.231521968423144,29.9139724457761,44.236150676249245,1588,Strong Sell,0.5386778294863787
VEEDOL.NS,0,0.2306403254512206,2025-09-01,364,0.32138114209827356,19.0,,8.546754885336453,7.006196310501772,18.562296035802817,42.60508375153142,1589,Strong Sell,0.5387193490975588
SBCL.NS,0,0.230566127303389,2025-09-01,364,0.23515439429928742,26.0,,42.84928874066104,43.12156367505901,86.09117502735918,39.464172345604176,1590,Strong Sell,0.538867745393222
SGLTL.NS,0,0.2304957294672165,2025-09-01,364,0.172859450726979,8.0,,,,,,1591,Strong Sell,0.539008541065567
ZUARIIND.NS,0,0.23048447699173005,2025-09-01,364,0.3751039645134461,3.0,,4.060245867212346,9.772780577932863,36.20725870382453,57.408602937750835,1592,Strong Sell,0.53903104601654
NITINSPIN.NS,0,0.23017012360152717,2025-09-01,364,0.8531775018261505,13.0,,19.257501078355546,23.477240190610644,48.67526946403628,66.21913415849059,1593,Strong Sell,0.5396597527969457
DIVISLAB.NS,0,0.23013566929686446,2025-09-01,364,0.17744772327535666,21.0,,17.514895729890764,44.545568339742495,30.91958755312701,81.90305206463195,1594,Strong Sell,0.5397286614062711
TTML.NS,0,0.22971630806640247,2025-09-01,364,-1.0625506482982172,50.0,,-3.4292838691399403,-11.493457912355078,26.135177008798404,48.39161279411161,1595,Strong Sell,0.540567383867195
SASTASUNDR.NS,0,0.22966271603633928,2025-09-01,364,0.0012527172911831984,-0.26,,,,,,1596,Strong Sell,0.5406745679273215
MGEL.NS,0,0.22958900134674787,2025-09-01,364,1.995433789954338,18.0,,-7.073957350335844,-4.937520821687305,27.78004192011313,42.29248252005261,1597,Strong Sell,0.5408219973065043
HINDMOTORS.NS,0,0.22952534149905107,2025-09-01,364,0.7616537180910105,3.16,,,,,,1598,Strong Sell,0.5409493170018979
NIRAJISPAT.NS,0,0.2294793066589373,2025-09-01,364,0.36195508586525776,10.75,,44.98505522367371,36.171187179415334,84.11841323807779,92.88825611653814,1599,Strong Sell,0.5410413866821254
RUCHIRA.NS,0,0.2294580199064314,2025-09-01,364,0.5691382765531062,19.0,,-4.038892793381999,-11.103412260937983,28.806576625827596,30.347098092472407,1600,Strong Sell,0.5410839601871372
IOC.NS,0,0.22925212883770327,2025-09-01,364,1.598071717996765,7.0,,0.14270132633266158,2.1764604567044916,17.78041905333652,51.326270485019045,1601,Strong Sell,0.5414957423245934
PRAKASHSTL.NS,0,0.2291781835275685,2025-09-01,364,2.8562231759656647,19.63,,-2.244392704510808,-9.885053741741261,12.272103639989753,44.11765530859765,1602,Strong Sell,0.5416436329448631
KIMS.NS,0,0.2291531317480943,2025-09-01,364,0.603056768558952,16.0,,-6.1140812055031,2.447621871881047,20.145741207327593,26.577115253433945,1603,Strong Sell,0.5416937365038115
ELECTHERM.NS,0,0.22903574036798827,2025-09-01,364,-18.91743119266055,33.0,,0.7935720854819149,-1.1864312615846893,28.700791364201763,48.71669595761295,1604,Strong Sell,0.5419285192640235
DATAPATTNS.NS,0,0.22889129529425403,2025-09-01,364,0.13914174252275682,21.0,,5.617846297594021,13.556439900185952,57.28558304967447,54.2845804707458,1605,Strong Sell,0.542217409411492
NCLIND.NS,0,0.22874205691120764,2025-09-01,364,0.8402234636871508,7.0,,-3.4033028291351806,-5.068133653745718,24.390303086795136,55.417469926117825,1606,Strong Sell,0.5425158861775847
FEL.NS,0,0.2284808203535338,2023-03-01,1279,-14.30607476635514,-10.0,,2.6315764707211,-7.142857649699376,28.530023065536824,57.142844978653045,1607,Strong Sell,0.5430383592929324
MCX.NS,0,0.22824831777981214,2025-09-01,364,0.26641111643507426,32.0,,26.600218157746102,20.282703738632485,35.39053903185337,77.94304237610129,1608,Strong Sell,0.5435033644403757
ASIANPAINT.NS,0,0.22800596462421843,2025-09-01,364,0.3995275590551181,27.0,,-3.410619499382428,0.5342143794646201,17.139674106963096,34.04758779813703,1609,Strong Sell,0.5439880707515632
MIRCELECTR.NS,0,0.22752637951977245,2025-09-01,364,2.082802547770701,5.0,,,,,,1610,Strong Sell,0.5449472409604551
SJS.NS,0,0.22743889065299858,2025-09-01,364,0.18502202643171806,19.0,,4.051517684603216,26.491600250642662,33.33098736120364,59.91678005520531,1611,Strong Sell,0.5451222186940028
NOVAAGRI.NS,0,0.22729779200459552,2025-09-01,364,0.480225988700565,13.0,,6.672476052917986,-7.663271816479218,29.488488426393523,51.254474405987565,1612,Strong Sell,0.5454044159908089
KEYFINSERV.NS,0,0.22723308154021185,2025-09-01,364,0.05980418100026437,3.51,,-1.0394355976560143,-2.1178340393778976,26.33430351516014,55.217828210994995,1613,Strong Sell,0.5455338369195764
UPL.NS,0,0.22698514119332297,2025-09-01,364,0.4102319436288902,1.0,,-5.236078073543845,-10.14928148345641,26.20432521538308,52.64900662251656,1614,Strong Sell,0.5460297176133541
SHEKHAWATI.NS,0,0.22677339729852175,2025-09-01,364,1.0218242865137106,57.34,,30.68089297403307,10.089841127879682,96.96469408582422,58.70967573231411,1615,Strong Sell,0.5464532054029565
LUMAXIND.NS,0,0.2267288198807704,2025-09-01,364,3.5834683954619124,13.0,,17.74356079958446,12.502587845595018,39.053658919296076,64.10865874363327,1616,Strong Sell,0.5465423602384591
CLEAN.NS,0,0.22644456834368212,2025-09-01,364,0.10089974293059126,29.0,,14.731503492537101,6.805846406357039,27.851909560812814,61.32141809985239,1617,Strong Sell,0.5471108633126358
CHEMCON.NS,0,0.22617716164086954,2025-09-01,364,0.0682261208576998,7.0,,15.048426243849944,8.634582558126784,29.774475538442324,63.42451331369256,1618,Strong Sell,0.5476456767182609
VISASTEEL.NS,0,0.2260841395455009,2025-09-01,364,-1.3841684822076978,-5.0,,,,,,1619,Strong Sell,0.5478317209089982
AHLEAST.NS,0,0.2256308116506458,2025-09-01,364,0.9743589743589743,15.0,,-1.70735013063198,-11.096929771307071,24.0730329895858,43.55525009199028,1620,Strong Sell,0.5487383766987084
ANSALAPI.NS,0,0.22553284350227457,2025-03-01,548,-2.761013215859031,40.0,,0.3058101076937457,-12.064344380231226,23.543113304817748,29.090914608031326,1621,Strong Sell,0.5489343129954509
MANUGRAPH.NS,0,0.22516882498466478,2025-09-01,364,1.374830852503383,-15.63,,1.6512549163201198,7.023645485701749,52.95671133006225,48.20512887393296,1622,Strong Sell,0.5496623500306704
SHREERAMA.NS,0,0.22516578051964203,2025-09-01,364,0.26785714285714285,15.0,,10.484285746573208,-7.204677072927238,46.55739161540852,68.09592074304504,1623,Strong Sell,0.5496684389607159
KSHITIJPOL.NS,0,0.22508348726580826,2025-09-01,364,0.26932709968275165,-15.5,,7.77385281064341,-41.23314222177999,54.322460703275745,61.90476514855298,1624,Strong Sell,0.5498330254683834
PASUPTAC.NS,0,0.22487737289118923,2025-09-01,364,0.6884816753926701,12.0,,6.387739269128197,-9.252453754146362,33.60787224641874,35.596037260262904,1625,Strong Sell,0.5502452542176215
BRNL.NS,0,0.2247716957627532,2025-09-01,364,0.9590361445783132,-36.0,,-1.3690802151593626,-11.650479380946942,15.835328079993172,35.1562907453408,1626,Strong Sell,0.5504566084744936
VHL.NS,0,0.22469227038502831,2025-09-01,364,0.0010638297872340426,6.0,,4.916394538340859,4.206638779106994,26.641236305175465,46.797625335951174,1627,Strong Sell,0.5506154592299434
BPCL.NS,0,0.2245537724069293,2025-09-01,364,1.1016242868518942,20.0,,1.344796807808835,10.938028422406317,19.571267198387833,58.457372036822605,1628,Strong Sell,0.5508924551861414
EQUITASBNK.NS,0,0.2242741683116596,2025-09-01,364,8.4624445203141,,,1.8186823663862637,5.934631970858688,30.054445485003043,43.695494603761574,1629,Strong Sell,0.5514516633766808
DONEAR.NS,0,0.22401953838339408,2025-09-01,364,2.1372549019607843,14.0,,-0.3292941118623762,-9.202910515225277,19.63497203609402,52.522007050319196,1630,Strong Sell,0.5519609232332119
IITL.NS,0,0.2236832651609919,2025-09-01,364,0.009124824751087213,0.97,,23.511902076530212,12.586555795071433,71.32603758512366,65.75236479971711,1631,Strong Sell,0.5526334696780162
IRISDOREME.NS,0,0.2235689757623609,2025-09-01,364,0.36363636363636365,18.0,,18.275235743751043,64.84133602029706,25.910224300834322,65.18134633097335,1632,Strong Sell,0.5528620484752782
ARIHANTSUP.NS,0,0.22326438901281837,2025-09-01,364,2.260869565217391,5.0,,-1.2567671783809045,-4.30953709460998,26.409444724672117,44.73896304895512,1633,Strong Sell,0.5534712219743633
TNTELE.NS,0,0.22318722453920747,2025-09-01,364,-1.085561497326203,,,-0.6659313883740647,-5.391122905129871,20.77933922283766,36.082468145351584,1634,Strong Sell,0.553625550921585
SHRADHA.NS,0,0.22312243286870462,2025-09-01,364,0.12345679012345678,18.0,,-3.963614450739359,-8.082560320231844,21.247180419712112,37.81937274358146,1635,Strong Sell,0.5537551342625908
HONASA.NS,0,0.2228858945807646,2025-09-01,364,0.4675118858954041,7.0,,6.195818026309982,16.3444979527273,30.006219440068094,48.64018640032174,1636,Strong Sell,0.5542282108384708
UEL.NS,0,0.22251384140235778,2025-09-01,364,0.3217894856364256,9.98,,47.787058722218454,37.25532730179393,112.82347629225143,20.477630350200158,1637,Strong Sell,0.5549723171952845
FSC.NS,0,0.22246613374465085,2022-06-01,1552,-6.457142857142857,6.0,,,,,,1638,Strong Sell,0.5550677325106983
NIPPOBATRY.NS,0,0.22238259528642218,2025-09-01,364,1.2422907488986785,-1.0,,0.6321364131088388,-11.281772274409478,21.032867829806346,51.2516645973122,1639,Strong Sell,0.5552348094271556
JINDALSTEL.NS,0,0.22209226712298055,2025-09-01,364,0.47316674273543285,12.0,,8.40313584961837,-1.342684215505077,21.718377814726463,77.6258227489016,1640,Strong Sell,0.5558154657540388
KANANIIND.NS,0,0.22168985795531138,2025-09-01,364,0.31889157686386627,0.1,,2.0134208857554183,-1.9354820846890508,31.117683735703505,52.27272727272727,1641,Strong Sell,0.5566202840893772
STEELCITY.NS,0,0.22152019543498003,2025-09-01,364,0.7586206896551724,21.0,,11.706938880992377,8.156416386642947,50.223968894077686,52.75067848828275,1642,Strong Sell,0.55695960913004
SHAHALLOYS.NS,0,0.22148163565025647,2025-09-01,364,2.7027027027027026,-21.0,,54.972964707630034,49.84021936837831,75.81894298207698,83.55528516398502,1643,Strong Sell,0.5570367286994871
VSTTILLERS.NS,0,0.22135724513697316,2025-09-01,364,0.2688679245283019,13.0,,-1.7203801985368319,-5.0286109565035355,17.442216672436434,41.41898212988544,1644,Strong Sell,0.5572855097260536
SHANKARA.NS,0,0.22114219421242237,2025-09-01,364,0.03829787234042553,20.0,,4.866842938853121,24.86324473323985,13.172397765890484,70.14777732677881,1645,Strong Sell,0.5577156115751553
STEL.NS,0,0.22072630649041075,2025-09-01,364,0.09595687331536389,1.0,,13.721995946101611,31.21137874383385,28.626779774754695,88.2886671914725,1646,Strong Sell,0.5585473870191785
GAEL.NS,0,0.2206290434602577,2025-09-01,364,0.21809369951534732,12.0,,2.9780664354567095,15.840226688444062,54.177321938744036,56.76716636647747,1647,Strong Sell,0.5587419130794846
XPROINDIA.NS,0,0.22041083921973564,2025-09-01,364,0.33620689655172414,9.0,,-18.30500721988989,-1.0351902116289917,62.699825280645705,61.52603258523017,1648,Strong Sell,0.5591783215605287
RHL.NS,0,0.22036846086011597,2025-09-01,364,0.2544704264099037,5.0,,-0.8205911769625883,-8.276918191198721,25.724276257367016,47.16758127311777,1649,Strong Sell,0.5592630782797681
ITI.NS,0,0.22026685629825682,2025-09-01,364,6.150930392832529,-1.0,,0.7496755170801337,-7.1139601042865666,16.903627981731066,22.513053870784262,1650,Strong Sell,0.5594662874034864
SIKKO.NS,0,0.2201783120551539,2025-09-01,364,0.5722067686601762,10.72,,-2.2900742519207253,25.798517680875044,72.35795681589057,25.615759959729573,1651,Strong Sell,0.5596433758896922
SEYAIND.NS,0,0.22016675710853434,2025-09-01,364,0.9600370840245923,-0.51,,2.1346409580715298,-17.011342426088966,23.577677991039593,42.79068343892511,1652,Strong Sell,0.5596664857829313
IDBI.NS,0,0.2195280102179122,2025-09-01,364,5.181245262266086,,,8.513429556319963,23.79783778750272,33.344202117491626,69.77505445863665,1653,Strong Sell,0.5609439795641755
BOHRAIND.NS,0,0.21952402385326958,2025-09-01,364,0.08313444709626089,-7.01,,-10.923180288203211,-28.98875907249704,66.91337967730144,35.536162329153186,1654,Strong Sell,0.5609519522934608
MANGALAM.NS,0,0.21947797576885925,2025-09-01,364,1.421875,8.0,,17.990398574568665,12.902083776628379,42.99840029173955,70.80356933024478,1655,Strong Sell,0.5610440484622815
ARVEE.NS,0,0.21937322344516708,2025-09-01,364,0.29071246819338414,10.0,,10.018878542085838,6.550658438727944,61.43503128033956,58.343331837373945,1656,Strong Sell,0.5612535531096658
RENUKA.NS,0,0.21930982742327731,2025-09-01,364,-8.131749460043197,10.0,,13.854589222791654,15.867844968500345,39.63398454062659,64.2481575329855,1657,Strong Sell,0.5613803451534454
IOB.NS,0,0.21920852567893823,2025-09-01,364,11.414944310483408,,,-4.218289795899077,-1.6358592192894033,13.890500866740933,13.135648013448417,1658,Strong Sell,0.5615829486421235
PSB.NS,0,0.2190803014597009,2025-09-01,364,11.12718204488778,,,0.7400961313704055,-0.721697495224512,16.536279202628652,35.675660071365755,1659,Strong Sell,0.5618393970805982
EIMCOELECO.NS,0,0.21897562691001765,2025-09-01,364,0.11358574610244988,16.0,,25.62064746564791,44.53636926531816,42.341552617707606,82.99433282820081,1660,Strong Sell,0.5620487461799647
PUNJABCHEM.NS,0,0.21876260161471747,2025-09-01,364,0.7416267942583732,15.0,,-6.527866022361669,18.231073748058098,34.18195588213792,53.318302786345974,1661,Strong Sell,0.562474796770565
MUTHOOTCAP.NS,0,0.21876018182540413,2025-09-01,364,4.678843226788432,,,5.21640123210835,21.080719044953682,34.962924580028954,27.78247368061696,1662,Strong Sell,0.5624796363491917
PTL.NS,0,0.21861667455910797,2025-09-01,364,0.25251396648044694,7.0,,-1.9842344613198348,1.5374970871978855,9.63937301187474,38.01366239080082,1663,Strong Sell,0.5627666508817841
TEXMOPIPES.NS,0,0.2184822331469433,2025-09-01,364,0.4727272727272727,9.0,,8.672156304511287,7.76043309926863,35.20726166806865,61.20264854548071,1664,Strong Sell,0.5630355337061135
HATHWAY.NS,0,0.21840245652934148,2025-09-01,364,0.04636459430979979,3.0,,-1.6744214434956395,-1.029968232287911,15.087999020661302,36.66660662041692,1665,Strong Sell,0.563195086941317
ANANDRATHI.NS,0,0.21839839439950104,2025-09-01,364,0.3441247002398082,54.0,,6.29309943930185,23.470760220722166,14.671937879187954,61.13787814401462,1666,Strong Sell,0.5632032112009979
RADIANTCMS.NS,0,0.21832826610276368,2025-09-01,364,0.575187969924812,26.0,,9.215962666967785,4.226832774749088,41.64176188725811,55.440418165297494,1667,Strong Sell,0.5633434677944726
GLOBAL.NS,0,0.21827250484393074,2025-09-01,364,0.11607142857142858,36.0,,6.000776295718954,6.439000823837445,30.00001801464564,66.32834908314194,1668,Strong Sell,0.5634549903121385
CANBK.NS,0,0.21823079937520795,2025-09-01,364,15.297614760229383,,,1.5362442929865672,-0.5793379063667815,18.139022954241444,37.198795613330056,1669,Strong Sell,0.5635384012495841
WELENT.NS,0,0.2182066502022484,2025-09-01,364,0.5455516014234876,16.0,,15.701502940517875,32.79493295650393,38.115143118184335,80.90810866399065,1670,Strong Sell,0.5635866995955032
MANGCHEFER.NS,0,0.21813938862983187,2025-06-01,456,1.1906103286384977,15.0,,,,,,1671,Strong Sell,0.5637212227403363
IMPAL.NS,0,0.2179583680984503,2025-09-01,364,0.12089201877934272,4.0,,1.068236055358475,6.935515198197252,25.856877894656645,52.68041697682364,1672,Strong Sell,0.5640832638030995
GVT&D.NS,0,0.21794908736510396,2025-09-01,364,1.906999041227229,55.0,,3.0741066524672003,-10.238634803995033,31.106060892506648,51.80266783139742,1673,Strong Sell,0.564101825269792
ULTRACEMCO.NS,0,0.21757133791180486,2025-09-01,364,0.7534203980099502,12.0,,-2.177766523170423,5.9162570532305425,16.14020796424115,34.73827328348062,1674,Strong Sell,0.5648573241763903
GEEKAYWIRE.NS,0,0.21754275550630206,2025-09-01,364,0.975,25.0,,9.054775616939683,6.2392460293457574,33.45954772878159,65.41891131506789,1675,Strong Sell,0.5649144889873958
DREAMFOLKS.NS,0,0.2174876584401117,2025-09-01,364,0.41935483870967744,35.0,,0.38921331580552354,-8.861109146791495,27.421406806138993,38.960157182906464,1676,Strong Sell,0.5650246831197766
LTIM.NS,0,0.2172792749847897,2025-09-01,364,0.37449365679946583,28.0,,,,,,1677,Strong Sell,0.5654414500304206
RGL.NS,0,0.21719858571300513,2025-09-01,364,0.8792650918635171,8.0,,15.306561858504168,31.116071775345283,75.72484638426046,62.787432667765785,1678,Strong Sell,0.5656028285739898
HEUBACHIND.NS,0,0.2170116101284717,2025-09-01,364,0.3435251798561151,15.0,,,,,,1679,Strong Sell,0.5659767797430566
GINNIFILA.NS,0,0.21699126875007488,2025-09-01,364,0.38461538461538464,9.0,,-1.3965884717161048,0.6334813901895827,33.97490412619478,45.68305582631332,1680,Strong Sell,0.5660174624998502
TARIL.NS,0,0.21651834352399313,2025-09-01,364,0.7439688715953308,25.0,,5.834734500158095,0.6575742720028067,33.18690078272928,63.00621997856164,1681,Strong Sell,0.5669633129520137
PLATIND.NS,0,0.21626545214013326,2025-09-01,364,0.20698254364089774,19.0,,1.6308166734011227,4.614127308185165,36.72495522890988,51.808140470480616,1682,Strong Sell,0.5674690957197335
DJML.NS,0,0.21623404158628592,2025-09-01,364,0.3220171855190872,16.05,,-37.65437268277487,-30.594422944792125,83.89669510054641,19.453129833563594,1683,Strong Sell,0.5675319168274282
SARDAEN.NS,0,0.21622642233318687,2025-09-01,364,0.33474178403755867,17.0,,-3.0557276918743423,-3.8190835983199007,28.771944206919265,52.46032416031037,1684,Strong Sell,0.5675471553336262
CONCOR.NS,0,0.2156668397890698,2025-09-01,364,0.15752726131638817,14.0,,-1.441995393710022,12.65151280449719,34.98542008923701,56.45012814287896,1685,Strong Sell,0.5686663204218604
PROZONER.NS,0,0.21565097857266088,2025-09-01,364,0.11928077779079307,0.82,,8.138697730470918,-11.507389463227371,41.56587009903056,58.34039639267164,1686,Strong Sell,0.5686980428546782
AVANTEL.NS,0,0.21506514981737512,2025-09-01,364,0.1893491124260355,37.0,,-1.0748072763754188,-8.734174595492078,22.014293126062633,49.76578808660927,1687,Strong Sell,0.5698697003652498
GANGESSECU.NS,0,0.2150461134040045,2025-09-01,364,0.07041356711341652,0.89,,2.2854646936063134,-3.1426210310778897,26.887080005369885,49.87653558163911,1688,Strong Sell,0.569907773191991
URAVIDEF.NS,0,0.215036279153491,2025-09-01,364,0.5711177052423344,7.33,,-4.453296959009042,-7.452193118876317,29.044287236131677,50.88461440272499,1689,Strong Sell,0.569927441693018
VIKASLIFE.NS,0,0.21483156174248422,2025-06-01,456,0.27155963302752295,-2.0,,1.5624985448084445,-12.16216651604412,30.4316588407939,56.666661368475175,1690,Strong Sell,0.5703368765150316
KDDL.NS,0,0.21479364282532484,2025-09-01,364,0.6638176638176638,15.0,,23.344189551885925,39.03445990139534,34.2148171346369,56.58116604585242,1691,Strong Sell,0.5704127143493503
ASIANHOTNR.NS,0,0.21467516000964879,2025-09-01,364,6.9837837837837835,7.0,,22.092631271090152,21.545854721958502,57.733521166777315,75.32955819632512,1692,Strong Sell,0.5706496799807024
NIRAJ.NS,0,0.2142957605346546,2025-09-01,364,0.51953125,11.0,,1.662623928933262,2.1580259279918454,25.11644010177816,49.853797745088855,1693,Strong Sell,0.5714084789306908
UTKARSHBNK.NS,0,0.21415808072813597,2025-09-01,364,10.672634271099744,,,3.0095795998755657,17.748244445145346,22.366371898208904,72.64958936970665,1694,Strong Sell,0.5716838385437281
ORTINGLOBE.NS,0,0.21394769587324927,2025-09-01,364,1.9461538461538446,-25.11,,0.06702566240415157,-5.146121205342564,32.672428662848816,53.73134434581642,1695,Strong Sell,0.5721046082535015
MEDANTA.NS,0,0.21386307518502332,2025-09-01,364,0.33175230566534913,20.0,,3.9764256250627747,22.849688217116928,28.684410992985278,49.47301342473368,1696,Strong Sell,0.5722738496299533
SENCO.NS,0,0.21384256874441232,2025-09-01,364,1.7394167450611477,10.0,,-13.290630415338558,1.8090271857645037,61.83773841949291,32.38779791860699,1697,Strong Sell,0.5723148625111754
SANSERA.NS,0,0.21376735467156543,2025-09-01,364,0.2726008344923505,13.0,,20.051394342158112,37.84822055342729,39.626383640251554,67.43479650679589,1698,Strong Sell,0.5724652906568691
DHAMPURSUG.NS,0,0.21361724840179774,2025-09-01,364,0.6255585344057194,6.0,,32.26307063204479,29.80079571184377,51.107879965222224,64.5515747506746,1699,Strong Sell,0.5727655031964045
NDL.NS,0,0.21358598783955415,2025-09-01,364,0.9280125195618153,9.0,,28.510642701438847,21.285139331721343,70.66423798360114,79.66102927760964,1700,Strong Sell,0.5728280243208916
OMKARCHEM.NS,0,0.21347714827274816,2022-06-01,1552,-1.4210526315789473,-11.0,,0.0,0.0,0.0,100.0,1701,Strong Sell,0.5730457034545037
RBL.NS,0,0.21339064379292594,2024-12-01,638,0.4551971326164875,21.0,,,,,,1702,Strong Sell,0.5732187124141481
RADHIKAJWE.NS,0,0.21334888430359508,2025-09-01,364,0.16408668730650156,26.0,,-5.99303561220601,17.14135950559193,41.318467505671784,38.83123209061601,1703,Strong Sell,0.5733022313928098
GOCOLORS.NS,0,0.21326954880110977,2025-09-01,364,0.8461538461538461,15.0,,-2.1428589223077625,-0.11902809433541786,45.49463170969649,53.0887999611166,1704,Strong Sell,0.5734609023977805
CALSOFT.NS,0,0.21322115925217,2025-09-01,364,0.11760513186029925,3.88,,68.40607271576677,60.48823984235574,51.12031459568672,89.17995628521902,1705,Strong Sell,0.57355768149566
PCBL.NS,0,0.21302150497503886,2025-09-01,364,1.2226502311248073,13.0,,1.1250977879316186,10.511060898713046,59.83438498826078,45.38878952448383,1706,Strong Sell,0.5739569900499223
GOYALALUM.NS,0,0.21293638687348163,2025-09-01,364,0.5247839927239656,14.35,,-2.3364500558389674,-6.417908068355392,18.477471116164402,38.75002011655082,1707,Strong Sell,0.5741272262530368
TIMKEN.NS,0,0.2125836290658139,2025-09-01,364,0.2218208092485549,21.0,,0.13353454069132145,-9.729828939733105,22.167329724246816,43.90962671905697,1708,Strong Sell,0.5748327418683722
ENIL.NS,0,0.21241594781943354,2025-09-01,364,0.5364238410596026,2.0,,-3.3806174018790687,-3.1486644192241577,23.72265652174328,63.302081374489205,1709,Strong Sell,0.575168104361133
RUBYMILLS.NS,0,0.2120580061930026,2025-09-01,364,0.7262996941896025,6.0,,0.9568093024709373,39.90324707920354,44.10565363806932,57.001346016335766,1710,Strong Sell,0.5758839876139947
VENUSREM.NS,0,0.2120147402129021,2025-09-01,364,0.2692307692307692,12.0,,6.358503575592255,16.004849492752353,47.92175721913981,59.51727655319343,1711,Strong Sell,0.5759705195741958
NCC.NS,0,0.2119631137990912,2025-09-01,364,1.886414547371195,20.0,,6.790685741635665,2.3229393430231475,30.307329530947445,60.83682889487134,1712,Strong Sell,0.5760737724018177
KREBSBIO.NS,0,0.21154266311833703,2025-09-01,364,-2.070063694267516,-4.0,,9.858888782807034,-8.814919516882608,44.82176828868932,55.254602177188396,1713,Strong Sell,0.576914673763326
SAPPHIRE.NS,0,0.2113787788841994,2025-09-01,364,1.33869670152856,5.0,,26.632814482850204,32.90055401566193,54.93006050542455,48.35814689833809,1714,Strong Sell,0.5772424422316011
ROSSTECH.NS,0,0.21134386744265404,2025-09-01,364,2.7714285714285714,8.0,,19.642564374323044,2.230446606750347,49.82442942814757,52.039575238655864,1715,Strong Sell,0.5773122651146919
SPAL.NS,0,0.2112154521100799,2025-09-01,364,0.5,13.0,,5.861306909086346,24.45194568269039,49.87317244429388,46.24787137113164,1716,Strong Sell,0.5775690957798403
ESCORTS.NS,0,0.2108953105061545,2025-09-01,364,0.26570900537634407,14.0,,0.06304427535782203,10.883228889725775,19.34740644086074,42.02967317435181,1717,Strong Sell,0.578209378987691
MUKTAARTS.NS,0,0.21061089053617774,2025-09-01,364,0.590044883756115,5.97,,-1.6608404724969335,-12.191691939185887,48.53073989202144,53.6358358849723,1718,Strong Sell,0.5787782189276445
BANARBEADS.NS,0,0.21047039794718186,2025-09-01,364,0.31008849557522117,7.76,,-0.31063992773108823,6.952418412903665,37.05005254567388,52.18725920270185,1719,Strong Sell,0.5790592041056363
IEL.NS,0,0.21029611335954848,2025-06-01,456,0.29581728689993214,0.51,,,,,,1720,Strong Sell,0.5794077732809031
MAITHANALL.NS,0,0.21008352108539893,2025-09-01,364,0.25312729948491536,29.0,,1.9674015746335056,-6.524215279667317,21.151478864793162,51.741943359375,1721,Strong Sell,0.5798329578292021
WSI.NS,0,0.21006250503763582,2025-09-01,364,0.52,-20.0,,2.7062943392058223,-9.069525620545782,29.401163804412374,54.411767216683785,1722,Strong Sell,0.5798749899247284
INDOWIND.NS,0,0.21004611826592526,2025-09-01,364,0.13568376068376056,1.48,,0.3285841467158455,-5.567010025476869,26.92785439195155,53.773579813061914,1723,Strong Sell,0.5799077634681495
TREL.NS,0,0.20997833379156816,2025-09-01,364,0.055944055944055944,3.0,,11.051547650209407,5.236421041804401,39.16705774912794,47.47899412208073,1724,Strong Sell,0.5800433324168637
VADILALIND.NS,0,0.20958882810388071,2025-09-01,364,0.40293040293040294,29.0,,9.01336476954493,47.04424187447236,40.65610900795434,66.50620863027076,1725,Strong Sell,0.5808223437922386
STYLAMIND.NS,0,0.20930127594067077,2025-09-01,364,0.18672199170124482,27.0,,4.408528367013558,18.580753771307933,36.30844232361075,40.39567041107075,1726,Strong Sell,0.5813974481186585
3MINDIA.NS,0,0.2090752176583491,2025-09-01,364,0.6509316770186335,38.0,,-1.502575844304522,7.063507832375439,22.132717113943023,34.83146067415731,1727,Strong Sell,0.5818495646833017
BAIDFIN.NS,0,0.2088798404457369,2025-09-01,364,1.544502617801047,11.0,,-1.1167574222484367,-7.061066826728653,19.986780493955315,42.10526315789475,1728,Strong Sell,0.5822403191085261
SEQUENT.NS,0,0.2088557592099168,2025-09-01,364,0.04403048264182896,2.0,,,,,,1729,Strong Sell,0.5822884815801663
CASTROLIND.NS,0,0.20856002868678689,2025-09-01,364,0.7987905442550852,55.0,,2.93730597734717,3.9362085488295033,11.004473555460217,39.14257801112342,1730,Strong Sell,0.5828799426264262
SIMBHALS.NS,0,0.20850080356320178,2025-06-01,456,-43.06382978723404,3.0,,28.358218302889533,13.45647055448739,45.0645903179631,72.67267662879271,1731,Strong Sell,0.5829983928735964
RIIL.NS,0,0.20846303995432594,2025-09-01,364,0.15492957746478872,3.0,,1.3264256591608052,0.4420278596340344,26.364217431732563,53.50237478479005,1732,Strong Sell,0.5830739200913482
HYBRIDFIN.NS,0,0.20805133440817586,2025-09-01,364,0.5101500441306266,23.88,,-6.3680532188334045,2.9062856072337153,40.118119941771326,55.88235444113464,1733,Strong Sell,0.5838973311836483
BHARATFORG.NS,0,0.20771234164269264,2025-09-01,364,0.5316455696202531,15.0,,-4.314035111278868,9.025878703877757,30.46240083398563,57.98991010292564,1734,Strong Sell,0.5845753167146147
UJJIVANSFB.NS,0,0.2076348921904145,2025-09-01,364,6.9637239165329055,,,-3.6794416580466027,28.48112926951421,29.98583557544364,45.47053992248478,1735,Strong Sell,0.5847302156191709
VMM.NS,0,0.20745456428599765,2025-09-01,364,0.2546658639373871,10.0,,3.3053230307773767,-8.022280698672153,38.19476858340615,50.665754994660205,1736,Strong Sell,0.5850908714280048
BLSE.NS,0,0.20740048664610988,2025-09-01,364,0.07857142857142857,9.0,,10.698289443778,45.510900597917754,39.59510209947909,60.65276047004243,1737,Strong Sell,0.5851990267077802
SUNDROP.NS,0,0.207081537498824,2025-09-01,364,0.087465564738292,0.0,,-2.9586625187683566,-0.236910629418227,27.734155225342505,43.41031014354059,1738,Strong Sell,0.5858369250023521
LT.NS,0,0.20695305556651616,2025-09-01,364,1.6954876702245123,19.0,,2.691106720862015,2.3196385789869227,15.093743271602241,51.064434311374754,1739,Strong Sell,0.5860938888669677
PAKKA.NS,0,0.2067758843026309,2025-09-01,364,0.7525354969574036,14.0,,10.659318406304296,-10.657706309977774,72.51445448925402,56.851615634327786,1740,Strong Sell,0.5864482313947381
HDFCLIFE.NS,0,0.20669060158503086,2025-09-01,364,20.890785587714117,7.0,,-0.9389287901663629,-5.0685003231655354,17.82200842416664,56.05933440006441,1741,Strong Sell,0.5866187968299383
UMANGDAIRY.NS,0,0.2066148318332207,2025-03-01,548,2.108695652173913,7.0,,,,,,1742,Strong Sell,0.5867703363335586
NECLIFE.NS,0,0.20661462822487697,2025-09-01,364,1.5349162011173185,-5.0,,22.495087359562564,3.830141793342829,50.13815266548905,67.18750646751869,1743,Strong Sell,0.586770743550246
ROLTA.NS,0,0.20654060699466895,2025-09-01,364,-1.2532223853809756,-3.0,,,,,,1744,Strong Sell,0.5869187860106622
FCL.NS,0,0.20653530987506838,2025-09-01,364,0.08955223880597014,25.0,,29.170908722598355,16.65135472565984,54.959040793770406,70.33367456104638,1745,Strong Sell,0.5869293802498632
KEEPLEARN.NS,0,0.20626612089658847,2025-09-01,364,0.5989304812834225,9.8,,0.0,-8.056864754850885,58.18147425920919,50.0,1746,Strong Sell,0.5874677582068231
MEGASOFT.NS,0,0.20621836861244297,2025-09-01,364,0.06857142857142857,8.0,,,,,,1747,Strong Sell,0.5875632627751141
ANURAS.NS,0,0.20618114362312767,2025-09-01,364,0.6629570747217806,5.0,,4.096462965453538,-4.868291856853512,11.795286770090055,70.32259225882086,1748,Strong Sell,0.5876377127537447
AROGRANITE.NS,0,0.20614146703171815,2025-09-01,364,1.2021857923497268,2.0,,0.07974664204351568,0.40000152587890625,27.241095696471895,53.47368201258528,1749,Strong Sell,0.5877170659365637
GAYAPROJ.NS,0,0.20598910335618892,2023-03-01,1279,-3.657037037037037,-16.0,,14.6480329627759,7.472095888271019,44.16538770513802,66.66667568486693,1750,Strong Sell,0.5880217932876222
KOPRAN.NS,0,0.2058422684789863,2025-09-01,364,0.2644230769230769,9.0,,15.98724796569255,18.849139416664862,48.10761232412089,76.92974190703995,1751,Strong Sell,0.5883154630420274
JUNIPER.NS,0,0.20576398387740535,2025-09-01,364,0.5430245331380447,6.0,,9.691760456907241,10.922148708117895,25.414486044176716,72.27313799840489,1752,Strong Sell,0.5884720322451893
WINSOME.NS,0,0.205687897925137,2025-03-01,548,-9.3,-8.0,,0.0,0.8032153026167169,12.791507131095612,100.0,1753,Strong Sell,0.588624204149726
NUCLEUS.NS,0,0.2055857048792235,2025-09-01,364,0.4531059683313033,23.0,,0.9550887434522506,3.1333842523162305,28.730799529518542,70.67154873780692,1754,Strong Sell,0.588828590241553
CSBBANK.NS,0,0.20555277133470637,2025-09-01,364,9.640289300148904,,,2.8597569159951304,-8.787638552034911,32.98370166374383,58.40839389116957,1755,Strong Sell,0.5888944573305872
OCCL.NS,0,0.20547758847574205,2025-09-01,364,0.13623006699839352,-0.62,,,,,,1756,Strong Sell,0.5890448230485159
KALAMANDIR.NS,0,0.20529782927612023,2025-09-01,364,0.5181128896377422,12.0,,-0.06684061861058184,-17.306987808948055,23.839024684602162,50.4613102087118,1757,Strong Sell,0.5894043414477595
KRSNAA.NS,0,0.20496296918982945,2025-09-01,364,0.6126609442060086,13.0,,7.632859637772266,3.5524096112160364,28.738718756194825,48.60071336841634,1758,Strong Sell,0.590074061620341
DECCANCE.NS,0,0.2044496313099307,2025-09-01,364,1.2788203753351206,2.0,,3.4467101905733433,-8.110511546486562,25.459049795566983,53.910951810857064,1759,Strong Sell,0.5911007373801386
ACCELYA.NS,0,0.2043916137626686,2025-09-01,364,0.6472868217054264,57.0,,-0.7352318961980306,-1.9029496120220837,11.133871699596737,40.631109570175184,1760,Strong Sell,0.5912167724746629
TEXRAIL.NS,0,0.2043620419523441,2025-09-01,364,0.6823654390934845,11.0,,-0.8605824381690061,5.038871174758311,28.80365453916149,55.10005521905731,1761,Strong Sell,0.5912759160953118
KAYA.NS,0,0.20434928878676356,2025-09-01,364,-4.311827956989247,-6.0,,22.32537888547419,48.52486954105245,72.06574953260076,62.644581475857414,1762,Strong Sell,0.5913014224264729
UNITEDPOLY.NS,0,0.2041521802861758,2025-09-01,364,1.2131147540983607,15.0,,30.201343055093833,14.997028176863106,33.71685741101437,86.86006181631649,1763,Strong Sell,0.5916956394276485
CREATIVE.NS,0,0.20392023542594398,2025-09-01,364,1.5503597122302157,14.0,,,,,,1764,Strong Sell,0.5921595291481121
BOSCHLTD.NS,0,0.20353396621758654,2025-09-01,364,0.4497539405177947,21.0,,17.834129392659083,31.54239560668952,24.87264097428002,83.15041962556488,1765,Strong Sell,0.5929320675648269
SCPL.NS,0,0.20344903642916085,2025-09-01,364,0.9420289855072463,16.0,,17.173175938716565,41.56071251920393,66.79153882259229,53.65175879009433,1766,Strong Sell,0.5931019271416783
GTL.NS,0,0.20325571783401425,2025-09-01,364,-1.0247811002808525,,,1.7955817479375475,-0.2706357413782323,27.22912141153817,35.84904047719728,1767,Strong Sell,0.5934885643319715
ACLGATI.NS,0,0.20310093313342334,2025-06-01,456,0.010893246187363835,2.0,,,,,,1768,Strong Sell,0.5937981337331533
SOTL.NS,0,0.20308689408463768,2025-09-01,364,0.4814391776127927,10.0,,18.733315623784364,59.513554395601695,68.07005632721922,52.0595574640497,1769,Strong Sell,0.5938262118307247
HITECHGEAR.NS,0,0.20308471092547634,2025-09-01,364,0.3903966597077244,13.0,,0.8105217500375819,0.40798187255859375,27.04415848298939,56.95899532316042,1770,Strong Sell,0.5938305781490474
AFFLE.NS,0,0.20308275830674619,2025-09-01,364,0.21162672106068334,9.0,,0.7503167978601829,8.730270206827614,44.075099241575536,37.96969772072616,1771,Strong Sell,0.5938344833865077
LTTS.NS,0,0.20306370885484978,2025-09-01,364,0.5644352188202733,28.0,,1.4906902586418465,9.37196762087873,22.154598564591506,45.81838662680161,1772,Strong Sell,0.5938725822903004
ODIGMA.NS,0,0.20281454760512435,2025-09-01,364,0.25934028946482657,0.97,,2.3131693432051637,8.439420050884214,22.606184057227853,53.73961789631633,1773,Strong Sell,0.5943709047897513
RELTD.NS,0,0.20278650823953032,2025-09-01,364,0.12009803921568628,12.0,,-8.230893463607405,28.830334438455544,25.21239417543774,36.81094891319555,1774,Strong Sell,0.5944269835209394
CIPLA.NS,0,0.2026960955127667,2025-09-01,364,0.12633478718604302,20.0,,-4.344284694626172,3.4337189254193943,16.132705170031116,30.619619859074163,1775,Strong Sell,0.5946078089744666
PURVA.NS,0,0.20261532713122407,2025-09-01,364,5.30835734870317,1.0,,1.0152281691776215,0.032881736929903836,25.07143038948995,50.67186272253221,1776,Strong Sell,0.5947693457375518
SHREDIGCEM.NS,0,0.20261068223886675,2025-09-01,364,0.8547945205479452,9.0,,6.81694767923606,7.109592385488013,26.7298499601454,75.87824413114222,1777,Strong Sell,0.5947786355222665
RPPL.NS,0,0.2025833402313387,2025-09-01,364,0.9329608938547486,11.0,,16.163136887314693,21.870043966753087,52.474780790591524,27.380949677794376,1778,Strong Sell,0.5948333195373225
BOROLTD.NS,0,0.20252486886974655,2025-09-01,364,0.3854289071680376,12.0,,1.70490876921254,8.984732264899078,31.28610470083223,49.13465925376451,1779,Strong Sell,0.594950262260507
NOIDATOLL.NS,0,0.20224011759789542,2025-09-01,364,-3.8125,-9.0,,-2.5522073079997454,-20.754723431759118,29.189248281580426,48.684209700765386,1780,Strong Sell,0.5955197648042092
CREATIVEYE.NS,0,0.2018188960872516,2025-06-01,456,0.37618809404702347,0.72,,3.1719543318945957,-7.207207658720908,52.33150616994653,52.325577527013365,1781,Strong Sell,0.5963622078254969
WIPRO.NS,0,0.2017109732343151,2025-09-01,364,0.4869596228989642,23.0,,0.4628402568827402,-8.570737232757097,20.013463096156244,49.80014783083858,1782,Strong Sell,0.5965780535313698
PODDARMENT.NS,0,0.201694911639634,2025-09-01,364,0.1553133514986376,9.0,,-3.871925977074473,0.6819081136911366,48.42245100757821,38.055339826687,1783,Strong Sell,0.596610176720732
BALMLAWRIE.NS,0,0.20137329443225752,2025-09-01,364,0.6845998655010087,22.0,,1.48664204643581,-4.214854793112311,15.569702550132995,55.52271871051242,1784,Strong Sell,0.597253411135485
IFBAGRO.NS,0,0.2013213217703468,2025-09-01,364,0.4324734446130501,7.0,,-4.411536732349312,-6.018189810914498,34.02165301842482,35.50482338700803,1785,Strong Sell,0.5973573564593064
EIHAHOTELS.NS,0,0.20129151209195803,2025-09-01,364,0.22328244274809161,26.0,,-3.8240919269624274,2.0635147194796315,23.93703986137997,62.73408282508709,1786,Strong Sell,0.5974169758160839
ZENITHEXPO.NS,0,0.20118143697449117,2025-09-01,364,0.155004743833017,-1.46,,9.286114136954096,5.0268942686048295,61.07101961601128,38.36816030681544,1787,Strong Sell,0.5976371260510176
SMARTLINK.NS,0,0.20115638643101125,2025-09-01,364,0.135,0.0,,10.769535018300422,49.42826883177202,43.37266759094282,60.563378768221895,1788,Strong Sell,0.5976872271379775
CARRARO.NS,0,0.20106518190405936,2025-09-01,364,1.3511904761904763,22.0,,4.287844696711953,5.736704909058711,28.99771627345044,82.11331638904926,1789,Strong Sell,0.5978696361918813
DHANI.NS,0,0.20106452332969973,2025-06-01,456,0.07781029437080393,0.0,,,,,,1790,Strong Sell,0.5978709533406006
NAVNETEDUL.NS,0,0.20093368616395518,2025-09-01,364,0.15269749518304432,15.0,,0.3803090854762961,-4.923012523350807,23.748986642572888,62.98885211524241,1791,Strong Sell,0.5981326276720896
RADIOCITY.NS,0,0.20074672828852086,2025-09-01,364,0.3456032719836401,-5.0,,-4.927538375197447,7.540984349813373,35.395766591479266,32.43238889354271,1792,Strong Sell,0.5985065434229583
RKDL.NS,0,0.20057032542564698,2025-09-01,364,2.1117464855849417,0.33,,-3.6864017828856954,-7.940448693598682,25.05935664775617,41.05261678508973,1793,Strong Sell,0.598859349148706
NDGL.NS,0,0.20042573074233194,2025-09-01,364,0.05642633228840126,11.0,,-0.5198826398015838,11.404358339312797,39.997127469366916,55.99522258593481,1794,Strong Sell,0.5991485385153361
BHANDARI.NS,0,0.20010869222015332,2025-09-01,364,0.8141025641025641,9.0,,4.195808684588798,-3.8709641693781016,23.62062250437636,59.649131612871926,1795,Strong Sell,0.5997826155596934
ADANIPOWER.NS,0,0.19993426344793003,2025-09-01,364,1.270456538991688,24.0,,-6.298801624330645,-14.846036314368586,27.734530454918744,36.46654031112299,1796,Strong Sell,0.60013147310414
DHUNINV.NS,0,0.19991609498652105,2025-09-01,364,0.013975067423570842,3.16,,20.70658763951088,30.24187674439839,65.33543293670598,56.40253077835659,1797,Strong Sell,0.6001678100269578
UNIVPHOTO.NS,0,0.1995516862453454,2025-09-01,364,0.02564102564102564,4.0,,-3.868045181197801,12.897629412432194,36.50998018086895,45.90541122117725,1798,Strong Sell,0.6008966275093093
ELECTCAST.NS,0,0.19938927151657598,2025-09-01,364,0.6115586690017513,14.0,,19.580639711956316,11.869344020709741,24.740559209474366,83.6912662773322,1799,Strong Sell,0.601221456966848
GOKUL.NS,0,0.1993366945146704,2025-09-01,364,0.046948356807511735,2.0,,8.371614991701719,2.9333311138731064,28.732793706178057,63.85321601795218,1800,Strong Sell,0.6013266109706592
HERITGFOOD.NS,0,0.19905754155861816,2025-09-01,364,0.5926660059464817,25.0,,12.492408821785215,15.605851461180077,28.951148998314512,56.02836357528918,1801,Strong Sell,0.6018849168827637
IIFLCAPS.NS,0,0.19884615656570842,2025-09-01,364,2.386390768006367,34.0,,-0.7151352362443338,-1.4638420165012425,7.14653047822358,47.63519992081935,1802,Strong Sell,0.6023076868685832
INTLCONV.NS,0,0.1988218632726456,2025-09-01,364,0.4473007712082262,27.0,,7.987084298292182,-1.7013457057152852,30.09233979434245,64.25702472849973,1803,Strong Sell,0.6023562734547088
OMAXAUTO.NS,0,0.19866325181262434,2025-09-01,364,0.5394321766561514,9.0,,2.527909281695152,-21.77158914194727,55.286826632858,39.96159242023076,1804,Strong Sell,0.6026734963747513
SWIGGY.NS,0,0.19814606235020252,2025-09-01,364,0.22355488922205563,-23.0,,-1.03910398346227,11.90948818058653,35.474170877996976,51.876669571158,1805,Strong Sell,0.603707875299595
MUTHOOTFIN.NS,0,0.19798282487983757,2025-09-01,364,3.631096316301856,,,-4.535837785949189,-7.463566091649493,39.14074666965418,54.061126349978764,1806,Strong Sell,0.6040343502403249
DCMSRIND.NS,0,0.19786578922961864,2025-09-01,364,1.1333333333333333,14.0,,23.2297583710795,29.72303615390965,56.40704855404015,60.89502913512948,1807,Strong Sell,0.6042684215407628
HINDALCO.NS,0,0.197588737992221,2025-09-01,364,0.619397892898084,13.0,,6.90436915852875,-9.028023315100146,25.68162430015537,45.924109066546656,1808,Strong Sell,0.604822524015558
BLACKBUCK.NS,0,0.1975766329916035,2025-09-01,364,0.15817490494296577,11.0,,7.986780143230058,14.137403133485535,35.219037138378724,54.13325555799195,1809,Strong Sell,0.604846734016793
LOVABLE.NS,0,0.19703880919853772,2025-09-01,364,0.1640533582962789,-1.74,,2.4635980496773526,4.991387932600451,25.785165079088124,49.93454092265843,1810,Strong Sell,0.6059223816029246
SURANASOL.NS,0,0.19694341657869968,2025-09-01,364,0.2639789658194565,0.27,,-1.9794459410068042,-4.168220335885007,33.11061487079419,40.052347263477394,1811,Strong Sell,0.6061131668426006
PREMIERPOL.NS,0,0.19686275420387447,2025-09-01,364,0.2878787878787879,30.0,,29.80797279395911,63.50180385598403,67.8679227887569,75.66910838329723,1812,Strong Sell,0.6062744915922511
BIKAJI.NS,0,0.1965599574074585,2025-09-01,364,0.2930474333983106,20.0,,-3.8682653319655342,-6.807359248665616,18.1423397475009,46.19932902651109,1813,Strong Sell,0.6068800851850831
SAIL.NS,0,0.19617448278784352,2025-09-01,364,1.3522055276651244,7.0,,15.364137376947069,-4.3508095009708985,35.130342331691516,69.60085701545455,1814,Strong Sell,0.6076510344243129
MHLXMIRU.NS,0,0.1960253762241739,2025-09-01,364,0.4177215189873418,30.0,,26.84071548813143,-1.5134723464358835,51.154168569194134,70.8699647008688,1815,Strong Sell,0.6079492475516521
ABINFRA.NS,0,0.19553214948585648,2025-09-01,364,0.8089171974522293,18.0,,17.14568400469862,5.347588355755871,56.75776439214979,61.51685445932671,1816,Strong Sell,0.608935701028287
BEL.NS,0,0.1953801206783533,2025-09-01,364,0.9967117624953025,39.0,,7.003390131248907,2.0690236735354035,18.695994066253274,61.837315768611845,1817,Strong Sell,0.6092397586432934
KFINTECH.NS,0,0.19528186121018187,2025-09-01,364,0.2625775327360441,34.0,,1.0047859869251727,12.117904323344858,38.43342843495491,56.00672463554096,1818,Strong Sell,0.6094362775796363
SONATSOFTW.NS,0,0.19528087775840344,2025-09-01,364,0.45012468827930174,31.0,,-1.0129451048176727,11.350380651240997,48.88019898835157,41.781905239473566,1819,Strong Sell,0.6094382444831932
GRINFRA.NS,0,0.19469947630179849,2025-09-01,364,0.18924496236950716,13.0,,-0.08972999875745825,-0.011222494098598722,23.70079661342323,52.8072765487395,1820,Strong Sell,0.610601047396403
HOMEFIRST.NS,0,0.19444859030833525,2025-09-01,364,2.4398505603985057,,,-2.0437383371005047,9.423142094817804,19.89411950090084,44.181222515280815,1821,Strong Sell,0.6111028193833294
AAREYDRUGS.NS,0,0.1939912607772585,2025-09-01,364,0.9864864864864865,6.0,,15.417529779815009,17.73810044017369,41.60391660779487,58.47458786204516,1822,Strong Sell,0.612017478445483
GOPAL.NS,0,0.19381225935937946,2025-09-01,364,0.30484988452655887,16.0,,4.5609338517086035,-6.324175748552537,24.92544839906352,52.535877845652976,1823,Strong Sell,0.6123754812812411
HIRECT.NS,0,0.1936883925305436,2025-09-01,364,1.6578947368421053,22.0,,-8.602072974585678,9.37837887157559,32.05154492610183,49.894285343761354,1824,Strong Sell,0.6126232149389128
DCBBANK.NS,0,0.19367243741246995,2025-09-01,364,12.216619199195845,,,13.553717811420245,23.992917483494576,38.84327125553154,69.92201113296909,1825,Strong Sell,0.61265512517506
PNBHOUSING.NS,0,0.1927556128991798,2025-09-01,364,3.769752571587434,,,9.077958199813493,16.582528707835213,25.249425696354134,52.377509891816636,1826,Strong Sell,0.6144887742016404
DREDGECORP.NS,0,0.19269947621471856,2025-09-01,364,1.3160621761658031,0.0,,0.035716465541294644,-8.41167500259947,46.706356364241906,58.905774669992624,1827,Strong Sell,0.6146010475705629
AARTECH.NS,0,0.1921572063745587,2025-09-01,364,0.3427902895583504,4.57,,8.857395955525496,18.600721212449738,36.36967066891528,58.487295975867845,1828,Strong Sell,0.6156855872508826
ATLASCYCLE.NS,0,0.1918904222172292,2025-09-01,364,0.25191615829813857,2.27,,-1.5568950996904716,-3.358468014462478,17.84578275404515,43.841661912273054,1829,Strong Sell,0.6162191555655416
MADRASFERT.NS,0,0.19164238582517423,2025-09-01,364,82.08,11.0,,1.1551104121887181,1.1551104121887181,23.179637377495496,53.73133928457796,1830,Strong Sell,0.6167152283496515
AJAXENGG.NS,0,0.19136965233188563,2025-09-01,364,0.16533546325878595,34.0,,-1.7462407594086022,-3.268978324870357,28.53209633613799,52.685814659580444,1831,Strong Sell,0.6172606953362287
ICICIBANK.NS,0,0.1913079036489839,2025-09-01,364,5.910702790133441,,,2.1497804595397465,18.056198556802904,16.671727738290297,57.891354074794656,1832,Strong Sell,0.6173841927020323
LUMAXTECH.NS,0,0.19118016470563481,2025-09-01,364,1.1764705882352942,11.0,,32.96274364849256,17.684667799158802,62.45863961431988,50.205449343775044,1833,Strong Sell,0.6176396705887304
SUULD.NS,0,0.19066126757316632,2024-06-01,821,-2.6865079365079363,-13.0,,0.0,0.0,0.0,100.0,1834,Strong Sell,0.6186774648536674
GAIL.NS,0,0.19024095304538935,2025-09-01,364,0.6164324030691927,15.0,,-2.171518071202972,8.324178773856756,25.997000220500283,54.208896965602875,1835,Strong Sell,0.6195180939092213
JINDALPOLY.NS,0,0.189756660868694,2025-06-01,456,0.2271396029938171,6.0,,0.9686344717645892,-2.945897597330645,30.421995596216373,52.48058534414924,1836,Strong Sell,0.620486678262612
SWARAJENG.NS,0,0.18961079667519565,2025-09-01,364,0.7117346938775511,56.0,,-1.7380443845287596,-4.090774728107488,10.269694675642981,32.649386776050974,1837,Strong Sell,0.6207784066496087
FILATFASH.NS,0,0.18958787270627858,2025-09-01,364,0.08297320656871218,1.0,,0.0,-21.739128744669838,15.254066429450793,100.0,1838,Strong Sell,0.6208242545874428
ORBTEXP.NS,0,0.18928834195877905,2025-09-01,364,0.19272727272727272,18.0,,,,44.002663528049695,30.47355938948398,1839,Strong Sell,0.6214233160824418
MARICO.NS,0,0.1891981553174648,2025-09-01,364,0.3248369887374037,43.0,,-5.817495318873894,1.5408114948097331,18.264859342932073,31.142251301600325,1840,Strong Sell,0.6216036893650704
LIBAS.NS,0,0.1890662071512275,2025-09-01,364,0.4719377304383449,0.12,,6.300811747406568,-18.408734109643092,29.992424407011995,60.65574475303359,1841,Strong Sell,0.6218675856975451
NKIND.NS,0,0.18884609434827937,2025-09-01,364,-1.8255035485446656,,,2.166496896800333,-7.147287767986919,86.54303846126523,43.65717536569806,1842,Strong Sell,0.6223078113034413
INFIBEAM.NS,0,0.1886676030554141,2025-09-01,364,0.40305987865998416,7.0,,,,,,1843,Strong Sell,0.6226647938891718
SBICARD.NS,0,0.18863746142187662,2025-09-01,364,3.7235970250169035,,,-2.33280676278567,8.079794349733344,27.42270267436598,48.01498493779669,1844,Strong Sell,0.6227250771562467
MUKANDLTD.NS,0,0.1884930687540822,2025-09-01,364,2.863125638406537,10.0,,0.2111466729165933,-0.40813710271478093,21.785647944918672,39.36231966727679,1845,Strong Sell,0.6230138624918355
ABBOTINDIA.NS,0,0.18847452659706035,2025-09-01,364,0.4195961106955871,46.0,,-5.008165487207403,1.8729771316389876,14.429829803228007,30.289855072463766,1846,Strong Sell,0.6230509468058794
SINCLAIR.NS,0,0.18736068627992533,2025-09-01,364,0.4191936595451414,15.33,,10.507049587235908,8.65103410233742,26.254762420355636,66.28324078604135,1847,Strong Sell,0.6252786274401494
TDPOWERSYS.NS,0,0.18702576807346064,2025-09-01,364,0.5254054054054054,28.0,,37.53470814368839,20.929601627800277,67.75889414857676,71.55466522052332,1848,Strong Sell,0.6259484638530788
INDSWFTLAB.NS,0,0.18659294665893283,2025-09-01,364,0.17782909930715934,1.0,,65.09871773976123,123.88648967476095,85.45208039797882,78.67049990528524,1849,Strong Sell,0.6268141066821343
MMTC.NS,0,0.18650074737362174,2025-09-01,364,1.1372549019607843,8.0,,4.959227050539438,-2.6847676736855686,28.337521140405027,46.43435111270898,1850,Strong Sell,0.6269985052527565
TRIVENI.NS,0,0.18598580803329992,2025-09-01,364,0.38780804150453957,9.0,,34.06222348676597,-18.015513994694953,133.04901762258774,78.0756831634036,1851,Strong Sell,0.6280283839334002
AIIL.NS,0,0.18579314223028892,2025-09-01,364,0.20519785171924193,31.0,,0.0,20.33506706904709,37.15637978275883,37.492247476096466,1852,Strong Sell,0.6284137155394222
MAHLIFE.NS,0,0.18543673993918533,2025-09-01,364,1.2358168147641833,3.0,,-6.876353093008859,10.284143954930624,19.630028459178845,27.1505076425304,1853,Strong Sell,0.6291265201216294
EIDPARRY.NS,0,0.18542932448874566,2025-09-01,364,0.6423841059602649,2.0,,5.1772958690991215,5.62199249530049,26.542759210784894,53.187141641538744,1854,Strong Sell,0.6291413510225087
BAJAJHFL.NS,0,0.18473349348280316,2025-09-01,364,4.475473301543836,,,-2.3250407789468435,0.45432479219386324,13.54338216439761,41.56974681073792,1855,Strong Sell,0.6305330130343937
TGBHOTELS.NS,0,0.18465077493129656,2025-09-01,364,0.5424947698744772,4.3,,-2.3883747993496,4.097451788487915,45.421424067161745,54.13532864144328,1856,Strong Sell,0.6306984501374069
EXXARO.NS,0,0.1843695036903327,2025-09-01,364,0.7230215827338129,3.0,,17.432645239423262,12.785382858495712,63.27235363151684,80.82901976848443,1857,Strong Sell,0.6312609926193347
VINNY.NS,0,0.18433474405079817,2025-09-01,364,0.4578313253012048,13.0,,-0.9433953776483021,-2.7777860562003345,19.504174884513183,54.54543484150637,1858,Strong Sell,0.6313305118984036
MFSL.NS,0,0.18430061560433986,2025-09-01,364,0.0020780762950868338,0.0,,3.5477875200965965,-1.943086343588673,20.07996483418836,59.36211018213449,1859,Strong Sell,0.6313987687913203
KAYNES.NS,0,0.18370350893818208,2025-09-01,364,0.1481311625773905,12.0,,-3.143565541354197,14.640371825332506,52.53550409427689,48.57242863102409,1860,Strong Sell,0.6325929821236358
BAGFILMS.NS,0,0.18351690432305046,2025-09-01,364,0.20919134225161587,1.75,,-0.22572804587281278,-11.599998474121094,30.694991509323017,53.260867875103855,1861,Strong Sell,0.6329661913538991
POCL.NS,0,0.1834761114468911,2025-09-01,364,0.11366906474820145,17.0,,-3.4874837434311434,-4.815314922157246,33.315836669825764,72.98497312072105,1862,Strong Sell,0.6330477771062177
PNB.NS,0,0.18343708642844012,2025-09-01,364,12.820127833168879,,,1.3485975377585988,11.107380080044098,17.221119840941736,50.657909596721375,1863,Strong Sell,0.6331258271431197
KHADIM.NS,0,0.18302714802771083,2025-09-01,364,2.4698795180722892,9.0,,22.365547294588687,17.842113417194508,40.22488892255948,80.27614432503341,1864,Strong Sell,0.6339457039445784
AKUMS.NS,0,0.18287168418631722,2025-09-01,364,0.14707121786767804,16.0,,17.976766311225447,44.3931279260552,35.29229971153617,55.07246775650708,1865,Strong Sell,0.6342566316273656
DALBHARAT.NS,0,0.18283199316060067,2025-09-01,364,0.023276748971193417,3.0,,2.8480715108075976,5.772878136322602,21.729818606219872,50.05036063789594,1866,Strong Sell,0.6343360136787987
SETCO.NS,0,0.18257940917680934,2025-09-01,364,1.0322537651606023,-2.22,,1.8749995258721543,12.55492756864659,23.654057879470827,50.13477393811864,1867,Strong Sell,0.6348411816463813
STAR.NS,0,0.18242317348276793,2025-09-01,364,0.6413727959697733,5.0,,-4.485860856312114,-4.681327261551043,31.048584702665483,55.175838168182615,1868,Strong Sell,0.6351536530344641
SKFINDIA.NS,0,0.18228313416869824,2025-09-01,364,0.40631808278867104,29.0,,6.716926295448785,-0.1443211668820934,28.29804112136388,54.76190476190476,1869,Strong Sell,0.6354337316626035
TOTAL.NS,0,0.18178038807039554,2025-09-01,364,0.631578947368421,14.0,,,,75.39839876142044,69.88887330780432,1870,Strong Sell,0.6364392238592089
RBLBANK.NS,0,0.18167773763313108,2025-09-01,364,8.70920554854981,,,1.55385855168542,9.516004510931733,20.24127663694935,39.39624292387336,1871,Strong Sell,0.6366445247337378
VIPULLTD.NS,0,0.1812855332732325,2025-09-01,364,2.205263157894737,0.0,,21.76655527430019,73.48314878841566,61.24964177550959,80.45267744083245,1872,Strong Sell,0.637428933453535
JHS.NS,0,0.1811312950819059,2025-09-01,364,0.1910370583165757,-5.17,,13.873622567811253,-4.382930923840911,62.67996463271409,54.06593093347066,1873,Strong Sell,0.6377374098361882
IFBIND.NS,0,0.1810469242397627,2025-09-01,364,1.5974304068522485,20.0,,1.8514322916666666,1.441796880861862,28.159653952207574,35.037492616068945,1874,Strong Sell,0.6379061515204746
TPHQ.NS,0,0.18071046359113455,2025-09-01,364,0.10144927536231885,4.0,,26.1904733183702,5.999994277954102,98.34994945495774,63.63635994186109,1875,Strong Sell,0.638579072817731
EXCEL.NS,0,0.18068327895509215,2025-09-01,364,0.0,0.76,,,,,,1876,Strong Sell,0.6386334420898157
MUFIN.NS,0,0.18060200579207492,2025-09-01,364,2.8589341692789967,13.0,,7.127912315935769,12.873472875478317,23.44615455511761,51.52287655105108,1877,Strong Sell,0.6387959884158502
HEIDELBERG.NS,0,0.18053142130825425,2025-09-01,364,0.8603053435114504,11.0,,3.0912313479819304,3.853002609809517,16.240441476517624,57.965571641978585,1878,Strong Sell,0.6389371573834914
IOLCP.NS,0,0.18044744470792998,2025-09-01,364,0.37806967447173045,9.0,,32.365201952933106,47.888829988640666,45.437902548743416,73.60600541359014,1879,Strong Sell,0.6391051105841401
TRACXN.NS,0,0.1802822829925394,2025-09-01,364,0.8,8.0,,-0.7669207869012021,-6.179064082285379,23.376431764595146,49.671765305411235,1880,Strong Sell,0.6394354340149212
HPIL.NS,0,0.17989806693513394,2025-09-01,364,1.0980392156862746,5.0,,-3.6734725053908117,-3.016204817267218,33.53105278569167,48.348651021669895,1881,Strong Sell,0.6402038661297321
SUNDARMFIN.NS,0,0.17954403774685318,2025-09-01,364,4.075474622239442,,,1.8593155451187475,8.195408321592803,25.36783494746691,50.3462790832302,1882,Strong Sell,0.6409119245062936
RAMAPHO.NS,0,0.17954369918004973,2025-09-01,364,0.594059405940594,8.0,,-3.9850523719234947,3.8091216579523683,29.532036424005128,51.97555005381127,1883,Strong Sell,0.6409126016399005
SEAMECLTD.NS,0,0.17949580938035842,2025-09-01,364,0.4153846153846154,12.0,,17.58027389811193,2.146650020411173,25.153803440643525,70.22197246033816,1884,Strong Sell,0.6410083812392832
AIRAN.NS,0,0.1794493305773227,2025-09-01,364,0.18523770430629144,11.07,,0.19920140860098956,-10.9734544343997,12.585516580339592,50.609770280705995,1885,Strong Sell,0.6411013388453546
TCIFINANCE.NS,0,0.17899234279848647,2025-09-01,364,-1.1050946919178446,,,1.6010658758019547,15.641605573339293,21.2422163354559,56.27705431112319,1886,Strong Sell,0.6420153144030271
SGL.NS,0,0.17892293973962592,2025-09-01,364,1.3461538461538463,1.0,,2.9501522289299578,-14.018695905115486,27.173378354003862,56.61375874958624,1887,Strong Sell,0.6421541205207482
MRF.NS,0,0.17890227505853015,2025-09-01,364,0.5616718168962447,27.0,,-2.0613970043007566,6.107329686847861,15.759658129516584,44.1622691292876,1888,Strong Sell,0.6421954498829396
TEAMLEASE.NS,0,0.17876393206913088,2025-09-01,364,1.2339955849889626,12.0,,0.5212839201646063,-7.888832876309559,21.921510904308235,58.571406773158486,1889,Strong Sell,0.6424721358617382
DMART.NS,0,0.17830301232493997,2025-09-01,364,0.1569862668514552,18.0,,-0.5355776587605203,-6.438919216767994,23.633401337208785,33.26129236847687,1890,Strong Sell,0.6433939753501201
PVP.NS,0,0.1779580591859542,2025-09-01,364,1.4814939921825996,1.99,,139.0762447914107,119.2268948595063,83.71790201402709,92.18449359434115,1891,Strong Sell,0.6440838816280916
SELMC.NS,0,0.17760100509748783,2025-09-01,364,-3.9966777408637872,-13.0,,0.43493632193224163,-5.135227822712821,21.69333996499666,57.860254643540266,1892,Strong Sell,0.6447979898050243
ABCAPITAL.NS,0,0.1769845712185521,2025-09-01,364,4.698408566966609,9.0,,1.2614410728419814,17.39067925347222,27.927070355115337,52.09692355648793,1893,Strong Sell,0.6460308575628958
ANTGRAPHIC.NS,0,0.1768912544963644,2025-09-01,364,3.669783752191701,-1.59,,2.7397233430072485,-7.4074076799480775,23.783207165098954,53.846153846153854,1894,Strong Sell,0.6462174910072712
WELSPUNLIV.NS,0,0.17688471961186739,2025-09-01,364,0.8846343873517787,14.0,,25.824037220720324,34.86837640794907,35.465668552362004,85.64466892676755,1895,Strong Sell,0.6462305607762653
REDTAPE.NS,0,0.17657204290758988,2025-09-01,364,1.667832167832168,23.0,,-4.393020319774661,-7.2960878352005585,30.66191712599473,34.57059257455664,1896,Strong Sell,0.6468559141848202
CORALFINAC.NS,0,0.17646344315064313,2025-09-01,364,0.07009345794392523,10.0,,1.9127989504473502,5.2137587823603715,29.865840338426914,50.05922536190743,1897,Strong Sell,0.6470731136987138
SANDHAR.NS,0,0.17580597123440797,2025-09-01,364,0.5662063363119415,15.0,,8.235396586589543,-6.8708345028491244,34.159182557637465,48.49332689167471,1898,Strong Sell,0.648388057531184
ONEPOINT.NS,0,0.17580412414460972,2025-09-01,364,0.21176470588235294,11.0,,-3.5914558269031045,-6.379721126024933,24.960183823084748,24.664871816505965,1899,Strong Sell,0.6483917517107806
GRWRHITECH.NS,0,0.17558799215774498,2025-09-01,364,0.13107390771743568,21.0,,-0.19576312661679368,24.92342697120854,29.853918441155642,55.13608428446005,1900,Strong Sell,0.64882401568451
UNIVASTU.NS,0,0.17526518500969002,2025-09-01,364,1.2528735632183907,12.0,,18.944558186687647,106.59113683969225,48.89490439765607,68.33571250995612,1901,Strong Sell,0.64946962998062
KEI.NS,0,0.17506950532496227,2025-09-01,364,0.29411764705882354,21.0,,14.828961886127226,9.925312230706625,35.999941930412675,54.19712063254217,1902,Strong Sell,0.6498609893500755
MANAKSIA.NS,0,0.1740441518182788,2025-09-01,364,0.14736842105263157,1.0,,4.49397798310109,-0.462329538885416,17.161912555334858,48.559677242115505,1903,Strong Sell,0.6519116963634424
MTNL.NS,0,0.17386266671465475,2025-09-01,364,-1.3300708038317368,-7.0,,0.7029175800311964,-10.695538969298319,23.656851618105602,48.061999075405694,1904,Strong Sell,0.6522746665706904
DOLATALGO.NS,0,0.17382938859931202,2025-09-01,364,0.2597898758357211,32.0,,7.340807231370848,-2.2943769119551685,28.727796419430025,53.18724685844843,1905,Strong Sell,0.652341222801376
HDFCAMC.NS,0,0.17378530284511653,2025-09-01,364,0.08923037190082644,43.0,,0.24084596339645353,6.751031492488699,24.615832338743786,61.34294381508821,1906,Strong Sell,0.652429394309767
PRAENG.NS,0,0.17286827198854857,2025-09-01,364,0.39801980198019804,-3.0,,2.432968152769728,-3.7779913857946124,60.51340094973546,57.99574445241546,1907,Strong Sell,0.6542634560229028
AMNPLST.NS,0,0.17260459969043818,2025-09-01,364,0.4,20.0,,-8.154202430128313,-9.038823691051661,29.820462971796374,30.188687544334854,1908,Strong Sell,0.6547908006191236
VINATIORGA.NS,0,0.17255502274275317,2025-09-01,364,0.11784511784511785,21.0,,2.2215308712933175,0.8293313504377274,14.503610471023965,51.88284251696034,1909,Strong Sell,0.6548899545144937
NRL.NS,0,0.1720724651000552,2025-09-01,364,0.05128205128205128,10.0,,19.617224880382775,90.63596245504772,24.423599637151575,72.76460017562917,1910,Strong Sell,0.6558550697998896
SETUINFRA.NS,0,0.17192072821496762,2023-09-01,1095,-3.7828316242143565,0.39,,11.62790262486376,-7.692306369719372,47.60003796268959,78.57142553037495,1911,Strong Sell,0.6561585435700648
OFSS.NS,0,0.17109085586428213,2025-09-01,364,0.13085139805215207,62.0,,12.104416234578938,25.431357839459867,34.12981110323663,62.280701754385966,1912,Strong Sell,0.6578182882714357
AJANTPHARM.NS,0,0.17103669724188222,2025-09-01,364,0.21196705426356588,33.0,,4.897162133481791,24.091789042187255,21.309315759112494,60.68452891427968,1913,Strong Sell,0.6579266055162356
JBCHEPHARM.NS,0,0.17087827637480607,2025-09-01,364,0.23636852001074402,26.0,,7.8772907453537835,18.14929036931929,18.28293184591006,58.635439510233915,1914,Strong Sell,0.6582434472503879
YASHO.NS,0,0.17033431783307734,2025-09-01,364,1.6518691588785046,7.0,,34.92970745491378,100.16121720453602,88.3857793634517,53.172151394530026,1915,Strong Sell,0.6593313643338453
KABRAEXTRU.NS,0,0.1702089786296341,2025-09-01,364,0.7733333333333333,8.0,,65.2519112342956,161.84485039362156,82.44481886174304,70.33544839753642,1916,Strong Sell,0.6595820427407317
SINDHUTRAD.NS,0,0.1700825716475063,2025-09-01,364,0.5651237890204521,6.0,,3.43543016948719,-5.1612925641851755,33.52969150935943,54.436863511968774,1917,Strong Sell,0.6598348567049874
BSHSL.NS,0,0.1697826813517022,2025-09-01,364,0.3697478991596639,21.0,,5.805783961836328,-5.601237828058073,26.107322239132852,54.77203421863659,1918,Strong Sell,0.6604346372965956
AFSL.NS,0,0.16973329073096097,2025-09-01,364,0.0,15.0,,5.4328349099230415,5.317561317627746,25.263359641963294,61.49869196390728,1919,Strong Sell,0.660533418538078
EASEMYTRIP.NS,0,0.16947993960672852,2025-09-01,364,0.28040540540540543,20.0,,-6.707318003939286,-11.942445273157718,27.431784405458114,34.999982970085256,1920,Strong Sell,0.661040120786543
PANAMAPET.NS,0,0.16931960707246915,2025-09-01,364,0.19222903885480572,19.0,,4.574672235876828,40.4080608925948,63.76756289741679,26.61074140315519,1921,Strong Sell,0.6613607858550616
ALPSINDUS.NS,0,0.16910450722697046,2025-09-01,364,-1.009698275862069,,,0.0,0.0,0.0,100.0,1922,Strong Sell,0.6617909855460591
BIRLACABLE.NS,0,0.16910116097502637,2025-09-01,364,0.5940959409594095,5.0,,52.032344765149,38.92388823985413,52.07636420888966,60.854826280052535,1923,Strong Sell,0.6617976780499473
WEWIN.NS,0,0.16882852560337475,2025-09-01,364,0.6834532374100717,10.73,,2.0047984220503303,-19.708401396454033,35.44663365367208,57.18991127371153,1924,Strong Sell,0.6623429487932505
S&SPOWER.NS,0,0.16878903522992234,2025-09-01,364,0.22862989489349825,-2.4,,6.743341258832043,-16.564039408866996,65.32135160081263,54.99549607208776,1925,Strong Sell,0.6624219295401553
ROLLT.NS,0,0.16840387674115456,2025-09-01,364,2.684873949579831,-1.12,,77.02127728650021,94.39250670496516,49.61486223256593,86.62420082316676,1926,Strong Sell,0.6631922465176909
MANBA.NS,0,0.16831510105653347,2025-09-01,364,3.8508997429305913,,,-3.4292297455172434,15.989198758165674,31.675503921012364,46.13596364845395,1927,Strong Sell,0.6633697978869331
GENCON.NS,0,0.16810532488603852,2025-09-01,364,0.6597222222222222,8.0,,11.55499313016895,10.576434197048323,51.26903694498459,66.31944104109408,1928,Strong Sell,0.663789350227923
JKIL.NS,0,0.16761136351058556,2025-09-01,364,0.9548895899053628,20.0,,3.0062815375279497,-0.199501246882793,17.138555438667407,51.34228686213277,1929,Strong Sell,0.6647772729788288
BLISSGVS.NS,0,0.16683971329671637,2025-09-01,364,0.18297101449275363,9.0,,29.21014686857058,35.63155807734694,41.46068947416321,80.87227338447431,1930,Strong Sell,0.6663205734065673
PANSARI.NS,0,0.16666313935690547,2025-09-01,364,1.0070921985815602,7.0,,-7.063822306929021,11.553857864040408,36.848984113499675,40.26888279145446,1931,Strong Sell,0.6666737212861891
RUCHINFRA.NS,0,0.16666225624422956,2025-09-01,364,0.3832673827020915,1.75,,0.5181383420726028,-6.129026601515327,30.578219017953344,59.633027924280015,1932,Strong Sell,0.6666754875115408
CENTURYPLY.NS,0,0.16659824045013613,2025-09-01,364,0.4939334637964775,15.0,,-5.284552845528456,0.5777627101716232,22.577924119085903,42.29375275088028,1933,Strong Sell,0.6668035190997277
VIKASECO.NS,0,0.1662917753777283,2025-09-01,364,0.18575063613231552,3.0,,2.7522908689077354,-13.178291636571709,23.365627418444394,53.33332803514605,1934,Strong Sell,0.6674164492445434
GUJRAFFIA.NS,0,0.1661293044155729,2025-09-01,364,0.3677419354838708,3.97,,0.9836049801760822,-6.2075375882623485,40.65378047018604,53.76106325391956,1935,Strong Sell,0.6677413911688542
PTCIL.NS,0,0.16569285225934985,2025-09-01,364,0.08982925018559762,5.0,,24.248384377634167,14.086687306501547,43.70846377394905,66.6221790827469,1936,Strong Sell,0.6686142954813004
AVADHSUGAR.NS,0,0.16567648396922444,2025-09-01,364,0.7122641509433962,9.0,,69.70237853035094,85.89531508681073,65.19150879870952,82.4551121128121,1937,Strong Sell,0.6686470320615512
ESAFSFB.NS,0,0.16555986708608064,2025-09-01,364,14.51114922813036,,,2.187876338489298,54.457231100176806,63.015636286597385,68.60465374168346,1938,Strong Sell,0.6688802658278388
PRUDMOULI.NS,0,0.1654311604168047,2025-09-01,364,0.8374196360466385,4.97,,25.65891134746792,1.757682196690864,42.3927906431894,75.21221272793863,1939,Strong Sell,0.6691376791663906
FEDERALBNK.NS,0,0.1650637032783772,2025-09-01,364,9.157462345960749,,,-0.2595410897107638,18.890098979587375,23.259825964892833,53.1895806876236,1940,Strong Sell,0.6698725934432457
NATHBIOGEN.NS,0,0.1648098050659157,2025-09-01,364,0.462882096069869,7.0,,-2.534231583963286,-10.098872975749016,28.959871934168262,53.65697084141538,1941,Strong Sell,0.6703803898681686
SCHAEFFLER.NS,0,0.1645968033110789,2025-09-01,364,0.3325463131129677,26.0,,-0.16584230960977747,-0.9382108850643096,18.081868005501267,46.762271622124175,1942,Strong Sell,0.6708063933778422
CCHHL.NS,0,0.16406247077092836,2025-09-01,364,0.6591032167226254,0.93,,0.6245114838836863,-0.38639288007663003,24.45028081253728,56.22641006964338,1943,Strong Sell,0.6718750584581432
ANDHRAPAP.NS,0,0.1636462666918667,2025-09-01,364,0.3307372793354102,4.0,,-0.5546999856880471,-0.40992149998609645,23.81331109843164,50.300427835433,1944,Strong Sell,0.6727074666162667
ABMINTLLTD.NS,0,0.16363899643027396,2025-09-01,364,1.6528497409326426,-7.32,,26.488432622167807,23.03321962878559,111.63627242167826,60.74621524516968,1945,Strong Sell,0.6727220071394521
CORDSCABLE.NS,0,0.16322238056736207,2025-09-01,364,1.2894736842105263,16.0,,40.17267500891541,29.74921396772106,52.30299400709985,74.27599595104249,1946,Strong Sell,0.6735552388652759
NHPC.NS,0,0.16277440648396874,2025-09-01,364,1.3491752654967237,7.0,,-2.286365442419045,2.4366883872623255,16.49291916141198,49.86809645214181,1947,Strong Sell,0.6744511870320625
MANAKCOAT.NS,0,0.16277051258593223,2025-09-01,364,1.2326283987915407,16.0,,0.6629093053924521,17.573275221597235,29.872892850872436,66.98215992770106,1948,Strong Sell,0.6744589748281355
AVROIND.NS,0,0.1625116986378185,2025-09-01,364,0.4234161988773054,7.58,,3.6739344824652584,-15.528530519854225,51.83832740201135,60.61451241547797,1949,Strong Sell,0.674976602724363
LTF.NS,0,0.16217844065000248,2025-09-01,364,3.8644295302013423,9.0,,3.132530120481928,19.843193087680415,26.28515926529151,54.21052510813074,1950,Strong Sell,0.675643118699995
JINDALSAW.NS,0,0.16204682897121941,2025-09-01,364,0.5800685602350637,21.0,,20.509818714074,23.43046196171818,39.299215061294525,72.283962780597,1951,Strong Sell,0.6759063420575612
SALASAR.NS,0,0.16163094209334375,2025-09-01,364,1.2928759894459103,13.0,,1.196584150470573,-13.576640018778335,14.606835282776377,55.12820199318,1952,Strong Sell,0.6767381158133126
GLOBALE.NS,0,0.16119440682847588,2025-09-01,364,1.4898746383799424,-0.47,,7.222219622184266,-14.601773116808008,31.370139825540466,74.69876933965949,1953,Strong Sell,0.6776111863430483
ARMANFIN.NS,0,0.1607481463727654,2025-09-01,364,0.7569331158238173,,,7.277713508784467,28.017618072490556,30.73260555972494,56.81443944040086,1954,Strong Sell,0.6785037072544692
INOXINDIA.NS,0,0.16060414783141358,2025-09-01,364,0.8804780876494024,37.0,,11.855343352823636,44.70856398028204,46.87498525266305,69.41804930075354,1955,Strong Sell,0.6787917043371728
CREST.NS,0,0.16041431552931845,2025-09-01,364,0.22887323943661972,10.0,,-1.1202211106187516,8.108555445774034,24.610301114474588,56.56447710331024,1956,Strong Sell,0.6791713689413631
MASFIN.NS,0,0.1601917285976616,2025-09-01,364,3.5100502512562812,,,-4.523874785993,-0.4782769861898131,24.76415663426351,55.24738233790684,1957,Strong Sell,0.6796165428046768
PGEL.NS,0,0.16008993758645634,2025-09-01,364,0.14592110302566066,7.0,,-4.429041503109707,21.95045441906797,30.123294656976967,30.12711118128982,1958,Strong Sell,0.6798201248270873
MARSHALL.NS,0,0.15997991887658114,2024-06-01,821,1.0563009734280453,-3.39,,0.0,0.0,0.0,100.0,1959,Strong Sell,0.6800401622468377
MUNJALSHOW.NS,0,0.1598046153727097,2025-09-01,364,0.26686656671664166,0.0,,-0.7155030834786756,6.228012908375902,27.394944979710424,39.23044817877118,1960,Strong Sell,0.6803907692545805
BVCL.NS,0,0.15965718750162067,2025-09-01,364,0.8245614035087719,12.0,,4.275541845599533,5.301038551136023,23.44557328878328,71.99312568371198,1961,Strong Sell,0.6806856249967587
COCHINSHIP.NS,0,0.15960706838527605,2025-09-01,364,1.3783128356140655,20.0,,9.478641090377566,4.585409216263156,23.788632579957124,58.93825194644772,1962,Strong Sell,0.6807858632294479
IGIL.NS,0,0.15817125593723677,2025-09-01,364,0.15171902617024924,73.0,,-1.1414728920214923,-5.765234086560598,29.432639401908954,40.26896765734511,1963,Strong Sell,0.6836574881255264
RATNAVEER.NS,0,0.15810348150227047,2025-09-01,364,1.2085308056872037,14.0,,68.71759883973309,82.51326555471437,67.5494821869933,91.12594330919728,1964,Strong Sell,0.683793036995459
EUROTEXIND.NS,0,0.1578156798990162,2025-09-01,364,-2.1220400728597455,-18.07,,8.87159031755647,-6.795472632978476,28.67176881024362,70.45452328753169,1965,Strong Sell,0.6843686402019675
ABREL.NS,0,0.1572316659157061,2025-09-01,364,1.7183318465655664,4.0,,0.645818487173139,12.95162167527566,24.165144626136087,48.68086145279255,1966,Strong Sell,0.6855366681685878
SBFC.NS,0,0.15705554598069724,2025-09-01,364,1.860221316249272,,,9.52750220605931,7.080892098091741,31.917920466499943,63.784100922346646,1967,Strong Sell,0.6858889080386055
AXITA.NS,0,0.15694424675482035,2025-09-01,364,0.48484848484848486,2.0,,9.523813539930766,3.072986552032001,20.197236448435863,85.04670773108539,1968,Strong Sell,0.6861115064903593
QUESS.NS,0,0.15687852017345535,2025-09-01,364,1.924507658643326,13.0,,15.897677262746335,82.55860535391317,44.99265029940667,77.00609778801237,1969,Strong Sell,0.6862429596530892
SUPREMEIND.NS,0,0.15664441459040912,2025-09-01,364,0.3459405940594059,24.0,,2.700989793211039,0.3153420568449733,22.48957214060757,62.40496683242314,1970,Strong Sell,0.6867111708191818
APOLLOPIPE.NS,0,0.15641243020791182,2025-09-01,364,0.24821852731591448,7.0,,27.256225115034066,31.957238585597338,43.344111730879334,80.74534161490683,1971,Strong Sell,0.6871751395841763
MAHASTEEL.NS,0,0.15591727073212822,2025-09-01,364,0.7746478873239436,7.0,,37.61448395051746,39.396154433337955,52.54365585605504,88.74087809014428,1972,Strong Sell,0.6881654585357435
ALLDIGI.NS,0,0.15485783624455357,2025-09-01,364,0.510989010989011,34.0,,-1.3877047037534957,1.625028701730398,27.463650414928043,50.79273943999673,1973,Strong Sell,0.6902843275108929
DHARMAJ.NS,0,0.15439187196673465,2025-09-01,364,1.148314606741573,12.0,,0.2966876798276484,-5.370880420420767,28.48333424792103,35.866676215293325,1974,Strong Sell,0.6912162560665307
VPRPL.NS,0,0.15430094281597254,2025-09-01,364,1.5651074589127687,11.0,,23.751387026289727,-2.278699356494107,84.54809838972149,27.654323371477176,1975,Strong Sell,0.691398114368055
HPAL.NS,0,0.15420668742460839,2025-09-01,364,0.23404255319148937,14.0,,5.925253029415593,-2.896938360232792,62.43023672833819,54.07407581833552,1976,Strong Sell,0.6915866251507832
VRAJ.NS,0,0.15379156045878037,2025-09-01,364,0.1275,18.0,,1.4472840484399931,-0.20679402631713245,21.80848649115989,50.39903258016714,1977,Strong Sell,0.6924168790824392
NILASPACES.NS,0,0.15378933572422132,2025-09-01,364,1.305732484076433,27.0,,5.996621866527482,-2.2585666542580074,38.51236397157347,59.28143763867899,1978,Strong Sell,0.6924213285515574
DOMS.NS,0,0.15331119381605382,2025-09-01,364,0.30812854442344045,26.0,,-1.052952779974961,3.78258626824204,13.410659127703143,51.27515466721055,1979,Strong Sell,0.6933776123678923
TIL.NS,0,0.1530790755207191,2025-09-01,364,5.726190476190476,11.0,,-6.965687253717902,30.155216738249337,68.38053706239184,55.38946295775175,1980,Strong Sell,0.6938418489585618
PARACABLES.NS,0,0.15225333587058426,2025-09-01,364,0.3431241655540721,16.0,,0.7089998519511695,1.69649235469358,39.498894353072814,42.46007540059953,1981,Strong Sell,0.6954933282588315
TECILCHEM.NS,0,0.15211905434104997,2025-09-01,364,-1.2395663956639569,,,-0.7253854672678208,-19.29233347878139,85.82870613576075,58.662094700678765,1982,Strong Sell,0.6957618913179
MANKIND.NS,0,0.15202713415778113,2025-09-01,364,0.6029658284977434,15.0,,-2.0408221773317377,2.0974868610202573,21.587837339301764,48.92272671621419,1983,Strong Sell,0.6959457316844377
SPORTKING.NS,0,0.15200133441492836,2025-09-01,364,0.709280303030303,12.0,,13.53636267490084,16.942930736030874,61.61709514026613,60.97231781147098,1984,Strong Sell,0.6959973311701433
SCI.NS,0,0.15199231617846476,2025-09-01,364,0.5492904684164259,10.0,,-0.6347593158450359,-4.54844695800393,31.90849696382464,46.02011761427633,1985,Strong Sell,0.6960153676430705
CONFIPET.NS,0,0.15161298036676035,2025-09-01,364,0.711755233494364,10.0,,2.1466219004029807,5.964320583994923,51.68728824317306,55.1845414815075,1986,Strong Sell,0.6967740392664793
NEXTMEDIA.NS,0,0.15150911115784205,2025-09-01,364,-1.1755336094297546,-9.35,,17.85713764390872,15.49999713897705,78.74422186777275,66.14172969661801,1987,Strong Sell,0.6969817776843159
SDBL.NS,0,0.1514291463528551,2025-09-01,364,0.43070652173913043,13.0,,1.0985860741223599,-3.899543315445354,30.96691181215053,46.6059598989231,1988,Strong Sell,0.6971417072942898
INDOBORAX.NS,0,0.15137793454991388,2025-09-01,364,0.06406685236768803,19.0,,29.167759423705814,56.11505031526731,81.33113770062525,66.96844280638548,1989,Strong Sell,0.6972441309001722
VSTL.NS,0,0.15130047118938905,2025-09-01,364,1.6269430051813472,8.0,,0.18079636889935538,-3.693404024742656,15.658807303627592,68.21191258287013,1990,Strong Sell,0.6973990576212219
INDUSTOWER.NS,0,0.15080299077224663,2025-09-01,364,0.8605185246672754,29.0,,3.153216905334995,-6.003674800788436,25.273579407014505,63.31279470577152,1991,Strong Sell,0.6983940184555067
CHOICEIN.NS,0,0.15042835789573028,2025-09-01,364,0.04665069897775493,3.15,,-5.133969180787991,14.9102125629644,16.593633451409058,24.849234484459615,1992,Strong Sell,0.6991432842085394
CAMPUS.NS,0,0.1502914723756213,2025-09-01,364,0.929471032745592,20.0,,3.3310455027744714,-9.178313241346336,26.418867361088967,58.36415302959129,1993,Strong Sell,0.6994170552487574
TFCILTD.NS,0,0.1499018019523756,2025-09-01,364,0.8458466453674122,,,38.06995016422707,85.28765282023345,42.92118099111229,84.52057319264618,1994,Strong Sell,0.7001963960952489
LPDC.NS,0,0.14969877675412538,2025-09-01,364,0.08642284569138266,-8.51,,13.050566051590822,0.0,72.99491532567258,58.44503747263459,1995,Strong Sell,0.7006024464917493
VEDL.NS,0,0.14910469339957622,2025-09-01,364,1.2790550032418413,19.0,,5.279096388658941,-15.234612474194423,30.722453497955616,52.206904970366374,1996,Strong Sell,0.7017906132008476
OAL.NS,0,0.14905194265038912,2025-09-01,364,0.6516690856313497,9.0,,28.250424285838992,54.91334465639515,76.44750062696252,77.04471914704615,1997,Strong Sell,0.7018961146992218
MENONBE.NS,0,0.14896985380136632,2025-09-01,364,0.417910447761194,17.0,,32.39986672604465,101.87632904115091,54.02521882276032,67.59404096361514,1998,Strong Sell,0.7020602923972674
SOLARINDS.NS,0,0.14847548537988256,2025-09-01,364,0.3588352840422495,37.0,,9.33608830406177,8.30533378176098,31.493237935679563,65.06756756756756,1999,Strong Sell,0.7030490292402349
ENTERO.NS,0,0.14773973559602444,2025-09-01,364,0.0933572710951526,5.0,,45.5028138041784,56.94202857254535,47.761243059919074,88.38079502012101,2000,Strong Sell,0.7045205288079511
ORICONENT.NS,0,0.1477160534859823,2025-09-01,364,0.08940092165898618,-1.0,,4.885378456379418,-9.383115133882873,30.8673907159224,60.0,2001,Strong Sell,0.7045678930280355
DEN.NS,0,0.14760485902884599,2025-09-01,364,0.1521681997371879,3.0,,3.137543287628871,7.245826263987463,15.858136428548153,64.24732561096664,2002,Strong Sell,0.704790281942308
CIGNITITEC.NS,0,0.14751606509401677,2025-09-01,364,0.374167776298269,31.0,,,,,,2003,Strong Sell,0.7049678698119665
AMBICAAGAR.NS,0,0.1475052249283921,2025-09-01,364,1.0,7.0,,3.357902097716391,6.542841714301403,26.804997498121946,57.4036460146862,2004,Strong Sell,0.7049895501432157
CDSL.NS,0,0.1473142834826139,2025-09-01,364,0.40170333569907735,47.0,,5.213803450862716,16.179064899124164,19.369884171925655,62.80572508204682,2005,Strong Sell,0.7053714330347722
NAM-INDIA.NS,0,0.14667493343076596,2025-09-01,364,0.10804321728691477,42.0,,0.9385245552721309,9.955380026588106,30.046156749124464,50.19888631432972,2006,Strong Sell,0.706650133138468
CSLFINANCE.NS,0,0.14656481065708013,2025-09-01,364,1.3982758620689655,,,8.857772523275532,1.396325897549301,23.540267221656777,61.78476468837846,2007,Strong Sell,0.7068703786858397
VERTOZ.NS,0,0.1465151420432656,2025-09-01,364,0.38256253635834775,5.89,,10.084029123770467,-12.897595528483638,28.484138895985193,70.5882403709061,2008,Strong Sell,0.7069697159134688
NYKAA.NS,0,0.14606790914847428,2025-09-01,364,0.13960280373831777,6.0,,4.844029451751791,29.75129759181866,24.366982731411014,69.87853262588563,2009,Strong Sell,0.7078641817030514
AWL.NS,0,0.14539326992592555,2025-09-01,364,1.4389052802930105,21.0,,1.6416810442733631,1.7750897541759059,23.60740450272547,49.53158417512609,2010,Strong Sell,0.7092134601481489
TCIEXP.NS,0,0.14498654207053394,2025-09-01,364,0.1891891891891892,16.0,,3.771473698245182,12.203488633211121,29.170200315104054,54.62872714859154,2011,Strong Sell,0.7100269158589321
OBCL.NS,0,0.14467048405790345,2025-09-01,364,0.7727272727272727,4.0,,4.062261536164387,7.764892561190198,18.98357787777948,62.06896098133341,2012,Strong Sell,0.7106590318841931
DODLA.NS,0,0.14452263436420112,2025-09-01,364,0.1927797833935018,27.0,,4.952963444758909,-0.004074798565402973,29.008854441665505,60.390219386755575,2013,Strong Sell,0.7109547312715978
MAHABANK.NS,0,0.1441185911591957,2025-09-01,364,10.824247793210365,,,3.4539238630105844,4.543777202976419,27.123858129157284,59.582323226879474,2014,Strong Sell,0.7117628176816087
AXISBANK.NS,0,0.1440681330395277,2025-09-01,364,7.826699938930655,,,2.93758441441564,1.1890016251163327,23.040934937024698,57.029374464305796,2015,Strong Sell,0.7118637339209446
DLINKINDIA.NS,0,0.1424612240913895,2025-09-01,364,0.6541019955654102,29.0,,-1.9358407079646016,-1.8181176617076682,27.664560603425866,53.35226809683086,2016,Strong Sell,0.715077551817221
ATLANTAA.NS,0,0.1421211975456546,2025-09-01,364,0.03470031545741325,13.0,,10.256417223130674,-4.797049667262692,58.216190990919934,24.18245016437335,2017,Strong Sell,0.7157576049086908
BLBLIMITED.NS,0,0.14168393418542044,2025-09-01,364,0.05128205128205128,7.0,,2.8976163361404192,-7.683419784748373,18.536131804456407,40.65045062926827,2018,Strong Sell,0.7166321316291591
GATECH.NS,0,0.14106108059750055,2025-09-01,364,0.0988237562668722,15.12,,82.75861608287512,96.29627789980174,89.73353659192303,100.0,2019,Strong Sell,0.7178778388049989
ICICIPRULI.NS,0,0.14047383092093432,2025-09-01,364,24.498232104973678,9.0,,0.32013257678480456,8.795207607518519,17.092577334107588,61.861178617652264,2020,Strong Sell,0.7190523381581313
NECCLTD.NS,0,0.14030549606862788,2025-09-01,364,0.6322869955156951,7.0,,12.358801548868458,10.667540202397404,39.929509261953086,69.4072613813178,2021,Strong Sell,0.7193890078627443
VARROC.NS,0,0.13856702351426117,2025-09-01,364,1.3855359001040584,20.0,,27.17255314761571,45.51144880710662,39.45297380067406,59.27135288738064,2022,Strong Sell,0.7228659529714776
GHCL.NS,0,0.13778897743176893,2025-09-01,364,0.17543376480308456,24.0,,0.318151222110969,-0.5804989946319892,12.35005667419175,60.574025926130815,2023,Strong Sell,0.7244220451364621
SHAH.NS,0,0.13665920050411925,2025-09-01,364,0.04838709677419355,7.0,,-4.3478279427666155,-22.2453211220722,127.50497296996421,47.43202260237306,2024,Strong Sell,0.7266815989917614
RPTECH.NS,0,0.13617747678290304,2025-09-01,364,1.6046002190580504,14.0,,2.1470195713470472,49.84757452136126,55.6011499439884,40.606896704870664,2025,Strong Sell,0.7276450464341939
NSIL.NS,0,0.1352032812583132,2025-09-01,364,0.13391392149438344,0.0,,3.8615300745048153,1.8624131170914275,18.582713230472656,50.27489309712889,2026,Strong Sell,0.7295934374833736
LICHSGFIN.NS,0,0.13512967566177397,2025-09-01,364,7.304070584560929,,,4.991444665984906,1.4707085105724609,25.0309781756522,77.8042929672575,2027,Strong Sell,0.729740648676452
GOENKA.NS,0,0.13491910280960978,2025-09-01,364,1.9979666531110212,-0.3,,0.0,0.0,0.0,100.0,2028,Strong Sell,0.7301617943807804
SPLIL.NS,0,0.13352287964624251,2025-09-01,364,0.06391300200324337,4.55,,7.739840871919461,9.159804453718705,49.280402711811114,52.19224535521885,2029,Strong Sell,0.7329542407075149
ADL.NS,0,0.1323687667763651,2025-09-01,364,0.4841379310344826,3.21,,9.313510177529928,4.1521979934300965,59.40749976768957,52.7790159868051,2030,Strong Sell,0.7352624664472698
TIINDIA.NS,0,0.1322036965564225,2025-09-01,364,0.26351962380177246,32.0,,5.680889255028878,-8.652457586431051,33.783115958196305,52.140410958904106,2031,Strong Sell,0.735592606887155
VALIANTLAB.NS,0,0.13170694756662887,2025-09-01,364,0.10094637223974763,-1.0,,65.17486905592031,29.820217238952413,47.625889152557285,82.56956398975527,2032,Strong Sell,0.7365861048667423
SOUTHBANK.NS,0,0.13121541569721962,2025-09-01,364,11.790428732606243,,,-1.2657000965525262,5.754404410595324,20.0590797916964,53.461274601202035,2033,Strong Sell,0.7375691686055608
STARPAPER.NS,0,0.13116118352408362,2025-09-01,364,0.20512820512820512,8.0,,2.9679007812081215,10.317973398723847,27.205892590168784,50.36464623652747,2034,Strong Sell,0.7376776329518328
MTARTECH.NS,0,0.13091319537686877,2025-09-01,364,0.571619812583668,11.0,,23.009081383164514,-5.684252811997857,49.81515246808827,54.40961031350718,2035,Strong Sell,0.7381736092462625
BALAMINES.NS,0,0.13073988770524017,2025-09-01,364,0.10532544378698225,13.0,,8.920453966738602,10.032604681931511,53.08163966115583,66.0202035222139,2036,Strong Sell,0.7385202245895197
MAWANASUG.NS,0,0.1272522016395715,2025-09-01,364,0.2314410480349345,-16.0,,42.502160009035975,60.22257375707175,56.584994862465386,76.60342297422659,2037,Strong Sell,0.745495596720857
MICEL.NS,0,0.12625216950195717,2025-09-01,364,0.29556541019955646,8.71,,13.559318852362253,-4.659166384015429,33.50112703902353,75.59593295137277,2038,Strong Sell,0.7474956609960857
SRPL.NS,0,0.12449361991211373,2025-09-01,364,3.0,1.0,,3.030300019967555,-15.000000372529025,14.955970577645097,100.0,2039,Strong Sell,0.7510127601757726
SILGO.NS,0,0.12430681473828413,2025-09-01,364,0.03999292160679522,10.48,,7.474768085171665,-8.68148088372377,22.141797301088438,82.42430314193017,2040,Strong Sell,0.7513863705234317
VCL.NS,0,0.1237758922121542,2025-09-01,364,1.638568129330254,1.77,,98.0392175195585,45.32374113059292,69.00894795238544,74.60317730633338,2041,Strong Sell,0.7524482155756916
TIRUPATIFL.NS,0,0.1235486913901465,2025-09-01,364,0.40336134453781514,12.0,,-0.8947661554398306,54.89456151176159,53.78587386697022,48.0952327129431,2042,Strong Sell,0.752902617219707
GULFPETRO.NS,0,0.12336071703169657,2025-09-01,364,0.17647058823529413,11.0,,43.52539511165129,69.65656701881574,52.13572816693856,71.32774771954928,2043,Strong Sell,0.7532785659366068
HEXATRADEX.NS,0,0.12226753889525581,2025-09-01,364,0.16034056817918887,0.12,,1.6960984627123636,-0.6454468524830357,21.800928928777815,51.92903678080653,2044,Strong Sell,0.7554649222094884
GENESYS.NS,0,0.12216917338786643,2025-09-01,364,0.3119143239625167,15.0,,22.730790378148406,-14.961660402772663,137.49560177286736,54.17206012910752,2045,Strong Sell,0.7556616532242671
SALONA.NS,0,0.12198594843914115,2025-09-01,364,3.176470588235294,7.0,,12.66611093523655,-6.478247364683185,34.5255078549934,70.93685212316028,2046,Strong Sell,0.7560281031217178
LATTEYS.NS,0,0.12121616590132082,2025-09-01,364,1.4428969359331476,12.91,,10.89455412413856,-2.9308838950360876,48.308349009154746,64.60054861201056,2047,Strong Sell,0.7575676681973583
UMAEXPORTS.NS,0,0.120269971588602,2025-09-01,364,1.30635838150289,4.0,,32.94826477256376,5.081376546881288,37.248096004724594,90.98985619360855,2048,Strong Sell,0.759460056822796
OSWALSEEDS.NS,0,0.11998583205211065,2025-09-01,364,0.9583333333333334,9.0,,12.698409447555436,9.230764583557189,76.19917911216844,61.189798982783614,2049,Strong Sell,0.7600283358957787
POONAWALLA.NS,0,0.11962396446058554,2025-09-01,364,3.7759112197108533,,,0.05393161613276869,16.15326871320675,29.02284450084735,36.08798203056111,2050,Strong Sell,0.7607520710788289
YESBANK.NS,0,0.11813393829612227,2025-09-01,364,7.72075533060959,,,0.2635022605892191,-0.43611155751774844,16.490480363827434,51.32450268386819,2051,Strong Sell,0.7637321234077554
E2E.NS,0,0.11811602302189353,2025-09-01,364,0.1295238095238095,8.0,,19.64613183593128,50.61340464649842,56.94221294908234,47.51935026518002,2052,Strong Sell,0.763767953956213
MCL.NS,0,0.11650459284328162,2025-09-01,364,1.148936170212766,8.0,,10.083717523619185,-3.9292124982092473,32.84553359133675,51.301896745425914,2053,Strong Sell,0.7669908143134367
EMBDL.NS,0,0.11557816813371984,2025-09-01,364,0.4326190897821852,4.0,,1.521099631108663,8.87563852353212,27.0241404684577,39.54222449437972,2054,Strong Sell,0.7688436637325603
AVONMORE.NS,0,0.11550127042546667,2025-09-01,364,0.46643944807872023,9.17,,24.6636779738517,34.689922767163736,65.60600524657073,84.1848874038495,2055,Strong Sell,0.7689974591490667
HERCULES.NS,0,0.11530492894411688,2025-09-01,364,0.10599628856413823,0.72,,1.5941843407973801,1.5941843407973801,4.620385177074123,100.0,2056,Strong Sell,0.7693901421117663
EMKAY.NS,0,0.11228695973232102,2025-09-01,364,5.138528138528138,26.0,,7.022110556873591,2.233490420533005,33.275861224223995,61.72672799392353,2057,Strong Sell,0.775426080535358
YATHARTH.NS,0,0.11120843845962448,2025-09-01,364,0.03560076287349015,10.0,,22.486792760032028,23.688229464676457,31.749716224755502,82.32208942275474,2058,Strong Sell,0.7775831230807511
SAKAR.NS,0,0.10876127607570392,2025-09-01,364,0.48184818481848185,9.0,,3.7067724879198245,4.924519269514613,44.451995751913564,45.18371765348596,2059,Strong Sell,0.7824774478485922
BODALCHEM.NS,0,0.1083975049630916,2025-09-01,364,1.016295025728988,5.0,,68.25642970268038,63.2655862234214,70.2995782567417,95.94594174713403,2060,Strong Sell,0.7832049900738168
JETFREIGHT.NS,0,0.10779897100604248,2025-09-01,364,1.5217391304347827,11.0,,1.1748768131124923,2.284148076479367,44.08747562962223,49.12718631504246,2061,Strong Sell,0.7844020579879151
AUBANK.NS,0,0.10685791695561074,2025-09-01,364,8.123284651419123,,,4.603285098743353,10.414865232493565,28.238012814082758,52.755898525618136,2062,Strong Sell,0.7862841660887785
SPARC.NS,0,0.10321471787515935,2025-09-01,364,-1.9169054441260744,-298.0,,-0.3454329929541479,1.6989821422714693,37.872851953528624,50.37645655631809,2063,Strong Sell,0.7935705642496813
IMPEXFERRO.NS,0,0.10320589452699717,2025-06-01,456,-1.5262523397100345,,,72.00000762939453,115.00000953674316,28.71734201370673,100.0,2064,Strong Sell,0.7935882109460056
SUPREMEENG.NS,0,0.10310105252914814,2025-03-01,548,-1.3370786516853932,-22.0,,35.60975785627035,192.6315796078077,13.950704506899712,86.88522732025106,2065,Strong Sell,0.7937978949417037
SONAMLTD.NS,0,0.10198358287498234,2025-09-01,364,0.5384615384615384,13.0,,41.712156861110586,32.4757969212954,65.09090981423414,84.31372726792618,2066,Strong Sell,0.7960328342500353
MEP.NS,0,0.09869296023745158,2024-03-01,913,-2.962882096069869,-14.0,,41.17647883801327,-19.99999470180921,24.74774448351947,100.0,2067,Strong Sell,0.8026140795250969
HITECHCORP.NS,0,0.09670420627783652,2025-09-01,364,0.6923076923076923,7.0,,3.4161490683229814,19.05612637353645,9.389604086365322,69.23076923076923,2068,Strong Sell,0.806591587444327
SUVEN.NS,0,0.0924528541616524,2025-09-01,364,0.010280373831775701,-6.0,,21.95489129725355,32.61264390223996,61.65835608499187,61.95049503387821,2069,Strong Sell,0.8150942916766952
KOTAKBANK.NS,0,0.08794017874163386,2025-09-01,364,4.648641306519012,,,7.455805025274937,10.268784846391638,17.587273822408537,73.57650733453448,2070,Strong Sell,0.8241196425167323
BLUECHIP.NS,0,0.0872555602435187,2025-09-01,364,-8.432835820895523,-17.91,,19.553081034081337,-9.704632563754338,26.665912570471406,100.0,2071,Strong Sell,0.8254888795129626
OMAXE.NS,0,0.08591393286275802,2025-09-01,364,10.779334500875656,-9.0,,53.847961834315704,71.40255587692673,84.61830892794805,86.15313316872466,2072,Strong Sell,0.828172134274484
KALYANI.NS,0,0.055728531703347906,2025-09-01,364,6.380952380952381,15.0,,4.996748018147451,4.996748018147451,14.48195160735001,100.0,2073,Strong Sell,0.8885429365933042
