Ticker,Predicted_Direction,Predicted_Probability,Quarter_Date,Staleness_Days,debt_to_equity,roce,roe,roc_1m,roc_3m,volatility_30d,rsi_14d,Rank,Category,Confidence
GOENKA.NS,1,0.846867040833457,2025-09-01,121,1.9979666531110212,-0.3,,-24.770645161748956,-13.684210196096148,41.18109229351354,42.85715502134696,1,Strong Buy,0.693734081666914
NACLIND.NS,1,0.8338820117995519,2025-09-01,121,1.846938775510204,-8.0,,-13.637082710793852,-17.806773263507687,55.460287163301416,47.29248704675679,2,Strong Buy,0.6677640235991038
TERASOFT.NS,1,0.8140886748600963,2025-09-01,121,1.164179104477612,11.0,,-19.45956870089087,-13.202216843594341,51.557556322191566,28.952582181804658,3,Strong Buy,0.6281773497201926
TVSELECT.NS,1,0.8078964088370778,2025-09-01,121,2.0,-2.0,,-21.05020727775219,-32.55685583290921,46.12668754779923,50.77820688241926,4,Strong Buy,0.6157928176741556
AAREYDRUGS.NS,1,0.7962312901707261,2025-09-01,121,0.9864864864864865,6.0,,-16.908157980923516,-18.31240806321309,44.15471695003846,51.73610451904189,5,Strong Buy,0.5924625803414523
HINDWAREAP.NS,1,0.7891415999278213,2025-09-01,121,0.6779026217228464,-11.0,,-17.841743801539522,-19.840789727832515,41.57655097255441,41.47728623857574,6,Strong Buy,0.5782831998556426
RAINBOW.NS,1,0.7859091551397334,2025-09-01,121,0.5643939393939394,18.0,,-0.6772009029345373,-1.5292801193584484,19.072031531734666,38.56548276168361,7,Strong Buy,0.5718183102794667
HAL.NS,1,0.7793451803269525,2025-09-01,121,2.327173854228667,34.0,,-2.657198728790063,-8.633462036523404,21.383144774743972,57.03630990932643,8,Strong Buy,0.5586903606539051
SJVN.NS,1,0.7791537555527267,2025-09-01,121,0.8498478187352047,8.0,,-3.3734012119663057,-17.800984447778617,27.122431733357022,61.83747345378178,9,Strong Buy,0.5583075111054534
UNITEDPOLY.NS,1,0.7772054023142556,2025-09-01,121,1.2131147540983607,15.0,,-34.353921546308385,-46.33008153450206,61.366804337741776,27.879789654503355,10,Strong Buy,0.5544108046285112
APLLTD.NS,1,0.7737846982684751,2025-09-01,121,0.49571836346336823,11.0,,-6.7808733023273575,-6.124141861322109,14.045166188177252,29.913654459648285,11,Strong Buy,0.5475693965369501
CURAA.NS,1,0.7735927933622124,2025-09-01,121,1.4828025477707,-10.69,,-19.559917411540496,-51.33579062383635,44.96935707691016,8.847100648101204,12,Strong Buy,0.5471855867244249
GOKULAGRO.NS,1,0.7725335626186886,2025-09-01,121,3.7621407333994052,35.0,,-15.588512976364823,-12.59476256617535,31.09897099724133,24.18552629090604,13,Strong Buy,0.5450671252373771
RHL.NS,1,0.768893715984117,2025-09-01,121,0.2544704264099037,5.0,,-18.33302364402307,-29.354322713483477,36.72521438924511,25.159732873619532,14,Strong Buy,0.5377874319682341
PREMIERENE.NS,1,0.7669048807965125,2025-09-01,121,0.1769436997319035,12.0,,-12.78479228388175,-17.26593926561379,27.898257446739947,27.006241730400546,15,Strong Buy,0.5338097615930251
STANLEY.NS,1,0.7664794036563388,2025-09-01,121,0.27751196172248804,9.0,,-15.944298913432137,-33.939805850169755,25.250720815355905,20.81639784699793,16,Strong Buy,0.5329588073126776
GLAXO.NS,1,0.7663131254978984,2025-09-01,121,1.13572267920094,63.0,,-1.8256865461622074,-8.290073319127702,21.933870072889658,29.839793816073126,17,Strong Buy,0.5326262509957969
CENTENKA.NS,1,0.7658236719824797,2025-09-01,121,0.21736111111111112,6.0,,-5.839027852242016,-8.171976056122356,33.725817620469215,58.95702075313442,18,Strong Buy,0.5316473439649594
HMT.NS,1,0.7611655307262939,2025-09-01,121,1.7730061349693251,2.0,,-11.41242510872606,-20.50024949938947,30.018421913388018,58.8744600659343,19,Strong Buy,0.5223310614525878
CPCAP.NS,1,0.7605732968785295,2025-09-01,121,0.24577861163227016,10.0,,-3.3470262308929613,-10.714847003369156,31.47796800975063,61.538463698477045,20,Strong Buy,0.521146593757059
KSOLVES.NS,1,0.7593644917898582,2025-09-01,121,0.6470588235294118,157.0,,-8.140844026234372,-6.615934194847931,23.869886307915753,46.57719198496484,21,Strong Buy,0.5187289835797164
JAIPURKURT.NS,1,0.7580300710290193,2025-09-01,121,0.6932812500000001,11.18,,-18.950262145480234,-26.7108216451218,41.696800919193755,35.64593306893583,22,Strong Buy,0.5160601420580386
CONCOR.NS,1,0.7535710090050043,2025-09-01,121,0.15752726131638817,14.0,,4.2808936376304905,0.19950706319078956,14.72728399066821,69.46724233244699,23,Strong Buy,0.5071420180100086
SPAL.NS,1,0.7531875178728688,2025-09-01,121,0.5,13.0,,-9.902508156680287,-3.635615188969493,26.06488072512939,50.26157949806209,24,Strong Buy,0.5063750357457375
EUROTEXIND.NS,1,0.7493266034740118,2025-09-01,121,-2.1220400728597455,-18.07,,-29.840226393670825,-5.025444964590594,52.43568632194568,28.11861291661336,25,Strong Buy,0.4986532069480236
WELCORP.NS,1,0.7489583185292658,2025-09-01,121,0.8321766561514196,18.0,,-3.683988389641282,-4.7875083112995,27.793601557000425,55.68845239895605,26,Strong Buy,0.4979166370585315
VETO.NS,1,0.7469850554845077,2025-09-01,121,0.19029850746268656,11.0,,3.1845926318006,-2.3331108959497167,23.132939590924252,65.41315774770815,27,Strong Buy,0.49397011096901533
HISARMETAL.NS,1,0.7456956304143983,2025-09-01,121,1.3125,9.0,,-6.822368505576675,-11.710378511355875,33.23105358684111,42.87463912610887,28,Strong Buy,0.4913912608287967
ARKADE.NS,1,0.7438636815830985,2025-09-01,121,0.323189926547744,30.0,,-16.66359146985407,-19.569471057616923,35.66145968276681,24.243838066256117,29,Strong Buy,0.4877273631661969
BANG.NS,1,0.7432743766599409,2025-09-01,121,1.2222222222222223,-2.0,,-7.6109920764564185,-7.308138972082537,26.665924189619144,43.40320829656611,30,Strong Buy,0.4865487533198818
UBL.NS,1,0.7428796659874217,2025-09-01,121,0.8803596127247579,14.0,,-2.950332066315081,-9.945584895602364,14.180480159751745,36.408095370113664,31,Strong Buy,0.48575933197484344
INSECTICID.NS,1,0.7406033098598286,2025-09-01,121,0.6496655518394648,17.0,,0.1817148097015352,-4.299640961051439,21.46145344201852,65.19865954483978,32,Strong Buy,0.48120661971965717
SUNDRMBRAK.NS,1,0.7388070535537268,2025-09-01,121,1.105263157894737,8.0,,-6.896782371874391,-9.421384928290435,21.985827960197074,56.581088657874865,33,Strong Buy,0.47761410710745356
VMART.NS,1,0.7383874992374353,2025-09-01,121,2.1076923076923078,8.0,,-9.826664003407657,0.7748661728075734,20.511885412996914,37.697088393349766,34,Strong Buy,0.4767749984748706
GILLANDERS.NS,1,0.7372299007033437,2025-09-01,121,0.7864768683274022,4.0,,-7.457777235243055,-10.00950953987544,28.82561564528726,44.92010047100136,35,Strong Buy,0.4744598014066874
GALAXYSURF.NS,1,0.7369168614561447,2025-09-01,121,0.6717506631299734,15.0,,1.73243496370067,-6.66728040936638,15.788580845903263,72.33778060666097,36,Strong Buy,0.4738337229122893
DIXON.NS,1,0.7351057536814458,2025-09-01,121,0.6803942273847237,12.0,,-16.503380709259,-26.445025223363523,40.642818369614844,35.72809278350515,37,Strong Buy,0.47021150736289163
ADANIENT.NS,1,0.734474747846175,2025-09-01,121,0.8869040010226256,13.0,,0.004458542207133188,-13.615150485903602,21.910616893259984,40.64959281802606,38,Strong Buy,0.4689494956923499
NAHARCAP.NS,1,0.7290355043589536,2025-09-01,121,0.03329864724245578,4.0,,-2.311483988100573,-10.001753602075516,26.499607312321523,53.87131084636628,39,Strong Buy,0.4580710087179072
KAJARIACER.NS,1,0.728885914834414,2025-09-01,121,0.25396825396825395,17.0,,-10.274228451519914,-16.450504469724972,22.95603975095072,33.04168609027043,40,Strong Buy,0.457771829668828
AMBER.NS,1,0.7280737115608585,2025-09-01,121,1.1274845784784098,12.0,,-9.294894553717247,-22.501971728447494,30.433948584775735,44.43064182194617,41,Strong Buy,0.4561474231217171
EMMBI.NS,1,0.7278016555687157,2025-09-01,121,1.218274111675127,8.0,,-6.773943786843918,-3.5489957583881506,26.914882290932045,54.195587756775964,42,Strong Buy,0.45560331113743135
BALMLAWRIE.NS,1,0.7270253494580451,2025-09-01,121,0.6845998655010087,22.0,,0.2568452956960443,-12.895256401562769,18.492409458909304,63.45399702867776,43,Strong Buy,0.4540506989160902
FOSECOIND.NS,1,0.7270011699711245,2025-09-01,121,0.4146341463414634,31.0,,-4.432266128256898,-7.241508025382605,26.565782336551397,39.66480446927375,44,Strong Buy,0.45400233994224903
UPL.NS,1,0.7267460736357791,2025-09-01,121,0.4102319436288902,1.0,,6.481422753808169,20.213169512374833,19.87834596149636,71.50962448990896,45,Strong Buy,0.4534921472715583
INOXWIND.NS,1,0.7266909923909168,2025-09-01,121,0.29245128541018506,12.0,,-7.322376021044744,-13.098836381763649,25.117608900624237,55.29977650929741,46,Strong Buy,0.45338198478183367
NRL.NS,1,0.7249430553886212,2025-09-01,121,0.05128205128205128,10.0,,-6.345010118213383,-21.33241095845734,23.441212152689182,46.55766217471248,47,Strong Buy,0.4498861107772425
SUPREME.NS,1,0.7231232822149487,2025-09-01,121,0.03927914544425587,2.43,,-9.394014592400666,-14.970881187665944,25.76881113119812,33.64879121055439,48,Strong Buy,0.4462465644298974
AARTIIND.NS,1,0.7227834190876106,2025-09-01,121,1.0082124759741395,6.0,,-0.8485845015215493,-1.5015838027876312,25.540503698535144,61.70360974314907,49,Strong Buy,0.44556683817522114
PENIND.NS,1,0.7225616300197106,2025-09-01,121,2.1675675675675676,15.0,,-6.471823058902876,-14.55730417053375,32.13352660817351,61.28349469709144,50,Strong Buy,0.44512326003942126
IGPL.NS,1,0.7223963048690392,2025-09-01,121,0.6844961240310078,11.0,,1.9363986736946066,-4.493567695234586,24.0825908090057,53.98472323142269,51,Strong Buy,0.4447926097380783
TATATECH.NS,1,0.7217467412225449,2025-09-01,121,1.9263224181360201,67.0,,-5.475927967658949,-4.909791719563952,18.107020146785484,49.82436329460868,52,Strong Buy,0.4434934824450898
BLUECOAST.NS,1,0.7210254195198599,2025-09-01,121,-1.2854821235102925,-34.45,,-16.78633048218001,-47.17900354209893,50.50984220639745,38.92128044806563,53,Strong Buy,0.44205083903971976
SUPERHOUSE.NS,1,0.7205615088090885,2025-09-01,121,0.683291770573566,5.0,,-7.0890637493622055,-15.14048045339193,13.530182740218672,45.729046120061454,54,Strong Buy,0.44112301761817707
NOVAAGRI.NS,1,0.7205554352723943,2025-09-01,121,0.480225988700565,13.0,,-8.491456426267447,-18.86434815968331,21.69777637728175,39.60573243922631,55,Strong Buy,0.4411108705447886
JCHAC.NS,1,0.7199669330880994,2025-09-01,121,1.528301886792453,14.0,,-11.765069524744494,-17.401862085737584,34.37757483942487,44.46080120387028,56,Strong Buy,0.4399338661761989
QUICKHEAL.NS,1,0.7197381708190435,2025-09-01,121,0.2214765100671141,0.0,,-13.6754930221958,-11.519895255667393,26.750014645811536,33.03922765395221,57,Strong Buy,0.4394763416380869
MASTEK.NS,1,0.7194998021597913,2025-09-01,121,0.29528535980148884,16.0,,-6.39434494095162,-6.488238737744406,17.54125338171803,31.891891891891902,58,Strong Buy,0.4389996043195825
KILITCH.NS,1,0.7189106636730995,2025-09-01,121,0.40634920634920635,13.0,,1.8615545786221783,3.6094710671690087,28.19319855013509,63.120585028529064,59,Strong Buy,0.43782132734619905
ASKAUTOLTD.NS,1,0.7185289494750615,2025-09-01,121,0.49162995594713654,29.0,,-3.4395840005397984,-11.533129157071816,27.322649431680606,60.42481705654913,60,Strong Buy,0.43705789895012304
DBEIL.NS,1,0.7184652242456931,2025-09-01,121,1.0350467289719627,25.0,,-10.959320454711664,-29.26609780300151,26.64593137492377,40.8525942629171,61,Strong Buy,0.4369304484913863
DCI.NS,1,0.718425976406396,2025-09-01,121,2.146067415730337,26.0,,-0.3210285158727228,-3.3350224864801445,26.257857510471688,57.99491579774108,62,Strong Buy,0.4368519528127921
EIHAHOTELS.NS,1,0.7179604464644277,2025-09-01,121,0.22328244274809161,26.0,,-0.7609297306152366,-3.7697928227440536,12.432393092756804,60.475150313545946,63,Strong Buy,0.4359208929288554
JAYSREETEA.NS,1,0.7179162388050923,2025-09-01,121,1.2926829268292683,4.0,,-1.8897640903715067,-7.113951221113418,23.8445366895151,59.242163988616525,64,Strong Buy,0.4358324776101845
SAGCEM.NS,1,0.7177638955557992,2025-09-01,121,0.6928792569659443,-2.0,,-0.6808713581566535,-13.37911935676762,22.53029361786427,58.098458369127165,65,Strong Buy,0.43552779111159845
TVTODAY.NS,1,0.7167591220650433,2025-09-01,121,0.2161547212741752,12.0,,2.368024012731238,-0.8347965036340108,19.652163463153595,70.06771542839441,66,Strong Buy,0.43351824413008666
MEDICAMEQ.NS,1,0.7154563400920794,2025-09-01,121,0.29044117647058826,7.0,,-9.189389868817349,21.34775171264039,33.55001503965972,33.7202127171699,67,Strong Buy,0.43091268018415874
VINYLINDIA.NS,1,0.7153880278938936,2025-09-01,121,0.7107438016528925,21.0,,-2.0778733219488057,-15.729167726304796,24.83887805362815,59.18236197518786,68,Strong Buy,0.4307760557877871
BEPL.NS,1,0.7152500587718612,2025-09-01,121,0.12716763005780346,25.0,,-1.4239103897758152,-8.98218008096789,19.50221770373633,56.36071684376447,69,Strong Buy,0.4305001175437224
KRSNAA.NS,1,0.7149390009077244,2025-09-01,121,0.6126609442060086,13.0,,-11.103584357098494,-4.684198305871141,24.59294690929997,45.478945605496556,70,Strong Buy,0.4298780018154489
GTPL.NS,1,0.7149324936450188,2025-09-01,121,1.8558659217877096,8.0,,-0.5293106899379081,-8.497933054357528,17.173678541527295,52.43981617986497,71,Strong Buy,0.4298649872900375
ENTERO.NS,1,0.7145801994722898,2025-09-01,121,0.0933572710951526,5.0,,-2.5256339554839733,-6.43455876119321,26.262420961566864,56.49053516292977,72,Strong Buy,0.4291603989445796
LODHA.NS,1,0.7142637000505448,2025-09-01,121,1.6178274633953305,15.0,,-5.224146941341936,-6.887172893237639,16.979681472275466,41.47425570619828,73,Strong Buy,0.4285274001010897
CONTROLPR.NS,1,0.7140498956645872,2025-09-01,121,0.17355371900826447,23.0,,-8.233894937149246,-11.388517200848998,26.339219125158074,42.59040852508022,74,Strong Buy,0.4280997913291744
GAIL.NS,1,0.7139718673858938,2025-09-01,121,0.6164324030691927,15.0,,-1.6228550502232142,-1.37488194892921,19.90469536574794,61.21594632664443,75,Strong Buy,0.4279437347717876
CONCORDBIO.NS,1,0.71366980351778,2025-09-01,121,0.1073972602739726,28.0,,-6.092542908834375,-18.334647359252415,22.972402028580163,38.526194188608265,76,Strong Buy,0.42733960703555995
HINDUNILVR.NS,1,0.712829098536377,2025-09-01,121,0.6236159346271706,28.0,,-6.5340278995048715,-7.968410584782556,18.581246398648833,52.53315047831319,77,Strong Buy,0.425658197072754
MAZDOCK.NS,1,0.7122601429987792,2025-09-01,121,2.1079910935180606,49.0,,-6.072721898204445,-12.174564592927355,31.17901925922611,52.43718633797936,78,Strong Buy,0.4245202859975583
BOMDYEING.NS,1,0.7121758726261502,2025-09-01,121,0.2568493150684932,3.0,,-5.441269198648402,-21.828633170949363,27.08475161315252,58.42215846868309,79,Strong Buy,0.42435174525230046
MAHSCOOTER.NS,1,0.7117667229251068,2025-09-01,121,0.12834337988065309,1.0,,-2.0859149111937216,-19.072546230440967,22.550621761954922,54.42857142857144,80,Strong Buy,0.4235334458502136
BLUEDART.NS,1,0.7115131299957147,2025-09-01,121,0.8912529550827423,19.0,,-2.179305457122608,-1.0218716385801363,14.38226891947146,62.13235294117647,81,Strong Buy,0.4230262599914294
NDRAUTO.NS,1,0.7112852112731932,2025-09-01,121,0.694980694980695,25.0,,-3.1948881789137378,-19.086234172526193,25.899145018788104,56.62377109548192,82,Strong Buy,0.42257042254638644
MARSHALL.NS,1,0.711209758457446,2024-06-01,578,1.0563009734280453,-3.39,,-8.312340587603902,-30.929789030772824,27.916544378390363,32.608713680042285,83,Strong Buy,0.4224195169148921
INDSWFTLAB.NS,1,0.7104312579616359,2025-09-01,121,0.17782909930715934,1.0,,-7.754286544609125,-7.4346336044092975,35.00075633095967,23.82922780817448,84,Strong Buy,0.42086251592327173
MITTAL.NS,1,0.7101592627961119,2025-09-01,121,0.1330251669234722,4.27,,-12.213738443523368,-26.28205010641722,24.123319473466008,15.789463777618138,85,Strong Buy,0.4203185255922237
ATUL.NS,1,0.7096538272886199,2025-09-01,121,0.19941449974169106,12.0,,6.181378058269214,-0.73547239957973,22.94436776948153,63.44463971880492,86,Strong Buy,0.41930765457723984
KAMOPAINTS.NS,1,0.70808787153603,2025-09-01,121,0.00012913223140502474,-0.34,,-16.411680374795328,-29.54278526350648,22.62078246380936,16.513757855788597,87,Strong Buy,0.41617574307206007
VINDHYATEL.NS,1,0.7080307428298562,2025-09-01,121,2.0231578947368423,12.0,,-9.322476641466055,1.2853788366685526,22.02345543185728,43.457930264412255,88,Strong Buy,0.41606148565971246
VHL.NS,1,0.7072943990365411,2025-09-01,121,0.0010638297872340426,6.0,,-2.5629126267963356,-5.3688769260591265,17.792667245939203,56.374971258508566,89,Strong Buy,0.41458879807308224
SYMPHONY.NS,1,0.7072429790001791,2025-09-01,121,0.36222509702457956,43.0,,1.6834794564355722,-2.466133713237716,15.265084173465675,50.28494640631447,90,Strong Buy,0.41448595800035815
DODLA.NS,1,0.7071109175880254,2025-09-01,121,0.1927797833935018,27.0,,-0.23927260194350572,-5.607118566654436,18.71858966425967,63.42229244497505,91,Strong Buy,0.4142218351760507
INDOCO.NS,1,0.7070274288807569,2025-09-01,121,1.1137614678899082,3.0,,-9.016870059978253,-19.089499490689587,29.853833058443826,47.4040780560793,92,Strong Buy,0.41405485776151374
ROSSTECH.NS,1,0.706604713865236,2025-09-01,121,2.7714285714285714,8.0,,-19.97964873774125,-13.75505136934013,58.74007706125125,31.178591685365916,93,Strong Buy,0.4132094277304721
OMINFRAL.NS,1,0.706161331285187,2025-09-01,121,0.4012820512820513,6.0,,-8.866671000658938,-23.67164862921949,22.487972816732725,36.61772687480207,94,Strong Buy,0.412322662570374
WAAREERTL.NS,1,0.7053725977097256,2025-09-01,121,1.1424242424242423,82.0,,-8.258270562083641,-8.88889118776483,27.755735091197604,62.924746044937855,95,Strong Buy,0.4107451954194512
LXCHEM.NS,1,0.7051291805223605,2025-09-01,121,0.6474226804123712,9.0,,-6.250345599267862,-18.11141670703354,18.096541657751473,46.32321075465474,96,Strong Buy,0.410258361044721
NITINSPIN.NS,1,0.7049833340048371,2025-09-01,121,0.8531775018261505,13.0,,-2.6588362278406725,-3.3609521484731752,15.598458915428747,53.061231752855804,97,Strong Buy,0.4099666680096743
SARLAPOLY.NS,1,0.7049345970918854,2025-09-01,121,0.48333333333333334,12.0,,0.5679225941028011,-6.190920631866366,25.31492568334362,63.318764926324135,98,Strong Buy,0.4098691941837709
GEECEE.NS,1,0.7044127271841645,2025-09-01,121,0.6856780735107731,8.0,,-11.834978374445372,-13.493253148817551,19.8210570374842,8.760106375540545,99,Strong Buy,0.40882545436832896
SCILAL.NS,1,0.7042085566140838,2025-09-01,121,0.18397328881469116,2.0,,-1.0991343112858998,-5.798263256668693,11.840296399387276,45.344133931536156,100,Strong Buy,0.40841711322816754
PATANJALI.NS,1,0.704131139119482,2025-09-01,121,0.4613225460249319,16.0,,-3.16854111289733,-5.8219250617309575,24.37450448763388,58.3760252534949,101,Strong Buy,0.408262278238964
BAJEL.NS,1,0.7041224095185449,2025-09-01,121,2.643809523809524,13.0,,-3.2283283043133095,-16.360125700309567,20.001810957645315,67.5000015634019,102,Strong Buy,0.40824481903708976
SATIN.NS,1,0.7040714613248444,2025-09-01,121,3.1268426465546795,,,-5.842283597620476,-0.943988375858458,20.009954413873114,61.20601211808926,103,Strong Buy,0.4081429226496889
HESTERBIO.NS,1,0.7032829335151694,2025-09-01,121,0.5603448275862069,11.0,,-2.8364961461178058,-16.656250347802445,14.946098007946057,52.37001103112045,104,Strong Buy,0.4065658670303387
DALBHARAT.NS,1,0.7032387467592315,2025-09-01,121,0.023276748971193417,3.0,,6.046574920547075,-4.234429832646047,22.822535146450125,70.8996852247919,105,Strong Buy,0.40647749351846296
ETERNAL.NS,1,0.7031408170063634,2025-09-01,121,0.05675600223338917,7.0,,-7.777781826544361,-14.406654588651518,24.523005298173047,44.24777566075265,106,Strong Buy,0.4062816340127269
CHOLAHLDNG.NS,1,0.7029233916869937,2025-09-01,121,0.0014738393515106854,6.0,,-4.327405084358257,-6.4213091043543935,27.210907280319596,36.07681755829904,107,Strong Buy,0.4058467833739874
LT.NS,1,0.7028393164137948,2025-09-01,121,1.6954876702245123,19.0,,1.3149733283711698,11.257933838510121,11.452070594129442,64.65391550723882,108,Strong Buy,0.40567863282758965
EMIL.NS,1,0.7019943124887623,2025-09-01,121,1.361592806679512,10.0,,-12.849538507687368,-27.794493464150015,20.071030771170204,22.22228221577052,109,Strong Buy,0.40398862497752464
KIMS.NS,1,0.7016035817320438,2025-09-01,121,0.603056768558952,16.0,,-13.125403441475033,-13.075775995971844,21.266848075511273,25.94564610591236,110,Strong Buy,0.4032071634640877
BFINVEST.NS,1,0.701565557395923,2025-09-01,121,0.041790062520565975,4.0,,-5.794949227597294,-9.736060207630498,20.737738896580073,57.00599021245335,111,Strong Buy,0.40313111479184593
ALBERTDAVD.NS,1,0.7015564623914771,2025-09-01,121,0.35279187817258884,6.0,,-6.859708120975334,-5.144551263283527,18.493290429055445,23.89882688895571,112,Strong Buy,0.40311292478295413
TCIEXP.NS,1,0.7014013735109295,2025-09-01,121,0.1891891891891892,16.0,,-1.168594009765205,-21.445158480485507,18.004693489665215,61.092978658579085,113,Strong Buy,0.4028027470218589
AWL.NS,1,0.7012857150513659,2025-09-01,121,1.4389052802930105,21.0,,-7.0505287053799215,-9.271644378896374,20.549018610316026,34.138518203641965,114,Strong Buy,0.4025714301027319
PALASHSECU.NS,1,0.7006504067204519,2025-09-01,121,0.012654958677686002,17.95,,-7.37534356877752,-10.617324518985185,23.610033087845185,43.2447156198086,115,Strong Buy,0.40130081344090374
NUCLEUS.NS,1,0.7006007914147881,2025-09-01,121,0.4531059683313033,23.0,,-0.8233993050853197,-8.478303015198925,13.839716634156588,50.73974460935238,116,Strong Buy,0.4012015828295763
ABB.NS,1,0.7002804473993457,2025-09-01,121,0.7792604948568251,39.0,,-0.3757587436169188,-0.2565895315465327,17.27298503501077,51.64835164835165,117,Strong Buy,0.4005608947986914
INSPIRISYS.NS,1,0.7001833880472828,2025-09-01,121,0.9865771812080537,18.0,,-5.1503539069366795,-7.363049304308368,30.406595855098733,53.0482115733323,118,Strong Buy,0.4003667760945655
WABAG.NS,1,0.6982097745676197,2025-09-01,121,1.368088467614534,23.0,,-5.892120308140051,-8.961995595543428,26.453797895432906,67.9587105321263,119,Buy,0.39641954913523936
TATACHEM.NS,1,0.6981812642073869,2025-09-01,121,0.21263940520446098,4.0,,-3.07039761646042,-16.565854942204687,16.25034450559955,55.74572127139364,120,Buy,0.3963625284147738
EXCELINDUS.NS,1,0.6981188050336017,2025-09-01,121,0.30072756669361356,9.0,,-1.3635604402892552,-17.493366541639034,18.08504180577133,60.056777348218226,121,Buy,0.39623761006720337
BOROSCI.NS,1,0.6977610321168696,2025-09-01,121,0.1697674418604651,12.0,,-7.107429464174311,-9.64945044200452,30.527247205854845,44.9754014949972,122,Buy,0.39552206423373915
JTLIND.NS,1,0.6977287523828556,2025-09-01,121,0.2056,13.0,,-8.842804918732229,-13.02007161242497,35.78743342715224,48.53737677152875,123,Buy,0.3954575047657112
ATAM.NS,1,0.6966861407735481,2025-09-01,121,0.5217853347502657,20.27,,-0.9806262471783239,-9.42900381736788,21.86369932835905,57.1549560002119,124,Buy,0.39337228154709614
BEML.NS,1,0.6965715524950964,2025-09-01,121,1.1271613832853027,16.0,,3.7311781602935024,-13.86760181071191,33.87477409289018,71.74694209953893,125,Buy,0.3931431049901928
ULTRACEMCO.NS,1,0.6963858826606201,2025-09-01,121,0.7534203980099502,12.0,,1.0114863706497514,-2.5713104588673006,13.947670280936887,64.74480151228734,126,Buy,0.39277176532124014
SANOFI.NS,1,0.6961310607908578,2025-09-01,121,0.5843989769820972,49.0,,-6.274075072685697,-11.74539684802334,15.009922775808915,27.56283633079265,127,Buy,0.3922621215817157
INDOAMIN.NS,1,0.6953911956845618,2025-09-01,121,1.3025210084033614,19.0,,5.951002808189025,-7.099103498029279,27.676939100915742,72.941657381132,128,Buy,0.3907823913691235
SHREECEM.NS,1,0.6950513784288973,2025-09-01,121,0.3323148485954031,7.0,,0.6057164489873178,-10.373935087763906,14.640744583043292,60.98726114649681,129,Buy,0.3901027568577946
MANORAMA.NS,1,0.6947925221901328,2025-09-01,121,0.8038528896672504,23.0,,-0.6399834308496867,-4.22494982035323,26.02985618214504,44.58974680907733,130,Buy,0.38958504438026553
PVRINOX.NS,1,0.694631433326596,2025-09-01,121,1.249473536431279,2.0,,-7.406057132334169,-7.784540858071448,27.856992409233705,39.58723928698721,131,Buy,0.3892628666531921
ALKALI.NS,1,0.6939306731023733,2025-09-01,121,0.9902264600715135,-4.87,,-1.947427010952675,-12.167470032251078,22.306254828946244,61.924106143677605,132,Buy,0.38786134620474666
SYNGENE.NS,1,0.6937729766804163,2025-09-01,121,0.3212121212121212,13.0,,0.8598633028127612,4.519551339402518,17.541594530205217,61.86304294606558,133,Buy,0.38754595336083253
DEN.NS,1,0.6935348030645925,2025-09-01,121,0.1521681997371879,3.0,,-2.351834475868481,-8.411766501034007,25.181332679588504,54.646842520991484,134,Buy,0.38706960612918495
POWERGRID.NS,1,0.6931391010971828,2025-09-01,121,1.7358701280242037,13.0,,-1.0656219754850693,-4.132828198952831,14.108435574048825,49.671082021191694,135,Buy,0.3862782021943656
AFCONS.NS,1,0.6927614200074897,2025-09-01,121,2.540940413457641,23.0,,-6.692391271788532,-14.836010501325294,25.101392116552212,34.62415433683046,136,Buy,0.3855228400149795
HOMEFIRST.NS,1,0.6926239418971107,2025-09-01,121,2.4398505603985057,,,-0.6221282630916313,-9.358556647049754,23.59270385055995,19.4684336436534,137,Buy,0.3852478837942215
PROTEAN.NS,1,0.6925979786488151,2025-09-01,121,0.2847424684159378,12.0,,-4.754099900003941,-15.29187830289071,23.761268730687377,42.40710493374622,138,Buy,0.38519595729763023
TVSHLTD.NS,1,0.6924454261508248,2025-09-01,121,0.6367521367521367,21.0,,-8.681245858184228,7.162298779065246,27.733171343393288,29.884105960264904,139,Buy,0.38489085230164966
BANSWRAS.NS,1,0.6923398387956109,2025-09-01,121,1.25,7.0,,-6.552457846915051,-9.39935649542981,24.70838297002972,52.29108100938354,140,Buy,0.3846796775912218
ALKYLAMINE.NS,1,0.69211182779686,2025-09-01,121,0.22453222453222454,19.0,,-4.4022521007887265,-17.514213148013567,17.647870678194245,44.15800626847869,141,Buy,0.38422365559371996
EMBDL.NS,1,0.6913778756278153,2025-09-01,121,0.4326190897821852,4.0,,-23.131204554026873,-36.5822105716181,44.1595128474768,29.944864341620246,142,Buy,0.38275575125563055
PPLPHARMA.NS,1,0.6904266398032204,2025-09-01,121,0.40178225493994574,12.0,,-7.049169999147577,-13.479696280785033,21.778492148248795,50.70709374861926,143,Buy,0.3808532796064408
RACE.NS,1,0.6903192537547784,2025-09-01,121,1.2285714285714286,9.0,,-11.38644579137884,-37.00102771048005,35.43100948790325,41.287715880001706,144,Buy,0.38063850750955686
GUJGASLTD.NS,1,0.6898952518669614,2025-09-01,121,0.5391896571626458,20.0,,2.2194698591522006,-4.039105128388389,23.515664593519293,65.74714783283001,145,Buy,0.37979050373392287
MAHSEAMLES.NS,1,0.6898799227178647,2025-09-01,121,0.11548516069506382,17.0,,-2.016067086039644,-5.369190149304624,22.35146924189839,57.611649318653726,146,Buy,0.3797598454357294
ENDURANCE.NS,1,0.6895406882942078,2025-09-01,121,0.28258007898200965,22.0,,-2.660955768309836,-7.9179473647205265,20.75471928477071,53.5546077801999,147,Buy,0.37908137658841556
CONSOFINVT.NS,1,0.689496386233293,2025-09-01,121,0.0953757225433526,8.0,,1.610951877888284,-8.963648398758599,25.106998466899398,65.42394827219923,148,Buy,0.378992772466586
SYRMA.NS,1,0.6891722957585955,2025-09-01,121,0.7973457675753228,6.0,,-7.7972707157604795,-8.823523607269689,33.86890351089141,50.0,149,Buy,0.378344591517191
HECPROJECT.NS,1,0.6890769216517183,2025-09-01,121,1.2456140350877194,19.0,,-1.7152498374806262,-17.051784995219833,28.328870261971378,34.67112806153867,150,Buy,0.3781538433034366
MOLDTECH.NS,1,0.6890468857240932,2025-09-01,121,0.16535433070866143,11.0,,-10.288016873022578,-17.372769066598522,34.99593763785482,34.48563368011244,151,Buy,0.37809377144818646
LICHSGFIN.NS,1,0.6890241186347128,2025-09-01,121,7.304070584560929,,,-2.015806070816961,-4.504426939297566,16.317243949220973,63.979254476054074,152,Buy,0.3780482372694256
JASH.NS,1,0.6888129651497161,2025-09-01,121,0.4975609756097561,22.0,,-4.855099910420611,-6.343797294937467,20.023930255437307,52.393458632172134,153,Buy,0.37762593029943226
KRYSTAL.NS,1,0.6886071112648302,2025-09-01,121,0.6637362637362637,17.0,,-5.035832495562865,-14.820304483538518,24.93085887202397,42.263306790935275,154,Buy,0.3772142225296604
ANUHPHR.NS,1,0.6873150917476959,2025-09-01,121,0.5565749235474006,17.0,,0.6877521745252831,-2.788850823280089,26.638751722064534,54.222208658854164,155,Buy,0.3746301834953918
KIRLOSIND.NS,1,0.6872357952914994,2025-09-01,121,0.11231178033658104,2.0,,-8.04527549858454,-18.552233215582657,21.64139055620208,38.363391090538016,156,Buy,0.3744715905829987
INDIGO.NS,1,0.6871148856818912,2025-09-01,121,14.068523742360131,17.0,,-11.19789381307591,-9.74848376739208,32.34827052987243,71.5695067264574,157,Buy,0.3742297713637823
TIIL.NS,1,0.6870582989796066,2025-09-01,121,0.4330446369087275,19.0,,-3.761487497328489,2.0856948537746542,25.772790563643444,57.94744818763674,158,Buy,0.37411659795921315
MAXHEALTH.NS,1,0.6870511612827672,2025-09-01,121,0.22142436727486756,13.0,,-6.478749388282997,-6.117497176877171,22.847442000098194,37.030288233901516,159,Buy,0.37410232256553444
BRIGADE.NS,1,0.68685465147138,2025-09-01,121,1.4944858903665261,9.0,,-0.5450329515089268,-1.1614947655231675,24.39828952616333,56.38497238227652,160,Buy,0.37370930294276006
NUVOCO.NS,1,0.686834616167257,2025-09-01,121,0.9229776247848537,3.0,,-0.21026071610132008,-15.801298117792726,28.488569931503477,66.58695744228301,161,Buy,0.3736692323345141
CERA.NS,1,0.6867284903115417,2025-09-01,121,0.32408759124087594,22.0,,-4.826395200872568,-15.042596348884382,20.964189771731455,43.27354260089686,162,Buy,0.3734569806230834
BASF.NS,1,0.6863620645711487,2025-09-01,121,0.9664394336654432,18.0,,-3.8478390595812,-9.979532609236411,19.964138714704152,46.304930179538324,163,Buy,0.37272412914229736
RUSTOMJEE.NS,1,0.6863544901186647,2025-09-01,121,0.5432242990654206,6.0,,-1.3578050068831011,-10.834602789472939,21.851928338701857,42.12810908676416,164,Buy,0.37270898023732935
VADILALIND.NS,1,0.6863453788024584,2025-09-01,121,0.40293040293040294,29.0,,-8.434629303145588,-8.196111266164294,25.274013587951778,21.63865546218487,165,Buy,0.37269075760491677
HGS.NS,1,0.6862924545929663,2025-09-01,121,0.619316046599023,-3.0,,-5.606185327215329,-10.320177078152714,24.86673022968435,49.010663044811174,166,Buy,0.37258490918593257
INDIAMART.NS,1,0.6861230891273628,2025-09-01,121,0.8233719892952721,38.0,,-4.410820401049318,-7.3116807488458555,19.801195690374424,47.81988262592318,167,Buy,0.3722461782547255
SUBEXLTD.NS,1,0.6860924183766657,2025-09-01,121,0.893491124260355,-23.0,,-5.434779401814963,-5.3556435135022324,25.13074218584656,25.40990334293521,168,Buy,0.37218483675333136
POWERINDIA.NS,1,0.6856632965187149,2025-09-01,121,1.130045821514292,19.0,,-19.53416831465612,0.9705525532149553,40.682964304254824,35.209003215434095,169,Buy,0.3713265930374299
MANGCHEFER.NS,1,0.685644846753985,2025-06-01,213,1.1906103286384977,15.0,,,,,,170,Buy,0.3712896935079699
SINDHUTRAD.NS,1,0.6853295476310106,2025-09-01,121,0.5651237890204521,6.0,,-16.29189733689782,-27.087952950374465,30.391300893919105,14.186056930349409,171,Buy,0.37065909526202123
SCHNEIDER.NS,1,0.685229682197207,2025-09-01,121,2.1382978723404253,41.0,,-3.8313139983077096,-12.687962587613406,34.52953642099325,54.48886268653015,172,Buy,0.37045936439441407
GREENPOWER.NS,1,0.6848548297403995,2025-09-01,121,0.051032662934082235,0.74,,-8.78165015982721,-12.518972185126847,21.980107170202356,41.279065576742774,173,Buy,0.3697096594807989
BOHRAIND.NS,1,0.6840935935630381,2025-09-01,121,0.08313444709626089,-7.01,,-23.0023077597375,-27.07786688008501,61.11525149574304,31.56028860477818,174,Buy,0.36818718712607623
BLUECHIP.NS,1,0.6839147780810025,2025-09-01,121,-8.432835820895523,-17.91,,-7.4850301324686495,-23.703709416155903,12.68734458589195,0.0,175,Buy,0.3678295561620051
KSCL.NS,1,0.6836513607144603,2025-09-01,121,0.4153066966797974,19.0,,-1.0288582183186952,-5.691431293543201,41.50825993857161,53.95612387328633,176,Buy,0.3673027214289206
GENUSPOWER.NS,1,0.6836336496459676,2025-09-01,121,1.8970117395944504,19.0,,-3.565145930130895,-2.331600380204764,23.23135757090965,53.04054843556474,177,Buy,0.36726729929193525
BALAXI.NS,1,0.6834160915256495,2025-09-01,121,0.446272180336608,5.06,,-24.41631106641018,-39.6586535463236,43.75980848967002,16.68473102565538,178,Buy,0.36683218305129905
ZEEL.NS,1,0.6833832267392186,2025-09-01,121,0.17925772418990205,10.0,,-8.063361791196295,-21.232816911296947,21.82346817347863,26.880352815449214,179,Buy,0.36676645347843717
KDDL.NS,1,0.6833449290065697,2025-09-01,121,0.6638176638176638,15.0,,-0.5959484295152566,-6.168161017298322,21.984925672312162,78.80234654747696,180,Buy,0.36668985801313947
CASTROLIND.NS,1,0.6829762788595732,2025-09-01,121,0.7987905442550852,55.0,,0.548304465669876,-4.218273779551143,16.909897703130504,69.7231388129296,181,Buy,0.3659525577191465
KIRLPNU.NS,1,0.6827281577184595,2025-09-01,121,0.4421052631578947,28.0,,-0.5162864684039236,-11.932854634588907,29.504233312031403,56.59205556926231,182,Buy,0.36545631543691903
BAJFINANCE.NS,1,0.6821551727778019,2025-09-01,121,3.2397719723109235,,,-3.773770083572038,-0.09112325634697334,19.284415789156245,35.797062348794114,183,Buy,0.3643103455556038
PARKHOTELS.NS,1,0.6818571657753884,2025-09-01,121,0.46206896551724136,12.0,,-1.960061990436724,-7.0517251996010835,18.623763642320064,62.864223801769725,184,Buy,0.3637143315507767
WONDERLA.NS,1,0.68178554485379,2025-09-01,121,0.07722884724588303,8.0,,-7.372131885885142,-9.65077873112181,31.10089104547192,42.435255379625545,185,Buy,0.3635710897075799
TNPL.NS,1,0.6815184849765181,2025-09-01,121,1.9560173997100048,6.0,,-0.034805594393706944,-9.28792351767188,20.401192916568498,58.19089797581851,186,Buy,0.36303696995303625
AGARIND.NS,1,0.6814193464417058,2025-09-01,121,0.684863523573201,16.0,,-6.8534368343444205,-23.630120608059904,32.44741954519782,49.77153650415991,187,Buy,0.36283869288341153
NDGL.NS,1,0.6810464975639934,2025-09-01,121,0.05642633228840126,11.0,,-14.998517329418966,-25.53114156359706,26.007491487457262,37.31105961992774,188,Buy,0.36209299512798676
TTKHLTCARE.NS,1,0.6808656843823709,2025-09-01,121,0.19447004608294932,9.0,,-5.512095164654461,-8.548285368338213,17.90558483671142,30.099885417355964,189,Buy,0.3617313687647419
TIL.NS,1,0.680373966613667,2025-09-01,121,5.726190476190476,11.0,,-4.674042651038691,-14.49960598896769,31.247276971657335,54.714633621799436,190,Buy,0.360747933227334
SAMHI.NS,1,0.680129520621798,2025-09-01,121,0.08044058744993324,1.0,,-2.4172886482585194,-9.119374809758042,33.23685653946802,60.779309398267074,191,Buy,0.360259041243596
SYNCOMF.NS,1,0.6801046263144148,2025-09-01,121,0.19946808510638298,19.0,,-8.413612662933147,-11.648074546845146,18.68630908675565,33.64055988126981,192,Buy,0.36020925262882963
CHEVIOT.NS,1,0.6800990567588515,2025-09-01,121,0.09312320916905444,10.0,,0.8308462303723988,-4.33973970945946,24.170417585125172,59.32911703387257,193,Buy,0.36019811351770303
UNIMECH.NS,1,0.6798864747000091,2025-09-01,121,0.053703703703703705,8.0,,-7.558406051337505,-11.404880430640244,29.047028740643828,38.90845070422535,194,Buy,0.35977294940001814
POLYPLEX.NS,1,0.6797141105396535,2025-09-01,121,0.3812754409769335,14.0,,1.004293988792337,-19.38785301776627,23.702405559966095,59.623641570462624,195,Buy,0.35942822107930694
PNBGILTS.NS,1,0.679469580919012,2025-09-01,121,15.64190012180268,7.0,,-4.027006411926398,-15.769229366095635,25.421848287960536,57.342081364702906,196,Buy,0.358939161838024
INDORAMA.NS,1,0.679334735944991,2025-09-01,121,4.334645669291339,11.0,,-3.0925763569290226,-18.204784740388913,29.791947033272653,60.51436657563718,197,Buy,0.3586694718899821
KHANDSE.NS,1,0.6792577616355414,2025-09-01,121,0.4889867841409692,-14.22,,-5.8634937751671945,-10.340317763282556,22.33810285815048,34.049057500155044,198,Buy,0.3585155232710828
SHILPAMED.NS,1,0.6791302109720107,2025-09-01,121,0.11044998140572704,6.0,,-5.488521061350752,-17.521670909410112,23.54140592486683,43.85284912497555,199,Buy,0.3582604219440213
FINPIPE.NS,1,0.678507549832503,2025-09-01,121,0.14145077720207253,9.0,,-0.46334102702591357,-12.733199682458011,17.905138473765415,78.00268722690733,200,Buy,0.3570150996650061
SHRIRAMPPS.NS,1,0.6783908219251061,2025-09-01,121,0.589058524173028,-1.0,,-3.856161540587249,-6.0552523281034185,21.457285327612915,57.69643603597388,201,Buy,0.35678164385021227
ABINFRA.NS,1,0.678149921249082,2025-09-01,121,0.8089171974522293,18.0,,-4.525863021328701,-5.2203673339802705,34.90793220860843,23.762363149254185,202,Buy,0.35629984249816404
SUZLON.NS,1,0.6777697870312557,2025-09-01,121,1.0198412698412698,36.0,,-1.4039685992276916,-4.548753393165594,22.68721249694849,54.779951468225114,203,Buy,0.35553957406251135
DLINKINDIA.NS,1,0.6772271446687801,2025-09-01,121,0.6541019955654102,29.0,,-5.784750626226177,-12.364419446931077,29.174145442015163,47.037490105778225,204,Buy,0.3544542893375602
PRABHA.NS,1,0.676988704823629,2025-09-01,121,0.5054519467945318,-0.4,,-3.94595270096945,-13.453080087770712,29.78023354394225,52.47311898526016,205,Buy,0.3539774096472581
STYLEBAAZA.NS,1,0.6769819425337591,2025-09-01,121,2.8205689277899344,9.0,,-4.633335083978893,-27.406524643530656,40.42470444688468,43.96782973431441,206,Buy,0.3539638850675182
WSTCSTPAPR.NS,1,0.6768811522761834,2025-09-01,121,0.2667390517553384,14.0,,-2.4370017607267322,-14.865283182140008,23.096237974021008,55.7488641332024,207,Buy,0.3537623045523668
HINDCOMPOS.NS,1,0.6762972913887482,2025-09-01,121,0.10623353819139596,5.0,,-1.1570668276557146,-5.00935820890608,21.67591353136945,63.94146298417761,208,Buy,0.35259458277749633
RUPA.NS,1,0.6761660046416543,2025-09-01,121,0.4925521350546177,11.0,,-6.96416155495472,-22.124278506864968,25.216115310973386,43.441591512146594,209,Buy,0.35233200928330866
BODALCHEM.NS,1,0.6760298820342185,2025-09-01,121,1.016295025728988,5.0,,0.8654733231732482,-13.308537389924178,22.934837412590976,59.9443764742834,210,Buy,0.3520597640684371
DEVIT.NS,1,0.6756193817657696,2025-09-01,121,0.5503875968992248,26.0,,-19.706028818356163,-20.537479164238984,58.862582024214404,35.446375997352874,211,Buy,0.35123876353153927
UFLEX.NS,1,0.6754501851368249,2025-09-01,121,1.6102207438766254,9.0,,3.9569038953629594,-7.125671084551712,15.959816406842403,79.70762965373191,212,Buy,0.35090037027364973
LINDEINDIA.NS,1,0.6752280722730775,2025-09-01,121,0.35003796507213364,17.0,,1.2065596057439034,-4.643343207109119,27.74612663966313,55.40298507462687,213,Buy,0.3504561445461549
HEIDELBERG.NS,1,0.674838757020045,2025-09-01,121,0.8603053435114504,11.0,,-3.5114845305934015,-14.004530333093912,16.71084298201132,56.719601816903655,214,Buy,0.34967751404009006
ATULAUTO.NS,1,0.6746465571702772,2025-09-01,121,0.25,11.0,,-5.123503532613025,-7.371525042090219,21.40990248781735,55.52533898276974,215,Buy,0.34929311434055443
DEEPAKFERT.NS,1,0.6745244865882416,2025-09-01,121,0.30303030303030304,15.0,,-2.54410364414141,-16.805636617086073,32.92486583273831,60.91954022988505,216,Buy,0.3490489731764832
TIRUMALCHM.NS,1,0.6744494057613887,2025-09-01,121,0.7514831905075807,11.0,,0.7513316998232391,-15.995734382484791,26.907500596504814,59.110848293482995,217,Buy,0.34889881152277735
AKSHARCHEM.NS,1,0.6744056408401345,2025-09-01,121,0.6297709923664122,3.0,,-8.330161432071922,-8.347598854549249,35.261648115990184,47.37442592293895,218,Buy,0.3488112816802691
SHREDIGCEM.NS,1,0.6735978972903884,2025-09-01,121,0.8547945205479452,9.0,,0.9544956991298679,1.7677353766021369,6.068087936997728,58.31530345399209,219,Buy,0.3471957945807769
KCP.NS,1,0.67343292136979,2025-09-01,121,1.0422721268163804,4.0,,0.18353827889518562,-7.369125442919568,23.22528646252853,50.63939167870479,220,Buy,0.3468658427395801
GNA.NS,1,0.6732735871909221,2025-09-01,121,0.535031847133758,14.0,,-6.330504137370717,-4.83561905099582,27.60686577933726,39.726027397260275,221,Buy,0.34654717438184424
ACL.NS,1,0.6731161194916719,2025-09-01,121,16.486842105263158,-11.0,,-9.00137068181218,-20.856639824149042,33.65017630350389,39.41682907969793,222,Buy,0.3462322389833439
RAJRILTD.NS,1,0.673022365986967,2025-09-01,121,3.2992700729927007,7.0,,0.7252939768159433,-20.78431401881564,24.22214188506016,56.57276921733719,223,Buy,0.34604473197393393
LALPATHLAB.NS,1,0.6722056035640641,2025-09-01,121,0.21913712088850917,31.0,,-2.588700684235381,-6.210955366519063,19.548011733799502,62.205901439779446,224,Buy,0.3444112071281282
JAGSNPHARM.NS,1,0.672142858777409,2025-09-01,121,0.18181818181818182,23.0,,-11.512839513667542,-12.158527451380051,32.46829386661294,37.064149212772485,225,Buy,0.34428571755481796
GLAND.NS,1,0.6720116958156576,2025-09-01,121,0.07711442786069651,16.0,,-0.3126099535568896,-13.536853730208549,22.11868356011112,53.10245860971384,226,Buy,0.3440233916313151
MANCREDIT.NS,1,0.6719704828400104,2025-09-01,121,1.8481012658227849,12.0,,-2.784386025147837,-8.275414493118179,26.45664960039216,49.60136794738079,227,Buy,0.34394096568002075
THERMAX.NS,1,0.6719285557155743,2025-09-01,121,0.8084687346134909,17.0,,3.6379255153865935,-4.658863479703477,19.52508496042148,86.89211819842467,228,Buy,0.3438571114311486
ARIHANTCAP.NS,1,0.6718169617766069,2025-09-01,121,1.3994708994708995,22.0,,-9.409635065760291,-20.93555305125795,22.227092110167447,31.167794358961956,229,Buy,0.34363392355321376
NELCO.NS,1,0.6717244459314359,2025-09-01,121,0.5887096774193549,3.0,,-13.811439159041718,-13.376479385895678,26.032234248526482,37.194507448047574,230,Buy,0.34344889186287175
VIVIDHA.NS,1,0.6716218430348926,2025-09-01,121,26.217391304347775,-14.42,,-13.698633045075482,-22.222223039844234,24.907060155699988,0.0,231,Buy,0.34324368606978517
TICL.NS,1,0.6715365800010246,2025-09-01,121,0.2754880694143167,21.0,,-21.15450352525945,-8.148739388204362,37.91828276005288,38.75861332334321,232,Buy,0.3430731600020491
EMUDHRA.NS,1,0.6712975128276712,2025-09-01,121,0.10669077757685352,5.0,,-6.394054061467369,-15.307574937657828,21.604255962624215,27.666487948460926,233,Buy,0.3425950256553425
IKIO.NS,1,0.6712557071613906,2025-09-01,121,0.04722792607802875,7.0,,-3.3194969551011866,-13.539482335047733,25.934173792696736,56.45628784046758,234,Buy,0.3425114143227812
NATCAPSUQ.NS,1,0.6711251322608269,2025-09-01,121,0.6627906976744186,7.0,,-8.226450951531582,-40.05705254383686,37.00166603743459,14.333031191412587,235,Buy,0.34225026452165386
SSWL.NS,1,0.6711131782451083,2025-09-01,121,1.0770642201834861,17.0,,-0.47783379296027556,-13.99902294427903,21.129607350131725,64.48226179269258,236,Buy,0.3422263564902166
SAHYADRI.NS,1,0.6708506468625497,2025-09-01,121,0.27692307692307694,7.0,,0.35349327372696693,-2.4623065113406084,26.35623359758493,65.57576497395833,237,Buy,0.3417012937250994
DYNPRO.NS,1,0.6703095770051677,2025-09-01,121,0.7801724137931034,10.0,,-1.3308295381326147,-23.14206371004265,35.7537083585446,49.703661440172326,238,Buy,0.3406191540103354
IPL.NS,1,0.6696560514417998,2025-09-01,121,0.3146417445482866,13.0,,-0.3975126363219128,-17.741932907788936,24.138966405995497,57.10658436353444,239,Buy,0.3393121028835997
TOKYOPLAST.NS,1,0.6694863416836059,2025-09-01,121,1.0201987816607885,4.54,,-8.285499675841171,-10.029378834426014,37.290291684446586,43.85664551441123,240,Buy,0.33897268336721176
ACE.NS,1,0.6694334946441738,2025-09-01,121,0.6768018018018018,40.0,,-3.4966091407448476,-11.494947080989022,31.757324520472135,54.17147426984857,241,Buy,0.3388669892883476
CHEMCON.NS,1,0.6690751786601483,2025-09-01,121,0.0682261208576998,7.0,,-7.538077772720421,-21.360346994830856,26.30654548535929,58.28728300343895,242,Buy,0.33815035732029664
SEMAC.NS,1,0.6689389436630511,2025-09-01,121,2.15625,-2.0,,-6.539386530627637,-36.30122825747631,40.9148995529562,65.63774268760133,243,Buy,0.33787788732610213
SILINV.NS,1,0.6689222686000122,2025-09-01,121,0.08923076923076922,2.0,,-5.585323890982151,-14.068446550903356,24.76372425102669,48.77503933068954,244,Buy,0.3378445372000245
PRINCEPIPE.NS,1,0.6688076039420034,2025-09-01,121,0.3978629792583281,4.0,,-4.724557431108044,-18.31404944477483,27.465790443941835,64.91225685821482,245,Buy,0.3376152078840069
PVSL.NS,1,0.6687439007868855,2025-09-01,121,2.251732101616628,1.0,,-15.699452340644005,-23.916415164942002,33.57907735071567,27.93010557999186,246,Buy,0.337487801573771
VGUARD.NS,1,0.6685582393069849,2025-09-01,121,0.44696239151398265,17.0,,-3.7982143256729843,-12.649800266311583,15.72893661474046,42.04149344292936,247,Buy,0.33711647861396976
INDOTECH.NS,1,0.6685014797515816,2025-09-01,121,0.5692307692307692,38.0,,-6.98187330044451,-5.322252132748609,25.448349234506118,45.61329173514061,248,Buy,0.33700295950316317
EXPLEOSOL.NS,1,0.6683987826894693,2025-09-01,121,0.27732463295269166,20.0,,-10.77745050029601,-1.304264164428483,35.02184500544645,42.8987820164589,249,Buy,0.33679756537893857
CDSL.NS,1,0.6683907914134608,2025-09-01,121,0.40170333569907735,47.0,,-9.327303704363656,-2.1619806448026093,21.942330174987248,29.062978402770455,250,Buy,0.3367815828269216
REMSONSIND.NS,1,0.668202664627091,2025-09-01,121,1.188034188034188,11.0,,-1.3470490513525546,-3.2414220650403065,31.002459099424755,48.58213293187511,251,Buy,0.336405329254182
BIRLACORPN.NS,1,0.6680368334473209,2025-09-01,121,0.47297065385275444,4.0,,-4.806655345405897,-12.346496563056311,24.931731782479734,60.05817723939768,252,Buy,0.3360736668946418
INTLCONV.NS,1,0.6680233601294941,2025-09-01,121,0.4473007712082262,27.0,,1.7592258914820622,-10.388823323512819,24.844548883038726,43.96955744116696,253,Buy,0.3360467202589883
ACCURACY.NS,1,0.667613600744533,2025-09-01,121,1.4793388429752066,8.0,,-3.187920402757783,-18.156030853595304,30.761622830973177,60.396039136518915,254,Buy,0.33522720148906604
SHAILY.NS,1,0.6676021171310214,2025-09-01,121,0.7216312056737588,17.0,,-12.682907517638242,2.879499950967528,31.13765366000535,21.284592428832212,255,Buy,0.3352042342620427
COFORGE.NS,1,0.6675998715979176,2025-09-01,121,0.3058745215510068,14.0,,-13.109358964080434,4.115940894795279,29.58743272141367,23.65622603702991,256,Buy,0.3351997431958351
GOPAL.NS,1,0.6673791707895542,2025-09-01,121,0.30484988452655887,16.0,,-5.287009063444108,-9.741670662911572,16.164802553453274,48.61111346585852,257,Buy,0.33475834157910844
ASHOKAMET.NS,1,0.6673739435859752,2025-09-01,121,0.446196896464004,0.05,,-1.8820529796609504,-8.857806046650902,27.258677256905244,51.94174622442092,258,Buy,0.3347478871719505
HERANBA.NS,1,0.6671207087469642,2025-09-01,121,1.0655737704918034,9.0,,-1.3758711657994767,-17.277139001922624,25.542963946174623,58.88984879380183,259,Buy,0.33424141749392833
TIINDIA.NS,1,0.667104064231155,2025-09-01,121,0.26351962380177246,32.0,,-6.565871326252168,-15.584327223339677,24.383657334795828,47.68148899236405,260,Buy,0.33420812846230996
GRINFRA.NS,1,0.666822725384897,2025-09-01,121,0.18924496236950716,13.0,,-6.198923827525315,-17.714422642701177,18.111629204455156,48.19364193714262,261,Buy,0.3336454507697939
IOC.NS,1,0.6667847287905997,2025-09-01,121,1.598071717996765,7.0,,5.680139303627174,14.603305168698913,17.504668761113518,72.1884896303104,262,Buy,0.3335694575811994
PIIND.NS,1,0.6663902991519686,2025-09-01,121,0.16974303293521534,25.0,,-4.0248977127482215,-9.650962223699317,15.151137553180261,34.36223990815088,263,Buy,0.33278059830393714
GRSE.NS,1,0.6659918671521221,2025-09-01,121,3.78397212543554,37.0,,-6.298873287791115,-7.368941747189224,39.932272527800386,54.35584533851884,264,Buy,0.3319837343042442
BDL.NS,1,0.6653513887071596,2025-09-01,121,2.0988854635997156,20.0,,-3.8549824261331778,-4.88390494509053,33.81666603911276,59.33216140062121,265,Buy,0.3307027774143192
RTNINDIA.NS,1,0.6650504698836817,2025-09-01,121,0.6201881950384944,11.0,,-3.9338888797132516,-21.375501737326015,22.888775950796454,55.81763316824942,266,Buy,0.3301009397673633
RUBYMILLS.NS,1,0.6647754037628594,2025-09-01,121,0.7262996941896025,6.0,,2.256896393146455,0.07271571850182319,24.542231967341646,65.96322827893991,267,Buy,0.32955080752571875
TATASTEEL.NS,1,0.6647267183826053,2025-09-01,121,0.9930501814466142,13.0,,7.331030600338498,7.50403422865958,23.092637638335788,74.65803649258564,268,Buy,0.32945343676521066
DHANBANK.NS,1,0.6646877620347376,2025-09-01,121,12.613540197461212,,,-6.8575792742646495,-1.709742790051421,15.517198947154379,37.79071766079641,269,Buy,0.3293755240694751
GREENPLY.NS,1,0.6644672655815914,2025-09-01,121,0.540162980209546,17.0,,-2.9645741236760683,-11.007961384336408,36.64052680658015,45.75017863973959,270,Buy,0.32893453116318283
SESHAPAPER.NS,1,0.6642927376411752,2025-09-01,121,0.24328512396694216,7.0,,-2.302562442740837,-6.477699241978444,22.96002726363652,42.77820152626112,271,Buy,0.3285854752823505
BALPHARMA.NS,1,0.6640118287430481,2025-09-01,121,2.65,10.0,,-2.771520840457541,-12.370023545623269,24.647805803102433,52.11267372792392,272,Buy,0.3280236574860962
SDBL.NS,1,0.6636653853639267,2025-09-01,121,0.43070652173913043,13.0,,-4.965105243717327,-13.660805155582336,26.642009399082234,49.643222946966794,273,Buy,0.32733077072785344
ABREL.NS,1,0.663644424673575,2025-09-01,121,1.7183318465655664,4.0,,-4.17119095842904,1.6138877832957859,28.377967017836838,52.75707898658719,274,Buy,0.32728884934714997
KRN.NS,1,0.6635046676093496,2025-09-01,121,0.2822429906542056,21.0,,-10.449876686373658,-12.369769612409666,28.262629088528502,32.2821615855558,275,Buy,0.3270093352186991
TCPLPACK.NS,1,0.6631638682576445,2025-09-01,121,1.4754829123328381,20.0,,-4.780740776673981,-8.025429840741914,23.980211213621423,49.27205094165704,276,Buy,0.326327736515289
JYOTHYLAB.NS,1,0.6630074861076883,2025-09-01,121,0.4756606397774687,37.0,,-4.299987115145036,-11.144297870744197,17.787862529313532,50.31844224255647,277,Buy,0.3260149722153767
GOCLCORP.NS,1,0.6628610920746059,2025-09-01,121,0.2228454869964304,9.0,,-3.967344945790816,-15.537048881936592,30.829219228604792,56.13497391962076,278,Buy,0.3257221841492117
GODREJPROP.NS,1,0.6628171883433814,2025-09-01,121,1.9210871923713813,6.0,,-4.447725076491074,-1.2805358396064412,25.830465494956485,43.84859835936952,279,Buy,0.32563437668676287
JSWENERGY.NS,1,0.6620848686285636,2025-09-01,121,0.7094957317609786,6.0,,-0.3511270703055294,-10.066175556196999,28.605097887272795,64.44054706355591,280,Buy,0.3241697372571273
JTEKTINDIA.NS,1,0.6617005291661653,2025-09-01,121,0.5562390158172232,11.0,,-6.863710849218278,-13.65251942146812,29.84946532048294,38.56211306395809,281,Buy,0.32340105833233057
VARDHACRLC.NS,1,0.6616085940476253,2025-09-01,121,0.47391304347826085,7.0,,5.130887553212279,-8.954887119209157,32.99943041655891,75.56903530997164,282,Buy,0.3232171880952506
LAMBODHARA.NS,1,0.6612904308742636,2025-09-01,121,0.5901639344262295,9.0,,-8.94498522243164,-10.250317575023416,23.559297501309423,40.37659597334289,283,Buy,0.3225808617485273
DONEAR.NS,1,0.6612335129285101,2025-09-01,121,2.1372549019607843,14.0,,-10.631136032527028,-1.5578647850727776,26.923546878788002,31.614667065562045,284,Buy,0.32246702585702014
MPSLTD.NS,1,0.6608088391812336,2025-09-01,121,0.1901840490797546,39.0,,-6.937766331802959,-5.430683441541104,24.29579313398427,49.113278572201715,285,Buy,0.32161767836246713
BAYERCROP.NS,1,0.6606755455815915,2025-09-01,121,0.661651728553137,25.0,,-1.0807718824250745,-3.324792715688569,15.937206132808758,66.19719591857788,286,Buy,0.32135109116318294
SAPPHIRE.NS,1,0.6605728480181492,2025-09-01,121,1.33869670152856,5.0,,4.237624262290781,-12.508509709638425,32.16134414106256,67.79224406943507,287,Buy,0.3211456960362984
DECCANCE.NS,1,0.6603287141011399,2025-09-01,121,1.2788203753351206,2.0,,0.7653702635433843,-32.750204140281646,37.687587128841585,44.71315583506117,288,Buy,0.3206574282022798
CARYSIL.NS,1,0.6602411456932362,2025-09-01,121,0.5954022988505747,13.0,,-11.978451301955802,6.67695402515783,32.28995041368636,40.87302055848974,289,Buy,0.32048229138647244
RUSHIL.NS,1,0.660049746645033,2025-09-01,121,0.9921383647798742,10.0,,-2.702706298166476,-22.499999006589228,17.37537859103196,35.17915410632942,290,Buy,0.32009949329006604
GARFIBRES.NS,1,0.659985414609566,2025-09-01,121,0.3992248062015504,23.0,,0.5622379069618879,-5.11996385667598,22.73464952076835,60.05237753393908,291,Buy,0.3199708292191319
CHEMFAB.NS,1,0.6599645975355337,2025-09-01,121,0.4648910411622276,6.0,,-17.991255710146426,-36.89320270568512,34.28241653739056,29.03226480064984,292,Buy,0.31992919507106743
SVLL.NS,1,0.6598955055631797,2025-09-01,121,5.54054054054054,17.0,,-2.767478518411198,-11.255779386892488,31.192648493889052,44.27859676771633,293,Buy,0.3197910111263593
TARACHAND.NS,1,0.6598953402229502,2025-09-01,121,2.360294117647059,17.0,,4.930435750459124,12.906972179547147,36.24443505825977,58.21095849294409,294,Buy,0.3197906804459003
ECOSMOBLTY.NS,1,0.6597146658528119,2025-09-01,121,0.5739130434782609,34.0,,-17.839427932945103,-18.06638085874111,31.78316146078209,19.7037181043074,295,Buy,0.3194293317056238
WEIZMANIND.NS,1,0.6597123102828165,2025-09-01,121,0.43283582089552236,16.0,,-9.284774160786426,-11.514037699530784,24.19587678872582,43.822951946294374,296,Buy,0.31942462056563303
AIROLAM.NS,1,0.6592226861695625,2025-09-01,121,1.9,8.0,,-0.9149258629128323,-6.904431209617321,25.985491103333196,47.04393470172576,297,Buy,0.31844537233912495
JSFB.NS,1,0.6591610515978071,2025-09-01,121,8.857009345794392,,,-6.228640890823976,-11.080911844585065,16.781467856295155,35.13216658555538,298,Buy,0.31832210319561427
PGHH.NS,1,0.659147311365599,2025-09-01,121,1.2910848549946294,104.0,,1.4389614452177992,-8.29975256274302,12.433051920192481,65.2926628194559,299,Buy,0.318294622731198
COLPAL.NS,1,0.6590726143224046,2025-09-01,121,1.008849557522124,105.0,,-3.8226300559039283,-5.696885869951019,16.430460626056828,29.476427677586514,300,Buy,0.3181452286448092
ARVIND.NS,1,0.6590473696917817,2025-09-01,121,1.3023569023569024,13.0,,-8.221167581560863,4.344242693533518,26.385753868221656,44.23759114687606,301,Buy,0.31809473938356336
PFC.NS,1,0.6589859219849885,2025-09-01,121,5.115652396821328,,,-1.3599761483477903,-12.677610370820041,19.48944123549262,63.71396765076215,302,Buy,0.317971843969977
RTNPOWER.NS,1,0.658745142306716,2025-09-01,121,1.1436394271272114,8.0,,-4.838714639304418,-18.126627935743358,24.73790903010265,45.859870676956625,303,Buy,0.317490284613432
MHLXMIRU.NS,1,0.6581042823878023,2025-09-01,121,0.4177215189873418,30.0,,-6.56065517536376,-6.05700466734104,28.24915165577091,28.283417808914535,304,Buy,0.31620856477560455
HONAUT.NS,1,0.6580725877324292,2025-09-01,121,0.3704057279236277,18.0,,-7.617572514784568,-9.114835849840699,24.22136035256049,18.965517241379317,305,Buy,0.3161451754648583
GODREJIND.NS,1,0.6579470582413125,2025-09-01,121,6.913239436619718,8.0,,-4.08572884598291,-15.665485024100311,24.337094738492233,45.796638131474296,306,Buy,0.315894116482625
JAYAGROGN.NS,1,0.6573231868866447,2025-09-01,121,0.2644135188866799,17.0,,0.2880419531398815,-11.422536792229,24.8941574842892,55.58343320786795,307,Buy,0.3146463737732894
KIRLOSBROS.NS,1,0.6572784006237102,2025-09-01,121,0.5937315198107629,21.0,,-4.467519954204984,-16.556978187514225,34.03792148236071,56.497164008673984,308,Buy,0.31455680124742047
TANLA.NS,1,0.6570950994961704,2025-09-01,121,1.2964426877470356,41.0,,-5.511107267567621,-23.133445704653887,32.612177126625795,38.932806324110665,309,Buy,0.3141901989923408
JISLDVREQS.NS,1,0.6570830735116887,2015-06-01,3866,,,,-3.2481013016962157,-15.535448835073213,26.84970289875351,67.53813242733584,310,Buy,0.3141661470233774
HTMEDIA.NS,1,0.6568915410408432,2025-09-01,121,1.8961937716262975,3.0,,-2.667775722194629,-13.582531510429499,34.50510092591433,63.92294577517199,311,Buy,0.3137830820816865
LUXIND.NS,1,0.6567317839586442,2025-09-01,121,0.645287228109314,13.0,,-4.944493972165883,-14.711516634103047,25.227359612288552,48.87963652387971,312,Buy,0.31346356791728835
GTLINFRA.NS,1,0.6567208702397026,2025-09-01,121,-1.6099890402379835,,,-12.121218141883071,-23.178809672341817,28.672586898277775,27.999986648553204,313,Buy,0.3134417404794052
DNAMEDIA.NS,1,0.6566873338233047,2025-09-01,121,-1.8051642239454349,7.94,,-5.623477968491908,-13.452917890566516,20.52055222723442,38.59648462367939,314,Buy,0.3133746676466094
DHANUKA.NS,1,0.6565815951826245,2025-09-01,121,0.3149708360337006,28.0,,-4.9544830082025975,-23.354770908614515,16.209481614552914,33.56373614058427,315,Buy,0.313163190365249
IWEL.NS,1,0.6560144269724446,2025-03-01,305,0.03233574131406949,0.0,,,,,,316,Buy,0.3120288539448892
LANDMARK.NS,1,0.6559748026001693,2025-09-01,121,0.6915077989601387,10.0,,-10.084750580040334,-21.06670700980787,21.10509848219485,28.494055355503264,317,Buy,0.31194960520033854
TNTELE.NS,1,0.6559403912684819,2025-09-01,121,-1.085561497326203,,,-1.7646995575231583,-10.535708674970842,27.44922316285061,48.54370190540474,318,Buy,0.31188078253696383
BHARATRAS.NS,1,0.6557729708951845,2025-09-01,121,0.22023809523809523,14.0,,-14.496502826482704,-9.685254528893838,37.689026496487315,34.61296412838263,319,Buy,0.311545941790369
VASCONEQ.NS,1,0.6555737518624197,2025-09-01,121,0.9468864468864469,8.0,,-9.474311372022278,-32.88381940948173,38.9636302174972,50.96661368102284,320,Buy,0.31114750372483946
DLF.NS,1,0.6554453408261964,2025-09-01,121,0.522885743872972,8.0,,-3.482166156683465,-4.831782357569352,19.495490066816078,45.05146667955347,321,Buy,0.31089068165239286
PONNIERODE.NS,1,0.6553865921551251,2025-09-01,121,0.09497206703910614,5.0,,-7.117682367269499,-8.360851139674814,25.777334676517093,15.60851003365002,322,Buy,0.31077318431025014
GANESHBE.NS,1,0.6553803000181622,2025-09-01,121,0.2743362831858407,16.0,,-4.070321484999139,-8.49651474217781,24.881155444839507,62.065741825254406,323,Buy,0.31076060003632433
MANALIPETC.NS,1,0.6553082840421706,2025-09-01,121,0.308994708994709,0.0,,-1.581829828770573,-3.2337576376181065,22.093032250278153,62.05996685639029,324,Buy,0.3106165680843411
INDHOTEL.NS,1,0.6552547872817355,2025-09-01,121,0.23751745810055866,17.0,,-1.3617265033385795,2.57531418955132,17.390165554656413,60.7884810488801,325,Buy,0.31050957456347095
SWARAJENG.NS,1,0.6551258019873587,2025-09-01,121,0.7117346938775511,56.0,,-6.1934592179779475,-13.474098691480446,23.620108329642083,33.79123315479886,326,Buy,0.3102516039747174
PIDILITIND.NS,1,0.655112909045693,2025-09-01,121,0.3911892407074023,31.0,,0.9190550599510738,0.4744475995776105,12.49240895961212,56.31312871836499,327,Buy,0.31022581809138594
AHLADA.NS,1,0.6543975236373287,2025-09-01,121,0.572463768115942,6.0,,-7.449687405933537,-21.461411112231648,25.856283306281824,40.63878521242146,328,Buy,0.30879504727465745
HATHWAY.NS,1,0.6542304558224087,2025-09-01,121,0.04636459430979979,3.0,,-4.31100443271354,-11.150818380733241,23.922058599767162,45.2488679972365,329,Buy,0.30846091164481737
ZENSARTECH.NS,1,0.6541910133106315,2025-09-01,121,0.13929573075724525,25.0,,-5.670619626081431,-7.790584860945257,21.12460676801345,42.411357669272185,330,Buy,0.3083820266212629
TEAMLEASE.NS,1,0.6539622129964223,2025-09-01,121,1.2339955849889626,12.0,,-7.705530311257956,-12.28099842252778,18.76620256819804,29.0463450971597,331,Buy,0.30792442599284464
ABBOTINDIA.NS,1,0.6538938196583546,2025-09-01,121,0.4195961106955871,46.0,,-2.6333445152633344,-0.9047456469784909,16.93329104752176,69.33085501858736,332,Buy,0.30778763931670916
RPSGVENT.NS,1,0.6538002571761867,2025-09-01,121,0.22288313505948215,7.0,,-5.978361393627565,-9.677999396175077,18.458446234397137,42.08648441547699,333,Buy,0.30760051435237346
SGLTL.NS,1,0.6537305006082611,2025-09-01,121,0.172859450726979,8.0,,-4.620177508214781,-13.06687352999118,27.33258507338289,48.6718446458846,334,Buy,0.3074610012165222
ADFFOODS.NS,1,0.6536547126062848,2025-09-01,121,0.15454545454545454,21.0,,-2.4396106333722156,-6.989929897646988,23.23788340572274,46.246487165733114,335,Buy,0.30730942521256965
GUJALKALI.NS,1,0.6536226717011023,2025-09-01,121,0.4438466711499664,1.0,,-3.9798197548180174,-7.298467012796231,18.39635554454089,47.57281396493897,336,Buy,0.30724534340220466
KPEL.NS,1,0.6531826724823716,2025-09-01,121,2.4010695187165774,42.0,,-6.368923491607786,-11.137232281602854,35.85006429636349,59.056385005880095,337,Buy,0.3063653449647432
PODDARMENT.NS,1,0.6531708998880503,2025-09-01,121,0.1553133514986376,9.0,,3.3495642077957646,-0.3005777987279966,23.785891605737067,61.24102447008559,338,Buy,0.30634179977610065
GHCLTEXTIL.NS,1,0.6530334464463303,2025-09-01,121,0.16963064295485636,5.0,,-1.165120046232068,-4.329785279125664,27.427352770242102,50.10082784971343,339,Buy,0.30606689289266065
PIXTRANS.NS,1,0.6529492264305115,2025-09-01,121,0.2235494880546075,27.0,,-3.1679814456465962,-1.6675931638587045,7.526298905994672,25.4098782443632,340,Buy,0.3058984528610229
BERGEPAINT.NS,1,0.6528406070044667,2025-09-01,121,0.4503415659485024,25.0,,-3.5155527155651836,4.144016902188677,21.142887210842176,42.22911559936478,341,Buy,0.30568121400893333
GALLANTT.NS,1,0.6525576616339751,2025-09-01,121,0.3216242346116661,19.0,,-8.820537188005458,-17.89883148894494,43.4703084212911,27.8541872368436,342,Buy,0.3051153232679502
LTFOODS.NS,1,0.6524268765989042,2025-09-01,121,0.3889496717724289,15.0,,-6.21312168403823,-3.673009160104595,26.057081532106956,51.31485852381694,343,Buy,0.3048537531978084
PNCINFRA.NS,1,0.6523130062287662,2025-09-01,121,0.4463397299218195,18.0,,2.4213555738793224,-14.394560314360119,28.08136126408232,53.28545646261394,344,Buy,0.3046260124575324
SUVEN.NS,1,0.6522663307734665,2025-09-01,121,0.010280373831775701,-6.0,,-3.945697048081139,-19.6957247902589,28.83618084018029,47.35279303519745,345,Buy,0.30453266154693304
ALANKIT.NS,1,0.652140090994823,2025-09-01,121,0.14860681114551083,7.0,,-1.1893880220603275,-16.79506493361457,25.46289134744908,57.668715604811204,346,Buy,0.3042801819896459
THOMASCOTT.NS,1,0.6519455110250075,2025-09-01,121,0.4094488188976378,20.0,,-9.460027737308057,-2.652720884672053,34.66845984148032,35.59323072938358,347,Buy,0.30389102205001506
BANDHANBNK.NS,1,0.651727113673943,2025-09-01,121,6.933081116263933,,,-2.643872003840268,-10.835261519737758,28.923701526214014,51.057069906298594,348,Buy,0.30345422734788596
PFIZER.NS,1,0.6511145122386293,2025-09-01,121,0.19667446089893478,22.0,,0.42686389434209204,-0.9590906411338365,9.996667789299748,45.22536524712465,349,Buy,0.3022290244772585
RPGLIFE.NS,1,0.6510854030949208,2025-09-01,121,0.2743682310469314,33.0,,4.844245996755079,3.9432503617252355,20.51559779510338,52.39056907596352,350,Buy,0.3021708061898416
SHK.NS,1,0.650900559721672,2025-09-01,121,0.9931787175989086,8.0,,4.144138039845615,-22.38250468339385,31.358255976655975,68.97948080691927,351,Buy,0.3018011194433441
KREBSBIO.NS,1,0.6505416979285006,2025-09-01,121,-2.070063694267516,-4.0,,6.035939591975625,-3.0200891307013085,33.3203137981115,54.387196212078145,352,Buy,0.30108339585700117
UNICHEMLAB.NS,1,0.6504247441234196,2025-09-01,121,0.2674370614940157,7.0,,-4.361470540364584,-4.237101875071722,24.969504012059218,48.5820057001241,353,Buy,0.3008494882468391
KARURVYSYA.NS,1,0.6504025279190487,2025-09-01,121,9.167161613004064,,,5.220539519952445,25.269448652809263,26.68182355330414,72.79653949534097,354,Buy,0.30080505583809747
RVTH.NS,1,0.65013919372195,2025-09-01,121,0.7874015748031497,26.0,,-8.252173718693625,-36.57540504551447,26.06679355864539,44.534412955465584,355,Buy,0.3002783874438999
BAJAJHLDNG.NS,1,0.6501253650424088,2025-09-01,121,0.06175009888805872,7.0,,-0.03529827038475115,-7.503878500857352,25.02766216711353,56.74224343675418,356,Buy,0.3002507300848176
KRONOX.NS,1,0.6498149578023203,2025-09-01,121,0.1188118811881188,44.0,,-1.9643524097465708,-12.66795182147569,24.6435211044959,55.02465878981847,357,Buy,0.2996299156046407
MURUDCERA.NS,1,0.649701297255116,2025-09-01,121,0.5614973262032086,5.0,,-3.0050029427514118,-16.242187638199145,20.378863592539027,57.39132550049867,358,Buy,0.2994025945102321
KPRMILL.NS,1,0.649436942738276,2025-09-01,121,0.12915129151291513,21.0,,-8.237582822389241,-10.520312561211913,22.6105406875684,38.91894821678535,359,Buy,0.298873885476552
HAVISHA.NS,1,0.6493533656439708,2025-09-01,121,2.3613861386138613,-0.2,,-5.729167539781599,-9.045229441938787,37.84494995204628,58.823521161986726,360,Buy,0.2987067312879417
HIMATSEIDE.NS,1,0.6488192450671896,2025-09-01,121,1.571123451516446,8.0,,-5.640689968221705,-4.987492310951209,27.423897111625916,43.707704045235445,361,Buy,0.29763849013437915
TASTYBITE.NS,1,0.6488093592716961,2025-09-01,121,0.4702194357366771,11.0,,-7.076339047393083,-11.511522819701762,13.033429212808953,28.863346104725423,362,Buy,0.2976187185433923
ACC.NS,1,0.6487724767013948,2025-09-01,121,0.3214431101160187,18.0,,-6.166643541047534,-4.939827616418216,18.928410007128434,35.28570095764077,363,Buy,0.29754495340278964
AGI.NS,1,0.6484113466155962,2025-09-01,121,0.5173658096526839,20.0,,-2.8961179210721415,-11.055191132410288,26.70542422675966,67.12479439616729,364,Buy,0.29682269323119237
AKUMS.NS,1,0.647048951714216,2025-09-01,121,0.14707121786767804,16.0,,6.745142765505445,1.5112504404431673,19.89686565849552,73.32198712194636,365,Buy,0.2940979034284319
NSLNISP.NS,1,0.6468817740454282,2025-09-01,121,1.140411484722862,-13.0,,5.533030474454447,-6.487742423126031,26.72568804336673,73.42105461289619,366,Buy,0.2937635480908565
ANURAS.NS,1,0.6468202474610442,2025-09-01,121,0.6629570747217806,5.0,,8.981992862991754,23.805497415015438,34.12332018475841,67.92455106501757,367,Buy,0.2936404949220883
MKPL.NS,1,0.6467333105799753,2025-09-01,121,0.08108108108108109,13.0,,-2.724352655325889,-10.471976639762408,22.01707291868894,59.405945735918074,368,Buy,0.2934666211599506
NAHARINDUS.NS,1,0.6465950505995299,2025-09-01,121,0.6845771144278607,4.0,,-4.339077237693254,-5.0369109638737735,29.610042281592406,57.50247503593462,369,Buy,0.29319010119905986
PFS.NS,1,0.6463692379433627,2025-09-01,121,0.7968435191403627,10.0,,0.0896288562974985,-4.4495188596297,25.458153441948667,53.079711271669304,370,Buy,0.2927384758867253
HDFCLIFE.NS,1,0.6463340941646386,2025-09-01,121,20.890785587714117,7.0,,-1.2055368134469697,-1.8520974363956153,15.539507055525343,32.8368151317524,371,Buy,0.2926681883292772
MUKTAARTS.NS,1,0.6463108112379695,2025-09-01,121,0.590044883756115,5.97,,-2.4242386877773066,-9.10538614476367,30.856767431685828,53.92881911130593,372,Buy,0.29262162247593904
MUNJALAU.NS,1,0.6462728452327494,2025-09-01,121,0.7962085308056872,9.0,,-3.75739169637571,-22.539861436421265,25.170758919112775,62.62138511246316,373,Buy,0.29254569046549883
TCI.NS,1,0.6462093283526581,2025-09-01,121,0.2502262443438914,22.0,,-1.07368557365656,-9.941520467836257,14.605699094650165,69.28469927579654,374,Buy,0.2924186567053162
ANGELONE.NS,1,0.6461886234273371,2025-09-01,121,2.140113188132396,26.0,,-16.70812164487732,7.844490453186105,32.65904384468277,25.39015117972079,375,Buy,0.29237724685467414
SUDARSCHEM.NS,1,0.6459818475340009,2025-09-01,121,0.40033153750518025,11.0,,-7.242830489954528,-30.05903968951799,24.61829616922124,29.425857493975883,376,Buy,0.2919636950680018
TIJARIA.NS,1,0.6459546621041529,2025-09-01,121,-2.480096501809409,-5.05,,-31.999998826246994,-28.478961180130334,49.915922832342346,20.955876423411866,377,Buy,0.29190932420830573
REDINGTON.NS,1,0.6457006395043884,2025-09-01,121,2.2460864120225423,33.0,,-2.8535758251583925,-2.3835103571628586,24.588659075946854,39.29579365700222,378,Buy,0.29140127900877677
BIOFILCHEM.NS,1,0.6456987330470398,2025-09-01,121,1.59906103286385,4.12,,-6.359829501646226,-19.088941102051194,33.861238323413026,47.24025501531144,379,Buy,0.2913974660940797
OFSS.NS,1,0.6454158452350708,2025-09-01,121,0.13085139805215207,62.0,,-5.6751947972268235,-7.102484119829068,19.026116661465192,40.56701030927835,380,Buy,0.29083169047014157
MAHESHWARI.NS,1,0.6450544419098381,2025-09-01,121,2.004830917874396,13.0,,-4.305237437086876,-17.545709132960507,36.15789499028174,45.85185697997567,381,Buy,0.29010888381967614
DUCON.NS,1,0.6447065796591591,2025-09-01,121,0.8116883116883117,8.0,,-15.914490979169804,-35.51912368965317,31.967316624771918,44.827586206896555,382,Buy,0.28941315931831824
APOLLOHOSP.NS,1,0.6445370121673781,2025-09-01,121,0.5208803005904455,16.0,,-2.7547638773819387,-5.355462975406532,12.736011971501698,52.16535433070866,383,Buy,0.28907402433475626
DALMIASUG.NS,1,0.6443968305097922,2025-09-01,121,0.31286821705426354,9.0,,-1.1859580730383041,-14.16511611700096,26.29324579953563,42.61217417071152,384,Buy,0.2887936610195845
GULPOLY.NS,1,0.6443958842966604,2025-09-01,121,1.0171875,6.0,,5.147224169070505,-4.09930155146675,34.89864804838572,58.77330724436745,385,Buy,0.2887917685933208
AMBIKCO.NS,1,0.6442989506959953,2025-09-01,121,0.21047008547008547,11.0,,-1.0500982433617234,-12.886377952430312,15.818088706928513,34.92060570243851,386,Buy,0.2885979013919906
ONGC.NS,1,0.6441879628254896,2025-09-01,121,0.3875651183063141,15.0,,-1.297523400851733,1.3291978880670385,13.06824824874252,54.94725725461825,387,Buy,0.28837592565097925
ELECON.NS,1,0.6441778783448786,2025-09-01,121,0.34371754932502596,29.0,,-1.9849348040916914,-15.1445035840555,23.73554949708798,54.504503796826015,388,Buy,0.2883557566897572
ALPHAGEO.NS,1,0.6440419956555877,2025-09-01,121,0.10300429184549356,-6.0,,-1.7619841670332346,-9.322678054367508,26.818381414082154,61.45945841174086,389,Buy,0.28808399131117546
CELLO.NS,1,0.6436788697443865,2025-09-01,121,0.1795727636849132,10.0,,-7.522383895255863,-5.876731872558594,21.82322618869551,47.33464262894014,390,Buy,0.28735773948877297
GICHSGFIN.NS,1,0.6433100480813481,2025-09-01,121,4.546046046046046,,,2.3961678791755268,-0.5001696590642329,23.212242804942402,68.89403635507048,391,Buy,0.2866200961626961
ALEMBICLTD.NS,1,0.6430392522157273,2025-09-01,121,0.0757396449704142,18.0,,-1.0947074029066122,-2.1846250106383778,18.617835865220425,59.963289254750855,392,Buy,0.28607850443145466
PARASPETRO.NS,1,0.6429353489670088,2025-09-01,121,0.0009610764055740518,5.42,,-12.376237740622772,-26.556020004604147,36.31187324898143,15.384601277006638,393,Buy,0.28587069793401754
ADANIPORTS.NS,1,0.6429120243372032,2025-09-01,121,2.0581718378685947,9.0,,-3.181603816255269,3.3106135708695112,14.281895961323782,38.50808469445516,394,Buy,0.28582404867440636
RPPINFRA.NS,1,0.6427505872502545,2025-09-01,121,0.7481751824817519,20.0,,-6.871359006661697,-21.524321071920358,35.12061189374715,44.57476751041211,395,Buy,0.28550117450050894
JKLAKSHMI.NS,1,0.6425185385766948,2025-09-01,121,1.3493975903614457,11.0,,2.672032810233128,-10.336484612676786,24.339412068155223,50.12689850752896,396,Buy,0.28503707715338966
INFOMEDIA.NS,1,0.6424893853772429,2025-09-01,121,-1.1715966386554624,,,-7.434405524137517,-12.413794418861126,32.30040237349678,41.71779015474393,397,Buy,0.28497877075448574
MUFTI.NS,1,0.6424646245286078,2025-09-01,121,0.8677884615384616,19.0,,2.146403582702616,-4.4692748730469045,23.20512982756549,65.2386684322291,398,Buy,0.2849292490572155
UCAL.NS,1,0.6421504670024675,2025-09-01,121,0.9576719576719577,7.0,,-7.699380432204361,-20.779215376112685,25.621672071376356,40.88984843039711,399,Buy,0.28430093400493495
LEXUS.NS,1,0.6420083862845741,2025-09-01,121,6.4290142591444495,-1.77,,-5.090907703746448,-0.9863437893083126,35.11062310361306,41.04193548074378,400,Buy,0.28401677256914826
KELLTONTEC.NS,1,0.6419055399343262,2025-09-01,121,0.3576388888888889,11.0,,-3.5989755037606637,-21.5481159026352,34.80294764412194,55.80912575725139,401,Buy,0.2838110798686524
ICICIBANK.NS,1,0.6418721185384623,2025-09-01,121,5.910702790133441,,,-2.192277901379279,-2.120989474193695,10.825437892458357,37.626685086093744,402,Buy,0.28374423707692453
GVKPIL.NS,1,0.6414226678945586,2025-09-01,121,-2.364130434782609,0.0,,-12.320918784589907,-13.06818297271394,26.768109375753763,41.509422928300815,403,Buy,0.2828453357891172
ARIES.NS,1,0.6413602043620704,2025-09-01,121,1.0299003322259137,19.0,,-2.9970344520817878,-11.969842864265523,26.90052169456989,59.70819550175262,404,Buy,0.28272040872414084
PTL.NS,1,0.6402885303962532,2025-09-01,121,0.25251396648044694,7.0,,-1.3832979383268196,-1.3584928692511793,16.82470839004018,53.03983915907193,405,Buy,0.28057706079250644
MAXESTATES.NS,1,0.6402794034179291,2025-09-01,121,0.07487520798668885,3.0,,-6.5503972163964015,-3.0374850781406444,21.315155417093496,47.11148898638159,406,Buy,0.2805588068358582
MOREPENLAB.NS,1,0.6402320115878779,2025-09-01,121,0.4333612740989103,13.0,,-4.754172745455914,-15.857409261828357,31.261308601811503,47.80158058434141,407,Buy,0.2804640231757558
MONARCH.NS,1,0.6400868016609143,2025-09-01,121,0.41391509433962265,33.0,,1.4154109556703531,-2.050542660869022,21.450541647777644,57.8539816287054,408,Buy,0.2801736033218285
WEALTH.NS,1,0.6398531713917858,2025-09-01,121,0.061224489795918366,38.0,,-11.218632665219362,-22.765202017588678,31.038181322177937,24.68388864237069,409,Buy,0.27970634278357154
TGBHOTELS.NS,1,0.639684344818672,2025-09-01,121,0.5424947698744772,4.3,,-12.682484840189506,-20.97440160084988,31.219447319479304,46.42857345594108,410,Buy,0.27936868963734396
TATAPOWER.NS,1,0.6396361363384873,2025-09-01,121,1.8517340120903596,15.0,,-2.2782869932821264,-2.952828319876029,15.76241786970282,49.05662550199541,411,Buy,0.2792722726769745
MOL.NS,1,0.6395544477291195,2025-09-01,121,0.8275058275058275,6.0,,-4.771079156355566,-20.30998707118003,26.752365153625245,53.26585022019629,412,Buy,0.279108895458239
WHIRLPOOL.NS,1,0.6394740980290935,2025-09-01,121,0.6153632062343446,13.0,,-10.971387874993912,-23.311160281211514,45.4849253919717,42.225014631857825,413,Buy,0.278948196058187
ROSSELLIND.NS,1,0.6393080971809046,2025-09-01,121,0.4955357142857143,10.0,,-11.690805448247552,-20.47454258998046,29.839632578007723,33.47143561477587,414,Buy,0.2786161943618093
PAGEIND.NS,1,0.6391597644694309,2025-09-01,121,0.9630943931866572,59.0,,-3.635877556476407,-11.986988505063016,16.71148822763908,42.66365688487585,415,Buy,0.2783195289388618
GANGESSECU.NS,1,0.638920332952118,2025-09-01,121,0.07041356711341652,0.89,,-9.355864891989922,-8.018581517324524,22.7418287630253,31.140013694384066,416,Buy,0.27784066590423606
APTUS.NS,1,0.6389075346406758,2025-09-01,121,1.2435515873015872,14.0,,0.3776365245981239,-13.43003408446374,24.53467767878167,25.174809504856682,417,Buy,0.2778150692813517
STARPAPER.NS,1,0.6388684949120556,2025-09-01,121,0.20512820512820512,8.0,,1.0156379627330299,-1.43603020863487,11.762558135861207,68.19295627741707,418,Buy,0.2777369898241111
VERANDA.NS,1,0.6382914077332474,2025-09-01,121,0.2834017084179458,3.01,,-11.242687807244556,-13.871715794059222,40.85750379432912,45.849926675480454,419,Buy,0.2765828154664949
AFSL.NS,1,0.6379688350062144,2025-09-01,121,0.0,15.0,,0.44756535464904784,-1.473093553773631,15.499614666135997,51.413887042016505,420,Buy,0.27593767001242875
HAPPSTMNDS.NS,1,0.6376900250078972,2025-09-01,121,0.9704939063502245,14.0,,-6.735541458747053,-11.965442741892755,23.353175055601618,32.808867592200016,421,Buy,0.27538005001579435
SBFC.NS,1,0.6373945565951029,2025-09-01,121,1.860221316249272,,,-3.380071786727787,-3.1462321919542307,16.712293400896787,41.58658254777538,422,Buy,0.2747891131902058
TIMETECHNO.NS,1,0.6369583332682807,2025-09-01,121,0.5723108594956253,12.0,,-5.849069954314564,-10.386085904653806,28.387905028420434,48.2950038691472,423,Buy,0.2739166665365613
AMJLAND.NS,1,0.6368448429622112,2025-09-01,121,0.06572769953051644,11.0,,0.3455563537118528,-1.8034925657117977,27.026179318553815,62.66667344835383,424,Buy,0.27368968592442244
RIIL.NS,1,0.6367515310398115,2025-09-01,121,0.15492957746478872,3.0,,-7.1078532442753195,-6.335735785467886,17.212443107255215,44.58087612463972,425,Buy,0.27350306207962305
SERVOTECH.NS,1,0.6364123501439864,2025-09-01,121,0.9132231404958677,21.0,,-11.64444817437066,-35.6061235576419,32.02953723770268,37.889019544279954,426,Buy,0.2728247002879729
BAJAJHCARE.NS,1,0.6363496417906523,2025-09-01,121,0.7227926078028748,11.0,,-3.5996283744301256,-14.553310717575199,21.774212634801778,48.039224905070704,427,Buy,0.2726992835813047
INDIANCARD.NS,1,0.6359786682037054,2025-09-01,121,0.07183908045977011,7.0,,-2.5206695208407863,-7.518656474601516,18.417045569072044,51.174491403619,428,Buy,0.2719573364074108
PCBL.NS,1,0.6359093585744985,2025-09-01,121,1.2226502311248073,13.0,,-4.859575321265167,-19.952624064677323,25.28116794116669,40.52823765691679,429,Buy,0.27181871714899697
EMAMIPAP.NS,1,0.6357889733136618,2025-09-01,121,2.20446735395189,7.0,,-2.7919934300645495,-11.080585597181006,19.73514716506809,48.73676670476181,430,Buy,0.2715779466273236
AKASH.NS,1,0.6350667995719625,2025-09-01,121,1.435585864848109,2.74,,1.7029715056466586,-10.491461041656985,22.52750993351355,55.75448568415281,431,Buy,0.2701335991439251
POLYMED.NS,1,0.6350604073361685,2025-09-01,121,0.1754932502596054,18.0,,-8.193584307873964,-8.95231387504163,25.790569982090993,31.532980887631,432,Buy,0.27012081467233706
SBICARD.NS,1,0.6347960158643841,2025-09-01,121,3.7235970250169035,,,-2.4619389551723745,-1.598721000895698,21.288626102991913,45.500775596598075,433,Buy,0.2695920317287681
TBZ.NS,1,0.6347552932445143,2025-09-01,121,1.9105113636363635,12.0,,-5.555557013605973,-11.07692538324477,19.944450947677815,54.07369201556365,434,Buy,0.2695105864890286
FINEORG.NS,1,0.6345752483340485,2025-09-01,121,0.06949152542372881,26.0,,-5.368186070654564,-7.844890849476643,17.179479597449536,28.846526948615548,435,Buy,0.2691504966680971
NIVABUPA.NS,1,0.6345636301584548,2025-09-01,121,1.7989487516425755,7.0,,2.085026946657662,-7.869006720654144,23.50850191271899,57.767433343931685,436,Buy,0.2691272603169097
LOYALTEX.NS,1,0.63429869675307,2025-09-01,121,2.3233830845771144,-12.0,,0.8957678011727026,-27.51155135655167,22.8907674310603,67.83282226630317,437,Buy,0.2685973935061401
CYIENTDLM.NS,1,0.6341291915820844,2025-09-01,121,0.5313463514902363,12.0,,-3.3364347593294137,-1.399263365798324,21.362784543143807,47.84017791112617,438,Buy,0.2682583831641687
IOLCP.NS,1,0.6338348284435957,2025-09-01,121,0.37806967447173045,9.0,,-8.549188519079763,-19.96497070128374,25.593727133788047,50.32467033835371,439,Buy,0.26766965688719146
GPTINFRA.NS,1,0.6336445595210282,2025-09-01,121,0.888268156424581,25.0,,2.7880003411746164,-1.4816124122222645,35.652948270665284,65.41412463012179,440,Buy,0.2672891190420563
GPTHEALTH.NS,1,0.633613829076021,2025-09-01,121,0.8228346456692913,27.0,,1.6807993513992032,-4.217172408773095,23.81043465285401,52.600536061421245,441,Buy,0.2672276581520421
KALYANIFRG.NS,1,0.6331238915214265,2025-09-01,121,1.815217391304348,12.0,,-4.376088389573233,-4.136997699365934,35.18648753292159,51.683345668723135,442,Buy,0.2662477830428529
RAYMOND.NS,1,0.6327338628430509,2025-09-01,121,0.055865921787709494,1.0,,-10.241596638655462,-26.65865437253438,29.85670375564539,33.742328480615825,443,Buy,0.2654677256861018
INTELLECT.NS,1,0.6323826009993518,2025-09-01,121,0.38058943089430897,14.0,,-12.348803285650469,-0.36937981491053956,33.387753146236435,38.90181006617303,444,Buy,0.2647652019987037
JMA.NS,1,0.632011491443506,2025-09-01,121,0.2557077625570776,13.0,,-8.418602167173873,-12.40129137107113,30.896350389150523,40.21313513178136,445,Buy,0.264022982887012
CAPACITE.NS,1,0.6319584248729517,2025-09-01,121,1.0247191011235954,17.0,,-8.026034604902737,-12.002771177599527,24.044476250856675,37.14783851452274,446,Buy,0.26391684974590346
SOBHA.NS,1,0.631226385263843,2025-09-01,121,2.9503968253968256,7.0,,-4.67698572369817,-3.955507083074735,26.860196084611022,52.322844257504926,447,Buy,0.262452770527686
WEL.NS,1,0.6311330764487174,2025-09-01,121,2.03,18.0,,-16.17336510280921,4.821199673678059,47.65552736427374,32.580304534735006,448,Buy,0.2622661528974348
GUFICBIO.NS,1,0.6309480189684681,2025-09-01,121,1.0158982511923689,13.0,,-4.054829158211589,-5.057924330374563,26.15257991351844,42.34424103678611,449,Buy,0.26189603793693617
INDOTHAI.NS,1,0.6304908581367448,2025-09-01,121,0.2916666666666667,10.0,,-29.601043003984824,5.6373185507461985,52.19994717179873,32.37972196465715,450,Buy,0.26098171627348954
AVALON.NS,1,0.6300953538466606,2025-09-01,121,0.26988265971316816,9.0,,-8.362001169156416,-12.90690153583719,34.63100256914501,51.33387477126221,451,Buy,0.2601907076933212
BOSCHLTD.NS,1,0.6299928320377246,2025-09-01,121,0.4497539405177947,21.0,,-0.8118893628732627,-6.011213978354414,13.60977371181501,44.88636363636363,452,Buy,0.2599856640754492
JHS.NS,1,0.6297552452538855,2025-09-01,121,0.1910370583165757,-5.17,,-11.291779895752281,-8.90538090841285,36.947110176900935,34.21052466469281,453,Buy,0.259510490507771
TATACONSUM.NS,1,0.6295913797229007,2025-09-01,121,0.2534794711203897,10.0,,2.564106873182783,4.122986474379631,14.131852357008276,69.32611690574865,454,Buy,0.2591827594458014
ALOKINDS.NS,1,0.6293629107685579,2025-09-01,121,-1.3313796680497925,23.0,,-3.7815076022612497,-8.084861262811307,25.099753286729303,47.169820147923794,455,Buy,0.25872582153711576
BBTCL.NS,1,0.629246897146934,2025-09-01,121,2.130081300813008,3.0,,-7.406869375109694,-4.066598225376629,21.046415134422297,36.80090255490627,456,Buy,0.2584937942938681
KHAITANLTD.NS,1,0.6290688797228545,2025-09-01,121,1.422328439740526,21.03,,-0.394517731814628,-23.63128125475611,27.697369322697824,51.95530190500749,457,Buy,0.25813775944570905
63MOONS.NS,1,0.6288100375017146,2025-09-01,121,0.06618156618156618,1.0,,-15.72408375727303,-15.669713747542952,61.80094221821874,32.45938277871289,458,Buy,0.2576200750034292
NAVNETEDUL.NS,1,0.6287616383437931,2025-09-01,121,0.15269749518304432,15.0,,-0.9042573360578038,-5.103092175198146,18.861352957337772,54.25206095389373,459,Buy,0.2575232766875861
CAMLINFINE.NS,1,0.6285857847654217,2025-09-01,121,0.8781065088757396,4.0,,-8.513662687742315,-23.98320204459331,50.17926453232121,55.501448991129244,460,Buy,0.2571715695308434
HLEGLAS.NS,1,0.6281488118987169,2025-09-01,121,1.402116402116402,8.0,,-6.73250754934939,-2.204652970851142,33.34717769158243,43.28279826268346,461,Buy,0.2562976237974337
KAMATHOTEL.NS,1,0.6281440859990215,2025-09-01,121,0.5813953488372093,19.0,,-3.2915903763513104,-19.61349507011024,22.3400256883171,57.43222584711451,462,Buy,0.256288171998043
ZAGGLE.NS,1,0.6279288892745766,2025-09-01,121,0.04889228418640183,13.0,,-9.779510300137808,-0.6427653416547825,36.204745513891226,51.35869565217391,463,Buy,0.25585777854915315
SUMICHEM.NS,1,0.6277388680837365,2025-09-01,121,0.3778960551033187,25.0,,-0.43335542667129956,-11.673699015471167,19.56218002156629,64.64843400754117,464,Buy,0.25547773616747294
CCCL.NS,1,0.6273350785873866,2025-09-01,121,0.6240875912408759,18.0,,-7.469753073103826,-32.26799916185355,37.525993079224556,49.48454081249752,465,Buy,0.25467015717477315
WAAREEENER.NS,1,0.6272914846053748,2025-09-01,121,0.897125567322239,34.0,,-5.897086149491988,-10.871393569898432,29.848221600803893,56.82374400762624,466,Buy,0.2545829692107495
SUPREMEIND.NS,1,0.6271138158221639,2025-09-01,121,0.3459405940594059,24.0,,0.6512394746826011,-19.72926115812392,21.928994992725908,62.3197488378924,467,Buy,0.2542276316443277
MENONBE.NS,1,0.6270034269858793,2025-09-01,121,0.417910447761194,17.0,,-1.2922225805860987,-16.609483889092026,19.98454852140212,49.509806016750474,468,Buy,0.2540068539717586
NOCIL.NS,1,0.6269353663314962,2025-09-01,121,0.16808149405772496,7.0,,-8.283206699220205,-11.46749256093473,21.800232341002207,39.130448683619456,469,Buy,0.2538707326629923
JUBLFOOD.NS,1,0.6267249551781092,2025-09-01,121,1.7824013870827915,11.0,,-7.432270397519956,-9.815958416475747,19.388621512232643,24.280080975411778,470,Buy,0.25344991035621844
ZODIACLOTH.NS,1,0.626637692933453,2025-09-01,121,1.0251572327044025,-8.0,,-6.220838350311604,-11.740724702335967,26.701013582499044,43.280616022061956,471,Buy,0.2532753858669059
SHIVATEX.NS,1,0.6266019987691382,2025-09-01,121,1.1619718309859155,9.0,,-2.3149626713008535,-0.7980216395718819,26.821877131504372,62.46504620063875,472,Buy,0.2532039975382765
VEEDOL.NS,1,0.6265282692525397,2025-09-01,121,0.32138114209827356,19.0,,-0.5820710223752885,-6.228508611704049,19.23113105970605,58.26376161434466,473,Buy,0.25305653850507936
ABAN.NS,1,0.6264508936434862,2025-09-01,121,-1.567,,,-41.220235425868964,-52.87520860914644,44.28587593939113,11.047617594401046,474,Buy,0.2529017872869723
BAJAJELEC.NS,1,0.6262935149408657,2025-09-01,121,1.425064599483204,12.0,,-1.313069897306079,-12.886735188849702,11.318602521235142,53.49649901938397,475,Buy,0.25258702988173143
COCHINSHIP.NS,1,0.6261916270931165,2025-09-01,121,1.3783128356140655,20.0,,-1.2073936540856856,-12.770055361238143,30.303358493481465,53.49893886383917,476,Buy,0.252383254186233
ESSENTIA.NS,1,0.6260604387739903,2025-09-01,121,0.4941860465116279,5.0,,-6.2500013969838415,-16.201115532584495,36.06077701626421,19.99998410542554,477,Buy,0.2521208775479806
EIMCOELECO.NS,1,0.6253974138727731,2025-09-01,121,0.11358574610244988,16.0,,-1.0765342998460055,-7.987565785693221,36.381311963134145,61.747586951847396,478,Buy,0.2507948277455463
RANEENGINE.NS,1,0.6252291679401246,2024-12-01,395,2.1048387096774195,13.0,,,,,,479,Buy,0.25045833588024924
PANAMAPET.NS,1,0.6250908589134252,2025-09-01,121,0.19222903885480572,19.0,,-4.6071366854097455,0.9216611298340638,23.556803395153807,57.780482274015036,480,Buy,0.2501817178268504
RKDL.NS,1,0.625040047588391,2025-09-01,121,2.1117464855849417,0.33,,-7.869632568539088,-14.370149366467134,19.829873999270024,28.313280352789988,481,Buy,0.2500800951767821
SHALPAINTS.NS,1,0.6250282945801179,2025-09-01,121,1.474074074074074,-13.0,,-6.520084338651197,-28.48027412008384,31.824868370100905,54.68656625320662,482,Buy,0.25005658916023576
LFIC.NS,1,0.6248199602774721,2025-09-01,121,0.055243135957657896,4.28,,-11.205019465913901,-16.71529809034343,28.904621599701812,42.10068068539196,483,Buy,0.24963992055494422
CMSINFO.NS,1,0.6247692716525919,2025-09-01,121,0.32748538011695905,22.0,,-4.109585734960363,-8.773342585507647,13.833985296138666,32.35799602903636,484,Buy,0.24953854330518377
URJA.NS,1,0.6247445827052711,2025-09-01,121,0.6422483766233765,1.43,,-6.716421156164796,-14.965983452344394,22.57362444199822,39.583343681361534,485,Buy,0.24948916541054222
RHFL.NS,1,0.6247092248251942,2025-03-01,305,-1.0377358490566038,-17.0,,-7.073948476286741,-29.166662770938178,25.275158238107803,39.13044605002643,486,Buy,0.2494184496503884
JKCEMENT.NS,1,0.6243297115004495,2025-09-01,121,1.703139571028909,15.0,,-4.588580300155252,-12.206349206349207,30.671278656495794,46.46660212971926,487,Buy,0.24865942300089894
VIJIFIN.NS,1,0.6242080199223758,2025-09-01,121,0.6431297709923662,2.32,,5.691051394903735,-18.750004190951525,60.742646041821324,59.09089923890297,488,Buy,0.2484160398447517
LOVABLE.NS,1,0.6241025917745686,2025-09-01,121,0.1640533582962789,-1.74,,-2.1317555932660643,-12.54842473362394,27.352377331276596,50.62849269906354,489,Buy,0.24820518354913723
BHAGCHEM.NS,1,0.6239868709082871,2025-09-01,121,0.3089887640449438,7.0,,-6.890704082180318,-14.125463563610928,39.65781469515064,43.36538494456217,490,Buy,0.24797374181657417
DVL.NS,1,0.6238871497291798,2025-09-01,121,0.04089026915113872,4.0,,-3.2767381651899408,-21.116033982603035,23.54932600155289,55.05857821088156,491,Buy,0.2477742994583596
MAHEPC.NS,1,0.6238301215467614,2025-09-01,121,0.7298850574712644,7.0,,-0.6184793305054735,-14.630095969857763,19.281985762685764,62.61683370712441,492,Buy,0.24766024309352286
APTECHT.NS,1,0.6237298805347872,2025-09-01,121,0.2886178861788618,15.0,,-10.101208054875753,-22.443044248901476,21.634070198582663,32.19602419822783,493,Buy,0.24745976106957435
HYUNDAI.NS,1,0.6236759302005244,2025-09-01,121,0.8001412429378532,54.0,,-3.546694648478489,-9.427713848937842,19.663898994389964,37.42192991333787,494,Buy,0.24735186040104873
INDGN.NS,1,0.6233425585854594,2025-09-01,121,0.14322120285423037,17.0,,-1.2147601168223487,-7.228161816928476,14.352367119887283,40.54558712915061,495,Buy,0.2466851171709188
DENTA.NS,1,0.6231007205802783,2025-09-01,121,0.059496567505720827,25.0,,-11.570359747487833,-24.04748583459935,48.13663126721921,56.44470560337531,496,Buy,0.24620144116055664
ANDHRAPAP.NS,1,0.6229851482363087,2025-09-01,121,0.3307372793354102,4.0,,-0.414947235865298,-15.033506056634053,13.639060018862766,57.11496133254016,497,Buy,0.24597029647261737
REPL.NS,1,0.6229265686701007,2025-09-01,121,0.39869281045751637,15.0,,-9.43747135873454,-22.39044321613111,29.629156521897777,39.94230918383007,498,Buy,0.2458531373402013
HUHTAMAKI.NS,1,0.6228701926349558,2025-09-01,121,0.6040650406504066,7.0,,-2.8587142371025314,-8.679151816192087,19.780092333014558,49.865316907287784,499,Buy,0.2457403852699116
GLFL.NS,1,0.6222629894819951,2025-09-01,121,-2.550122249388753,1.02,,-21.32963998067026,-9.265181778544644,30.436866950458757,0.0,500,Buy,0.2445259789639902
SUNTECK.NS,1,0.6222010865752665,2025-09-01,121,0.35881877022653724,8.0,,-5.747268851140313,-4.600748255888959,29.168633824561407,48.45488303736195,501,Buy,0.24440217315053303
AVADHSUGAR.NS,1,0.6221285250473638,2025-09-01,121,0.7122641509433962,9.0,,-0.9508552973111755,-12.721270441626869,31.71299956778595,50.73954562385952,502,Buy,0.24425705009472765
COALINDIA.NS,1,0.6214793409737097,2025-09-01,121,0.436140350877193,97.0,,5.290932087901575,5.485423862880257,15.108385001415664,74.42995771279293,503,Buy,0.24295868194741943
ASTERDM.NS,1,0.6213537163740356,2025-09-01,121,0.38038331454340474,139.0,,-7.884722900491872,-1.6109795716470163,24.678913064663284,43.00376499419325,504,Buy,0.24270743274807116
FORTIS.NS,1,0.6207047306770579,2025-09-01,121,0.30626702997275207,3.0,,-3.467103467103467,-10.675493538901716,21.76952163044591,61.095772823548316,505,Buy,0.24140946135411578
HINDMOTORS.NS,1,0.6206996011209553,2025-09-01,121,0.7616537180910105,3.16,,,,,,506,Buy,0.2413992022419107
ACEINTEG.NS,1,0.6204447323429112,2025-09-01,121,0.02616279069767438,-10.3,,4.045451771129261,-4.145727830445966,33.2364357758357,56.136808725142586,507,Buy,0.2408894646858224
ASAL.NS,1,0.6204187846687823,2025-09-01,121,17.8125,24.0,,-4.937904276708116,-18.83363120693562,22.070180850013095,38.50454159259424,508,Buy,0.24083756933756462
TEJASNET.NS,1,0.6197983340586511,2025-09-01,121,1.96996996996997,15.0,,-13.860154425960847,-22.786981583700705,32.550936402236175,38.25648025307583,509,Buy,0.2395966681173023
INGERRAND.NS,1,0.6197471797947091,2025-09-01,121,0.5138461538461538,60.0,,-6.105678990074297,-14.067448690204165,19.238545721640797,43.7167758356412,510,Buy,0.23949435958941812
STEELCITY.NS,1,0.6197057453098631,2025-09-01,121,0.7586206896551724,21.0,,-3.1027124415319474,-8.749890085321056,29.372694736919332,30.39002475626036,511,Buy,0.23941149061972622
NORTHARC.NS,1,0.619681551398883,2025-09-01,121,2.900655021834061,10.0,,-6.3122255037521775,-7.042195354374353,23.887737073164068,35.779817614590826,512,Buy,0.23936310279776607
NAHARPOLY.NS,1,0.6196079660180117,2025-09-01,121,0.3058823529411765,10.0,,-7.411084581291906,-20.73482213843342,34.07474168729711,32.19898285532291,513,Buy,0.23921593203602343
KOLTEPATIL.NS,1,0.6192128143886453,2025-09-01,121,4.144617912900575,8.0,,5.894820315384141,-8.54592761220491,17.04519472662853,70.0354685720315,514,Buy,0.23842562877729057
RAMCOIND.NS,1,0.6191343077991776,2025-09-01,121,0.3158289572393098,9.0,,-3.873453022521219,-9.171765018738185,30.91418794670311,42.7223813906965,515,Buy,0.2382686155983551
LINCOLN.NS,1,0.6190650824879775,2025-09-01,121,0.19273743016759776,17.0,,-4.499257581246916,-8.989184352227316,19.23645054684578,51.164257462974646,516,Buy,0.23813016497595507
AMRUTANJAN.NS,1,0.6186248277940838,2025-09-01,121,0.2631578947368421,22.0,,-0.6169205201062612,-6.1813138340023865,26.535767573792523,57.340499296758516,517,Buy,0.23724965558816757
VERTOZ.NS,1,0.6183242554426649,2025-09-01,121,0.38256253635834775,5.89,,-1.668964254445043,-3.0990876563198855,27.04379470046988,47.544207463307,518,Buy,0.2366485108853298
BANKINDIA.NS,1,0.6182703546760588,2025-09-01,121,12.165420332355817,,,-1.2900498724629894,15.4216555192699,23.513154744003646,60.47460474604746,519,Buy,0.23654070935211768
ASALCBR.NS,1,0.6181947226853306,2025-09-01,121,0.3219761499148211,20.0,,-3.9710464979645232,1.5090342409172424,21.74769268833791,56.99526327350155,520,Buy,0.2363894453706612
THEMISMED.NS,1,0.6175366330388486,2025-09-01,121,0.6847457627118644,11.0,,-4.887962875135654,-25.376455532983478,32.621084754220206,42.38042358867777,521,Buy,0.2350732660776973
SANOFICONR.NS,1,0.6173212739842959,2025-09-01,121,0.642023346303502,111.0,,-2.0861377083805355,-8.51331034624532,15.941264715518766,43.14190120282696,522,Buy,0.23464254796859185
WILLAMAGOR.NS,1,0.6173184846676292,2025-09-01,121,-3.513499687375661,-52.89,,-4.867962684663266,-10.129247949700575,31.813783371211223,46.62921264035884,523,Buy,0.23463696933525835
MGL.NS,1,0.6172267233601607,2025-09-01,121,0.3920811202317721,23.0,,-3.9726144002938524,-11.033674582150548,19.9583099061773,54.36425171192364,524,Buy,0.23445344672032142
HAVELLS.NS,1,0.617209058733385,2025-09-01,121,0.5686297107295148,26.0,,0.16871876373022845,-4.060054453289857,13.631744279150945,62.56983240223464,525,Buy,0.2344181174667701
TATAINVEST.NS,1,0.6170576181442903,2025-09-01,121,0.125035765379113,1.0,,-4.7843282775071865,-34.0689992634245,22.565447099338716,39.91443144815895,526,Buy,0.23411523628858055
TRIDENT.NS,1,0.6170277685964489,2025-09-01,121,0.5601128472222222,9.0,,-4.227876430050193,-5.581066596651946,15.20374287905537,28.37834935248931,527,Buy,0.23405553719289784
EIHOTEL.NS,1,0.6169646075602565,2025-09-01,121,0.1853146853146853,22.0,,-2.0481478805727353,2.3200906488254294,14.02067569791558,38.29546841708097,528,Buy,0.233929215120513
CENTRUM.NS,1,0.6169386092425199,2025-09-01,121,1.8105263157894738,6.0,,-2.9135995360020033,-13.89960989704962,35.70375763134868,51.401857080721875,529,Buy,0.23387721848503973
MARALOVER.NS,1,0.6166495214791313,2025-09-01,121,5.035398230088496,2.0,,-5.86609642144095,-5.221482239698338,32.90174642893627,44.64286626601023,530,Buy,0.23329904295826265
GILLETTE.NS,1,0.6164576963757993,2025-09-01,121,0.8478073946689596,56.0,,-0.1909649698633407,-12.872473431964993,27.233251719330298,53.12741312741313,531,Buy,0.23291539275159856
DATAMATICS.NS,1,0.6161136164968994,2025-09-01,121,0.22120866590649943,8.0,,-2.457390087829157,-5.23143678020108,28.01637695890036,42.51559717622377,532,Buy,0.23222723299379888
RELIANCE.NS,1,0.6158519466794664,2025-09-01,121,0.9134389503237266,8.0,,1.5585575130908031,14.736617260013254,13.411843743802399,60.00001922368974,533,Buy,0.23170389335893282
TRIGYN.NS,1,0.6157752052789993,2025-09-01,121,0.46938775510204084,5.0,,-5.2117267715138444,-21.60927329791357,21.798034245787616,33.687365631544765,534,Buy,0.23155041055799863
IRCTC.NS,1,0.6156429947443555,2025-09-01,121,0.7913145539906103,49.0,,0.6838684161226882,-2.357295355077684,18.393773473608558,58.61062218073243,535,Buy,0.23128598948871093
SURYALAXMI.NS,1,0.6154998441477555,2025-09-01,121,1.6470588235294117,7.0,,-0.15136251929642766,-4.871015739400615,28.087902147355443,55.322032863810904,536,Buy,0.23099968829551099
NATIONALUM.NS,1,0.6153355486656165,2025-09-01,121,0.25724096745297104,44.0,,18.536675477229213,48.74128604029034,30.45754518257993,84.53034598631095,537,Buy,0.23067109733123292
WINDMACHIN.NS,1,0.6151152292213004,2025-09-01,121,0.360056258790436,2.0,,-1.496898939349794,-5.779646571603019,32.985481531207185,30.065363388125277,538,Buy,0.2302304584426007
LIBAS.NS,1,0.6149033615754045,2025-09-01,121,0.4719377304383449,0.12,,-0.4512652624472144,-8.842980287316053,24.933711961661434,58.910884778646,539,Buy,0.22980672315080897
ZENTEC.NS,1,0.6147556711972173,2025-09-01,121,0.07110352673492605,33.0,,-1.7095192926690645,-6.7211980631177575,21.947019353846304,48.686881017203284,540,Buy,0.2295113423944346
NESTLEIND.NS,1,0.6147396653606978,2025-09-01,121,1.6829535495179666,96.0,,2.3115398380806034,10.425237743545392,13.503689743944008,84.36913067966299,541,Buy,0.2294793307213956
AFFORDABLE.NS,1,0.6145490063828708,2025-09-01,121,0.9821428571428571,8.0,,-10.408342934134385,-11.040100690525792,35.84996110128813,39.20601261698677,542,Buy,0.2290980127657416
AMBUJACEM.NS,1,0.6144811104064414,2025-09-01,121,0.23304843304843303,9.0,,2.4585590397674952,-2.582735183076621,14.85237011663217,65.61292945720675,543,Buy,0.22896222081288276
CHEMPLASTS.NS,1,0.6143746735770061,2025-09-01,121,0.5665537270087125,-1.0,,-7.7683612470740515,-32.47155624347221,37.72683034508816,49.84826888060269,544,Buy,0.2287493471540123
ITDC.NS,1,0.6143281291517793,2025-09-01,121,0.8539603960396039,27.0,,-0.11946619889887768,1.9066711544104462,28.38969626525469,60.990736060392756,545,Buy,0.2286562583035585
AXISBANK.NS,1,0.614055957683983,2025-09-01,121,7.826699938930655,,,0.906202258669515,9.478225477711298,19.375746357164854,48.87066142736231,546,Buy,0.22811191536796604
E2E.NS,1,0.6136726777123693,2025-09-01,121,0.1295238095238095,8.0,,-9.633362561227637,-37.849141164906506,41.95897097870655,34.01343114423332,547,Buy,0.22734535542473866
RALLIS.NS,1,0.6134136231369636,2025-09-01,121,0.621832358674464,10.0,,4.927859694851673,-9.443729318962568,29.41179388081585,70.76167260397538,548,Buy,0.22682724627392714
3PLAND.NS,1,0.6134094493850434,2025-09-01,121,0.10841022001419455,2.28,,-8.3562673269519,-16.101692175598046,25.26438159449006,38.30595690503289,549,Buy,0.22681889877008676
MHRIL.NS,1,0.6133469060400438,2025-09-01,121,5.216741405082212,20.0,,-3.102473740872581,-11.238694764038721,21.281724188867337,47.70642348612111,550,Buy,0.22669381208008765
YATHARTH.NS,1,0.6132764915133685,2025-09-01,121,0.03560076287349015,10.0,,-2.3686829116677957,-9.040600931979434,36.33918173300786,42.609699524897934,551,Buy,0.226552983026737
RANEHOLDIN.NS,1,0.6132347683930219,2025-09-01,121,0.11688311688311688,13.0,,-1.4389027052828995,-16.16851318659671,36.37435144322636,55.42334467116351,552,Buy,0.22646953678604387
AARON.NS,1,0.6132257075278887,2025-09-01,121,0.9751356238698012,18.62,,-8.167152001038867,-9.687617938180608,30.651443619044343,36.663562351383476,553,Buy,0.22645141505577748
KRITI.NS,1,0.6130907748488339,2025-09-01,121,0.9861111111111112,6.0,,-8.803331682573907,-37.405344396250314,47.8207057903203,55.40302732054069,554,Buy,0.2261815496976678
XPROINDIA.NS,1,0.6130687994828851,2025-09-01,121,0.33620689655172414,9.0,,-5.500939799613656,-15.63690871345722,24.985656103687298,46.831430721971195,555,Buy,0.22613759896577013
GOCOLORS.NS,1,0.612930802086816,2025-09-01,121,0.8461538461538461,15.0,,-8.904446303806907,-31.484094464293054,25.69889329192683,43.866164858356704,556,Buy,0.2258616041736321
MEGASTAR.NS,1,0.6129149175622034,2025-09-01,121,2.6597938144329896,9.0,,-7.395021418816496,7.574548302771348,32.99307729885138,33.33332362857159,557,Buy,0.2258298351244068
NECCLTD.NS,1,0.6126614840480801,2025-09-01,121,0.6322869955156951,7.0,,-8.728554837910007,-13.939106761977232,23.25654401873062,37.80073436010911,558,Buy,0.22532296809616015
IDFCFIRSTB.NS,1,0.6124661215647587,2025-09-01,121,7.2593512976208485,,,4.427905714535392,24.036518073276017,17.99051309722771,76.26049241628907,559,Buy,0.22493224312951732
NETWORK18.NS,1,0.6123843964760641,2025-09-01,121,0.7601641907740422,-1.0,,-2.974064836203455,-16.717849020281744,22.444482598114945,51.98019755236006,560,Buy,0.22476879295212826
EPIGRAL.NS,1,0.6122777555842749,2025-09-01,121,0.5404761904761904,25.0,,-18.708777684093032,-28.29689744407747,27.143998097623083,19.443655442878665,561,Buy,0.22455551116854977
GODFRYPHLP.NS,1,0.612120910135368,2025-09-01,121,0.44497907949790794,29.0,,-1.123953999805121,-17.728993859622204,30.999428944211417,46.78605907082073,562,Buy,0.22424182027073591
MTARTECH.NS,1,0.612090953586289,2025-09-01,121,0.571619812583668,11.0,,-4.391343994311466,27.288527454344024,35.00485478599105,60.801551700953276,563,Buy,0.2241819071725779
MBAPL.NS,1,0.6120661773669853,2025-09-01,121,1.6296296296296295,18.0,,4.508293569265375,11.407441324780352,24.123412673891487,67.35580853682268,564,Buy,0.22413235473397064
HITECHCORP.NS,1,0.6120550999797988,2025-09-01,121,0.6923076923076923,7.0,,-7.345408453861467,-10.996505635566587,34.952438445716474,47.279556378772824,565,Buy,0.22411019995959758
MONTECARLO.NS,1,0.6114900744268511,2025-09-01,121,1.3501199040767387,13.0,,-13.567570866765202,-7.371473485019914,29.700543406547226,30.399320021717188,566,Buy,0.2229801488537022
ADVANIHOTR.NS,1,0.6109306515623565,2025-09-01,121,0.527027027027027,45.0,,0.2562311391113333,1.015490822862394,29.767252943657184,56.93120625206882,567,Buy,0.22186130312471297
ALIVUS.NS,1,0.6108835590696319,2025-09-01,121,0.20623342175066314,25.0,,1.326553208475075,-3.7488199794865986,22.505172138465152,58.706661898611614,568,Buy,0.22176711813926375
RADIANTCMS.NS,1,0.6108527697473969,2025-09-01,121,0.575187969924812,26.0,,-1.0319145741112623,-2.2276765678354993,17.490710861137305,44.63971574148565,569,Buy,0.22170553949479377
DIACABS.NS,1,0.6108246545625926,2025-09-01,121,-3.806136680613668,,,-7.448377807444234,-7.5413533527232,27.50914087568984,47.19887162006935,570,Buy,0.2216493091251852
AHLEAST.NS,1,0.6106692841040741,2025-09-01,121,0.9743589743589743,15.0,,-4.154052800734922,-11.079895673419866,24.853223509631942,39.0154813403252,571,Buy,0.22133856820814812
KANSAINER.NS,1,0.6106645966845899,2025-09-01,121,0.2642623970153894,14.0,,2.081076600380077,-5.525240432153982,30.481426980204816,65.30254400072329,572,Buy,0.2213291933691799
KAKATCEM.NS,1,0.6105553988961968,2025-09-01,121,0.19270833333333334,-3.0,,-5.235868889369004,-10.104525366890647,25.440442899820237,46.43324589848654,573,Buy,0.22111079779239362
KRITIKA.NS,1,0.6103256221793533,2025-09-01,121,0.7525773195876289,15.0,,-2.3872656399110426,-10.679607549119437,17.79450134130644,42.25353531554572,574,Buy,0.22065124435870653
ZENITHEXPO.NS,1,0.6103094173117671,2025-09-01,121,0.155004743833017,-1.46,,-12.960328017707273,-13.101767539983111,39.87194902924981,34.266258749854856,575,Buy,0.22061883462353427
PGHL.NS,1,0.6102326870005159,2025-09-01,121,0.44193548387096776,48.0,,-1.968199398366996,-9.58382877526754,14.500737217396303,52.85285285285285,576,Buy,0.22046537400103183
NAGREEKEXP.NS,1,0.6100237352216531,2025-09-01,121,1.4166666666666667,6.0,,-8.739617297289106,-21.031248569488525,26.971318790432875,39.88440517210965,577,Buy,0.2200474704433062
JSWSTEEL.NS,1,0.6100031422399235,2025-09-01,121,1.4244930245937006,10.0,,0.24096805749784853,1.6316267027775815,28.42167481627913,67.30770188376714,578,Buy,0.22000628447984694
KECL.NS,1,0.6098651470987643,2025-09-01,121,2.962025316455696,13.0,,-1.8314003925396578,-9.691709521689642,29.11186609666575,55.626719102229444,579,Buy,0.21973029419752854
BECTORFOOD.NS,1,0.6098367584524244,2025-09-01,121,0.36846767050487156,16.0,,-10.15442532249692,-7.395501981342696,31.118899019338286,29.584738384907,580,Buy,0.2196735169048487
HARRMALAYA.NS,1,0.6093673199050293,2025-09-01,121,2.0424242424242425,11.0,,-2.9240089392430386,-16.063752370605442,22.726569844681517,61.07144695293081,581,Buy,0.2187346398100587
DCBBANK.NS,1,0.6093313542938327,2025-09-01,121,12.216619199195845,,,-5.470719317060644,33.83623221459276,23.68632502898706,55.23971245898838,582,Buy,0.21866270858766534
OAL.NS,1,0.6093292947966943,2025-09-01,121,0.6516690856313497,9.0,,-4.101205108704045,-11.208077462597158,34.58387387792634,54.426249519723356,583,Buy,0.21865858959338857
NEULANDLAB.NS,1,0.6093233922784099,2025-09-01,121,0.5707196029776674,19.0,,-8.512690661361306,3.9027730229373505,35.26886627474484,30.239099859353033,584,Buy,0.21864678455681985
HPL.NS,1,0.6089890371385502,2025-09-01,121,1.3639274279615796,14.0,,0.5552128315854411,-10.665350114533746,28.96193834464481,62.68002892386998,585,Buy,0.21797807427710048
MANKIND.NS,1,0.6088357053345569,2025-09-01,121,0.6029658284977434,15.0,,-1.4934096375872756,-9.820583650165531,16.50496689280948,56.85089869510708,586,Buy,0.21767141066911377
NEWGEN.NS,1,0.6083045487261025,2025-09-01,121,0.25186693822131706,28.0,,-3.971366705507326,-5.012929752631656,25.16641986348806,52.892848423549104,587,Buy,0.21660909745220502
AVANTIFEED.NS,1,0.6082625943084746,2025-09-01,121,0.2651072124756335,29.0,,3.1812011413112637,29.94143103585025,28.9269558973132,59.14464187258252,588,Buy,0.21652518861694925
JINDALPOLY.NS,1,0.607979730602369,2025-06-01,213,0.2271396029938171,6.0,,-4.55255731705761,-13.06282634363693,20.15048687185686,48.74715853135753,589,Buy,0.21595946120473797
NILKAMAL.NS,1,0.6078753958400545,2025-09-01,121,0.7341411261582323,9.0,,-2.087180528441577,-10.412474753369601,15.902456001448883,45.29591973325545,590,Buy,0.2157507916801089
CUB.NS,1,0.6078160514403741,2025-09-01,121,7.5031231110215595,,,6.520142048706503,37.14393369205353,32.42711445250285,73.89491463474852,591,Buy,0.2156321028807482
PARSVNATH.NS,1,0.6077601050670635,2025-06-01,213,380.2,-4.0,,-23.700308865073602,-23.34870052723099,50.84298760186178,33.598402984109654,592,Buy,0.21552021013412692
TRF.NS,1,0.6072942061023008,2025-09-01,121,3.1772151898734178,20.0,,-4.640742337495002,-12.26442672200329,31.526860031798858,51.526445743517115,593,Buy,0.21458841220460156
VESUVIUS.NS,1,0.6072469770155221,2025-09-01,121,0.3193166885676741,25.0,,0.020812924769120708,-5.4867244634187555,16.581413730456546,48.19646483217672,594,Buy,0.2144939540310442
LAXMICOT.NS,1,0.6070159482790256,2025-09-01,121,0.8125,0.0,,-7.512199587938262,-16.106200157330942,25.46451884801518,29.333291512877594,595,Buy,0.21403189655805122
PARAGMILK.NS,1,0.6066668714187837,2025-09-01,121,0.734412955465587,14.0,,-10.493062493981125,4.950320580679765,33.23039141645279,37.89255430977056,596,Buy,0.21333374283756745
TRITURBINE.NS,1,0.6066147462464049,2025-09-01,121,0.7329749103942652,48.0,,2.631325669131853,2.797942149952988,23.067251788915836,60.77819111746109,597,Buy,0.21322949249280976
NELCAST.NS,1,0.606141328524649,2025-09-01,121,1.0407079646017698,10.0,,-7.089287894112724,-18.83629037565706,30.840947873253782,32.915831644176635,598,Buy,0.21228265704929794
IREDA.NS,1,0.6061291796099902,2025-09-01,121,5.795201238390093,,,-0.19974232695565697,-8.37044759782995,23.85536101711791,61.0793202034424,599,Buy,0.21225835921998049
MUTHOOTFIN.NS,1,0.6060810037671259,2025-09-01,121,3.631096316301856,,,0.8412934111934336,21.217998129173953,19.288415961082105,58.930631187213535,600,Buy,0.21216200753425185
KUANTUM.NS,1,0.6060305708634633,2025-09-01,121,0.7908713692946058,11.0,,-4.197478064398573,-15.761515431513907,25.179126750664437,51.44586639877395,601,Buy,0.2120611417269267
IFBIND.NS,1,0.6060050756345566,2025-09-01,121,1.5974304068522485,20.0,,-6.5812337749156224,-6.648314116992464,28.050695347248837,39.985620188623095,602,Buy,0.21201015126911327
KANPRPLA.NS,1,0.6058323864227145,2025-09-01,121,0.9601769911504425,12.0,,-12.018227699139253,-11.235503559481632,41.98559464177526,34.04848375499077,603,Buy,0.21166477284542906
CLSEL.NS,1,0.6057156452225811,2025-09-01,121,0.2789473684210526,17.0,,2.683256488530956,0.38015588154561764,25.349301709801342,59.83469040011864,604,Buy,0.2114312904451623
IMAGICAA.NS,1,0.6052782166398463,2025-09-01,121,0.41074130105900153,7.0,,-4.425143429775652,-13.897166620830607,35.09419002035807,33.33335587880501,605,Buy,0.21055643327969253
FMGOETZE.NS,1,0.6047965018524125,2025-09-01,121,0.3198757763975155,21.0,,-4.9841977979565195,-8.03077795378309,38.223024583079116,50.395040585606594,606,Buy,0.20959300370482503
HIRECT.NS,1,0.6046095937954757,2025-09-01,121,1.6578947368421053,22.0,,0.3587102648124586,-7.199014199746621,33.75725663216985,58.41318769194559,607,Buy,0.20921918759095148
KOKUYOCMLN.NS,1,0.6045838964597313,2025-09-01,121,0.38509316770186336,4.0,,-2.35484133484543,-16.38121654280375,18.598635391007186,57.89034450157341,608,Buy,0.20916779291946264
ELIN.NS,1,0.6044613486200606,2025-09-01,121,0.42217484008528783,7.0,,-6.611670300142681,-18.13543443595919,35.27227841658033,26.98636681894355,609,Buy,0.20892269724012125
SENCO.NS,1,0.6044414974779924,2025-09-01,121,1.7394167450611477,10.0,,0.9845977587487842,-7.7469845240944535,19.7665082533636,67.28981482386916,610,Buy,0.20888299495598472
HLVLTD.NS,1,0.6043652290487402,2025-09-01,121,0.36784140969163,6.0,,-1.8358539102808764,-20.818810844506885,34.83344784512428,53.9749075853439,611,Buy,0.20873045809748048
SIL.NS,1,0.6043004369372531,2025-09-01,121,0.2430939226519337,-6.0,,-0.3687853202387855,-12.28355256489888,20.020749080263034,54.28567536023906,612,Buy,0.2086008738745062
FIEMIND.NS,1,0.6042703716505939,2025-09-01,121,0.45209302325581396,28.0,,-0.18105973310885404,15.103363180615945,26.665484060826504,48.68953254332286,613,Buy,0.20854074330118788
ZENITHSTL.NS,1,0.6042625318028765,2025-09-01,121,-1.6056977538473904,,,-6.177606438246734,4.291848362777176,18.07566959046562,42.3728875201595,614,Buy,0.20852506360575296
GENUSPAPER.NS,1,0.604128129294448,2025-09-01,121,1.1801980198019801,5.0,,-9.192985400818941,-25.11574614471102,27.756246911721032,35.542127490401484,615,Buy,0.20825625858889607
GREENLAM.NS,1,0.6041274384036316,2025-09-01,121,0.8472454090150251,12.0,,-5.007825800510322,1.4838048283209246,27.94202253425706,54.94673122586927,616,Buy,0.20825487680726318
ERIS.NS,1,0.6038684979472746,2025-09-01,121,0.9621075424034644,7.0,,-4.799242770411793,-5.063373957497302,41.162720055773434,23.78542803997432,617,Buy,0.2077369958945492
CLEAN.NS,1,0.6036555154491106,2025-09-01,121,0.10089974293059126,29.0,,-2.5582559715574336,-20.155848817046053,20.80930050380962,40.00908043670359,618,Buy,0.20731103089822112
MADHAV.NS,1,0.6035000476403782,2025-09-01,121,0.140820609306028,1.17,,-0.7047198478063922,-3.382856096540179,23.710226841519354,64.36974757590289,619,Buy,0.20700009528075647
3IINFOLTD.NS,1,0.6033813293462434,2025-09-01,121,2.069620253164557,30.0,,-1.3071854685192843,-22.99489640541266,24.703823229888762,55.623111493482554,620,Buy,0.2067626586924869
ASHOKA.NS,1,0.6032949215967586,2025-09-01,121,1.3397942091409427,10.0,,-0.6545972532921082,-9.784174707704663,30.682144480683032,49.62218173711843,621,Buy,0.20658984319351714
FOODSIN.NS,1,0.6030450459812311,2025-09-01,121,1.5781818181818181,12.0,,-8.31573769022504,-20.27089428989054,23.154632111990907,28.11763987821692,622,Buy,0.2060900919624622
CAPITALSFB.NS,1,0.6026904861607837,2025-09-01,121,7.21998562185478,,,-3.549867230386551,-5.231937429419186,15.10629260388395,43.39619599515402,623,Buy,0.20538097232156738
POLYCAB.NS,1,0.6023458099187344,2025-09-01,121,0.5897875583500047,30.0,,2.9455478989325767,4.5704090035684874,26.715321442484296,67.8173719376392,624,Buy,0.20469161983746886
PRECWIRE.NS,1,0.6017920084988458,2025-09-01,121,1.3872919818456884,27.0,,-4.703516361102387,24.006750430822095,46.27359372579923,49.422340200898915,625,Buy,0.20358401699769169
SULA.NS,1,0.6014355920485259,2025-09-01,121,0.8087431693989071,9.0,,-5.060353436107257,-17.80764774418944,23.03010498529481,51.15646992879237,626,Buy,0.20287118409705185
CROMPTON.NS,1,0.6013650514906883,2025-09-01,121,0.533480907581627,20.0,,-3.315444269391734,-13.937224583027957,17.736926143164624,51.39146504691439,627,Buy,0.20273010298137661
SBILIFE.NS,1,0.6013181025100733,2025-09-01,121,25.77712193255725,17.0,,2.694929316884305,12.980958969368967,13.181565575703363,59.234822547241826,628,Buy,0.20263620502014668
RKFORGE.NS,1,0.6006022628160915,2025-09-01,121,1.0228907782864618,7.0,,0.13398644667920043,-2.994615936298897,33.62777015396027,51.42857076424351,629,Buy,0.20120452563218305
HEUBACHIND.NS,1,0.600231347353964,2025-09-01,121,0.3435251798561151,15.0,,4.50760242430255,-8.912331570082403,25.991527790633402,65.90672123355489,630,Buy,0.200462694707928
SBIN.NS,1,0.6000708980219832,2025-09-01,121,12.487786140188666,,,1.540372645724829,13.6674042307444,13.804675107039083,65.3193519705452,631,Buy,0.20014179604396642
BUTTERFLY.NS,1,0.6000589549879489,2025-09-01,121,0.5988538681948424,15.0,,-7.6248234246834885,-5.058280275268067,26.062077668736638,30.377021889518417,632,Buy,0.20011790997589785
GROBTEA.NS,1,0.600000494193995,2025-09-01,121,0.31708945260347143,12.71,,-2.529299259185791,-8.195362360888454,22.216428029242717,48.68804180519184,633,Buy,0.20000098838799008
JGCHEM.NS,1,0.5999305706838993,2025-09-01,121,0.040498442367601244,9.0,,-9.056987583236275,-14.67712439178485,34.60645278280933,41.55382624939421,634,Buy,0.19986114136779864
MAHABANK.NS,1,0.599813228164845,2025-09-01,121,10.824247793210365,,,7.781830060768784,10.902588723755038,24.235785740661612,74.62524903754493,635,Buy,0.1996264563296899
MOTILALOFS.NS,1,0.5998061158988692,2025-09-01,121,1.8632087150284724,18.0,,-10.406744686526027,-4.927227729016105,35.71052690418554,55.221198619040344,636,Buy,0.19961223179773846
MARUTI.NS,1,0.5997845840126813,2025-09-01,121,0.35131861250551777,22.0,,2.8203707124822954,4.585029752583777,14.288742763008594,66.3510560815732,637,Buy,0.19956916802536262
AFIL.NS,1,0.599778549538092,2025-09-01,121,0.9776119402985075,14.0,,-11.82197354475634,-29.555553860134548,32.66119773609347,25.98427414146815,638,Buy,0.1995570990761839
SREEL.NS,1,0.5993652584473431,2025-09-01,121,0.06818181818181818,7.0,,-4.37428266264323,-5.301309777139056,15.90076808511316,29.61277843335239,639,Buy,0.19873051689468624
MANAKCOAT.NS,1,0.5993053345339455,2025-09-01,121,1.2326283987915407,16.0,,-7.934292807675796,1.4716108798146044,35.053103589354194,39.64742908470067,640,Buy,0.19861066906789104
HEMIPROP.NS,1,0.5991181312190654,2025-09-01,121,1.664787707973452,-0.73,,0.2193165191040517,-17.816678649769578,34.26791432871584,62.26119618745415,641,Buy,0.19823626243813086
BHARTIARTL.NS,1,0.599079506858747,2025-09-01,121,1.8322163542952268,8.0,,0.07605026883317491,12.74363488871019,14.533857838660946,60.67647009080155,642,Buy,0.198159013717494
OBEROIRLTY.NS,1,0.5990538434489211,2025-09-01,121,0.4315609370887076,15.0,,3.193523404299598,5.718166874206277,23.48555708012331,59.270118291385344,643,Buy,0.1981076868978422
HEROMOTOCO.NS,1,0.599048418602953,2025-09-01,121,0.49890632429862103,31.0,,-7.9658719400366795,6.231017027151404,21.790858262248857,36.50485436893204,644,Buy,0.19809683720590598
GSFC.NS,1,0.5988545681751647,2025-09-01,121,2.107713520966826,6.0,,-0.7233381554217292,-7.1185089197882885,20.73325567242878,76.56798853408384,645,Buy,0.19770913635032938
HARSHA.NS,1,0.598584481012189,2025-09-01,121,0.15730337078651685,13.0,,-2.8076092019122507,-4.122525563876037,15.754465841206313,68.79082718494627,646,Buy,0.19716896202437795
ARVSMART.NS,1,0.5984383294605544,2025-09-01,121,1.6996336996336996,3.0,,-3.11398823891649,-9.165636831247449,23.74812896781782,49.39942251695119,647,Buy,0.19687665892110884
NTPCGREEN.NS,1,0.5983826540016062,2025-09-01,121,0.6193627581790041,6.0,,1.7980252451809668,-3.6678537118228096,16.651372507882524,67.36048204493764,648,Buy,0.19676530800321235
DOLLAR.NS,1,0.5983571140355917,2025-09-01,121,0.6445182724252492,13.0,,4.119126802092541,-5.639854882709971,21.726640309940816,55.13567605003227,649,Buy,0.19671422807118333
OSWALAGRO.NS,1,0.5977768142679195,2025-09-01,121,0.008310249307479225,22.0,,-2.1096352851635083,-19.823128836495535,35.550278000316546,39.43054041982734,650,Buy,0.19555362853583902
EICHERMOT.NS,1,0.5976916535378868,2025-09-01,121,0.3435857403070518,32.0,,2.8119507908611596,4.144413586840419,18.80925263217119,53.695225637671676,651,Buy,0.19538330707577356
PLASTIBLEN.NS,1,0.5975151659511043,2025-09-01,121,0.20919540229885059,10.0,,-1.0752002234925049,-10.05952602673084,16.805770342751664,63.711036612763934,652,Buy,0.19503033190220864
ARMANFIN.NS,1,0.597229576043768,2025-09-01,121,0.7569331158238173,,,-3.243038765136215,7.84572056946085,29.772982398443208,68.4809753693212,653,Buy,0.19445915208753606
ACCELYA.NS,1,0.5970280626591192,2025-09-01,121,0.6472868217054264,57.0,,-0.6981387844361376,-8.614437793069632,17.91041467546616,53.06531060415529,654,Buy,0.19405612531823846
WIPRO.NS,1,0.596875885585982,2025-09-01,121,0.4869596228989642,23.0,,5.240436785508584,9.213087808641234,15.62815016812108,57.23518473266717,655,Buy,0.19375177117196407
SPIC.NS,1,0.5968283425586217,2025-09-01,121,0.8261253309796999,16.0,,0.19073031740791568,-8.750404413403018,27.3243963842914,62.23565651043083,656,Buy,0.19365668511724343
DIGIDRIVE.NS,1,0.5967275662855512,2025-09-01,121,0.12285937611028203,2.71,,-5.1824821024217,-11.240180608383602,33.85568920003399,49.32126592693389,657,Buy,0.19345513257110247
INDNIPPON.NS,1,0.5966857108989553,2025-09-01,121,0.3086734693877551,15.0,,-3.928738644659445,-9.762858403987522,26.01493987488207,52.817128288003765,658,Buy,0.19337142179791056
ESAFSFB.NS,1,0.5966363256278802,2025-09-01,121,14.51114922813036,,,0.11269263092081444,-8.230031754989254,26.551795809889523,67.54385121018255,659,Buy,0.19327265125576032
PNBHOUSING.NS,1,0.5962380203645374,2025-09-01,121,3.769752571587434,,,5.786868318034791,7.8431387469619915,31.200218863356437,62.234925318089616,660,Buy,0.19247604072907487
PRSMJOHNSN.NS,1,0.596230294762247,2025-09-01,121,2.6486486486486487,3.0,,-0.9400228275850183,-14.460103191738899,62.83784269731274,56.006416274204796,661,Buy,0.19246058952449396
HBSL.NS,1,0.5961881925959597,2025-09-01,121,0.1595744680851064,-9.0,,-7.323982832537103,-9.819635142154814,18.017093151415757,39.44100139240237,662,Buy,0.19237638519191935
ROHLTD.NS,1,0.5960685043008062,2025-09-01,121,0.888,11.0,,-0.4056751554645074,-20.51989611353307,27.220022296732672,81.50086785999413,663,Buy,0.1921370086016123
PARADEEP.NS,1,0.5960177649787607,2025-09-01,121,1.8139173656415035,14.0,,1.666571383605179,-16.07560821157051,29.305170559278682,63.08524503379192,664,Buy,0.19203552995752138
AKSHAR.NS,1,0.596005112407747,2025-09-01,121,0.12941176470588237,-6.0,,-8.928573519295567,-13.559319807927558,18.824165617017798,33.33336644699067,665,Buy,0.192010224815494
ROSSARI.NS,1,0.5957691811952645,2025-09-01,121,0.41858407079646015,15.0,,-3.0638520943987397,-5.8542819764119125,15.841523555106487,52.12622289945956,666,Buy,0.1915383623905289
THEINVEST.NS,1,0.5955899034065861,2025-09-01,121,0.1049586776859504,0.94,,-0.661199274632845,-16.936102632522886,21.145436740235343,52.93755452519612,667,Buy,0.19117980681317226
BANARISUG.NS,1,0.5955817291197478,2025-09-01,121,0.1964873765093304,9.0,,0.00555419921875,-1.3995042032398965,10.514345146251069,51.56907701016015,668,Buy,0.19116345823949565
MEDIASSIST.NS,1,0.5953127948203516,2025-09-01,121,0.3103448275862069,20.0,,-3.4261666406660534,-14.41742887189836,33.84670803228773,40.59361845390981,669,Buy,0.1906255896407032
HONDAPOWER.NS,1,0.5952344363242429,2025-09-01,121,0.25263157894736843,13.0,,-1.8830938478601253,-14.679400769581047,21.52922964336445,50.7033096373167,670,Buy,0.19046887264848578
PRUDMOULI.NS,1,0.5947895612443324,2025-09-01,121,0.8374196360466385,4.97,,-11.299436573695647,-28.032442143311016,44.383565292867615,25.521673666401938,671,Buy,0.1895791224886647
TEXMOPIPES.NS,1,0.5946828427986608,2025-09-01,121,0.4727272727272727,9.0,,-2.213361069946865,-9.968790496578748,23.718120556470584,34.22559589324359,672,Buy,0.1893656855973216
IFCI.NS,1,0.5943615436726942,2025-09-01,121,3.062571103526735,15.0,,3.7458320936253413,-4.409104842756097,38.474910189103916,66.39061663313558,673,Buy,0.18872308734538845
GTL.NS,1,0.593938866551672,2025-09-01,121,-1.0247811002808525,,,-2.427182218695582,-15.01057157048485,24.965510807000932,52.747269446092126,674,Buy,0.1878777331033441
GLENMARK.NS,1,0.5938821833362917,2025-09-01,121,0.18568027068799867,10.0,,2.8606073124597167,4.011856797614067,18.70180343208428,67.35319196282899,675,Buy,0.18776436667258345
DHAMPURSUG.NS,1,0.5937609169972621,2025-09-01,121,0.6255585344057194,6.0,,-1.642479340351176,-8.248416950250899,31.846571412653056,51.648350784620156,676,Buy,0.18752183399452416
360ONE.NS,1,0.5937187067405505,2025-09-01,121,0.2014211533205794,11.0,,0.058854043818857636,16.268346725957265,25.321866088107797,73.31552540567216,677,Buy,0.187437413481101
SBCL.NS,1,0.5935689123260701,2025-09-01,121,0.23515439429928742,26.0,,-1.614192969197195,-14.385332250939257,23.079659924860064,44.01473386202984,678,Buy,0.18713782465214024
GULFOILLUB.NS,1,0.5935307466168691,2025-09-01,121,0.68863361547763,28.0,,2.0661550321024893,-0.8097774874575825,17.807312705873336,74.63122435494644,679,Buy,0.18706149323373822
TOLINS.NS,1,0.5933852505284251,2025-09-01,121,0.07641196013289037,14.0,,-10.08132312443487,-23.02957792621636,27.7629197473906,48.14068771972872,680,Buy,0.1867705010568501
FAZE3Q.NS,1,0.5932782672283204,2025-09-01,121,0.7311320754716981,12.0,,-16.953221959428582,-13.449321110278998,31.50380514752153,30.149927476311177,681,Buy,0.1865565344566409
KPITTECH.NS,1,0.5932714950026255,2025-09-01,121,0.29764344262295084,34.0,,-6.461906661348225,1.6736081898470776,31.18960756222809,37.024218712875985,682,Buy,0.1865429900052511
SPENCERS.NS,1,0.5931954936713966,2025-09-01,121,-4.659217877094972,-7.0,,-7.131572442958397,-25.29048627831,32.02873954691809,45.70597096723861,683,Buy,0.18639098734279314
AARTECH.NS,1,0.5931253758241029,2025-09-01,121,0.3427902895583504,4.57,,-6.34517751375287,-7.5544386491692945,36.92428674965855,42.261918277694775,684,Buy,0.1862507516482057
ARCHIDPLY.NS,1,0.5930442154295932,2025-09-01,121,1.376,10.0,,-2.8300925501086445,-13.43095978920025,32.483225403975204,53.730441628431684,685,Buy,0.18608843085918636
MTNL.NS,1,0.593023168433581,2025-09-01,121,-1.3300708038317368,-7.0,,-4.8122678728453065,-16.434543941804087,26.486760519980297,36.795757621345146,686,Buy,0.1860463368671621
VPRPL.NS,1,0.5927051583257832,2025-09-01,121,1.5651074589127687,11.0,,-34.90355673367196,-45.5138124574286,50.55598919034809,20.275420432557326,687,Buy,0.18541031665156638
DBSTOCKBRO.NS,1,0.5926576496736163,2025-09-01,121,0.8180274515353048,12.37,,-1.0292962253601103,-1.57480167140813,17.018206070087246,49.07162313666922,688,Buy,0.18531529934723268
CIPLA.NS,1,0.5926358693425121,2025-09-01,121,0.12633478718604302,20.0,,-0.3494610868475635,-0.11235632332286848,11.37293743082731,49.53959422244703,689,Buy,0.18527173868502422
GOKEX.NS,1,0.5924361856152165,2025-09-01,121,0.38188976377952755,12.0,,-14.00927281738847,4.161690346113749,28.61036136703322,13.212078508714796,690,Buy,0.18487237123043299
LGBBROSLTD.NS,1,0.5920782311720358,2025-09-01,121,0.3411644535240041,20.0,,-6.402009668448761,29.64572460308799,36.40412544898841,35.033557046979865,691,Buy,0.18415646234407168
VRAJ.NS,1,0.5916102280114616,2025-09-01,121,0.1275,18.0,,-1.7600124355322118,-11.251093291313664,30.574133909764278,66.60184256285793,692,Buy,0.18322045602292314
SURYAROSNI.NS,1,0.5915286417787127,2025-09-01,121,0.37455125648185084,21.0,,5.500194112388207,-3.146386816024576,20.482554395227794,73.1988274932259,693,Buy,0.18305728355742534
SUNDROP.NS,1,0.5914891366570583,2025-09-01,121,0.087465564738292,0.0,,-7.649430786706682,-12.73639211976431,17.991347365764472,23.437495742526153,694,Buy,0.18297827331411654
SASTASUNDR.NS,1,0.5912490665342898,2025-09-01,121,0.0012527172911831984,-0.26,,-9.700117158368867,-6.168519521934619,25.278338273453326,34.04679263923737,695,Buy,0.18249813306857954
PGIL.NS,1,0.5911790205023028,2025-09-01,121,0.8701754385964913,11.0,,-3.097930657102338,28.28488562842032,22.374378010887956,56.51121110715137,696,Buy,0.1823580410046055
HMAAGRO.NS,1,0.5911366623326768,2025-09-01,121,1.0157958687727826,10.0,,-3.2322536019875066,-7.101725198656215,18.183411105069965,46.44069440403453,697,Buy,0.18227332466535362
SIGNATURE.NS,1,0.5911252392728562,2025-09-01,121,6.331896551724138,9.0,,-0.4415400823209226,3.955742223518903,13.717244700343532,60.18100672215993,698,Buy,0.1822504785457124
HPAL.NS,1,0.5906657636577163,2025-09-01,121,0.23404255319148937,14.0,,-5.961627873744496,-14.478606790763457,23.129488259522702,38.98550027559815,699,Buy,0.18133152731543256
KEC.NS,1,0.5904683895875051,2025-09-01,121,2.9534029389017786,15.0,,3.5867269886700033,-13.564482386921418,23.33194648784731,78.29050418796389,700,Buy,0.18093677917501028
UNIVASTU.NS,1,0.5904416276791772,2025-09-01,121,1.2528735632183907,12.0,,-1.8492218994652045,-12.057098132626416,35.54789376029306,59.33926752021498,701,Buy,0.18088325535835437
BLUEJET.NS,1,0.5900854868445691,2025-09-01,121,0.2157643312101911,40.0,,-6.966136253082013,-19.867000280615034,31.019438167822784,39.49803376040903,702,Buy,0.18017097368913815
CYIENT.NS,1,0.5900273708167436,2025-09-01,121,0.13200723327305605,16.0,,-5.174753772757445,-1.4479174200391927,21.653020025428635,38.47605518388607,703,Buy,0.18005474163348723
SGIL.NS,1,0.5899700769801152,2025-09-01,121,2.5982142857142856,21.0,,-6.953851404729047,-4.407125426617489,40.201310276992054,43.58974882386643,704,Buy,0.17994015396023033
KABRAEXTRU.NS,1,0.5895485454059534,2025-09-01,121,0.7733333333333333,8.0,,-2.656041272662666,-12.855226950128834,32.82375569875512,49.59659258980616,705,Buy,0.17909709081190672
GRWRHITECH.NS,1,0.5895036209251637,2025-09-01,121,0.13107390771743568,21.0,,-18.356046766602955,1.6107888359950344,33.48865572737791,5.269130581579489,706,Buy,0.17900724185032746
SANATHAN.NS,1,0.5893220110547845,2025-09-01,121,0.4562402900051787,14.0,,-6.774603367374889,-12.128512830619352,33.56837592375086,45.59051464718577,707,Buy,0.1786440221095691
AARTIDRUGS.NS,1,0.5892768653465811,2025-09-01,121,0.674123788217748,14.0,,0.36571986403066414,-15.654132938713097,30.658144755623756,61.080330536593614,708,Buy,0.17855373069316216
RSWM.NS,1,0.5890872135269831,2025-09-01,121,1.5291445874337624,2.0,,-5.293626113354251,0.6967925370465873,25.749630595869466,33.99764946218478,709,Buy,0.17817442705396624
KRISHANA.NS,1,0.5890411850181976,2025-09-01,121,1.853932584269663,22.0,,6.026496516454564,18.082981538186107,29.104671257923933,64.95686282771288,710,Buy,0.17808237003639515
BALKRISIND.NS,1,0.5889640521047362,2025-09-01,121,0.5738772383414728,16.0,,-5.148026719700898,0.7837731766303195,24.05672155847595,50.57897069865479,711,Buy,0.17792810420947247
VMM.NS,1,0.5889000488534893,2025-09-01,121,0.2546658639373871,10.0,,1.7838479369030034,-8.482652074098674,23.26131128169561,63.48000114228467,712,Buy,0.1778000977069787
AKSHOPTFBR.NS,1,0.5888457832207098,2025-09-01,121,1.75,-8.0,,-1.679391302461368,-13.557043998693786,32.95321852256363,41.558428690505245,713,Buy,0.1776915664414196
DELHIVERY.NS,1,0.5886134394789772,2025-09-01,121,0.2881792939309798,3.0,,-1.2833047963024422,-7.043389398947378,25.49861082414575,41.448186052749286,714,Buy,0.1772268789579543
J&KBANK.NS,1,0.5885980920264173,2025-09-01,121,10.519762845849803,,,-6.410371591457413,-3.696589935396647,21.26722938501119,41.15524634040704,715,Buy,0.17719618405283466
PILITA.NS,1,0.5885373230066226,2025-09-01,121,0.30120481927710846,9.0,,-16.143911211866666,-33.40659042768067,48.948549751359586,24.642848871189912,716,Buy,0.1770746460132453
SHALBY.NS,1,0.5885190486006118,2025-09-01,121,0.31864406779661014,12.0,,-1.5306679547608968,-22.905639972168228,28.07294096343288,66.05320349134394,717,Buy,0.17703809720122354
MUKANDLTD.NS,1,0.5882810341530722,2025-09-01,121,2.863125638406537,10.0,,2.2180428182272083,-1.1632177884529518,22.809342665206255,61.65703558770652,718,Buy,0.1765620683061444
RHIM.NS,1,0.5877768462635781,2025-09-01,121,0.20792801556420235,8.0,,-1.0987840505397137,4.116578395949281,26.12444838285156,63.31521626456117,719,Buy,0.17555369252715614
LICI.NS,1,0.5876867319909844,2025-09-01,121,40.68592734633003,53.0,,-3.280914039936146,-5.441870644890686,12.197687920710845,47.63215351540834,720,Buy,0.17537346398196885
UTIAMC.NS,1,0.5876493292865113,2025-09-01,121,0.12232243517474634,24.0,,-1.7227919591854162,-13.71934756209515,18.37052646358918,51.69330633486421,721,Buy,0.17529865857302251
HDFCBANK.NS,1,0.5874212657555574,2025-09-01,121,6.724459452940325,,,0.1414451840097755,2.6884239530723906,11.426034300291855,40.33972366999013,722,Buy,0.17484253151111484
STEELCAS.NS,1,0.5873951848273142,2025-09-01,121,0.14166666666666666,33.0,,-2.839306076138006,-1.7672840046062426,28.56928783105191,47.06303278631782,723,Buy,0.17479036965462846
FIVESTAR.NS,1,0.5872833414542041,2025-09-01,121,1.2678518953864237,,,-6.658112865051348,1.7443984302122202,27.411319575255167,37.379971477825,724,Buy,0.17456668290840827
JOCIL.NS,1,0.587207874957119,2025-09-01,121,0.38095238095238093,1.0,,-5.838044790227082,-6.872188283856602,27.910603360851056,45.38460485092839,725,Buy,0.17441574991423803
KALYANI.NS,1,0.5871565920404009,2025-09-01,121,6.380952380952381,15.0,,0.0,0.0,0.0,100.0,726,Buy,0.17431318408080188
SIEMENS.NS,1,0.5871550484351344,2025-09-01,121,0.44237405106970323,23.0,,-8.8574814392108,-1.8644866625620693,22.89768832836346,32.106375149308406,727,Buy,0.17431009687026888
NBIFIN.NS,1,0.5870817274003124,2025-09-01,121,0.0587503885607709,0.0,,-2.9538392911669353,-10.963877516339055,19.96084600440015,44.68547763549511,728,Buy,0.17416345480062478
IRB.NS,1,0.5870087752815806,2025-09-01,121,1.0735757416644789,7.0,,-1.729379908001521,1.558205079091843,16.42574847233891,52.20228445902007,729,Buy,0.17401755056316115
SCHAND.NS,1,0.5869137477927789,2025-09-01,121,0.1674698795180723,4.0,,-4.582112549681766,-11.849440328610934,37.28024886979536,45.706539067412564,730,Buy,0.17382749558555788
SHIVAMAUTO.NS,1,0.5864884414531746,2025-09-01,121,476.0,3.0,,-12.31509511208071,-25.01581766230122,45.94237064115785,31.876597986595115,731,Buy,0.17297688290634916
SHANTIGEAR.NS,1,0.586460353736576,2025-09-01,121,0.2175925925925926,35.0,,-0.03187261741487139,-9.387637424600777,4.6854936081345,52.525261866449654,732,Buy,0.17292070747315202
KSB.NS,1,0.5864552635587373,2025-09-01,121,0.6580732700135685,24.0,,0.2656924609764198,-7.19906414259938,31.004190150716777,54.29914159251715,733,Buy,0.17291052711747468
IZMO.NS,1,0.5862052254481558,2025-09-01,121,0.08571027118167773,0.68,,-9.590333357408575,-29.775181633025294,60.41407938671573,36.29153598289288,734,Buy,0.17241045089631157
UYFINCORP.NS,1,0.5860328829075296,2025-09-01,121,0.0436046511627907,5.0,,-3.0405392126065434,-2.777776700909777,17.414970473267687,46.15386154395068,735,Buy,0.17206576581505928
POKARNA.NS,1,0.5858710435136989,2025-09-01,121,0.5717548534449943,-1.41,,-7.138859451888322,6.575062463645989,36.502699357390064,50.841842361674374,736,Buy,0.1717420870273978
DHANI.NS,1,0.5857159279386048,2025-06-01,213,0.07781029437080393,0.0,,,,,,737,Buy,0.17143185587720966
KANORICHEM.NS,1,0.5856846806810576,2025-09-01,121,0.7014925373134329,4.0,,4.422271619618561,-4.618226774553074,35.74794643399209,67.6126779608918,738,Buy,0.17136936136211522
ALICON.NS,1,0.5855172047502226,2025-09-01,121,1.175,11.0,,-9.28511957797288,-2.060186697408237,29.0941212888937,39.593524994762504,739,Buy,0.17103440950044524
INVENTURE.NS,1,0.5854712415676578,2025-09-01,121,0.35200635677393716,1.65,,-8.80000114440918,-23.489934335683436,15.91352104374961,18.181867441742014,740,Buy,0.17094248313531568
HCL-INSYS.NS,1,0.5853032190555459,2025-09-01,121,-1.7227722772277227,-20.0,,-4.181686578886916,-10.805367099976177,15.447981746395326,25.609770280706,741,Buy,0.17060643811109188
SUNFLAG.NS,1,0.5851175117427408,2025-09-01,121,0.2726099706744868,4.0,,7.733492156262106,3.5054224658201982,24.277874413667373,62.78813305524718,742,Buy,0.1702350234854817
GREENPANEL.NS,1,0.5845588588011018,2025-09-01,121,0.5422382671480145,4.0,,-6.0396062833252255,-15.22012060258389,30.556660977916984,48.6433519424034,743,Buy,0.16911771760220362
ZUARIIND.NS,1,0.5845050378297423,2025-09-01,121,0.3751039645134461,3.0,,2.419855874940466,-9.672947637822649,25.62980399235005,65.89913131935056,744,Buy,0.16901007565948456
EXIDEIND.NS,1,0.5841284246215436,2025-09-01,121,0.2763835473567564,10.0,,-4.29382995794711,-8.315397190482377,19.314205674873506,35.614858305701134,745,Buy,0.16825684924308715
FINCABLES.NS,1,0.5839784143286073,2025-09-01,121,0.1318909923028916,16.0,,0.6511427508980531,-8.651151327397496,23.079783263278845,53.6981838852612,746,Buy,0.16795682865721462
GANDHITUBE.NS,1,0.5838333798307751,2025-09-01,121,0.08710801393728224,28.0,,0.1897176802551546,-20.88542404329807,21.105595263454482,54.63683368762925,747,Buy,0.1676667596615502
BALUFORGE.NS,1,0.5837330629769224,2025-09-01,121,0.24908088235294118,25.0,,-5.476988377903128,-4.822588933616739,36.31549958260043,35.32961845831811,748,Buy,0.1674661259538448
EXXARO.NS,1,0.5835394915851648,2025-09-01,121,0.7230215827338129,3.0,,1.4796533987554725,1.2300052446221508,29.5069102313943,58.33332781438314,749,Buy,0.16707898317032965
ASHIANA.NS,1,0.5834547176402406,2025-09-01,121,3.8251572327044023,4.0,,-3.1081988609847433,-3.6746282865269717,16.206719058489348,40.055268879388905,750,Buy,0.1669094352804812
NAHARSPING.NS,1,0.5834501411088394,2025-09-01,121,0.61628664495114,4.0,,-3.9598076989701747,-4.313260501358945,21.753263649690403,44.17040224502486,751,Buy,0.16690028221767883
JKIL.NS,1,0.5833855958516857,2025-09-01,121,0.9548895899053628,20.0,,-0.29940119760479045,-8.28612250410503,31.93777764479725,60.061665708237996,752,Buy,0.1667711917033714
ANUP.NS,1,0.5832927925362177,2025-09-01,121,0.49508196721311476,24.0,,-0.633463511389949,-4.430999773032754,24.79592989836083,56.07104129626665,753,Buy,0.16658558507243537
ALLCARGO.NS,1,0.5830453474965345,2025-09-01,121,0.216289592760181,5.0,,-21.75925684046081,-68.35205975787389,41.81820404076411,3.431359257704429,754,Buy,0.16609069499306894
JUBLINGREA.NS,1,0.5829756549917899,2025-09-01,121,0.8318725099601594,13.0,,0.05689843126493269,8.281380092534048,31.275133523680243,58.208955887129996,755,Buy,0.16595130998357988
TORNTPOWER.NS,1,0.5828836299494349,2025-09-01,121,0.8528085060680916,17.0,,-0.502558243421932,7.4588775634765625,19.664850189839235,56.486495046578135,756,Buy,0.16576725989886976
TAJGVK.NS,1,0.5828646908292423,2025-09-01,121,0.4088888888888889,21.0,,8.521589539946737,3.7183638654309896,29.03575687926085,75.07197193437158,757,Buy,0.1657293816584846
AADHARHFC.NS,1,0.5828040858898011,2025-09-01,121,2.63933236574746,,,0.05156765806412544,-4.9387579043667325,16.016736402546712,51.079132957275775,758,Buy,0.1656081717796023
MAYURUNIQ.NS,1,0.582657418413239,2025-09-01,121,0.11834319526627218,21.0,,-2.1919443596566532,-2.7393249301975944,21.487656498613834,50.09072198750939,759,Buy,0.16531483682647807
LAL.NS,1,0.582562219207487,2025-09-01,121,0.6970605878824234,17.01,,-2.5778809234721978,-15.39179599910504,27.346750936215365,45.783119378847374,760,Buy,0.16512443841497393
NRBBEARING.NS,1,0.5825341150623367,2025-09-01,121,0.22444444444444445,14.0,,-11.15696218802212,-4.26546174795204,29.90886649576262,33.953478469154206,761,Buy,0.1650682301246733
DATAPATTNS.NS,1,0.5824453230855238,2025-09-01,121,0.13914174252275682,21.0,,-9.277419799862363,-0.16343475035555316,34.76197989801041,52.27139603306293,762,Buy,0.16489064617104754
SAILIFE.NS,1,0.5823046089618403,2025-09-01,121,0.4333478072079896,14.0,,3.852750855919144,5.542002036774408,24.250174121822297,56.91931745482386,763,Buy,0.16460921792368066
GODIGIT.NS,1,0.5821564265361641,2025-09-01,121,4.037348877374784,11.0,,-0.533989331312276,-0.41900931674663294,15.639966276938544,52.060438178470704,764,Buy,0.16431285307232812
PSB.NS,1,0.5819620322544645,2025-09-01,121,11.12718204488778,,,-6.5158685026753425,-7.484128794782545,24.713638344066133,50.842714688920466,765,Buy,0.16392406450892905
TTL.NS,1,0.5819170194954335,2025-09-01,121,0.7380952380952381,1.0,,-11.099135372942676,-19.902914104592888,22.5287592951329,28.985526275780288,766,Buy,0.16383403899086701
SHEMAROO.NS,1,0.5817078762493569,2025-09-01,121,1.063660477453581,-10.0,,-4.005729669327714,-4.3656810073988295,35.23506165660485,57.598582967553945,767,Buy,0.16341575249871387
KITEX.NS,1,0.581047975018998,2025-09-01,121,0.2797881729920565,19.0,,-11.213218416309555,-3.542030829706694,28.31987401019454,21.337878049691014,768,Buy,0.16209595003799593
ZYDUSLIFE.NS,1,0.5809151768331889,2025-09-01,121,0.4711209684872008,31.0,,-3.007323247479459,-7.748579623304437,10.677153683196225,45.22143062931043,769,Buy,0.16183035366637788
EMKAY.NS,1,0.58078610929307,2025-09-01,121,5.138528138528138,26.0,,-5.004188186453975,-13.877343839932418,44.63835754402186,60.54236460540255,770,Buy,0.1615722185861399
GNFC.NS,1,0.5805396689408758,2025-09-01,121,0.2601549659544494,10.0,,-1.5649932232846928,-0.49375496710165795,12.795711099202812,54.65393812132322,771,Buy,0.16107933788175166
RATNAMANI.NS,1,0.5801287126657281,2025-09-01,121,0.17058064516129032,22.0,,0.008400250715175191,-1.2732229509607622,20.96638570532499,42.944921055889196,772,Buy,0.16025742533145615
ICRA.NS,1,0.5799213066018984,2025-09-01,121,0.18385093167701863,24.0,,-0.3362860892388451,-4.2926906112161305,18.982025598655493,50.367439231204074,773,Buy,0.1598426132037969
CARBORUNIV.NS,1,0.5793602489180668,2025-09-01,121,0.1273394495412844,18.0,,-2.9591809054350904,-6.1410240707014525,28.2299778316922,50.84207373888964,774,Buy,0.15872049783613362
JUSTDIAL.NS,1,0.5787439525772683,2025-09-01,121,0.18533688306369037,7.0,,-1.620890092510173,-12.97618607355635,17.555450648184255,58.70466340034017,775,Buy,0.1574879051545366
SONAMLTD.NS,1,0.57840712557986,2025-09-01,121,0.5384615384615384,13.0,,-10.275584772863349,-5.72390410938377,31.46803987618192,40.44502186463003,776,Buy,0.15681425115971992
AKI.NS,1,0.5782569988379261,2025-09-01,121,0.5394706292082657,4.54,,-13.950458422659997,-27.55213882148671,45.5327776283308,3.448298541591413,777,Buy,0.15651399767585228
UNOMINDA.NS,1,0.577706182476643,2025-09-01,121,0.8031944189462089,18.0,,-0.6643985957764842,-2.9145254359999577,20.84474692492303,63.82401715482642,778,Buy,0.15541236495328592
INNOVANA.NS,1,0.5776924406841301,2025-09-01,121,0.10975609756097561,32.0,,-13.44626786659608,-16.084993866098444,43.29766895754444,46.414911029225124,779,Buy,0.15538488136826012
NAM-INDIA.NS,1,0.5775477475219541,2025-09-01,121,0.10804321728691477,42.0,,4.982694687137106,1.4408468554376785,32.03167222776971,62.90891542993983,780,Buy,0.1550954950439083
LIBERTSHOE.NS,1,0.5773346690390964,2025-09-01,121,1.2412280701754386,10.0,,-6.880429700555688,-14.89622020798344,21.164520312443482,48.59609124171065,781,Buy,0.15466933807819272
HINDALCO.NS,1,0.577180600274268,2025-09-01,121,0.619397892898084,13.0,,9.896515961732087,15.764736350361474,19.284642155315225,76.23055002493274,782,Buy,0.15436120054853597
ANSALAPI.NS,1,0.5770069101927077,2025-03-01,305,-2.761013215859031,40.0,,-2.89017751296625,-27.586207073735576,22.7618225305168,49.29577606676251,783,Buy,0.15401382038541533
BHEL.NS,1,0.5769703933273332,2025-09-01,121,1.9197062621045835,5.0,,0.683016534862084,19.68606170568701,24.351462745684817,62.80703182108918,784,Buy,0.15394078665466648
ACI.NS,1,0.5769113466822106,2025-09-01,121,0.19493278179937953,16.0,,9.363040742777887,-19.608969882776037,24.002226442714647,79.67163061833764,785,Buy,0.15382269336442111
BIRLACABLE.NS,1,0.5765009526731847,2025-09-01,121,0.5940959409594095,5.0,,-5.318120412734398,-15.136675070838972,21.00839869556462,56.12558447111935,786,Buy,0.15300190534636937
SKIPPER.NS,1,0.5764987207761529,2025-09-01,121,2.159968479117415,24.0,,-6.921267977312002,-17.361577033854946,27.337425998987857,50.82365795292809,787,Buy,0.15299744155230588
HUDCO.NS,1,0.5764286657341784,2025-09-01,121,7.275544713644176,,,-3.3756886974449127,-1.4629501927046984,31.13465498248113,71.06968918580266,788,Buy,0.15285733146835678
AVTNPL.NS,1,0.5763783212683813,2025-09-01,121,0.47834645669291337,11.0,,-2.804292534126166,-8.132113251303752,20.664687401904093,40.668802678436954,789,Buy,0.15275664253676258
SOMANYCERA.NS,1,0.5763565743267745,2025-09-01,121,0.8024096385542169,13.0,,-5.124556608188761,-10.436731490149075,18.812307780879046,33.10809417567417,790,Buy,0.1527131486535489
RAMASTEEL.NS,1,0.5761653475456816,2025-09-01,121,0.357487922705314,5.0,,-5.252520445718494,-8.576998974753657,34.977434630568524,7.772003571585643,791,Buy,0.1523306950913632
GOYALALUM.NS,1,0.5761370822120438,2025-09-01,121,0.5247839927239656,14.35,,1.0159676780528324,-2.1097059430474028,28.68670475032343,61.24031724111419,792,Buy,0.1522741644240877
MIRZAINT.NS,1,0.5761214276542066,2025-09-01,121,0.29313929313929316,1.0,,-7.5018751539972905,-4.861109407731963,24.685715205106572,16.26172662393732,793,Buy,0.1522428553084132
APLAPOLLO.NS,1,0.5760786200712992,2025-09-01,121,0.8006970849176173,15.0,,10.361526040047057,13.51640043378002,18.204692320217525,86.20829223766061,794,Buy,0.15215724014259835
MVGJL.NS,1,0.575894893828016,2025-09-01,121,1.0830090791180285,16.0,,-2.811765119125569,-4.73886789787775,24.5689976242451,47.73233922394576,795,Buy,0.1517897876560319
JUNIPER.NS,1,0.5758361961271612,2025-09-01,121,0.5430245331380447,6.0,,4.05808889048409,-9.685780000166863,37.650548079782475,62.25436468475269,796,Buy,0.15167239225432239
RAMRAT.NS,1,0.5756919902526848,2025-09-01,121,2.2217898832684826,21.0,,1.0009805286441562,-2.029446876243534,20.627906349925667,51.829583933486134,797,Buy,0.1513839805053696
HINDNATGLS.NS,1,0.575617719895474,2025-06-01,213,-4.616149068322981,3.0,,,,,,798,Buy,0.1512354397909479
MUTHOOTCAP.NS,1,0.5754452933322605,2025-09-01,121,4.678843226788432,,,-1.8796993302740725,-2.229753932282112,25.536926586213298,46.218454761405816,799,Buy,0.15089058666452093
SETCO.NS,1,0.5754390543192553,2025-09-01,121,1.0322537651606023,-2.22,,-0.8838405427659108,-6.100475753456927,33.23575253092953,52.65955908798305,800,Buy,0.1508781086385107
GLOSTERLTD.NS,1,0.5753899420161336,2025-09-01,121,0.340153452685422,5.0,,5.452390359541683,3.8036734087347313,15.933314064185936,72.9445321346464,801,Buy,0.15077988403226716
LMW.NS,1,0.5752281119842549,2025-09-01,121,0.4564994882292733,5.0,,-0.6564116164964858,5.7150920764834545,21.9982662483489,48.04123711340206,802,Buy,0.15045622396850988
THOMASCOOK.NS,1,0.575176981589957,2025-09-01,121,1.2596439169139466,11.0,,1.15622455441492,-6.412032820799193,31.572131955368864,64.53488773254135,803,Buy,0.150353963179914
CEREBRAINT.NS,1,0.5751483399286811,2025-09-01,121,0.636986301369863,-15.0,,-10.303027850975093,-25.999999046325684,30.82542238163676,13.709652920033207,804,Buy,0.15029667985736217
IOB.NS,1,0.5750679762909227,2025-09-01,121,11.414944310483408,,,-6.204567396796942,-8.67037458570856,28.541010140255423,42.46101505317767,805,Buy,0.1501359525818453
COMSYN.NS,1,0.575013409927283,2025-09-01,121,0.9177215189873418,11.0,,3.7569107645320474,-6.788851198158547,22.495748215279423,65.98810207486359,806,Buy,0.150026819854566
WANBURY.NS,1,0.5748915494914003,2025-09-01,121,3.2710280373831777,6.0,,-8.147544018390708,-9.160148777018287,34.32933918084578,43.521601757921474,807,Buy,0.14978309898280062
BHARATGEAR.NS,1,0.574870649439146,2025-09-01,121,2.319672131147541,2.0,,-0.4541326130149989,-25.26933333055888,28.8622565910904,69.95752404331907,808,Buy,0.14974129887829202
RECLTD.NS,1,0.5747129945451342,2025-09-01,121,6.727564993533884,10.0,,-0.1818504383449322,-4.314662713421743,19.33665780588235,64.19068150999163,809,Buy,0.1494259890902685
MANINDS.NS,1,0.5744569099866106,2025-09-01,121,1.1349831271091113,17.0,,-13.812711751846432,6.195051591474932,38.53841363499978,23.185011709601866,810,Buy,0.14891381997322117
SECMARK.NS,1,0.5744332562778042,2025-09-01,121,0.635880077369439,22.26,,-4.904518967231472,-3.861201603016356,44.583992961098836,45.78184967815621,811,Buy,0.14886651255560834
CAMPUS.NS,1,0.574143493674954,2025-09-01,121,0.929471032745592,20.0,,-5.03896813084291,-2.8375347638334563,24.05725490499814,40.69931717510758,812,Buy,0.14828698734990797
GRAPHITE.NS,1,0.5740475328169121,2025-09-01,121,0.2578975548813136,10.0,,17.8404235776051,16.95980746421047,36.451959614240984,79.7273208462721,813,Buy,0.14809506563382424
NESCO.NS,1,0.5739425505615304,2025-09-01,121,0.19792783136834582,21.0,,-2.69261512423054,-6.480917894203245,24.30228533781262,50.61792650002986,814,Buy,0.14788510112306086
NCC.NS,1,0.573875706051202,2025-09-01,121,1.886414547371195,20.0,,-6.8617162674765,-23.57452101225384,25.75465884877789,49.272832500268514,815,Buy,0.14775141210240395
CRAFTSMAN.NS,1,0.5734101513893821,2025-09-01,121,1.4182892906815021,8.0,,10.560747663551401,14.486711829077645,36.44743276716467,69.82836495031617,816,Buy,0.14682030277876423
BLUESTARCO.NS,1,0.5733033933589051,2025-09-01,121,1.6152227288670642,23.0,,-0.8422180036993165,-7.990433217869485,21.06715009214247,47.4175283312046,817,Buy,0.14660678671781024
ARE&M.NS,1,0.5732414659463397,2025-09-01,121,0.36357794627939855,17.0,,-4.303227301674596,-7.81362897175356,14.190977024726825,31.83670469740558,818,Buy,0.14648293189267947
SIS.NS,1,0.5731665855714709,2025-09-01,121,1.27551867219917,12.0,,3.283769053397255,-3.376320622701895,21.386178814249384,60.60603569630399,819,Buy,0.14633317114294186
KICL.NS,1,0.57307318495287,2025-09-01,121,0.0646335912608102,1.0,,-3.3155080213903747,1.2462368197962916,25.795015886823812,55.57337610264635,820,Buy,0.14614636990573993
SHYAMTEL.NS,1,0.572625542647756,2025-09-01,121,-1.410675717371182,,,-1.3018702026748044,-12.608069060311312,30.48297256530678,35.500015735611214,821,Buy,0.145251085295512
AARTISURF.NS,1,0.5725463702828377,2025-09-01,121,1.0672268907563025,9.0,,-9.286552563048247,-15.94234688143562,20.661879868428787,31.879516636687796,822,Buy,0.14509274056567545
OSIAHYPER.NS,1,0.5725243415815445,2025-09-01,121,1.0185185185185186,15.0,,-15.363593398759527,-35.79427975796055,57.86020778665454,44.486691980740126,823,Buy,0.14504868316308905
TECHNOE.NS,1,0.5720822238347474,2025-09-01,121,0.5185469429521616,17.0,,-9.364272262494826,-18.846560988969088,31.76428401521206,49.253114221211845,824,Buy,0.14416444766949477
ORBTEXP.NS,1,0.5720600468781216,2025-09-01,121,0.19272727272727272,18.0,,-4.9254492109454056,8.699851079833781,33.769347975789884,61.51024083197398,825,Buy,0.14412009375624324
SMARTLINK.NS,1,0.5720186945923083,2025-09-01,121,0.135,0.0,,-2.8699638781376438,-7.479319988114702,23.276768825024792,44.98754563366583,826,Buy,0.1440373891846165
RELCHEMQ.NS,1,0.5719975568119536,2025-09-01,121,2.4214285714285713,7.0,,-10.349220305565206,-14.165379484366364,26.598441383591798,31.611101276246842,827,Buy,0.14399511362390727
QUESS.NS,1,0.5718213755684389,2025-09-01,121,1.924507658643326,13.0,,-1.810110066165629,-19.40807862840058,25.438398705796644,45.945104106087896,828,Buy,0.14364275113687786
BALAJITELE.NS,1,0.5717720079850376,2025-09-01,121,0.26917293233082706,0.0,,-8.048697159610768,-13.31737493150584,46.03354213337962,54.93157395124135,829,Buy,0.14354401597007516
FCSSOFT.NS,1,0.5716496127479552,2025-09-01,121,0.025809809564631702,0.97,,-8.955221313529805,-19.02654643196573,24.67606444209714,32.5000111758649,830,Buy,0.14329922549591045
GARUDA.NS,1,0.5716235315461826,2025-09-01,121,0.4806201550387597,30.0,,-10.518501618300697,1.724049298270271,37.48306624208869,36.963543581033385,831,Buy,0.14324706309236523
ATGL.NS,1,0.5715959925452808,2025-09-01,121,0.9350736278447122,17.0,,-5.8090269739569145,-11.605048543467486,14.914591794782314,30.338187839673907,832,Buy,0.14319198509056164
SHREYANIND.NS,1,0.5715476487167446,2025-09-01,121,0.4601366742596811,16.0,,-4.695425009336511,-21.54785472421396,17.900893468130334,45.54995006595195,833,Buy,0.14309529743348914
GREAVESCOT.NS,1,0.5713723798923489,2025-09-01,121,0.32961260669730796,18.0,,-2.5568031761984913,-10.866234054079978,25.139605964438516,64.89759631359932,834,Buy,0.1427447597846978
MANINFRA.NS,1,0.5712332820067956,2025-09-01,121,0.032116788321167884,13.0,,-3.892980911032061,-12.392538806244122,31.63338129235464,41.61072210345755,835,Buy,0.14246656401359115
DABUR.NS,1,0.5711731961444007,2025-09-01,121,0.5288540807914263,25.0,,-0.8563846833303433,2.2640992386507803,12.349876710106129,52.55878740297071,836,Buy,0.1423463922888013
NHPC.NS,1,0.5711727200340047,2025-09-01,121,1.3491752654967237,7.0,,2.510355165696472,-8.278338889090584,16.710089306951662,61.65897399116257,837,Buy,0.1423454400680093
LORDSCHLO.NS,1,0.5710441600550132,2025-09-01,121,1.0696517412935322,5.0,,-6.2062115820831,0.6095027787537057,34.40427751080994,46.26196460804718,838,Buy,0.14208832011002648
APOLSINHOT.NS,1,0.5710168236022772,2025-09-01,121,1.09,12.0,,-4.869799827155886,-9.828489845497764,21.143441766283818,42.88587563400833,839,Buy,0.14203364720455447
DENORA.NS,1,0.5708862126034817,2025-09-01,121,0.3779527559055118,1.0,,-0.852604684113078,-17.21766581911162,27.645527732111415,49.93189988784815,840,Buy,0.14177242520696343
JITFINFRA.NS,1,0.5706283476044727,2025-09-01,121,0.004241252416890207,0.13,,-7.633587786259542,-21.417234692631755,28.969809085399678,38.98140133237048,841,Buy,0.14125669520894535
DEEPAKNTR.NS,1,0.5705164040904643,2025-09-01,121,0.14375987361769352,10.0,,13.583889472800523,-5.96253319729161,27.967298835161536,82.11749009607223,842,Buy,0.14103280818092867
INDIASHLTR.NS,1,0.5701775607858591,2025-09-01,121,1.9447305183659458,,,-7.422551320177866,-7.868197640580229,18.674465984015118,27.296037880021544,843,Buy,0.14035512157171826
AKG.NS,1,0.5701598138188737,2025-09-01,121,0.0,2.96,,5.308218059586354,-6.888719491175409,30.611014818215594,54.857145036969875,844,Buy,0.1403196276377474
TALBROAUTO.NS,1,0.5701542188793813,2025-09-01,121,0.5213946117274167,18.0,,-3.40768729929452,-8.254278145004799,30.53432441005905,41.490713557841616,845,Buy,0.14030843775876267
PAVNAIND.NS,1,0.5701228471700838,2025-09-01,121,0.5309278350515464,10.0,,-24.79919697300955,-39.27027212606894,54.68134345666069,27.179002790949767,846,Buy,0.14024569434016754
EVEREADY.NS,1,0.5700764446447517,2025-09-01,121,1.466950959488273,17.0,,1.7014694508894046,-16.77215189873418,26.428952758901808,56.9384837977617,847,Buy,0.14015288928950342
NSIL.NS,1,0.5699596506986653,2025-09-01,121,0.13391392149438344,0.0,,-3.8416162807845455,-11.454372623574145,17.000902315065648,46.426271732131354,848,Buy,0.13991930139733055
CLEDUCATE.NS,1,0.5697683188625384,2025-09-01,121,2.361788617886179,2.0,,2.175445030814087,-3.8614715311219454,31.66517379631881,63.1231744547276,849,Buy,0.13953663772507685
GMMPFAUDLR.NS,1,0.5696547898517206,2025-09-01,121,0.6597307221542228,8.0,,-0.4237244301092404,4.312798760152932,23.549390477827004,73.6956400591952,850,Buy,0.13930957970344116
SWELECTES.NS,1,0.5696158950364342,2025-09-01,121,0.569811320754717,4.0,,-9.523113115134803,-28.995705360336192,37.92951927825692,47.18525959633064,851,Buy,0.13923179007286834
JBMA.NS,1,0.5694806938631007,2025-09-01,121,2.303204601479047,14.0,,2.483043464128599,-7.925442420917658,43.9664633916003,65.33529921984521,852,Buy,0.13896138772620148
BHANDARI.NS,1,0.5693057856312482,2025-09-01,121,0.8141025641025641,9.0,,-4.09638728644159,-14.03887860261793,17.572841180788693,44.73684870965394,853,Buy,0.13861157126249646
LUMAXTECH.NS,1,0.5691155895558626,2025-09-01,121,1.1764705882352942,11.0,,-0.3869719445340213,17.176240695507218,45.6347579575585,56.70620798540557,854,Buy,0.13823117911172522
ADANIPOWER.NS,1,0.568756793886271,2025-09-01,121,1.270456538991688,24.0,,-2.5688124521538276,-6.242206646493035,22.199976158900984,55.54534244882368,855,Buy,0.13751358777254197
SANDESH.NS,1,0.5686913047775243,2025-09-01,121,0.06236711552090716,8.0,,-2.315445280070052,-7.569376556228644,17.056760814908348,51.780429672077105,856,Buy,0.13738260955504855
SAGARDEEP.NS,1,0.5686681699637454,2025-09-01,121,0.5513111039171253,7.14,,7.52399635019127,4.945671294160676,32.66147930958579,68.84422929343725,857,Buy,0.13733633992749072
JLHL.NS,1,0.5684858861807871,2025-09-01,121,0.202113606340819,18.0,,-5.4873514030178185,-6.696129527601631,22.246058229241342,44.4619522138286,858,Buy,0.1369717723615742
WHEELS.NS,1,0.568472140393047,2025-09-01,121,2.4183222958057393,16.0,,0.36163970389547695,-4.411112467447917,27.97384809119718,56.80589776389449,859,Buy,0.1369442807860941
BIL.NS,1,0.5682008829692451,2025-09-01,121,1.7770114942528736,10.0,,-14.77709899908991,-14.625465817959068,48.36639149704472,30.855866382569246,860,Buy,0.13640176593849018
RENUKA.NS,1,0.5679650311705957,2025-09-01,121,-8.131749460043197,10.0,,-2.134837400319606,-12.987017771242531,27.019871328846346,35.29411081965691,861,Buy,0.13593006234119143
ONMOBILE.NS,1,0.5678322791765549,2025-09-01,121,0.1702127659574468,3.0,,0.14032947449582728,-15.808874490436084,51.792577746784104,54.219789443647436,862,Buy,0.13566455835310975
MANAKSIA.NS,1,0.5677969072457396,2025-09-01,121,0.14736842105263157,1.0,,1.895735825280837,-4.089219330855019,32.62581608808385,68.05844209109026,863,Buy,0.13559381449147923
GAYAHWS.NS,1,0.567651683673955,2025-09-01,121,-2.5421686746987953,7.0,,-3.050852580784093,-30.750609785806603,53.63358745187505,33.333343522155644,864,Buy,0.13530336734791004
AMDIND.NS,1,0.5674440252198704,2025-09-01,121,0.6730769230769231,5.0,,-11.248840152043037,-12.303472483305818,25.140027905689628,32.22224778808217,865,Buy,0.13488805043974073
BAJAJFINSV.NS,1,0.5673716447608983,2025-09-01,121,0.02270908363345338,27.0,,-1.258525541348388,1.6392637974121822,17.851304315206075,42.52741996947193,866,Buy,0.1347432895217966
DEVYANI.NS,1,0.567022497854923,2025-09-01,121,1.9267015706806283,8.0,,11.106933673313874,-13.852339457313464,35.121488574929025,68.65135237464209,867,Buy,0.13404499570984596
IGL.NS,1,0.5668345437020829,2025-09-01,121,0.5571311977147521,21.0,,-1.9452630620560512,-6.913212445162131,26.375322449770415,65.65232582730307,868,Buy,0.13366908740416572
FEDERALBNK.NS,1,0.566748205070343,2025-09-01,121,9.157462345960749,,,3.346873084902508,37.85095668656835,15.415450918366554,61.03205977540781,869,Buy,0.13349641014068592
STARCEMENT.NS,1,0.5666163453945926,2025-09-01,121,0.6635859519408502,-3.0,,-0.7394726513124614,-11.321277310036928,19.032055334390304,61.869208187894934,870,Buy,0.1332326907891852
MANYAVAR.NS,1,0.5665520686842191,2025-09-01,121,0.5223707147007554,26.0,,-3.793077046533898,-15.741478445847058,25.503319619510396,49.95110623996545,871,Buy,0.1331041373684383
TATAELXSI.NS,1,0.5665008322908089,2025-09-01,121,0.27905255366395265,36.0,,2.213770236005461,0.27745885954841176,31.389256964547553,62.24043715846995,872,Buy,0.13300166458161788
NAVINFLUOR.NS,1,0.5664122637527852,2025-09-01,121,0.14749348015068095,12.0,,2.307094098332325,27.995824460540717,32.453165178693574,46.060217809096734,873,Buy,0.1328245275055704
SUNDARMFIN.NS,1,0.566397359593252,2025-09-01,121,4.075474622239442,,,10.964544223977597,19.75064727842004,24.899217488594267,80.89814126849029,874,Buy,0.13279471918650398
ORIENTALTL.NS,1,0.5663739077201271,2025-09-01,121,0.25252525252525254,-5.0,,-2.843599325241489,-21.00192949076089,39.6554319743395,42.95774884366918,875,Buy,0.13274781544025416
LINC.NS,1,0.5663729857126233,2025-09-01,121,0.4090909090909091,22.0,,-10.927885603021362,-11.573545549561238,31.83004245801278,31.012676286954587,876,Buy,0.13274597142524658
MOLDTKPAC.NS,1,0.5662182871105201,2025-09-01,121,0.523168908819133,12.0,,-2.091645511937621,-17.230204168927457,29.703321157567885,69.9942117534703,877,Buy,0.13243657422104027
SPORTKING.NS,1,0.5659121287318367,2025-09-01,121,0.709280303030303,12.0,,-5.073485149842225,-14.10698393603244,32.751569902779856,45.061734499971045,878,Buy,0.13182425746367343
BAJAJCON.NS,1,0.5657880928775442,2025-09-01,121,0.25697503671071953,19.0,,-3.2294571455972614,8.531735515009668,27.469335484104267,50.43263996764914,879,Buy,0.13157618575508834
RELAXO.NS,1,0.5655714893898002,2025-09-01,121,0.36018957345971564,11.0,,-0.7850863982123109,-9.317191876487128,23.568544196684673,35.573096784076824,880,Buy,0.13114297877960035
MRF.NS,1,0.5655102388446535,2025-09-01,121,0.5616718168962447,27.0,,0.2853956173730482,4.826507860445061,14.560982654053504,53.62407862407862,881,Buy,0.1310204776893069
KSL.NS,1,0.5654938748296598,2025-09-01,121,0.4319796954314721,16.0,,0.1103649365698806,0.06489292667099286,26.716834582590398,77.9277142721624,882,Buy,0.1309877496593197
NTPC.NS,1,0.5652256839399054,2025-09-01,121,1.4855205857296898,12.0,,0.28909971753130814,-2.3224205839510077,10.384142832701478,65.01076354605124,883,Buy,0.1304513678798107
INTENTECH.NS,1,0.5650626322610762,2025-09-01,121,0.36220472440944884,11.0,,-12.083823505378884,-14.35700074073245,34.97763032216585,26.904770230484772,884,Buy,0.13012526452215245
COMPUSOFT.NS,1,0.5649710293791204,2025-09-01,121,0.4663625997719498,3.86,,-4.127351965671322,-10.610226764766669,14.306712137168983,36.79998291013017,885,Buy,0.12994205875824072
DREAMFOLKS.NS,1,0.5649695051143957,2025-09-01,121,0.41935483870967744,35.0,,-9.99835227234106,6.7932601441220655,24.482111384737458,38.1174753330729,886,Buy,0.1299390102287914
PATINTLOG.NS,1,0.5649275737370141,2025-09-01,121,0.3902439024390244,6.0,,0.6382921736076794,0.6382921736076794,24.939823864589115,69.36937594857372,887,Buy,0.12985514747402815
SOLARINDS.NS,1,0.5649167050584366,2025-09-01,121,0.3588352840422495,37.0,,-7.928158112271737,-8.389412292507851,28.33519854072504,45.61702127659574,888,Buy,0.12983341011687322
STERTOOLS.NS,1,0.5648649659459685,2025-09-01,121,0.3772455089820359,12.0,,-4.002812934072342,-12.44772674467741,31.437675443890186,52.95296084224726,889,Buy,0.12972993189193693
LAXMIDENTL.NS,1,0.5645586384941019,2025-09-01,121,0.11666666666666667,17.0,,0.4238940161472079,-16.220786598992472,45.891571231177416,59.63190211615842,890,Buy,0.12911727698820386
USK.NS,1,0.5644894190746319,2025-09-01,121,1.0186335403726707,-1.0,,-5.186388455502051,-24.92781661451799,37.024900447985914,55.01221821166419,891,Buy,0.1289788381492638
CSLFINANCE.NS,1,0.5644224362375166,2025-09-01,121,1.3982758620689655,,,5.059996149616479,9.238842682457165,33.953705577122854,55.38563929622933,892,Buy,0.1288448724750333
INDIAGLYCO.NS,1,0.5640498673639848,2025-09-01,121,1.9033889731917046,12.0,,-4.635882555434827,17.033286478558228,30.628630122446765,28.92739281594497,893,Buy,0.12809973472796954
GULFPETRO.NS,1,0.5636624325468275,2025-09-01,121,0.17647058823529413,11.0,,-6.707323733079614,-11.760286649430384,25.50646446146139,48.85360650234096,894,Buy,0.12732486509365493
PUNJABCHEM.NS,1,0.5636342438798738,2025-09-01,121,0.7416267942583732,15.0,,-13.870118544259235,-8.181681863747396,41.930411524817316,43.927897419208016,895,Buy,0.12726848775974764
MANUGRAPH.NS,1,0.5636244183687465,2025-09-01,121,1.374830852503383,-15.63,,-1.9417457749564655,-30.164216622057456,32.755249385337514,44.615356023948486,896,Buy,0.1272488367374931
BANKBARODA.NS,1,0.5632988962690935,2025-09-01,121,11.424827886473102,,,-0.33681374892471533,13.98304581645276,20.894365779516434,68.60069930142767,897,Buy,0.12659779253818693
MINDACORP.NS,1,0.5632905203778671,2025-09-01,121,1.185700575815739,12.0,,-4.459984646240899,-0.983099745953526,23.12466147316954,44.99244048068836,898,Buy,0.12658104075573418
ASTRAL.NS,1,0.563233000138047,2025-09-01,121,0.3135077980438805,22.0,,-2.1976440265509174,0.9756775267129085,21.538072645126036,46.14734230858678,899,Buy,0.126466000276094
GOLDENTOBC.NS,1,0.5632068994135707,2021-12-01,1491,-2.343570057581574,,,-3.424239881110914,-6.9217310836870345,34.17709911300093,47.067910092132514,900,Buy,0.12641379882714143
CYBERTECH.NS,1,0.563145337126121,2025-09-01,121,0.8161764705882353,16.0,,-1.0769598563425504,-20.195849316488943,26.277285241185783,48.31685082956396,901,Buy,0.12629067425224205
FMNL.NS,1,0.5630290728870726,2025-09-01,121,1.588235294117647,16.0,,-12.339585250527792,-8.829565471114144,33.792777100515615,40.645163672027145,902,Buy,0.1260581457741452
M&M.NS,1,0.5629656722893139,2025-09-01,121,0.6403423019656795,27.0,,-0.19642267800686128,7.0970738510960665,15.805678627680273,56.373122442426755,903,Buy,0.12593134457862787
DMART.NS,1,0.5627733486441916,2025-09-01,121,0.1569862668514552,18.0,,-4.533295356724895,-15.004830801254638,15.957177680834574,42.8063757021396,904,Buy,0.1255466972883832
SAURASHCEM.NS,1,0.5625935408294239,2025-09-01,121,0.6547743966421826,2.0,,-6.006665183489699,-21.601689034968924,31.886202917053534,48.07049861460605,905,Buy,0.12518708165884784
RAMKY.NS,1,0.5625520417784625,2025-09-01,121,1.0048543689320388,23.0,,-3.8006393587095912,-4.362391483737656,29.943185377609705,56.95535787232611,906,Buy,0.12510408355692504
ELGIRUBCO.NS,1,0.5625194076238449,2025-09-01,121,0.6369426751592356,2.0,,-19.496182494254438,-32.22819341609221,52.06356369634394,36.827386072856754,907,Buy,0.12503881524768978
NAVKARCORP.NS,1,0.5624531614199029,2025-09-01,121,0.12758264462809918,-2.0,,-0.961930545602602,-17.11530705417977,36.173545948196924,53.95743058957668,908,Buy,0.12490632283980574
JINDALSTEL.NS,1,0.5624003973689844,2025-09-01,121,0.47316674273543285,12.0,,2.4300154367679845,-1.0516386076877933,22.72781931423028,60.8143917753906,909,Buy,0.12480079473796879
TNPETRO.NS,1,0.5622363243008773,2025-09-01,121,0.6858108108108109,7.0,,0.8977198449289663,2.5429513516683664,24.84378055847358,50.70949303042182,910,Buy,0.12447264860175467
EDELWEISS.NS,1,0.5620945709534534,2025-09-01,121,0.6548641542506574,3.0,,-2.5608691868434565,-0.5613330455782438,32.98200653284987,59.88056392911373,911,Buy,0.12418914190690677
AJANTPHARM.NS,1,0.5620696056087489,2025-09-01,121,0.21196705426356588,33.0,,8.050409616240218,15.476504173944988,18.659126406069422,63.66674942621985,912,Buy,0.12413921121749771
ACLGATI.NS,1,0.561444265682746,2025-06-01,213,0.010893246187363835,2.0,,,,,,913,Buy,0.12288853136549194
UMAEXPORTS.NS,1,0.5613839493021915,2025-09-01,121,1.30635838150289,4.0,,-3.3906771120830506,-15.13359586181372,21.207748926965035,49.40171185399552,914,Buy,0.12276789860438297
FLFL.NS,1,0.5613688070554602,2022-09-01,1217,-2.920568122041031,-59.0,,0.0,-16.27906783327278,37.48976910371626,57.500003725288295,915,Buy,0.12273761411092043
PEL.NS,1,0.5611652329594656,2025-06-01,213,0.39839766933721776,,,,,,,916,Buy,0.12233046591893126
RML.NS,1,0.5611222239754493,2025-09-01,121,2.43509272467903,14.0,,4.079902991914033,-2.606104095208746,30.368350914335856,77.0595834547419,917,Buy,0.12224444795089862
EIEL.NS,1,0.5610765696449157,2025-09-01,121,0.26394052044609667,33.0,,-3.8253163044967176,-16.12627142072938,27.691303062889318,60.21052979384821,918,Buy,0.1221531392898314
MARKSANS.NS,1,0.5610335751730986,2025-09-01,121,0.2153846153846154,19.0,,-7.47242102196686,9.240184573663186,25.651736127246917,33.40424722744763,919,Buy,0.1220671503461972
HEXT.NS,1,0.560972213461073,2025-09-01,121,0.6581347455133862,32.0,,3.6698456412699976,16.206158658999247,39.99796454637683,57.97817010718898,920,Buy,0.12194442692214591
NDL.NS,1,0.5605678431793808,2025-09-01,121,0.9280125195618153,9.0,,-4.530740141565086,-11.676643009213736,17.70196747130642,45.16129032258064,921,Buy,0.1211356863587616
AGARWALEYE.NS,1,0.5603076770708111,2025-09-01,121,0.4539877300613497,6.0,,-4.687348012898463,0.19710258952790236,23.212054855630452,62.908528427509935,922,Buy,0.12061535414162217
AAVAS.NS,1,0.5602333453928976,2025-09-01,121,3.154059829059829,,,-3.3535811454075923,-10.39843453549068,26.571079334803066,29.450268054107198,923,Buy,0.1204666907857952
KAMDHENU.NS,1,0.5600103885329246,2025-09-01,121,0.17032967032967034,29.0,,-4.69824113024612,-12.731722176360167,35.35906661292272,45.63591657036774,924,Buy,0.12002077706584924
SURAJLTD.NS,1,0.5599764285665514,2025-09-01,121,0.5303030303030303,12.0,,-7.626806974458448,-21.82359242628568,27.286135249510558,32.75387123974603,925,Buy,0.11995285713310277
DIL.NS,1,0.5599693484536472,2025-09-01,121,0.19545454545454546,,,-7.027026678716471,-20.00000221784715,24.90419197366782,39.99999999999999,926,Buy,0.11993869690729442
RUBFILA.NS,1,0.5598042923697,2025-09-01,121,0.18411552346570398,13.0,,-0.38630733542861356,-8.68237961087386,21.238130684735225,54.37374154870562,927,Buy,0.11960858473939995
PDMJEPAPER.NS,1,0.5597835666141401,2025-09-01,121,0.3370253164556962,22.0,,-6.209339127943504,-19.885498703426844,22.93078980849411,45.727768001891825,928,Buy,0.11956713322828016
SAIL.NS,1,0.5595623690244756,2025-09-01,121,1.3522055276651244,7.0,,10.969347759949748,8.946047648996275,31.00282659320816,76.43139509943865,929,Buy,0.1191247380489513
PANACEABIO.NS,1,0.5592116436195619,2025-09-01,121,1.9143835616438356,-2.0,,6.314444078296748,-6.159604041653679,62.681200780789204,65.37386705337912,930,Buy,0.11842328723912376
SIRCA.NS,1,0.5590848031971318,2025-09-01,121,0.26410835214446954,20.0,,-3.365768864495834,2.1194011881715644,29.320416640747887,65.86682610753984,931,Buy,0.11816960639426366
AAKASH.NS,1,0.5587927951657077,2025-09-01,121,0.7410918600849951,4.6,,-2.0179406237243804,-9.336105188294775,17.34367276216592,44.96123572538023,932,Buy,0.11758559033141536
VRLLOG.NS,1,0.5584257353201028,2025-09-01,121,1.2673357664233578,16.0,,-1.6321224240124599,-1.9019684731309685,18.3368130997179,39.460826845862485,933,Buy,0.11685147064020551
GODREJCP.NS,1,0.5579517493582852,2025-09-01,121,0.6111938446264582,19.0,,7.958658910782569,6.874091481913752,15.357252140851099,90.77922478168762,934,Buy,0.11590349871657035
HITECHGEAR.NS,1,0.5575990753495892,2025-09-01,121,0.3903966597077244,13.0,,-2.0759243337617277,-7.339386181361419,30.413452160620757,57.05947504908861,935,Buy,0.11519815069917838
BHARATWIRE.NS,1,0.5574956160849862,2025-09-01,121,0.2574002574002574,13.0,,3.153410824862393,16.789968874818147,36.91481922868681,54.40281007356162,936,Buy,0.11499123216997242
BAJAJHIND.NS,1,0.5572950944228645,2025-09-01,121,2.1147540983606556,1.0,,-7.2927120801094025,-8.255067296503434,27.433112172185687,29.60726520475164,937,Buy,0.11459018884572902
ZODIAC.NS,1,0.5572015053164828,2025-09-01,121,2.267326732673267,20.0,,-7.771238728136782,-21.691222010630202,32.76299318278401,49.12680724692286,938,Buy,0.11440301063296565
PTC.NS,1,0.5570038868747752,2025-09-01,121,0.9221030042918454,12.0,,2.5092091184012064,-4.032113604161498,20.522095815008775,60.762917855726634,939,Buy,0.1140077737495504
UNIECOM.NS,1,0.5566524558644047,2025-09-01,121,0.18719211822660098,32.0,,-4.9111412221861395,-17.441620179231123,21.450619098118295,54.55704518168808,940,Buy,0.11330491172880941
MUKKA.NS,1,0.5566366633237345,2025-09-01,121,1.7188264058679708,11.0,,-10.439967445640564,-10.20560576536945,30.67115223454058,40.935713608503846,941,Buy,0.11327332664746903
DAMCAPITAL.NS,1,0.5565972088161131,2025-09-01,121,0.5580645161290323,65.0,,-4.123144030163198,-11.27010110823467,29.58869158911832,48.956303711543,942,Buy,0.11319441763222615
TRU.NS,1,0.5565475179351147,2025-09-01,121,3.165137614678899,,,-10.365131464401212,-29.406304990538896,46.34581974323953,42.372877246448326,943,Buy,0.1130950358702294
KOTHARIPET.NS,1,0.5563673348034573,2025-09-01,121,0.21726190476190477,30.0,,0.3385155069004407,-5.383051629482408,36.48277907932011,56.68402413680288,944,Buy,0.1127346696069147
MADRASFERT.NS,1,0.5562114259877862,2025-09-01,121,82.08,11.0,,3.618376562595889,-6.230860801474621,27.724913367509206,74.93037380843845,945,Buy,0.11242285197557234
SPLIL.NS,1,0.5561572076899052,2025-09-01,121,0.06391300200324337,4.55,,-13.383184089937933,-12.434828941260426,26.928634905399928,29.874571661964623,946,Buy,0.11231441537981035
BASML.NS,1,0.5559743863269196,2025-09-01,121,1.1383647798742138,5.0,,-17.120001220703124,-0.11569875160980811,33.82979912906455,28.358224534657026,947,Buy,0.11194877265383929
SGL.NS,1,0.5557207878052463,2025-09-01,121,1.3461538461538463,1.0,,-3.7341298519782113,-16.026058482165546,30.52809442562182,42.59259651717992,948,Buy,0.1114415756104925
GVPTECH.NS,1,0.5555019665015545,2025-09-01,121,0.3953488372093023,-1.0,,-1.2222184075249565,-4.715965530346162,39.08134583577716,47.52475777292092,949,Buy,0.11100393300310896
SCHAEFFLER.NS,1,0.5551361270907387,2025-09-01,121,0.3325463131129677,26.0,,-0.7369888036303595,-7.835958467784318,19.485818300785017,52.00361927723896,950,Buy,0.11027225418147735
IMPAL.NS,1,0.5551310166077187,2025-09-01,121,0.12089201877934272,4.0,,1.001852842400348,-4.08275929878463,15.19054904699623,50.90252866674306,951,Buy,0.11026203321543737
THEJO.NS,1,0.555108174328307,2025-09-01,121,0.4097222222222222,27.0,,5.401161614992052,-3.3194804330320036,36.022017233447805,67.69040707875419,952,Buy,0.1102163486566139
ATALREAL.NS,1,0.5549361422223824,2025-09-01,121,0.38333333333333347,10.81,,11.767239019221634,15.142094929383212,25.032755505794686,76.95036564283066,953,Buy,0.10987228444476482
JISLJALEQS.NS,1,0.5547060878042455,2025-09-01,121,0.6709451575262544,4.0,,-5.579210438885055,-19.0549399192524,28.082592612038777,58.79332119224269,954,Buy,0.10941217560849092
BROOKS.NS,1,0.554698354555183,2025-09-01,121,0.20240080026675558,4.29,,-21.45447383273926,-40.707311913076836,66.57654858651027,31.933567253155616,955,Buy,0.10939670911036603
PARAS.NS,1,0.5546960603503913,2025-09-01,121,0.32200886262924666,17.0,,-3.093801852876106,-0.9622984583422798,33.079093866755386,55.22569150403561,956,Buy,0.10939212070078264
SIYSIL.NS,1,0.5546322473787695,2025-09-01,121,0.6086956521739131,20.0,,-10.191761363636363,-2.410553860624405,28.656490713011927,42.26005411915284,957,Buy,0.10926449475753897
IL&FSENGG.NS,1,0.5545747291718357,2025-09-01,121,-1.5140801001251565,,,-9.750335523480981,-11.011309130901923,45.82584013774054,54.014591629833035,958,Buy,0.1091494583436714
SAREGAMA.NS,1,0.5545444074081969,2025-09-01,121,0.32248342374924654,18.0,,-11.240361824482683,-24.371509357947076,40.11400667217973,37.2093023255814,959,Buy,0.10908881481639376
TORNTPHARM.NS,1,0.554532303145575,2025-09-01,121,0.5759905381431106,28.0,,3.272532188841202,7.9308091895046156,10.046593553079425,61.45552058084824,960,Buy,0.10906460629115
SSDL.NS,1,0.5544590694089303,2025-09-01,121,1.0052910052910053,29.0,,-4.454954957520906,-12.211297069487244,18.207634234609085,39.2685027650152,961,Buy,0.10891813881786061
CAPLIPOINT.NS,1,0.5543924776371952,2025-09-01,121,0.07650569723277266,29.0,,-4.235701145879873,-10.706826544282851,28.206700113316906,35.72323672060834,962,Buy,0.10878495527439047
PITTIENG.NS,1,0.5542951526650064,2025-09-01,121,1.2718340611353711,16.0,,-4.417320546352804,-17.43649163139939,30.974376560478404,52.0066906017214,963,Buy,0.10859030533001279
NIACL.NS,1,0.554229465483722,2025-09-01,121,2.9186208871862807,4.0,,-8.00022919265805,-17.59915267325745,28.24115433748091,44.52447487529058,964,Buy,0.10845893096744397
TEXINFRA.NS,1,0.553840870385572,2025-09-01,121,0.20761986896829923,0.08,,-3.6195558396707814,5.123902763829139,20.858231682151516,18.93304880024452,965,Buy,0.1076817407711439
ADANIGREEN.NS,1,0.5538109443326669,2025-09-01,121,2.003852392538524,9.0,,-0.7334246214608592,-4.658587194574836,21.677286690481953,48.37290422946664,966,Buy,0.10762188866533373
CHENNPETRO.NS,1,0.553697011744089,2025-09-01,121,0.9039046060322656,4.0,,-10.351110993617663,10.44776636795905,47.61181958647546,26.58675621815439,967,Buy,0.10739402348817806
MAWANASUG.NS,1,0.5534880949761222,2025-09-01,121,0.2314410480349345,-16.0,,7.475851243276523,2.431817488236861,33.71329243989622,64.65295075215252,968,Buy,0.10697618995224434
ARIHANTSUP.NS,1,0.5532688231664716,2025-09-01,121,2.260869565217391,5.0,,-2.150535822501042,-14.45629903814581,30.629585482583987,69.7281579434772,969,Buy,0.10653764633294327
RUCHIRA.NS,1,0.5526939734814533,2025-09-01,121,0.5691382765531062,19.0,,1.1846577052619056,-14.997566069737836,25.90511788856916,67.96314155750346,970,Buy,0.10538794696290665
TFCILTD.NS,1,0.5526310694300954,2025-09-01,121,0.8458466453674122,,,-1.5556544231072598,-11.13837537682813,45.41913465036838,51.672525279118005,971,Buy,0.10526213886019087
PREMEXPLN.NS,1,0.552480597763478,2025-09-01,121,0.8152173913043478,17.0,,-2.281191806331471,-8.300567933595456,37.546060405916975,60.24955325208007,972,Buy,0.10496119552695604
NBCC.NS,1,0.5523364402852435,2025-09-01,121,2.679095596985323,32.0,,5.648095077372557,11.42933839725487,36.905719282349054,73.4005654137317,973,Buy,0.10467288057048707
FIRSTCRY.NS,1,0.5522677452386145,2025-09-01,121,0.16577626679617938,2.0,,-4.446296787182556,-20.75680056077158,29.22876850670345,53.70195478588766,974,Buy,0.1045354904772291
CEATLTD.NS,1,0.5521383700711286,2025-09-01,121,1.854175872735307,16.0,,-2.466101364639294,9.293664843147132,26.711258188527776,52.626246450714845,975,Buy,0.1042767401422573
ZYDUSWELL.NS,1,0.5521143513133483,2025-09-01,121,0.05839780384327427,1.0,,6.826464374070147,-1.1416766185316058,27.694590219899528,79.70151664863953,976,Buy,0.10422870262669659
SAFARI.NS,1,0.5520343779049632,2025-09-01,121,0.33884297520661155,16.0,,-10.716925780805939,-0.501472981925389,30.400264634624502,27.904144695196564,977,Buy,0.10406875580992647
INDRAMEDCO.NS,1,0.5520023177989343,2025-09-01,121,0.44764795144157815,39.0,,-10.317219738353222,-1.6245870244751646,31.9582474547211,46.8030703844849,978,Buy,0.10400463559786854
HGINFRA.NS,1,0.5517053495301021,2025-09-01,121,1.0871409921671018,24.0,,-13.009865207842077,-18.91804320157428,31.13083679644637,45.74050075993921,979,Buy,0.10341069906020417
SUNTV.NS,1,0.5515541479622469,2025-09-01,121,0.07310813048517967,20.0,,6.1421733808647865,13.002452231953674,26.354582048372983,65.31333448615989,980,Buy,0.10310829592449378
BAJAJ-AUTO.NS,1,0.5515227793416451,2025-09-01,121,0.369759651348099,38.0,,2.834186340872819,8.30580188952646,15.9685954658731,61.947998349153934,981,Buy,0.10304555868329013
GOLDTECH.NS,1,0.5513775459330524,2025-09-01,121,0.059233449477351915,3.0,,-7.695105418049729,-19.11365845889513,57.81161677433463,63.77410786768357,982,Buy,0.10275509186610488
CRISIL.NS,1,0.5513659838925409,2025-09-01,121,0.3294710327455919,39.0,,-1.6745562064441302,-2.2769919953502655,23.447345989633554,45.98456479211612,983,Buy,0.10273196778508176
FILATEX.NS,1,0.5513583343240109,2025-09-01,121,0.709013484740951,14.0,,-5.310073536424076,-4.4022695619852845,33.06870714644708,48.8636380056394,984,Buy,0.10271666864802187
JIOFIN.NS,1,0.5512373149677975,2025-09-01,121,0.003944840834248079,3.0,,-3.215746609669811,0.25492860940883244,17.780005133712365,56.04720773112118,985,Buy,0.10247462993559497
GATECHDVR.NS,1,0.5511518349559191,2025-09-01,121,0.0988237562668722,,,0.0,-5.660372265889812,26.881958104430826,50.0,986,Buy,0.10230366991183826
BATAINDIA.NS,1,0.5511089715540093,2025-09-01,121,1.4303630363036304,15.0,,-2.2494051966876394,-20.629575003994177,18.282087395820092,35.11858128999553,987,Buy,0.10221794310801857
DCMFINSERV.NS,1,0.5506736244954007,2025-09-01,121,-1.4057142857142857,-3.31,,0.0,-2.919705234584303,31.55963437165586,54.901977283861974,988,Buy,0.10134724899080139
MUNJALSHOW.NS,1,0.5504327144947914,2025-09-01,121,0.26686656671664166,0.0,,-3.1112862603272613,-12.0196459617907,18.828555475708235,52.45169419616162,989,Buy,0.10086542898958273
BLAL.NS,1,0.5504150557066478,2025-09-01,121,-5.576036866359443,-100.0,,2.7525163316019277,-3.472452931230259,22.52620732653636,54.17497271956936,990,Buy,0.10083011141329568
SURAKSHA.NS,1,0.550246947732816,2025-09-01,121,0.6153846153846154,18.0,,-8.016374036936941,-9.619578220177239,21.769149429270627,34.454859779073686,991,Buy,0.10049389546563203
SKFINDIA.NS,1,0.5502227006213436,2025-09-01,121,0.40631808278867104,29.0,,-5.027961686292633,-61.16193404115774,25.103169439803324,57.38024163476358,992,Buy,0.1004454012426872
TVSMOTOR.NS,1,0.5499852342389799,2025-09-01,121,1.3540787984775229,35.0,,1.337622205829565,7.577072019788819,20.08026757420245,57.95675344863925,993,Neutral,0.09997046847795987
ASHOKLEY.NS,1,0.5497894219837823,2025-09-01,121,1.0268019776216497,36.0,,11.993751525878906,27.73863574559734,27.84493465111659,82.92594433637923,994,Neutral,0.09957884396756467
SRHHYPOLTD.NS,1,0.5497199510636956,2025-09-01,121,0.14455445544554454,15.0,,-1.100373195736848,-9.062115274716742,32.79434552134039,61.419878647718114,995,Neutral,0.09943990212739129
SBC.NS,1,0.5494138708915902,2025-09-01,121,3.536231884057971,16.0,,5.381167868987673,27.313775388726704,17.049707059315256,62.84588615611015,996,Neutral,0.09882774178318043
FIBERWEB.NS,1,0.5493215746723967,2025-09-01,121,0.09239130434782608,10.0,,-4.423381583529266,-16.108160727908057,27.962916566128758,50.75494260451322,997,Neutral,0.09864314934479346
KAUSHALYA.NS,1,0.5490260315324434,2025-09-01,121,0.2858550039401101,-1.13,,-6.5926274689100826,-22.460230885443348,22.074318682755454,11.730030981546264,998,Neutral,0.0980520630648869
UNIONBANK.NS,1,0.5490170099083159,2025-09-01,121,11.160537628198252,,,-1.290370232069356,10.818014058980856,20.058687623491256,61.176458165037836,999,Neutral,0.09803401981663185
STYRENIX.NS,1,0.5488689728342595,2025-09-01,121,0.4567627494456763,39.0,,-3.5482431859513026,-15.938575300390912,20.769490371216754,31.39216073967367,1000,Neutral,0.09773794566851901
INDSWFTLTD.NS,1,0.5488593929967788,2025-03-01,305,-2.810945273631841,13.0,,,,,,1001,Neutral,0.09771878599355754
JAICORPLTD.NS,1,0.5488564924064376,2025-09-01,121,0.02459016393442623,5.0,,-5.877309004701534,-9.084636861453312,27.27159445984766,56.722870630828425,1002,Neutral,0.09771298481287527
SEYAIND.NS,1,0.5488059539485225,2025-09-01,121,0.9600370840245923,-0.51,,-14.74654872943533,-0.8338373398633797,35.05179611097034,0.0,1003,Neutral,0.09761190789704499
MINDTECK.NS,1,0.5486416847766675,2025-09-01,121,0.14213197969543148,14.0,,-3.5203005411055024,-14.065661855738428,35.591747723964744,57.05753014848077,1004,Neutral,0.09728336955333505
MANAPPURAM.NS,1,0.5484012770146783,2025-09-01,121,2.543859649122807,,,10.98920424207509,7.949726644099211,28.026242478909012,77.8508667727197,1005,Neutral,0.09680255402935667
SATIA.NS,1,0.5481215328315809,2025-09-01,121,0.42924976258309594,10.0,,-2.3760673794820315,-15.457900774073899,20.770565324830287,42.89854367375462,1006,Neutral,0.09624306566316188
NIPPOBATRY.NS,1,0.5479851117868686,2025-09-01,121,1.2422907488986785,-1.0,,-4.649257649837051,-9.593600457594254,21.66416622068877,45.96364524147727,1007,Neutral,0.09597022357373719
TIMKEN.NS,1,0.5478559535731171,2025-09-01,121,0.2218208092485549,21.0,,-4.6876967399695495,-0.2259146452745862,20.33467431780856,46.871411668345566,1008,Neutral,0.09571190714623423
ABDL.NS,1,0.5477658521298867,2025-09-01,121,1.398505603985056,21.0,,-1.5089532434166637,20.848921221371512,28.849269731426553,48.57579266645762,1009,Neutral,0.09553170425977342
KARMAENG.NS,1,0.5476324973507326,2025-09-01,121,0.23071377072819038,1.38,,-4.844223530827016,-17.465807734350737,37.66978223304018,41.85185220070398,1010,Neutral,0.09526499470146521
BLS.NS,1,0.54762767415258,2025-09-01,121,1.88,19.0,,-0.7878843939618096,-3.034874823555129,26.42504294189062,50.99183895267391,1011,Neutral,0.09525534830515991
KPIL.NS,1,0.5474600119620832,2025-09-01,121,2.162975732661451,15.0,,1.7947912392948198,-1.988916159350508,25.307714857255903,57.36910620801657,1012,Neutral,0.09492002392416632
SPMLINFRA.NS,1,0.5474462281066218,2025-09-01,121,1.3321596244131455,9.0,,-8.377474907279513,-26.265411217509143,38.2701651649611,53.42408714922772,1013,Neutral,0.0948924562132436
FLAIR.NS,1,0.5471120156741273,2025-09-01,121,0.17172675521821631,16.0,,5.807324157434646,4.491967042835998,33.88638777660354,69.26605871530278,1014,Neutral,0.09422403134825452
LTF.NS,1,0.5468145433127235,2025-09-01,121,3.8644295302013423,9.0,,3.2347736673525023,22.186568417479734,26.28530945045658,68.06083091333011,1015,Neutral,0.093629086625447
NMDC.NS,1,0.5464979924785061,2025-09-01,121,0.30789946140035906,30.0,,9.304773520575202,9.204299067442804,25.64026926312551,73.33727790276969,1016,Neutral,0.09299598495701211
INDIANB.NS,1,0.5464358937875246,2025-09-01,121,11.238942754681897,,,-2.583048681333142,13.594737652336358,31.82433477066857,75.18451327234317,1017,Neutral,0.0928717875750491
VENUSPIPES.NS,1,0.5463090527662328,2025-09-01,121,0.8983050847457628,25.0,,-9.428655273310028,-10.963884163845613,19.404099952213137,29.640558113572098,1018,Neutral,0.09261810553246552
TATACOMM.NS,1,0.5461752480641364,2025-09-01,121,1.002372713791399,6.0,,-1.2443867008813128,13.140766973508331,20.536923478412806,60.33058893436545,1019,Neutral,0.09235049612827284
NILAINFRA.NS,1,0.5461461995815298,2025-09-01,121,3.943589743589744,17.0,,-0.5138667976653895,-4.253208368978209,36.93644987978982,45.83334161174766,1020,Neutral,0.09229239916305954
IEX.NS,1,0.5456373194346573,2025-09-01,121,0.5291666666666667,54.0,,-9.640495969220266,-4.9298709563342245,28.24252979181945,29.03722036917992,1021,Neutral,0.09127463886931464
DBREALTY.NS,1,0.5454481136528249,2025-09-01,121,0.3458005249343832,-3.0,,-6.705490954489754,-27.369648894539527,31.167338229098966,52.08955771993797,1022,Neutral,0.09089622730564972
VIDHIING.NS,1,0.5452476243699408,2025-09-01,121,0.3311897106109325,19.0,,-2.1650447972998657,-1.515605520524201,29.267451430853935,60.08524993237573,1023,Neutral,0.09049524873988157
DICIND.NS,1,0.5450052621461777,2025-09-01,121,0.4665071770334928,6.0,,-6.3320439754765925,-5.612289907797195,29.55993906337303,47.78482021190398,1024,Neutral,0.09001052429235545
UTKARSHBNK.NS,1,0.5449994999050576,2025-09-01,121,10.672634271099744,,,-9.744216650642382,-31.92466980615486,34.72520765751143,45.87154959941275,1025,Neutral,0.08999899981011517
SHOPERSTOP.NS,1,0.5449856277531893,2025-09-01,121,19.096345514950166,8.0,,-8.5965356642936,-25.852434598551856,32.3543069212675,32.039681522409424,1026,Neutral,0.08997125550637852
AIRAN.NS,1,0.5449389336270388,2025-09-01,121,0.18523770430629144,11.07,,-5.2935022689751445,-27.604165233862656,28.251538237864825,50.39368501994457,1027,Neutral,0.08987786725407765
FDC.NS,1,0.5449335570024199,2025-09-01,121,0.18096019696347967,16.0,,2.247467033565944,-7.478675399601436,24.029010570321237,46.75497224114132,1028,Neutral,0.08986711400483971
GMDCLTD.NS,1,0.5448568404649171,2025-09-01,121,0.2304932735426009,14.0,,10.736080355541347,-3.5207825403647357,54.31652559212675,80.09778263515636,1029,Neutral,0.08971368092983423
LTIM.NS,1,0.5446022050518912,2025-09-01,121,0.37449365679946583,28.0,,-1.6304347826086956,18.82377358082545,15.153910437158771,21.621621621621628,1030,Neutral,0.08920441010378233
MAPMYINDIA.NS,1,0.5441176323472684,2025-09-01,121,0.14169570267131243,28.0,,-0.43809646312749084,5.522965520954881,22.90149017583035,66.95080366290983,1031,Neutral,0.0882352646945368
ADSL.NS,1,0.5441138006443099,2025-09-01,121,0.5626283367556468,8.0,,-11.091607568073309,-14.605357697985099,32.441361987374464,43.062372086553935,1032,Neutral,0.08822760128861984
MCX.NS,1,0.543946909799609,2025-09-01,121,0.26641111643507426,32.0,,8.973480771112634,39.22610489466775,31.57647475862974,82.34341252699784,1033,Neutral,0.08789381959921805
SCI.NS,1,0.5434820931975362,2025-09-01,121,0.5492904684164259,10.0,,1.1434036502427696,4.934003378227834,30.727401113323793,58.12567642332693,1034,Neutral,0.08696418639507231
MBLINFRA.NS,1,0.5434374908478202,2025-09-01,121,0.8230543318649045,9.0,,-13.476351605131418,-24.119633914186792,60.41047715596227,47.65051666451004,1035,Neutral,0.08687498169564045
HUBTOWN.NS,1,0.5434277321245492,2025-09-01,121,0.39054726368159204,6.0,,-18.70480173306129,-12.149199626373779,56.87852000214675,60.8313786365579,1036,Neutral,0.0868554642490984
OSWALGREEN.NS,1,0.5433891840259312,2025-09-01,121,0.017508953442101075,0.0,,-5.917327776461331,-19.089360143277318,25.248563673977237,48.21428301112771,1037,Neutral,0.08677836805186234
3MINDIA.NS,1,0.543298567014682,2025-09-01,121,0.6509316770186335,38.0,,0.8616975441619992,19.25624044829343,18.083413265932293,55.626326963906585,1038,Neutral,0.08659713402936409
CHALET.NS,1,0.5432242053459708,2025-09-01,121,0.9440276976341604,12.0,,-2.959535003401123,-8.377375143852,22.609148508316707,44.72913099582853,1039,Neutral,0.08644841069194165
SIMPLEXINF.NS,1,0.5427818107699349,2025-09-01,121,3.4591947769314473,0.0,,-11.48479645921847,-12.035557725694444,40.62579039954413,34.4914770646093,1040,Neutral,0.08556362153986985
LAOPALA.NS,1,0.5427186028802337,2025-09-01,121,0.09725685785536159,15.0,,-6.862521218076827,-16.435636000185628,19.818052904463073,49.44018242176401,1041,Neutral,0.08543720576046732
MOTISONS.NS,1,0.5425952873499811,2025-09-01,121,0.2398190045248869,15.0,,-13.000000224393956,-18.869992686578563,29.650368466488086,18.12866899489478,1042,Neutral,0.08519057469996216
HFCL.NS,1,0.5425497848482892,2025-09-01,121,0.8555361159710072,8.0,,-4.1430999075237995,-7.668206747244658,38.9613605003819,52.475259136984,1043,Neutral,0.08509956969657839
EIDPARRY.NS,1,0.5420691401133446,2025-09-01,121,0.6423841059602649,2.0,,-0.7196315823625608,-0.028990224939613528,24.457844902852273,51.35421603017855,1044,Neutral,0.08413828022668923
DRREDDY.NS,1,0.5419783035596719,2025-09-01,121,0.3515374607304922,26.0,,-0.2979867395948744,2.1451011721378794,11.677746484400663,48.281525020428305,1045,Neutral,0.08395660711934383
SHIVALIK.NS,1,0.5418843759869336,2025-09-01,121,0.315,4.0,,-10.660794487983795,-19.995493910415497,27.94344845041571,36.29686102073444,1046,Neutral,0.08376875197386724
GLOBALVECT.NS,1,0.5415176660674841,2025-09-01,121,188.8,7.0,,-2.8141066086191597,-4.725822408268101,24.960013966873632,49.001863383299735,1047,Neutral,0.08303533213496817
ESCORTS.NS,1,0.5414812480744117,2025-09-01,121,0.26570900537634407,14.0,,-3.236041411056874,7.926650711745058,22.626464839790735,58.4048169201282,1048,Neutral,0.08296249614882334
DTIL.NS,1,0.5414234531259371,2025-09-01,121,0.35304347826086957,-3.0,,0.4947758213700074,-12.92125522686176,12.04507201126464,43.018882048019165,1049,Neutral,0.08284690625187419
UNITECH.NS,1,0.5413397024779747,2025-09-01,121,-4.568215573944409,-19.0,,-5.7660687244087905,-20.555556365001372,26.432534430623754,34.78261770958012,1050,Neutral,0.08267940495594939
HITECH.NS,1,0.5403499865289535,2025-09-01,121,0.40589198036006546,11.0,,-7.131329169205565,-22.205322448773305,27.722759082249997,52.67488979776372,1051,Neutral,0.08069997305790699
MSUMI.NS,1,0.5403111391661147,2025-09-01,121,1.1672095548317047,43.0,,4.546435288275958,5.846422984849144,31.513964110543952,63.47417628489956,1052,Neutral,0.08062227833222946
EVERESTIND.NS,1,0.5401004455366848,2025-09-01,121,0.9691056910569106,3.0,,0.4725985834287204,-25.31546352847604,24.848868377111014,55.81051721825686,1053,Neutral,0.08020089107336958
ISHANCH.NS,1,0.5400527963323258,2025-09-01,121,0.7006768792304953,4.04,,-1.5889635334149987,4.107199645074671,29.77845798924017,54.88282079460576,1054,Neutral,0.08010559266465167
RRKABEL.NS,1,0.5399830747330937,2025-09-01,121,0.5728363324764353,20.0,,3.6828189626053263,18.204239890923095,24.137015588690016,56.55928582143104,1055,Neutral,0.07996614946618741
ENGINERSIN.NS,1,0.5398210943173084,2025-09-01,121,1.0085438335809807,24.0,,2.2183577790752262,0.29726123146366557,29.952700036070645,67.3050817385133,1056,Neutral,0.0796421886346168
SRPL.NS,1,0.5393667234472873,2025-09-01,121,3.0,1.0,,-1.4925358528601556,-19.512191221587756,25.377786865444396,55.555584989956614,1057,Neutral,0.07873344689457462
SUNCLAY.NS,1,0.5393359858495353,2025-09-01,121,1.1666666666666667,9.0,,-1.8135111917381648,-25.435711420722885,33.92999843439833,38.91281452909413,1058,Neutral,0.0786719716990707
NATHBIOGEN.NS,1,0.5393161902233581,2025-09-01,121,0.462882096069869,7.0,,-1.4326431105140651,-5.7122054209921185,36.18428981003425,51.758490171774305,1059,Neutral,0.07863238044671617
SUBROS.NS,1,0.538884241066627,2025-09-01,121,0.7271157167530224,20.0,,0.6800715534667464,-20.201792239104385,26.97726111179928,56.50665491853974,1060,Neutral,0.07776848213325405
BALAMINES.NS,1,0.538838103510751,2025-09-01,121,0.10532544378698225,13.0,,-2.2753008579400986,-19.30607260284108,26.796475739929754,47.963464604728514,1061,Neutral,0.07767620702150202
VTL.NS,1,0.5386334910468789,2025-09-01,121,0.2830553295362083,11.0,,1.2964406592616238,6.862858651407058,21.294655456149925,37.466654513908665,1062,Neutral,0.07726698209375771
CENTRALBK.NS,1,0.5386291246712025,2025-09-01,121,12.236647645094274,,,-2.0429512128399234,-0.09981677162236491,16.61243311235152,62.46337722659191,1063,Neutral,0.077258249342405
AWFIS.NS,1,0.5385366025248188,2025-09-01,121,4.442424242424242,13.0,,-6.151207254756872,-13.981503439979187,30.557534038222382,50.246903409276435,1064,Neutral,0.07707320504963766
CENTEXT.NS,1,0.5384729873537382,2025-09-01,121,1.0568181818181819,18.0,,-5.453794122920597,-5.845778216007542,36.351847972406176,63.927844910820966,1065,Neutral,0.07694597470747633
PATELENG.NS,1,0.5383531311701392,2025-09-01,121,1.4124236252545825,16.0,,-13.54417554695935,-23.799415336136175,52.84449610200127,39.49842897815318,1066,Neutral,0.07670626234027833
UNIVPHOTO.NS,1,0.5382434655709094,2025-09-01,121,0.02564102564102564,4.0,,-12.45357032395528,-12.419323590070547,54.85367055505691,39.68253247411835,1067,Neutral,0.07648693114181881
GSPL.NS,1,0.5381964828758377,2025-09-01,121,0.12914928351169963,10.0,,2.6134989023079656,-3.7706205813040063,24.741450010780827,72.58060219726256,1068,Neutral,0.07639296575167531
TITAN.NS,1,0.5380693707099556,2025-09-01,121,1.8993382682817408,17.0,,4.264242860922465,18.87157650316105,14.699409965472093,78.4946207607738,1069,Neutral,0.07613874141991128
OCCL.NS,1,0.5377013548102663,2025-09-01,121,0.13623006699839352,-0.62,,,,,,1070,Neutral,0.07540270962053253
BSE.NS,1,0.5375504286681607,2025-09-01,121,0.4256572982774252,47.0,,-7.421215659244529,26.46296121220623,33.35237688316453,44.26454646450291,1071,Neutral,0.07510085733632144
SPECIALITY.NS,1,0.5373518972943708,2025-09-01,121,0.5838323353293413,8.0,,-8.146941515864157,-16.71971272684193,37.75489898678618,44.05954553446715,1072,Neutral,0.07470379458874166
DPABHUSHAN.NS,1,0.5373443826831967,2025-09-01,121,0.9289940828402367,34.0,,-8.5761878067297,-0.23763099650766983,28.451611783809266,42.5888274522099,1073,Neutral,0.07468876536639346
DELTAMAGNT.NS,1,0.5373361507523454,2025-09-01,121,4.753001715265866,-10.79,,-14.321639085217067,-14.051462615003885,56.911392447068366,41.13584890635576,1074,Neutral,0.07467230150469084
FSC.NS,1,0.5372373776443012,2022-06-01,1309,-6.457142857142857,6.0,,0.0,12.704915389743038,0.0,100.0,1075,Neutral,0.07447475528860248
RAMCOCEM.NS,1,0.5371713808447169,2025-09-01,121,1.183394640042039,5.0,,3.264265342106759,5.988559505449327,17.084715845200073,62.447862174052375,1076,Neutral,0.07434276168943388
FORCEMOT.NS,1,0.5371602929753779,2025-09-01,121,0.51171875,29.0,,15.009506766580918,22.024445235552392,31.850830993334196,89.70783532536521,1077,Neutral,0.07432058595075586
SUVIDHAA.NS,1,0.5369024839935467,2025-09-01,121,0.1922283047653234,-8.05,,-5.361931545871543,-11.970080550990655,20.474650216793453,38.09523268892209,1078,Neutral,0.07380496798709335
INOXINDIA.NS,1,0.5364798298481565,2025-09-01,121,0.8804780876494024,37.0,,-1.4425980959703746,-3.734827341636795,22.397759785450567,44.89795764302312,1079,Neutral,0.0729596596963129
POWERMECH.NS,1,0.5363874261770509,2025-09-01,121,1.055956678700361,21.0,,-2.8900733011571487,-14.58814395615915,29.853492461463027,62.50821346379739,1080,Neutral,0.07277485235410186
UCOBANK.NS,1,0.5360457741399941,2025-09-01,121,10.380717695980286,,,-3.758168641156855,-3.8210321496622055,18.56157724984496,55.31136554815595,1081,Neutral,0.0720915482799882
TTKPRESTIG.NS,1,0.5357060923882229,2025-09-01,121,0.34553058024046,13.0,,-3.8943842237886597,-3.1551645822289345,13.934130431861064,34.26623304661416,1082,Neutral,0.07141218477644573
PREMIER.NS,1,0.5355160608563484,2025-09-01,121,-1.5341483484189489,,,-5.769225478877488,-15.999998365129745,39.35325583762873,56.190483326816555,1083,Neutral,0.0710321217126968
VISHNU.NS,1,0.5354393101067128,2025-09-01,121,0.6048780487804878,15.0,,4.383934480915315,19.39473943570728,31.813381087561698,75.90300876247898,1084,Neutral,0.0708786202134255
SNOWMAN.NS,1,0.5353982011650489,2025-09-01,121,0.9556650246305419,4.0,,-6.037907896084182,-22.99577676280133,31.250932480658,43.16145103867083,1085,Neutral,0.07079640233009776
SUTLEJTEX.NS,1,0.535370850376687,2025-09-01,121,1.309048178613396,-3.0,,-6.071214589202402,-7.074792628855082,26.01165682281349,42.989208922755545,1086,Neutral,0.07074170075337394
SOUTHBANK.NS,1,0.535223780512889,2025-09-01,121,11.790428732606243,,,-3.5732308094290017,30.47326727902276,33.450891274773774,39.38410897789022,1087,Neutral,0.07044756102577798
WENDT.NS,1,0.5351326339213035,2025-09-01,121,0.17333333333333334,21.0,,-4.436818237529109,-11.31206278792015,29.782403716847107,39.19055649241147,1088,Neutral,0.070265267842607
SHRIRAMFIN.NS,1,0.5349687079687636,2025-09-01,121,3.9497880935037415,,,18.11714291793196,54.504470306878275,25.93620341784073,87.38401095602191,1089,Neutral,0.06993741593752723
POONAWALLA.NS,1,0.5347606755680455,2025-09-01,121,3.7759112197108533,,,1.5988231841656049,-3.8427053843641117,29.704556209509185,79.00174386233994,1090,Neutral,0.06952135113609104
ELGIEQUIP.NS,1,0.5345934610747191,2025-09-01,121,0.20610687022900764,28.0,,-6.364267502745949,-1.701423799011913,29.595403097163558,41.60305343511451,1091,Neutral,0.06918692214943811
MITCON.NS,1,0.5344276883812958,2025-09-01,121,0.2450879671246949,7.37,,-3.0567052197545626,1.2531761637814662,24.129587055564578,36.84214635713353,1092,Neutral,0.06885537676259168
VARROC.NS,1,0.5342950275947812,2025-09-01,121,1.3855359001040584,20.0,,-11.14789156916912,-3.2041380063697034,24.584662541078558,15.229309439887231,1093,Neutral,0.0685900551895624
NINSYS.NS,1,0.5342879575472256,2025-09-01,121,0.30985915492957744,63.0,,-3.59005161745755,-9.752493706788853,32.269902597215626,47.237560677053914,1094,Neutral,0.06857591509445116
NYKAA.NS,1,0.534137192017056,2025-09-01,121,0.13960280373831777,6.0,,1.2796051412213234,9.902180192983272,17.92454928919913,74.52828513779693,1095,Neutral,0.06827438403411201
BHAGERIA.NS,1,0.5341258617692569,2025-09-01,121,0.3008695652173913,10.0,,3.2005521314776164,2.6432521621605445,27.915324820429205,55.283019320600076,1096,Neutral,0.06825172353851383
ESTER.NS,1,0.533975072064795,2025-09-01,121,0.47539267015706804,7.0,,-5.083490910758592,-5.643676326813873,33.38372270647377,42.8265576225062,1097,Neutral,0.06795014412959
KHADIM.NS,1,0.5338206753459496,2025-09-01,121,2.4698795180722892,9.0,,-14.25172659783096,-31.065313236708437,52.865163854122535,49.17949461928137,1098,Neutral,0.06764135069189914
SURYODAY.NS,1,0.5337941120631522,2025-09-01,121,7.339527875439478,,,-1.0398339833479475,4.348800238388913,31.73139350006828,62.08179512183048,1099,Neutral,0.06758822412630439
MADHUCON.NS,1,0.5337664623874535,2025-09-01,121,1.8425196850393701,-2.0,,1.824206514923856,-25.30414030381835,27.728590465160725,45.79438794199881,1100,Neutral,0.06753292477490702
ZOTA.NS,1,0.533557409230452,2025-09-01,121,0.1337719298245614,6.0,,-5.279623195873742,10.296319255399858,33.49583877667735,43.443335820960534,1101,Neutral,0.06711481846090406
UMANGDAIRY.NS,1,0.5335506036475771,2025-03-01,305,2.108695652173913,7.0,,,,,,1102,Neutral,0.06710120729515423
MASKINVEST.NS,1,0.5333267426361438,2025-09-01,121,0.010190518387239717,0.04,,-16.627569562179254,-6.2582468552897454,45.67132195111866,22.5196485346505,1103,Neutral,0.06665348527228754
CREDITACC.NS,1,0.5331291650685774,2025-09-01,121,2.8636236739251815,,,-3.8647396856210428,-9.080530326123272,29.445266615177907,49.28431818385734,1104,Neutral,0.06625833013715487
AMBICAAGAR.NS,1,0.5330079324253428,2025-09-01,121,1.0,7.0,,-0.8900911024696473,0.1564369026388396,19.501592396070702,54.16667991213487,1105,Neutral,0.06601586485068567
ITCHOTELS.NS,1,0.5329415145703286,2025-09-01,121,0.12263736263736263,10.0,,-5.481621954889855,-12.14400516050179,20.10789804737274,61.6909210321644,1106,Neutral,0.06588302914065713
APCOTEXIND.NS,1,0.5327378989458068,2025-09-01,121,0.6224137931034482,13.0,,-8.271045462479869,-5.634692158686485,24.6919194239441,51.52721657757261,1107,Neutral,0.06547579789161362
YASHO.NS,1,0.5324589081265049,2025-09-01,121,1.6518691588785046,7.0,,-11.666360270616883,-13.976153248968542,33.04719323165297,20.39054223845548,1108,Neutral,0.06491781625300974
SPLPETRO.NS,1,0.5324574902237338,2025-09-01,121,0.4783783783783784,23.0,,3.716789808377922,-22.111306567572594,35.411077100747995,43.04080854231617,1109,Neutral,0.06491498044746757
ORIENTPPR.NS,1,0.5322619664827686,2025-09-01,121,0.42443729903536975,-3.0,,-2.0734321820554826,-13.7366838509484,26.250717604745184,39.506144737472106,1110,Neutral,0.06452393296553716
SAMMAANCAP.NS,1,0.5321567990440583,2025-09-01,121,1.972643332617565,,,-2.9066670735677085,-14.117232092765663,30.859876289288867,52.299517530200035,1111,Neutral,0.06431359808811665
VSSL.NS,1,0.5320503647506354,2025-09-01,121,0.2905629139072848,17.0,,1.1201969273618728,-3.8871048716410166,25.481002525443014,44.98482780626837,1112,Neutral,0.06410072950127077
SUMMITSEC.NS,1,0.5319226966649384,2025-09-01,121,0.14385150812064965,1.0,,-7.620412438155699,-9.166784098840381,24.895330822508914,50.35788445723684,1113,Neutral,0.06384539332987682
FCL.NS,1,0.5318408197619718,2025-09-01,121,0.08955223880597014,25.0,,-0.6446408113593756,-0.8330855875134879,31.70978221727296,51.273882061658284,1114,Neutral,0.06368163952394368
SINCLAIR.NS,1,0.531760119164868,2025-09-01,121,0.4191936595451414,15.33,,-0.8734629994182498,-15.479063163185652,23.356898620864243,53.13775062894293,1115,Neutral,0.06352023832973597
SANGHIIND.NS,1,0.5314643622216656,2025-09-01,121,7.957142857142857,-4.0,,2.9552025192760705,1.4719737432227298,16.582821709533484,71.42860763835789,1116,Neutral,0.0629287244433312
TI.NS,1,0.5311183146054705,2025-09-01,121,0.16650099403578528,28.0,,-2.959266412828259,1.0827587109126493,30.889519880789074,56.42760274798518,1117,Neutral,0.062236629210941086
NUVAMA.NS,1,0.5308843739844539,2025-09-01,121,0.3812405446293495,31.0,,-0.6775778714183406,23.532104326200983,31.184440151090094,60.90120167283737,1118,Neutral,0.061768747968907745
BAJAJHFL.NS,1,0.5307608468061453,2025-09-01,121,4.475473301543836,,,-2.772618949790451,-15.376333723826189,23.162183511692007,34.31588753523559,1119,Neutral,0.06152169361229065
ICEMAKE.NS,1,0.5307201838862161,2025-09-01,121,2.384,21.0,,12.36555938249413,8.213046137992801,34.22702280923729,67.05846461018685,1120,Neutral,0.061440367772432225
JUBLPHARMA.NS,1,0.5305441517844529,2025-09-01,121,0.058823529411764705,3.0,,-3.1841897469964437,-0.5651265006454663,28.31914307543377,52.89754353955316,1121,Neutral,0.06108830356890582
BALAJEE.NS,1,0.530502969050818,2025-09-01,121,0.6614173228346457,11.0,,-2.3479999615324636,-18.181823208810474,25.157704326663822,49.53269903518349,1122,Neutral,0.061005938101635904
HINDCON.NS,1,0.5304878346146765,2025-09-01,121,0.2900997697620873,11.15,,-9.720372793945655,-14.258610310452807,26.90973195452321,36.78473703768188,1123,Neutral,0.06097566922935305
JAYBARMARU.NS,1,0.530438998415224,2025-09-01,121,2.046744574290484,8.0,,-0.0330601498822085,-16.071430840400946,43.25066892729099,67.63148113878007,1124,Neutral,0.06087799683044803
AYMSYNTEX.NS,1,0.5302450786194954,2025-09-01,121,0.8730434782608696,8.0,,8.770136397694182,-6.608314645419052,44.10583314015319,68.39532630142423,1125,Neutral,0.06049015723899087
RBL.NS,1,0.5302113914841609,2024-12-01,395,0.4551971326164875,21.0,,,,,,1126,Neutral,0.06042278296832171
SARDAEN.NS,1,0.5300046007326182,2025-09-01,121,0.33474178403755867,17.0,,5.6739710400205885,-5.483433900504993,31.198861722831506,65.75785165178581,1127,Neutral,0.06000920146523647
IDBI.NS,1,0.5299757597114606,2025-09-01,121,5.181245262266086,,,3.2377662974868806,11.52138556085634,24.298687879568945,77.37430405711393,1128,Neutral,0.05995151942292121
FLUOROCHEM.NS,1,0.5297726580099149,2025-09-01,121,0.3868741741300837,11.0,,7.953009290959169,-1.1192620813820948,23.53194008364876,68.3522530626796,1129,Neutral,0.05954531601982982
NAVA.NS,1,0.5296163728332842,2025-09-01,121,0.06759283996794016,14.0,,9.769780927606805,-12.350617067445832,34.051044505606,58.42985418380083,1130,Neutral,0.05923274566656844
WEBELSOLAR.NS,1,0.5295245379633149,2025-09-01,121,0.8132992327365729,59.0,,-16.833515475585052,-26.53729367197526,54.62769918069035,45.38435849077865,1131,Neutral,0.05904907592662978
RAJRATAN.NS,1,0.529470950318248,2025-09-01,121,0.9501246882793017,16.0,,6.737709060443967,46.27826913571514,40.460200240656555,59.8854915507096,1132,Neutral,0.05894190063649596
VINATIORGA.NS,1,0.5293521140348189,2025-09-01,121,0.11784511784511785,21.0,,1.442613043414908,-11.073808243390351,13.2879676711511,55.65355545483646,1133,Neutral,0.05870422806963771
HDFCAMC.NS,1,0.5291657177861104,2025-09-01,121,0.08923037190082644,43.0,,2.816465993531166,-3.799839756210062,27.95742560700899,50.678242116539295,1134,Neutral,0.05833143557222087
UNITEDTEA.NS,1,0.5289561926624645,2025-09-01,121,0.0603448275862069,10.0,,2.1865210901515924,-0.44560109713366264,14.365291299193641,70.43592651847516,1135,Neutral,0.05791238532492904
IEL.NS,1,0.5289223943574173,2025-06-01,213,0.29581728689993214,0.51,,,,,,1136,Neutral,0.05784478871483456
GOODLUCK.NS,1,0.5287126343221968,2025-09-01,121,0.9792626728110599,16.0,,-7.2324135461087415,-16.759777162583987,29.844811095180695,48.9234820322181,1137,Neutral,0.05742526864439368
NRAIL.NS,1,0.5283469371836778,2025-09-01,121,1.376590330788804,6.0,,4.161732461106252,14.613655610908417,41.53074145466669,54.77963789976179,1138,Neutral,0.05669387436735551
FUSION.NS,1,0.5281826620877987,2025-09-01,121,2.6965589155370178,,,-7.101289386715721,-18.42969151486899,39.57813637238981,48.12630627272048,1139,Neutral,0.056365324175597475
DCM.NS,1,0.5278378915275412,2025-09-01,121,8.150943396226415,35.08,,-1.589978010762933,-3.907056311221556,22.55780451566936,57.4712555480163,1140,Neutral,0.05567578305508247
JAGRAN.NS,1,0.5274560334284246,2025-09-01,121,0.3511137162954279,16.0,,2.359504531214457,0.11189067280375875,8.803923011606976,70.71573498210994,1141,Neutral,0.05491206685684924
MARICO.NS,1,0.5273500143890543,2025-09-01,121,0.3248369887374037,43.0,,4.63511551287656,6.96116502827752,16.314045706162418,68.34277246913442,1142,Neutral,0.054700028778108534
AEGISLOG.NS,1,0.5271039625466889,2025-09-01,121,0.3987640857869866,24.0,,-6.495541837016214,-2.869519837210941,20.088310691608665,39.569078160310525,1143,Neutral,0.054207925093377796
SHANTI.NS,1,0.5270356742506578,2025-09-01,121,0.3601419278533412,-16.79,,-2.065212873069367,-9.264854461428532,24.03653549054809,46.34145915968321,1144,Neutral,0.054071348501315564
FAIRCHEMOR.NS,1,0.5269160425755818,2025-09-01,121,0.3197278911564626,10.0,,8.503938838699849,-6.615463946359655,20.631272527516444,77.9036614126939,1145,Neutral,0.053832085151163556
BORORENEW.NS,1,0.5267651135866765,2025-09-01,121,0.40313549832026874,6.0,,-4.003174950083964,-5.217688511618728,34.11491718529825,51.252764022130414,1146,Neutral,0.053530227173353095
TIPSMUSIC.NS,1,0.5260130777176835,2025-09-01,121,0.43410852713178294,109.0,,-2.2047125797593936,-5.244225834673289,30.263447216297013,53.370797646987114,1147,Neutral,0.05202615543536693
SAKUMA.NS,1,0.5258541332817235,2025-09-01,121,0.3220675944333996,3.0,,-8.583683082144516,-13.765178551864873,20.991967850972866,33.3333711775024,1148,Neutral,0.05170826656344696
HPIL.NS,1,0.5257538223625735,2025-09-01,121,1.0980392156862746,5.0,,-2.010199741172321,1.0055549801689219,36.83019361036289,61.31563440959263,1149,Neutral,0.05150764472514702
ARCHIES.NS,1,0.5257283537818389,2025-09-01,121,0.4944734418176235,4.06,,1.9459492451435811,-8.044854218025662,22.849668658414448,51.923089855047664,1150,Neutral,0.05145670756367782
BIOCON.NS,1,0.5254899837113274,2025-09-01,121,0.2401301382719139,2.0,,-1.2781970184249687,13.69605426975653,25.57848943120309,63.22089090110906,1151,Neutral,0.05097996742265476
CORALFINAC.NS,1,0.5254817927692707,2025-09-01,121,0.07009345794392523,10.0,,-7.892919084050111,-7.379903211684713,47.898653277961664,54.76430159019855,1152,Neutral,0.0509635855385413
HONASA.NS,1,0.5253522378135324,2025-09-01,121,0.4675118858954041,7.0,,-0.10468951517997971,3.3207047870026063,36.460545315481525,69.07893204624213,1153,Neutral,0.050704475627064705
UTTAMSUGAR.NS,1,0.5251325329589553,2025-09-01,121,0.5542784163473818,12.0,,9.368964923923997,3.4538804507077887,40.31235736727585,60.21643000250347,1154,Neutral,0.05026506591791069
VIRINCHI.NS,1,0.5251016760645267,2025-09-01,121,0.4457013574660634,6.0,,-1.5293143430342886,-15.953588218643567,40.812410369523896,57.43855090808822,1155,Neutral,0.05020335212905347
GUJAPOLLO.NS,1,0.5250277547419724,2025-09-01,121,0.11096373056994811,1.23,,-9.605991660979745,-11.517214514253348,46.72497976204677,52.52235589049053,1156,Neutral,0.05005550948394477
GESHIP.NS,1,0.5248591775659823,2025-09-01,121,0.17012874180554458,15.0,,2.9076679540554524,14.22255270899738,22.000498511342272,60.93542176968122,1157,Neutral,0.04971835513196465
AVANTEL.NS,1,0.5245898961980443,2025-09-01,121,0.1893491124260355,37.0,,0.8248136798366412,-11.623600899911986,34.83695786684219,66.3507069319947,1158,Neutral,0.049179792396088606
OIL.NS,1,0.5245792372454304,2025-09-01,121,0.5198457700158766,15.0,,1.8480768798341323,4.0074088939488925,17.559771446440347,70.35489567963057,1159,Neutral,0.04915847449086086
PPL.NS,1,0.5244588455939715,2025-09-01,121,0.22489082969432314,27.0,,-2.6281386286932498,-20.19928865093229,31.422076073214395,49.64670156883193,1160,Neutral,0.04891769118794298
KOTHARIPRO.NS,1,0.5242236410074176,2025-09-01,121,0.15684410646387834,-1.0,,-4.693515650873521,-19.40136597687154,30.030826028645265,54.82815435359578,1161,Neutral,0.04844728201483517
KFINTECH.NS,1,0.5239924872592844,2025-09-01,121,0.2625775327360441,34.0,,-0.1292250676124618,0.1480910357073734,26.978929964382836,52.64900662251656,1162,Neutral,0.04798497451856876
HILTON.NS,1,0.5235068141174709,2025-09-01,121,1.0,8.0,,-17.230766341531066,-22.30614857860781,57.30513215348161,37.629349306443245,1163,Neutral,0.04701362823494182
MEDPLUS.NS,1,0.5228884892926474,2025-09-01,121,0.1206896551724138,5.0,,0.8179816163557603,8.829873426511918,20.597437670282556,44.38805801472119,1164,Neutral,0.045776978585294836
NCLIND.NS,1,0.5226967613886362,2025-09-01,121,0.8402234636871508,7.0,,0.5048534329453781,1.9883406285026914,17.54788708324034,53.0353326360784,1165,Neutral,0.04539352277727238
BAGFILMS.NS,1,0.5225615367430634,2025-09-01,121,0.20919134225161587,1.75,,-2.4502345958418195,-6.323533722273497,34.40195877643475,50.68491450571258,1166,Neutral,0.045123073486126763
SILLYMONKS.NS,1,0.5225248157578758,2025-09-01,121,0.1735632183908048,2.08,,-14.6938791080397,31.695020600146588,33.02298712388012,21.121526846881792,1167,Neutral,0.04504963151575159
JPPOWER.NS,1,0.5223314870541899,2025-09-01,121,0.41953210865127966,10.0,,-10.380802103277206,-3.26576529409522,38.511301005365915,26.97097668764482,1168,Neutral,0.044662974108379716
QPOWER.NS,1,0.5218804966390308,2025-09-01,121,0.10393258426966293,18.0,,1.8395947922223064,-30.178672172155302,43.90697542254118,58.849910725354476,1169,Neutral,0.0437609932780616
WESTLIFE.NS,1,0.5217170577167708,2025-09-01,121,0.0019646365422396855,0.0,,-2.572345254363905,-18.477311271674093,27.6090456163869,57.51349867603111,1170,Neutral,0.04343411543354159
SURANASOL.NS,1,0.5214412081846633,2025-09-01,121,0.2639789658194565,0.27,,-8.644941649198994,-17.066338665276536,29.939303033210795,31.004340261148627,1171,Neutral,0.04288241636932666
AVL.NS,1,0.521089225656027,2025-09-01,121,0.8779342723004695,19.0,,-8.123121879230135,-11.360332467578536,24.38132262556593,41.29293704876775,1172,Neutral,0.042178451312054
IFGLEXPOR.NS,1,0.5210509257085366,2025-09-01,121,0.6017191977077364,11.0,,-2.65246693376792,-29.213211441257936,36.738625525022,56.910575982361614,1173,Neutral,0.04210185141707323
SALZERELEC.NS,1,0.521048933693729,2025-09-01,121,1.355475763016158,13.0,,-6.279502516932986,-9.054100525327746,20.420054187174795,37.55949119857236,1174,Neutral,0.04209786738745791
ARTNIRMAN.NS,1,0.5206595140280068,2025-09-01,121,1.3405046480743694,6.63,,-6.203124386191802,-6.146042243787943,45.62199298763722,51.586654201383844,1175,Neutral,0.04131902805601362
BPCL.NS,1,0.5205230992191003,2025-09-01,121,1.1016242868518942,20.0,,7.038327526132404,15.392989563202889,23.315495347490316,79.67331258951725,1176,Neutral,0.041046198438200676
NGLFINE.NS,1,0.5198622935227752,2025-09-01,121,0.6122448979591837,8.0,,6.10427068310187,0.056918083386685886,28.516981551654673,65.8634416442195,1177,Neutral,0.039724587045550486
ABFRL.NS,1,0.5198117445549195,2025-09-01,121,0.79457934755948,0.0,,-0.3892099696823626,-11.123973467122246,26.157675658059432,54.18502794884032,1178,Neutral,0.03962348910983904
USHAMART.NS,1,0.5197788656694584,2025-09-01,121,0.25534591194968553,27.0,,7.366676941435048,-1.1646905480414838,33.64436053682302,62.19512352986484,1179,Neutral,0.039557731338916824
BALKRISHNA.NS,1,0.5197484310229604,2025-09-01,121,-1.1197309677045284,,,-12.88951606657529,-22.119036103798088,25.422632549447272,30.250010371203246,1180,Neutral,0.039496862045920844
TEGA.NS,1,0.5196472126245909,2025-09-01,121,0.19030390738060782,18.0,,0.8061586369052541,3.1516036357343333,20.035693274401293,64.6826989236447,1181,Neutral,0.03929442524918181
GRINDWELL.NS,1,0.5193469775011902,2025-09-01,121,0.3683281870313189,21.0,,-0.7991359152749783,-1.5174396377581427,24.298668298199477,47.626021360818584,1182,Neutral,0.038693955002380376
DHARMAJ.NS,1,0.5191589487291595,2025-09-01,121,1.148314606741573,12.0,,-1.1488605931945,-19.893599943825333,38.541686029652745,53.83514135529551,1183,Neutral,0.03831789745831893
THYROCARE.NS,1,0.5186592384393579,2025-09-01,121,0.2616279069767442,26.0,,-3.98535103694678,17.04548487204913,44.38828036057554,54.4374075041351,1184,Neutral,0.03731847687871581
JINDRILL.NS,1,0.5183564557336742,2025-09-01,121,0.4918918918918919,14.0,,5.0059554943261375,-3.311698691737834,37.08955473560038,74.90124255223652,1185,Neutral,0.03671291146734834
NEXTMEDIA.NS,1,0.5183422371988383,2025-09-01,121,-1.1755336094297546,-9.35,,-1.1551183551541415,-4.920641432243182,35.718409141372625,42.758618421701684,1186,Neutral,0.036684474397676636
METROPOLIS.NS,1,0.5183138305821345,2025-09-01,121,0.30519969856819895,13.0,,-1.4157186710369745,-4.378358078353164,17.083324042706092,50.88778455272218,1187,Neutral,0.036627661164269076
SUNDARAM.NS,1,0.5177342867950717,2025-09-01,121,0.47058823529411764,-2.0,,1.117317394007622,-7.179492383626977,26.404087029496772,59.25925925925927,1188,Neutral,0.03546857359014344
MAITHANALL.NS,1,0.5176492313589898,2025-09-01,121,0.25312729948491536,29.0,,7.204791309420108,-7.205236052588853,25.846736430709715,83.76880286512485,1189,Neutral,0.03529846271797954
MOHITIND.NS,1,0.517620106917782,2025-09-01,121,2.15625,0.0,,-3.102377150739385,-14.8955445073439,26.101934231595138,38.85714815101422,1190,Neutral,0.03524021383556408
WCIL.NS,1,0.5176024766020741,2025-09-01,121,0.3612750885478158,13.0,,1.4088055981502547,-9.103970446523512,21.10210909950582,38.41122075077381,1191,Neutral,0.03520495320414829
SHANKARA.NS,1,0.5175240774383483,2025-09-01,121,0.03829787234042553,20.0,,-11.227270357566095,-49.72322649904107,35.170439499029534,34.92414854746151,1192,Neutral,0.03504815487669655
DEEPINDS.NS,1,0.5164955897936232,2025-09-01,121,0.3360938578329883,12.0,,1.0194001882502741,-2.6821567491090286,33.79287455682368,68.40039915449208,1193,Neutral,0.0329911795872464
SWIGGY.NS,1,0.5159023848235199,2025-09-01,121,0.22355488922205563,-23.0,,-3.2924371801298933,-7.5403949730700175,34.21232723437282,41.03179025883728,1194,Neutral,0.03180476964703982
MANGLMCEM.NS,1,0.515613713539636,2025-09-01,121,1.6082130965593784,10.0,,4.241026129525245,2.748978413288396,30.05137601916308,62.66667044082661,1195,Neutral,0.031227427079272063
NLCINDIA.NS,1,0.5154977588946814,2025-09-01,121,1.1008839779005526,9.0,,3.6279277160861794,-9.684168112042972,25.113172020057583,65.18228953281624,1196,Neutral,0.030995517789362825
EPL.NS,1,0.5152489362417788,2025-09-01,121,0.7142857142857143,20.0,,5.39177763475465,1.9124108393045969,24.238891989713487,58.13262216525243,1197,Neutral,0.03049787248355762
RITES.NS,1,0.5151933267205414,2025-09-01,121,1.3141382049245434,20.0,,5.514515344459279,-2.777455151226588,31.853652785860465,64.2520272015814,1198,Neutral,0.030386653441082823
5PAISA.NS,1,0.5151703609114247,2025-09-01,121,1.7942583732057416,14.0,,1.2894417236950009,-3.245901198574496,45.02555487310067,70.54886692785678,1199,Neutral,0.030340721822849304
CHOICEIN.NS,1,0.5151637758516926,2025-09-01,121,0.04665069897775493,3.15,,6.594876920474234,9.168624233983708,32.056467767608865,88.16017490835873,1200,Neutral,0.03032755170338519
ARROWGREEN.NS,1,0.5151146072173328,2025-09-01,121,0.0945273631840796,53.0,,-6.14270707722406,-11.628514627374658,30.505187827628216,38.81902160891187,1201,Neutral,0.03022921443466564
ANMOL.NS,1,0.5150377482207201,2025-09-01,121,2.7130434782608694,10.0,,-1.8439732045931658,-12.294040641393734,24.19608846446217,48.46153902584312,1202,Neutral,0.030075496441440253
KCPSUGIND.NS,1,0.5149793951784113,2025-09-01,121,0.28534031413612565,1.0,,-3.729690663690414,-15.412070236969194,29.10490163952994,40.97034250557938,1203,Neutral,0.029958790356822584
TRACXN.NS,1,0.5149068121572584,2025-09-01,121,0.8,8.0,,-11.002446273098569,-19.63066808351048,23.230847001619864,37.482916056323916,1204,Neutral,0.02981362431451684
KRITINUT.NS,1,0.5148810644685051,2025-09-01,121,0.11790393013100436,24.0,,-14.09421203083453,-27.153934244554158,34.09549096656222,53.12977929114582,1205,Neutral,0.029762128937010246
PNB.NS,1,0.5148776132807872,2025-09-01,121,12.820127833168879,,,-1.4120436095831528,9.800087499086574,24.16562905030587,74.57076036379084,1206,Neutral,0.029755226561574366
BRITANNIA.NS,1,0.5145514485987622,2025-09-01,121,1.6260709914320686,57.0,,3.7412918207620196,0.6676681689200467,13.701260642410567,69.60309777347531,1207,Neutral,0.029102897197524458
RANASUG.NS,1,0.5145426822910305,2025-09-01,121,1.0071556350626119,8.0,,-9.479012263893145,-11.839319247224985,30.08626698930798,29.61162261858908,1208,Neutral,0.029085364582061013
PRUDENT.NS,1,0.5136779816859565,2025-09-01,121,0.3967479674796748,45.0,,4.012073008018446,-1.171185688697897,30.723358745304758,40.269261935225536,1209,Neutral,0.027355963371912928
SANWARIA.NS,1,0.5133242597350218,2025-09-01,121,-1.6013107222484968,-1.13,,-3.7037110623015317,-21.212127232792163,32.49603402575338,50.0,1210,Neutral,0.026648519470043652
CGCL.NS,1,0.5130557209665776,2025-09-01,121,2.1078758949880667,11.0,,-3.5603144313426913,-3.1362568029376163,19.11540593677315,47.779661414491,1211,Neutral,0.026111441933155177
SENORES.NS,1,0.5128824133007396,2025-09-01,121,0.14425770308123248,2.0,,3.558158519510609,14.920679038175699,35.29530416680753,69.29160176022646,1212,Neutral,0.025764826601479163
ZIMLAB.NS,1,0.5123673202721117,2025-09-01,121,0.8934426229508197,8.0,,1.163771501130449,0.6978366913494168,29.450552137509877,40.06944863884271,1213,Neutral,0.024734640544223474
UGROCAP.NS,1,0.5122063081652867,2025-09-01,121,3.3763702801461632,,,0.4651950271699695,-4.462049784485237,21.901150353466388,58.88085019679882,1214,Neutral,0.024412616330573345
STLTECH.NS,1,0.5121863543540821,2025-09-01,121,1.7578125,0.0,,-0.6450426308108392,-15.110638144851556,37.96524786852133,61.09045231831573,1215,Neutral,0.024372708708164215
APOLLOTYRE.NS,1,0.5118315637204496,2025-09-01,121,0.8986743302122926,10.0,,-3.7072701011073663,6.9175679516156245,20.74242254486009,39.508929585114664,1216,Neutral,0.023663127440899157
KHAICHEM.NS,1,0.5118037998925908,2025-09-01,121,1.631578947368421,2.0,,-6.7505070347651115,-35.71603775898338,38.291462520015536,42.66726200695178,1217,Neutral,0.023607599785181677
GATEWAY.NS,1,0.5113930988808769,2025-09-01,121,0.27849308536003814,12.0,,4.046040615016482,-3.9909873939417153,41.859446966163986,47.80600543278761,1218,Neutral,0.022786197761753835
BVCL.NS,1,0.5113426969292119,2025-09-01,121,0.8245614035087719,12.0,,1.9359497378991175,-14.546179811117838,41.166438294961964,58.27011197503022,1219,Neutral,0.02268539385842372
CAMS.NS,1,0.5111846731651158,2025-09-01,121,0.4033687943262411,55.0,,-3.799204029131973,-2.7406376622831377,23.33742048505534,41.29957672035917,1220,Neutral,0.022369346330231688
XCHANGING.NS,1,0.510809180148837,2025-09-01,121,0.11148648648648649,8.0,,-4.305653359627399,-5.600928346896207,13.833475663485089,41.15165484215591,1221,Neutral,0.021618360297674055
MEP.NS,1,0.5107806748660058,2024-03-01,670,-2.962882096069869,-14.0,,-13.242012487907607,4.395600076948939,23.323564111134786,31.707329128833493,1222,Neutral,0.021561349732011514
GEEKAYWIRE.NS,1,0.5103970508287964,2025-09-01,121,0.975,25.0,,3.621004179361221,-0.15990784836104438,33.25170051930522,62.764635881454524,1223,Neutral,0.020794101657592767
CHAMBLFERT.NS,1,0.510040161697908,2025-09-01,121,0.4085542667771334,28.0,,9.83027513304468,-4.563898156644472,24.053021989098244,87.90438504886465,1224,Neutral,0.020080323395816002
HEXATRADEX.NS,1,0.5097129133273266,2025-09-01,121,0.16034056817918887,0.12,,-3.367318545417967,-6.963468699058441,15.150620718682854,46.33607879765645,1225,Neutral,0.0194258266546532
RADIOCITY.NS,1,0.5095850737552851,2025-09-01,121,0.3456032719836401,-5.0,,5.826769938833431,-19.713263057675874,27.07642747479514,59.99997992264194,1226,Neutral,0.019170147510570112
BOROLTD.NS,1,0.5086007916769353,2025-09-01,121,0.3854289071680376,12.0,,-9.568154484687517,-19.494072035788914,29.390433466924907,35.48651437993696,1227,Neutral,0.017201583353870564
ANDHRSUGAR.NS,1,0.5084978032313785,2025-09-01,121,0.23439767779390422,5.0,,-3.172982651913381,0.05288328377857971,23.357511913031125,46.91224546307432,1228,Neutral,0.016995606462756996
NIRAJISPAT.NS,1,0.5084079232635931,2025-09-01,121,0.36195508586525776,10.75,,-5.889914944317644,-38.34586466165413,44.907435999811085,46.145013935558616,1229,Neutral,0.01681584652718615
OLECTRA.NS,1,0.5083831918229363,2025-09-01,121,1.053191489361702,21.0,,-3.064113805965546,-23.042362002567394,35.90476949126666,50.805918072715855,1230,Neutral,0.016766383645872684
GOLDIAM.NS,1,0.5083247280375106,2025-09-01,121,0.1891891891891892,28.0,,-7.323625644188453,-5.190901260549972,33.991368308740064,39.93870297438954,1231,Neutral,0.01664945607502122
ROLTA.NS,1,0.508316428242186,2025-09-01,121,-1.2532223853809756,-3.0,,-4.571431023733957,-12.565445745073989,30.47690393718201,42.10523674031503,1232,Neutral,0.01663285648437207
SOFTTECH.NS,1,0.5082128535297936,2025-09-01,121,0.391304347826087,6.0,,-9.843748266046697,-15.07894146717274,47.49957105729942,55.845180798693285,1233,Neutral,0.016425707059587236
GRASIM.NS,1,0.5081662927711742,2025-09-01,121,0.45873777583887737,2.0,,3.436928702010969,1.4087554043801789,11.887543321664022,59.570551504013345,1234,Neutral,0.0163325855423484
DCAL.NS,1,0.508061026016466,2025-09-01,121,0.29672544080604535,1.0,,4.755654725666542,-10.423298912728447,59.803368891898856,64.11219446378695,1235,Neutral,0.016122052032931933
IRCON.NS,1,0.5080391781558825,2025-09-01,121,1.2299473521213997,15.0,,12.529295870703047,2.32116051873908,40.94518420769502,69.9578553670178,1236,Neutral,0.01607835631176502
VOLTAS.NS,1,0.5078681597787501,2025-09-01,121,0.545726017170586,13.0,,0.6134915077266834,0.5688918486793498,19.16220461622924,52.15944845299853,1237,Neutral,0.01573631955750021
GSS.NS,1,0.5078653967192491,2025-09-01,121,0.7473996407535821,0.46,,-9.966026297218491,-36.82956070585994,44.2956430773763,21.36987289225,1238,Neutral,0.01573079343849826
IIFL.NS,1,0.5078269141934224,2025-09-01,121,4.795408311537344,,,5.122686181661645,35.006630588168605,27.78874920998114,71.21363220354029,1239,Neutral,0.015653828386844815
PDSL.NS,1,0.5077742751312628,2025-09-01,121,0.17435158501440923,15.0,,4.945905803468173,17.90990573632398,48.29340832844206,62.13973628036063,1240,Neutral,0.015548550262525662
MAMATA.NS,1,0.5077061378592753,2025-09-01,121,0.4057142857142857,29.0,,1.3801279697724569,-5.553096424653684,19.68536017935532,57.10356039559205,1241,Neutral,0.015412275718550639
DAMODARIND.NS,1,0.5074857925051262,2025-09-01,121,1.3716216216216217,3.0,,-7.263618209243307,-15.61252955303701,34.16194858166043,45.01662434803217,1242,Neutral,0.014971585010252308
HINDZINC.NS,1,0.5071851006322725,2025-09-01,121,1.6055086301872934,61.0,,23.565019620466362,27.235899956615395,34.84203320658514,78.1328433181574,1243,Neutral,0.014370201264545024
GPPL.NS,1,0.5070204745326897,2025-09-01,121,0.24149034038638453,25.0,,0.0934774927827841,18.313685162001583,26.584477823990188,37.222402103209134,1244,Neutral,0.014040949065379449
ASTRAZEN.NS,1,0.5068980108166754,2025-09-01,121,1.0212765957446808,33.0,,-0.4136105443114763,1.5464207389079458,16.597870350479287,50.852645386969826,1245,Neutral,0.013796021633350808
ICICIPRULI.NS,1,0.5065751001448126,2025-09-01,121,24.498232104973678,9.0,,8.38537235108852,12.009726340282366,19.09367342574061,72.3140739046876,1246,Neutral,0.013150200289625102
ORIENTHOT.NS,1,0.5060851489132078,2025-09-01,121,0.6402714932126696,14.0,,-10.822510822510822,-20.738743810033412,32.268498561562126,38.989693383298004,1247,Neutral,0.012170297826415544
SRM.NS,1,0.5060187797848276,2025-09-01,121,0.5217391304347826,31.0,,-6.58266390800107,-0.6746062880904993,56.41125739605496,51.395566145174904,1248,Neutral,0.012037559569655132
PRAXIS.NS,1,0.5057970932302478,2025-09-01,121,5.117647058823529,-10.0,,-1.6129093454646173,-21.052635909696672,43.603619561185425,43.49205195858935,1249,Neutral,0.011594186460495592
HCC.NS,1,0.5057496534671007,2025-09-01,121,3.4839357429718874,31.0,,-15.284879542617528,-31.077143924449004,75.86496965324378,50.36180268966453,1250,Neutral,0.011499306934201314
VISAKAIND.NS,1,0.5055514123506086,2025-09-01,121,0.7774968394437421,4.0,,3.3376800176081676,-5.6821204179170115,33.44761818010779,66.01434406342801,1251,Neutral,0.011102824701217262
VSTL.NS,1,0.505296470022103,2025-09-01,121,1.6269430051813472,8.0,,-1.2005074961033824,-13.590711383590284,34.318216456164,61.72936143223208,1252,Neutral,0.010592940044205967
KOTAKBANK.NS,1,0.5052847374298919,2025-09-01,121,4.648641306519012,,,2.739927090562456,6.6786238340075705,12.885704294872601,58.97003874823706,1253,Neutral,0.010569474859783767
INDOSTAR.NS,1,0.5052809035808199,2025-09-01,121,1.563157894736842,8.0,,-8.441763575977157,-9.435822389353293,42.723502406069315,37.68694658425611,1254,Neutral,0.010561807161639791
ASIANENE.NS,1,0.5050016481105444,2025-09-01,121,0.4103194103194103,16.0,,-3.884652148271841,-15.217718698887165,37.99609868118855,55.20832818231974,1255,Neutral,0.010003296221088753
CHEMBOND.NS,1,0.5048946320279334,2025-09-01,121,0.22023809523809523,11.0,,1.9997464569183234,-10.17720827980692,30.084632821805045,49.24053721378187,1256,Neutral,0.009789264055866775
IXIGO.NS,1,0.5047908081221459,2025-09-01,121,0.42877906976744184,15.0,,-0.46847432240311965,-10.070547813671187,45.46587540612537,46.64391677692691,1257,Neutral,0.00958161624429188
PURVA.NS,1,0.5041439918370874,2025-09-01,121,5.30835734870317,1.0,,-3.1065201938243248,-11.264840388881776,33.44806574561639,44.967658231274896,1258,Neutral,0.008287983674174715
INDUSTOWER.NS,1,0.5040851288613547,2025-09-01,121,0.8605185246672754,29.0,,4.179621167498715,18.946176543046995,19.476268500967716,59.39598300570686,1259,Neutral,0.008170257722709406
GMRP&UI.NS,1,0.5038593875134584,2025-09-01,121,1.4932601098352472,8.0,,-3.9768811966618633,-2.6074051387366235,32.09056141014263,45.59067276171712,1260,Neutral,0.007718775026916758
MAHLOG.NS,1,0.5032661084056077,2025-09-01,121,1.1286509040333796,9.0,,-0.8921602737859888,-8.018595329658101,28.637619167664003,43.57742270405566,1261,Neutral,0.006532216811215408
VAIBHAVGBL.NS,1,0.5032539818577341,2025-09-01,121,0.34652114597544337,21.0,,-1.1924424959685092,3.481019522520056,26.42851591829853,44.05034632565191,1262,Neutral,0.006507963715468135
ABSLAMC.NS,1,0.5028902535600693,2025-09-01,121,0.10938383267382702,36.0,,10.702498346579993,0.6940087168001612,25.60819721589654,68.18052827385335,1263,Neutral,0.005780507120138667
LLOYDSME.NS,1,0.5024357914550491,2025-09-01,121,0.5389635316698657,38.0,,9.126197187301704,6.90994600914831,34.37165712963229,57.016065442045544,1264,Neutral,0.00487158291009826
TECHM.NS,1,0.5022430982974685,2025-09-01,121,0.6748080303450829,18.0,,3.5270433373056957,13.528075797274383,15.823955638967474,58.07832489845565,1265,Neutral,0.004486196594936986
ADROITINFO.NS,1,0.5020894088184971,2025-09-01,121,0.3273809523809525,-1.07,,3.29670245914587,-1.2416438502900782,34.58241854040289,55.55554574409937,1266,Neutral,0.0041788176369941255
TPLPLASTEH.NS,1,0.5019862581356017,2025-09-01,121,0.6339869281045751,20.0,,-2.5108303268969725,-5.983861696681352,32.045540193796825,49.76914601637746,1267,Neutral,0.00397251627120343
GIPCL.NS,1,0.5019591674575175,2025-09-01,121,1.4264705882352942,6.0,,-3.2315841855432583,-13.61354381917177,33.93766509984283,66.86969948368268,1268,Neutral,0.0039183349150349045
UNIENTER.NS,1,0.5013210294427165,2025-09-01,121,0.041124780316344464,0.0,,-0.312324363217211,-3.578142850982095,23.914326135471665,63.72409021316689,1269,Neutral,0.0026420588854330074
TRANSRAILL.NS,1,0.5012470362183282,2025-09-01,121,2.230915125651968,35.0,,-10.643252169176053,-22.94231996402565,41.15242564640674,49.60022169239135,1270,Neutral,0.002494072436656447
COSMOFIRST.NS,1,0.501136287862562,2025-09-01,121,2.3391304347826085,8.0,,-4.361735733695652,-18.943454476898726,43.682070409696564,23.222761382016813,1271,Neutral,0.002272575725124071
EQUITASBNK.NS,1,0.5010522254875909,2025-09-01,121,8.4624445203141,,,-0.8031469630444145,10.16089776544669,26.167835554070546,66.36727766540537,1272,Neutral,0.0021044509751817486
MEDANTA.NS,1,0.5009368707085738,2025-09-01,121,0.33175230566534913,20.0,,-3.1193819968514513,-9.710804839112443,20.581893838390105,64.37088062888088,1273,Neutral,0.0018737414171476896
RCF.NS,1,0.5007640525034105,2025-09-01,121,1.7004870129870129,7.0,,5.901954791374812,0.442181045009046,27.409651638755385,69.392880056717,1274,Neutral,0.00152810500682099
SAKHTISUG.NS,1,0.5006632808749734,2025-09-01,121,7.5,12.0,,-0.9235521153905814,-8.872114302657065,21.686440669451542,49.63767214546741,1275,Neutral,0.0013265617499467197
DANGEE.NS,1,0.5006339038700528,2025-09-01,121,1.4465573770491804,2.64,,-6.100796292761826,-15.513128555865114,40.95734497540959,28.571433437113527,1276,Neutral,0.0012678077401055976
GODREJAGRO.NS,1,0.5005238848999941,2025-09-01,121,1.1728713601179506,24.0,,-4.313594015150051,-17.848407560002617,23.482131573890015,32.20187004852012,1277,Neutral,0.0010477697999882185
DBL.NS,1,0.5002379793129282,2025-09-01,121,1.0053619302949062,10.0,,2.5486558285454963,0.8673525449671047,41.42747209134568,63.38027828483699,1278,Neutral,0.0004759586258564763
LAURUSLABS.NS,1,0.5002220980161207,2025-09-01,121,0.7673851159007726,9.0,,8.606154356245128,27.16906657333846,18.146941449866823,83.62397150643044,1279,Neutral,0.00044419603224143955
GRMOVER.NS,1,0.5000558219126434,2025-09-01,121,0.9004629629629629,12.0,,2.5934493462688897,34.791011842748546,28.302860626717337,68.37144096204148,1280,Neutral,0.00011164382528683348
PARACABLES.NS,1,0.5000542253831705,2025-09-01,121,0.3431241655540721,16.0,,3.065722107096357,-11.490409551416452,35.54607824072448,63.6278858174574,1281,Neutral,0.00010845076634091733
AIAENG.NS,0,0.4999715402639672,2025-09-01,121,0.19621415454160193,19.0,,4.239638260643944,31.578945264221275,34.40919492134051,66.69740198242786,1282,Neutral,5.6919472065652954e-05
INDIGOPNTS.NS,0,0.49991918817893743,2025-09-01,121,0.30818767249310025,20.0,,-10.577744456279389,6.638082683461977,24.76323668252095,24.5239931674503,1283,Neutral,0.00016162364212513047
GKWLIMITED.NS,0,0.4997791271502749,2025-09-01,121,0.23585994613312813,0.0,,-2.947357811033717,2.6426426426426426,26.6800080025922,51.97541660906106,1284,Neutral,0.00044174569945021336
MIDHANI.NS,0,0.4997171915128821,2025-09-01,121,1.046495489243581,11.0,,7.060481694494297,-10.302946544344497,45.34946796836968,74.5906081945748,1285,Neutral,0.0005656169742358497
VEDL.NS,0,0.4997001941636904,2025-09-01,121,1.2790550032418413,19.0,,12.258543277710174,30.02044024486278,22.871587037385986,90.35886827068869,1286,Neutral,0.000599611672619238
DPWIRES.NS,0,0.49954334693147573,2025-09-01,121,0.07874015748031496,12.0,,-1.0872757240610775,-13.987843848460876,33.45231821168994,56.20538614426316,1287,Neutral,0.0009133061370485418
BIKAJI.NS,0,0.49949974006242476,2025-09-01,121,0.2930474333983106,20.0,,7.014909250878744,2.4177042476835235,17.193652326436908,68.57529905938584,1288,Neutral,0.0010005198751504851
MANOMAY.NS,0,0.49916763497024946,2025-09-01,121,3.107594936708861,13.0,,-16.320166320166322,18.38235294117647,46.74128631729934,24.948458343676265,1289,Neutral,0.0016647300595010739
MAZDA.NS,0,0.49876469328583617,2025-09-01,121,0.22127659574468084,15.0,,-6.421517636862853,-15.31996412741762,35.96063527848175,49.91846338671955,1290,Neutral,0.0024706134283276615
HMVL.NS,0,0.4985944006979561,2025-09-01,121,0.4885844748858447,5.0,,3.9565011611150203,-17.861832307341626,39.3025346575847,62.97468247464795,1291,Neutral,0.00281119860408785
CANBK.NS,0,0.49859075925847807,2025-09-01,121,15.297614760229383,,,1.8943661816332877,25.169684056396612,23.24549787721982,76.66008228305894,1292,Neutral,0.0028184814830438665
VAISHALI.NS,0,0.4985467661818094,2025-09-01,121,0.8208955223880597,5.0,,-1.3729964382336555,-23.78426555486178,46.794970714107585,63.23528664128795,1293,Neutral,0.002906467636381249
DMCC.NS,0,0.49826362766426185,2025-09-01,121,0.5982905982905983,14.0,,-1.1277441047312513,-15.783370274867456,26.545317972799822,46.17000032663058,1294,Neutral,0.003472744671476291
RCOM.NS,0,0.49798942046988004,2025-09-01,121,-1.528603188374363,,,-11.19999885559082,-20.143883041106196,35.23307366970024,41.93549627567324,1295,Neutral,0.0040211590602399205
DPSCLTD.NS,0,0.4979704595727011,2025-09-01,121,1.4003115264797508,3.0,,-5.456255103121978,-16.94214980252637,20.197536884231074,28.125032596272618,1296,Neutral,0.00405908085459783
ADVENZYMES.NS,0,0.4977947917821834,2025-09-01,121,0.11624441132637854,20.0,,-2.40555760845466,-8.851027009436613,23.859610377807044,46.788987229639154,1297,Neutral,0.004410416435633224
JKPAPER.NS,0,0.4977936191064011,2025-09-01,121,0.6619516195161952,9.0,,-2.9832399001820327,-9.366247993036183,23.39597228145969,45.369519751931115,1298,Neutral,0.00441276178719785
YESBANK.NS,0,0.49775080932356525,2025-09-01,121,7.72075533060959,,,-4.887709149058756,-0.7352934086817846,18.32820539614216,39.50616121109654,1299,Neutral,0.004498381352869507
DSSL.NS,0,0.49763838785410075,2025-09-01,121,2.208791208791209,39.0,,12.721537236820534,18.33827664032468,57.64137528424919,70.93924956536196,1300,Neutral,0.0047232242917985
HERCULES.NS,0,0.49737227182020755,2025-09-01,121,0.10599628856413823,0.72,,-5.2734543639077796,-5.620169022234918,31.336496422117698,54.98923230614865,1301,Neutral,0.005255456359584909
KAYA.NS,0,0.4969274217581969,2025-09-01,121,-4.311827956989247,-6.0,,1.1118226462659744,-12.863434778961317,54.829043844027595,67.86588120374262,1302,Neutral,0.006145156483606251
MMP.NS,0,0.4966555202315004,2025-09-01,121,0.8231046931407943,14.0,,-1.6383897433321148,-8.425644340937255,18.80601813213642,42.23708303316782,1303,Neutral,0.006688959536999217
MFSL.NS,0,0.49665183531014445,2025-09-01,121,0.0020780762950868338,0.0,,-1.182172799548835,3.0766399693525925,18.508776101586783,42.236343229893414,1304,Neutral,0.006696329379711097
NIITLTD.NS,0,0.4964158683835375,2025-09-01,121,0.065279091769158,4.0,,-4.3396000135320145,-13.632484818656224,43.551978074514636,56.20300827358413,1305,Neutral,0.007168263232924965
MANORG.NS,0,0.49584435783052594,2025-09-01,121,1.1806020066889633,6.0,,2.5898130180037144,-7.712538805630579,38.47036987353874,56.710675979281625,1306,Neutral,0.008311284338948122
MALLCOM.NS,0,0.4958109920103487,2025-09-01,121,0.5496688741721855,15.0,,-2.925731173814582,-5.5813223302120525,41.41075352271832,62.31119732208589,1307,Neutral,0.008378015979302655
EMSLIMITED.NS,0,0.49569373464485667,2025-09-01,121,0.1267056530214425,28.0,,2.153960611345844,-20.754194383829116,30.81415919935534,64.4939929779942,1308,Neutral,0.00861253071028667
SANGAMIND.NS,0,0.495578240216054,2025-09-01,121,2.0049019607843137,7.0,,15.856218322390886,13.791134657626044,28.192641713663548,80.14826914588002,1309,Neutral,0.008843519567891978
ZFCVINDIA.NS,0,0.4955350593378366,2025-09-01,121,0.17190714075815458,20.0,,0.3439670870708842,15.288647810925998,44.44191941209345,57.94162826420891,1310,Neutral,0.008929881324326816
BIRLAMONEY.NS,0,0.49544996087017074,2025-09-01,121,8.619402985074627,13.0,,-7.754098334729033,-16.676419554036205,15.477862584712243,33.77434395640827,1311,Neutral,0.009100078259658528
UJJIVANSFB.NS,0,0.49541288875587697,2025-09-01,121,6.9637239165329055,,,-3.584420376314061,9.869380430041275,24.61404187130835,49.935160066319305,1312,Neutral,0.009174222488246064
LASA.NS,0,0.49536513735975246,2025-09-01,121,0.2857142857142857,-1.0,,-3.7716699633724917,-16.60777531028115,37.71982049778139,56.8464718796645,1313,Neutral,0.009269725280495078
DCMSHRIRAM.NS,0,0.49536214723971933,2025-09-01,121,0.8068574588690723,11.0,,2.5806980689868295,9.384799727508522,40.77359286042154,42.847705087279834,1314,Neutral,0.00927570552056134
PRIVISCL.NS,0,0.49534127434758657,2025-09-01,121,1.1192,18.0,,-11.460504236657783,18.870801983135546,50.668183070032654,38.81912236617306,1315,Neutral,0.009317451304826863
PANACHE.NS,0,0.4946633082420636,2025-09-01,121,0.8055555555555556,13.0,,-17.173088009404026,-14.38199810654422,50.75827766043166,43.455245951282926,1316,Neutral,0.01067338351587277
SHYAMMETL.NS,0,0.49462157987421257,2025-09-01,121,0.2745478036175711,12.0,,4.82934083689875,-7.18821463444365,18.93193936408776,79.00492418832317,1317,Neutral,0.010756840251574862
NETWEB.NS,0,0.4944734644616637,2025-09-01,121,0.8339100346020761,32.0,,-3.400304267915883,-23.418921886661682,35.15344441158928,47.19058079810351,1318,Neutral,0.011053071076672638
REDTAPE.NS,0,0.4944164847226815,2025-09-01,121,1.667832167832168,23.0,,-5.57037094916229,-13.656637068033126,20.21429855444453,42.516266946172195,1319,Neutral,0.01116703055463697
MRPL.NS,0,0.49415153354660896,2025-09-01,121,1.6734125789948842,4.0,,-4.371617269479072,14.042458602907947,33.16085830757707,53.89460566390623,1320,Neutral,0.011696932906782087
AXISCADES.NS,0,0.49381419543277083,2025-09-01,121,0.7424242424242424,10.0,,-4.163649529326575,-18.553846153846155,40.913716649291906,52.01313985756796,1321,Neutral,0.012371609134458339
DELTACORP.NS,0,0.4937751173420668,2025-09-01,121,0.08790212958767558,9.0,,3.255878286485629,-11.728244135988938,30.966056517416067,47.571825217993585,1322,Neutral,0.01244976531586639
MANBA.NS,0,0.4937702451290898,2025-09-01,121,3.8508997429305913,,,1.7167657115508643,6.07405547786644,18.85726719276959,57.17619052706172,1323,Neutral,0.012459509741820418
CELEBRITY.NS,0,0.4936570959619823,2025-09-01,121,10.0,-13.0,,-0.3318554546215068,-18.239565747620055,43.41337895382093,61.29031464163242,1324,Neutral,0.012685808076035365
INFIBEAM.NS,0,0.4935290564193177,2025-09-01,121,0.40305987865998416,7.0,,-10.57433924904927,1.2765901199577299,32.23068227594075,41.883121708587026,1325,Neutral,0.012941887161364574
HDIL.NS,0,0.4933635071415586,2025-03-01,305,-2.720114687094216,-5.37,,-6.614779855689033,-18.644065878850874,24.502435690017244,47.61905302535748,1326,Neutral,0.013272985716882846
ADANIENSOL.NS,0,0.4932612843390433,2025-09-01,121,0.587431421446384,5.0,,2.8275448594053216,17.84915119999283,22.71680524395256,62.20042186027417,1327,Neutral,0.013477431321913369
PETRONET.NS,0,0.4932344856728586,2025-09-01,121,0.3459128660935451,26.0,,4.795278387059917,6.161778589926239,20.27969806104363,70.12384661462615,1328,Neutral,0.013531028654282795
STOVEKRAFT.NS,0,0.4931530019532397,2025-09-01,121,1.3137651821862348,11.0,,-5.703017751805751,-15.338646943284317,37.10802507909459,47.93160563152686,1329,Neutral,0.013693996093520622
AUTOIND.NS,0,0.49303773230588516,2025-09-01,121,2.596590909090909,15.0,,10.918736937911412,7.047572323751577,43.47247554426911,75.33271640617691,1330,Neutral,0.013924535388229686
CCHHL.NS,0,0.4929725709035092,2025-09-01,121,0.6591032167226254,0.93,,-3.8316561165447514,-8.760430315111487,23.244930899806356,45.374447488454024,1331,Neutral,0.014054858192981579
COROMANDEL.NS,0,0.49293971480346677,2025-09-01,121,0.8535495614760881,25.0,,-3.2775712883450665,0.6841360437027988,32.19913274130462,51.63154861459489,1332,Neutral,0.014120570393066467
HCLTECH.NS,0,0.4927025791155827,2025-09-01,121,0.49376102646351244,43.0,,-0.7459462654769183,17.758947589058806,16.495647013992603,36.57739106291785,1333,Neutral,0.014594841768834632
IIFLCAPS.NS,0,0.492668002334435,2025-09-01,121,2.386390768006367,34.0,,15.906192429595587,31.20823261393716,45.99706259770496,75.51019104537104,1334,Neutral,0.014663995331130053
TOUCHWOOD.NS,0,0.4926263480765071,2025-09-01,121,0.3099510603588908,18.51,,-0.25113700308713033,3.6535175047629154,20.4870087636915,53.862815208332066,1335,Neutral,0.014747303846985749
ITI.NS,0,0.49243745974543063,2025-09-01,121,6.150930392832529,-1.0,,1.2747160453928383,0.9119095983924327,39.13087645323365,58.276663605682494,1336,Neutral,0.015125080509138744
HATSUN.NS,0,0.4921322867778342,2025-09-01,121,1.3894566971490048,13.0,,-5.474950082006024,7.055217492911384,18.353190026705903,29.187792750854996,1337,Neutral,0.01573542644433157
PKTEA.NS,0,0.4912953150780749,2025-09-01,121,0.28299725022914757,1.2,,24.232392646897008,6.915150035511363,60.02254110636513,67.79537538206944,1338,Neutral,0.01740936984385022
VAKRANGEE.NS,0,0.4909164588922856,2025-09-01,121,0.5621301775147929,9.0,,-3.448272622135791,-3.3292172073898354,16.332682585559258,50.94339452888303,1339,Neutral,0.018167082215428842
BANARBEADS.NS,0,0.49075417881053046,2025-09-01,121,0.31008849557522117,7.76,,-1.796824519649608,-5.586300592664507,22.631759642487726,38.61161785221007,1340,Neutral,0.018491642378939077
HEG.NS,0,0.4905670530561944,2025-09-01,121,0.2928125722209383,5.0,,19.971149151141827,21.51342927923119,37.16037847472625,87.37620496519689,1341,Neutral,0.018865893887611174
TVSSCS.NS,0,0.49055052199238486,2025-09-01,121,0.3711144806671721,4.0,,1.9250073885614907,-11.022615966069974,32.716172628833235,67.93819563890379,1342,Neutral,0.018898956015230284
GHCL.NS,0,0.4905050821417221,2025-09-01,121,0.17543376480308456,24.0,,-1.8339831017764017,-6.653442299001937,28.489857886095187,35.1063829787234,1343,Neutral,0.01898983571655577
JSWINFRA.NS,0,0.4899039530872911,2025-09-01,121,0.8285108024691358,9.0,,5.1310425284822285,-11.758330660582882,19.392444824466917,71.57302792874654,1344,Neutral,0.020192093825417756
IVP.NS,0,0.48967547799845285,2025-09-01,121,1.2986111111111112,10.0,,-11.269244669790563,-8.444104759249084,41.835694157450725,45.706239487660156,1345,Neutral,0.020649044003094308
WELENT.NS,0,0.4896715471427023,2025-09-01,121,0.5455516014234876,16.0,,0.9314938689455652,4.134540569466732,20.77275192333364,53.21507475462416,1346,Neutral,0.02065690571459544
UNIDT.NS,0,0.48955378739434097,2025-09-01,121,0.4275092936802974,8.0,,4.3188023656491135,1.8909587023087253,25.557064225600072,48.26313251565282,1347,Neutral,0.020892425211318066
IGARASHI.NS,0,0.4893929049682971,2025-09-01,121,0.728448275862069,8.0,,-2.472033063303971,-14.65348030044879,44.075443672931605,56.87812734101949,1348,Neutral,0.021214190063405747
ORIENTLTD.NS,0,0.4889209670022546,2025-09-01,121,1.5,2.0,,-5.074519796394123,-7.634231256231343,29.84679597929224,51.45489533996152,1349,Neutral,0.02215806599549075
MAGADSUGAR.NS,0,0.48810882429951163,2025-09-01,121,0.5198511166253101,13.0,,2.549459578056971,-8.581820401278408,26.98770725938316,51.302451829907056,1350,Neutral,0.02378235140097673
CANFINHOME.NS,0,0.48793523245755394,2025-09-01,121,6.643236317041918,,,3.0632247190403272,22.792698132549116,21.534872838657346,60.98187499734314,1351,Neutral,0.02412953508489213
SKYGOLD.NS,0,0.4875012791581787,2025-09-01,121,0.7048192771084337,19.0,,0.01498435013614444,26.742637757448957,26.40301302025313,57.19883668449102,1352,Neutral,0.024997441683642596
PHOENIXLTD.NS,0,0.4874310219482458,2025-09-01,121,0.2043687523139578,6.0,,7.064466975368054,18.52538317727828,14.520147105008679,88.5995340542435,1353,Neutral,0.02513795610350844
CONFIPET.NS,0,0.48741651692775784,2025-09-01,121,0.711755233494364,10.0,,-4.1185722424326245,-18.777779473198784,32.44877935762592,67.63485099524468,1354,Neutral,0.025166966144484326
ASTRAMICRO.NS,0,0.4871262656992819,2025-09-01,121,0.519163763066202,18.0,,5.937921727395412,-0.2693387893389531,31.469392433875072,69.87080734213501,1355,Neutral,0.025747468601436174
SHIVAMILLS.NS,0,0.48710804678914577,2025-09-01,121,0.17391304347826086,-3.0,,-2.9027564679605713,-16.293620423994078,30.040686478213726,40.94256718416951,1356,Neutral,0.02578390642170847
SUULD.NS,0,0.4870965197053413,2024-06-01,578,-2.6865079365079363,-13.0,,-5.988018395350124,-18.22916210706646,26.388908658604993,43.750009313220744,1357,Neutral,0.025806960589317418
ODIGMA.NS,0,0.4865396907961623,2025-09-01,121,0.25934028946482657,0.97,,-5.135778109831076,-25.893474334352025,30.26819115355252,52.43664666615606,1358,Neutral,0.026920618407675345
ASIANHOTNR.NS,0,0.48627342917275607,2025-09-01,121,6.9837837837837835,7.0,,-1.6477739099111866,-0.4742292432621138,40.511781014428536,52.09863615548916,1359,Neutral,0.027453141654487867
AFFLE.NS,0,0.48619525239054523,2025-09-01,121,0.21162672106068334,9.0,,6.17181806539736,-7.6141053794546085,22.778177847323615,77.57817614179969,1360,Neutral,0.02760949521890954
ALLDIGI.NS,0,0.4860045481462189,2025-09-01,121,0.510989010989011,34.0,,3.592496206620494,-6.0158871534800795,28.135496091998423,54.669906152221415,1361,Neutral,0.027990903707562187
SARVESHWAR.NS,0,0.48599202595436863,2025-09-01,121,0.7885117493472585,8.0,,3.926098828852679,-26.590539706532795,34.72813445080806,59.6638658829441,1362,Neutral,0.028015948091262732
AKZOINDIA.NS,0,0.48584394136664594,2025-09-01,121,0.6149068322981367,42.0,,-8.771677837284777,-3.9945596365576366,46.15244589468749,26.191977150689468,1363,Neutral,0.028312117266708126
PAKKA.NS,0,0.48581827727273325,2025-09-01,121,0.7525354969574036,14.0,,-6.92354644493835,-30.845153766279722,38.15909345898502,53.63024185051536,1364,Neutral,0.02836344545453351
SRF.NS,0,0.485490694689411,2025-09-01,121,0.5196941997673259,14.0,,7.536282566882322,8.903523645307503,20.43656627452513,69.88789955705644,1365,Neutral,0.029018610621178054
RAMAPHO.NS,0,0.4854679655110248,2025-09-01,121,0.594059405940594,8.0,,-7.081642121397586,7.056592714086728,50.48657622325388,60.082763741550835,1366,Neutral,0.02906406897795044
BANCOINDIA.NS,0,0.4853387946520763,2025-09-01,121,0.10993249758919961,39.0,,1.772918731305531,-19.15969653758426,43.95135325587998,37.55964139441455,1367,Neutral,0.0293224106958474
NAGREEKCAP.NS,0,0.48531114166892636,2025-09-01,121,3.7777777777777777,29.0,,-3.298607224851376,2.805464099671604,40.591431346233506,53.87648289600453,1368,Neutral,0.02937771666214728
BALRAMCHIN.NS,0,0.4850934783298014,2025-09-01,121,0.3435466377440347,10.0,,-0.5816568464240772,-1.7301304492944554,31.529819415681036,47.777034807074905,1369,Neutral,0.02981304334039725
INCREDIBLE.NS,0,0.48492700799782107,2025-09-01,121,0.2847682119205298,10.0,,0.6684834410591012,-8.56757649810286,28.37000716244481,50.0,1370,Neutral,0.030145984004357862
ARVINDFASN.NS,0,0.48484479957304594,2025-09-01,121,0.22317596566523606,3.0,,2.09654328655407,-5.891785271333708,29.934785086426768,57.0835459428094,1371,Neutral,0.030310400853908126
DIAMONDYD.NS,0,0.4846054932186354,2025-09-01,121,0.31798561151079136,-1.0,,8.810291631976344,18.056319403345377,30.773334733268303,90.0206648345614,1372,Neutral,0.03078901356272923
SHRIPISTON.NS,0,0.48443497129589214,2025-09-01,121,0.37551945598791087,27.0,,21.63786626596544,20.13504772531105,40.15837776561662,58.405542727305246,1373,Neutral,0.031130057408215728
SHARDAMOTR.NS,0,0.4843835304231735,2025-09-01,121,0.6471095772217429,35.0,,-3.3158544940915884,-10.100384743218212,22.776153106600347,40.01845723050159,1374,Neutral,0.031232939153652994
MASFIN.NS,0,0.48435787709801986,2025-09-01,121,3.5100502512562812,,,2.9425798696991183,7.1878147220075,27.413959148676792,53.99811669594974,1375,Neutral,0.031284245803960276
TVSSRICHAK.NS,0,0.4841857447379729,2025-09-01,121,1.4079391891891893,6.0,,-10.593310822603176,13.677006664904978,34.00891133360228,41.86350663281587,1376,Neutral,0.03162851052405424
SUPERSPIN.NS,0,0.4838886308525292,2025-09-01,121,0.7857142857142857,4.0,,-10.567295144068474,-12.131144294578021,29.044008265166564,41.29031960351813,1377,Neutral,0.0322227382949416
ZEELEARN.NS,0,0.4836960802629785,2025-09-01,121,5.7727272727272725,28.0,,-1.6216200542241166,-20.783454382870474,59.80109180693266,48.27586376993035,1378,Neutral,0.032607839474043
DWARKESH.NS,0,0.4833676308047258,2025-09-01,121,0.3615894039735099,7.0,,-5.343705558203322,-9.324683997120596,35.579326566211634,25.97221839574958,1379,Neutral,0.03326473839054844
AJMERA.NS,0,0.48336578709834027,2025-09-01,121,0.5794556628621598,13.0,,-2.6166316220049444,-4.300589468167125,37.447062791802985,41.40532490972543,1380,Neutral,0.03326842580331946
VBL.NS,0,0.48333845987200885,2025-09-01,121,0.17719346803210628,24.0,,1.7552996082605392,10.588100824921911,20.70508104519516,60.46082923385452,1381,Neutral,0.033323080255982296
ANANDRATHI.NS,0,0.483177286415867,2025-09-01,121,0.3441247002398082,54.0,,6.414108670122265,8.012516122374404,15.47255663339772,87.92017847886738,1382,Neutral,0.03364542716826602
JINDALSAW.NS,0,0.48304279037563375,2025-09-01,121,0.5800685602350637,21.0,,2.4336721972759037,-17.86971539984811,24.118475548383792,65.6404432997284,1383,Neutral,0.03391441924873251
STARHEALTH.NS,0,0.4824135808694117,2025-09-01,121,1.8569509738079248,12.0,,-5.405405405405405,3.7391686430149638,17.978630936732543,36.79693904802578,1384,Neutral,0.035172838261176564
ENIL.NS,0,0.4823813431400783,2025-09-01,121,0.5364238410596026,2.0,,-4.011556375683095,-26.82481609904041,32.31810095038231,47.85581535063564,1385,Neutral,0.0352373137198434
AUTOAXLES.NS,0,0.4823770806860137,2025-09-01,121,0.32007952286282304,9.0,,3.026491369631348,8.978810547287546,36.17610853304938,63.78318337143923,1386,Neutral,0.03524583862797259
CCL.NS,0,0.48232188591961994,2025-09-01,121,1.0822134387351778,10.0,,-4.064214540121933,11.706597125942768,33.4711521288075,44.117650307965,1387,Neutral,0.03535622816076012
GMRAIRPORT.NS,0,0.4818527496511723,2025-09-01,121,0.39857363290805764,1.0,,-2.11947347374005,16.82337925316986,30.59826849848846,65.03631628474746,1388,Neutral,0.036294500697655385
TATVA.NS,0,0.48162970420724704,2025-09-01,121,0.23601637107776263,0.0,,-7.140875150994888,31.850965409793254,42.922439095480655,37.07944563572994,1389,Neutral,0.03674059158550591
TREL.NS,0,0.48138740422503545,2025-09-01,121,0.055944055944055944,3.0,,11.364509205002813,-5.788098306669851,42.97113311446863,60.779812550486234,1390,Neutral,0.03722519154992909
JINDWORLD.NS,0,0.4813499738048573,2025-09-01,121,0.9121287128712872,10.0,,-10.791803357073634,-17.360523448611513,31.66263473953687,44.44444098157414,1391,Neutral,0.03730005239028544
KALYANKJIL.NS,0,0.48128044044872625,2025-09-01,121,1.7020470053070509,16.0,,-4.260776325752309,6.834694947140705,25.70121342699177,69.24278715011371,1392,Neutral,0.03743911910254749
SFL.NS,0,0.48097912536390824,2025-09-01,121,0.5091169109760457,5.0,,-4.219236525486403,-11.899022186440279,19.90372843800889,48.05913234453503,1393,Neutral,0.03804174927218351
GODAVARIB.NS,0,0.4809107107109879,2025-09-01,121,1.0308988764044944,6.0,,14.850921972267722,9.462219783027576,40.62684343364365,70.46461750290779,1394,Neutral,0.0381785785780242
INTERARCH.NS,0,0.480642011046704,2025-09-01,121,0.5605493133583022,25.0,,-3.7574484834650437,20.448854322971034,24.586355462416385,42.26723135202071,1395,Neutral,0.03871597790659198
KAYNES.NS,0,0.4803819931650219,2025-09-01,121,0.1481311625773905,12.0,,-25.80197836738467,-43.92902053933212,78.75672262345887,48.470209339774556,1396,Neutral,0.039236013669956216
GEOJITFSL.NS,0,0.4801197335453556,2025-09-01,121,0.16297786720321933,-3.0,,2.0764605485190457,-4.747846700568342,39.838807381951966,60.54926295225511,1397,Neutral,0.039760532909288826
INDUSINDBK.NS,0,0.4800065409816532,2025-09-01,121,7.1592196057802395,,,1.6347200533474406,16.28876859533319,19.871840687450668,64.23248023713018,1398,Neutral,0.03998691803669363
HINDPETRO.NS,0,0.4798513174600587,2025-09-01,121,2.575132825132825,12.0,,10.78920507689996,16.079663381206785,25.868345364980716,81.09758412251105,1399,Neutral,0.040297365079882574
UFO.NS,0,0.4794289076358151,2025-09-01,121,0.8602150537634409,6.0,,1.7567570987343923,11.30073081030897,47.96994627947784,64.3403454234205,1400,Neutral,0.041142184728369835
DDEVPLSTIK.NS,0,0.4793156484658198,2025-09-01,121,0.3406113537117904,34.0,,6.0429968822174125,-11.132432413678687,37.46551667129971,61.684452273538504,1401,Neutral,0.04136870306836038
TARAPUR.NS,0,0.479214954945091,2025-09-01,121,41.0370370370371,-63.15,,-19.927636478145807,7.47104955472637,42.963358321845774,50.294702327977895,1402,Neutral,0.04157009010981805
LIKHITHA.NS,0,0.4788203510282892,2025-09-01,121,0.13032581453634084,28.0,,0.07855551197575983,-16.561875481167867,38.65653926408585,53.984618543615014,1403,Neutral,0.04235929794342164
GICRE.NS,0,0.4781373492063721,2025-09-01,121,2.1739992009588494,16.0,,-1.7923951533284979,3.9585040904220126,22.508384942772373,54.32471694854111,1404,Neutral,0.04372530158725585
CREST.NS,0,0.47786558364289117,2025-09-01,121,0.22887323943661972,10.0,,-0.5807950530327611,5.926839227509129,45.04362648824478,63.736250335357674,1405,Neutral,0.044268832714217665
JSL.NS,0,0.477797137803633,2025-09-01,121,0.9787270840539606,20.0,,10.318764377259283,10.080006968126744,22.739217835095403,77.2343381929895,1406,Neutral,0.04440572439273405
TEMBO.NS,0,0.47778043942898074,2025-09-01,121,1.625,27.0,,-16.16675866448559,3.253688019215163,47.91678674126461,35.215225052358676,1407,Neutral,0.04443912114203852
GABRIEL.NS,0,0.47759362224104274,2025-09-01,121,0.6283400809716599,26.0,,-1.7990917199935328,-18.489747813575686,53.97925851347192,58.928568943966866,1408,Neutral,0.044812755517914526
MUTHOOTMF.NS,0,0.4775798275250291,2025-09-01,121,3.253515914137676,6.0,,-5.9024087785019175,7.654800961988151,35.15515723971844,50.94802206309789,1409,Neutral,0.044840344949941824
LEMONTREE.NS,0,0.4775500361749495,2025-09-01,121,0.32384615384615384,11.0,,-1.8549391054251871,-4.221797163817986,25.782125730020628,44.81153775861961,1410,Neutral,0.04489992765010098
JYOTICNC.NS,0,0.4767865801951749,2025-09-01,121,0.391500904159132,22.0,,0.0,12.689367841544147,30.563753326977494,60.18321734930141,1411,Neutral,0.04642683960965022
FINOPB.NS,0,0.4767845103777575,2025-09-01,121,4.742363877822045,,,-16.65075367534719,-2.6403890906181426,55.86191981497396,44.404747372581845,1412,Neutral,0.04643097924448503
REPRO.NS,0,0.4766612458524042,2025-09-01,121,0.5243553008595988,1.0,,-1.6267929604432483,8.3880082789301,41.52730513902691,38.142627953702345,1413,Neutral,0.04667750829519157
ORIENTCEM.NS,0,0.47635850379024325,2025-09-01,121,0.4362578768783325,9.0,,4.565198756438133,-23.386990067522348,39.80885099611819,66.74591390858646,1414,Neutral,0.0472829924195135
BAJAJINDEF.NS,0,0.47635660638012045,2025-09-01,121,0.20155038759689922,18.0,,1.812688821752266,-7.519208110708128,42.799066956645994,58.69802206813562,1415,Neutral,0.0472867872397591
M&MFIN.NS,0,0.4761402979734191,2025-09-01,121,5.088329857490441,,,10.41095890410959,47.40307571205917,44.83567321293277,78.34541620655726,1416,Neutral,0.047719404053161774
CSBBANK.NS,0,0.4761022091427688,2025-09-01,121,9.640289300148904,,,11.175685320805176,23.58008239663947,32.154183819324835,90.36694919910646,1417,Neutral,0.04779558171446241
CGPOWER.NS,0,0.47575456164943536,2025-09-01,121,0.3924149615534993,36.0,,-1.788689946130485,-12.422271545728146,19.7161426810408,35.95166970920691,1418,Neutral,0.04849087670112928
SONATSOFTW.NS,0,0.47555661007110694,2025-09-01,121,0.45012468827930174,31.0,,2.7849185461359784,3.6711964995964923,24.61501555308685,57.42489135474543,1419,Neutral,0.04888677985778611
HNDFDS.NS,0,0.4755284897956302,2025-09-01,121,1.1315261044176708,15.0,,-2.1308670663934297,-2.845378483656872,18.558482776164002,46.52436465875046,1420,Neutral,0.048943020408739546
SOLARA.NS,0,0.47515526372296346,2025-09-01,121,0.820859872611465,6.0,,7.866350779385442,-6.673819279467525,41.774013640059174,26.773309881333674,1421,Neutral,0.04968947255407308
TDPOWERSYS.NS,0,0.47513903270530455,2025-09-01,121,0.5254054054054054,28.0,,-11.407662694368799,17.474253710726675,43.3968043538484,56.55599386556801,1422,Neutral,0.04972193458939089
GOKUL.NS,0,0.47506086043422496,2025-09-01,121,0.046948356807511735,2.0,,-4.542050683018362,-8.798280275476817,24.61051579066946,30.482491730649215,1423,Neutral,0.049878279131550074
ICICIGI.NS,0,0.47479090806582847,2025-09-01,121,2.7059889972493125,25.0,,-1.471329138742281,4.163150229766465,9.90875580212134,66.70740653860003,1424,Neutral,0.05041818386834307
OPTIEMUS.NS,0,0.4744797409459588,2025-09-01,121,0.01238390092879257,7.0,,-10.155761066839117,-25.207465717697204,38.08422243006485,28.393615882002223,1425,Neutral,0.05104051810808241
DIVGIITTS.NS,0,0.47445254378390916,2025-09-01,121,0.13322368421052633,6.0,,3.9683845372354893,-9.053745960555311,25.313368169571454,63.81381188735823,1426,Neutral,0.05109491243218167
MARATHON.NS,0,0.4742590551081088,2025-09-01,121,0.029865125240847785,15.0,,0.27048959210508505,-5.778197951436226,36.161320584839,50.94984731946408,1427,Neutral,0.05148188978378243
ALKEM.NS,0,0.47411478423718545,2025-09-01,121,0.2773508964507867,20.0,,-2.341048151104017,0.8608846964007693,14.077048022073804,37.768679631525075,1428,Neutral,0.0517704315256291
DELPHIFX.NS,0,0.4741063786655422,2025-09-01,121,0.2622339733865024,7.24,,-3.568234929046568,0.16463311691218638,33.158836508413984,37.736966536013306,1429,Neutral,0.051787242668915545
SUNDRMFAST.NS,0,0.4740119347324421,2025-09-01,121,0.3309950636528969,17.0,,-2.4526430518405458,-4.212669271152607,22.888763118223732,48.29608829608829,1430,Neutral,0.05197613053511585
ANANTRAJ.NS,0,0.47382067036298164,2025-09-01,121,0.17508505626799267,7.0,,-1.511611342368118,-21.70803270866266,46.407401388200476,63.159530836119416,1431,Neutral,0.05235865927403671
MASTERTR.NS,0,0.47375446588364684,2025-09-01,121,0.06507012122652715,3.24,,-3.8324691559457986,-13.61126614707576,41.482975895069615,68.81068966842233,1432,Neutral,0.05249106823270633
INOXGREEN.NS,0,0.47375422126640915,2025-09-01,121,0.17288135593220338,4.0,,-1.9210123064939817,2.2059222577996205,34.700284713497716,68.48447689361772,1433,Neutral,0.052491557467181704
JMFINANCIL.NS,0,0.47358482718443057,2025-09-01,121,0.06671026814911707,13.0,,-1.9723021878106668,-7.122896140120169,34.19822038827452,68.42104043885985,1434,Neutral,0.052830345631138864
VSTIND.NS,0,0.47329004058205515,2025-09-01,121,0.48738170347003157,21.0,,1.2382051776959204,-1.132442305962092,13.813791660900963,55.89220814850665,1435,Neutral,0.0534199188358897
JAMNAAUTO.NS,0,0.4731718921779519,2025-09-01,121,0.35938903863432164,22.0,,3.4319371399719625,26.581662906343066,36.31288152437755,53.168387310059295,1436,Neutral,0.05365621564409617
MAXIND.NS,0,0.4727983274746706,2025-09-01,121,0.010742018150638829,-0.43,,-6.59573931927247,-14.22590290097993,20.09222842348849,23.42638945263758,1437,Neutral,0.0544033450506588
BEL.NS,0,0.47269716973363846,2025-09-01,121,0.9967117624953025,39.0,,-3.2562600379968054,-1.6974154726898831,23.59234172304412,65.04976569017964,1438,Neutral,0.05460566053272309
NH.NS,0,0.47186241230880166,2025-09-01,121,1.028029322984045,19.0,,-0.957967249142415,9.269419578400232,24.64927522071158,51.182147405527594,1439,Neutral,0.05627517538239668
ASTRON.NS,0,0.4715849526008786,2025-09-01,121,1.3444444444444446,-19.0,,-10.818716834024421,-53.7528423146826,45.55514910656268,34.61537285904758,1440,Neutral,0.05683009479824275
RADHIKAJWE.NS,0,0.4713416165340687,2025-09-01,121,0.16408668730650156,26.0,,-5.675638767700899,-15.940063570555058,32.82046537875716,52.043331627896144,1441,Neutral,0.057316766931862606
PRAJIND.NS,0,0.47134005304413884,2025-09-01,121,1.102919708029197,24.0,,1.6703493584768179,-3.75895156463581,41.7458271574314,59.18265221531188,1442,Neutral,0.05731989391172232
CIEINDIA.NS,0,0.47119916956504865,2025-09-01,121,0.1844954525768731,5.0,,0.8912655971479502,5.374207166059029,30.974183164806778,61.88089448907604,1443,Neutral,0.057601660869902704
BANKA.NS,0,0.47099240239725404,2025-09-01,121,1.1944706251963555,0.87,,-5.719928143102412,-20.626260103450647,39.29398490917711,54.972580175876416,1444,Neutral,0.05801519520549192
APOLLOPIPE.NS,0,0.4701687756659141,2025-09-01,121,0.24821852731591448,7.0,,-0.5580902859961112,-11.711711711711711,37.89144970395105,42.84780277389083,1445,Neutral,0.05966244866817183
PRICOLLTD.NS,0,0.4701476435768237,2025-09-01,121,0.8062015503875969,22.0,,5.759078772360437,26.713792063476095,30.507916878255436,65.19544722305389,1446,Neutral,0.05970471284635259
LUMAXIND.NS,0,0.4698642230940478,2025-09-01,121,3.5834683954619124,13.0,,-7.963665226210424,3.3042287643674464,40.833404312814594,33.086956521739125,1447,Neutral,0.06027155381190441
BLBLIMITED.NS,0,0.46977902103725316,2025-09-01,121,0.05128205128205128,7.0,,-8.577002073110691,-17.088978997471894,34.785164380433216,35.59321759932757,1448,Neutral,0.06044195792549367
KIRLOSENG.NS,0,0.4697441964173737,2025-09-01,121,0.4913603518693057,18.0,,9.446845864632396,31.626981236608703,47.28926498711069,62.71396367750431,1449,Neutral,0.06051160716525261
AARVI.NS,0,0.46962975627476805,2025-09-01,121,0.7657657657657657,10.0,,-1.6728113966006344,6.721079133285021,45.74640382169755,64.77156939707271,1450,Neutral,0.0607404874504639
MOTHERSON.NS,0,0.4691255508295192,2025-09-01,121,0.26004759040870223,5.0,,0.5701830395735011,13.150945699439859,23.4683705500628,50.57946758455174,1451,Neutral,0.061748898340961644
ITC.NS,0,0.4688866487601956,2025-09-01,121,0.2535102427644529,37.0,,0.5112826363776827,-0.6410271361909353,8.531916907099655,50.20662433715644,1452,Neutral,0.06222670247960882
VARDMNPOLY.NS,0,0.4683772964436848,2025-09-01,121,-2.3,,,-7.63582944634024,-26.518695636527994,42.86225289979717,56.32910437356006,1453,Neutral,0.06324540711263038
KMSUGAR.NS,0,0.46811798976385277,2025-09-01,121,0.2983425414364641,25.0,,1.1498567649045575,-0.6919105354829371,23.937950781549887,69.05832473029805,1454,Neutral,0.06376402047229446
FSL.NS,0,0.46797865312272086,2025-09-01,121,0.5722983257229832,17.0,,-2.723066072322414,2.927199323515326,27.90405907577188,46.11019470418467,1455,Neutral,0.06404269375455829
SPCENET.NS,0,0.46795854678943655,2025-09-01,121,0.22058720482096575,3.4,,-15.355805042781995,-6.353585301823442,46.69009600190013,46.90909765574674,1456,Neutral,0.0640829064211269
IGIL.NS,0,0.4678862897158872,2025-09-01,121,0.15171902617024924,73.0,,1.8082396072826694,-3.541603289747587,23.496130901376233,57.90040716461763,1457,Neutral,0.06422742056822561
XTGLOBAL.NS,0,0.46781520947326816,2025-09-01,121,0.26239690459220033,3.95,,-6.97227805174208,-14.865231344792527,43.37155075635275,38.99082067127259,1458,Neutral,0.06436958105346369
SHREEPUSHK.NS,0,0.4675010146549879,2025-09-01,121,0.47391304347826085,9.0,,-0.916163140663287,-11.15237208065323,38.1901456525714,58.09430865746699,1459,Neutral,0.06499797069002422
HCG.NS,0,0.4673871576941847,2025-09-01,121,1.1537162162162162,7.0,,-10.419485791610285,2.9068883198936755,20.37322080069741,25.58869671643164,1460,Neutral,0.06522568461163059
SICALLOG.NS,0,0.4673675504778813,2025-09-01,121,15.40625,-6.0,,-3.080512343719164,-5.783782134184967,55.715265840801834,47.625511839443945,1461,Neutral,0.06526489904423738
VASWANI.NS,0,0.4673043416235852,2025-09-01,121,2.3092105263157894,11.0,,17.25490534101079,18.026315817778222,62.53679469520937,74.29078637783182,1462,Neutral,0.06539131675282961
EKC.NS,0,0.4672959955730952,2025-09-01,121,0.2931258106355383,12.0,,-2.104554239188678,-20.680717255711848,29.869019819149045,41.97689439606836,1463,Neutral,0.0654080088538096
VALIANTORG.NS,0,0.4666202464633154,2025-09-01,121,0.5718518518518518,3.0,,4.071542124827119,-16.335269162896935,36.5992213956384,51.32013824576141,1464,Neutral,0.0667595070733692
ORIENTBELL.NS,0,0.4664636959888316,2025-09-01,121,0.6178343949044586,2.0,,8.571424394514542,8.925506724867628,58.36699232543666,71.90333941841382,1465,Neutral,0.06707260802233683
GALAPREC.NS,0,0.4659261122631344,2025-09-01,121,0.2647058823529412,17.0,,6.069081060918317,3.352617621680947,27.373210774455796,64.89853689401565,1466,Neutral,0.06814777547373119
BCLIND.NS,0,0.46565943036535673,2025-09-01,121,0.7360594795539034,10.0,,1.1128303781514886,-21.746412245214948,30.899032133114908,52.173888460007475,1467,Neutral,0.06868113926928654
INDOWIND.NS,0,0.4652322656035181,2025-09-01,121,0.13568376068376056,1.48,,-14.09197829401151,-9.390548731630947,56.052407725892294,45.89665071992245,1468,Neutral,0.0695354687929638
HARIOMPIPE.NS,0,0.46458218474117136,2025-09-01,121,0.8892561983471075,14.0,,-4.463716501692964,-21.86294293859158,54.72269402395472,66.13200986352,1469,Neutral,0.07083563051765729
IVC.NS,0,0.4645149083068331,2025-09-01,121,0.02727272727272727,-2.0,,1.2437858450770298,7.665701842357593,21.93204320159945,54.639177284882805,1470,Neutral,0.07097018338633376
MMFL.NS,0,0.4641558757838782,2025-09-01,121,1.5909558067831449,12.0,,11.209943161769097,18.55484677701554,28.949990441656826,52.04724988429748,1471,Neutral,0.07168824843224364
GFLLIMITED.NS,0,0.4641557418379857,2025-09-01,121,0.06916276052163844,0.08,,-1.95228095725795,-3.1960501104156878,23.539048410424886,51.58815612944576,1472,Neutral,0.07168851632402862
ORICONENT.NS,0,0.46364189372104314,2025-09-01,121,0.08940092165898618,-1.0,,2.4232116392796135,13.288035062957986,28.511131534894595,67.94644161755525,1473,Neutral,0.07271621255791372
ANTGRAPHIC.NS,0,0.4623638578999595,2025-09-01,121,3.669783752191701,-1.59,,-2.9702942250534496,-6.666660611591367,46.548816397992965,55.172420880459555,1474,Neutral,0.07527228420008103
DYCL.NS,0,0.462009800995803,2025-09-01,121,0.48048780487804876,26.0,,-1.7786235194847317,-13.680398749366665,31.10042039192553,54.100836121783715,1475,Neutral,0.07598039800839396
MOSCHIP.NS,0,0.4615156995491697,2025-09-01,121,0.41208791208791207,11.0,,-2.4328961718501754,-19.473148908714062,36.0967444186021,52.770008080485184,1476,Neutral,0.07696860090166058
VIPCLOTHNG.NS,0,0.4611390702186187,2025-09-01,121,0.7142857142857143,6.0,,-1.9906726800056478,-6.802724196947588,44.37801911406694,23.569805236609383,1477,Neutral,0.07772185956276256
NITIRAJ.NS,0,0.46097230125043853,2025-09-01,121,0.11852116024726579,7.96,,-1.4869455081390135,-6.650343559100742,39.1829229566608,56.11798601927074,1478,Neutral,0.07805539749912294
SANGINITA.NS,0,0.46085311207356666,2025-09-01,121,0.8214285714285714,4.0,,1.188117633928445,0.8884516443350288,28.950322081959367,56.54207398375722,1479,Neutral,0.07829377585286668
MARINE.NS,0,0.46056372129902085,2025-09-01,121,0.6140350877192983,18.0,,-2.4754285884127047,-2.241810944120763,37.41608895795072,64.75314574542595,1480,Neutral,0.07887255740195831
MANGALAM.NS,0,0.45999447427066015,2025-09-01,121,1.421875,8.0,,3.6939295773544165,-61.59430227038136,81.33609667363426,67.68189684051401,1481,Neutral,0.0800110514586797
PILANIINVS.NS,0,0.4599823571471833,2025-09-01,121,0.234396327087728,2.0,,0.8592392353736242,-1.5437083697982754,24.33121474520418,54.07407407407408,1482,Neutral,0.08003528570563345
ACMESOLAR.NS,0,0.45988412429361797,2025-09-01,121,1.1507145950627977,8.0,,4.833589004834464,-14.263535923045465,27.90387132380131,76.25809934178889,1483,Neutral,0.08023175141276406
GENSOL.NS,0,0.4588606332850694,2024-12-01,395,2.419254658385093,18.0,,-10.027287055451803,-36.46435724970253,37.75416097754896,33.59997233071509,1484,Neutral,0.08227873342986125
MOKSH.NS,0,0.4581126289038184,2025-09-01,121,0.36,13.0,,-6.141516360035112,-0.2836876650414524,54.84282731788328,49.03846242018708,1485,Neutral,0.08377474219236325
NAUKRI.NS,0,0.45780021875429755,2025-09-01,121,0.1780977137905752,5.0,,-3.8222992162973113,-0.19809919777361534,18.67680016539827,46.57438890977364,1486,Neutral,0.0843995624914049
VINCOFE.NS,0,0.45755969901810717,2025-09-01,121,0.0944558521560575,3.0,,-3.069849632671761,8.009009415420461,31.12366829158642,47.739180865530756,1487,Neutral,0.08488060196378566
BEARDSELL.NS,0,0.4573981684434163,2025-09-01,121,0.9534883720930233,15.0,,3.3041117575118086,-7.6830350785507,42.64639325205749,59.85914641632238,1488,Neutral,0.0852036631131674
AJOONI.NS,0,0.45713885033631196,2025-09-01,121,0.16853932584269662,7.0,,-10.580917234823396,-18.06084115521502,44.313573952645264,38.88887417169421,1489,Neutral,0.08572229932737607
IRMENERGY.NS,0,0.4569953815136741,2025-09-01,121,0.28125,8.0,,-0.2799607324475066,-22.609993818574413,19.809484459399933,48.554913974574575,1490,Neutral,0.08600923697265184
SALONA.NS,0,0.4568025057690785,2025-09-01,121,3.176470588235294,7.0,,-2.061082958291729,7.268924133242972,43.32875239839663,45.55726821909847,1491,Neutral,0.08639498846184301
REPCOHOME.NS,0,0.45667264793318124,2025-09-01,121,3.354071100917431,,,1.7287931637030889,14.25227186177647,26.060157842438763,61.614179377649755,1492,Neutral,0.08665470413363752
BIRLANU.NS,0,0.4563760522086531,2025-09-01,121,0.5724409448818898,3.0,,-2.2826936453773357,-15.548749226049358,43.34286377744987,55.43231802770036,1493,Neutral,0.08724789558269375
INNOVACAP.NS,0,0.45599924342842263,2025-09-01,121,0.7016509433962265,12.0,,0.6007247647805825,-15.580307668706036,40.43523582511759,41.24774816236899,1494,Neutral,0.08800151314315474
NIBE.NS,0,0.45589609113669965,2025-09-01,121,0.670995670995671,17.0,,3.9213874042173607,-24.67778719356351,50.57538489195995,64.27654791497615,1495,Neutral,0.08820781772660069
NFL.NS,0,0.4554493557860937,2025-09-01,121,4.051398337112623,6.0,,7.142018747889657,-0.5650295012101912,29.640666265459174,77.8702077516349,1496,Neutral,0.08910128842781262
BTML.NS,0,0.45541635686175125,2025-09-01,121,0.5194871143836487,23.07,,4.408354054360543,-0.33222296631586307,53.859128971864465,65.31532034646726,1497,Neutral,0.0891672862764975
CROWN.NS,0,0.4546220713617236,2025-09-01,121,1.6081081081081081,19.0,,-1.098986187521039,-11.386472477106775,39.2575662488056,53.79075230804528,1498,Neutral,0.09075585727655278
RPOWER.NS,0,0.4545741720809397,2025-09-01,121,0.7442122515877894,0.0,,-10.411318490729306,-23.741798922719493,56.022751266326644,53.801501170533975,1499,Neutral,0.0908516558381206
AUBANK.NS,0,0.45452500963632675,2025-09-01,121,8.123284651419123,,,4.629142556549184,35.972103746744,15.763422859401357,50.4519701927951,1500,Neutral,0.0909499807273465
SUYOG.NS,0,0.45451054494982857,2025-09-01,121,0.6935483870967742,14.0,,-5.488087964186203,-19.806956471063852,37.15662145178693,49.91563897256336,1501,Neutral,0.09097891010034287
LUPIN.NS,0,0.45333825065600436,2025-09-01,121,0.1997134880987364,22.0,,1.286793559151206,6.470496543302522,14.007575079305479,57.82928340654806,1502,Neutral,0.09332349868799128
BHARATFORG.NS,0,0.45326549945780903,2025-09-01,121,0.5316455696202531,15.0,,3.4473054142657027,20.564123798676864,16.065615296690243,72.40400627195488,1503,Neutral,0.09346900108438194
BSOFT.NS,0,0.45299052876884977,2025-09-01,121,0.34525939177101966,24.0,,7.000858064289559,24.480041240927587,31.760764749171948,53.06940782216805,1504,Neutral,0.09401894246230047
MANAKSTEEL.NS,0,0.4529252862875872,2025-09-01,121,0.79375,4.0,,11.81542006223749,16.97010193531377,56.052031113083736,67.77710335751158,1505,Neutral,0.09414942742482557
EMAMILTD.NS,0,0.4528968967155137,2025-09-01,121,0.1333758774728781,34.0,,1.2643631390684866,-1.7285757728425992,20.50507754246735,48.50257094946316,1506,Neutral,0.0942062065689726
RAYMONDLSL.NS,0,0.45233077014136286,2025-09-01,121,0.39859627068929393,2.0,,-7.002676181980375,-13.535701897744417,48.72650046348816,31.16707241088089,1507,Neutral,0.09533845971727428
PLATIND.NS,0,0.4519510668546564,2025-09-01,121,0.20698254364089774,19.0,,-7.8267400465269645,-15.435784049846662,37.45541491354834,41.39414440440799,1508,Neutral,0.09609786629068717
RESPONIND.NS,0,0.4518220311988686,2025-09-01,121,0.2765072765072765,6.0,,-8.26158327335964,12.476137259528432,49.11880186331759,57.8971774207735,1509,Neutral,0.0963559376022628
SMLT.NS,0,0.4513015057583419,2025-09-01,121,0.05737704918032787,6.0,,-11.096225957109377,-17.70932632723161,38.01460357736953,37.36951570972081,1510,Neutral,0.09739698848331624
UNIPARTS.NS,0,0.45120340705222467,2025-09-01,121,0.34285714285714286,16.0,,-2.4166751173102985,24.49431862642783,25.21824164076547,52.25767643057828,1511,Neutral,0.09759318589555066
GRANULES.NS,0,0.45099563696129497,2025-09-01,121,0.5341037204058624,11.0,,5.230769230769231,15.76402321083172,24.468449135955392,73.68424887268642,1512,Neutral,0.09800872607741007
CENTURYPLY.NS,0,0.45085060653194897,2025-09-01,121,0.4939334637964775,15.0,,1.8432047462522214,1.930883369627146,28.20952715756566,49.95810860478395,1513,Neutral,0.09829878693610206
RBLBANK.NS,0,0.45081588604336553,2025-09-01,121,8.70920554854981,,,4.4830397991625315,14.752897450961736,23.250599553029602,55.9739942674513,1514,Neutral,0.09836822791326894
IMPEXFERRO.NS,0,0.4506905254604855,2025-06-01,213,-1.5262523397100345,,,-4.687495634425334,-6.1538462478968725,36.68762883641119,51.3513487390247,1515,Neutral,0.09861894907902902
ASTEC.NS,0,0.45059457521610574,2025-09-01,121,1.1380145278450364,-13.0,,-11.459968602825747,-12.389711780118711,81.94487797235593,44.881881613221154,1516,Neutral,0.09881084956778852
BHARTIHEXA.NS,0,0.450520977874794,2025-09-01,121,2.0382706164931945,17.0,,4.174529767161012,11.726461280090463,24.85874826215938,74.3499119055979,1517,Neutral,0.09895804425041199
VISHWARAJ.NS,0,0.4505204816704902,2025-09-01,121,1.556,0.0,,-1.8571444920131137,-14.869886674652163,27.887746851542655,32.97871530946476,1518,Neutral,0.09895903665901962
FEDFINA.NS,0,0.45033532985948976,2025-09-01,121,3.930627306273063,,,-0.2182263115929058,-2.285972556115971,30.084147855932876,64.49353145703068,1519,Neutral,0.09932934028102047
SANDHAR.NS,0,0.4497414731751861,2025-09-01,121,0.5662063363119415,15.0,,-3.448885373244844,20.768381028745882,43.89141912434879,51.81346167115159,1520,Sell,0.10051705364962782
BSL.NS,0,0.44952010296169315,2025-09-01,121,4.5,8.0,,-10.952850070281924,-2.5824698510669264,35.65332185874862,36.95883126880053,1521,Sell,0.10095979407661371
JYOTISTRUC.NS,0,0.4493518442997281,2025-09-01,121,4.473684210526316,2.0,,-13.167255981973181,-35.27851274363122,39.37638588881383,29.433971227122626,1522,Sell,0.10129631140054385
SPECTRUM.NS,0,0.44927047716202706,2025-09-01,121,1.1157407407407407,16.0,,-4.330097590533607,-7.633469257079708,64.13242386839062,67.55307341701098,1523,Sell,0.10145904567594588
BBL.NS,0,0.4489629527581118,2025-09-01,121,0.4164009111617312,10.0,,-5.85099080858692,-18.856001462614717,19.240723210163612,29.096433045731487,1524,Sell,0.10207409448377636
ONWARDTEC.NS,0,0.4488665795821826,2025-09-01,121,0.47783251231527096,16.0,,1.2031117562109912,-1.549053356282272,33.78474219346736,61.70212765957447,1525,Sell,0.10226684083563475
INDTERRAIN.NS,0,0.4487145170713666,2025-09-01,121,1.4120879120879122,-5.0,,-2.6688987116780427,5.866340019992843,31.21442831313243,52.548305543245874,1526,Sell,0.10257096585726677
TCS.NS,0,0.4485976794024131,2025-09-01,121,0.7008432417175317,78.0,,2.248301849596697,10.430240504518547,13.168974049565016,52.235083480308845,1527,Sell,0.10280464119517385
PERSISTENT.NS,0,0.44854891703903627,2025-09-01,121,0.5402507174142879,28.0,,-2.09178894786138,30.057024364955936,27.38905131089008,60.401221107719145,1528,Sell,0.10290216592192747
WOCKPHARMA.NS,0,0.4485379868273052,2025-09-01,121,1.0589050589050588,4.0,,-3.2512774999138454,-3.1216570292070878,67.36272320304964,71.84272809158277,1529,Sell,0.10292402634538955
MSPL.NS,0,0.4484415048216353,2025-09-01,121,0.6472527472527473,6.0,,0.3221447835832634,2.383558717492509,32.57630616994402,56.586019644669086,1530,Sell,0.10311699035672939
SEQUENT.NS,0,0.4484345996345927,2025-09-01,121,0.04403048264182896,2.0,,-3.5073116797659356,6.998460655105478,37.94535308544519,54.31487771363551,1531,Sell,0.1031308007308146
YUKEN.NS,0,0.4484115809738093,2025-09-01,121,0.5284090909090909,7.0,,4.388059145062926,-5.967475589526397,31.718703649572955,76.4936034624217,1532,Sell,0.10317683805238143
POCL.NS,0,0.44829096310585964,2025-09-01,121,0.11366906474820145,17.0,,13.504020240174844,24.069963787196034,32.853444129706695,85.1046785081094,1533,Sell,0.10341807378828072
HINDCOPPER.NS,0,0.44681188472148764,2025-09-01,121,0.2928380187416332,24.0,,53.07146439758653,54.57799184680958,56.972591724196455,86.72285442797627,1534,Sell,0.10637623055702472
GPIL.NS,0,0.446564160707441,2025-09-01,121,0.15858245891902595,23.0,,12.631762323314904,7.877881926148674,34.689580502811964,73.61491771230018,1535,Sell,0.10687167858511804
AJAXENGG.NS,0,0.44631665248847524,2025-09-01,121,0.16533546325878595,34.0,,-4.885471823862097,-9.072812358551571,23.39024592354765,50.07383713277521,1536,Sell,0.10736669502304952
SHAHALLOYS.NS,0,0.4458019926268959,2025-09-01,121,2.7027027027027026,-21.0,,-3.281643182668112,4.082845833482071,36.80325464145203,60.22354489657926,1537,Sell,0.10839601474620819
GVT&D.NS,0,0.4457456300923581,2025-09-01,121,1.906999041227229,55.0,,11.82308019129999,5.809829420705962,42.27851607249262,63.940705326851464,1538,Sell,0.10850873981528375
KALAMANDIR.NS,0,0.4455625399936354,2025-09-01,121,0.5181128896377422,12.0,,-1.1094266979370528,0.9458858413639732,26.526580047839133,52.2453291661404,1539,Sell,0.10887492001272925
REFEX.NS,0,0.44508366094006974,2025-09-01,121,0.3410620792819746,25.0,,-23.626211219671866,-28.901654335800398,90.19272152987789,33.90899003561053,1540,Sell,0.10983267811986053
ZEEMEDIA.NS,0,0.44505649901127,2025-09-01,121,1.4634760705289673,-17.0,,-5.111826180623877,-21.28975187617735,39.92308985284711,44.84536462565571,1541,Sell,0.10988700197746004
INDOFARM.NS,0,0.44442555397161987,2025-09-01,121,0.30916030534351147,7.0,,0.8734063194443725,-5.915100890245625,42.107035342271004,70.60962351112619,1542,Sell,0.11114889205676026
JKTYRE.NS,0,0.4444119232719218,2025-09-01,121,1.2707443220148416,12.0,,10.629405580835014,37.181060297802254,30.867688849399343,74.86500059027597,1543,Sell,0.11117615345615639
AURIONPRO.NS,0,0.44350227973885337,2025-09-01,121,0.29329608938547486,12.0,,-4.815736199777533,-9.874894904815497,43.1470701677693,30.728120406819457,1544,Sell,0.11299544052229327
ORIENTELEC.NS,0,0.44345115646821,2025-09-01,121,1.0521861777150916,18.0,,-6.328774117821581,-9.81566711182536,73.58363831667629,55.455633702798856,1545,Sell,0.11309768706358003
ONEPOINT.NS,0,0.4433260832635555,2025-09-01,121,0.21176470588235294,11.0,,-0.582771254258709,18.160171539171696,40.20279173596587,58.88240521242198,1546,Sell,0.11334783347288901
AROGRANITE.NS,0,0.4431959096872978,2025-09-01,121,1.2021857923497268,2.0,,-1.5767897017847394,-17.038809222238775,46.32654010271063,58.2894643059709,1547,Sell,0.11360818062540445
DIVISLAB.NS,0,0.4426252031549184,2025-09-01,121,0.17744772327535666,21.0,,-0.38955979742890534,11.952714535901926,14.754236940765988,46.75885911840968,1548,Sell,0.11474959369016324
SEJALLTD.NS,0,0.4425497097886184,2025-09-01,121,5.488433575677463,10.81,,-2.1925076033740396,7.12335880908577,39.61439972083559,47.92822049324248,1549,Sell,0.11490058042276319
MAHLIFE.NS,0,0.4421622516240014,2025-09-01,121,1.2358168147641833,3.0,,-6.4263707182941765,10.454865249409552,24.78659815561493,39.15932310501,1550,Sell,0.11567549675199718
VENUSREM.NS,0,0.4418922390921269,2025-09-01,121,0.2692307692307692,12.0,,5.37101828603406,74.09385225261413,70.03516434108839,45.05731969434364,1551,Sell,0.11621552181574624
SANSTAR.NS,0,0.441854480944551,2025-09-01,121,0.15477996965098634,12.0,,7.411109076605903,1.6829688432282603,35.83071339878743,66.53733944326147,1552,Sell,0.11629103811089803
KKCL.NS,0,0.4417422091179698,2025-09-01,121,0.47494305239179957,19.0,,-1.5887368318721717,-8.309912889099111,27.976639469730713,50.632187637570304,1553,Sell,0.1165155817640604
JINDALPHOT.NS,0,0.4414054615088196,2025-09-01,121,0.4136733478864854,0.81,,0.6235702430986771,36.365284068321216,28.558856119764194,36.936856261272304,1554,Sell,0.11718907698236081
DCW.NS,0,0.44129155304536105,2025-09-01,121,1.0897920604914935,8.0,,-1.6368502083696366,-14.178441568069768,52.94403218647994,63.007941912537405,1555,Sell,0.1174168939092779
LANCORHOL.NS,0,0.4411641726725714,2025-09-01,121,1.0297029702970297,12.0,,-3.41555827514593,10.030271017510747,40.03241692989915,59.41278048561945,1556,Sell,0.11767165465485718
APOLLO.NS,0,0.4407859570173791,2025-09-01,121,0.6070110701107011,15.0,,-2.978421944614652,-17.450682852807283,52.14359342888829,76.97144093790507,1557,Sell,0.11842808596524179
PPAP.NS,0,0.4406728941758319,2025-09-01,121,0.9877300613496932,7.0,,-8.186958124829152,3.07079675457889,39.84177081257589,35.64208865405632,1558,Sell,0.11865421164833623
WINSOME.NS,0,0.4399853559591223,2025-03-01,305,-9.3,-8.0,,-7.537687208004634,-7.999998331069946,23.13701834355402,29.7297332128353,1559,Sell,0.12002928808175539
ESSARSHPNG.NS,0,0.438893319791564,2025-09-01,121,-1.0266552020636286,122.0,,-5.789111918247174,6.505648894937783,31.42285470313151,42.661443539085745,1560,Sell,0.12221336041687203
BLSE.NS,0,0.4380616752731845,2025-09-01,121,0.07857142857142857,9.0,,-6.887060051301548,10.84607571341295,31.453542014886093,26.678832914001575,1561,Sell,0.12387664945363097
SUNPHARMA.NS,0,0.43784048101943085,2025-09-01,121,0.9073195313484231,17.0,,-4.434567870415393,5.103288258882775,14.329951047748079,24.8128887171018,1562,Sell,0.1243190379611383
ALPA.NS,0,0.43776498237536754,2025-09-01,121,0.27835051546391754,15.0,,-0.14138895377469674,-13.945499012099875,47.205913675313575,38.45609363636266,1563,Sell,0.12447003524926492
ISGEC.NS,0,0.4377281952424221,2025-09-01,121,1.560392156862745,17.0,,10.204948390034913,4.124068958467644,49.83815364780058,69.74975463744995,1564,Sell,0.12454360951515575
OILCOUNTUB.NS,0,0.4372672101217755,2025-09-01,121,0.5753424657534246,-8.0,,-6.359180799926675,-9.74745024865111,43.77613016725256,39.34889916460049,1565,Sell,0.125465579756449
MODTHREAD.NS,0,0.4372264106046999,2025-09-01,121,0.7279411764705882,3.0,,0.7597768772913757,4.592900752037779,30.22621836693305,50.998007753505085,1566,Sell,0.12554717879060018
LYKALABS.NS,0,0.4371837317733185,2025-09-01,121,0.4772727272727273,8.0,,-5.574223222387682,-20.583924938763648,43.484743247202786,33.986359367942896,1567,Sell,0.12563253645336303
BAIDFIN.NS,0,0.43701321543758037,2025-09-01,121,1.544502617801047,11.0,,8.947884371538008,2.8783607499191546,58.83145996752863,57.885902469520424,1568,Sell,0.12597356912483926
FLEXITUFF.NS,0,0.4369797365099235,2025-06-01,213,16.571428571428573,9.0,,-28.09822965152599,-46.37989609011394,66.85455060347209,32.55813279008561,1569,Sell,0.126040526980153
MCLOUD.NS,0,0.43696107949747803,2025-09-01,121,1.558139534883721,10.0,,1.6419080435755344,-66.34739932552046,120.1795652891704,24.773023011879502,1570,Sell,0.12607784100504393
PRAKASH.NS,0,0.4368371529702346,2025-09-01,121,0.3318751822688831,11.0,,9.233055558238183,-11.727543899661274,43.57475623348948,72.35483969411543,1571,Sell,0.12632569405953076
PRAENG.NS,0,0.4361903616029429,2025-09-01,121,0.39801980198019804,-3.0,,-16.211003186848878,3.0051336260197035,34.63987118014656,26.999997329712926,1572,Sell,0.12761927679411422
AUSOMENT.NS,0,0.43603797949470435,2025-09-01,121,0.025974025974025976,16.0,,-8.39236592558088,8.681035032906573,42.80833796963142,53.2047851721684,1573,Sell,0.1279240410105913
OCCLLTD.NS,0,0.4359939802075054,2025-09-01,121,0.38686131386861317,15.0,,1.3278695617333474,-20.50697112638047,39.11225338540144,61.050473194328426,1574,Sell,0.1280120395849892
RAMANEWS.NS,0,0.43556397670434505,2025-09-01,121,-15.794117647058824,2.0,,9.983197380514707,5.787264461254491,24.84290887309725,66.22138793885416,1575,Sell,0.1288720465913099
SALASAR.NS,0,0.4355587862279827,2025-09-01,121,1.2928759894459103,13.0,,-7.828810083224511,-1.670374456310032,22.814871893158223,41.79104158941792,1576,Sell,0.12888242754403456
RAIN.NS,0,0.4350044024700028,2025-09-01,121,0.20216216216216215,5.0,,34.45268862545067,11.466587558319134,55.74318419529269,88.09254224268686,1577,Sell,0.12999119505999435
GINNIFILA.NS,0,0.4348309520534742,2025-09-01,121,0.38461538461538464,9.0,,6.749095704485758,-10.90088126809695,34.313515648627146,62.8938222322721,1578,Sell,0.13033809589305156
ASPINWALL.NS,0,0.43453366676131666,2025-09-01,121,0.702247191011236,9.0,,4.632887985679047,-1.6462706475060662,71.33015350604158,63.04006722375438,1579,Sell,0.13093266647736668
GATECH.NS,0,0.4344291083057501,2025-09-01,121,0.0988237562668722,15.12,,-8.47456856590309,-23.943656651043256,45.59510556634683,50.0,1580,Sell,0.1311417833884998
PEARLPOLY.NS,0,0.43412512438910056,2025-09-01,121,0.1778230500582072,-14.49,,-3.6651439388854046,-21.11187107259869,60.45653865871359,60.25491728007196,1581,Sell,0.13174975122179888
AGIIL.NS,0,0.43405800162586816,2025-09-01,121,2.7537091988130564,22.0,,-2.706717827266216,4.118716549501183,43.533613266440106,46.11342807043413,1582,Sell,0.13188399674826368
AIIL.NS,0,0.4340001737425188,2025-09-01,121,0.20519785171924193,31.0,,18.639952538125073,4.1931251111695085,42.453312306932176,80.60851942045062,1583,Sell,0.13199965251496237
CEIGALL.NS,0,0.4338875586074032,2025-09-01,121,0.9873949579831933,22.0,,12.223434440490562,2.544350022135867,28.929990743711116,85.93246950075087,1584,Sell,0.13222488278519362
AVG.NS,0,0.4336260394521622,2025-09-01,121,1.2217898832684826,13.0,,-4.947106992826624,-20.333140773652644,64.24055130238149,57.478219689127556,1585,Sell,0.13274792109567557
TBOTEK.NS,0,0.43358294202289444,2025-09-01,121,0.8501827040194885,14.0,,-2.0673870094701194,9.022357733175632,27.00989420355561,53.55213704342147,1586,Sell,0.13283411595421113
TECILCHEM.NS,0,0.43348768432901014,2025-09-01,121,-1.2395663956639569,,,9.854603951426597,7.594939892359539,66.64402647519464,61.53039352365103,1587,Sell,0.13302463134197973
CUPID.NS,0,0.4334723135719744,2025-09-01,121,0.16010498687664043,17.0,,46.749750318573966,138.4261243947306,34.527194833357854,99.67871968310735,1588,Sell,0.13305537285605118
BRNL.NS,0,0.4334231470696037,2025-09-01,121,0.9590361445783132,-36.0,,-5.985031831556537,-1.049867737140332,29.724538788165184,53.670896955872166,1589,Sell,0.13315370586079256
BSHSL.NS,0,0.43321480254356814,2025-09-01,121,0.3697478991596639,21.0,,0.7563436463466923,-16.917976328217556,51.11762244637713,60.16411077851144,1590,Sell,0.1335703949128637
IPCALAB.NS,0,0.43311694700912845,2025-09-01,121,0.2909410017550965,18.0,,-0.7276305925120077,6.901225963700615,23.853348328649542,39.33172931857875,1591,Sell,0.1337661059817431
CARERATING.NS,0,0.43276914872005207,2025-09-01,121,0.1453551912568306,24.0,,7.059689392160267,3.719238773882093,17.847224827397778,67.57812978966027,1592,Sell,0.13446170255989587
BAFNAPH.NS,0,0.4327073803293236,2025-09-01,121,0.75,8.0,,-2.307491305912217,-14.485105690381205,44.09758394953461,57.83728949213398,1593,Sell,0.1345852393413528
KRBL.NS,0,0.4319125450016358,2025-09-01,121,0.14142152384432669,12.0,,-2.0484171322160147,14.530406740960213,20.31639153120156,54.09358012323632,1594,Sell,0.13617490999672843
GOACARBON.NS,0,0.4310792205204319,2025-09-01,121,2.24468085106383,-2.0,,4.257670209451687,-2.902521321852316,33.937464781737354,68.17317843989227,1595,Sell,0.1378415589591362
PTCIL.NS,0,0.4306993637991504,2025-09-01,121,0.08982925018559762,5.0,,1.2532693984306886,18.37176710408969,31.831208596599513,53.59093667813069,1596,Sell,0.13860127240169917
RUCHINFRA.NS,0,0.4303567182830742,2025-09-01,121,0.3832673827020915,1.75,,-5.4135357646865305,-16.02135975881334,46.33514855699495,41.17647294531361,1597,Sell,0.1392865634338516
NILASPACES.NS,0,0.4303340063595207,2025-09-01,121,1.305732484076433,27.0,,0.2479908097245223,-3.0575552730870372,36.38381051414239,57.880433092496034,1598,Sell,0.13933198728095864
NKIND.NS,0,0.4296436914599459,2025-09-01,121,-1.8255035485446656,,,-3.8705071099370505,-6.165729744117383,31.17653556905487,52.69166361221276,1599,Sell,0.14071261708010818
DIFFNKG.NS,0,0.42943983441982614,2025-09-01,121,0.20107238605898123,14.0,,12.955463794609692,-6.948304849411269,42.25741360965887,74.1272939344213,1600,Sell,0.14112033116034772
SILGO.NS,0,0.4292858202685517,2025-09-01,121,0.03999292160679522,10.48,,18.971742909577333,14.051016120133445,35.76834757751335,67.3621431135135,1601,Sell,0.14142835946289656
TRENT.NS,0,0.4290084379231805,2025-09-01,121,0.6766928657799275,29.0,,1.242162545841713,-11.44453642384106,19.75080751519511,69.68203993929069,1602,Sell,0.141983124153639
DCMSRIND.NS,0,0.4284488562121167,2025-09-01,121,1.1333333333333333,14.0,,-66.36722701702249,-64.04453124817701,201.89805367054436,12.439696365868542,1603,Sell,0.1431022875757666
RSYSTEMS.NS,0,0.42836182710984616,2025-09-01,121,0.5315315315315315,33.0,,1.4672624546848039,0.935628771011102,30.019080791368314,50.83724018164188,1604,Sell,0.14327634578030768
AAATECH.NS,0,0.42834189362021896,2025-09-01,121,0.11107512953367873,16.02,,16.02438615599612,33.877654834732226,34.82915496373546,66.88904777505932,1605,Sell,0.14331621275956208
AVROIND.NS,0,0.42786795041954373,2025-09-01,121,0.4234161988773054,7.58,,-14.83875520016024,-20.190388486612957,47.081994197083574,65.54838811296892,1606,Sell,0.14426409916091254
HERITGFOOD.NS,0,0.4273506362506286,2025-09-01,121,0.5926660059464817,25.0,,-3.612187297862178,-4.620807714155648,24.824491532529905,46.41448069309859,1607,Sell,0.14529872749874284
RETAIL.NS,0,0.42718682977422945,2025-09-01,121,0.31331793687451875,3.55,,-26.290373410835517,-30.703748827527306,95.59874834593015,42.23798569563737,1608,Sell,0.1456263404515411
GANECOS.NS,0,0.426795877450998,2025-09-01,121,0.17214397496087636,9.0,,-6.865591262746373,-26.752495387672077,40.410169040833324,45.09745563006533,1609,Sell,0.146408245098004
RACLGEAR.NS,0,0.4266762436319619,2025-09-01,121,0.9785932721712538,13.0,,7.966797246924803,-0.4574307722407311,39.03365849468797,68.12696232719314,1610,Sell,0.14664751273607624
KAPSTON.NS,0,0.42632135825252304,2025-09-01,121,2.156862745098039,13.0,,-0.9904259030870913,21.861026598406166,30.074392929611232,51.15508692486119,1611,Sell,0.14735728349495392
RICOAUTO.NS,0,0.4262005393640612,2025-09-01,121,1.5982142857142858,6.0,,10.776738779080901,45.202550657795314,79.94067190037487,69.23834373015688,1612,Sell,0.14759892127187757
SIGNPOST.NS,0,0.42602778556412424,2025-09-01,121,1.6454183266932272,15.0,,4.686315250322886,-17.83934634047245,34.656644537311195,53.87152761876849,1613,Sell,0.14794442887175152
CESC.NS,0,0.42568183569649826,2025-09-01,121,2.1041157493401115,10.0,,-2.79615221469305,6.938896424749473,23.546708000188453,49.45846557244946,1614,Sell,0.1486363286070035
EMCURE.NS,0,0.42544281985369464,2025-09-01,121,1.0,14.0,,-4.85321642638622,6.2529241458737435,26.342553445673616,41.192740386121976,1615,Sell,0.14911436029261071
UGARSUGAR.NS,0,0.4248511833455243,2025-09-01,121,3.584795321637427,3.0,,6.565901068153026,0.8204371199554182,34.60856783048398,46.318729411128956,1616,Sell,0.1502976333089514
DEEDEV.NS,0,0.42445418819308756,2025-09-01,121,1.091016548463357,7.0,,3.2258079060891247,-22.64255520927545,36.09112850327545,42.948932588845345,1617,Sell,0.1510916236138249
GSLSU.NS,0,0.42440606563767985,2025-09-01,121,0.2,4.0,,-18.741914818871276,11.394367812242818,40.55157486116416,20.994468617469096,1618,Sell,0.1511878687246403
GRAVITA.NS,0,0.42433477543156717,2025-09-01,121,0.29359953024075164,21.0,,3.822511650879184,18.34628558044673,29.10005564755257,60.36672764446358,1619,Sell,0.15133044913686566
KOHINOOR.NS,0,0.4237509158536913,2025-09-01,121,-2.2934131736526946,0.0,,-8.969527606995014,-19.105564293782532,40.76547584684202,44.791669253675,1620,Sell,0.15249816829261742
ESABINDIA.NS,0,0.4235897244178654,2025-09-01,121,0.53125,70.0,,7.85303231518371,24.095331530883747,28.633812131834972,46.75751879699248,1621,Sell,0.15282055116426918
TTML.NS,0,0.42320686567944016,2025-09-01,121,-1.0625506482982172,50.0,,-4.36041299708455,-10.101559224663118,64.79951600375998,44.45515730368491,1622,Sell,0.15358626864111968
BHARATSE.NS,0,0.42308521737450344,2025-09-01,121,2.347826086956522,16.0,,-6.454770272115481,-3.7134385550632283,42.31886655892211,52.74436898357546,1623,Sell,0.15382956525099312
UNIINFO.NS,0,0.42258360806217826,2025-09-01,121,0.3004538577912254,-0.97,,-7.5971731250301895,-9.98279227956062,41.41757978277177,41.11570455558868,1624,Sell,0.15483278387564348
RBA.NS,0,0.4225103795884411,2025-09-01,121,0.9044843049327355,2.0,,0.863166702327825,-19.123300193414252,44.64535639619424,46.24737969635348,1625,Sell,0.15497924082311776
SUPRAJIT.NS,0,0.4223889410825098,2025-09-01,121,0.4630969609261939,20.0,,-1.5400955921402018,-0.08622416506727319,30.040448924831786,57.703942394571364,1626,Sell,0.1552221178349804
LAGNAM.NS,0,0.42206746552276386,2025-09-01,121,3.7107438016528924,10.0,,-0.8993264012688759,-12.305499833619574,77.07337893835607,62.397553277767464,1627,Sell,0.15586506895447227
FELDVR.NS,0,0.4220632537721563,2015-06-01,3866,,,,4.918035990574884,-4.761900369272073,44.91489532854254,59.8039217977879,1628,Sell,0.15587349245568738
CINEVISTA.NS,0,0.42191487034499625,2025-09-01,121,1.6428571428571428,-19.0,,-2.724455670441327,-17.748692542496673,54.26884536335772,58.263303750743304,1629,Sell,0.1561702593100075
SURANAT&P.NS,0,0.4200803585696444,2025-09-01,121,0.16149068322981366,1.0,,-3.994294461061565,-8.435368559454352,39.030618789197966,57.74058226796489,1630,Sell,0.15983928286071125
PENINLAND.NS,0,0.419936722908511,2025-09-01,121,4.097142857142857,6.0,,-12.279485492208767,-26.45011326265596,48.9855110610377,47.47900113719631,1631,Sell,0.16012655418297805
SIMBHALS.NS,0,0.4198246966958507,2025-06-01,213,-43.06382978723404,3.0,,8.231701762010191,-22.319477834445618,37.8956418049941,70.93023169850879,1632,Sell,0.16035060660829858
MTEDUCARE.NS,0,0.4192143775125588,2025-09-01,121,2.2037037037037037,-6.0,,-13.131312523164532,-17.307687899064575,36.039705966985444,33.33333333333333,1633,Sell,0.1615712449748824
CTE.NS,0,0.4192066383587089,2025-09-01,121,0.9618178431737754,9.65,,-11.638318548393293,6.472485417116755,52.90940581384752,50.57370334693674,1634,Sell,0.16158672328258217
CARRARO.NS,0,0.41879349147776873,2025-09-01,121,1.3511904761904763,22.0,,-4.458083702054132,16.519918514100894,37.66580719264287,53.24944946814976,1635,Sell,0.16241301704446254
HINDOILEXP.NS,0,0.4186395121271788,2025-09-01,121,0.5252854812398042,14.0,,3.2625191290241635,-9.886815669849017,27.606337053771767,58.36733568102268,1636,Sell,0.16272097574564237
BBTC.NS,0,0.4185318206768105,2025-09-01,121,1.6129032258064515,28.0,,2.8361445610200056,6.8495461304263285,27.765366426083027,57.470202713853745,1637,Sell,0.162936358646379
MSTCLTD.NS,0,0.4182204539192336,2025-09-01,121,1.396694214876033,28.0,,7.614741918572769,6.215729713558769,35.54461629364247,77.72325812556284,1638,Sell,0.16355909216153275
SINTERCOM.NS,0,0.4181670472898936,2025-09-01,121,0.948198198198198,5.08,,-14.005832304949864,-14.163266124992557,57.12526588710738,40.03484827208574,1639,Sell,0.16366590542021275
FEL.NS,0,0.4179979874954399,2023-03-01,1036,-14.30607476635514,-10.0,,2.173910930837298,-20.33897971189134,26.575363640320777,19.99998807906678,1640,Sell,0.16400402500912015
PIGL.NS,0,0.41799256080469843,2025-09-01,121,0.5847457627118644,20.0,,-13.9106680842306,-26.51766381816987,39.759062828415665,36.26309941567213,1641,Sell,0.16401487839060314
IRIS.NS,0,0.41745288178924217,2025-09-01,121,0.2894736842105263,28.0,,-3.031261121407949,-0.6665543405414556,25.012378660849212,50.57803927056683,1642,Sell,0.16509423642151566
CAPTRUST.NS,0,0.4174149269084691,2025-09-01,121,1.4666666666666666,12.0,,1.5456010001936091,-65.08105243064534,56.062424281445935,65.41850215637439,1643,Sell,0.1651701461830618
EMAMIREAL.NS,0,0.41722741115550405,2025-09-01,121,-15.36774193548387,-2.0,,-7.598406783989605,-25.60852776655945,46.427695459389504,46.539151038445766,1644,Sell,0.1655451776889919
IDEAFORGE.NS,0,0.416849150107217,2025-09-01,121,0.20408163265306123,-8.0,,1.879820495755626,-7.888795255147814,57.735549567254495,65.39529068220793,1645,Sell,0.16630169978556597
WINDLAS.NS,0,0.4168231991797834,2025-09-01,121,0.5214953271028038,17.0,,1.8968263752603334,-12.231604656311792,31.73710353442055,51.33703735185192,1646,Sell,0.16635360164043322
INDBANK.NS,0,0.4165174990228087,2025-09-01,121,0.2221640853913772,13.44,,-3.8928763111309954,5.676997038687679,25.026365420329945,39.66941367112871,1647,Sell,0.16696500195438257
ABCAPITAL.NS,0,0.41642738013670083,2025-09-01,121,4.698408566966609,9.0,,0.5481411685260014,19.292981466054858,24.292544064755038,53.340183318654795,1648,Sell,0.16714523972659834
SANGHVIMOV.NS,0,0.41638472355804296,2025-09-01,121,0.5579399141630901,12.0,,6.078277142891404,-10.001308293579807,47.65765407592744,69.89150529504931,1649,Sell,0.16723055288391409
NARMADA.NS,0,0.4162759087855044,2025-09-01,121,0.22099447513812148,13.05,,-8.920986830057998,-15.22340941911922,32.06827139234167,48.20513673239029,1650,Sell,0.16744818242899118
SOTL.NS,0,0.41626067152395446,2025-09-01,121,0.4814391776127927,10.0,,2.4416261231445966,-3.0310684983586107,30.85850656752365,61.01363594721707,1651,Sell,0.16747865695209108
STCINDIA.NS,0,0.4158065118058324,2025-06-01,213,-56.804681957909665,10.43,,10.226589797355997,-3.6596389297200647,47.57715291325215,63.34495316916697,1652,Sell,0.16838697638833522
FILATFASH.NS,0,0.4153712195875365,2025-09-01,121,0.08297320656871218,1.0,,-27.027025067780148,-50.90909002241026,77.88246274620113,19.047625805514045,1653,Sell,0.16925756082492704
STEELXIND.NS,0,0.4153584352154172,2025-09-01,121,0.8428761651131824,10.0,,9.47488472625302,-6.6212295507906305,46.32544777815687,77.89856699980788,1654,Sell,0.16928312956916558
PANSARI.NS,0,0.4151492494971641,2025-09-01,121,1.0070921985815602,7.0,,-4.640815581774546,5.857447586812228,52.015102217432045,51.94805194805195,1655,Sell,0.16970150100567183
RVHL.NS,0,0.41514220340437885,2025-09-01,121,0.012581392782253622,-0.18,,-5.798164857636897,-4.678797677695056,34.7285770835475,33.89694793647088,1656,Sell,0.1697155931912423
VENKEYS.NS,0,0.41494454131713576,2025-09-01,121,0.4527911784975879,11.0,,11.759937494247055,1.8864108516707185,39.576413161987574,46.578858210348166,1657,Sell,0.17011091736572848
HBLENGINE.NS,0,0.41426372169364867,2025-09-01,121,0.3452868852459016,27.0,,6.462917398501832,14.296282426761389,45.96790830071022,75.72696779804367,1658,Sell,0.17147255661270266
STARTECK.NS,0,0.4139701553378921,2025-09-01,121,1.257510729613734,8.0,,-2.9934999539573983,-10.026973414410127,39.91605537186692,52.202069108099856,1659,Sell,0.17205968932421578
SURAJEST.NS,0,0.4133241664148638,2025-09-01,121,0.8728024819027922,17.0,,-7.798808605679286,-5.767510820539692,43.287700244883005,48.95832554187417,1660,Sell,0.1733516671702724
ONESOURCE.NS,0,0.4132958624966489,2025-09-01,121,0.32843301035750083,6.0,,12.28526980377907,-1.6192158461643464,32.64144889527603,66.55461501006653,1661,Sell,0.1734082750067022
ADL.NS,0,0.41321235235816234,2025-09-01,121,0.4841379310344826,3.21,,0.47531109124016746,-10.76454084964689,51.80688582460008,49.37611715261908,1662,Sell,0.17357529528367532
ANIKINDS.NS,0,0.41316685292498617,2025-09-01,121,0.09059233449477352,2.0,,-8.186531180570372,-16.13819157711947,58.99886659898199,53.0524473437171,1663,Sell,0.17366629415002766
VENTIVE.NS,0,0.412786233037582,2025-09-01,121,0.23451423603564442,10.0,,5.003101951940537,9.509796551822626,23.907612252317424,77.88456845836554,1664,Sell,0.174427533924836
V2RETAIL.NS,0,0.41265730722754623,2025-09-01,121,5.115384615384615,17.0,,-1.1868199145507796,17.603543945197263,34.36703305737173,79.3772997635684,1665,Sell,0.17468538554490753
LATENTVIEW.NS,0,0.4120446041238821,2025-09-01,121,0.04143426294820717,10.0,,-2.0395062024492794,11.213480089990782,43.13654684534824,20.58257098735804,1666,Sell,0.17591079175223578
ATLANTAA.NS,0,0.4107436408045912,2025-09-01,121,0.03470031545741325,13.0,,4.324066733728241,13.609309479616094,46.99318977819086,60.86005869407763,1667,Sell,0.17851271839081762
PGEL.NS,0,0.41020949148950064,2025-09-01,121,0.14592110302566066,7.0,,-2.0265708730719276,12.616224120469788,39.26425738690861,63.92599999247253,1668,Sell,0.1795810170209987
BPL.NS,0,0.41013036800902275,2025-09-01,121,1.1666666666666667,8.0,,-2.5682965277144647,-22.578966414895657,61.39785473291285,58.90834847000602,1669,Sell,0.1797392639819545
ORCHASP.NS,0,0.41009251523042933,2025-09-01,121,0.9171021167301392,-8.26,,0.6896544920278584,3.9145955784467565,46.98510979904635,55.55557027276096,1670,Sell,0.17981496953914133
PNGJL.NS,0,0.4100563735527198,2025-09-01,121,1.5075757575757576,19.0,,-4.104506985391357,2.101016849067689,19.469362610597514,50.5843001474761,1671,Sell,0.17988725289456042
VIMTALABS.NS,0,0.40922039545614064,2025-09-01,121,0.24519230769230768,25.0,,-0.5830644551726156,-12.887672294649654,22.51648255028364,54.35203505806019,1672,Sell,0.18155920908771872
RVNL.NS,0,0.40835466596950437,2025-09-01,121,1.1411271541686074,15.0,,12.378108480344578,3.7311284353210317,46.86226271100242,68.48756965360744,1673,Sell,0.18329066806099126
MALUPAPER.NS,0,0.4082140583061363,2025-09-01,121,-11.0,-4.0,,-5.154357500524329,-7.464637117183942,48.43341290635712,37.894746352442304,1674,Sell,0.18357188338772745
RAILTEL.NS,0,0.40817273601363924,2025-09-01,121,1.3937529578797918,22.0,,10.531011316152401,-2.9165967610132504,36.888164060682435,71.45196411984749,1675,Sell,0.18365452797272153
ROML.NS,0,0.40779121903853716,2025-09-01,121,42.0,14.0,,0.13853096480362273,4.32989376107442,29.92126406474384,54.0345757567346,1676,Sell,0.1844175619229257
IONEXCHANG.NS,0,0.40766731361275865,2025-09-01,121,1.2130660727542688,23.0,,11.482136176873235,-6.440506999913429,44.52452145325108,62.278810191524414,1677,Sell,0.1846653727744827
WIPL.NS,0,0.40714908051041837,2025-09-01,121,0.6226415094339622,8.0,,-10.484919251084298,-13.313897040319912,27.954633049183787,29.839450102983236,1678,Sell,0.18570183897916326
SELMC.NS,0,0.407030757044406,2025-09-01,121,-3.9966777408637872,-13.0,,0.5287503179176998,2.2177414056992677,53.54139826384793,49.43686862891036,1679,Sell,0.185938485911188
PRECAM.NS,0,0.4068724974732054,2025-09-01,121,0.1997677119628339,8.0,,-5.733383622532247,-16.554661743857725,46.12040220440087,65.23835832740117,1680,Sell,0.18625500505358916
VIPIND.NS,0,0.4066278177863551,2025-09-01,121,3.0232558139534884,-3.0,,8.464485075895873,-8.052884615384617,49.29974383338319,62.6447816168881,1681,Sell,0.1867443644272898
MPHASIS.NS,0,0.4063289453014682,2025-09-01,121,0.3609923011120616,34.0,,-1.4511208893018,5.137859719565671,16.739965715073584,40.06590417410174,1682,Sell,0.18734210939706364
SAKSOFT.NS,0,0.40595155472655947,2025-09-01,121,0.5662650602409639,26.0,,-2.2872646755886175,0.536905713333201,28.206157778420355,59.73187998430177,1683,Sell,0.18809689054688106
INDOBORAX.NS,0,0.4052965201287493,2025-09-01,121,0.06406685236768803,19.0,,18.37408211288532,22.76647815590171,48.02545571568904,62.68464064003543,1684,Sell,0.18940695974250144
VINEETLAB.NS,0,0.4048207451187084,2025-09-01,121,5.5,-28.0,,-14.564461251757708,-2.4144332198707983,67.49325959700724,38.086410917226765,1685,Sell,0.19035850976258317
TMB.NS,0,0.4041695501519436,2025-09-01,121,6.311447633167425,,,-4.168616171475369,20.951036383592175,26.388652450542278,52.20438804372754,1686,Sell,0.19166089969611277
BYKE.NS,0,0.4041118275448544,2025-09-01,121,0.4824561403508772,5.0,,-10.314221878984506,-22.97605842588099,47.495557645598396,42.4818775791991,1687,Sell,0.19177634491029116
EUREKAFORB.NS,0,0.40348958021651443,2025-09-01,121,0.5043381535038932,5.0,,-5.208333430726546,9.434958782245847,32.509366287666225,35.26692864586499,1688,Sell,0.19302083956697114
MATRIMONY.NS,0,0.4005010714247464,2025-09-01,121,0.8825910931174089,19.0,,8.372378613673877,-3.640640549676827,37.7301802341855,49.86630197882863,1689,Sell,0.19899785715050722
GLOBALE.NS,0,0.40017148473309244,2025-09-01,121,1.4898746383799424,-0.47,,2.2369549676082574,-9.795322534319727,38.72330145240818,67.44185272844818,1690,Sell,0.19965703053381512
JPOLYINVST.NS,0,0.39934305089628447,2025-09-01,121,0.05593451568894952,4.0,,-2.2733681861106527,9.00099812659415,38.267098390991734,41.25787187172431,1691,Sell,0.20131389820743106
VIJAYA.NS,0,0.3993124885208772,2025-09-01,121,0.5822485207100592,20.0,,5.877659499953893,6.1,33.37585989136906,68.6128509017791,1692,Sell,0.2013750229582456
MOIL.NS,0,0.3989797462469985,2025-09-01,121,0.22279792746113988,19.0,,11.142937578209345,0.5378771758592799,35.47663576531323,75.87648990748274,1693,Sell,0.202040507506003
RATEGAIN.NS,0,0.3983443528809551,2025-09-01,121,0.040396881644223954,7.0,,0.4064432709739347,7.281894099578325,27.73670576259596,72.00520388368032,1694,Sell,0.2033112942380898
PAYTM.NS,0,0.3982819652438494,2025-09-01,121,0.3921337729627885,-12.0,,-4.786682971342914,13.085499914924876,27.85080990977618,54.44444772061837,1695,Sell,0.2034360695123012
SUPRIYA.NS,0,0.39736871299166415,2025-09-01,121,0.11182994454713494,27.0,,0.629353546311815,3.079351564766293,28.63929906267621,56.875482593077514,1696,Sell,0.2052625740166717
KOPRAN.NS,0,0.3969626726819189,2025-09-01,121,0.2644230769230769,9.0,,3.909641663523105,-14.343470642165487,57.17666390428271,72.52402073257178,1697,Sell,0.20607465463616215
MORARJEE.NS,0,0.3967579909146999,2024-03-01,670,-1.91875,-22.0,,7.323943491706626,-13.898310089184172,57.781710883912176,67.72907602092991,1698,Sell,0.20648401817060025
SWSOLAR.NS,0,0.39610592444249276,2025-09-01,121,7.731343283582089,13.0,,-7.736713518173661,-12.561749196086996,39.03047187499765,49.24419105166126,1699,Sell,0.20778815111501447
LOKESHMACH.NS,0,0.3948095305906519,2025-09-01,121,1.0309734513274336,5.0,,5.212103977241275,-13.576967122277079,59.694515784612214,59.942950734452005,1700,Sell,0.21038093881869624
21STCENMGM.NS,0,0.39477712691321615,2025-09-01,121,0.4722222222222222,7.0,,27.275067065236215,-3.197503139743463,29.03861663147659,74.71358556533683,1701,Sell,0.2104457461735677
ABMINTLLTD.NS,0,0.39337521523404395,2025-09-01,121,1.6528497409326426,-7.32,,-6.677053148504898,6.909737379207741,36.06870868778244,41.55314385261749,1702,Sell,0.2132495695319121
VLEGOV.NS,0,0.3929999828146663,2025-09-01,121,0.06666666666666667,0.0,,-14.504818186711546,-31.326996361603225,55.04835159241335,21.440019873034757,1703,Sell,0.2140000343706674
RELTD.NS,0,0.39280275728511266,2025-09-01,121,0.12009803921568628,12.0,,5.589899523230024,-3.116424085082196,40.5167206228738,56.46700011897208,1704,Sell,0.21439448542977468
RELIGARE.NS,0,0.39261841617319115,2025-09-01,121,0.044027721157766,-1.0,,3.5065645241128034,-1.4693522541913844,32.38203767588861,64.2241304467929,1705,Sell,0.2147631676536177
VIKASLIFE.NS,0,0.39250314620606763,2025-06-01,213,0.27155963302752295,-2.0,,-5.347594844217364,-19.545457156236452,41.56525960714924,43.333349227882536,1706,Sell,0.21499370758786474
RPPL.NS,0,0.3923194103252222,2025-09-01,121,0.9329608938547486,11.0,,2.9427191052881465,-2.098950882008136,44.337521427848905,68.64685648027643,1707,Sell,0.21536117934955556
CREATIVE.NS,0,0.3922357210153228,2025-09-01,121,1.5503597122302157,14.0,,5.534980456513015,13.979766224856455,38.557796845192804,45.422406825926195,1708,Sell,0.21552855796935444
SPANDANA.NS,0,0.39215846690997974,2025-09-01,121,1.4137779727950857,,,1.9299928490125355,6.18963634331428,27.279810391756776,55.20946353916382,1709,Sell,0.21568306618004052
SITINET.NS,0,0.3912694030796714,2025-06-01,213,-1.5328185328185329,,,5.714288876981205,-21.27659453046219,37.89499276467531,55.55555187625542,1710,Sell,0.2174611938406572
PSPPROJECT.NS,0,0.3912438155587083,2025-09-01,121,1.1625816993464053,9.0,,-1.9551323128548312,14.816042327187546,41.25674093032479,45.14897269162969,1711,Sell,0.2175123688825834
ORCHPHARMA.NS,0,0.3908570400499075,2025-09-01,121,0.23139880952380953,-2.0,,-10.732768606192376,8.112537351428953,28.372983932609984,16.26687274034991,1712,Sell,0.21828591990018498
MAHASTEEL.NS,0,0.39061523518707014,2025-09-01,121,0.7746478873239436,7.0,,31.710526315789473,141.00156140373952,37.58907655922917,77.53111697642534,1713,Sell,0.21876952962585972
SJS.NS,0,0.39006660238930374,2025-09-01,121,0.18502202643171806,19.0,,1.9312631337417034,12.676519590410937,29.07582801840476,51.0863743102411,1714,Sell,0.21986679522139252
PCJEWELLER.NS,0,0.38991730425288157,2025-09-01,121,0.23294902069731907,7.0,,-4.317272123783862,-24.842275208138663,39.892109803201315,27.573526704806625,1715,Sell,0.22016539149423686
UNITDSPR.NS,0,0.3897094842298493,2025-09-01,121,0.5934393638170974,26.0,,-0.23495435501516157,10.33243799555789,17.645975896649414,51.912846184880145,1716,Sell,0.2205810315403014
WSI.NS,0,0.3895260646321849,2025-09-01,121,0.52,-20.0,,15.0711428674639,17.503303215532924,41.923104628346444,72.04826874184897,1717,Sell,0.22094787073563016
A2ZINFRA.NS,0,0.38928820486095383,2025-09-01,121,42.285714285714285,1.0,,7.637536349960579,-3.0885821174726695,54.431419960532466,65.82733584662031,1718,Sell,0.22142359027809233
MANAKALUCO.NS,0,0.38928538758884584,2025-09-01,121,2.869565217391304,11.0,,17.01093059839064,-10.47412773526025,40.78174187573648,82.6030883807815,1719,Sell,0.2214292248223083
NEOGEN.NS,0,0.38902584808432145,2025-09-01,121,1.3510253317249699,11.0,,4.713053816178672,-21.07964337408364,54.02879463166116,76.98847228960196,1720,Sell,0.2219483038313571
ATLASCYCLE.NS,0,0.38880315751986855,2025-09-01,121,0.25191615829813857,2.27,,6.488039685068381,-12.204822668399913,43.078703844940385,76.8266520301851,1721,Sell,0.2223936849602629
SUPREMEINF.NS,0,0.3886868436182433,2025-06-01,213,-1.426461143224149,,,-7.210608460256923,-19.879014627278682,50.651853367461385,54.1643544073005,1722,Sell,0.2226263127635134
PRESTIGE.NS,0,0.38862156946286314,2025-09-01,121,1.4328282400744943,4.0,,-3.4916763190242053,3.417422610499915,24.08095407436259,35.84817075372892,1723,Sell,0.22275686107427373
SAGILITY.NS,0,0.3883842516391919,2025-09-01,121,0.1127521961579303,4.0,,5.538647781555069,19.623249070833502,22.966412550023705,70.1048975533241,1724,Sell,0.22323149672161624
ASAHIINDIA.NS,0,0.38826048293577137,2025-09-01,121,1.0822134387351778,12.0,,-4.819957167790243,18.616335809333506,40.702025285751816,53.01115536854238,1725,Sell,0.22347903412845727
PYRAMID.NS,0,0.38799590778694343,2025-09-01,121,0.8625954198473282,14.0,,-1.1922907239761253,3.875422234330979,34.78127407105012,41.36428716170202,1726,Sell,0.22400818442611314
DGCONTENT.NS,0,0.38773774101680647,2025-09-01,121,3.5384615384615383,-1.0,,-6.403653210643595,-7.514123538857863,46.8797060147233,50.201359670615005,1727,Sell,0.22452451796638706
MEGASOFT.NS,0,0.38744793053604876,2025-09-01,121,0.06857142857142857,8.0,,-6.353953441015611,22.83474203876948,54.76856766261019,54.75018148964884,1728,Sell,0.2251041389279025
INFY.NS,0,0.38737724074236163,2025-09-01,121,0.442522526415869,41.0,,3.484947111727258,13.440993501299998,15.945411677764387,54.49380852487214,1729,Sell,0.22524551851527674
VOLTAMP.NS,0,0.38680728247786866,2025-09-01,121,0.15562310030395138,29.0,,-0.5887193770969171,8.520489254370812,26.345929324037687,45.59149313247674,1730,Sell,0.22638543504426267
MOTOGENFIN.NS,0,0.38606092593745267,2025-09-01,121,1.242941478439425,1.74,,-8.592178255149225,-13.905774657481635,71.67985335836057,36.24453875686677,1731,Sell,0.22787814812509466
ZUARI.NS,0,0.3859513107585625,2025-09-01,121,0.87151841868823,0.0,,22.02293626284032,21.2382949134042,53.4416165395753,71.32425809139407,1732,Sell,0.22809737848287504
IITL.NS,0,0.3858385649738576,2025-09-01,121,0.009124824751087213,0.97,,-4.552249455215724,-17.741290487027985,33.589817256289756,38.074502094154745,1733,Sell,0.2283228700522848
IRFC.NS,0,0.3847574397519118,2025-09-01,121,7.968857885183471,6.0,,7.043467365234888,0.10733188369202559,40.23830264194328,65.98025095857014,1734,Sell,0.23048512049617642
LAKPRE.NS,0,0.38463214069010965,2017-12-01,2952,19.0,0.0,,-1.6822369599072635,9.128631567429965,55.15584290205773,50.8000089263933,1735,Sell,0.2307357186197807
MOBIKWIK.NS,0,0.38460413092410606,2025-09-01,121,1.6206261510128914,-13.0,,0.6376339305599984,-14.733557771927487,30.96145493971674,29.118479942801613,1736,Sell,0.23079173815178788
ASIANPAINT.NS,0,0.38458247306222043,2025-09-01,121,0.3995275590551181,27.0,,-6.258458856469207,18.75255233457025,19.063590906720073,47.924544525813445,1737,Sell,0.23083505387555914
DIGISPICE.NS,0,0.384415528474546,2025-09-01,121,0.0963855421686747,-4.0,,-9.032261987324059,-9.444654570650911,41.8434019994114,50.59021738011672,1738,Sell,0.23116894305090796
SONACOMS.NS,0,0.3837894735520903,2025-09-01,121,0.1443687230989957,18.0,,-5.3317536187646954,15.867068011234894,19.448489789269157,46.713405070685326,1739,Sell,0.23242105289581938
WEWIN.NS,0,0.3837521010956272,2025-09-01,121,0.6834532374100717,10.73,,-9.805458682682849,-8.62034253597097,41.7945428315982,58.87614020745527,1740,Sell,0.23249579780874563
ASIANTILES.NS,0,0.38345406098680457,2025-09-01,121,0.3537508602890571,2.0,,17.466498957882724,30.29726684130147,38.55125465693625,75.47892384313526,1741,Sell,0.23309187802639086
JAYNECOIND.NS,0,0.3834393784793879,2025-09-01,121,1.1888111888111887,13.0,,28.33552433607377,26.944202525905258,54.07332245510482,71.47146871938897,1742,Sell,0.23312124304122417
VSTTILLERS.NS,0,0.3831696726749904,2025-09-01,121,0.2688679245283019,13.0,,9.96488147497805,19.081574443810613,24.70687221778966,73.13807531380753,1743,Sell,0.23366065465001917
JUBLCPL.NS,0,0.3830133940814678,2025-09-01,121,1.225181598062954,33.0,,-2.4067567569003434,-5.539407953560726,47.80037422211305,39.82989347489755,1744,Sell,0.23397321183706443
SAMPANN.NS,0,0.38216326150074326,2025-09-01,121,2.4,-2.0,,3.8461470198921544,19.188320969631125,42.08483993929369,61.01123364340972,1745,Sell,0.2356734769985135
VHLTD.NS,0,0.3821142286976016,2025-09-01,121,0.2682926829268293,10.0,,8.23064032989164,18.347452454647776,37.20027012270758,68.96217065615966,1746,Sell,0.23577154260479682
SMCGLOBAL.NS,0,0.3815449883498533,2025-09-01,121,3.2002042900919307,16.0,,48.97791692706212,31.230194291296048,77.3314502244077,70.54496333108956,1747,Sell,0.23691002330029343
LLOYDSENGG.NS,0,0.38154042898966617,2025-09-01,121,0.3613518197573657,23.0,,7.585943510831411,-3.7126157375079156,39.24379277165735,68.10344647180816,1748,Sell,0.23691914202066766
PRECOT.NS,0,0.3814293364714132,2025-09-01,121,1.082004555808656,13.0,,-8.932741454828925,-6.0474584566082745,56.95839953038805,20.72031903833323,1749,Sell,0.2371413270571736
SKMEGGPROD.NS,0,0.3810980766706843,2025-09-01,121,0.7245508982035929,13.0,,1.8795657172836613,36.1817837658016,41.6006707684962,43.401754806745735,1750,Sell,0.2378038466586314
CIGNITITEC.NS,0,0.38055970055771987,2025-09-01,121,0.374167776298269,31.0,,-11.431043189145758,11.342456200618916,30.938677119655374,29.584888992757087,1751,Sell,0.23888059888456026
ARSHIYA.NS,0,0.3805277821325386,2024-03-01,670,-5.488439306358382,-5.0,,-11.111116630059483,-24.260359286911214,57.92728359275813,42.49998733400468,1752,Sell,0.23894443573492286
SHARDACROP.NS,0,0.380452354756665,2025-09-01,121,0.8735112936344969,16.0,,0.5528029322180786,7.02377894709042,40.044905044356206,41.70140935695734,1753,Sell,0.23909529048667
KANANIIND.NS,0,0.3803411966236859,2025-09-01,121,0.31889157686386627,0.1,,-2.9239807257405617,-13.989636697635758,39.069535978641134,43.478252982370755,1754,Sell,0.23931760675262825
LGHL.NS,0,0.37998216220992836,2025-09-01,121,1.5866666666666667,18.0,,1.756584937106113,-25.835280305366226,48.1957829843181,52.290084671704584,1755,Sell,0.24003567558014327
KMEW.NS,0,0.37985699366065095,2025-09-01,121,1.0710900473933649,24.0,,25.701236949683032,58.60636301256673,69.23024705422114,64.69982243881036,1756,Sell,0.2402860126786981
GUJRAFFIA.NS,0,0.379788934790923,2025-09-01,121,0.3677419354838708,3.97,,-27.31495373950658,26.065485703261952,50.88810361671856,15.681972669395847,1757,Sell,0.24042213041815397
DHRUV.NS,0,0.37918171810870505,2025-09-01,121,0.4152046783625731,11.32,,-7.351517388311617,-8.589425562942724,44.81027294365689,49.4795229432407,1758,Sell,0.2416365637825899
KOTARISUG.NS,0,0.3791438505709645,2025-09-01,121,0.48056537102473496,3.0,,-5.694442476019395,-9.466667175292969,28.092448844905583,31.321827110692126,1759,Sell,0.241712298858071
SRGHFL.NS,0,0.3789493192444049,2025-09-01,121,2.5107142857142857,,,10.336488764153314,2.4158757549611733,40.29583415062002,69.64913338970462,1760,Sell,0.24210136151119022
DCMNVL.NS,0,0.3788936781862078,2025-09-01,121,0.6543909348441926,8.0,,-3.3345370394587763,-13.751442338993394,46.16089562821307,60.44904544374045,1761,Sell,0.24221264362758443
AHLUCONT.NS,0,0.378653477549964,2025-09-01,121,1.04932502596054,18.0,,-1.0344653835146618,-1.4670454624207245,29.350467892914782,52.94572975878316,1762,Sell,0.24269304490007204
IRISDOREME.NS,0,0.377752079002503,2025-09-01,121,0.36363636363636365,18.0,,20.692950812714848,21.309911010301267,48.50059699685897,63.39942228451569,1763,Sell,0.24449584199499397
IDEA.NS,0,0.37766969789657506,2025-09-01,121,-3.2891812865497077,-2.0,,6.219152095988778,26.2910757132297,50.793398174908866,43.01995052851457,1764,Sell,0.24466060420684987
ATL.NS,0,0.37761987931412294,2025-09-01,121,2.1067961165048543,15.0,,2.263602968416701,-22.688378187175395,38.08531543919887,57.894735487358346,1765,Sell,0.24476024137175412
MGEL.NS,0,0.3775114693947202,2025-09-01,121,1.995433789954338,18.0,,-2.819806385748144,-13.046153141902042,42.91659005244933,44.64944727360001,1766,Sell,0.24497706121055962
TARMAT.NS,0,0.3766164371239565,2025-09-01,121,0.2342857142857143,2.0,,-5.0822144944667285,2.069517319315605,32.89502335970608,32.26908893511184,1767,Sell,0.24676712575208704
OBCL.NS,0,0.3764756984270056,2025-09-01,121,0.7727272727272727,4.0,,2.6082276132680438,1.4869255385030886,30.698088613628382,49.19064686502159,1768,Sell,0.24704860314598875
RADICO.NS,0,0.3764572113545528,2025-09-01,121,0.6376414124100103,16.0,,2.5303047044995335,14.214481591513891,31.782221747149798,54.60258879634202,1769,Sell,0.24708557729089442
CINELINE.NS,0,0.37628539235401176,2025-09-01,121,1.103448275862069,5.0,,-0.7369868915680602,-1.6094094878282377,51.39860932924185,47.44172338472802,1770,Sell,0.24742921529197648
INDIANHUME.NS,0,0.37620355256432586,2025-09-01,121,0.9628836545324768,12.0,,-0.9479810292524418,11.126257549709031,29.162987646181616,50.36986413824241,1771,Sell,0.24759289487134828
CHOLAFIN.NS,0,0.37613919590088646,2025-09-01,121,7.359851703097243,,,-0.5491951710763818,6.036248638657134,29.458820572505672,47.08670677511302,1772,Sell,0.24772160819822708
AZAD.NS,0,0.375712546372799,2025-09-01,121,0.31195138419986496,12.0,,-0.7446494539603871,5.785971774287745,35.25786550083352,59.911419048103994,1773,Sell,0.248574907254402
PAISALO.NS,0,0.37507966457199776,2025-09-01,121,2.3179611650485437,,,-4.326033754284994,-4.977725444921446,29.682475448230495,36.605639917638,1774,Sell,0.24984067085600448
SUMIT.NS,0,0.37439648178529666,2025-09-01,121,0.618421052631579,14.0,,-6.096029709723035,-24.79099107205198,56.947969541729435,48.11321168029401,1775,Sell,0.25120703642940667
AARTIPHARM.NS,0,0.3737660387936771,2025-09-01,121,0.6258539148712559,17.0,,7.917385433240611,-9.250989437995097,38.134560606220575,51.264755307038705,1776,Sell,0.2524679224126458
SOMICONVEY.NS,0,0.3729033439134671,2025-09-01,121,0.4269720101781171,10.35,,-8.064036921042302,-5.805615276203518,46.68307624119427,42.62590081071936,1777,Sell,0.25419331217306584
APARINDS.NS,0,0.3727911697833766,2025-09-01,121,1.3186433354936271,33.0,,-5.993708572070553,1.8439629990262902,23.851778601900303,27.755834829443444,1778,Sell,0.25441766043324676
BANSALWIRE.NS,0,0.37271316736150656,2025-09-01,121,0.6016064257028112,15.0,,-3.978240184294872,-12.86136712901667,19.98526339551305,36.795757621345146,1779,Sell,0.2545736652769869
JBCHEPHARM.NS,0,0.37248560384536916,2025-09-01,121,0.23636852001074402,26.0,,3.1283622086639276,7.693673655481836,14.14478946499756,51.51511127635842,1780,Sell,0.2550287923092617
COASTCORP.NS,0,0.37194456149042116,2025-09-01,121,1.0666666666666667,6.0,,-1.472180830034874,32.64353395497368,47.02053284865984,61.190476334644664,1781,Sell,0.2561108770191577
SASKEN.NS,0,0.37175103176198226,2025-09-01,121,0.16290726817042606,7.0,,13.188612566644755,11.476124280534016,54.48366157863712,76.2638978226635,1782,Sell,0.25649793647603547
SRD.NS,0,0.37164078413236235,2025-09-01,121,0.1810344827586207,14.0,,-5.260055326878568,-1.1985229830228392,47.829215262062206,51.734107445129716,1783,Sell,0.2567184317352753
GLOBUSSPR.NS,0,0.3706434335471485,2025-09-01,121,1.1013513513513513,6.0,,1.1111064740622032,1.8851627915669855,39.506232707019244,77.75025111234983,1784,Sell,0.25871313290570297
SILVERTUC.NS,0,0.3704657110656222,2025-09-01,121,0.8811188811188811,23.0,,42.727867762247726,55.053399177685215,54.5863151922673,84.69538384950073,1785,Sell,0.2590685778687556
PRITIKAUTO.NS,0,0.3695873441504961,2025-09-01,121,0.4755784061696658,7.0,,-4.871258280026788,-18.582493562272713,29.50828164684125,50.66225113280423,1786,Sell,0.2608253116990078
RPTECH.NS,0,0.3679330856851853,2025-09-01,121,1.6046002190580504,14.0,,9.136521395012432,10.787040804639275,20.572757667392246,70.7498121821937,1787,Sell,0.2641338286296294
IL&FSTRANS.NS,0,0.36712431258461853,2018-06-01,2770,-1.2014804845222073,13.0,,3.571433741219278,-5.844150415498571,44.88301618453827,65.6565671161216,1788,Sell,0.26575137483076294
KTKBANK.NS,0,0.3662227891884524,2025-09-01,121,8.427754388752085,,,-3.034017316094614,18.73122129995748,42.812856511830375,49.16640957839219,1789,Sell,0.2675544216230952
REGENCERAM.NS,0,0.3656089200047463,2025-09-01,121,-2.660229330114665,-43.47,,0.2378391575168919,8.267167073229182,48.13762393737968,52.827137960749916,1790,Sell,0.26878215999050736
HAPPYFORGE.NS,0,0.36560262944281774,2025-09-01,121,0.1739795918367347,19.0,,9.793617656317593,25.27663947516353,22.925140747968236,78.20510602896903,1791,Sell,0.2687947411143645
UMESLTD.NS,0,0.3654524948156503,2025-09-01,121,0.17036506800286333,2.0,,2.235775036761043,-12.369330829633553,38.95145865518584,42.10527306448092,1792,Sell,0.2690950103686994
ASAHISONG.NS,0,0.3646237426674337,2025-09-01,121,0.4557823129251701,12.0,,3.4750582920724913,-3.6340583028672513,70.64043892894726,57.004309730590315,1793,Sell,0.2707525146651326
DBCORP.NS,0,0.3643873413633213,2025-09-01,121,0.3629661751951431,21.0,,1.3307665215163935,-1.573616255338718,27.219786402440054,66.3793220625847,1794,Sell,0.2712253172733574
NAZARA.NS,0,0.3641673060406524,2025-09-01,121,0.03041144901610018,1.0,,12.757617852757594,-1.3345400205703337,49.29597691833105,74.62283820090961,1795,Sell,0.2716653879186952
CENTUM.NS,0,0.3634618137159629,2025-09-01,121,1.2322357019064125,17.0,,-0.35819991192573447,-12.447074200128176,40.47161551186139,53.973243112849985,1796,Sell,0.27307637256807415
BFUTILITIE.NS,0,0.3631990391435843,2025-09-01,121,0.2645711303137505,2.73,,7.681715477152889,-17.75081608127766,40.561652671673784,66.29236721058848,1797,Sell,0.2736019217128314
AGROPHOS.NS,0,0.3631167913267219,2025-09-01,121,1.338235294117647,14.0,,9.007155778250917,2.207289256739924,41.740943855453736,77.28391875548657,1798,Sell,0.27376641734655616
TEXRAIL.NS,0,0.36303127360067433,2025-09-01,121,0.6823654390934845,11.0,,7.390321713189545,-1.802051687403446,40.63617561349082,66.58880236073236,1799,Sell,0.27393745279865134
AUROPHARMA.NS,0,0.36290128497724605,2025-09-01,121,0.30810130124527774,11.0,,-2.7298102700863485,9.1429074041685,18.276706128303594,54.01855581602668,1800,Sell,0.2741974300455079
PIONEEREMB.NS,0,0.36283822500634694,2025-09-01,121,0.9493670886075949,6.0,,-5.03039039922377,-20.469324257150507,49.02391380516776,41.8465192717679,1801,Sell,0.2743235499873061
AEROFLEX.NS,0,0.3627800638289048,2025-09-01,121,0.28133704735376047,22.0,,6.163069300942095,10.589316435789478,45.39004763029162,66.38234972107216,1802,Sell,0.27443987234219036
SIGACHI.NS,0,0.3627069527369471,2025-09-01,121,0.5833333333333334,13.0,,-11.49032714935028,-21.37443304811453,42.82408541336661,18.716568267627252,1803,Sell,0.27458609452610583
THANGAMAYL.NS,0,0.3626648372237367,2025-09-01,121,1.7832047986289632,14.0,,-4.049909057056392,60.02483723149987,40.02844183491055,49.68333429975968,1804,Sell,0.2746703255525266
IMFA.NS,0,0.36248423327996415,2025-09-01,121,0.36257545271629776,21.0,,12.027023361251876,31.81931458194787,43.92427298495114,74.59875646662061,1805,Sell,0.2750315334400717
MACPOWER.NS,0,0.3623822948253481,2025-09-01,121,0.632258064516129,27.0,,3.355901798031101,25.191386633560775,49.84605799997854,60.45346600485385,1806,Sell,0.27523541034930377
AETHER.NS,0,0.3621627483944261,2025-09-01,121,0.18996105581999134,10.0,,-4.682218777981916,14.382600122776482,35.09873268134205,55.71926773714901,1807,Sell,0.27567450321114784
EXICOM.NS,0,0.3617824522469706,2025-09-01,121,0.7921225382932167,7.0,,6.206460405422979,-19.99590894309822,46.23746782887859,65.56356269676562,1808,Sell,0.2764350955060588
DISHTV.NS,0,0.36151771136601535,2025-09-01,121,-1.8288378288378289,,,-2.4509781005518687,-17.938142323015,42.95843523412242,51.063828707928636,1809,Sell,0.2769645772679693
CYBERMEDIA.NS,0,0.36143193768877535,2025-09-01,121,-1.6666666666666667,,,7.654319214323105,4.493708663876612,33.779575187555686,73.31537032510012,1810,Sell,0.2771361246224493
CUBEXTUB.NS,0,0.3612051617286664,2025-09-01,121,0.9240506329113924,11.0,,24.866686936440644,21.74005078384035,82.46457110350165,65.77778205777508,1811,Sell,0.2775896765426672
AVONMORE.NS,0,0.36107486772218683,2025-09-01,121,0.46643944807872023,9.17,,4.751259980263366,0.6985446346212976,47.677899911872615,72.64808032394346,1812,Sell,0.27785026455562634
RGL.NS,0,0.3607286673572919,2025-09-01,121,0.8792650918635171,8.0,,4.40371328409301,5.074703242591445,36.539323953591975,43.70311446741529,1813,Sell,0.27854266528541616
PROZONER.NS,0,0.3606050248327435,2025-09-01,121,0.11928077779079307,0.82,,4.448600127318195,11.87187230150267,44.694494699176225,66.41112275849967,1814,Sell,0.27878995033451304
RBZJEWEL.NS,0,0.360494095428869,2025-09-01,121,0.7638376383763837,20.0,,1.4565177585767664,4.617793163884728,28.481646817804425,52.512666393711335,1815,Sell,0.279011809142262
ORTINGLOBE.NS,0,0.35984835662705,2025-09-01,121,1.9461538461538446,-25.11,,10.039842308624355,23.303577274996506,63.06741282757628,48.945153876534604,1816,Sell,0.2803032867459
DOMS.NS,0,0.35947346476219266,2025-09-01,121,0.30812854442344045,26.0,,4.473915649479038,4.720716810560561,21.08182302221529,62.46217150689221,1817,Sell,0.2810530704756147
IKS.NS,0,0.35818648606529074,2025-09-01,121,0.2028397565922921,35.0,,-2.7226794785344057,10.248061625336593,35.68162295051201,62.372490593896494,1818,Sell,0.2836270278694185
ARTEMISMED.NS,0,0.3580694768077911,2025-09-01,121,0.5963923337091319,15.0,,-2.8842773681492493,17.307188893323723,22.47945136665728,45.14876642542097,1819,Sell,0.2838610463844178
MICEL.NS,0,0.35711678639488265,2025-09-01,121,0.29556541019955646,8.71,,-7.163988612661022,-24.544831013239136,39.39673178302432,51.43184491609409,1820,Sell,0.2857664272102347
ENERGYDEV.NS,0,0.3570018847986031,2025-09-01,121,0.4583333333333333,0.0,,-17.874182508693952,1.0138769283788545,71.15278208721942,29.13044776267931,1821,Sell,0.28599623040279376
MUFIN.NS,0,0.35699623212048615,2025-09-01,121,2.8589341692789967,13.0,,7.808420869593159,31.462327167258152,27.670582693883677,68.89459767699032,1822,Sell,0.2860075357590277
RPEL.NS,0,0.3569518175835568,2025-09-01,121,0.08421052631578947,16.0,,-6.8293114676844375,45.92188886497374,44.63233404510972,51.78120879803824,1823,Sell,0.28609636483288636
SHRADHA.NS,0,0.3566976767869188,2025-09-01,121,0.12345679012345678,18.0,,-9.573970121063057,-15.74699595700316,40.188973501075374,39.10112603557583,1824,Sell,0.28660464642616235
SUKHJITS.NS,0,0.3566323435984794,2025-09-01,121,0.9721254355400697,9.0,,21.7901611328125,13.70760370493197,41.009690896830236,85.33734578067492,1825,Sell,0.2867353128030412
POLICYBZR.NS,0,0.35654172235469445,2025-09-01,121,0.010401188707280832,0.0,,-2.1807893788431088,8.93900957113389,31.106249957986552,36.10796560436828,1826,Sell,0.2869165552906111
JSWHL.NS,0,0.3559316271486371,2025-09-01,121,0.1317602904079247,1.0,,-4.0,24.348519222515176,45.92833614413619,46.66136724960254,1827,Sell,0.28813674570272585
APCL.NS,0,0.35555699352607173,2025-09-01,121,1.4688346883468835,-2.0,,11.216998782655685,-1.1172806586268165,46.11111961595562,75.76687946120941,1828,Sell,0.28888601294785654
CEWATER.NS,0,0.3554754144371368,2025-09-01,121,0.11915033292694363,3.22,,11.792509629797,-11.36206819539292,60.655625652647196,71.9727957532809,1829,Sell,0.28904917112572637
CANTABIL.NS,0,0.35361954973995297,2025-09-01,121,1.6146341463414635,18.0,,13.381590046827366,12.58934494800649,34.47086101272265,68.26418370756666,1830,Sell,0.29276090052009407
BLACKBUCK.NS,0,0.35175609677623537,2025-09-01,121,0.15817490494296577,11.0,,1.781840959658945,10.816754637288598,32.37746526317862,65.23269497468604,1831,Sell,0.29648780644752926
ICDSLTD.NS,0,0.35166232952674925,2025-09-01,121,0.10190587320108897,10.47,,4.712883588283582,-20.01048675056067,55.89591742190926,50.66152600901774,1832,Sell,0.2966753409465015
BLISSGVS.NS,0,0.3511440505558199,2025-09-01,121,0.18297101449275363,9.0,,4.891824425875465,7.169088412998935,65.22960787336093,60.966419918354866,1833,Sell,0.29771189888836025
ISFT.NS,0,0.3507958869671017,2025-09-01,121,0.13716529810781872,2.53,,-6.73397838751654,-6.175098402995533,49.538979003685554,45.090274064257464,1834,Sell,0.29840822606579664
EIFFL.NS,0,0.3506088278715658,2025-09-01,121,1.1388888888888888,10.0,,25.64221967837809,17.997981558799385,47.023237866475455,85.81461796903372,1835,Sell,0.29878234425686845
GRPLTD.NS,0,0.35020109756023043,2025-09-01,121,1.375,20.0,,-7.470998938595644,-16.72389904473608,46.547556516840565,59.52748604842655,1836,Sell,0.29959780487953913
PAR.NS,0,0.34965571848828586,2025-09-01,121,0.19815841398102044,18.35,,12.561141803866718,-3.525149562229321,60.57608461398382,59.50758620805321,1837,Sell,0.3006885630234283
TITAGARH.NS,0,0.3486965734290803,2025-09-01,121,0.48363496341933,17.0,,10.403513461201692,0.9907155660171016,31.674245051718103,78.33372442048554,1838,Sell,0.30260685314183944
KINGFA.NS,0,0.3477572094002994,2025-09-01,121,0.33976833976833976,31.0,,6.93059283146325,-0.6710809022761374,46.58697688137682,76.0939659143252,1839,Sell,0.30448558119940117
SHEKHAWATI.NS,0,0.3476522680802106,2025-09-01,121,1.0218242865137106,57.34,,-7.848832266425562,-11.287313507524196,67.3330161886055,31.99425770334952,1840,Sell,0.3046954638395788
BBOX.NS,0,0.3474694096040273,2025-09-01,121,0.3978494623655914,4.0,,1.9620500853192966,6.9092626076540515,32.77116112924769,60.047732724710016,1841,Sell,0.30506118079194544
PVP.NS,0,0.3470123214563623,2025-09-01,121,1.4814939921825996,1.99,,2.92135101152703,20.249426371302008,38.73184607936332,65.82416444597033,1842,Sell,0.3059753570872754
ELECTHERM.NS,0,0.3465236589563667,2025-09-01,121,-18.91743119266055,33.0,,2.734972434739193,-11.698095509329299,47.756285809337164,56.55402402377219,1843,Sell,0.30695268208726656
ICIL.NS,0,0.34538430071287585,2025-09-01,121,0.6098099867432611,14.0,,-9.920257130308014,4.488106477186,59.692316045071834,49.94730977574899,1844,Sell,0.3092313985742483
SEAMECLTD.NS,0,0.3438511742369533,2025-09-01,121,0.4153846153846154,12.0,,14.70220198313642,21.696553134698433,35.807257762983504,64.78423400046046,1845,Sell,0.31229765152609334
TRANSWORLD.NS,0,0.3436391343768417,2025-09-01,121,0.4753246753246753,7.0,,1.830144705121084,-21.636270727145245,59.060374492317166,67.01018054134654,1846,Sell,0.31272173124631664
DIAMINESQ.NS,0,0.3435598974918502,2025-09-01,121,0.14557993730407523,4.22,,-5.873071277374598,-17.729076846500597,44.75851618736552,58.481028110166136,1847,Sell,0.31288020501629965
CREATIVEYE.NS,0,0.3433105496610269,2025-06-01,213,0.37618809404702347,0.72,,-3.026131922542493,-5.874493909598803,72.39543544471474,52.7426185805543,1848,Sell,0.31337890067794616
TRIVENI.NS,0,0.34307474608425576,2025-09-01,121,0.38780804150453957,9.0,,11.323440102203419,17.03148059759183,40.28040529804199,73.11652020990795,1849,Sell,0.3138505078314885
CARTRADE.NS,0,0.3424114249711118,2025-09-01,121,0.025339366515837104,4.0,,-7.749057935661822,15.350387270928225,44.3302183945202,51.62192482321642,1850,Sell,0.31517715005777636
KROSS.NS,0,0.34236122138028974,2025-09-01,121,0.32450331125827814,22.0,,7.3223023602104185,-3.507671323687883,54.143459940450846,64.41888956664673,1851,Sell,0.3152775572394205
SIGIND.NS,0,0.34221366022593463,2025-09-01,121,2.766949152542373,14.0,,13.695906242345334,11.050788572889115,45.159516292937965,64.4763876453913,1852,Sell,0.31557267954813073
RAJTV.NS,0,0.34218355795447875,2025-09-01,121,0.39516324062877856,-12.7,,2.500593462940976,5.283756827239476,40.760451024828726,60.360361908408045,1853,Sell,0.3156328840910425
RELINFRA.NS,0,0.3419224220226162,2025-09-01,121,0.25344239385095974,-1.0,,-0.4718207134821899,-32.036353102866165,60.45202742445207,75.17546556794365,1854,Sell,0.3161551559547676
OMAXAUTO.NS,0,0.34150980434832945,2025-09-01,121,0.5394321766561514,9.0,,16.0018463503577,-25.494682632064457,41.756766185315854,71.23334947071439,1855,Sell,0.3169803913033411
WELSPUNLIV.NS,0,0.34106089915983295,2025-09-01,121,0.8846343873517787,14.0,,-4.260153505336884,11.731992676930334,52.190075592029,30.045619755337526,1856,Sell,0.3178782016803341
PRIMESECU.NS,0,0.3410231641364789,2025-09-01,121,0.09743589743589744,-30.0,,-6.470191501929988,3.5051569272785845,31.099098144017667,38.64773999224578,1857,Sell,0.31795367172704225
RELIABLE.NS,0,0.34076647409554894,2025-09-01,121,1.1555555555555554,18.0,,-8.496487178074307,22.642452597365825,44.16470422323708,37.94739235112474,1858,Sell,0.3184670518089021
PFOCUS.NS,0,0.340578352760523,2025-09-01,121,0.10057836084073918,-2.0,,31.30993051211866,35.86918946244145,51.36874852208221,72.66186967227985,1859,Sell,0.318843294478954
GMBREW.NS,0,0.3398541903671855,2025-09-01,121,0.11890243902439024,18.0,,18.63824076264562,65.99078695957836,48.20901447217161,80.61713518791439,1860,Sell,0.320291619265629
ARENTERP.NS,0,0.3397442651525246,2025-09-01,121,0.0136443661971832,0.87,,-20.062153486246146,1.1358682211211244,64.27776436181456,44.76614264125375,1861,Sell,0.3205114696949508
NIITMTS.NS,0,0.33967673469165327,2025-09-01,121,0.1984126984126984,24.0,,0.5172895214969893,20.238460845476038,46.558773046786115,44.196044102759494,1862,Sell,0.32064653061669346
ASHAPURMIN.NS,0,0.3395239088130619,2025-09-01,121,0.8589420654911839,25.0,,25.137078097702492,31.122228984677726,47.15271591795499,89.20353193609675,1863,Sell,0.32095218237387624
YATRA.NS,0,0.33936357945086737,2025-09-01,121,0.5465425531914894,3.0,,-0.9360727272917295,20.628295571684916,49.57380351421793,40.40516102883972,1864,Sell,0.32127284109826526
KERNEX.NS,0,0.33923738466036046,2025-09-01,121,1.5376344086021505,22.0,,11.108075606171859,19.398749926858823,58.610288659168305,79.75994850806926,1865,Sell,0.3215252306792791
ROUTE.NS,0,0.339208248893903,2025-09-01,121,0.16021671826625386,16.0,,5.028430854851148,-11.669223518530327,43.56673463980212,57.68082050124346,1866,Sell,0.321583502212194
ALMONDZ.NS,0,0.33878899521329026,2025-09-01,121,0.33237704918032773,2.03,,0.739903644696876,1.0273989753009245,52.31886996259263,68.88889393478382,1867,Sell,0.3224220095734195
HEADSUP.NS,0,0.33777662563133454,2025-09-01,121,0.4375655823714586,10.93,,-0.9667040658586352,-16.485504539066483,43.60586670901345,46.634626847058,1868,Sell,0.3244467487373309
KEI.NS,0,0.3376920324062265,2025-09-01,121,0.29411764705882354,21.0,,6.59370512399518,10.565200677057511,27.312837271745522,75.34918357171361,1869,Sell,0.32461593518754694
NDLVENTURE.NS,0,0.33734170740442715,2025-09-01,121,0.10305602716468579,1.69,,-10.257198109237073,7.757355330174677,34.66584487105317,43.23689926050442,1870,Sell,0.3253165851911457
RISHABH.NS,0,0.33540935453766085,2025-09-01,121,0.09195402298850575,8.0,,-2.752402418452167,-3.2824583802469642,40.44405023008689,52.821312165984935,1871,Sell,0.3291812909246783
ECLERX.NS,0,0.3340625585465114,2025-09-01,121,0.5027322404371585,29.0,,-2.075164846355559,18.165340497986662,39.27418961968929,60.01264113717755,1872,Sell,0.3318748829069772
BCONCEPTS.NS,0,0.3337594190358302,2025-09-01,121,3.2467532467532467,11.0,,10.041459487152864,-0.5963922042952496,38.574257454681224,78.69689031823016,1873,Sell,0.33248116192833965
INDIACEM.NS,0,0.33342742092790334,2025-09-01,121,0.40749609578344614,-6.0,,12.569509083330551,13.686820702914233,42.292153864007425,60.03852534047614,1874,Sell,0.3331451581441933
TAKE.NS,0,0.3328906832117294,2025-09-01,121,0.2571801566579636,17.96,,20.555379834103853,231.1774231926469,25.195423433678616,87.56830757717728,1875,Sell,0.33421863357654125
ELECTCAST.NS,0,0.3322712016999357,2025-09-01,121,0.6115586690017513,14.0,,6.679357760887456,-17.23483042855376,38.13605011993119,72.4287320793211,1876,Sell,0.33545759660012864
TOTAL.NS,0,0.33183137541549057,2025-09-01,121,0.631578947368421,14.0,,23.085308723863772,11.068966123303186,76.0412270003164,48.01885756956878,1877,Sell,0.33633724916901886
RADAAN.NS,0,0.331545713141035,2025-09-01,121,-1.555084745762712,13.41,,0.9009000623754567,-3.4482794057458057,40.638254666875106,48.81888935988553,1878,Sell,0.33690857371793004
NAVKARURB.NS,0,0.3314681389170967,2025-09-01,121,0.35843678743349383,0.96,,2.597407925529181,-35.510203585134164,62.26299050508054,51.89873971650224,1879,Sell,0.3370637221658066
COFFEEDAY.NS,0,0.33123538857074003,2025-09-01,121,0.21120689655172414,0.0,,3.575514967776937,-12.57846285560403,53.901489003136625,59.14753940892984,1880,Sell,0.33752922285851994
DBOL.NS,0,0.3310322252881158,2025-09-01,121,0.6996904024767802,4.0,,5.041787559886493,-3.7914724898165804,31.691626414912026,52.40173926876917,1881,Sell,0.33793554942376836
GAYAPROJ.NS,0,0.3303305768276711,2023-03-01,1036,-3.657037037037037,-16.0,,0.0,4.913557535025187,0.0,100.0,1882,Sell,0.33933884634465783
OMKARCHEM.NS,0,0.32992260082196706,2022-06-01,1309,-1.4210526315789473,-11.0,,10.894940804004987,-1.2131745562005483,38.64964442266976,60.752679902232984,1883,Sell,0.3401547983560659
AGSTRA.NS,0,0.32988773306861313,2024-12-01,395,2.3508771929824563,0.0,,-6.2780315563558435,4.239391265675574,48.241600240116775,55.40540888851658,1884,Sell,0.34022453386277374
DRCSYSTEMS.NS,0,0.329749418377632,2025-09-01,121,0.37859128822984256,13.13,,-2.7685493620467816,-14.341466019793256,37.853131094784764,49.842267876858834,1885,Sell,0.340501163244736
EPACK.NS,0,0.32956998285485,2025-09-01,121,1.048603929679421,10.0,,5.121042830540038,-19.426203301265048,61.7840909107893,65.21523262809222,1886,Sell,0.3408600342903
BLKASHYAP.NS,0,0.3287543394946398,2025-09-01,121,1.4013698630136986,7.0,,9.450278322890366,-13.293102827150417,50.88126020577409,62.44898570869991,1887,Sell,0.34249132101072044
HSCL.NS,0,0.3287050563671741,2025-09-01,121,0.3330830830830831,23.0,,12.498561736396384,8.8343571898529,31.35297528049662,72.69840654722836,1888,Sell,0.34258988726565176
ROTO.NS,0,0.32831522435504407,2025-09-01,121,0.3422222222222222,17.0,,10.678673781054538,-10.390628958120784,57.027191078593674,65.44467662977398,1889,Sell,0.34336955128991187
LLOYDSENT.NS,0,0.3254040698848834,2025-09-01,121,0.18019573978123202,1.0,,7.0404878657499905,-8.147583094716847,65.44590940751009,55.67744063130576,1890,Sell,0.3491918602302332
UDS.NS,0,0.32447382261849167,2025-09-01,121,0.392090395480226,9.0,,8.295233146940994,-22.790147140572138,38.79936303950798,69.96466952526626,1891,Sell,0.35105235476301666
TREJHARA.NS,0,0.3239421409657702,2025-09-01,121,0.10931289040318008,2.47,,-15.352091702428547,26.85292081321685,42.94425652304396,28.095235154202726,1892,Sell,0.35211571806845965
GUJTHEM.NS,0,0.3228426371510762,2025-09-01,121,0.4226415094339623,27.0,,7.956486753200523,9.009009144728195,35.80999135818894,83.50571660484815,1893,Sell,0.3543147256978476
METROBRAND.NS,0,0.3227635068237337,2025-09-01,121,1.079685746352413,20.0,,3.259193805469418,-6.44811827433095,37.98862013920321,54.26648269747142,1894,Sell,0.35447298635253255
CUMMINSIND.NS,0,0.3223408111612502,2025-09-01,121,0.3605887162714636,38.0,,-1.7742850294883155,15.209142695342948,20.650285992843337,43.41662776252384,1895,Sell,0.35531837767749963
SADBHIN.NS,0,0.3222179287746745,2025-09-01,121,1.2901554404145077,-2.0,,-2.777781122595073,-2.0356275003996394,45.11180369313653,63.30274868147983,1896,Sell,0.35556414245065104
DHUNINV.NS,0,0.3220385474593478,2025-09-01,121,0.013975067423570842,3.16,,3.4511615704238725,-12.767753481266181,47.523257929624656,58.396477116955396,1897,Sell,0.3559229050813044
STEL.NS,0,0.32154528634652874,2025-09-01,121,0.09595687331536389,1.0,,-3.689713004720738,14.297210424616985,62.42288598613638,35.784169463869276,1898,Sell,0.35690942730694253
RSSOFTWARE.NS,0,0.3209921494908506,2025-09-01,121,0.1891891891891892,9.0,,-4.926105597298633,-30.805291467186713,65.2075082468039,40.280293938547864,1899,Sell,0.3580157010182988
ORISSAMINE.NS,0,0.32087451432401637,2025-06-01,213,-11.46692607003891,-39.0,,1.7532770156257533,7.287453881408829,28.276596536465824,67.57534099705978,1900,Sell,0.35825097135196726
NOIDATOLL.NS,0,0.32083952736589877,2025-09-01,121,-3.8125,-9.0,,-13.480877821746365,5.39216350839958,44.330611643369814,32.0513149690056,1901,Sell,0.35832094526820246
20MICRONS.NS,0,0.32048524260069666,2025-09-01,121,0.5517241379310345,19.0,,12.327107131892987,-0.5701206548836217,37.926168699580224,73.92825016272607,1902,Sell,0.3590295147986067
SOUTHWEST.NS,0,0.3204175425441448,2025-09-01,121,0.7692307692307693,12.0,,-14.227211004586534,46.580446671024326,57.55568264803903,49.71690813795963,1903,Sell,0.35916491491171043
ADOR.NS,0,0.31942555954281854,2025-09-01,121,0.4541832669322709,20.0,,-1.0223048327137547,8.734492493414317,18.487699053641688,48.25689566609328,1904,Sell,0.3611488809143629
RAMCOSYS.NS,0,0.3173530868250616,2025-09-01,121,0.2289308176100629,-1.0,,0.5136423201316785,12.64390904138094,36.09252354250854,20.17843049530235,1905,Sell,0.36529382634987684
GLOBAL.NS,0,0.3172346335110294,2025-09-01,121,0.11607142857142858,36.0,,-3.2606393682841746,38.539950506157,48.49407181461132,42.350615611659194,1906,Sell,0.36553073297794125
DOLATALGO.NS,0,0.3171205496180657,2025-09-01,121,0.2597898758357211,32.0,,22.729746840169366,13.674138580625181,55.13473598174142,67.97051178360891,1907,Sell,0.36575890076386863
PRAKASHSTL.NS,0,0.3168533388905167,2025-09-01,121,2.8562231759656647,19.63,,33.720924301106464,9.315584596891311,92.19429665645728,76.99680503881271,1908,Sell,0.3662933222189666
GENESYS.NS,0,0.3161094796487693,2025-09-01,121,0.3119143239625167,15.0,,5.073946325315984,-12.644941714599764,52.99303665016433,59.94571921098793,1909,Sell,0.3677810407024614
PALREDTEC.NS,0,0.31538485258144267,2025-09-01,121,0.044328552803129105,5.72,,2.368982632402124,-13.470873851954712,48.52826313191766,55.45454440366442,1910,Sell,0.36923029483711467
AURUM.NS,0,0.31491144782714175,2025-09-01,121,0.13023740037205822,1.22,,11.312378759779158,9.300163115787374,22.32478320775754,75.126878450504,1911,Sell,0.3701771043457165
SIGMA.NS,0,0.3145712164768596,2025-09-01,121,0.35708367854183914,33.69,,9.116807403512071,15.419385237125866,30.240552490013485,76.60712789516671,1912,Sell,0.3708575670462808
SALSTEEL.NS,0,0.3143965827509246,2025-09-01,121,8.090909090909092,7.0,,11.948389853200604,54.21259282729761,48.15094266102181,84.80509233267074,1913,Sell,0.37120683449815084
AWHCL.NS,0,0.3140907330618476,2025-09-01,121,0.18143459915611815,2.0,,7.212280321643265,-12.145896392589783,64.4357112502182,60.98562213719357,1914,Sell,0.3718185338763048
RKEC.NS,0,0.31403935435541297,2025-09-01,121,1.7655502392344498,14.0,,-2.796318290685298,-26.070248218089308,101.87582926639666,47.15026065006911,1915,Sell,0.37192129128917406
SANSERA.NS,0,0.3140094969692156,2025-09-01,121,0.2726008344923505,13.0,,-2.6810557382186775,22.21250981446415,26.726968706894716,49.9028368969293,1916,Sell,0.3719810060615688
KIOCL.NS,0,0.3138169168357865,2025-09-01,121,0.3309222423146474,-9.0,,11.65021398792076,-8.883599575593085,48.67778136284283,76.35959568224331,1917,Sell,0.372366166328427
HIKAL.NS,0,0.31330094071327513,2025-09-01,121,0.9673366834170855,10.0,,1.4400076972917202,-11.04705810546875,48.74941816863463,12.939931882556962,1918,Sell,0.37339811857344973
ETHOSLTD.NS,0,0.3130059296184944,2025-09-01,121,0.35804195804195804,14.0,,1.272321903172308,17.45975446064321,41.253668333932474,45.87421387554862,1919,Sell,0.37398814076301123
KNRCON.NS,0,0.31288463434293246,2025-09-01,121,0.15459297983569828,27.0,,2.6614538885469394,-18.19689718793998,48.60820776152908,61.574003137769516,1920,Sell,0.3742307313141351
BIGBLOC.NS,0,0.3121116616464165,2025-09-01,121,2.0949548810500405,-1.34,,16.77892455338178,38.284294886790974,73.37206907180605,65.28555122587193,1921,Sell,0.37577667670716697
DYNAMATECH.NS,0,0.3120689804777012,2025-09-01,121,0.9599406528189911,10.0,,3.3296582138919515,31.972118566500036,46.644004489819814,52.75853220425969,1922,Sell,0.3758620390445976
SADBHAV.NS,0,0.3109658340676264,2025-09-01,121,2.1854066985645932,1.0,,-3.6639844753065245,-8.411220784103376,81.31033591701491,53.8952729049642,1923,Sell,0.3780683318647472
LTTS.NS,0,0.31037475651798485,2025-09-01,121,0.5644352188202733,28.0,,-0.9192623999918468,7.0421185718231385,26.236174317518078,36.928442230667045,1924,Sell,0.3792504869640303
PLAZACABLE.NS,0,0.3089419501307424,2025-09-01,121,0.4112903225806452,4.0,,4.38465910062856,-21.062546947078047,43.816106534572484,64.68611706504316,1925,Sell,0.38211609973851524
ROLEXRINGS.NS,0,0.30873472983623634,2025-09-01,121,0.17253218884120172,23.0,,23.912631390847753,-1.9492861668326005,50.68073314402115,59.1642063826796,1926,Sell,0.3825305403275273
MFML.NS,0,0.30829643676239965,2025-09-01,121,0.7263392304837313,-6.18,,-5.487577233654173,-15.287472110810551,43.52452331449232,45.580589082896246,1927,Sell,0.3834071264752007
RATNAVEER.NS,0,0.3079975842520929,2025-09-01,121,1.2085308056872037,14.0,,-3.430131638497116,-6.189950119473611,39.16222616133106,47.22976087743672,1928,Sell,0.3840048314958142
MODIRUBBER.NS,0,0.3079430307546064,2025-09-01,121,0.1518324607329843,1.0,,28.81341019231862,21.645539611702567,100.79462434601345,66.55390551648397,1929,Sell,0.38411393849078723
BEDMUTHA.NS,0,0.3076372233612482,2025-09-01,121,3.4326241134751774,17.0,,4.58535295924031,-17.33225300461965,51.41237451397637,69.75592944790905,1930,Sell,0.3847255532775036
EXCEL.NS,0,0.30665451216413925,2025-09-01,121,0.0,0.76,,1.4705868173635692,-18.343198313181556,56.94555510019242,67.64705779230728,1931,Sell,0.3866909756717215
ASMS.NS,0,0.30620600395665926,2025-09-01,121,0.16975412596833936,-6.31,,2.15331617048083,-14.676259121140381,53.06609615740717,33.64928877821447,1932,Sell,0.3875879920866815
MEDICO.NS,0,0.30591013845087567,2025-09-01,121,1.044776119402985,21.0,,-2.8044618913878194,4.957476529839226,39.71141030287479,46.387829169994255,1933,Sell,0.38817972309824866
GENCON.NS,0,0.305691612698786,2025-09-01,121,0.6597222222222222,8.0,,-7.299268533261107,-2.6706955160299226,66.59269020113857,35.706344744184065,1934,Sell,0.38861677460242805
HARDWYN.NS,0,0.3056631142895607,2025-09-01,121,0.16209476309226933,4.0,,-1.5177952963867378,28.680406415122146,50.91086893306519,52.992962949033426,1935,Sell,0.38867377142087856
SANDUMA.NS,0,0.3052227328664772,2025-09-01,121,0.45311942959001783,22.0,,16.759637604864732,44.054825535648796,45.733893977949556,75.35234663486791,1936,Sell,0.38955453426704556
COMPINFO.NS,0,0.3043990882690728,2023-03-01,1036,-3.3159722222222223,14.0,,-7.777777189089913,-4.0462457618686285,48.431266374382176,41.379308927356945,1937,Sell,0.3912018234618544
RITCO.NS,0,0.3042967244540586,2025-09-01,121,1.0888888888888888,16.0,,-0.6045152373215373,4.346149151141827,26.07665146958133,34.28571428571429,1938,Sell,0.3914065510918828
SHAREINDIA.NS,0,0.3025346980428385,2025-09-01,121,0.799047619047619,19.0,,0.18039870490227358,30.23765516591488,46.29731112991177,58.77297017529423,1939,Sell,0.394930603914323
MIRCELECTR.NS,0,0.3024010956005645,2025-09-01,121,2.082802547770701,5.0,,17.654373713399238,14.707068241003787,60.40454371992219,69.62025443795673,1940,Sell,0.395197808798871
KEEPLEARN.NS,0,0.30129887697751107,2025-09-01,121,0.5989304812834225,9.8,,-0.8264454667762735,-13.669060429247784,65.53789970330037,41.23711770976482,1941,Sell,0.39740224604497787
NGIL.NS,0,0.3007118396248997,2025-09-01,121,0.5647951441578148,-8.11,,16.66666303776906,4.0380066568863535,41.31382248268668,64.10835117256725,1942,Sell,0.39857632075020055
RKSWAMY.NS,0,0.3006482450518539,2025-09-01,121,0.48,7.0,,-2.260820873853393,-23.318724870205727,38.488095614414306,50.87842565363201,1943,Sell,0.3987035098962922
NIBL.NS,0,0.30006583093929073,2025-09-01,121,-5.21875,-19.0,,26.088435972154528,31.593892773965376,82.26106397358812,74.96671029102177,1944,Sell,0.39986833812141853
LOTUSEYE.NS,0,0.30001553435353384,2025-09-01,121,0.17964368195315078,2.99,,13.443056960677444,0.6329648185683073,46.16364234883877,56.75281196889979,1945,Sell,0.3999689312929323
TARC.NS,0,0.299276801962991,2025-09-01,121,1.2835004557885141,0.0,,9.437465117077085,8.796176788913217,50.90345457158787,77.94302276225689,1946,Strong Sell,0.401446396074018
NECLIFE.NS,0,0.29916487370262845,2025-09-01,121,1.5349162011173185,-5.0,,4.91891809411951,37.562015022635066,91.96668620307119,37.83783783783784,1947,Strong Sell,0.4016702525947431
KRIDHANINF.NS,0,0.29839383021411986,2025-09-01,121,-1.1254107729675669,,,17.678102454818106,15.245482429843946,61.80570837202409,62.56157924747796,1948,Strong Sell,0.4032123395717603
CALSOFT.NS,0,0.29720171498506864,2025-09-01,121,0.11760513186029925,3.88,,1.3165842774195933,20.156139970419176,64.14969748798741,57.75401733137136,1949,Strong Sell,0.4055965700298627
BESTAGRO.NS,0,0.29709449682412636,2025-09-01,121,1.183838383838384,14.0,,-4.88444417063554,4.358559469877527,71.5257760845437,54.245500370023876,1950,Strong Sell,0.40581100635174727
KPIGREEN.NS,0,0.2970402572442017,2025-09-01,121,1.480257116620753,16.0,,16.93417523706139,12.83597654323178,66.19476413356516,77.59548398926977,1951,Strong Sell,0.4059194855115966
NITCO.NS,0,0.29688717658964014,2025-09-01,121,1.65625,-45.0,,17.100151312880772,-9.668634932680204,50.37296034209692,82.80297334593362,1952,Strong Sell,0.4062256468207197
ELDEHSG.NS,0,0.2958508200912974,2025-09-01,121,1.2623906705539358,10.0,,22.58064735136381,23.197317288578816,73.19197121766871,60.119630249704514,1953,Strong Sell,0.40829835981740525
UNIVCABLES.NS,0,0.29576239188978837,2025-09-01,121,1.923841059602649,11.0,,-7.539415295977155,25.47663192118957,41.2275018825263,48.17336363623773,1954,Strong Sell,0.40847521622042327
TFL.NS,0,0.2943692827287281,2025-09-01,121,0.9373793103448277,9.48,,11.173578381844507,13.32377973921653,100.95164509674572,60.51281741959774,1955,Strong Sell,0.4112614345425438
ORIENTCER.NS,0,0.2930613781546641,2025-09-01,121,0.3531468531468531,6.0,,13.82881330611375,37.11196981737244,75.86502817398487,68.9803746693868,1956,Strong Sell,0.4138772436906718
GAEL.NS,0,0.29241186278331316,2025-09-01,121,0.21809369951534732,12.0,,21.57917901521376,29.241302736858433,36.34027674417455,84.72221719683887,1957,Strong Sell,0.4151762744333737
SHRENIK.NS,0,0.2905418493298996,2025-09-01,121,-1.021080743224047,,,-24.193549162391314,-14.545456614376054,89.87877614880125,37.500007761020186,1958,Strong Sell,0.41891630134020075
SCPL.NS,0,0.28962226969759003,2025-09-01,121,0.9420289855072463,16.0,,57.72843234280728,36.303034610191176,82.34223098851481,74.46998226302603,1959,Strong Sell,0.42075546060481994
TIRUPATIFL.NS,0,0.28949804266014184,2025-09-01,121,0.40336134453781514,12.0,,1.222785154603895,-5.062940904310533,52.63349964396223,57.374624297685635,1960,Strong Sell,0.4210039146797163
GLOBE.NS,0,0.2881204245784358,2025-09-01,121,1.6012658227848102,9.0,,2.857148695965302,33.33333333333333,54.58367402531989,74.1176480487967,1961,Strong Sell,0.42375915084312843
DIGJAMLMTD.NS,0,0.2873465360401395,2025-09-01,121,16.567099567099568,5.04,,12.808990478515625,-5.175666669524928,53.98997578751056,66.57594041014747,1962,Strong Sell,0.425306927919721
COUNCODOS.NS,0,0.2858431806828903,2025-09-01,121,0.6175314465408805,4.26,,-2.1346487879097276,-9.833586720698593,66.81030187757479,51.152078593343006,1963,Strong Sell,0.42831363863421945
HYBRIDFIN.NS,0,0.28436859130444786,2025-09-01,121,0.5101500441306266,23.88,,-3.723932585546578,20.80997078726086,38.974401251017845,49.49323181430679,1964,Strong Sell,0.4312628173911043
UEL.NS,0,0.2840131666665911,2025-09-01,121,0.3217894856364256,9.98,,7.703956386995335,46.283144629300985,45.06020811776629,0.0,1965,Strong Sell,0.4319736666668178
JNKINDIA.NS,0,0.2838868765995801,2025-09-01,121,0.49034749034749037,15.0,,2.5651628902623704,-9.893291696812593,52.61466030738724,62.47735670040219,1966,Strong Sell,0.43222624680083976
APEX.NS,0,0.2838648255762311,2025-09-01,121,0.23968565815324164,2.0,,-1.7611835531856685,23.08031173179979,84.13512490005941,59.387154710483735,1967,Strong Sell,0.4322703488475378
SAKAR.NS,0,0.283512799717647,2025-09-01,121,0.48184818481848185,9.0,,4.641356599062614,14.19003913420521,40.66639027953081,39.687762671946686,1968,Strong Sell,0.43297440056470604
NURECA.NS,0,0.28337420446437583,2025-09-01,121,0.08673469387755102,0.0,,3.495219237346666,35.12506382378703,41.7016908214361,47.335819614291154,1969,Strong Sell,0.43325159107124833
TCIFINANCE.NS,0,0.2831489804796877,2025-09-01,121,-1.1050946919178446,,,148.95360491502404,126.11570039494725,92.44059447630349,98.05194856374062,1970,Strong Sell,0.43370203904062465
BHAGYANGR.NS,0,0.28192575933670105,2025-09-01,121,0.057482265510640736,0.51,,16.139390458173033,69.02185838481043,56.41291111910087,76.75039340576996,1971,Strong Sell,0.4361484813265979
TREEHOUSE.NS,0,0.28090243325513475,2025-09-01,121,0.03208556149732621,-2.0,,-7.151374933461612,-0.12820805945254451,39.50904994014685,31.944449350176868,1972,Strong Sell,0.4381951334897305
TARSONS.NS,0,0.2802477868597512,2025-09-01,121,0.6244343891402715,9.0,,1.3554654945059608,-24.11774474262898,52.6106717458889,60.20563924519531,1973,Strong Sell,0.4395044262804976
NATCOPHARM.NS,0,0.27998176279129755,2025-09-01,121,0.19622778382299602,32.0,,-3.1633692977484826,12.167221340409869,48.41083460984875,41.7331766972237,1974,Strong Sell,0.4400364744174049
VALIANTLAB.NS,0,0.27896750773235857,2025-09-01,121,0.10094637223974763,-1.0,,3.3210332103321036,-14.498598202474824,52.0199100671895,58.50300346576352,1975,Strong Sell,0.44206498453528287
SETUINFRA.NS,0,0.27546762227038113,2023-09-01,852,-3.7828316242143565,0.39,,-6.250000388051082,-34.78261019797467,59.14677895641493,42.85714488451107,1976,Strong Sell,0.44906475545923774
FACT.NS,0,0.2750291221542293,2025-09-01,121,3.856,9.0,,6.290407039679427,2.1894934772566295,33.75461206302519,73.15920789804036,1977,Strong Sell,0.4499417556915414
LATTEYS.NS,0,0.27498505640494786,2025-09-01,121,1.4428969359331476,12.91,,-10.379235741750012,13.212308871979777,44.80329584408162,45.964915450814104,1978,Strong Sell,0.4500298871901043
AMNPLST.NS,0,0.27407850705757053,2025-09-01,121,0.4,20.0,,-5.033865616173815,-16.695172725285893,65.25549192155198,54.68085344693665,1979,Strong Sell,0.45184298588485894
RAJESHEXPO.NS,0,0.2735594019764025,2025-09-01,121,0.48125613346418056,3.0,,-3.6314012686831285,0.08720496284890614,59.591873595419585,45.650670126031144,1980,Strong Sell,0.452881196047195
EASEMYTRIP.NS,0,0.27332117607823075,2025-09-01,121,0.28040540540540543,20.0,,-14.0515200775804,-9.605908176900012,65.17478482007641,22.033912003362104,1981,Strong Sell,0.4533576478435385
MCLEODRUSS.NS,0,0.27309809371497834,2025-09-01,121,-77.5111111111111,-1.0,,-5.470087340262726,34.47717566851774,46.339397537828916,58.172116372938405,1982,Strong Sell,0.4538038125700433
SVPGLOB.NS,0,0.27204884676739316,2025-09-01,121,-3.724106491611962,-5.85,,-42.81345517810889,3.8888919059141984,110.1671180550393,21.917806653283648,1983,Strong Sell,0.4559023064652137
SABEVENTS.NS,0,0.2713817486704466,2025-09-01,121,-1.3865546218487397,-200.0,,10.891090628096048,32.74074130588108,30.65042334530074,84.2932206432214,1984,Strong Sell,0.45723650265910676
TARIL.NS,0,0.2713454418863644,2025-09-01,121,0.7439688715953308,25.0,,7.844990548204159,-41.67859406249359,72.0922369291329,66.93182289764735,1985,Strong Sell,0.4573091162272712
VISASTEEL.NS,0,0.2708852222548446,2025-09-01,121,-1.3841684822076978,-5.0,,2.6555342920437224,31.775016639956664,49.00455545009527,62.3931633220586,1986,Strong Sell,0.45822955549031075
SAMBHAAV.NS,0,0.2687596049404092,2025-09-01,121,0.16061803808839395,3.33,,-10.299997329711914,44.444447857127614,58.47661785633539,15.96642426787497,1987,Strong Sell,0.46248079011918164
PREMIERPOL.NS,0,0.2680244177120986,2025-09-01,121,0.2878787878787879,30.0,,-8.085293986310305,-9.0949019068877,67.91873499738576,46.044875605757625,1988,Strong Sell,0.46395116457580277
GANDHAR.NS,0,0.2678585693290612,2025-09-01,121,0.4474327628361858,11.0,,19.658915201822914,8.773163714297327,33.1149262291546,89.75107076224047,1989,Strong Sell,0.4642828613418776
STAR.NS,0,0.2667543790936459,2025-09-01,121,0.6413727959697733,5.0,,0.09449422856448027,9.912708142804155,33.61716188683232,52.7790321576025,1990,Strong Sell,0.4664912418127082
SHREERAMA.NS,0,0.2662455164781482,2025-09-01,121,0.26785714285714285,15.0,,32.358104163183626,13.668341278276284,60.69546389586862,77.78152330920231,1991,Strong Sell,0.4675089670437036
WELINV.NS,0,0.26386891945656576,2025-09-01,121,0.12426229508196726,0.83,,-4.127695111427681,31.09615619365986,93.34152090563147,56.30251995287178,1992,Strong Sell,0.47226216108686847
RAJSREESUG.NS,0,0.26360725022398707,2025-09-01,121,1.6790123456790123,4.0,,-5.727228219085152,-10.08638505879247,73.3385632288547,35.28835096124445,1993,Strong Sell,0.47278549955202587
UDAICEMENT.NS,0,0.2624725093619483,2025-03-01,305,2.36875,8.0,,-2.7121431007197834,14.398482649059716,32.34512856166389,46.60713932952727,1994,Strong Sell,0.47505498127610335
VIKASECO.NS,0,0.261912647734164,2025-09-01,121,0.18575063613231552,3.0,,6.2500013969838415,-13.265305377701244,62.010788450591335,60.78431785038015,1995,Strong Sell,0.476174704531672
SMSPHARMA.NS,0,0.26121939684337536,2025-09-01,121,0.7171052631578947,12.0,,-1.1622334145386313,26.3534923346419,59.9351359219459,49.69419424020323,1996,Strong Sell,0.4775612063132493
JWL.NS,0,0.2595003522954291,2025-09-01,121,0.4162491052254832,21.0,,19.5881706092634,0.4286172803289079,69.9470672501938,78.56895118522488,1997,Strong Sell,0.48099929540914177
DAVANGERE.NS,0,0.258066113578981,2025-09-01,121,0.536779324055666,7.0,,-9.732362101540787,-7.711441399263228,78.04985524057093,45.664743469156136,1998,Strong Sell,0.48386777284203797
GTECJAINX.NS,0,0.2580213917527347,2025-09-01,121,0.28850855745721266,-24.32,,-1.598358179285615,-4.228159069986838,75.69596910225962,52.343130045421866,1999,Strong Sell,0.4839572164945306
MAANALU.NS,0,0.2570005078348241,2025-09-01,121,0.6310160427807486,12.0,,4.43798125436115,50.0,61.35255282369629,57.332642394045585,2000,Strong Sell,0.4859989843303518
JETFREIGHT.NS,0,0.25546811658292595,2025-09-01,121,1.5217391304347827,11.0,,-8.886388429066749,24.042880876223666,76.07910967991394,28.12500582076514,2001,Strong Sell,0.4890637668341481
EQUIPPP.NS,0,0.25503068142815144,2025-09-01,121,1.5681114551083588,1.04,,26.574582124687275,8.73279629443887,42.789983358942315,65.3179245983358,2002,Strong Sell,0.4899386371436971
NAGAFERT.NS,0,0.25479075358151493,2025-09-01,121,-1.4215581643543223,,,21.428572188834753,6.042883740039169,56.867116800380714,65.1685405298251,2003,Strong Sell,0.49041849283697014
PASUPTAC.NS,0,0.25327802874486305,2025-09-01,121,0.6884816753926701,12.0,,-10.174069341489233,15.242850730280466,59.11624886359641,54.26830889223543,2004,Strong Sell,0.4934439425102739
PNC.NS,0,0.25325965326399064,2025-09-01,121,0.24350168350168347,-1.69,,0.37285750412974406,-12.284132916778509,47.209175241634206,50.97614116210157,2005,Strong Sell,0.4934806934720187
SIKKO.NS,0,0.25300562111470315,2025-09-01,121,0.5722067686601762,10.72,,-4.6660586884003195,17.859976743333124,51.40753336278483,42.42423585623597,2006,Strong Sell,0.4939887577705937
SPARC.NS,0,0.2513767787811636,2025-09-01,121,-1.9169054441260744,-298.0,,-16.501059880274134,1.7404488520517445,76.89517860099438,45.78277181295338,2007,Strong Sell,0.4972464424376728
NORBTEAEXP.NS,0,0.2513189421326386,2025-09-01,121,0.5814999999999999,3.9,,36.60419825118703,80.4610795622469,36.48311588815293,81.93145810298587,2008,Strong Sell,0.4973621157347228
SECURKLOUD.NS,0,0.250706506955502,2025-09-01,121,-1.471698113207547,5.0,,13.09265010373438,15.96788542160359,104.23728284237892,49.842267623777644,2009,Strong Sell,0.498586986088996
CORDSCABLE.NS,0,0.2500023972682851,2025-09-01,121,1.2894736842105263,16.0,,-11.223423251835998,8.946224889422663,41.56049535868724,49.678449295201084,2010,Strong Sell,0.4999952054634298
STYLAMIND.NS,0,0.24995038771041705,2025-09-01,121,0.18672199170124482,27.0,,7.63288030650474,35.37769226629592,37.15603884678182,57.89907206401265,2011,Strong Sell,0.5000992245791659
VINNY.NS,0,0.24972954713668558,2025-09-01,121,0.4578313253012048,13.0,,-4.61538038310199,-2.3622025071121953,62.43878175387279,46.87500232830692,2012,Strong Sell,0.5005409057266288
TIPSFILMS.NS,0,0.24749976216696615,2025-09-01,121,5.416666666666667,-27.0,,15.569843205874607,-2.38067443390121,87.66966796221486,47.46835250017435,2013,Strong Sell,0.5050004756660678
SBGLP.NS,0,0.24350049625882475,2025-09-01,121,1.425,14.0,,22.90424634942774,-1.3513500451867637,59.636598926462355,63.86999520928145,2014,Strong Sell,0.5129990074823505
ASHIMASYN.NS,0,0.2400904280535064,2025-09-01,121,0.9756944444444444,2.0,,0.7345293857286488,-14.476614207359459,66.39963987385914,51.81976641749921,2015,Strong Sell,0.5198191438929872
DREDGECORP.NS,0,0.23611101646279264,2025-09-01,121,1.3160621761658031,0.0,,11.8956800665136,61.02501820709746,65.14404230960301,47.62792230821167,2016,Strong Sell,0.5277779670744147
OLAELEC.NS,0,0.2359574171394953,2025-09-01,121,0.04941965904969169,1.0,,-9.49050736806283,-35.11190211534361,56.062151041082906,48.50214637934361,2017,Strong Sell,0.5280851657210094
ONELIFECAP.NS,0,0.23442746123934755,2025-09-01,121,0.26103872602243944,0.65,,16.054718796192528,20.658692017081908,45.61826951859258,43.03280754903114,2018,Strong Sell,0.5311450775213049
VCL.NS,0,0.2327098676588274,2025-09-01,121,1.638568129330254,1.77,,7.329842311072465,102.97029422505346,68.362173884631,34.453773936277315,2019,Strong Sell,0.5345802646823452
OSWALSEEDS.NS,0,0.23265846772211304,2025-09-01,121,0.9583333333333334,9.0,,22.42120419690478,14.314383750001832,66.15286915888142,66.24738314339484,2020,Strong Sell,0.5346830645557739
SEPC.NS,0,0.22958028122267,2025-09-01,121,0.40848094471282875,6.0,,12.195114988587626,-15.946844538016478,56.19605436578523,64.85013029211004,2021,Strong Sell,0.54083943755466
DOLPHIN.NS,0,0.22918649578736144,2025-09-01,121,0.5156736822025815,2.95,,35.616245628887086,22.557547879036125,57.961686952117056,79.48610879836879,2022,Strong Sell,0.5416270084252771
TAINWALCHM.NS,0,0.22792140782854495,2025-09-01,121,0.09539588419951184,4.24,,3.925691257256039,-7.673536516195719,86.77853517440877,63.158317688617146,2023,Strong Sell,0.54415718434291
AGRITECH.NS,0,0.2258271705448997,2025-09-01,121,0.010093943633819618,-1.1,,21.631289360388177,13.941019802562996,103.76341884109952,65.78131281108523,2024,Strong Sell,0.5483456589102006
KSHITIJPOL.NS,0,0.22571971029836374,2025-09-01,121,0.26932709968275165,-15.5,,7.468872279171725,-14.521454170794732,56.118341844762654,71.42855645723742,2025,Strong Sell,0.5485605794032725
QUADFUTURE.NS,0,0.2252742786232812,2025-09-01,121,0.2222222222222222,-7.0,,14.167369026706467,-17.46517016402881,80.08270846858449,69.09091057450574,2026,Strong Sell,0.5494514427534376
XELPMOC.NS,0,0.22444374882715054,2025-09-01,121,0.11696977626586415,-11.3,,3.3474815514010205,28.94684321609772,47.829869915550645,43.554640565214484,2027,Strong Sell,0.5511125023456989
ARVEE.NS,0,0.22361375254009205,2025-09-01,121,0.29071246819338414,10.0,,29.40854954964128,37.765575345502924,137.21061128993338,51.17203538198313,2028,Strong Sell,0.5527724949198158
BGRENERGY.NS,0,0.22355370025755358,2025-09-01,121,-3.6658566221142164,-21.0,,-12.79300433901239,56.75833774905485,53.27798235874085,58.65806726205592,2029,Strong Sell,0.5528925994848928
STALLION.NS,0,0.2234419599988114,2025-09-01,121,0.11006289308176101,20.0,,35.21629228621851,-13.053452098465836,68.66676936295552,54.64875057896441,2030,Strong Sell,0.5531160800023772
MAHAPEXLTD.NS,0,0.22298563347073752,2025-09-01,121,0.17607223476297967,1.0,,25.882768380799575,6.744626118911176,86.95738081084515,77.68956419543613,2031,Strong Sell,0.554028733058525
SHAKTIPUMP.NS,0,0.22291274396168798,2025-09-01,121,0.8621142481943532,58.0,,11.682602891394515,-12.069693989710105,76.819337664959,63.716944810771786,2032,Strong Sell,0.554174512076624
KEYFINSERV.NS,0,0.2225184138716861,2025-09-01,121,0.05980418100026437,3.51,,16.25713190832467,31.05705448090406,78.44585668244068,70.52096618522337,2033,Strong Sell,0.5549631722566277
MAGNUM.NS,0,0.22175531182015457,2025-09-01,121,0.7684365781710915,4.0,,5.375846728076049,-7.811881147474311,79.7512467059746,47.80950920813759,2034,Strong Sell,0.5564893763596909
AXITA.NS,0,0.2216851458173924,2025-09-01,121,0.48484848484848486,2.0,,28.997022490425373,49.48216799045228,39.519785246492205,87.65957308657376,2035,Strong Sell,0.5566297083652152
SANCO.NS,0,0.22144504558218178,2025-09-01,121,-11.240196078431374,-0.79,,21.57894588243266,5.963296882633427,55.757119877325145,80.82190707066088,2036,Strong Sell,0.5571099088356364
MCL.NS,0,0.22135190225810525,2025-09-01,121,1.148936170212766,8.0,,57.513740673610904,17.11106672175606,63.68388134754274,87.79840902485736,2037,Strong Sell,0.5572961954837895
SHAH.NS,0,0.21820591156908306,2025-09-01,121,0.04838709677419355,7.0,,11.581302545014918,35.77236182092866,56.00034597167613,93.45797058047587,2038,Strong Sell,0.5635881768618338
FOCUS.NS,0,0.21739911022930647,2025-09-01,121,0.44537815126050423,16.0,,0.7218725041061772,-17.942748896501918,70.64153104820427,37.362178885476354,2039,Strong Sell,0.5652017795413871
ALPSINDUS.NS,0,0.21685875395692775,2025-09-01,121,-1.009698275862069,,,86.63101607687074,91.75823675579919,61.93765346840879,77.84810623208088,2040,Strong Sell,0.5662824920861445
JAIBALAJI.NS,0,0.21490872382141085,2025-09-01,121,0.7757766771724448,36.0,,9.946769453273527,-23.397267339651954,59.784831716384105,71.34012810489331,2041,Strong Sell,0.5701825523571783
KIRIINDUS.NS,0,0.21391044683348842,2025-09-01,121,0.5050890585241731,2.0,,24.461602366875805,27.896317936458427,73.66256287174036,97.25228335486983,2042,Strong Sell,0.5721791063330232
DCXINDIA.NS,0,0.21328849662386254,2025-09-01,121,0.5298634812286689,5.0,,7.088626649730309,-20.53138039576331,72.14466600175145,70.24910539770812,2043,Strong Sell,0.573423006752275
RAJMET.NS,0,0.20934452674554657,2025-09-01,121,1.0727272727272728,8.0,,16.136914982619345,4.625551539900452,66.38077919019008,72.39264360041973,2044,Strong Sell,0.5813109465089068
NIRAJ.NS,0,0.20907540176301906,2025-09-01,121,0.51953125,11.0,,5.141934014727755,-14.260761003347836,75.65699314227588,61.12310264169784,2045,Strong Sell,0.5818491964739618
URAVIDEF.NS,0,0.20904984756337777,2025-09-01,121,0.5711177052423344,7.33,,2.3953725581421295,-16.22321265084403,52.27171467345776,64.26750485060697,2046,Strong Sell,0.5819003048732445
PRITI.NS,0,0.20859205594340788,2025-09-01,121,0.10251075045082536,8.58,,-11.593329074284803,-14.258672018724797,81.53729379453092,53.9958945111365,2047,Strong Sell,0.5828158881131842
IFBAGRO.NS,0,0.20562032017328427,2025-09-01,121,0.4324734446130501,7.0,,4.6748417267067754,66.18493869125076,62.581708968510355,55.71818941689588,2048,Strong Sell,0.5887593596534315
LYPSAGEMS.NS,0,0.20523959987927037,2025-09-01,121,3.0625,-45.0,,9.126984952949229,-14.728679648959128,45.123158211816,63.5359021414462,2049,Strong Sell,0.5895208002414593
MMTC.NS,0,0.20468958845629795,2025-09-01,121,1.1372549019607843,8.0,,13.430070588311013,2.7824485444548386,54.211721737855434,77.85716163297336,2050,Strong Sell,0.5906208230874042
GANGAFORGE.NS,0,0.2042582745115334,2025-09-01,121,1.0441988950276244,3.13,,9.756095610793878,-0.5524856784194297,74.0619916029486,67.64705799855153,2051,Strong Sell,0.5914834509769332
INDOUS.NS,0,0.20418252217126007,2025-09-01,121,0.3448275862068966,21.0,,-3.4855097229200105,-10.353988136404565,83.8111075190922,41.92119665711444,2052,Strong Sell,0.5916349556574798
ROLLT.NS,0,0.20353038516711028,2025-09-01,121,2.684873949579831,-1.12,,4.2372943854341605,0.0,73.6101700284073,50.0,2053,Strong Sell,0.5929392296657794
SADHNANIQ.NS,0,0.2033223728671762,2025-09-01,121,1.421875,5.0,,12.345681919446163,-22.96295918788525,68.74501573449912,64.73684428471239,2054,Strong Sell,0.5933552542656476
MODISONLTD.NS,0,0.20198663759926266,2025-09-01,121,0.5663716814159292,15.0,,10.060127527018546,-2.964985759565915,41.75322981270736,70.00798033437886,2055,Strong Sell,0.5960267248014747
INFOBEAN.NS,0,0.19731963554516,2025-09-01,121,0.10542168674698796,21.0,,38.41488729290561,73.62916264279583,66.74671445715326,74.51008501411124,2056,Strong Sell,0.6053607289096801
ORIENTTECH.NS,0,0.1867746622690123,2025-09-01,121,0.6750700280112045,27.0,,27.889904811000356,27.87186096594038,76.57960756646088,83.2054799880739,2057,Strong Sell,0.6264506754619754
OMAXE.NS,0,0.18065342273048926,2025-09-01,121,10.779334500875656,-9.0,,21.228064794081643,3.07023159030349,69.56537860255375,73.67128200798747,2058,Strong Sell,0.6386931545390215
WALCHANNAG.NS,0,0.18028874611656331,2025-09-01,121,1.478510028653295,0.0,,14.157145706176763,-3.131406705233846,72.78881695765136,71.5779210950415,2059,Strong Sell,0.6394225077668734
SHYAMCENT.NS,0,0.17745284881177228,2025-09-01,121,0.04995871180842279,-5.67,,-0.6472485916521551,-14.005602502794073,104.51415396099486,49.27534629407976,2060,Strong Sell,0.6450943023764555
NDTV.NS,0,0.17485690443322063,2025-09-01,121,33.964285714285715,-28.0,,13.868789078696992,-17.83237277375295,53.30777610299692,68.26228383140614,2061,Strong Sell,0.6502861911335587
SABTNL.NS,0,0.17325993186808997,2025-09-01,121,,143.0,,18.291322442883864,72.8112173152619,45.012076791520826,55.266445818290876,2062,Strong Sell,0.6534801362638201
LCCINFOTEC.NS,0,0.167947847067592,2025-09-01,121,10.191489361702155,-26.46,,-13.207552092658274,1.9955581193628016,69.74707449621742,58.849560602950106,2063,Strong Sell,0.664104305864816
SOMATEX.NS,0,0.16755651710880412,2025-09-01,121,0.020392937080328282,-1.74,,24.30890742999276,97.5020487112648,43.95353021360812,86.75524495239507,2064,Strong Sell,0.6648869657823917
VLSFINANCE.NS,0,0.16510021894304358,2025-09-01,121,0.061105722599418044,3.0,,-3.543243539209262,39.473691878635556,70.50877736796876,37.78552774724314,2065,Strong Sell,0.6697995621139128
LPDC.NS,0,0.16354570130915516,2025-09-01,121,0.08642284569138266,-8.51,,-2.4793429683335475,-14.698798060157545,85.52397193740151,46.376800577179836,2066,Strong Sell,0.6729085973816897
VIPULLTD.NS,0,0.16061101614044482,2025-09-01,121,2.205263157894737,0.0,,47.22550028210519,32.09746632766776,101.15151709299997,76.01432013499839,2067,Strong Sell,0.6787779677191104
KESORAMIND.NS,0,0.1358679100416336,2025-09-01,121,0.13538461538461538,-3.0,,144.9999871960395,143.1985184389158,87.68057296688897,89.86783419175687,2068,Strong Sell,0.7282641799167329
TPHQ.NS,0,0.12771808030779194,2025-09-01,121,0.10144927536231885,4.0,,16.666661147718294,-4.545459060957758,97.65455110730407,58.18181562029631,2069,Strong Sell,0.7445638393844161
SUPREMEENG.NS,0,0.12292525392179925,2025-03-01,305,-1.3370786516853932,-22.0,,29.787237415382805,41.860466083363605,61.311203533021406,44.23077452112251,2070,Strong Sell,0.7541494921564015
DJML.NS,0,0.11755027975999002,2025-09-01,121,0.3220171855190872,16.05,,10.387549254492054,-24.685738058773786,76.69120109682811,72.93665614635353,2071,Strong Sell,0.76489944048002
TVVISION.NS,0,0.11725563752274787,2025-09-01,121,-1.56,-151.0,,49.99999177866996,29.46428691803602,105.75160928273839,63.580246519910375,2072,Strong Sell,0.7654887249545043
S&SPOWER.NS,0,0.10731583866982816,2025-09-01,121,0.22862989489349825,-2.4,,18.5099049445018,-23.284880225359093,82.04231569806859,64.18932969310313,2073,Strong Sell,0.7853683226603436
