Ticker,Predicted_Direction,Predicted_Probability,Quarter_Date,Staleness_Days,debt_to_equity,roce,roe,roc_1m,roc_3m,volatility_30d,rsi_14d,Rank,Category,Confidence
BANCOINDIA.NS,1,0.8353935550886903,2025-09-01,211,0.10993249758919961,39.0,,-20.04927408123533,-25.899048807370644,44.476247604047714,39.01083423456534,1,Strong Buy,0.6707871101773806
SOMATEX.NS,1,0.8322192212849752,2025-09-01,211,0.020392937080328282,-1.74,,-21.43909497587663,-26.742113999809792,43.48674098566384,24.690912420099437,2,Strong Buy,0.6644384425699503
MFSL.NS,1,0.813677123077779,2025-09-01,211,0.0020780762950868338,0.0,,-19.62581601245042,-10.843304355749103,28.27123090980247,23.477621488911424,3,Strong Buy,0.6273542461555579
TERASOFT.NS,1,0.8067923921360056,2025-09-01,211,1.164179104477612,11.0,,-22.83975168441686,-27.577826130259886,55.153893546338374,26.262988111292586,4,Strong Buy,0.6135847842720112
IIFL.NS,1,0.80045198670218,2025-09-01,211,4.795408311537344,,,-15.423911605697672,-27.63705109788631,36.560849899076345,36.21676989502406,5,Strong Buy,0.60090397340436
MEGASOFT.NS,1,0.7995396722923751,2025-09-01,211,0.06857142857142857,8.0,,-11.266162843632518,-28.0635885289507,54.79463889907319,46.40940187873764,6,Strong Buy,0.5990793445847502
IZMO.NS,1,0.7979587158633071,2025-09-01,211,0.08571027118167773,0.68,,-21.416264827551835,-23.981731037461287,62.41699008579362,33.36823593448251,7,Strong Buy,0.5959174317266143
APOLLO.NS,1,0.7908885247152041,2025-09-01,211,0.6070110701107011,15.0,,-23.81430405181785,-31.915525332385545,56.182378137975974,35.1712292132686,8,Strong Buy,0.5817770494304082
GAYAHWS.NS,1,0.7896129989899701,2025-09-01,211,-2.5421686746987953,7.0,,-11.11111111111111,-31.740615889694713,58.35430133098506,40.40403991752164,9,Strong Buy,0.5792259979799401
ASHOKLEY.NS,1,0.7854214055464587,2025-09-01,211,1.0268019776216497,36.0,,-27.163175446220972,-11.764362637174493,44.97964875803949,29.638819037186607,10,Strong Buy,0.5708428110929173
LOTUSEYE.NS,1,0.779487919386728,2025-09-01,211,0.17964368195315078,2.99,,-10.570882652092251,-22.922387989107023,53.11646611442804,38.289875633997255,11,Strong Buy,0.558975838773456
THYROCARE.NS,1,0.778583612616972,2025-09-01,211,0.2616279069767442,26.0,,-13.327548134613926,-24.10161826991468,35.81747091976344,38.384743858471445,12,Strong Buy,0.5571672252339439
ATALREAL.NS,1,0.7762883803129587,2025-09-01,211,0.38333333333333347,10.81,,-18.000782899193684,-17.776040535563165,38.274263012314464,36.135700808485055,13,Strong Buy,0.5525767606259173
SKMEGGPROD.NS,1,0.7686773604344284,2025-09-01,211,0.7245508982035929,13.0,,-12.01899701185057,-31.455004466452053,48.43489980430375,51.485848839688906,14,Strong Buy,0.5373547208688567
RICOAUTO.NS,1,0.7661361927770065,2025-09-01,211,1.5982142857142858,6.0,,-21.46764724698758,-26.628217773302044,59.97437951350896,45.2521689883255,15,Strong Buy,0.532272385554013
VASWANI.NS,1,0.7647092715994751,2025-09-01,211,2.3092105263157894,11.0,,-17.00082614903931,-17.696352858616013,49.8037622110138,36.90851757792569,16,Strong Buy,0.5294185431989502
ABINFRA.NS,1,0.7634624524144914,2025-09-01,211,0.8089171974522293,18.0,,-14.309120491414692,-13.506063350052951,48.316884863927385,25.312484819441124,17,Strong Buy,0.5269249048289828
360ONE.NS,1,0.7624596801046358,2025-09-01,211,0.2014211533205794,11.0,,-16.098256351096552,-20.602008730272782,29.419638272260475,33.189149905003106,18,Strong Buy,0.5249193602092717
HAL.NS,1,0.7612857828867771,2025-09-01,211,2.327173854228667,34.0,,-12.491845641860099,-20.253722935336242,28.977841774420693,18.16338780088138,19,Strong Buy,0.5225715657735541
EIFFL.NS,1,0.7605331498968062,2025-09-01,211,1.1388888888888888,10.0,,-12.164570057997908,-13.431682951973462,22.7465849138488,23.96227148428035,20,Strong Buy,0.5210662997936124
RELIABLE.NS,1,0.7602087195170745,2025-09-01,211,1.1555555555555554,18.0,,-20.117878610541055,-24.72739317038689,61.435214832153505,41.306171940253115,21,Strong Buy,0.5204174390341489
PROZONER.NS,1,0.7593755831168343,2025-09-01,211,0.11928077779079307,0.82,,-17.77198749549723,-20.526720757951693,54.99033804621123,44.589841466455916,22,Strong Buy,0.5187511662336686
HCG.NS,1,0.759036217262492,2025-09-01,211,1.1537162162162162,7.0,,-8.880734454015721,-21.880109810627598,31.27659280987856,37.757820764543574,23,Strong Buy,0.5180724345249841
BGRENERGY.NS,1,0.758759243916312,2025-09-01,211,-3.6658566221142164,-21.0,,-23.34581436263551,-21.708639927808466,51.96450803549827,16.772987694946053,24,Strong Buy,0.517518487832624
LTF.NS,1,0.7567061949026394,2025-09-01,211,3.8644295302013423,9.0,,-20.817540097139155,-20.278789684754315,41.19463989615447,36.960870605272135,25,Strong Buy,0.5134123898052787
BEML.NS,1,0.7524272853467063,2025-09-01,211,1.1271613832853027,16.0,,-20.34666918873369,-26.93820022748031,43.72798498795155,33.51256168676848,26,Strong Buy,0.5048545706934127
JINDALPHOT.NS,1,0.7484975561992627,2025-09-01,211,0.4136733478864854,0.81,,-25.81985838774028,-34.57078137609298,57.8317546541024,36.593823551672145,27,Strong Buy,0.49699511239852545
CANBK.NS,1,0.7478425686071244,2025-09-01,211,15.297614760229383,,,-22.324292054753066,-17.738394800278353,42.71869423994892,33.54657606164038,28,Strong Buy,0.4956851372142488
TVSSRICHAK.NS,1,0.7452466710386307,2025-09-01,211,1.4079391891891893,6.0,,-20.129819741893037,-20.38129903194758,38.21471929812885,35.54516529982337,29,Strong Buy,0.4904933420772615
SANDHAR.NS,1,0.7411781100993625,2025-09-01,211,0.5662063363119415,15.0,,-12.380952380952381,-20.458685733393917,36.34934348937908,28.355439086560594,30,Strong Buy,0.48235622019872504
PTCIL.NS,1,0.739331538753305,2025-09-01,211,0.08982925018559762,5.0,,-16.966808887903806,-18.08789767136766,30.612811090037646,25.329872377244214,31,Strong Buy,0.4786630775066101
JAMNAAUTO.NS,1,0.7392290401816379,2025-09-01,211,0.35938903863432164,22.0,,-22.218362190779935,-11.08286666658989,56.61186418478239,40.38247534541911,32,Strong Buy,0.47845808036327586
JKTYRE.NS,1,0.7390281228007398,2025-09-01,211,1.2707443220148416,12.0,,-28.91004057960845,-23.444879260055895,51.09213938547852,37.54929661734684,33,Strong Buy,0.47805624560147963
MARUTI.NS,1,0.7388913419497838,2025-09-01,211,0.35131861250551777,22.0,,-18.34107498341075,-25.849602313810554,30.789766172859196,33.070422535211264,34,Strong Buy,0.4777826838995676
ZOTA.NS,1,0.7363666511480518,2025-09-01,211,0.1337719298245614,6.0,,-12.347711061149507,-31.5857085501531,46.240371457318844,37.324913632424675,35,Strong Buy,0.47273330229610355
INDOCO.NS,1,0.735343636532676,2025-09-01,211,1.1137614678899082,3.0,,-19.23171753994207,-27.41756927858376,35.33060572676667,27.44516060174098,36,Strong Buy,0.47068727306535196
GVKPIL.NS,1,0.7321080270963459,2025-09-01,211,-2.364130434782609,0.0,,-17.993086521439235,-25.705334073751313,20.651478267704736,25.454523386046972,37,Strong Buy,0.46421605419269185
JIOFIN.NS,1,0.7303228858897283,2025-09-01,211,0.003944840834248079,3.0,,-12.784590209339056,-25.02508843104013,34.314876387343624,44.79233413738571,38,Strong Buy,0.46064577177945654
VSTTILLERS.NS,1,0.7298439697778125,2025-09-01,211,0.2688679245283019,13.0,,-17.803062708529385,-20.119720651812436,47.164241649132784,41.72055102614563,39,Strong Buy,0.45968793955562504
VEEDOL.NS,1,0.7297686021306611,2025-09-01,211,0.32138114209827356,19.0,,-10.293694574303055,-24.590646609645667,27.273607589324023,41.39460398920365,40,Strong Buy,0.45953720426132216
KICL.NS,1,0.7280826635180414,2025-09-01,211,0.0646335912608102,1.0,,-20.867409616272408,-18.883514711809752,38.069012051538316,28.35018963337548,41,Strong Buy,0.4561653270360828
ARVINDFASN.NS,1,0.7272375563109017,2025-09-01,211,0.22317596566523606,3.0,,-8.201567237887982,-21.998838290812646,40.04726508070426,48.8163752235612,42,Strong Buy,0.4544751126218034
RAINBOW.NS,1,0.727165712549608,2025-09-01,211,0.5643939393939394,18.0,,-3.9157393154946303,-14.490514825862682,26.01964679421263,45.67902098391397,43,Strong Buy,0.4543314250992161
RUPA.NS,1,0.726464647353713,2025-09-01,211,0.4925521350546177,11.0,,-19.889984531369866,-31.79689355574733,35.51121566367934,26.2088930790718,44,Strong Buy,0.45292929470742593
HYBRIDFIN.NS,1,0.7254557978774192,2025-09-01,211,0.5101500441306266,23.88,,-16.579771921680567,-16.27420466259393,53.40235316631304,31.60536685159633,45,Strong Buy,0.4509115957548384
FLAIR.NS,1,0.7253589634311679,2025-09-01,211,0.17172675521821631,16.0,,-8.969836861218182,-6.265913094322904,33.70382858847183,40.20355937711483,46,Strong Buy,0.4507179268623358
VCL.NS,1,0.72455865534939,2025-09-01,211,1.638568129330254,1.77,,-41.284406780142966,-38.16425059567214,49.700365137736284,15.000009685751024,47,Strong Buy,0.44911731069878
VLSFINANCE.NS,1,0.7243842742025204,2025-09-01,211,0.061105722599418044,3.0,,-19.23823827813008,-30.536517703001063,23.633274451980228,24.34871127471412,48,Strong Buy,0.44876854840504077
UCAL.NS,1,0.7241434079606045,2025-09-01,211,0.9576719576719577,7.0,,-25.50323358105735,-28.04779962418444,37.815482062238324,21.723622242194438,49,Strong Buy,0.448286815921209
POCL.NS,1,0.7225770864770864,2025-09-01,211,0.11366906474820145,17.0,,-12.290745876169733,-30.334136258557958,41.53033723208531,45.5948640579282,50,Strong Buy,0.4451541729541728
PTC.NS,1,0.7214722775607849,2025-09-01,211,0.9221030042918454,12.0,,-4.855361715044066,-0.23876538431400698,34.80978505893949,54.50906886864683,51,Strong Buy,0.4429445551215698
NUVAMA.NS,1,0.7197063562543554,2025-09-01,211,0.3812405446293495,31.0,,-8.92619394845701,-23.76231283086425,32.767491000006046,42.835499116183094,52,Strong Buy,0.43941271250871083
KERNEX.NS,1,0.7195183016080198,2025-09-01,211,1.5376344086021505,22.0,,-20.8898771003406,-30.948350909812845,36.4841828575125,29.52957899989738,53,Strong Buy,0.43903660321603954
BOROSCI.NS,1,0.719503490089012,2025-09-01,211,0.1697674418604651,12.0,,-1.4899690583228244,-12.991396496489893,28.169391499322266,42.138364083450156,54,Strong Buy,0.4390069801780241
ZFCVINDIA.NS,1,0.7192079395857229,2025-09-01,211,0.17190714075815458,20.0,,-11.265790152101058,-6.765084309609263,28.483079180069463,45.44753086419753,55,Strong Buy,0.43841587917144587
AFSL.NS,1,0.7180698678356343,2025-09-01,211,0.0,15.0,,-0.04972953778238433,-0.6769754164366952,8.638930945044503,49.7942729223606,56,Strong Buy,0.4361397356712686
AXITA.NS,1,0.7177169397531337,2025-09-01,211,0.48484848484848486,2.0,,-4.988921730620642,-28.202589543266544,33.92967502952748,46.923087080531005,57,Strong Buy,0.43543387950626733
RPEL.NS,1,0.7173434245649315,2025-09-01,211,0.08421052631578947,16.0,,-20.432669264637163,-40.24686044668281,47.127484679732525,31.676233081685496,58,Strong Buy,0.434686849129863
MRF.NS,1,0.7166960769793617,2025-09-01,211,0.5616718168962447,27.0,,-12.934918860317781,-15.146732526810712,27.973556525276617,38.40605842048323,59,Strong Buy,0.4333921539587233
ZUARI.NS,1,0.7165092338748666,2025-09-01,211,0.87151841868823,0.0,,-19.354550148607636,-41.14991243234659,45.327110085223154,41.03585719650297,60,Strong Buy,0.4330184677497333
SHARDACROP.NS,1,0.7149476660418055,2025-09-01,211,0.8735112936344969,16.0,,-26.820859917078426,1.9838307790371008,49.628401610504,29.855295304026242,61,Strong Buy,0.42989533208361097
SGIL.NS,1,0.7142098679296344,2025-09-01,211,2.5982142857142856,21.0,,-7.379039369538173,-10.090362362910756,29.684159301436715,35.09101637183569,62,Strong Buy,0.42841973585926874
CUB.NS,1,0.7133055074286813,2025-09-01,211,7.5031231110215595,,,-17.278842557089813,-17.95792676720887,51.08173491142489,46.58291965900047,63,Strong Buy,0.4266110148573625
ASTRAMICRO.NS,1,0.7113995024909098,2025-09-01,211,0.519163763066202,18.0,,-10.421354388167364,-12.630182675463605,38.15652458091977,23.231281599794443,64,Strong Buy,0.42279900498181955
TVVISION.NS,1,0.7097565081208623,2025-09-01,211,-1.56,-151.0,,-15.35892545259729,-47.461136040608935,44.72777847381923,35.88517947209807,65,Strong Buy,0.41951301624172466
EIDPARRY.NS,1,0.7092425823059602,2025-09-01,211,0.6423841059602649,2.0,,-10.517512472891067,-27.435198331427713,31.048460926117826,45.864024336976684,66,Strong Buy,0.4184851646119203
VSSL.NS,1,0.7091435630740875,2025-09-01,211,0.2905629139072848,17.0,,-16.556559000406658,-25.704101997688277,37.827775672009075,28.50403607325947,67,Strong Buy,0.4182871261481751
NYKAA.NS,1,0.7089499846895032,2025-09-01,211,0.13960280373831777,6.0,,-11.862882760218346,-9.42378533693075,28.675764798596816,38.38862856276436,68,Strong Buy,0.4178999693790064
COALINDIA.NS,1,0.7062555691425167,2025-09-01,211,0.436140350877193,97.0,,2.701779739765635,13.491178228411943,30.44696125750915,56.36183774053447,69,Strong Buy,0.4125111382850335
DREDGECORP.NS,1,0.7062085052635374,2025-09-01,211,1.3160621761658031,0.0,,-17.502145992481065,-23.894637186376237,48.27863940030935,27.74902433145668,70,Strong Buy,0.4124170105270748
PANSARI.NS,1,0.7048679735772244,2025-09-01,211,1.0070921985815602,7.0,,-12.72224809985533,-16.29138971796099,39.9513129410691,29.747812919508803,71,Strong Buy,0.40973594715444883
MOTILALOFS.NS,1,0.7037557346177242,2025-09-01,211,1.8632087150284724,18.0,,-13.717867175976842,-26.118341914158677,39.19243252139298,39.04657662277895,72,Strong Buy,0.40751146923544845
CHOICEIN.NS,1,0.7029149988406754,2025-09-01,211,0.04665069897775493,3.15,,-19.15993564094798,-25.823711174962007,52.1027067375763,42.458103987492,73,Strong Buy,0.40582999768135086
HBLENGINE.NS,1,0.7023930719451048,2025-09-01,211,0.3452868852459016,27.0,,-13.243495856603174,-30.083182752105873,44.07724515900811,43.36331418126827,74,Strong Buy,0.4047861438902096
GABRIEL.NS,1,0.7017553873850714,2025-09-01,211,0.6283400809716599,26.0,,-18.31257458193391,-19.701681547952663,45.14352299219468,42.79319087551091,75,Strong Buy,0.40351077477014274
YATHARTH.NS,1,0.7012259180444008,2025-09-01,211,0.03560076287349015,10.0,,-11.45623753026363,-10.010201895721016,37.60383791996047,39.231643723418664,76,Strong Buy,0.40245183608880164
DHANUKA.NS,1,0.6996586990290228,2025-09-01,211,0.3149708360337006,28.0,,-15.93524230735403,-24.580250063791784,30.951499326868593,38.90809506636043,77,Buy,0.39931739805804556
SOLARA.NS,1,0.6994350056385062,2025-09-01,211,0.820859872611465,6.0,,-9.974618827259924,-24.015713406232596,31.162127722199912,39.752351624936736,78,Buy,0.3988700112770125
BECTORFOOD.NS,1,0.6991749160192853,2025-09-01,211,0.36846767050487156,16.0,,-17.217620505036376,-23.141851375357675,32.53510220384978,37.37270869434423,79,Buy,0.39834983203857055
INDIACEM.NS,1,0.6987714299190353,2025-09-01,211,0.40749609578344614,-6.0,,-18.617593121412497,-22.09381434330361,30.74767454262442,36.62982750992749,80,Buy,0.3975428598380706
SURAJEST.NS,1,0.6984813921507217,2025-09-01,211,0.8728024819027922,17.0,,-19.051141156098392,-27.456015933068777,37.58579638789891,25.411544536650723,81,Buy,0.3969627843014434
MUFIN.NS,1,0.6973927006139018,2025-09-01,211,2.8589341692789967,13.0,,-18.012206506743464,-16.446155344583854,38.17492687445753,40.0710215284008,82,Buy,0.3947854012278036
SOUTHBANK.NS,1,0.6969263426733285,2025-09-01,211,11.790428732606243,,,-16.434675010621998,-9.086073922429083,41.27745010314869,34.66387385211796,83,Buy,0.39385268534665707
SINCLAIR.NS,1,0.6960141399663878,2025-09-01,211,0.4191936595451414,15.33,,-1.8931628860840044,-12.209579395464647,34.61412526110623,48.23471209954706,84,Buy,0.39202827993277567
SOBHA.NS,1,0.6953323056832659,2025-09-01,211,2.9503968253968256,7.0,,-18.430990984222014,-19.634516114107445,35.89173148506124,37.535523681823854,85,Buy,0.39066461136653174
TTKHLTCARE.NS,1,0.6950832780050862,2025-09-01,211,0.19447004608294932,9.0,,-19.191480405797595,-28.768184454899586,22.106011388039732,17.333631741237596,86,Buy,0.39016655601017236
VIPIND.NS,1,0.6948767488036028,2025-09-01,211,3.0232558139534884,-3.0,,-16.297425950927632,-25.928192858235843,40.34332027891262,28.101274037737227,87,Buy,0.3897534976072057
ASAHIINDIA.NS,1,0.6947938793055036,2025-09-01,211,1.0822134387351778,12.0,,-15.782692306936186,-21.20542195740206,38.084824543273236,40.7400764459655,88,Buy,0.38958775861100725
SINDHUTRAD.NS,1,0.6940569317259799,2025-09-01,211,0.5651237890204521,6.0,,-18.352942373238356,6.2244861714793975,60.1670832018089,36.433447210063505,89,Buy,0.38811386345195986
VISHNU.NS,1,0.6937832382128831,2025-09-01,211,0.6048780487804878,15.0,,-4.243016932187041,-11.749302888479134,30.79400038016583,46.388997144614336,90,Buy,0.38756647642576625
MAHLIFE.NS,1,0.6936600560666908,2025-09-01,211,1.2358168147641833,3.0,,-20.698016525962025,-24.849952962944776,38.328058505022426,27.962669475340462,91,Buy,0.3873201121333816
GROBTEA.NS,1,0.6933305936816425,2025-09-01,211,0.31708945260347143,12.71,,-14.869356092471628,-19.319657387287396,39.68437846546883,38.539871572711235,92,Buy,0.38666118736328503
VETO.NS,1,0.6931492744044234,2025-09-01,211,0.19029850746268656,11.0,,-19.70316712416903,-26.6405916669905,31.397567961168477,21.565624051266227,93,Buy,0.38629854880884684
NIBL.NS,1,0.6924951315870196,2025-09-01,211,-5.21875,-19.0,,-17.0239990234375,-10.276814368710822,38.212593654268744,12.921347351420707,94,Buy,0.38499026317403917
KEYFINSERV.NS,1,0.6917715978792882,2025-09-01,211,0.05980418100026437,3.51,,-19.834420236449137,-27.335140511937134,37.8786124699744,26.723008454641402,95,Buy,0.3835431957585764
OIL.NS,1,0.6908376511381474,2025-09-01,211,0.5198457700158766,15.0,,1.1057973858652312,19.856352821841572,31.278554626534294,50.67830632192847,96,Buy,0.38167530227629487
SBIN.NS,1,0.689988793099197,2025-09-01,211,12.487786140188666,,,-18.390130460932667,1.3556904467125435,28.11066211788571,28.25847551483274,97,Buy,0.37997758619839406
ABDL.NS,1,0.6888130774957818,2025-09-01,211,1.398505603985056,21.0,,-17.53240581158817,-34.145547089586444,41.27508858769471,32.904804402601854,98,Buy,0.3776261549915636
SITINET.NS,1,0.6881504443285487,2025-06-01,303,-1.5328185328185329,,,-19.444449963392817,-23.68421176463945,34.689388234333215,22.222207505021686,99,Buy,0.3763008886570973
FIEMIND.NS,1,0.6879045161469401,2025-09-01,211,0.45209302325581396,28.0,,-15.53286552754522,-17.140748206023694,40.702526678166016,41.926209102456106,100,Buy,0.3758090322938803
KOLTEPATIL.NS,1,0.6854509142981482,2025-09-01,211,4.144617912900575,8.0,,-19.35132220798882,-24.273833935640596,29.20508563526843,26.538748080757713,101,Buy,0.3709018285962964
DCBBANK.NS,1,0.685400742631917,2025-09-01,211,12.216619199195845,,,-17.226054557988903,-7.126932309349939,43.10799397183735,42.74108759609346,102,Buy,0.37080148526383394
ADANIENT.NS,1,0.6845602783902006,2025-09-01,211,0.8869040010226256,13.0,,-21.190120208383224,-21.12650227126664,33.976282085496315,27.312194132881118,103,Buy,0.36912055678040123
NRBBEARING.NS,1,0.6838292251371642,2025-09-01,211,0.22444444444444445,14.0,,-20.776840680234486,-20.155757573093673,35.356227623375354,27.133599483554093,104,Buy,0.3676584502743283
GREENPANEL.NS,1,0.6834515404261926,2025-09-01,211,0.5422382671480145,4.0,,-17.08285092722767,-27.083156245963785,38.40932398581916,30.340799740759437,105,Buy,0.3669030808523852
ABCAPITAL.NS,1,0.6833984002071666,2025-09-01,211,4.698408566966609,9.0,,-17.233079878700625,-16.056296101244556,40.79215710839181,37.0085211683318,106,Buy,0.36679680041433316
TNPL.NS,1,0.6828723091110858,2025-09-01,211,1.9560173997100048,6.0,,-9.517826520977879,-14.926404729758719,27.72656466323417,23.616383071410198,107,Buy,0.3657446182221715
DLF.NS,1,0.6823245994611947,2025-09-01,211,0.522885743872972,8.0,,-17.522906407802513,-27.467625021076884,37.19497244847542,31.81000271876883,108,Buy,0.36464919892238945
HINDCOMPOS.NS,1,0.6818294865164597,2025-09-01,211,0.10623353819139596,5.0,,-17.477794622372706,-20.23577719157389,34.50317630670667,28.152485170137822,109,Buy,0.3636589730329194
FORTIS.NS,1,0.6817525712205589,2025-09-01,211,0.30626702997275207,3.0,,-14.585012087026591,-11.901598128147041,31.09063057757014,32.286126134903455,110,Buy,0.36350514244111776
MORARJEE.NS,1,0.681000789370615,2024-03-01,760,-1.91875,-22.0,,-13.037038732458045,-26.716607767456825,63.865369788699965,43.622447552158334,111,Buy,0.36200157874123007
FEL.NS,1,0.6808030989503311,2023-03-01,1126,-14.30607476635514,-10.0,,-13.953488694454535,-21.27659453046219,21.97792706288254,22.222233260118955,112,Buy,0.3616061979006622
MAHSCOOTER.NS,1,0.6803932927684082,2025-09-01,211,0.12834337988065309,1.0,,-16.297468354430382,-21.44675434874841,32.02689117033447,27.223719676549862,113,Buy,0.3607865855368164
IFBAGRO.NS,1,0.6803548587349232,2025-09-01,211,0.4324734446130501,7.0,,-23.23983181089906,-50.400783407887786,52.74066153466484,43.73321579227289,114,Buy,0.36070971746984637
ATLANTAA.NS,1,0.6803387347006438,2025-09-01,211,0.03470031545741325,13.0,,-19.239435092694183,-24.597062032714078,49.93444095112542,34.255665363857105,115,Buy,0.36067746940128753
SEJALLTD.NS,1,0.6802879650239028,2025-09-01,211,5.488433575677463,10.81,,-29.694398315553734,-52.19410002466842,42.525412142290385,33.90209552862498,116,Buy,0.3605759300478055
BIL.NS,1,0.6800697753228627,2025-09-01,211,1.7770114942528736,10.0,,-19.896622144838858,-11.424146578936698,40.8147155725477,36.26422184326677,117,Buy,0.36013955064572545
TARC.NS,1,0.6798292173369799,2025-09-01,211,1.2835004557885141,0.0,,-26.094448454773545,-30.43451543524313,44.4754258798638,26.15986844518136,118,Buy,0.35965843467395975
INFOBEAN.NS,1,0.6795436006748247,2025-09-01,211,0.10542168674698796,21.0,,-38.25349219936263,-36.59236395907533,78.35994032499383,37.59124063879376,119,Buy,0.35908720134964933
KALYANIFRG.NS,1,0.679351408002865,2025-09-01,211,1.815217391304348,12.0,,-13.543228738100414,-12.72858086711931,47.13168655905589,38.778342091780395,120,Buy,0.35870281600572995
PRIMESECU.NS,1,0.6785538791001788,2025-09-01,211,0.09743589743589744,-30.0,,-2.7347989458202613,-7.447355216264673,28.81248665816885,47.91153354158262,121,Buy,0.3571077582003577
PVRINOX.NS,1,0.6784185465511302,2025-09-01,211,1.249473536431279,2.0,,-11.259242243084246,-10.319249067996843,27.282987234163596,31.578946177770177,122,Buy,0.3568370931022604
SUPREMEIND.NS,1,0.6781052295055313,2025-09-01,211,0.3459405940594059,24.0,,-7.587721279921925,14.420579448150159,31.910907488476838,46.60306510885983,123,Buy,0.35621045901106263
DTIL.NS,1,0.6780883876103785,2025-09-01,211,0.35304347826086957,-3.0,,-20.807118958186813,-32.39905982947045,34.45813618028986,20.77156813433777,124,Buy,0.35617677522075697
KIRLPNU.NS,1,0.6779495713022882,2025-09-01,211,0.4421052631578947,28.0,,-9.93331220421972,1.4578806558045494,27.95956855184047,35.97217074753284,125,Buy,0.35589914260457634
ENDURANCE.NS,1,0.6772060289877747,2025-09-01,211,0.28258007898200965,22.0,,-17.26213237370504,-13.17358773440894,37.87937387633291,34.02765765210633,126,Buy,0.3544120579755494
LUMAXIND.NS,1,0.6770693309924604,2025-09-01,211,3.5834683954619124,13.0,,-25.1118346013094,-14.94105821072832,53.14848872489502,38.42463014794083,127,Buy,0.3541386619849207
ASHIANA.NS,1,0.6769020890959611,2025-09-01,211,3.8251572327044023,4.0,,-13.3519136356288,-4.754001799084495,29.308460818369568,34.23198478216197,128,Buy,0.3538041781919221
PALASHSECU.NS,1,0.6764799480015318,2025-09-01,211,0.012654958677686002,17.95,,-15.111719365613787,-25.091111053282063,26.58502122518461,32.46528360333504,129,Buy,0.35295989600306354
ABB.NS,1,0.6757931240745054,2025-09-01,211,0.7792604948568251,39.0,,-3.664369679773004,14.634381632259311,33.8560194919387,48.750761730652044,130,Buy,0.35158624814901085
CINELINE.NS,1,0.6756790514239249,2025-09-01,211,1.103448275862069,5.0,,-16.964487383139662,-19.812525584031064,48.611603611426155,33.589893681742396,131,Buy,0.35135810284784985
ORBTEXP.NS,1,0.6754553876167896,2025-09-01,211,0.19272727272727272,18.0,,-22.422189971616397,-28.594036441900002,40.314163371425586,22.490577016925315,132,Buy,0.35091077523357916
WEWIN.NS,1,0.6749034695310427,2025-09-01,211,0.6834532374100717,10.73,,-5.443396396558876,-18.681318681318682,60.19336253114932,39.76035562278138,133,Buy,0.3498069390620855
FCL.NS,1,0.6747523959108076,2025-09-01,211,0.08955223880597014,25.0,,-19.15966223579414,-23.65079687055567,36.695609743648596,32.57790475418582,134,Buy,0.3495047918216152
BLAL.NS,1,0.674604779452815,2025-09-01,211,-5.576036866359443,-100.0,,-17.00505698972908,-26.235020181235065,24.71848305026379,25.032461087308747,135,Buy,0.3492095589056301
CENTENKA.NS,1,0.6742072608871984,2025-09-01,211,0.21736111111111112,6.0,,-13.901091453004835,-16.48733855732786,32.10478577160429,37.475191616068585,136,Buy,0.3484145217743968
ALANKIT.NS,1,0.6739193323099422,2025-09-01,211,0.14860681114551083,7.0,,-23.798879139625914,-37.48854017372782,42.39845438630627,29.86424372823889,137,Buy,0.34783866461988433
BANKINDIA.NS,1,0.6730958494533212,2025-09-01,211,12.165420332355817,,,-21.978582945352972,-1.988980964669414,42.15126576667001,35.8415962445854,138,Buy,0.3461916989066425
ATLASCYCLE.NS,1,0.6713054650285262,2025-09-01,211,0.25191615829813857,2.27,,-13.612452046185977,-16.38314291536448,47.78626399792233,39.04670551045936,139,Buy,0.34261093005705234
ESABINDIA.NS,1,0.6709438766540772,2025-09-01,211,0.53125,70.0,,-9.80980980980981,-18.76380369473159,25.288816787645672,35.32297628781684,140,Buy,0.34188775330815435
PPLPHARMA.NS,1,0.6708465346327008,2025-09-01,211,0.40178225493994574,12.0,,-15.22414295550982,-21.62783128834732,40.44001548334036,37.0872416195321,141,Buy,0.34169306926540166
SANDUMA.NS,1,0.6705883711229953,2025-09-01,211,0.45311942959001783,22.0,,-19.331675517675905,-29.12164747100515,54.764220398947984,36.94954295136601,142,Buy,0.3411767422459906
SILINV.NS,1,0.670526012720649,2025-09-01,211,0.08923076923076922,2.0,,-10.863217223706652,-26.163524374848812,27.581680836762544,38.18180563941018,143,Buy,0.3410520254412981
PREMEXPLN.NS,1,0.6704888704424019,2025-09-01,211,0.8152173913043478,17.0,,-25.590015424858603,-27.22937529804483,59.866437747860644,23.97787409790402,144,Buy,0.3409777408848038
ASHAPURMIN.NS,1,0.6702204825768667,2025-09-01,211,0.8589420654911839,25.0,,-15.988666286733661,-48.656350217055184,44.1035542814414,34.363358343502966,145,Buy,0.34044096515373345
SAMHI.NS,1,0.6699541526379146,2025-09-01,211,0.08044058744993324,1.0,,-23.281849229382708,-30.08729309169783,41.28091515993407,34.71970926290531,146,Buy,0.33990830527582916
RBLBANK.NS,1,0.6695824348243532,2025-09-01,211,8.70920554854981,,,-12.143720216906146,-4.451772464962902,32.241120835340425,45.26988132681867,147,Buy,0.3391648696487064
FINPIPE.NS,1,0.6687892902206458,2025-09-01,211,0.14145077720207253,9.0,,-18.576241330139503,-11.245930951878412,33.070335641790535,20.406972846711767,148,Buy,0.33757858044129163
BRITANNIA.NS,1,0.6686909024331719,2025-09-01,211,1.6260709914320686,57.0,,-11.935693406950309,-10.103605470368835,22.737320395477738,29.3909973521624,149,Buy,0.3373818048663437
MANORG.NS,1,0.6683257481175756,2025-09-01,211,1.1806020066889633,6.0,,-11.394088643821666,-25.570314846234165,28.163067461471446,25.925922388272596,150,Buy,0.3366514962351512
NAHARINDUS.NS,1,0.6677353300248235,2025-09-01,211,0.6845771144278607,4.0,,-14.852279663787915,-22.74646431426774,30.853592492773775,37.981972982944654,151,Buy,0.3354706600496471
PGHH.NS,1,0.6675900642283046,2025-09-01,211,1.2910848549946294,104.0,,-18.52661015467972,-27.224055792020202,25.23284791144128,24.93150684931507,152,Buy,0.33518012845660916
MASFIN.NS,1,0.6675045561024214,2025-09-01,211,3.5100502512562812,,,-17.737907382048824,-11.112116691857919,32.975940108641325,37.58620774325395,153,Buy,0.33500911220484286
AVANTEL.NS,1,0.667489482973593,2025-09-01,211,0.1893491124260355,37.0,,-12.031693991852928,-21.65407774010467,49.26747178156176,40.00293619992779,154,Buy,0.334978965947186
RRKABEL.NS,1,0.6673417055881002,2025-09-01,211,0.5728363324764353,20.0,,-14.242138556688882,-13.72731679966675,38.231122176837864,29.15440785645727,155,Buy,0.3346834111762005
EMKAY.NS,1,0.6672306557878789,2025-09-01,211,5.138528138528138,26.0,,-19.422336321083055,-26.181892178324578,51.5883219091606,35.36052525728587,156,Buy,0.33446131157575776
ALBERTDAVD.NS,1,0.666578860673757,2025-09-01,211,0.35279187817258884,6.0,,-17.728260411196732,-21.60122898462457,31.46175185420516,30.6946129786419,157,Buy,0.3331577213475141
VAIBHAVGBL.NS,1,0.666395881449583,2025-09-01,211,0.34652114597544337,21.0,,-23.29629763115671,-24.858498260957408,40.49150114252541,28.861271537612552,158,Buy,0.3327917628991659
BERGEPAINT.NS,1,0.6657023260504321,2025-09-01,211,0.4503415659485024,25.0,,-10.097574613657018,-24.361219586154494,25.56881286612886,38.69158308082652,159,Buy,0.3314046521008642
HESTERBIO.NS,1,0.6653921630025851,2025-09-01,211,0.5603448275862069,11.0,,-19.236691752024534,-20.49630520893471,27.31587385295237,25.071018541252528,160,Buy,0.33078432600517016
FEDERALBNK.NS,1,0.6652246765275595,2025-09-01,211,9.157462345960749,,,-13.273156602107008,-0.9923687417998569,32.761380606406455,41.066844071295,161,Buy,0.3304493530551189
GEECEE.NS,1,0.664999662683356,2025-09-01,211,0.6856780735107731,8.0,,-23.25702068399602,-33.288103702164626,50.2370890371669,34.89883648793956,162,Buy,0.32999932536671195
SHIVATEX.NS,1,0.6646173613293681,2025-09-01,211,1.1619718309859155,9.0,,-20.789177692795356,-30.445017244126927,28.1490362290854,17.50002412233411,163,Buy,0.3292347226587362
SANSTAR.NS,1,0.6644734910588176,2025-09-01,211,0.15477996965098634,12.0,,-11.781143849611226,-13.423969112152188,36.88146227400737,34.845103335514196,164,Buy,0.3289469821176352
TI.NS,1,0.6643665826392122,2025-09-01,211,0.16650099403578528,28.0,,-5.922914399350118,-10.898189749883267,40.75010270128388,41.890442217536474,165,Buy,0.32873316527842444
WIPRO.NS,1,0.6642088210215442,2025-09-01,211,0.4869596228989642,23.0,,-7.072107225035175,-27.71895871169591,22.341088362911066,35.261336709242045,166,Buy,0.32841764204308843
CEREBRAINT.NS,1,0.6640369903057959,2025-09-01,211,0.636986301369863,-15.0,,-27.218936246874108,-43.23076835045448,44.26004857276669,19.27710618417636,167,Buy,0.32807398061159176
MANAKCOAT.NS,1,0.6637016493603182,2025-09-01,211,1.2326283987915407,16.0,,-15.447152953254001,-26.987242145818595,51.601823563197954,24.9460324222713,168,Buy,0.32740329872063634
IMPAL.NS,1,0.6634459461053364,2025-09-01,211,0.12089201877934272,4.0,,-9.288571967063133,-7.733830157120187,24.50203203781532,31.95381535836127,169,Buy,0.3268918922106727
MAGNUM.NS,1,0.6633496747582007,2025-09-01,211,0.7684365781710915,4.0,,-23.593971452913827,-27.34783006751019,50.54340944270097,31.806622136006013,170,Buy,0.32669934951640145
CCL.NS,1,0.6630002734280168,2025-09-01,211,1.0822134387351778,10.0,,0.5019257887910231,10.688317143750337,31.739917494250307,52.016446847896795,171,Buy,0.32600054685603364
KKCL.NS,1,0.6628689598218815,2025-09-01,211,0.47494305239179957,19.0,,-17.99842769307113,-13.622166974189117,38.33853802690049,37.836257696094584,172,Buy,0.3257379196437631
DHARMAJ.NS,1,0.6628022202658505,2025-09-01,211,1.148314606741573,12.0,,-4.286544726198571,-3.508255114824977,31.747199588072505,42.283244156189035,173,Buy,0.3256044405317009
KIMS.NS,1,0.6625982737740466,2025-09-01,211,0.603056768558952,16.0,,-14.46462690852471,-0.7584830339321358,35.676665241911486,30.509400013234526,174,Buy,0.32519654754809313
SUBROS.NS,1,0.6623313401687927,2025-09-01,211,0.7271157167530224,20.0,,-20.519236784485457,-27.083334355022977,41.222598770084176,38.077405180241676,175,Buy,0.3246626803375854
KRISHANA.NS,1,0.6620288476851177,2025-09-01,211,1.853932584269663,22.0,,-4.851915555673187,-11.780694677322517,37.38884726483396,47.86435583409337,176,Buy,0.32405769537023543
TATACONSUM.NS,1,0.661822609484001,2025-09-01,211,0.2534794711203897,10.0,,-13.435132173934413,-13.685461432445392,23.732234155255462,31.236606922495724,177,Buy,0.3236452189680019
SANGAMIND.NS,1,0.6616196398505707,2025-09-01,211,2.0049019607843137,7.0,,-11.445649579993919,-8.028383716892167,29.615564968055985,46.44723776092207,178,Buy,0.3232392797011414
AGSTRA.NS,1,0.6614976707630325,2024-12-01,485,2.3508771929824563,0.0,,-33.51954845917661,-42.09245651761542,34.77779675563751,16.346161781683776,179,Buy,0.3229953415260649
FEDFINA.NS,1,0.6608939207179424,2025-09-01,211,3.930627306273063,,,-8.145729352413298,-16.030327721021575,46.492005617114344,52.94548372004212,180,Buy,0.3217878414358848
MACPOWER.NS,1,0.6601540223253919,2025-09-01,211,0.632258064516129,27.0,,-19.980826233506665,-22.571034946725206,40.2427587620169,19.641148220561846,181,Buy,0.3203080446507838
AUBANK.NS,1,0.6599931328544093,2025-09-01,211,8.123284651419123,,,-14.194070547220802,-13.564798024938804,40.69311498261104,35.92340965284254,182,Buy,0.3199862657088186
NRAIL.NS,1,0.6598805796721688,2025-09-01,211,1.376590330788804,6.0,,-7.319030274123257,-18.11270581734465,52.56845297762269,42.63412103884197,183,Buy,0.3197611593443377
LINC.NS,1,0.6597925872698509,2025-09-01,211,0.4090909090909091,22.0,,-20.7669796794579,-24.346762681159785,42.22295211962,29.88322655287911,184,Buy,0.3195851745397018
NESTLEIND.NS,1,0.659674684684898,2025-09-01,211,1.6829535495179666,96.0,,-11.228651416394705,-7.186631890448162,19.59692534932121,33.3696527579023,185,Buy,0.31934936936979597
INOXGREEN.NS,1,0.6595032069025539,2025-09-01,211,0.17288135593220338,4.0,,-21.700064966728828,-35.783106966762915,55.50628391363279,41.991527210144646,186,Buy,0.31900641380510786
FORCEMOT.NS,1,0.6592554219028078,2025-09-01,211,0.51171875,29.0,,-23.185020980128257,5.050887830229537,61.44029013832431,44.35374149659864,187,Buy,0.3185108438056157
IXIGO.NS,1,0.6587550346374945,2025-09-01,211,0.42877906976744184,15.0,,5.831820454734061,-31.969664945110488,57.574042222840546,55.58125610933819,188,Buy,0.31751006927498904
RAMKY.NS,1,0.6584488230421193,2025-09-01,211,1.0048543689320388,23.0,,-8.40336123402274,-25.303105897019496,51.8739317694926,39.29273084479371,189,Buy,0.31689764608423854
RISHABH.NS,1,0.6580540690879044,2025-09-01,211,0.09195402298850575,8.0,,-17.176748255393683,-11.181779176801019,46.84789337326311,40.36939568933014,190,Buy,0.31610813817580885
BFINVEST.NS,1,0.657940572230283,2025-09-01,211,0.041790062520565975,4.0,,-22.408107770090435,-24.321100179805097,43.35761626375461,30.014698215697152,191,Buy,0.31588114446056603
HINDNATGLS.NS,1,0.6578670796427262,2025-06-01,303,-4.616149068322981,3.0,,,,,,192,Buy,0.31573415928545234
SBILIFE.NS,1,0.6570105120700277,2025-09-01,211,25.77712193255725,17.0,,-14.170007693055911,-11.853266467710078,27.354848311260415,32.86004251415385,193,Buy,0.3140210241400554
RALLIS.NS,1,0.6564841641487034,2025-09-01,211,0.621832358674464,10.0,,-21.16669850518435,-20.995475113122172,44.72311792841058,23.841056182212625,194,Buy,0.31296832829740673
KIRIINDUS.NS,1,0.6561820540473197,2025-09-01,211,0.5050890585241731,2.0,,-25.369513147333862,-44.054906405865104,40.0069561156504,34.26524516244761,195,Buy,0.3123641080946393
WSI.NS,1,0.6558405667576155,2025-09-01,211,0.52,-20.0,,-10.018364666102125,-29.315126103082278,52.64989503609584,39.681991732934875,196,Buy,0.31168113351523097
PILANIINVS.NS,1,0.6558100777036392,2025-09-01,211,0.234396327087728,2.0,,-8.259738618827784,-19.357591505943716,43.03878733082719,40.98361366332371,197,Buy,0.3116201554072784
GRSE.NS,1,0.6555636910117036,2025-09-01,211,3.78397212543554,37.0,,-18.590351624754668,-20.74853243453551,43.10256828814954,20.25075202578357,198,Buy,0.3111273820234073
EXCEL.NS,1,0.6554694740275896,2025-09-01,211,0.0,0.76,,-15.044249328023563,-37.25490218994481,54.288661146372995,46.66666225150651,199,Buy,0.3109389480551792
JAICORPLTD.NS,1,0.6552512542412268,2025-09-01,211,0.02459016393442623,5.0,,-20.55137740207783,-33.02143127482849,51.69207523445731,41.77461255108502,200,Buy,0.31050250848245353
INDSWFTLTD.NS,1,0.654587882513046,2025-03-01,395,-2.810945273631841,13.0,,,,,,201,Buy,0.309175765026092
HONDAPOWER.NS,1,0.6543194825836509,2025-09-01,211,0.25263157894736843,13.0,,-14.773459702827433,-21.352548508556843,35.448406299511795,36.64462639939436,202,Buy,0.3086389651673018
SIGACHI.NS,1,0.6540474863000689,2025-09-01,211,0.5833333333333334,13.0,,-16.279065597318198,-50.16200384076521,44.153227468717844,37.02663682319509,203,Buy,0.30809497260013785
VHL.NS,1,0.6537256304160763,2025-09-01,211,0.0010638297872340426,6.0,,-9.453418908174474,-17.1725933764333,36.7269844831081,43.37105925857502,204,Buy,0.3074512608321527
PRESTIGE.NS,1,0.6536834695764482,2025-09-01,211,1.4328282400744943,4.0,,-20.708098914848414,-30.013666930510247,36.73166199771537,29.448430032158598,205,Buy,0.30736693915289637
SBC.NS,1,0.6533327241166073,2025-09-01,211,3.536231884057971,16.0,,-5.946450532151474,6.78684378511807,21.89810454962127,32.926819812862675,206,Buy,0.3066654482332145
SABEVENTS.NS,1,0.6530020501077376,2025-09-01,211,-1.3865546218487397,-200.0,,-51.53235212771657,2.8915634409993314,43.02779039224367,0.0,207,Buy,0.3060041002154752
PKTEA.NS,1,0.6523432501682845,2025-09-01,211,0.28299725022914757,1.2,,1.3345747982619491,-11.306094661861051,25.87568964975706,65.26081855287771,208,Buy,0.3046865003365691
BIKAJI.NS,1,0.6510240742490634,2025-09-01,211,0.2930474333983106,20.0,,-0.44021129282267807,-17.006939959293607,25.356965393914205,55.71734304578461,209,Buy,0.3020481484981268
V2RETAIL.NS,1,0.6494434494772302,2025-09-01,211,5.115384615384615,17.0,,-3.8295268231237656,-20.792493192377766,32.53395733718622,48.403179978406165,210,Buy,0.2988868989544604
POLYCAB.NS,1,0.6493517001852916,2025-09-01,211,0.5897875583500047,30.0,,-18.027190513265857,-9.435585257725137,41.38985457065637,23.67920942607374,211,Buy,0.2987034003705833
PREMIER.NS,1,0.6492947223500009,2025-09-01,211,-1.5341483484189489,,,-4.195800348274537,-6.164385686785928,49.0622678111803,43.85964508678958,212,Buy,0.2985894447000017
THERMAX.NS,1,0.6492397274737312,2025-09-01,211,0.8084687346134909,17.0,,2.3253577871326114,8.668261182780984,35.006850928653925,63.390662735621916,213,Buy,0.2984794549474623
NSLNISP.NS,1,0.6482736241137913,2025-09-01,211,1.140411484722862,-13.0,,-15.370886692988044,-20.288116334615523,34.78227849498586,31.36898882497627,214,Buy,0.2965472482275826
INDUSTOWER.NS,1,0.6482000012709184,2025-09-01,211,0.8605185246672754,29.0,,-9.383468883975272,-0.40490941581934986,30.75533889761083,41.66324734649503,215,Buy,0.29640000254183674
ANURAS.NS,1,0.6479361401685919,2025-09-01,211,0.6629570747217806,5.0,,-3.040565229297952,-6.806482517457958,33.061120822639104,44.09843865149912,216,Buy,0.2958722803371838
JSWSTEEL.NS,1,0.6477482339224722,2025-09-01,211,1.4244930245937006,10.0,,-11.96078431372549,2.5676146709684255,37.51240367646212,41.36061585770401,217,Buy,0.2954964678449443
POONAWALLA.NS,1,0.6472897694533989,2025-09-01,211,3.7759112197108533,,,-20.09543354289995,-22.114166195246433,37.50310488290131,33.55142708302827,218,Buy,0.2945795389067978
GODREJIND.NS,1,0.6472148348273776,2025-09-01,211,6.913239436619718,8.0,,-27.681757718292776,-25.5615194878482,39.350278701109644,20.543594132008266,219,Buy,0.29442966965475525
NUCLEUS.NS,1,0.6469799700031541,2025-09-01,211,0.4531059683313033,23.0,,-9.831564291075328,-21.66278014528425,42.48679897155096,45.95322217116843,220,Buy,0.2939599400063082
AKZOINDIA.NS,1,0.6465098917904484,2025-09-01,211,0.6149068322981367,42.0,,-7.968296629832579,-8.934633884808111,34.854245054883684,58.30780336780567,221,Buy,0.29301978358089675
DRREDDY.NS,1,0.6464803480693957,2025-09-01,211,0.3515374607304922,26.0,,-3.949481483806927,-1.1344854534085342,24.246801102155406,44.43674364504223,222,Buy,0.2929606961387914
NKIND.NS,1,0.6459883279598828,2025-09-01,211,-1.8255035485446656,,,-3.5725551398946487,-10.294117647058822,47.74024571930845,56.05582890503737,223,Buy,0.2919766559197656
SJS.NS,1,0.6459396726935124,2025-09-01,211,0.18502202643171806,19.0,,-15.967704544334655,-11.32647087398156,45.47438630840892,46.66209014857531,224,Buy,0.29187934538702476
CDSL.NS,1,0.6457873786047702,2025-09-01,211,0.40170333569907735,47.0,,-15.631596079397589,-24.50259248141694,37.80078520831931,39.66886249246578,225,Buy,0.2915747572095404
IPCALAB.NS,1,0.6456236114157108,2025-09-01,211,0.2909410017550965,18.0,,5.031154553747131,13.18300745295931,20.52057511389971,74.23791676544107,226,Buy,0.29124722283142157
SVLL.NS,1,0.6454426063722526,2025-09-01,211,5.54054054054054,17.0,,-11.620627275048918,-31.5992003141536,43.2854477904887,31.851118171989185,227,Buy,0.2908852127445052
DBCORP.NS,1,0.6449521722137396,2025-09-01,211,0.3629661751951431,21.0,,-18.388481429057315,-27.987172613099982,34.722811568889114,34.686415161434184,228,Buy,0.28990434442747914
UJJIVANSFB.NS,1,0.644673044540999,2025-09-01,211,6.9637239165329055,,,-17.494287300909196,-4.752028127044744,55.58793752827924,44.7924255078436,229,Buy,0.2893460890819981
CHOLAHLDNG.NS,1,0.6442156528038882,2025-09-01,211,0.0014738393515106854,6.0,,-18.596465026475983,-26.53357560848115,36.81644236623194,33.97572567609754,230,Buy,0.2884313056077763
KAYA.NS,1,0.6440445157445226,2025-09-01,211,-4.311827956989247,-6.0,,-27.207452219428944,-41.52656942885506,52.00822743200643,17.7165545642316,231,Buy,0.2880890314890452
PAR.NS,1,0.6440333177984462,2025-09-01,211,0.19815841398102044,18.35,,-17.535941781851523,-26.881919662696568,40.074013455054335,27.668611009843247,232,Buy,0.2880666355968924
MUFTI.NS,1,0.6439573658142952,2025-09-01,211,0.8677884615384616,19.0,,-23.628994210555472,-35.734352565739805,30.41530568378945,7.641196253885312,233,Buy,0.2879147316285904
PPAP.NS,1,0.6438234091753244,2025-09-01,211,0.9877300613496932,7.0,,-18.86463639225359,-17.170673866769526,52.23807342675656,29.733471522549706,234,Buy,0.28764681835064887
APCOTEXIND.NS,1,0.6437293786541417,2025-09-01,211,0.6224137931034482,13.0,,-15.393937749894782,-16.906222747596136,27.828959783808926,23.65234913343778,235,Buy,0.2874587573082834
APCL.NS,1,0.6436851361326494,2025-09-01,211,1.4688346883468835,-2.0,,-22.133950070482776,-17.22139065456643,37.61455400676736,19.74100807313671,236,Buy,0.2873702722652989
CONCOR.NS,1,0.6436583195068719,2025-09-01,211,0.15752726131638817,14.0,,-15.058922024328977,-17.70955992937405,32.07902891149768,29.685529472942875,237,Buy,0.2873166390137438
SCILAL.NS,1,0.6436118782714239,2025-09-01,211,0.18397328881469116,2.0,,-23.015878088466664,-25.400561537111887,37.627211221424226,23.249479142084652,238,Buy,0.2872237565428477
RAJRATAN.NS,1,0.6434290339665403,2025-09-01,211,0.9501246882793017,16.0,,-21.641525944109226,-28.441263180753175,43.241885978877335,33.04455567079384,239,Buy,0.28685806793308055
NAHARCAP.NS,1,0.6428444337764049,2025-09-01,211,0.03329864724245578,4.0,,-19.844438096471286,-24.37584410641612,45.75537968107867,37.828089349337255,240,Buy,0.28568886755280976
BEL.NS,1,0.6427619551143694,2025-09-01,211,0.9967117624953025,39.0,,-8.40982533786895,0.9802045402137148,31.91016636628034,24.86702674507444,241,Buy,0.2855239102287388
LT.NS,1,0.6427365182344594,2025-09-01,211,1.6954876702245123,19.0,,-18.480863146301036,-13.42129183946112,46.386323669771805,37.55522827687776,242,Buy,0.28547303646891886
ORIENTPPR.NS,1,0.6423039715024801,2025-09-01,211,0.42443729903536975,-3.0,,-25.0,-38.845147992227766,37.13444072948776,26.97594118811439,243,Buy,0.2846079430049602
CARBORUNIV.NS,1,0.6418924842913006,2025-09-01,211,0.1273394495412844,18.0,,-6.979255366724006,-8.45004586477247,24.50474317410914,43.54638244821006,244,Buy,0.28378496858260127
JTEKTINDIA.NS,1,0.6417992897349998,2025-09-01,211,0.5562390158172232,11.0,,-16.340468545076416,-17.670539251466515,47.342639787966725,36.03064252048813,245,Buy,0.28359857946999956
MEDICAMEQ.NS,1,0.6416943758415407,2025-09-01,211,0.29044117647058826,7.0,,-23.60588013095727,-41.689516664374224,43.038925116869734,17.099789469944227,246,Buy,0.2833887516830813
NAM-INDIA.NS,1,0.6416846288045227,2025-09-01,211,0.10804321728691477,42.0,,-17.838473466784947,-7.553479577453587,48.68109322148994,45.38361953408306,247,Buy,0.2833692576090454
PARAGMILK.NS,1,0.6412654324151029,2025-09-01,211,0.734412955465587,14.0,,-6.976987363497568,-37.957915006174574,51.89762106427952,40.603362377984794,248,Buy,0.28253086483020584
SHRIRAMFIN.NS,1,0.6411348737297697,2025-09-01,211,3.9497880935037415,,,-19.688741506704424,-9.179903609899766,52.22814111053842,38.06758868605846,249,Buy,0.2822697474595395
PSPPROJECT.NS,1,0.6409944051069153,2025-09-01,211,1.1625816993464053,9.0,,-23.37904157818018,-34.13070940147475,38.46428659563836,25.704776348551434,250,Buy,0.2819888102138306
AMDIND.NS,1,0.640881840753302,2025-09-01,211,0.6730769230769231,5.0,,-17.6901314394752,-27.77202388783193,47.76219960276667,45.34818408729387,251,Buy,0.281763681506604
SUVIDHAA.NS,1,0.640655776959181,2025-09-01,211,0.1922283047653234,-8.05,,-24.666666984558105,-38.58695789495575,60.65391787622492,32.66666179232972,252,Buy,0.28131155391836193
CEIGALL.NS,1,0.6405069962754656,2025-09-01,211,0.9873949579831933,22.0,,-5.904828190483539,7.726564831376638,29.104869502626237,49.67554984466173,253,Buy,0.2810139925509312
SESHAPAPER.NS,1,0.6401381596514651,2025-09-01,211,0.24328512396694216,7.0,,-10.657337771409443,1.8296745514248678,45.65817253513506,44.49112945933035,254,Buy,0.2802763193029303
STARPAPER.NS,1,0.6400784233984659,2025-09-01,211,0.20512820512820512,8.0,,-16.215840407981894,-25.998039280368474,30.618877448564085,34.393928388881804,255,Buy,0.28015684679693176
MPHASIS.NS,1,0.6396689437097288,2025-09-01,211,0.3609923011120616,34.0,,-9.06272540777517,-27.98007683757652,27.494853803502608,36.201605795750226,256,Buy,0.27933788741945764
OMKARCHEM.NS,1,0.6395659282865596,2022-06-01,1399,-1.4210526315789473,-11.0,,-25.050912808137817,-37.62711852078327,43.5125884306758,24.827594598323074,257,Buy,0.2791318565731191
BAJAJ-AUTO.NS,1,0.6393559046170889,2025-09-01,211,0.369759651348099,38.0,,-13.028622363078144,-3.1220696122235094,32.83012912412007,39.09338168631007,258,Buy,0.2787118092341778
ACC.NS,1,0.639028203758154,2025-09-01,211,0.3214431101160187,18.0,,-22.741550789826256,-27.701265470879903,30.17102856705818,27.743690606521128,259,Buy,0.2780564075163079
SUNTECK.NS,1,0.6389664269369835,2025-09-01,211,0.35881877022653724,8.0,,-33.03100771366456,-32.367866332180824,47.58934881711292,24.356884968894136,260,Buy,0.27793285387396693
ARTEMISMED.NS,1,0.6388169114787292,2025-09-01,211,0.5963923337091319,15.0,,-11.498217749044477,-25.269092906605113,35.22810622836042,34.376420779907406,261,Buy,0.2776338229574584
NETWORK18.NS,1,0.6387522633919696,2025-09-01,211,0.7601641907740422,-1.0,,-18.939617557225233,-37.36913673675992,41.094321909739406,31.083200537531056,262,Buy,0.2775045267839391
SURANAT&P.NS,1,0.6386948815518569,2025-09-01,211,0.16149068322981366,1.0,,-12.708106866560751,-25.45024048411581,29.887326740681402,32.8402443662695,263,Buy,0.2773897631037139
KEI.NS,1,0.6384166427924832,2025-09-01,211,0.29411764705882354,21.0,,-18.325242718446603,-7.432769519368845,43.21489363336055,27.151109759805408,264,Buy,0.27683328558496645
EXCELINDUS.NS,1,0.6382754733867209,2025-09-01,211,0.30072756669361356,9.0,,-17.135076382534216,-14.034429411235374,42.546762176485835,39.32141696241262,265,Buy,0.2765509467734417
SALSTEEL.NS,1,0.6380770532046918,2025-09-01,211,8.090909090909092,7.0,,-20.860216694493445,-11.919577998417878,37.93755697940735,26.2984894199202,266,Buy,0.27615410640938354
MSPL.NS,1,0.6377819802666593,2025-09-01,211,0.6472527472527473,6.0,,-15.951695773583227,-27.633375335012357,41.260088400141576,30.488898217468858,267,Buy,0.27556396053331866
SANOFI.NS,1,0.637450634496552,2025-09-01,211,0.5843989769820972,49.0,,-22.37164003303784,-21.735634957893467,25.00427322736728,17.120643390886315,268,Buy,0.2749012689931041
SHANTIGEAR.NS,1,0.6371052991957987,2025-09-01,211,0.2175925925925926,35.0,,-4.283181990484286,-7.676837660599755,25.915776759754234,43.86316690491279,269,Buy,0.27421059839159745
BHARATGEAR.NS,1,0.6365135768318386,2025-09-01,211,2.319672131147541,2.0,,-20.41720127827925,-18.29811217848894,50.594424017561344,37.99377812619751,270,Buy,0.27302715366367725
ARVEE.NS,1,0.6365112815814014,2025-09-01,211,0.29071246819338414,10.0,,-13.077921681589894,-47.47910575004969,47.615337857400284,32.853581464958054,271,Buy,0.2730225631628027
WINDMACHIN.NS,1,0.636348613678656,2025-09-01,211,0.360056258790436,2.0,,-15.272053635459864,-24.30491169512764,42.73111534442759,29.419266082203904,272,Buy,0.27269722735731206
NAVA.NS,1,0.6362871264888813,2025-09-01,211,0.06759283996794016,14.0,,-8.873456604392041,-4.303585924117477,39.98136828568731,46.59091148965915,273,Buy,0.2725742529777626
IIFLCAPS.NS,1,0.6362800288378174,2025-09-01,211,2.386390768006367,34.0,,-18.344483646660745,-26.076611260132893,49.81772374043592,21.8900266038914,274,Buy,0.27256005767563485
TBOTEK.NS,1,0.6361971451866728,2025-09-01,211,0.8501827040194885,14.0,,-17.745446651124404,-37.820510841708675,42.10104775830414,33.90735684496687,275,Buy,0.2723942903733456
IDEA.NS,1,0.636035448434088,2025-09-01,211,-3.2891812865497077,-2.0,,-20.5032609796982,-28.559463712331564,39.36544321733394,31.250004859072632,276,Buy,0.272070896868176
WILLAMAGOR.NS,1,0.6357738595854405,2025-09-01,211,-3.513499687375661,-52.89,,-21.508478099562087,-22.95430268265245,49.14355210000754,26.36261952225891,277,Buy,0.27154771917088105
ASIANTILES.NS,1,0.6357368394214512,2025-09-01,211,0.3537508602890571,2.0,,-23.253601772989125,-26.008907957932365,53.186399064690484,37.50464796507309,278,Buy,0.2714736788429024
HINDZINC.NS,1,0.6356761003382592,2025-09-01,211,1.6055086301872934,61.0,,-18.88377291036789,-21.1509754028838,42.68704103461617,32.23604537584826,279,Buy,0.27135220067651833
TFCILTD.NS,1,0.6356447829433559,2025-09-01,211,0.8458466453674122,,,-15.24520562610904,-0.8419097609384987,41.87233482819101,49.75154684950696,280,Buy,0.2712895658867118
DEEPAKNTR.NS,1,0.6356411913539636,2025-09-01,211,0.14375987361769352,10.0,,-18.644490829329538,-27.10174006214715,32.82393477085837,24.601504149545804,281,Buy,0.27128238270792715
NAVNETEDUL.NS,1,0.6356234576981337,2025-09-01,211,0.15269749518304432,15.0,,-17.33396263196257,-15.129843264206846,29.89648778441441,27.940349041570755,282,Buy,0.27124691539626733
INDBANK.NS,1,0.6354496710984222,2025-09-01,211,0.2221640853913772,13.44,,-18.339394155269588,-16.207691987822734,33.24052963001006,34.13792763255253,283,Buy,0.2708993421968444
EIMCOELECO.NS,1,0.6354052449639,2025-09-01,211,0.11358574610244988,16.0,,-10.448132320393293,-5.621241443527585,38.06547189027115,41.514827463942595,284,Buy,0.2708104899278001
KALAMANDIR.NS,1,0.635210388889554,2025-09-01,211,0.5181128896377422,12.0,,-18.96598526905787,-41.45265851749679,37.861454055031054,32.520322594858385,285,Buy,0.2704207777791079
KAMATHOTEL.NS,1,0.6350534006740716,2025-09-01,211,0.5813953488372093,19.0,,-23.172766016585953,-39.19585247329485,51.18350202755163,28.00135924992864,286,Buy,0.27010680134814313
AMJLAND.NS,1,0.6348209348512881,2025-09-01,211,0.06572769953051644,11.0,,-21.81008429028564,-38.350555128064194,53.192953742315666,33.33332987046337,287,Buy,0.2696418697025762
AFCONS.NS,1,0.6347301310598208,2025-09-01,211,2.540940413457641,23.0,,-11.746545539068846,-30.350045492672418,27.053164156241394,44.396932057286364,288,Buy,0.2694602621196416
PGHL.NS,1,0.6345882757220075,2025-09-01,211,0.44193548387096776,48.0,,-6.565424363561137,-12.372921931819347,24.410368861935247,47.370815199041246,289,Buy,0.269176551444015
AAATECH.NS,1,0.634564562755313,2025-09-01,211,0.11107512953367873,16.02,,-13.124811411665501,-6.206600092586469,39.75508075953469,47.233827359099124,290,Buy,0.26912912551062607
AGRITECH.NS,1,0.6343023161710742,2025-09-01,211,0.010093943633819618,-1.1,,-25.119847811992607,-42.354533051308216,45.84435336569896,36.89567088733591,291,Buy,0.2686046323421485
GRAPHITE.NS,1,0.6342321105561256,2025-09-01,211,0.2578975548813136,10.0,,-14.263864497029319,5.816751050809046,53.44793451728959,47.71458312662167,292,Buy,0.2684642211122512
MSUMI.NS,1,0.634147103350977,2025-09-01,211,1.1672095548317047,43.0,,-15.308694550524995,-18.236205068585516,28.80964139563311,31.950691199897364,293,Buy,0.26829420670195403
AWHCL.NS,1,0.6340909502931161,2025-09-01,211,0.18143459915611815,2.0,,-26.83282855972359,-26.359627633512982,39.26086201482984,24.62168587901799,294,Buy,0.26818190058623226
RPGLIFE.NS,1,0.6339934455185323,2025-09-01,211,0.2743682310469314,33.0,,-2.951624774904557,-21.370529315784196,46.68338920731833,50.221322892129486,295,Buy,0.26798689103706463
BBTCL.NS,1,0.6338910832488814,2025-09-01,211,2.130081300813008,3.0,,-10.32837189271859,-16.81420246564051,34.4823655140728,44.95664847594491,296,Buy,0.2677821664977629
IRCON.NS,1,0.6337898834708039,2025-09-01,211,1.2299473521213997,15.0,,-21.42127241683638,-34.955462244391015,53.46146159279683,26.9561817204943,297,Buy,0.2675797669416078
HITECHGEAR.NS,1,0.6337367755062236,2025-09-01,211,0.3903966597077244,13.0,,-12.968255905877976,-20.541990074279713,35.599527695091545,31.38784425207203,298,Buy,0.2674735510124473
SCHAND.NS,1,0.6333966972911335,2025-09-01,211,0.1674698795180723,4.0,,-15.70741740623898,-16.896512148584776,34.64203462008699,33.129922874034804,299,Buy,0.2667933945822669
TIPSFILMS.NS,1,0.6331254035707492,2025-09-01,211,5.416666666666667,-27.0,,-22.59350729303799,-34.89474435474204,48.62233107848391,22.108828305146332,300,Buy,0.2662508071414984
MUTHOOTFIN.NS,1,0.6331164438263327,2025-09-01,211,3.631096316301856,,,-9.82993752212668,-16.77376619288254,51.064634140873444,46.383099627873314,301,Buy,0.2662328876526654
SANDESH.NS,1,0.6329838982938581,2025-09-01,211,0.06236711552090716,8.0,,-16.838698882671245,-24.6193336452087,31.175369318043483,26.603274733991455,302,Buy,0.2659677965877163
NIITMTS.NS,1,0.632463450088617,2025-09-01,211,0.1984126984126984,24.0,,-22.780143827629736,-39.382725787400105,38.10106576256774,27.480907662012513,303,Buy,0.2649269001772341
SIRCA.NS,1,0.6324261789595893,2025-09-01,211,0.26410835214446954,20.0,,-12.626537330866947,-17.460152986423523,42.76196597939996,40.95652864644746,304,Buy,0.2648523579191786
UNIONBANK.NS,1,0.6323621808923888,2025-09-01,211,11.160537628198252,,,-17.611643535399356,9.306347765900803,46.31900802898832,39.98382791353137,305,Buy,0.26472436178477765
SCI.NS,1,0.6323158277917316,2025-09-01,211,0.5492904684164259,10.0,,-17.19433480952279,-1.0236696144557011,48.01752306598636,43.985138947102534,306,Buy,0.26463165558346313
GOLDENTOBC.NS,1,0.6322035259901401,2021-12-01,1581,-2.343570057581574,,,-28.16053573149787,-30.93247820332913,44.74262197617594,16.449081177523027,307,Buy,0.26440705198028014
MOLDTECH.NS,1,0.6322010618947551,2025-09-01,211,0.16535433070866143,11.0,,-20.1479722328054,-34.835387590125684,52.36670646795415,35.529565376847586,308,Buy,0.2644021237895102
DIACABS.NS,1,0.6315924335869264,2025-09-01,211,-3.806136680613668,,,-13.028836230813152,-15.086110259341634,52.87278899836797,36.920557919495295,309,Buy,0.2631848671738528
NILKAMAL.NS,1,0.6314799107771367,2025-09-01,211,0.7341411261582323,9.0,,-23.40227130026624,-23.79626275446357,31.213485381365214,12.192860610764,310,Buy,0.26295982155427344
LTIM.NS,1,0.6312825277461342,2025-09-01,211,0.37449365679946583,28.0,,-11.958761815570849,-33.49680972863682,34.15821057616248,37.692660104347176,311,Buy,0.2625650554922685
BBOX.NS,1,0.6311819397741302,2025-09-01,211,0.3978494623655914,4.0,,-18.021819802111597,-18.832823728393677,41.837928042293,35.78746337941901,312,Buy,0.26236387954826035
AXISBANK.NS,1,0.6309311794679179,2025-09-01,211,7.826699938930655,,,-17.22736644133108,-5.446987868703147,30.96617599247961,33.90773875813596,313,Buy,0.26186235893583576
WELCORP.NS,1,0.6308573674499764,2025-09-01,211,0.8321766561514196,18.0,,1.9379131021676075,0.7187988124279041,41.80122998342182,55.56499806056433,314,Buy,0.2617147348999529
LUPIN.NS,1,0.6305969571550532,2025-09-01,211,0.1997134880987364,22.0,,0.946686660593506,9.538913525627022,19.16283264380183,51.47780420664404,315,Buy,0.2611939143101063
MUNJALSHOW.NS,1,0.6304617827005624,2025-09-01,211,0.26686656671664166,0.0,,-14.378727394938661,-11.759067890092105,30.747425443837617,31.824578479882916,316,Buy,0.2609235654011248
PATANJALI.NS,1,0.6302995915846317,2025-09-01,211,0.4613225460249319,16.0,,-11.373493975903614,-15.881436233029117,23.805829913034216,35.86270682744208,317,Buy,0.26059918316926334
BLSE.NS,1,0.6300963622680554,2025-09-01,211,0.07857142857142857,9.0,,2.072704041292151,-22.92473052225016,48.5598726867191,81.96223207998175,318,Buy,0.26019272453611086
SUVEN.NS,1,0.6298054676021413,2025-09-01,211,0.010280373831775701,-6.0,,-12.059293683914621,-20.72950678218919,39.680419346043934,45.28853450120288,319,Buy,0.2596109352042826
AUTOAXLES.NS,1,0.628446048088868,2025-09-01,211,0.32007952286282304,9.0,,-24.579537914515672,-16.10996548379414,33.87193720123943,17.569089987155678,320,Buy,0.2568920961777359
RVNL.NS,1,0.6283681951948868,2025-09-01,211,1.1411271541686074,15.0,,-21.39483970440613,-35.446853956488006,44.01403273497749,37.30271202282149,321,Buy,0.2567363903897737
HERANBA.NS,1,0.627951036975731,2025-09-01,211,1.0655737704918034,9.0,,-24.28014940307863,-36.522261476189954,46.067405650896426,31.82556742371463,322,Buy,0.2559020739514619
GPTHEALTH.NS,1,0.6277107462828301,2025-09-01,211,0.8228346456692913,27.0,,-8.009574022930789,-15.868962780844775,29.49292980416579,38.77917045853635,323,Buy,0.25542149256566016
GILLANDERS.NS,1,0.6272300803889919,2025-09-01,211,0.7864768683274022,4.0,,-14.734167847014746,-24.253729218814097,47.410285372180866,32.917317203298026,324,Buy,0.2544601607779837
CARERATING.NS,1,0.6271653026744621,2025-09-01,211,0.1453551912568306,24.0,,-10.13710664055977,-9.694513715710723,40.76633513892951,36.38667661436827,325,Buy,0.25433060534892427
ELDEHSG.NS,1,0.626836617875967,2025-09-01,211,1.2623906705539358,10.0,,-12.27270134591398,-16.41814908697706,39.7447562279734,35.25309205971533,326,Buy,0.253673235751934
ORISSAMINE.NS,1,0.6266485099393844,2025-06-01,303,-11.46692607003891,-39.0,,-25.443097082833795,-39.05863316290887,50.47980933197724,35.55230284156346,327,Buy,0.25329701987876874
ORCHPHARMA.NS,1,0.6266067562855211,2025-09-01,211,0.23139880952380953,-2.0,,-23.49349335785322,-36.73616212269812,48.62374836359783,46.620237269505374,328,Buy,0.2532135125710422
FDC.NS,1,0.6264465101875665,2025-09-01,211,0.18096019696347967,16.0,,-11.858353866869637,-20.148648299958865,28.225816071590117,14.722230699327255,329,Buy,0.25289302037513295
LUXIND.NS,1,0.626220484433333,2025-09-01,211,0.645287228109314,13.0,,-9.061879177139653,-25.76846642665868,40.44261891833593,43.454947025557665,330,Buy,0.252440968866666
GOPAL.NS,1,0.6261666289059777,2025-09-01,211,0.30484988452655887,16.0,,-17.673892523646025,-19.887563594075694,45.91258475286255,28.24372940199754,331,Buy,0.2523332578119555
SIMBHALS.NS,1,0.6259062617851981,2025-06-01,303,-43.06382978723404,3.0,,-21.849704890155458,-28.541224084329002,36.55240149159942,17.843869663544353,332,Buy,0.2518125235703963
MODIRUBBER.NS,1,0.6257495737468415,2025-09-01,211,0.1518324607329843,1.0,,-10.962233955142917,-36.35438626009325,29.162498543411257,42.46746781198324,333,Buy,0.25149914749368296
SAIL.NS,1,0.6256395989155138,2025-09-01,211,1.3522055276651244,7.0,,-8.191350940876978,14.434696030454845,46.873881054787574,51.59770702519932,334,Buy,0.2512791978310276
MVGJL.NS,1,0.6254269451361816,2025-09-01,211,1.0830090791180285,16.0,,-15.722584898758384,-28.007199291724476,33.258775972758094,32.56528181216986,335,Buy,0.25085389027236316
PUNJABCHEM.NS,1,0.6250896567114316,2025-09-01,211,0.7416267942583732,15.0,,-18.437641643944154,-27.257166906291335,54.61089678166866,25.698172337425703,336,Buy,0.25017931342286315
COFORGE.NS,1,0.6249484016814925,2025-09-01,211,0.3058745215510068,14.0,,-8.096304004085313,-33.223970749542964,37.48170990548897,41.530215106746226,337,Buy,0.24989680336298492
MANAPPURAM.NS,1,0.6248159490944255,2025-09-01,211,2.543859649122807,,,-15.340525645208569,-19.729796833012454,33.49944494176897,46.138346934735,338,Buy,0.249631898188851
ELGIEQUIP.NS,1,0.6246121152733235,2025-09-01,211,0.20610687022900764,28.0,,-14.276542172273587,0.939932199276889,39.45477194337771,36.48068781954211,339,Buy,0.249224230546647
SANATHAN.NS,1,0.6244440575939536,2025-09-01,211,0.4562402900051787,14.0,,-8.487867107284536,-15.34653367944751,34.24515558566192,37.66914536964218,340,Buy,0.2488881151879072
PFIZER.NS,1,0.6242331297022842,2025-09-01,211,0.19667446089893478,22.0,,-8.272126601298098,-6.567302367520979,28.24558466358478,47.57185332011893,341,Buy,0.24846625940456835
ROSSELLIND.NS,1,0.6241808399546946,2025-09-01,211,0.4955357142857143,10.0,,-6.58039041447493,-16.571986701090854,47.591057944036706,40.306121172268924,342,Buy,0.2483616799093893
HINDUNILVR.NS,1,0.6241509910130378,2025-09-01,211,0.6236159346271706,28.0,,-13.461617934144018,-10.072633281195017,24.270935615162323,32.26462342419127,343,Buy,0.24830198202607567
NCC.NS,1,0.6240339300038565,2025-09-01,211,1.886414547371195,20.0,,-13.673517428700768,-17.184237596648565,37.09066794767808,41.168767476581664,344,Buy,0.24806786000771308
INDUSINDBK.NS,1,0.6240154512012447,2025-09-01,211,7.1592196057802395,,,-19.725819405214715,-11.460842051769534,37.575189087030644,29.39011369516315,345,Buy,0.24803090240248937
GILLETTE.NS,1,0.6239256831863408,2025-09-01,211,0.8478073946689596,56.0,,-13.756613756613756,-12.553646009624583,22.593785625772288,17.651991614255763,346,Buy,0.24785136637268157
DOLATALGO.NS,1,0.623764452025417,2025-09-01,211,0.2597898758357211,32.0,,-13.472391211074001,-22.924635072530826,26.73574011785683,21.836371694808008,347,Buy,0.24752890405083394
RAJRILTD.NS,1,0.6237187411921787,2025-09-01,211,3.2992700729927007,7.0,,-9.569155446756426,-13.115468970887795,25.330746998764138,17.699131101877256,348,Buy,0.24743748238435748
INGERRAND.NS,1,0.6236099403137491,2025-09-01,211,0.5138461538461538,60.0,,-11.818821783880376,3.50065261334689,33.91403345529266,27.717280144074053,349,Buy,0.2472198806274981
OBEROIRLTY.NS,1,0.6234994184753042,2025-09-01,211,0.4315609370887076,15.0,,-6.527895209779455,-15.451630108155046,28.492606198584735,43.44666576690118,350,Buy,0.24699883695060842
TEMBO.NS,1,0.6234672405180298,2025-09-01,211,1.625,27.0,,-12.323119014953985,-33.91831788209883,24.19706464948473,17.752320308848425,351,Buy,0.24693448103605964
THEMISMED.NS,1,0.623230080953198,2025-09-01,211,0.6847457627118644,11.0,,-19.91515188506155,-34.94485891779785,52.03330266579259,34.86289823509935,352,Buy,0.24646016190639597
LANCORHOL.NS,1,0.623142935667532,2025-09-01,211,1.0297029702970297,12.0,,-22.438237325614534,-23.400001525878906,54.55108562182276,37.20038585855814,353,Buy,0.24628587133506397
HINDALCO.NS,1,0.6230003180437559,2025-09-01,211,0.619397892898084,13.0,,-5.648603672709368,1.3231741860382835,38.5352173711839,38.068195271260706,354,Buy,0.24600063608751177
MUTHOOTMF.NS,1,0.6227114936962265,2025-09-01,211,3.253515914137676,6.0,,-17.521511014031365,-18.087258550854294,50.25986747844804,45.01308134794788,355,Buy,0.24542298739245294
PAYTM.NS,1,0.6220941133047622,2025-09-01,211,0.3921337729627885,-12.0,,-15.3723931060648,-27.088879768960155,47.73627045058493,41.24368995059252,356,Buy,0.24418822660952433
BIOCON.NS,1,0.621458194966589,2025-09-01,211,0.2401301382719139,2.0,,-8.829104880168108,-8.736886393736862,28.08268250194683,35.868497161327696,357,Buy,0.2429163899331781
VISAKAIND.NS,1,0.6213480765277928,2025-09-01,211,0.7774968394437421,4.0,,-16.93548387096774,-25.717584537936894,27.775397625103267,26.399987349073186,358,Buy,0.24269615305558556
UNIVCABLES.NS,1,0.6212298594413826,2025-09-01,211,1.923841059602649,11.0,,-3.990541083986579,-26.311611981044518,57.70437153936344,49.992881694809434,359,Buy,0.2424597188827653
ZUARIIND.NS,1,0.6212271304156812,2025-09-01,211,0.3751039645134461,3.0,,-14.234014608312034,-32.02676502572599,43.81589916513487,36.019474473753306,360,Buy,0.24245426083136246
IKIO.NS,1,0.6211598261672902,2025-09-01,211,0.04722792607802875,7.0,,-24.722962229842224,-41.272704608753905,50.39684467042438,28.325434926286746,361,Buy,0.2423196523345803
NAVINFLUOR.NS,1,0.6208773701571113,2025-09-01,211,0.14749348015068095,12.0,,-4.167638597309696,4.911474293496766,43.79794865661051,43.53076480736055,362,Buy,0.24175474031422262
PNB.NS,1,0.620866857133978,2025-09-01,211,12.820127833168879,,,-22.966138554814695,-16.45759303478191,40.00883159037422,31.10185011293052,363,Buy,0.2417337142679561
JUBLCPL.NS,1,0.6208654208969565,2025-09-01,211,1.225181598062954,33.0,,-18.002874045182484,-37.65502037071154,47.13813601081151,29.601841550187416,364,Buy,0.24173084179391302
BOSCHLTD.NS,1,0.6208567011551451,2025-09-01,211,0.4497539405177947,21.0,,-21.39732020782062,-19.82987031097476,35.6125647048452,33.15634218289085,365,Buy,0.24171340231029026
JASH.NS,1,0.620673210024521,2025-09-01,211,0.4975609756097561,22.0,,-10.937501231500885,-18.667451390680277,41.97754907543984,39.62798416393061,366,Buy,0.24134642004904205
PVP.NS,1,0.6206418457523911,2025-09-01,211,1.4814939921825996,1.99,,-15.13728499950249,-33.304943336259164,48.33194079879093,38.314174285251276,367,Buy,0.24128369150478224
DEEPAKFERT.NS,1,0.6206381790907569,2025-09-01,211,0.30303030303030304,15.0,,-8.088978766430738,-27.563950727913166,48.955337579711916,47.55930159050475,368,Buy,0.24127635818151383
AMRUTANJAN.NS,1,0.6203839681093083,2025-09-01,211,0.2631578947368421,22.0,,-17.731855022251057,-27.69300151105181,26.56567004072738,20.592314881475744,369,Buy,0.24076793621861659
EICHERMOT.NS,1,0.6201601792583312,2025-09-01,211,0.3435857403070518,32.0,,-17.757242757242757,-10.076460950300383,37.523404598152496,37.16012084592145,370,Buy,0.24032035851666245
CAMS.NS,1,0.6199976452120174,2025-09-01,211,0.4033687943262411,55.0,,-12.322243391528021,-16.01108678127584,34.10946341436322,43.254206810415475,371,Buy,0.23999529042403478
GSPL.NS,1,0.6199960126484216,2025-09-01,211,0.12914928351169963,10.0,,-24.457238849840664,-22.29741046128785,38.0423488805481,24.789415873032198,372,Buy,0.23999202529684327
JMFINANCIL.NS,1,0.6199554865765509,2025-09-01,211,0.06671026814911707,13.0,,-14.956206508909128,-21.26273068357665,47.99129198198515,47.89932280408007,373,Buy,0.23991097315310173
SHAH.NS,1,0.61992542991907,2025-09-01,211,0.04838709677419355,7.0,,-3.742200217877904,-6.653224217097804,34.664012804274066,43.697475287614935,374,Buy,0.23985085983813992
BAFNAPH.NS,1,0.6196404385901464,2025-09-01,211,0.75,8.0,,2.3016459091403907,-36.481935212284114,53.54365598790668,51.79911061663283,375,Buy,0.23928087718029278
TATATECH.NS,1,0.6196386898376921,2025-09-01,211,1.9263224181360201,67.0,,-11.864991396446344,-22.566905244587073,37.01819283647663,35.19772118494572,376,Buy,0.2392773796753842
NESCO.NS,1,0.6189045263146049,2025-09-01,211,0.19792783136834582,21.0,,-11.379125740962134,-17.97443455334528,34.325773740731734,40.955859414564976,377,Buy,0.23780905262920982
AXISCADES.NS,1,0.6188139413335608,2025-09-01,211,0.7424242424242424,10.0,,1.2028869090033707,14.579714032018497,53.29741571714762,56.71710737062136,378,Buy,0.23762788266712165
DHANI.NS,1,0.6177785955977751,2025-06-01,303,0.07781029437080393,0.0,,,,,,379,Buy,0.2355571911955503
FLFL.NS,1,0.6177292302496179,2022-09-01,1307,-2.920568122041031,-59.0,,1.72413633637985,-16.9014096331015,42.26375606004668,44.99998956918654,380,Buy,0.2354584604992358
SRM.NS,1,0.6173095965191061,2025-09-01,211,0.5217391304347826,31.0,,-6.639909570287406,-28.883741342563106,50.90380993787643,47.10145479500995,381,Buy,0.23461919303821221
VARDHACRLC.NS,1,0.6171934357473771,2025-09-01,211,0.47391304347826085,7.0,,-24.737425891229464,-28.43626783646708,39.62464522187892,14.516142925526083,382,Buy,0.23438687149475412
HISARMETAL.NS,1,0.6162985332459356,2025-09-01,211,1.3125,9.0,,-25.5971485739107,-22.194607107519946,37.95970703603777,19.031380990470893,383,Buy,0.23259706649187128
ARKADE.NS,1,0.6160103704585701,2025-09-01,211,0.323189926547744,30.0,,-17.359475528492645,-30.765860417674396,29.081026220405125,28.738403790936204,384,Buy,0.2320207409171402
ZEEL.NS,1,0.6159495417026387,2025-09-01,211,0.17925772418990205,10.0,,-18.375196162547372,-20.90779507317268,42.17421288751383,36.88224002218726,385,Buy,0.23189908340527743
ACLGATI.NS,1,0.615887421689034,2025-06-01,303,0.010893246187363835,2.0,,,,,,386,Buy,0.23177484337806797
EDELWEISS.NS,1,0.6157258957420152,2025-09-01,211,0.6548641542506574,3.0,,-15.65541193759766,-7.858001427275865,39.63695844158946,40.291722413609754,387,Buy,0.2314517914840304
MIDHANI.NS,1,0.6155084755652819,2025-09-01,211,1.046495489243581,11.0,,-21.8195622018425,-14.887367811444449,47.0590459233535,27.173291710229748,388,Buy,0.23101695113056375
DLINKINDIA.NS,1,0.6154674106970476,2025-09-01,211,0.6541019955654102,29.0,,-8.512955780109944,-13.180879176975088,38.51855567156111,45.910383358149666,389,Buy,0.23093482139409516
MEP.NS,1,0.6153867008782486,2024-03-01,760,-2.962882096069869,-14.0,,-18.095233013299897,-56.783919086245824,11.045734366834866,9.090904164903364,390,Buy,0.2307734017564973
SHREERAMA.NS,1,0.6152698171642057,2025-09-01,211,0.26785714285714285,15.0,,-16.374482330499347,-25.67068199556037,73.67465856597669,47.75075245247772,391,Buy,0.2305396343284114
ARE&M.NS,1,0.6152646315414969,2025-09-01,211,0.36357794627939855,17.0,,-20.710997339382395,-27.330196147546054,25.107671752458227,13.449177046700129,392,Buy,0.23052926308299382
UNIPARTS.NS,1,0.6150731600412869,2025-09-01,211,0.34285714285714286,16.0,,-6.442073970559514,-7.8407679244977535,32.50784181353836,48.93791868164089,393,Buy,0.23014632008257374
UNITEDTEA.NS,1,0.6147946582936127,2025-09-01,211,0.0603448275862069,10.0,,-0.5679024637513739,13.805763822330618,33.57066191586524,54.20646168381704,394,Buy,0.22958931658722537
SWIGGY.NS,1,0.6147556451094311,2025-09-01,211,0.22355488922205563,-23.0,,-15.403385505420841,-33.64378876166612,33.69786033478121,25.793187733588468,395,Buy,0.2295112902188623
CYBERTECH.NS,1,0.6146777530718754,2025-09-01,211,0.8161764705882353,16.0,,-13.63834893785157,-32.71995904367437,49.53542540569059,46.28357358060003,396,Buy,0.2293555061437509
ANDHRSUGAR.NS,1,0.6146364797137496,2025-09-01,211,0.23439767779390422,5.0,,-1.1891601410129857,-4.247619302706232,28.65324018393125,45.87984583847435,397,Buy,0.22927295942749915
SURANASOL.NS,1,0.6146067318163193,2025-09-01,211,0.2639789658194565,0.27,,-17.81181455963912,-30.701105452799982,52.09959318025685,33.03342860266902,398,Buy,0.22921346363263861
IMAGICAA.NS,1,0.6144339488602962,2025-09-01,211,0.41074130105900153,7.0,,-16.42124199122092,-17.45262626097051,40.27723811006785,42.336262397436606,399,Buy,0.22886789772059246
SUPREME.NS,1,0.613588955632253,2025-09-01,211,0.03927914544425587,2.43,,-20.014256674530387,-42.29878918426881,59.211238975704994,39.22396750339924,400,Buy,0.22717791126450604
CYIENT.NS,1,0.6132797676115016,2025-09-01,211,0.13200723327305605,16.0,,-19.204766532663996,-32.745224301740706,35.36874757670317,32.49210940890033,401,Buy,0.2265595352230032
NDRAUTO.NS,1,0.6132788938288865,2025-09-01,211,0.694980694980695,25.0,,-19.57867178499424,-26.147149893209694,56.62830458037098,38.9555436787586,402,Buy,0.2265577876577729
WHEELS.NS,1,0.6131138111474697,2025-09-01,211,2.4183222958057393,16.0,,11.630383080932614,16.61978614660112,47.72698882556217,59.204035613892195,403,Buy,0.2262276222949393
MUKKA.NS,1,0.6129237121649289,2025-09-01,211,1.7188264058679708,11.0,,-18.185843101672905,-23.15045643583123,37.5443257502029,28.212278373883592,404,Buy,0.22584742432985783
MCLEODRUSS.NS,1,0.6124929123131677,2025-09-01,211,-77.5111111111111,-1.0,,-30.22639934018233,-37.91256020554564,54.94537689613275,30.037420111319392,405,Buy,0.22498582462633543
JKCEMENT.NS,1,0.6121898078659732,2025-09-01,211,1.703139571028909,15.0,,-10.255277802314284,-10.649898865535134,37.90065085918549,50.97260817784835,406,Buy,0.22437961573194642
HDFCAMC.NS,1,0.6120987004002957,2025-09-01,211,0.08923037190082644,43.0,,-19.224462217059255,-16.2738008754275,37.10423074812728,35.751701479059975,407,Buy,0.22419740080059136
BAJAJFINSV.NS,1,0.6118015740861416,2025-09-01,211,0.02270908363345338,27.0,,-20.372809742465183,-19.121725387896635,29.650470816815005,29.493454806771766,408,Buy,0.2236031481722831
TITAGARH.NS,1,0.6114761368300434,2025-09-01,211,0.48363496341933,17.0,,-20.03756349090857,-35.96769973980089,39.95325813493718,31.56313989326246,409,Buy,0.22295227366008685
ADVANIHOTR.NS,1,0.6114115941265629,2025-09-01,211,0.527027027027027,45.0,,-14.098127117981354,-16.085935684638702,31.084437764783058,33.00164006762709,410,Buy,0.22282318825312575
AARTIDRUGS.NS,1,0.6112179866536509,2025-09-01,211,0.674123788217748,14.0,,-13.510957683999033,-22.965227269669363,26.997908283286275,35.056290399864565,411,Buy,0.2224359733073018
SUPRAJIT.NS,1,0.6111758773915404,2025-09-01,211,0.4630969609261939,20.0,,-10.89086723752436,-15.572821748577153,32.24398917098007,43.01137541935631,412,Buy,0.2223517547830809
SULA.NS,1,0.6109814248324703,2025-09-01,211,0.8087431693989071,9.0,,-18.714270314854282,-38.748959086873946,44.27607199085452,33.652787661624984,413,Buy,0.22196284966494062
GPPL.NS,1,0.6108521656092963,2025-09-01,211,0.24149034038638453,25.0,,-20.162604700442646,-22.199761738791583,39.897878414000445,33.289395296910115,414,Buy,0.22170433121859268
HLVLTD.NS,1,0.6108501572935646,2025-09-01,211,0.36784140969163,6.0,,-29.815950209539228,-41.09166047662305,42.20459212144081,18.705033873445714,415,Buy,0.22170031458712924
SYNGENE.NS,1,0.6104788026940338,2025-09-01,211,0.3212121212121212,13.0,,-10.078415957540027,-40.4414604207095,37.025087830083386,46.842294922077194,416,Buy,0.22095760538806752
SHAREINDIA.NS,1,0.6101783821217738,2025-09-01,211,0.799047619047619,19.0,,-9.80482725993114,-31.437331810078067,49.35179933397033,39.0613099372885,417,Buy,0.22035676424354755
RTNPOWER.NS,1,0.6096075347644982,2025-09-01,211,1.1436394271272114,8.0,,-9.569374961142904,-20.58823971364127,38.28510960946297,44.59929943090184,418,Buy,0.2192150695289965
MONTECARLO.NS,1,0.6095962475885192,2025-09-01,211,1.3501199040767387,13.0,,-18.32415394802899,-33.4947650431167,34.994406509931046,37.38924079154664,419,Buy,0.21919249517703832
NAZARA.NS,1,0.6095288669957037,2025-09-01,211,0.03041144901610018,1.0,,-12.927327343077902,-1.8323466539865738,47.77963474949808,46.99063737523235,420,Buy,0.2190577339914075
SREEL.NS,1,0.609444759383527,2025-09-01,211,0.06818181818181818,7.0,,-17.726822686026868,-23.172954407249986,26.08244893108114,20.90496394160232,421,Buy,0.2188895187670541
FOCUS.NS,1,0.6089525486733522,2025-09-01,211,0.44537815126050423,16.0,,-11.139976533550215,-22.6214233597132,30.09159580688267,25.63555475094789,422,Buy,0.2179050973467045
EIHAHOTELS.NS,1,0.6087852968889188,2025-09-01,211,0.22328244274809161,26.0,,-17.744632463570714,-24.55332473752072,41.675171831706564,29.841712031033595,423,Buy,0.2175705937778376
CERA.NS,1,0.6087691225750799,2025-09-01,211,0.32408759124087594,22.0,,-7.489708137093366,-13.091424851190474,37.48088964725085,50.46154529064686,424,Buy,0.21753824515015974
COFFEEDAY.NS,1,0.608560147951735,2025-09-01,211,0.21120689655172414,0.0,,-30.32002239734534,-40.16996800084896,45.96651609742903,23.908743223993838,425,Buy,0.21712029590346993
21STCENMGM.NS,1,0.6085146202637042,2025-09-01,211,0.4722222222222222,7.0,,-20.292253977008535,-44.09205113273125,17.771382201842535,13.254758401467,426,Buy,0.21702924052740835
HUBTOWN.NS,1,0.6084826184172231,2025-09-01,211,0.39054726368159204,6.0,,-14.366071331591968,-27.352197397693462,60.62722622985473,35.138322050330586,427,Buy,0.21696523683444613
MAITHANALL.NS,1,0.6082257963275066,2025-09-01,211,0.25312729948491536,29.0,,-18.55509280458237,-15.369772965841022,45.450281012327444,37.19676971130546,428,Buy,0.21645159265501324
KAUSHALYA.NS,1,0.6082202324879911,2025-09-01,211,0.2858550039401101,-1.13,,-11.986478299531573,-14.463700155833555,32.8281824137771,31.204570223260106,429,Buy,0.21644046497598213
PANACEABIO.NS,1,0.6081046745066749,2025-09-01,211,1.9143835616438356,-2.0,,-11.955393964916357,-27.287242482867917,48.2163640904924,36.61125287390817,430,Buy,0.21620934901334987
GSS.NS,1,0.6080930722645946,2025-09-01,211,0.7473996407535821,0.46,,-38.28733052792453,-45.39761977943191,36.19054734540179,5.251636480194449,431,Buy,0.21618614452918927
BHAGERIA.NS,1,0.6078603198205254,2025-09-01,211,0.3008695652173913,10.0,,-17.140469773572285,-29.725006444379375,35.760615781602375,28.460798742180046,432,Buy,0.2157206396410507
MASTEK.NS,1,0.6075156905170737,2025-09-01,211,0.29528535980148884,16.0,,-17.16349375273948,-37.175899108465075,45.05729155951158,30.273037557931403,433,Buy,0.21503138103414732
SHILPAMED.NS,1,0.6072260939965889,2025-09-01,211,0.11044998140572704,6.0,,6.550612578964056,8.607001991123541,42.75320238729726,57.13638186368728,434,Buy,0.21445218799317778
GANESHBE.NS,1,0.6070786115652858,2025-09-01,211,0.2743362831858407,16.0,,-11.734446230617422,-12.654548413825758,56.36595258512036,39.73345313419077,435,Buy,0.2141572231305715
PATINTLOG.NS,1,0.6069662075621051,2025-09-01,211,0.3902439024390244,6.0,,-19.257081148645298,-41.0421121060818,37.45228289478215,26.299673854809825,436,Buy,0.21393241512421013
LODHA.NS,1,0.6067433815259499,2025-09-01,211,1.6178274633953305,15.0,,-33.789731051344745,-36.935258500232884,37.590676838297234,11.739209993143604,437,Buy,0.21348676305189973
HERITGFOOD.NS,1,0.6066799324851716,2025-09-01,211,0.5926660059464817,25.0,,-9.456332132025823,-35.06019746589148,34.896638345272024,48.08978054745089,438,Buy,0.2133598649703432
NORTHARC.NS,1,0.6064026352461961,2025-09-01,211,2.900655021834061,10.0,,-19.183430916256462,-17.94922606285846,44.516750169044386,37.432102166506596,439,Buy,0.21280527049239217
PANACHE.NS,1,0.6063825271564968,2025-09-01,211,0.8055555555555556,13.0,,-18.221067618046764,-13.489643305819499,47.71727736631423,40.52511603763835,440,Buy,0.21276505431299353
EMBDL.NS,1,0.606290335168106,2025-09-01,211,0.4326190897821852,4.0,,-32.87974405516523,-35.96235026214127,40.91745415389924,14.425757013693215,441,Buy,0.21258067033621209
PRICOLLTD.NS,1,0.6062286446024566,2025-09-01,211,0.8062015503875969,22.0,,-17.68380034239521,-18.59654136686074,40.74726178525698,41.978249391994886,442,Buy,0.21245728920491325
EIHOTEL.NS,1,0.6061302742853403,2025-09-01,211,0.1853146853146853,22.0,,-14.099551795549006,-25.483524041175702,39.38814680756093,31.317686746563183,443,Buy,0.21226054857068055
VHLTD.NS,1,0.6057094161901883,2025-09-01,211,0.2682926829268293,10.0,,-4.634715756858047,-6.136380182569239,30.176942333626716,33.91088844027388,444,Buy,0.2114188323803765
CARRARO.NS,1,0.6053946780719035,2025-09-01,211,1.3511904761904763,22.0,,-10.650199303400788,-15.376883306803906,41.011951805990016,46.38609105612424,445,Buy,0.210789356143807
TALBROAUTO.NS,1,0.6053435229695409,2025-09-01,211,0.5213946117274167,18.0,,-12.88989186960588,-16.302584280632562,43.28765558880439,42.809914465015,446,Buy,0.21068704593908172
ACMESOLAR.NS,1,0.6052014970075663,2025-09-01,211,1.1507145950627977,8.0,,11.837374914229649,13.292048332222212,50.37120199869241,66.44556208600193,447,Buy,0.21040299401513263
MAANALU.NS,1,0.6051798477507223,2025-09-01,211,0.6310160427807486,12.0,,-15.567812841425813,-25.578676697413442,38.67146940451512,43.14597573105502,448,Buy,0.21035969550144462
BASF.NS,1,0.605052224458428,2025-09-01,211,0.9664394336654432,18.0,,-8.878494191301574,-17.469698434668366,36.856574192287574,44.56473476811316,449,Buy,0.21010444891685598
HAPPYFORGE.NS,1,0.6050167449395147,2025-09-01,211,0.1739795918367347,19.0,,-13.27081953593867,6.190872364926003,43.2467539956692,43.429306123204064,450,Buy,0.21003348987902948
VMART.NS,1,0.6046738514842387,2025-09-01,211,2.1076923076923078,8.0,,-16.441948414122535,-35.3956547167825,29.41122064390811,37.60622517278994,451,Buy,0.20934770296847738
AYMSYNTEX.NS,1,0.6045717555162824,2025-09-01,211,0.8730434782608696,8.0,,-11.292931744074874,11.318785338428041,43.39486644849783,40.31634909898375,452,Buy,0.2091435110325648
CAPLIPOINT.NS,1,0.6044767093005745,2025-09-01,211,0.07650569723277266,29.0,,-12.86623921087869,-21.45317828190914,20.314074941544057,22.513250266624297,453,Buy,0.20895341860114902
DIXON.NS,1,0.6044683284454101,2025-09-01,211,0.6803942273847237,12.0,,-6.882941855987679,-21.536340038935755,53.98648690284915,48.67382061145981,454,Buy,0.2089366568908202
ABREL.NS,1,0.6040215725705427,2025-09-01,211,1.7183318465655664,4.0,,-11.04246052900422,-33.218362493808826,43.2384243562878,42.67431841205274,455,Buy,0.20804314514108535
SURAKSHA.NS,1,0.6038268923966474,2025-09-01,211,0.6153846153846154,18.0,,-18.879004644753667,-15.87009164846725,31.40826096782127,29.548303277462907,456,Buy,0.20765378479329488
UNICHEMLAB.NS,1,0.6037867440025637,2025-09-01,211,0.2674370614940157,7.0,,-17.581794054810445,-34.10060178500081,42.44839706659943,42.915489910887224,457,Buy,0.20757348800512743
MURUDCERA.NS,1,0.6035265118445254,2025-09-01,211,0.5614973262032086,5.0,,-21.435222135910596,-27.431844984707276,33.20638784157505,15.903310512283355,458,Buy,0.20705302368905087
COCHINSHIP.NS,1,0.6034646695137929,2025-09-01,211,1.3783128356140655,20.0,,-19.770022515410236,-27.615263465592076,42.22581023383688,26.32628451142284,459,Buy,0.2069293390275857
HBSL.NS,1,0.6034619078931471,2025-09-01,211,0.1595744680851064,-9.0,,-27.610797232223018,-41.88138792783248,34.55716712277913,23.789159081646517,460,Buy,0.20692381578629426
INSECTICID.NS,1,0.6034476900690859,2025-09-01,211,0.6496655518394648,17.0,,-16.093684094630806,-25.560477888795397,33.75129942317174,31.339783391292045,461,Buy,0.20689538013817188
AMBER.NS,1,0.6031997223656992,2025-09-01,211,1.1274845784784098,12.0,,-18.59034122692523,-1.5484064942874325,46.85115265709122,36.772624630884145,462,Buy,0.20639944473139837
KOHINOOR.NS,1,0.6030454064524694,2025-09-01,211,-2.2934131736526946,0.0,,-19.967599022022267,-30.151998623526744,41.50786070354779,18.94605218286138,463,Buy,0.2060908129049388
EPACK.NS,1,0.6027715342769088,2025-09-01,211,1.048603929679421,10.0,,-20.48696436908135,-30.058319364311163,51.50544758614707,35.22185238944995,464,Buy,0.20554306855381754
TORNTPHARM.NS,1,0.602559942141495,2025-09-01,211,0.5759905381431106,28.0,,-4.496587644491816,11.333042300906317,22.044328911795393,38.4045996819055,465,Buy,0.20511988428299
ANDHRAPAP.NS,1,0.6025221371117782,2025-09-01,211,0.3307372793354102,4.0,,-14.526038935804383,-12.30676464994383,24.939671859199034,29.952449280693727,466,Buy,0.2050442742235563
CELLO.NS,1,0.6024243160408509,2025-09-01,211,0.1795727636849132,10.0,,-6.148088285187146,-29.086425606847794,43.25370564017463,48.00803040519831,467,Buy,0.2048486320817018
VGUARD.NS,1,0.6019623169090634,2025-09-01,211,0.44696239151398265,17.0,,0.6710258840150698,-3.8602453289109393,29.834392661762006,56.20860048807845,468,Buy,0.20392463381812687
MOBIKWIK.NS,1,0.6017507825578052,2025-09-01,211,1.6206261510128914,-13.0,,-23.448683557568803,-33.29748357963794,38.92705868178567,26.472756287101376,469,Buy,0.20350156511561046
NSIL.NS,1,0.6015087550243493,2025-09-01,211,0.13391392149438344,0.0,,-20.32842105263158,-28.03134033165982,32.789199182780656,22.900763358778633,470,Buy,0.2030175100486986
AFFLE.NS,1,0.6013577430966143,2025-09-01,211,0.21162672106068334,9.0,,5.496505630599907,-18.6766959014751,48.02005660776517,56.37760263618206,471,Buy,0.20271548619322854
VIPULLTD.NS,1,0.6012796437936138,2025-09-01,211,2.205263157894737,0.0,,-12.799333451722303,-8.57142644822048,43.6424049579191,17.275761402743925,472,Buy,0.20255928758722752
ACI.NS,1,0.6010564604108896,2025-09-01,211,0.19493278179937953,16.0,,-0.45751285187389246,12.172999525308029,42.10986353263301,64.45643430541978,473,Buy,0.20211292082177912
BANKBARODA.NS,1,0.6006655957749489,2025-09-01,211,11.424827886473102,,,-21.608357980411743,-14.087440799395324,39.16014510648137,27.03011171060261,474,Buy,0.20133119154989787
GLENMARK.NS,1,0.6004434327090402,2025-09-01,211,0.18568027068799867,10.0,,2.2398058116007196,6.0230765471210175,37.03128627689535,50.986693400824784,475,Buy,0.20088686541808043
PTL.NS,1,0.6004339404550736,2025-09-01,211,0.25251396648044694,7.0,,-6.599642466794236,-6.358737759068213,20.610317668506074,44.25287513818695,476,Buy,0.20086788091014718
DEVYANI.NS,1,0.6003108850089682,2025-09-01,211,1.9267015706806283,8.0,,-28.101248028860404,-34.69345572391072,37.091564274921254,27.532821454450925,477,Buy,0.20062177001793646
3MINDIA.NS,1,0.6002085282984844,2025-09-01,211,0.6509316770186335,38.0,,-17.34357848518112,-12.885032537960955,37.03853804172745,26.989619377162626,478,Buy,0.20041705659696873
NH.NS,1,0.6001611402279542,2025-09-01,211,1.028029322984045,19.0,,-13.887989975592486,-13.670338863773864,27.929920753576294,31.556092593257944,479,Buy,0.20032228045590839
SWARAJENG.NS,1,0.5998775688245148,2025-09-01,211,0.7117346938775511,56.0,,-7.058593682228638,-8.218685588626292,30.419336937070067,45.59436507893932,480,Buy,0.19975513764902963
CPCAP.NS,1,0.5997250745689879,2025-09-01,211,0.24577861163227016,10.0,,-16.19428642563083,-35.3400213264508,35.129579446855026,23.853206460604923,481,Buy,0.19945014913797587
JGCHEM.NS,1,0.5996941372818075,2025-09-01,211,0.040498442367601244,9.0,,-12.84546461548842,-12.931405222009248,48.63717329093748,32.858269187229794,482,Buy,0.19938827456361508
MARATHON.NS,1,0.5994508565299148,2025-09-01,211,0.029865125240847785,15.0,,-8.394466361150782,-24.666202096818143,53.64411482552263,41.58031088082901,483,Buy,0.19890171305982962
GKWLIMITED.NS,1,0.5994238874456164,2025-09-01,211,0.23585994613312813,0.0,,-14.277014096897563,-18.909884523423948,34.537616566978656,21.56496759740415,484,Buy,0.19884777489123273
ONELIFECAP.NS,1,0.5991230970657245,2025-09-01,211,0.26103872602243944,0.65,,-3.8192258434933644,-3.8192258434933644,34.409022025001136,46.666666666666664,485,Buy,0.19824619413144906
JAYSREETEA.NS,1,0.598400602663203,2025-09-01,211,1.2926829268292683,4.0,,-13.614016708162993,-17.455591240038505,50.83961511361036,46.394093870989614,486,Buy,0.1968012053264061
VINYLINDIA.NS,1,0.5980759882549386,2025-09-01,211,0.7107438016528925,21.0,,-22.18658975427247,-32.21021529457733,41.006483323098806,27.23321051251824,487,Buy,0.19615197650987715
INDIGO.NS,1,0.597769406439439,2025-09-01,211,14.068523742360131,17.0,,-20.291464651324603,-22.280252266456444,44.94221387652048,41.295563284792216,488,Buy,0.19553881287887798
RUSHIL.NS,1,0.5977364050392844,2025-09-01,211,0.9921383647798742,10.0,,-29.427944398585076,-43.75273904384552,38.8319205896576,24.242418890716138,489,Buy,0.19547281007856876
SUMICHEM.NS,1,0.5976613470617144,2025-09-01,211,0.3778960551033187,25.0,,-9.001245391502808,-21.12325033318023,25.12578674009361,39.7777777024257,490,Buy,0.19532269412342873
SAGCEM.NS,1,0.5973656654681243,2025-09-01,211,0.6928792569659443,-2.0,,-20.67947249111096,-25.53118829888946,44.74878433059875,30.737123132574354,491,Buy,0.19473133093624861
BAJAJELEC.NS,1,0.5972632412605837,2025-09-01,211,1.425064599483204,12.0,,-8.369507757102932,-30.0,37.780664499087905,43.66714967464379,492,Buy,0.19452648252116744
EQUITASBNK.NS,1,0.5968640678692108,2025-09-01,211,8.4624445203141,,,-21.275300162863367,-16.497176908538584,39.181467423702735,32.084959662071896,493,Buy,0.19372813573842151
EXIDEIND.NS,1,0.5968590741817249,2025-09-01,211,0.2763835473567564,10.0,,-14.658370034787415,-21.15568979631407,33.915020486735415,39.38321143783207,494,Buy,0.1937181483634498
MAXIND.NS,1,0.5968289927873709,2025-09-01,211,0.010742018150638829,-0.43,,-21.970276569424193,-34.14634335865613,41.782238832583495,30.885342174608155,495,Buy,0.1936579855747418
WHIRLPOOL.NS,1,0.596682119528013,2025-09-01,211,0.6153632062343446,13.0,,-14.149042434447173,-13.105191151594662,36.35061658652502,34.31953434803063,496,Buy,0.19336423905602595
RAMCOSYS.NS,1,0.5966525250202688,2025-09-01,211,0.2289308176100629,-1.0,,-25.05173794969469,-40.19642011242649,47.59090259808565,30.85936980011583,497,Buy,0.19330505004053755
PAGEIND.NS,1,0.5962740356933077,2025-09-01,211,0.9630943931866572,59.0,,-2.9029793735676086,-12.8801826191766,26.747908122965924,54.22818791946308,498,Buy,0.19254807138661545
IWEL.NS,1,0.5960165472226332,2025-03-01,395,0.03233574131406949,0.0,,,,,,499,Buy,0.1920330944452664
FMNL.NS,1,0.595775471115874,2025-09-01,211,1.588235294117647,16.0,,-11.5763555476422,-21.012104424503196,50.664565730290825,36.64595978959336,500,Buy,0.19155094223174807
ROSSTECH.NS,1,0.5957670872656926,2025-09-01,211,2.7714285714285714,8.0,,-0.0673519704539247,5.2490520982758335,53.21953013582499,45.136873084788164,501,Buy,0.19153417453138522
DIGIDRIVE.NS,1,0.5957146561057075,2025-09-01,211,0.12285937611028203,2.71,,-20.518868985486698,-35.391102642782194,47.73274257887081,19.9667531267326,502,Buy,0.19142931221141501
TASTYBITE.NS,1,0.5956964933490416,2025-09-01,211,0.4702194357366771,11.0,,-10.85027978708885,-17.452293693921394,49.9599326220395,40.260968229954614,503,Buy,0.19139298669808325
CHEMFAB.NS,1,0.5954391508845036,2025-09-01,211,0.4648910411622276,6.0,,-24.74306662131372,-30.328259241458145,57.457759183214904,30.1664501390445,504,Buy,0.19087830176900722
KANSAINER.NS,1,0.5953153146478135,2025-09-01,211,0.2642623970153894,14.0,,-16.656697702656366,-30.96358666585192,35.96392500600343,33.604913979662115,505,Buy,0.19063062929562702
EMAMIREAL.NS,1,0.5953133797206335,2025-09-01,211,-15.36774193548387,-2.0,,-17.457913063784538,-33.47188736104103,60.75772987737512,39.685653466115774,506,Buy,0.19062675944126695
M&MFIN.NS,1,0.5951580037705608,2025-09-01,211,5.088329857490441,,,-24.362192702309155,-27.41341861376406,47.09769145193079,27.40578522953949,507,Buy,0.19031600754112166
MALLCOM.NS,1,0.5951029867735386,2025-09-01,211,0.5496688741721855,15.0,,-18.640540614625177,-20.22443377870022,36.53711675247545,28.46944850485474,508,Buy,0.19020597354707713
KITEX.NS,1,0.594656061986879,2025-09-01,211,0.2797881729920565,19.0,,-23.10810810810811,-22.48378602904866,53.181510767709696,34.179609589414085,509,Buy,0.18931212397375807
RAYMONDLSL.NS,1,0.5946189176540561,2025-09-01,211,0.39859627068929393,2.0,,-15.842521008152024,-25.581051187180044,58.72971988724641,45.02531644132824,510,Buy,0.1892378353081121
SHK.NS,1,0.594426886668221,2025-09-01,211,0.9931787175989086,8.0,,-25.001668086535133,-37.072722607502165,48.523621392047914,35.3020680843306,511,Buy,0.18885377333644193
EMAMILTD.NS,1,0.5942517103214725,2025-09-01,211,0.1333758774728781,34.0,,-17.887708435661068,-22.651491773359197,25.367911568853685,21.514651404735673,512,Buy,0.188503420642945
ADANIPORTS.NS,1,0.5936751880869415,2025-09-01,211,2.0581718378685947,9.0,,-14.136193006369824,-11.734248057615941,36.20408457814202,35.385857119083624,513,Buy,0.18735037617388306
MUKANDLTD.NS,1,0.5936622253181864,2025-09-01,211,2.863125638406537,10.0,,-7.146730661938064,-9.826671880948787,45.42998615420634,47.94689252818579,514,Buy,0.1873244506363727
SUPRIYA.NS,1,0.5933717567712643,2025-09-01,211,0.11182994454713494,27.0,,-15.541855595386355,-25.704081253022803,40.38981136176204,44.87423487295375,515,Buy,0.1867435135425286
ACL.NS,1,0.5930286054576512,2025-09-01,211,16.486842105263158,-11.0,,-26.358546010111738,-41.49454933828245,45.90486409852314,23.37488964382682,516,Buy,0.18605721091530247
ZENITHSTL.NS,1,0.5929914036798808,2025-09-01,211,-1.6056977538473904,,,-9.883716417171165,-35.236765925614336,47.52789955136501,26.37361255392257,517,Buy,0.18598280735976158
POLYMED.NS,1,0.5929770782093465,2025-09-01,211,0.1754932502596054,18.0,,-8.320503359658504,-32.200595259519616,46.337494082880085,37.15494786862747,518,Buy,0.18595415641869306
IITL.NS,1,0.5928752166908284,2025-09-01,211,0.009124824751087213,0.97,,-5.252066251391834,-24.45404145542562,31.596859153037048,35.446245698797014,519,Buy,0.18575043338165687
ENIL.NS,1,0.5927949833810249,2025-09-01,211,0.5364238410596026,2.0,,-5.720781218769379,-10.83041891548595,25.834342620756022,24.20484859318114,520,Buy,0.18558996676204975
SHARDAMOTR.NS,1,0.592667683463204,2025-09-01,211,0.6471095772217429,35.0,,-26.06130133928045,-25.595080754281778,48.04116738447624,35.69092490962838,521,Buy,0.18533536692640795
CRISIL.NS,1,0.5926244002317919,2025-09-01,211,0.3294710327455919,39.0,,-17.132274153931462,-11.68611558229216,27.396692723642484,23.09795644094578,522,Buy,0.18524880046358372
METROPOLIS.NS,1,0.5922817961625861,2025-09-01,211,0.30519969856819895,13.0,,-7.972859545566348,-9.512640083398487,26.9359736764822,43.682799844852674,523,Buy,0.18456359232517228
GARFIBRES.NS,1,0.592125418162031,2025-09-01,211,0.3992248062015504,23.0,,-5.700734643378688,-12.1440459786097,23.923662226746078,43.07900956153881,524,Buy,0.18425083632406203
VINCOFE.NS,1,0.592119145273,2025-09-01,211,0.0944558521560575,3.0,,-10.707535196584141,-14.350475278380017,39.906810199476816,54.116715104143886,525,Buy,0.18423829054600005
HYUNDAI.NS,1,0.592057082422698,2025-09-01,211,0.8001412429378532,54.0,,-19.41989576251983,-23.398391917894873,36.12642482043364,18.691227167995137,526,Buy,0.1841141648453959
MOTHERSON.NS,1,0.5919078550762659,2025-09-01,211,0.26004759040870223,5.0,,-20.89004689487722,-11.638776057748899,43.762194248839755,36.16242527187302,527,Buy,0.18381571015253173
UFO.NS,1,0.5918227609268831,2025-09-01,211,0.8602150537634409,6.0,,-22.715152825130495,-34.63548036196413,35.35122445738609,22.834666120582867,528,Buy,0.18364552185376626
ICRA.NS,1,0.5917531215694498,2025-09-01,211,0.18385093167701863,24.0,,-12.143296162964264,-20.580998491943806,24.90827164231252,32.919254658385086,529,Buy,0.18350624313889963
TATASTEEL.NS,1,0.5913239340590126,2025-09-01,211,0.9930501814466142,13.0,,-10.613119103649932,13.44607743005606,42.594785926845375,50.68054918924413,530,Buy,0.18264786811802525
TCPLPACK.NS,1,0.5912909229035036,2025-09-01,211,1.4754829123328381,20.0,,-17.44720809193249,-24.97943195057432,41.34194188623912,37.53445699951561,531,Buy,0.1825818458070072
NRL.NS,1,0.5910422747786902,2025-09-01,211,0.05128205128205128,10.0,,-9.957623943133383,-18.75217369455347,31.279454231032155,30.50089225698366,532,Buy,0.1820845495573804
INVENTURE.NS,1,0.5909642180336963,2025-09-01,211,0.35200635677393716,1.65,,-24.545457698096847,-30.833337472544613,37.49176065063704,11.111103752510843,533,Buy,0.1819284360673925
ALPHAGEO.NS,1,0.590935964447832,2025-09-01,211,0.10300429184549356,-6.0,,-17.23830799553738,-25.59402103165408,44.545955030489694,24.76443550180251,534,Buy,0.18187192889566406
JSL.NS,1,0.5909030595588772,2025-09-01,211,0.9787270840539606,20.0,,-11.507344958628437,-10.128157707493598,43.54554914913141,50.457212578877,535,Buy,0.18180611911775446
ANSALAPI.NS,1,0.5906215502560497,2025-03-01,395,-2.761013215859031,40.0,,-22.797924868868233,-15.580735319375874,28.70890307359641,0.0,536,Buy,0.18124310051209935
VEDL.NS,1,0.5905723884898857,2025-09-01,211,1.2790550032418413,19.0,,-8.527658629680209,10.78054734346458,34.85812002560566,37.06968947555471,537,Buy,0.18114477697977138
CONCORDBIO.NS,1,0.5905397701318255,2025-09-01,211,0.1073972602739726,28.0,,-17.26379037982025,-23.999998178055037,53.365427523172656,23.487651876310835,538,Buy,0.18107954026365092
EQUIPPP.NS,1,0.5902633458874694,2025-09-01,211,1.5681114551083588,1.04,,-15.88571275983538,-33.63390412761246,45.17455216549094,39.680594099240004,539,Buy,0.18052669177493885
ZIMLAB.NS,1,0.5899866183377324,2025-09-01,211,0.8934426229508197,8.0,,-11.96493643805678,-12.144625253108153,56.24558332500155,39.098885479465075,540,Buy,0.17997323667546472
CCCL.NS,1,0.5897890533295199,2025-09-01,211,0.6240875912408759,18.0,,-19.385189963971573,-30.01089349515184,46.14198335371716,26.915895913675186,541,Buy,0.17957810665903984
ADANIENSOL.NS,1,0.5891360631652344,2025-09-01,211,0.587431421446384,5.0,,-7.709770541553554,-6.186339283937045,39.59297016738726,42.750232759611656,542,Buy,0.17827212633046874
AARTIPHARM.NS,1,0.5886743126901306,2025-09-01,211,0.6258539148712559,17.0,,-16.426652208265434,-20.107114113641625,35.58144534517578,27.339793660294518,543,Buy,0.1773486253802612
GLAXO.NS,1,0.5885584036314502,2025-09-01,211,1.13572267920094,63.0,,-13.930254476908576,-7.357060635304559,24.714375782284893,25.90781931617775,544,Buy,0.17711680726290036
RPPINFRA.NS,1,0.5884749255312849,2025-09-01,211,0.7481751824817519,20.0,,-27.71506512901418,-47.314166625720176,56.55971380899232,28.168534738181833,545,Buy,0.17694985106256977
ASAHISONG.NS,1,0.5883728093898285,2025-09-01,211,0.4557823129251701,12.0,,-11.454627694835244,-31.123018640410955,46.79049559896029,32.65431196048182,546,Buy,0.176745618779657
BRIGADE.NS,1,0.5883236562095532,2025-09-01,211,1.4944858903665261,9.0,,-8.903195598735806,-26.055336739225254,39.15901993267074,47.17676979386751,547,Buy,0.17664731241910636
TARACHAND.NS,1,0.5882851737588476,2025-09-01,211,2.360294117647059,17.0,,-13.056138999394006,-30.996400136482706,36.14726171758288,40.14167969570706,548,Buy,0.17657034751769518
GMRAIRPORT.NS,1,0.5881981173747561,2025-09-01,211,0.39857363290805764,1.0,,-17.131120776519758,-17.276717887248193,47.32371396005024,39.53088804142047,549,Buy,0.17639623474951227
GTL.NS,1,0.5881121633147034,2025-09-01,211,-1.0247811002808525,,,-28.792131275950624,-37.48458216657175,52.056052474865226,24.305560499612653,550,Buy,0.1762243266294068
JINDALSTEL.NS,1,0.5880968842100323,2025-09-01,211,0.47316674273543285,12.0,,-12.11212194347118,12.833246384788394,44.22291191504011,46.60087719298246,551,Buy,0.1761937684200645
BHARATRAS.NS,1,0.5879208102486017,2025-09-01,211,0.22023809523809523,14.0,,-20.398630808196714,-47.38695758322011,41.61621469469557,36.36363180902819,552,Buy,0.1758416204972033
GREENLAM.NS,1,0.5876569579251689,2025-09-01,211,0.8472454090150251,12.0,,-14.306094150108306,-16.06328769930323,38.388653182233526,34.06266654521188,553,Buy,0.17531391585033784
GMMPFAUDLR.NS,1,0.5876023850242651,2025-09-01,211,0.6597307221542228,8.0,,-19.545479596430468,-25.616732186476177,30.432108397279734,35.53858869006589,554,Buy,0.1752047700485302
CEATLTD.NS,1,0.5876004479782064,2025-09-01,211,1.854175872735307,16.0,,-13.526414320520827,-15.949505962991351,54.91673082308491,47.91256810511231,555,Buy,0.17520089595641286
UNIDT.NS,1,0.5875951854672177,2025-09-01,211,0.4275092936802974,8.0,,-13.902737595196243,-26.64241629048103,45.51364856835742,22.643810534125564,556,Buy,0.17519037093443535
ISGEC.NS,1,0.5874582983314038,2025-09-01,211,1.560392156862745,17.0,,-4.226367689534908,-4.886656928959736,33.9480643059299,42.00268150106086,557,Buy,0.17491659666280768
SUDARSCHEM.NS,1,0.58729586351742,2025-09-01,211,0.40033153750518025,11.0,,-15.966958346534232,-20.603229081359945,45.52731015731371,43.76856554858487,558,Buy,0.17459172703484005
CGPOWER.NS,1,0.5871506837714093,2025-09-01,211,0.3924149615534993,36.0,,-8.179146989659616,0.07557649338871196,35.6343645199174,39.459330502788966,559,Buy,0.17430136754281866
WSTCSTPAPR.NS,1,0.5870061365134623,2025-09-01,211,0.2667390517553384,14.0,,-0.9498280171727895,-3.6484230452031046,45.21113940419643,57.07521571422354,560,Buy,0.17401227302692468
SHIVAMAUTO.NS,1,0.5867468764555333,2025-09-01,211,476.0,3.0,,-33.29999923706055,-42.425549811557744,54.73727970015827,26.143792153341863,561,Buy,0.1734937529110665
DALBHARAT.NS,1,0.5864903675669432,2025-09-01,211,0.023276748971193417,3.0,,-13.77756476026775,-17.65250991602313,37.41773311846185,45.047093604808595,562,Buy,0.17298073513388634
ESSARSHPNG.NS,1,0.5864715738170395,2025-09-01,211,-1.0266552020636286,122.0,,-15.930228002096605,-22.202291294971406,57.650173485809496,34.662574772756344,563,Buy,0.17294314763407903
DIVISLAB.NS,1,0.5864553609492188,2025-09-01,211,0.17744772327535666,21.0,,-7.012743335157532,-7.475690392843251,19.103955833173742,28.36158192090396,564,Buy,0.1729107218984376
UNIMECH.NS,1,0.5861450104175533,2025-09-01,211,0.053703703703703705,8.0,,-20.119884862929414,-23.357387320410567,49.91874230806367,25.261584454409572,565,Buy,0.17229002083510658
SSWL.NS,1,0.5861340803325854,2025-09-01,211,1.0770642201834861,17.0,,-20.807589164579728,-11.68057646387351,40.40681937077144,37.9193637685879,566,Buy,0.1722681606651708
DBL.NS,1,0.5860883856666984,2025-09-01,211,1.0053619302949062,10.0,,-10.442926624054289,-16.856344844823003,42.97801516328511,31.842781565052945,567,Buy,0.17217677133339682
JKPAPER.NS,1,0.5860756619606208,2025-09-01,211,0.6619516195161952,9.0,,-10.159799189765206,-15.835735703765302,44.888996935338206,42.617095465528685,568,Buy,0.17215132392124155
RAMCOCEM.NS,1,0.5859461270979883,2025-09-01,211,1.183394640042039,5.0,,-20.08859162095568,-13.23086058071807,36.02174813028821,31.256667910981236,569,Buy,0.17189225419597665
TRITURBINE.NS,1,0.5858841498366223,2025-09-01,211,0.7329749103942652,48.0,,-10.907434630755859,-18.90099149735175,28.6960619636261,36.627640378000585,570,Buy,0.17176829967324458
KOTARISUG.NS,1,0.5857391168165735,2025-09-01,211,0.48056537102473496,3.0,,-5.63321936297692,-16.362972608347167,30.037642471484975,28.22758125323196,571,Buy,0.17147823363314707
WCIL.NS,1,0.5853385079954112,2025-09-01,211,0.3612750885478158,13.0,,-32.00907746743268,-35.60204769620927,47.52486675623979,24.70118348759624,572,Buy,0.1706770159908224
IGARASHI.NS,1,0.5852079650535708,2025-09-01,211,0.728448275862069,8.0,,-23.198982844500655,-38.09846922308291,45.695857088895444,34.27248018536221,573,Buy,0.1704159301071415
REGENCERAM.NS,1,0.5851893541135117,2025-09-01,211,-2.660229330114665,-43.47,,-11.265288955688954,-17.81746968495553,54.29854527012339,41.06101187615288,574,Buy,0.1703787082270234
ONGC.NS,1,0.5851864621405973,2025-09-01,211,0.3875651183063141,15.0,,2.5950554596049358,24.22644576190328,26.57625171203271,65.37183045352347,575,Buy,0.17037292428119466
IRFC.NS,1,0.5851387993712086,2025-09-01,211,7.968857885183471,6.0,,-15.688225335968465,-34.0344310237156,37.52294894447299,35.470589873379765,576,Buy,0.1702775987424172
KTKBANK.NS,1,0.5850010280715361,2025-09-01,211,8.427754388752085,,,8.122787185222277,10.218010832842973,46.61074725491757,59.81458573798512,577,Buy,0.17000205614307218
NACLIND.NS,1,0.58499895858776,2025-09-01,211,1.846938775510204,-8.0,,-5.611210618287217,-25.797856505584605,52.63155294906453,56.03989177722661,578,Buy,0.16999791717551993
KRONOX.NS,1,0.5849872705807204,2025-09-01,211,0.1188118811881188,44.0,,-13.375002997262136,-31.127990341479734,41.4168858155608,32.87526064737732,579,Buy,0.16997454116144084
ZYDUSLIFE.NS,1,0.5848472210387978,2025-09-01,211,0.4711209684872008,31.0,,-5.268309783159116,-4.426523627478978,25.543798288097104,40.881573404090204,580,Buy,0.16969444207759565
SAPPHIRE.NS,1,0.5845139172136831,2025-09-01,211,1.33869670152856,5.0,,-29.831598826730993,-40.30004994413004,44.27215919627373,27.14125953172389,581,Buy,0.16902783442736613
GUFICBIO.NS,1,0.5844343758132334,2025-09-01,211,1.0158982511923689,13.0,,-1.9692088221918855,-17.962550474016854,39.76651680806664,48.101889071506555,582,Buy,0.16886875162646686
SAHYADRI.NS,1,0.5843934389281195,2025-09-01,211,0.27692307692307694,7.0,,-18.68733209648129,-20.192118950709833,39.53783473462462,31.86361567444473,583,Buy,0.16878687785623891
SUPREMEENG.NS,1,0.5843007166960538,2025-03-01,395,-1.3370786516853932,-22.0,,1.0752677834782465,-18.965515115173133,61.50928763382485,44.23076812861217,584,Buy,0.16860143339210754
TEAMLEASE.NS,1,0.5841294292607765,2025-09-01,211,1.2339955849889626,12.0,,-10.96646942800789,-28.221598076068705,43.39339246049466,52.98436388659192,585,Buy,0.16825885852155298
SJVN.NS,1,0.5839036081427114,2025-09-01,211,0.8498478187352047,8.0,,-15.713151427029656,-13.225483127669898,39.82633719333823,36.359215624112295,586,Buy,0.16780721628542272
ASTRAZEN.NS,1,0.5838820581321009,2025-09-01,211,1.0212765957446808,33.0,,-12.442214454842711,-15.297774869109947,23.58761329240558,26.69250645994832,587,Buy,0.16776411626420185
OMAXAUTO.NS,1,0.5837595813197773,2025-09-01,211,0.5394321766561514,9.0,,-15.452457446587054,-11.47556792058267,42.44611063530076,39.18144614594854,588,Buy,0.1675191626395547
KARMAENG.NS,1,0.5837306207871793,2025-09-01,211,0.23071377072819038,1.38,,-21.48232268355654,-32.884988660384636,45.39061337783169,40.60248762346247,589,Buy,0.1674612415743586
KRYSTAL.NS,1,0.5831694680066777,2025-09-01,211,0.6637362637362637,17.0,,-19.024428583554577,-2.4524004460179936,58.39564387013577,29.084375561018646,590,Buy,0.16633893601335537
RAJMET.NS,1,0.5830544269148329,2025-09-01,211,1.0727272727272728,8.0,,-25.449871024132804,-26.582276952933338,37.76948276349689,13.333340902175735,591,Buy,0.16610885382966578
VARROC.NS,1,0.5830293063894325,2025-09-01,211,1.3855359001040584,20.0,,-15.203196018629898,-22.884010439922413,40.9605419851878,45.37090090034756,592,Buy,0.16605861277886502
ITDC.NS,1,0.5830274556825052,2025-09-01,211,0.8539603960396039,27.0,,-30.120710775214388,-37.55793119665532,47.56581633559118,25.593543938764228,593,Buy,0.1660549113650105
GUJAPOLLO.NS,1,0.5827004575970073,2025-09-01,211,0.11096373056994811,1.23,,5.401087525159646,-5.980778887384235,47.53040637268681,55.91695587961673,594,Buy,0.16540091519401456
ONEPOINT.NS,1,0.5826272952575485,2025-09-01,211,0.21176470588235294,11.0,,-13.410041735821357,-27.96728150169218,38.41345495893726,35.06492771183251,595,Buy,0.16525459051509706
TNPETRO.NS,1,0.5825649011313286,2025-09-01,211,0.6858108108108109,7.0,,-12.542366292040718,-23.192158391890935,37.471169434178975,46.49050798188853,596,Buy,0.16512980226265728
KHAITANLTD.NS,1,0.5824763161324867,2025-09-01,211,1.422328439740526,21.03,,-0.41729017062790835,-5.665927184059098,51.88276464637156,50.371610535476954,597,Buy,0.16495263226497348
DIL.NS,1,0.5822406527589397,2025-09-01,211,0.19545454545454546,,,-20.588232973867658,-38.983047765344395,27.14476828681147,0.0,598,Buy,0.16448130551787932
SMCGLOBAL.NS,1,0.5819909533107829,2025-09-01,211,3.2002042900919307,16.0,,-29.632911199255833,-37.340223338823655,54.77501129552708,30.688300182227223,599,Buy,0.16398190662156575
NETWEB.NS,1,0.5819450353503403,2025-09-01,211,0.8339100346020761,32.0,,-14.631253417558568,-1.5503891000785726,54.99743381533576,44.975550595807285,600,Buy,0.1638900707006805
INDOBORAX.NS,1,0.5817020972759107,2025-09-01,211,0.06406685236768803,19.0,,-0.625408266478934,-8.118219140873475,10.54380602209173,48.67552011123731,601,Buy,0.16340419455182142
STYLAMIND.NS,1,0.5815565171195248,2025-09-01,211,0.18672199170124482,27.0,,-2.2627747367557496,-2.32894454693492,6.283297991812516,22.004646531695983,602,Buy,0.16311303423904966
SBFC.NS,1,0.5814467436858091,2025-09-01,211,1.860221316249272,,,-15.896107066761363,-23.632078350714917,24.53328414968835,15.767369336329594,603,Buy,0.16289348737161813
TPHQ.NS,1,0.5814457700590274,2025-09-01,211,0.10144927536231885,4.0,,-24.137929262644278,-48.23529585010035,35.74300487025616,17.64705779230728,604,Buy,0.16289154011805485
JAYBARMARU.NS,1,0.5814201507103454,2025-09-01,211,2.046744574290484,8.0,,-27.780428137585773,-16.72170346144737,58.42966065798525,33.52139593167118,605,Buy,0.16284030142069073
ASALCBR.NS,1,0.5813960016967534,2025-09-01,211,0.3219761499148211,20.0,,-18.427339084769454,-30.952256655572068,34.73897630862075,32.51048144724139,606,Buy,0.16279200339350686
POWERMECH.NS,1,0.5813212368269454,2025-09-01,211,1.055956678700361,21.0,,-18.937127167610253,-26.510873209429985,47.45127055761894,36.094221740427045,607,Buy,0.16264247365389073
WINDLAS.NS,1,0.5813177301855135,2025-09-01,211,0.5214953271028038,17.0,,-2.8867097751663313,-7.5421945695292205,28.859681158307467,51.218945349256416,608,Buy,0.16263546037102694
MAHASTEEL.NS,1,0.5812185504411331,2025-09-01,211,0.7746478873239436,7.0,,23.080408209819506,2.2776249160158595,52.568694294435694,58.76498336133136,609,Buy,0.16243710088226626
USHAMART.NS,1,0.5812130643374919,2025-09-01,211,0.25534591194968553,27.0,,-8.05636824262331,-11.606637278552887,40.26400211881968,45.265350511812514,610,Buy,0.16242612867498374
RAMCOIND.NS,1,0.5811813188945377,2025-09-01,211,0.3158289572393098,9.0,,-21.080167746242086,-26.09451602942151,48.10151643661267,38.63547266142224,611,Buy,0.16236263778907545
WIPL.NS,1,0.5810194729134465,2025-09-01,211,0.6226415094339622,8.0,,-5.344163685661555,-3.3179520580685247,26.316191471820698,36.2841460797949,612,Buy,0.16203894582689293
ALEMBICLTD.NS,1,0.5806059865920674,2025-09-01,211,0.0757396449704142,18.0,,-23.01845526544619,-29.697568072772544,38.26448389793814,25.26459984491153,613,Buy,0.16121197318413483
KAMOPAINTS.NS,1,0.5805484633042621,2025-09-01,211,0.00012913223140502474,-0.34,,-17.832951558617122,-41.10032029106511,53.147223224169196,37.05583172723449,614,Buy,0.16109692660852426
ASIANENE.NS,1,0.5804377470019406,2025-09-01,211,0.4103194103194103,16.0,,-21.829482688327573,-17.708869559512273,52.30553650875177,36.076261817335464,615,Buy,0.16087549400388124
RATEGAIN.NS,1,0.5802295504334688,2025-09-01,211,0.040396881644223954,7.0,,-13.936360510002613,-32.5923086313101,56.987361887248426,42.96180939415564,616,Buy,0.1604591008669376
PENINLAND.NS,1,0.5800372251946422,2025-09-01,211,4.097142857142857,6.0,,-19.782113860616786,-46.067850874751684,60.28110849102224,38.089619299490195,617,Buy,0.16007445038928436
DIFFNKG.NS,1,0.5800108508712847,2025-09-01,211,0.20107238605898123,14.0,,-4.910547604050764,-24.759035225374156,41.378627442383916,48.330594211078505,618,Buy,0.16002170174256936
GRASIM.NS,1,0.5800033752689807,2025-09-01,211,0.45873777583887737,2.0,,-11.14160512966748,-9.227384196527618,32.465751227739794,42.35861990623503,619,Buy,0.16000675053796143
ICICIBANK.NS,1,0.5799840975533919,2025-09-01,211,5.910702790133441,,,-13.895035743372903,-10.700532981899082,23.655281574067654,37.16814159292036,620,Buy,0.15996819510678373
GODAVARIB.NS,1,0.5798668415707734,2025-09-01,211,1.0308988764044944,6.0,,6.473138477176087,1.7542032925454172,56.35999856328727,55.33311539352158,621,Buy,0.1597336831415468
GSLSU.NS,1,0.5798309523069747,2025-09-01,211,0.2,4.0,,-48.06455237470392,-56.81306164402,47.20086273153742,10.394690822668025,622,Buy,0.15966190461394936
RADIOCITY.NS,1,0.5793851803986687,2025-09-01,211,0.3456032719836401,-5.0,,-22.462567887803473,-30.343799588123886,29.396567779038467,10.416643211128331,623,Buy,0.15877036079733742
KARURVYSYA.NS,1,0.5793324267391265,2025-09-01,211,9.167161613004064,,,-14.086391968907858,10.117574135269477,44.17388241449934,48.57830820647343,624,Buy,0.1586648534782531
STALLION.NS,1,0.5793096836059778,2025-09-01,211,0.11006289308176101,20.0,,-20.182273466775825,-53.82570202497307,61.94025089074393,50.623781044420916,625,Buy,0.15861936721195558
PRAKASHSTL.NS,1,0.5791790278048152,2025-09-01,211,2.8562231759656647,19.63,,-9.502264005526996,-20.0,26.44516977597104,42.6829310842118,626,Buy,0.15835805560963045
PDMJEPAPER.NS,1,0.5791372289374822,2025-09-01,211,0.3370253164556962,22.0,,-20.00000374448811,-30.704645035695737,35.746379665008924,29.12657742266292,627,Buy,0.1582744578749644
OBCL.NS,1,0.5788648399992499,2025-09-01,211,0.7727272727272727,4.0,,4.053814624569217,3.6018129927000846,37.04097034257338,62.7078429995628,628,Buy,0.15772967999849974
GLOSTERLTD.NS,1,0.5785788894548295,2025-09-01,211,0.340153452685422,5.0,,-7.621973729395605,-19.448060649434648,25.57549907478021,44.60809073443372,629,Buy,0.15715777890965899
BLACKBUCK.NS,1,0.5784851499333329,2025-09-01,211,0.15817490494296577,11.0,,-3.8339721726907214,-13.985386325595389,35.1933434448528,54.274616365885294,630,Buy,0.15697029986666577
ANUHPHR.NS,1,0.5784839919904442,2025-09-01,211,0.5565749235474006,17.0,,-11.842105263157894,-14.28936731558327,32.74239810243185,19.562822894535856,631,Buy,0.1569679839808884
VISASTEEL.NS,1,0.578319919256577,2025-09-01,211,-1.3841684822076978,-5.0,,-25.926889283638683,-41.432696854804064,50.71831832418188,24.91962383540998,632,Buy,0.156639838513154
WONDERLA.NS,1,0.5779524069109199,2025-09-01,211,0.07722884724588303,8.0,,1.504383952702218,-5.724820628533019,31.513061104365814,45.605882059656615,633,Buy,0.15590481382183974
SUNDROP.NS,1,0.577592789322504,2025-09-01,211,0.087465564738292,0.0,,-13.814832795092203,-19.30796555124964,28.89597986908306,33.04676782652936,634,Buy,0.15518557864500804
GANGESSECU.NS,1,0.5775377468537882,2025-09-01,211,0.07041356711341652,0.89,,-19.866122530059123,-24.326093271188018,45.062911049498915,33.80587173601495,635,Buy,0.15507549370757645
DCMSRIND.NS,1,0.5772082200289955,2025-09-01,211,1.1333333333333333,14.0,,-1.2957119748653954,-37.123993962814815,43.66415999618828,49.31297625453978,636,Buy,0.15441644005799104
SANGHVIMOV.NS,1,0.5771171612096914,2025-09-01,211,0.5579399141630901,12.0,,-10.973282442748092,-34.60891729248946,56.51155169955759,48.6970696788609,637,Buy,0.15423432241938273
HCC.NS,1,0.5770021257965412,2025-09-01,211,3.4839357429718874,31.0,,-23.93351732644025,-26.26208956281871,42.96824201602636,37.571425087598385,638,Buy,0.1540042515930824
THEJO.NS,1,0.5768407330351702,2025-09-01,211,0.4097222222222222,27.0,,-15.786429852420191,-16.705717260953364,33.311544087759856,26.058976670817486,639,Buy,0.1536814660703405
OMINFRAL.NS,1,0.5766457416560645,2025-09-01,211,0.4012820512820513,6.0,,-6.479333085339629,-19.233854864006734,49.1114611004994,52.46253253878157,640,Buy,0.15329148331212905
VINNY.NS,1,0.5766348474979892,2025-09-01,211,0.4578313253012048,13.0,,-14.159289141289067,-23.6220438442387,52.31659414296808,45.65218292696832,641,Buy,0.15326969499597842
SANSERA.NS,1,0.5766312384667464,2025-09-01,211,0.2726008344923505,13.0,,-11.85093540906472,22.11560750960905,52.796335091252026,48.94001113591174,642,Buy,0.1532624769334927
SHRIRAMPPS.NS,1,0.5765327148784346,2025-09-01,211,0.589058524173028,-1.0,,-22.561440109544726,-27.56250561649649,37.672806060432,22.649563438017765,643,Buy,0.1530654297568692
BVCL.NS,1,0.5763571671663006,2025-09-01,211,0.8245614035087719,12.0,,-23.69171947566243,-29.057936830909544,53.534273647968035,27.628641456104532,644,Buy,0.15271433433260118
TATVA.NS,1,0.5762194797257367,2025-09-01,211,0.23601637107776263,0.0,,-13.56057294340349,-19.804923778380672,42.68037360969272,43.25422785427818,645,Buy,0.15243895945147345
INTERARCH.NS,1,0.5761748827659855,2025-09-01,211,0.5605493133583022,25.0,,-11.619513858339992,-29.29936305732484,40.43349157049719,44.84028170497243,646,Buy,0.152349765531971
SIGNATURE.NS,1,0.5759160415725915,2025-09-01,211,6.331896551724138,9.0,,-24.62666651808584,-37.43320085790353,50.312981042097405,23.359361754081107,647,Buy,0.15183208314518293
KIRLOSENG.NS,1,0.5758558845463889,2025-09-01,211,0.4913603518693057,18.0,,-5.6111938795425536,5.352960782006299,38.18615575924231,35.57846629951432,648,Buy,0.15171176909277784
EXPLEOSOL.NS,1,0.5756094036933883,2025-09-01,211,0.27732463295269166,20.0,,-15.806592702662384,-35.199836489608465,37.73586835137822,31.398218111474222,649,Buy,0.15121880738677662
RADAAN.NS,1,0.5755092250188909,2025-09-01,211,-1.555084745762712,13.41,,-18.30065206703458,-30.74792042525422,56.77105190804295,32.35294220769272,650,Buy,0.1510184500377818
EVERESTIND.NS,1,0.5754926924702486,2025-09-01,211,0.9691056910569106,3.0,,-26.428478248076793,-44.658345069595086,41.27445674340352,16.857486879127478,651,Buy,0.15098538494049718
AKUMS.NS,1,0.5754616337227006,2025-09-01,211,0.14707121786767804,16.0,,-2.6219550721822182,4.436481929668297,43.78582283631088,46.38844113059767,652,Buy,0.1509232674454013
HARRMALAYA.NS,1,0.5751535745792223,2025-09-01,211,2.0424242424242425,11.0,,-10.942837120359156,7.0190616854464105,48.58709448560484,45.02660296238047,653,Buy,0.15030714915844468
CONSOFINVT.NS,1,0.5751326310552155,2025-09-01,211,0.0953757225433526,8.0,,-17.916666666666668,14.455034620395502,31.80066262148886,23.88162836348991,654,Buy,0.150265262110431
TCIEXP.NS,1,0.5751004184260274,2025-09-01,211,0.1891891891891892,16.0,,-15.11082879148263,-20.292534171715403,34.3341353206487,23.420264036706797,655,Buy,0.15020083685205488
RAYMOND.NS,1,0.5750965552583547,2025-09-01,211,0.055865921787709494,1.0,,-19.051810572728815,-23.677970882887912,45.10624447527608,31.631898916330442,656,Buy,0.15019311051670936
GMRP&UI.NS,1,0.5750956407970738,2025-09-01,211,1.4932601098352472,8.0,,-26.42453311008321,-19.072956661818914,50.12610368112757,30.444327308848273,657,Buy,0.15019128159414752
MARICO.NS,1,0.5750707292648014,2025-09-01,211,0.3248369887374037,43.0,,-8.730695790962208,-0.9888303116701636,24.247022100790915,35.05155981289796,658,Buy,0.1501414585296028
SILLYMONKS.NS,1,0.5750219122236468,2025-09-01,211,0.1735632183908048,2.08,,-15.118201610414564,-28.452272312465777,42.365939196646366,34.999981880177614,659,Buy,0.1500438244472937
TATACOMM.NS,1,0.5750192802794964,2025-09-01,211,1.002372713791399,6.0,,-17.286447925392686,-24.17303988937309,37.9314985946552,35.85300077743649,660,Buy,0.1500385605589929
DVL.NS,1,0.5750187440667246,2025-09-01,211,0.04089026915113872,4.0,,-24.947674542253083,-34.108009760829624,41.11680732738691,35.10960355799962,661,Buy,0.1500374881334492
ARVSMART.NS,1,0.5747788122214338,2025-09-01,211,1.6996336996336996,3.0,,-6.068258477238196,-16.31820278334548,42.9971442902979,50.27850520301651,662,Buy,0.14955762444286758
ANGELONE.NS,1,0.574535059429019,2025-09-01,211,2.140113188132396,26.0,,-7.952278219395768,-7.361506240642671,47.87722232630465,55.666104444010834,663,Buy,0.1490701188580379
LLOYDSENT.NS,1,0.5742464184242991,2025-09-01,211,0.18019573978123202,1.0,,-23.568523209058096,-38.850299707699584,56.15836484423311,34.95458248754872,664,Buy,0.14849283684859826
ANIKINDS.NS,1,0.5741501149640328,2025-09-01,211,0.09059233449477352,2.0,,-29.41808214025406,-37.17507812765441,41.173247444102486,19.8795326078901,665,Buy,0.14830022992806557
CANFINHOME.NS,1,0.5741495480193324,2025-09-01,211,6.643236317041918,,,-10.840320868974105,-14.405359194888653,36.488307570521265,45.50871862268913,666,Buy,0.14829909603866476
MAXESTATES.NS,1,0.5739955083247449,2025-09-01,211,0.07487520798668885,3.0,,-24.121404612616878,-31.472642688901136,41.64724171685133,20.19417475728156,667,Buy,0.14799101664948977
MAHABANK.NS,1,0.5739769017469384,2025-09-01,211,10.824247793210365,,,-17.211122684739376,9.251609150412072,50.27024845055631,41.62825842566595,668,Buy,0.14795380349387677
IMPEXFERRO.NS,1,0.5737576645154546,2025-06-01,303,-1.5262523397100345,,,-19.526629097166712,-24.444441648177083,36.31859212019822,24.13794237424554,669,Buy,0.14751532903090925
BANARBEADS.NS,1,0.5736546964359363,2025-09-01,211,0.31008849557522117,7.76,,-15.842317226213146,-21.27184339306413,44.12908167485326,37.79070177720114,670,Buy,0.1473093928718725
ECLERX.NS,1,0.5735137888217589,2025-09-01,211,0.5027322404371585,29.0,,-15.873738303214093,-40.735678211238856,40.79313305581876,39.283325537476685,671,Buy,0.1470275776435177
VBL.NS,1,0.5733037948546078,2025-09-01,211,0.17719346803210628,24.0,,-15.739826486633154,-20.451485710208217,33.80506871646167,27.89452361019285,672,Buy,0.1466075897092156
PARACABLES.NS,1,0.5732316634224899,2025-09-01,211,0.3431241655540721,16.0,,-15.950559591847593,-26.900435912401978,51.064858973668834,36.97303545995523,673,Buy,0.14646332684497976
WELENT.NS,1,0.5731435280648381,2025-09-01,211,0.5455516014234876,16.0,,-16.305988928032207,-17.803477652480197,35.220916399211674,38.5807801273055,674,Buy,0.1462870561296763
CROMPTON.NS,1,0.5725550792911552,2025-09-01,211,0.533480907581627,20.0,,-15.07785170148545,-12.94529850491792,30.000808172022502,34.74137792689302,675,Buy,0.14511015858231047
UTIAMC.NS,1,0.5724385883689058,2025-09-01,211,0.12232243517474634,24.0,,-10.37433690613349,-16.67259709820133,32.47225078934218,47.503195687573644,676,Buy,0.14487717673781164
CAMPUS.NS,1,0.5722656887672027,2025-09-01,211,0.929471032745592,20.0,,-16.834500786800355,-16.309749099994026,29.081848350071134,31.690157493218166,677,Buy,0.14453137753440548
PNC.NS,1,0.5719259901436817,2025-09-01,211,0.24350168350168347,-1.69,,-31.02874090762308,-39.56204490330334,59.859641391088346,24.49159282364559,678,Buy,0.14385198028736346
NATHBIOGEN.NS,1,0.571860484888089,2025-09-01,211,0.462882096069869,7.0,,-12.853764530247288,-17.674832014091987,36.368029535142895,37.22168019598618,679,Buy,0.1437209697761781
FIBERWEB.NS,1,0.5717102937404948,2025-09-01,211,0.09239130434782608,10.0,,-23.977875857756388,-12.170049635579305,33.88006430086233,18.46654211921539,680,Buy,0.14342058748098951
KAKATCEM.NS,1,0.5716845650223541,2025-09-01,211,0.19270833333333334,-3.0,,-25.85620755463644,-34.15879815250806,29.689952615235228,8.300829246641342,681,Buy,0.1433691300447082
TVTODAY.NS,1,0.571616158051985,2025-09-01,211,0.2161547212741752,12.0,,-20.9370976876747,-27.30808230966967,34.221398060335694,29.72617242483372,682,Buy,0.14323231610396991
ACCURACY.NS,1,0.5710715823611887,2025-09-01,211,1.4793388429752066,8.0,,-29.183674263785335,-40.275386182703485,51.318036347044284,23.96694296297595,683,Buy,0.14214316472237742
SMARTLINK.NS,1,0.5710369492224477,2025-09-01,211,0.135,0.0,,-15.11410787417602,-21.06336851271005,37.340862018059504,33.42913753194905,684,Buy,0.14207389844489549
CHEVIOT.NS,1,0.5707188378299226,2025-09-01,211,0.09312320916905444,10.0,,-15.508220871993018,-16.46036903662662,22.87102526542845,27.54588682834047,685,Buy,0.14143767565984522
WELSPUNLIV.NS,1,0.5705980563240031,2025-09-01,211,0.8846343873517787,14.0,,-14.76905907933394,-18.29222772092612,41.92686635602884,40.93991982113804,686,Buy,0.14119611264800613
PIIND.NS,1,0.5705540483365941,2025-09-01,211,0.16974303293521534,25.0,,-12.112492360493778,-15.821234685336632,31.722137789183634,30.83395345791388,687,Buy,0.14110809667318813
SUNDARMFIN.NS,1,0.5704973072393489,2025-09-01,211,4.075474622239442,,,-20.387554585152838,-14.77100749701162,38.44767672379424,18.564506359781944,688,Buy,0.14099461447869777
UDAICEMENT.NS,1,0.5702726423736751,2025-03-01,395,2.36875,8.0,,-2.7121431007197834,14.398482649059716,32.34512856166389,46.60713932952727,689,Buy,0.14054528474735029
SASTASUNDR.NS,1,0.5702335544815736,2025-09-01,211,0.0012527172911831984,-0.26,,-9.381053334891769,-14.945380001420313,36.509027606337,41.59186723774055,690,Buy,0.1404671089631473
HEMIPROP.NS,1,0.5700967242194214,2025-09-01,211,1.664787707973452,-0.73,,-21.01802500456577,-20.636500795674774,46.73331111086298,30.143793550355298,691,Buy,0.14019344843884274
INDIANCARD.NS,1,0.5695417667223158,2025-09-01,211,0.07183908045977011,7.0,,-25.464063991335973,-34.84501679768211,29.80884326586918,10.235728799868738,692,Buy,0.13908353344463165
SYRMA.NS,1,0.5693992291483794,2025-09-01,211,0.7973457675753228,6.0,,-7.2910477333114345,4.798693614359255,50.41688749290364,56.54372254825534,693,Buy,0.13879845829675874
RAMRAT.NS,1,0.56938339578575,2025-09-01,211,2.2217898832684826,21.0,,-9.173730068895138,-9.387237998857923,39.74986301035211,27.874567423917384,694,Buy,0.13876679157150007
MOSCHIP.NS,1,0.5691163065395507,2025-09-01,211,0.41208791208791207,11.0,,-23.8520817510601,-27.927670182297682,48.01230881810659,33.316499008436,695,Buy,0.1382326130791014
TVSSCS.NS,1,0.5691151271649321,2025-09-01,211,0.3711144806671721,4.0,,-19.580976828210144,-16.179856036212804,39.25893959566346,25.514021445962513,696,Buy,0.13823025432986413
SIGNPOST.NS,1,0.5690235927502493,2025-09-01,211,1.6454183266932272,15.0,,-11.363272416660223,-0.2522397966081239,46.79592367481022,44.98345927300208,697,Buy,0.13804718550049855
NOIDATOLL.NS,1,0.568644290579708,2025-09-01,211,-3.8125,-9.0,,-22.9551423302315,-31.29411585190717,57.83320370036864,26.5306340908173,698,Buy,0.137288581159416
GLOBALVECT.NS,1,0.5683214378412484,2025-09-01,211,188.8,7.0,,-18.037037790557484,-36.19720417573614,49.54859918351844,34.84190935784373,699,Buy,0.1366428756824969
ITC.NS,1,0.5682501516919968,2025-09-01,211,0.2535102427644529,37.0,,-10.023452007183346,-27.321658928195465,21.767408092128747,32.53816738320903,700,Buy,0.13650030338399355
BESTAGRO.NS,1,0.568232637559074,2025-09-01,211,1.183838383838384,14.0,,-28.07017592781076,-52.33788357562482,42.29889675843822,12.499997742248198,701,Buy,0.1364652751181481
NCLIND.NS,1,0.5680677841451774,2025-09-01,211,0.8402234636871508,7.0,,-19.253406992400375,-24.44321972118794,36.575539197442424,23.104118916557425,702,Buy,0.1361355682903549
BALAXI.NS,1,0.568041870507541,2025-09-01,211,0.446272180336608,5.06,,-23.709837498361015,-44.6876098888318,57.21807078479063,31.845593552470604,703,Buy,0.13608374101508192
NEULANDLAB.NS,1,0.5680392243769581,2025-09-01,211,0.5707196029776674,19.0,,-9.781711799564924,-19.702229937241285,41.655562341998824,39.28030303030303,704,Buy,0.13607844875391617
CMSINFO.NS,1,0.5678623245102997,2025-09-01,211,0.32748538011695905,22.0,,-11.021773499659757,-22.278842674502382,24.558626554520455,21.001000281516355,705,Buy,0.13572464902059944
CHENNPETRO.NS,1,0.5678078343623327,2025-09-01,211,0.9039046060322656,4.0,,5.5079894578964925,16.780346966471228,58.719457988104985,53.28506274011905,706,Buy,0.13561566872466546
BIRLAMONEY.NS,1,0.5677572341491934,2025-09-01,211,8.619402985074627,13.0,,-27.122725479856342,-32.93815885113933,43.91680514974248,22.11080060610793,707,Buy,0.13551446829838687
INDIAGLYCO.NS,1,0.5675657764453919,2025-09-01,211,1.9033889731917046,12.0,,-7.778231435766979,-16.655724227770104,42.74558615388317,50.957107990162264,708,Buy,0.1351315528907837
EMUDHRA.NS,1,0.5675142394033748,2025-09-01,211,0.10669077757685352,5.0,,-14.783597698515802,-37.789969021117244,37.36902132114264,31.59782946959635,709,Buy,0.1350284788067495
GATEWAY.NS,1,0.5674502532214906,2025-09-01,211,0.27849308536003814,12.0,,-14.322035191422803,-14.474992088953275,44.32835653922601,37.16038841027809,710,Buy,0.13490050644298113
PARADEEP.NS,1,0.5671705132653153,2025-09-01,211,1.8139173656415035,14.0,,-7.798125599869439,-32.57466469279372,44.62797434312966,55.086655230561576,711,Buy,0.13434102653063063
MANORAMA.NS,1,0.5670518636011649,2025-09-01,211,0.8038528896672504,23.0,,-21.105916255149186,-14.081505326004413,42.0187387877451,33.315102925012255,712,Buy,0.13410372720232977
BOROLTD.NS,1,0.5670364723771598,2025-09-01,211,0.3854289071680376,12.0,,-9.413474285540802,-22.92717238778453,55.28307340160049,47.12845838687041,713,Buy,0.13407294475431963
MANINFRA.NS,1,0.5666191493986459,2025-09-01,211,0.032116788321167884,13.0,,-26.139355277350052,-39.311410103360735,43.34709754517546,26.42856586778565,714,Buy,0.13323829879729177
DCMSHRIRAM.NS,1,0.5665053449659319,2025-09-01,211,0.8068574588690723,11.0,,4.99341493011492,-10.998571227422001,35.1272317190938,73.6434198020454,715,Buy,0.1330106899318637
GRINDWELL.NS,1,0.5661982138961014,2025-09-01,211,0.3683281870313189,21.0,,-18.595835920222324,-13.622727380406161,23.32747599606046,21.982345537428472,716,Buy,0.13239642779220273
ZENTEC.NS,1,0.5660550133928646,2025-09-01,211,0.07110352673492605,33.0,,-4.580723910453723,-6.9682896003520405,34.51120079334565,30.791174281774957,717,Buy,0.13211002678572914
INTENTECH.NS,1,0.5660082769198459,2025-09-01,211,0.36220472440944884,11.0,,-31.981758427117633,-39.54650914905775,48.920607808711644,20.57142433633517,718,Buy,0.1320165538396918
PVSL.NS,1,0.5659241585400088,2025-09-01,211,2.251732101616628,1.0,,1.3430718974281444,-26.984128320447788,59.74103135422381,40.700106169701314,719,Buy,0.13184831708001754
SIKKO.NS,1,0.5657801702915187,2025-09-01,211,0.5722067686601762,10.72,,-9.523810998259648,-23.58318119437862,46.384353930445535,38.743452229674645,720,Buy,0.13156034058303745
TRF.NS,1,0.5657382880435131,2025-09-01,211,3.1772151898734178,20.0,,-19.833793886700715,-27.029754868294773,47.10139266262799,41.18896137986153,721,Buy,0.13147657608702623
BORORENEW.NS,1,0.5656994399982556,2025-09-01,211,0.40313549832026874,6.0,,-20.396960485342895,-31.12267894112502,43.76677101977736,39.98819974894768,722,Buy,0.13139887999651112
HUDCO.NS,1,0.5653790132828527,2025-09-01,211,7.275544713644176,,,-15.613329566761081,-27.05449997290238,38.396951957685346,39.56759036556045,723,Buy,0.13075802656570534
AIROLAM.NS,1,0.5653426468646716,2025-09-01,211,1.9,8.0,,-10.64585492702431,-19.83582840191782,30.20520839161356,34.84978270949084,724,Buy,0.13068529372934323
FAZE3Q.NS,1,0.5649927380650451,2025-09-01,211,0.7311320754716981,12.0,,-18.667957331869296,-14.577918006660411,58.44569179638377,32.669521436312635,725,Buy,0.12998547613009026
INDNIPPON.NS,1,0.5649341992742782,2025-09-01,211,0.3086734693877551,15.0,,-18.00675667958429,-15.54812576195673,48.11106022918166,32.40845875229256,726,Buy,0.12986839854855647
BANSALWIRE.NS,1,0.5647923643724516,2025-09-01,211,0.6016064257028112,15.0,,-15.654298218171725,-27.680435371704213,36.85556697411555,38.73517609475168,727,Buy,0.12958472874490323
PAKKA.NS,1,0.5647708175364424,2025-09-01,211,0.7525354969574036,14.0,,-8.766562219401129,-25.326781310098635,52.221565228426094,49.038723153797065,728,Buy,0.12954163507288485
SHANTI.NS,1,0.564698717386736,2025-09-01,211,0.3601419278533412,-16.79,,-25.3623184900378,-43.899782961185664,33.474811361213135,14.450847295987316,729,Buy,0.1293974347734721
BLUESTARCO.NS,1,0.564597502414575,2025-09-01,211,1.6152227288670642,23.0,,-17.06827352147657,-8.685303652233802,43.9274007265187,31.092677580249614,730,Buy,0.12919500482914992
PODDARMENT.NS,1,0.564449987727618,2025-09-01,211,0.1553133514986376,9.0,,-13.762327886267284,-22.837047165933217,27.17293099753702,35.34902626300985,731,Buy,0.12889997545523602
SIYSIL.NS,1,0.5644373723567185,2025-09-01,211,0.6086956521739131,20.0,,-18.572500401141923,-32.37330342413246,35.375124151114065,31.31477322724396,732,Buy,0.12887474471343707
MANKIND.NS,1,0.5644285971593491,2025-09-01,211,0.6029658284977434,15.0,,-6.953653371948257,-8.536249483441633,37.44299178321511,37.11340926950817,733,Buy,0.12885719431869824
PGIL.NS,1,0.5644241713732251,2025-09-01,211,0.8701754385964913,11.0,,-12.032221741617937,-14.906985825205924,41.28993263406422,39.73132401804053,734,Buy,0.12884834274645018
DCMNVL.NS,1,0.564200596271198,2025-09-01,211,0.6543909348441926,8.0,,-28.71027167890826,-28.71027167890826,45.82187589719247,25.694452235897785,735,Buy,0.12840119254239601
TCS.NS,1,0.5641090912236406,2025-09-01,211,0.7008432417175317,78.0,,-10.284111416074095,-26.774934371018617,21.125461527788417,28.436177990514338,736,Buy,0.12821818244728123
KMEW.NS,1,0.5640741842337587,2025-09-01,211,1.0710900473933649,24.0,,-10.197832117315503,-19.35093777932481,52.008492354959536,43.543756705550535,737,Buy,0.12814836846751732
TTL.NS,1,0.5639717819208729,2025-09-01,211,0.7380952380952381,1.0,,-12.79916322766668,-1.643196429586826,35.20068583421542,36.909883541265636,738,Buy,0.12794356384174588
SURAJLTD.NS,1,0.5637784176188951,2025-09-01,211,0.5303030303030303,12.0,,-6.711580606694058,-13.726393150952006,41.5282821018602,44.30505741240989,739,Buy,0.12755683523779027
BANARISUG.NS,1,0.5637293526669749,2025-09-01,211,0.1964873765093304,9.0,,-0.11947898938941372,-1.2010760868733747,3.638739466713586,49.621151403805136,740,Buy,0.12745870533394976
GRWRHITECH.NS,1,0.5635308669602547,2025-09-01,211,0.13107390771743568,21.0,,-15.967309625088177,7.86058253376543,49.851212353426476,34.77341218903405,741,Buy,0.12706173392050935
PROTEAN.NS,1,0.5633449058651024,2025-09-01,211,0.2847424684159378,12.0,,-23.417400034386592,-42.17242219865874,39.54085771446798,27.63607124887757,742,Buy,0.12668981173020488
RELTD.NS,1,0.5631097986639801,2025-09-01,211,0.12009803921568628,12.0,,-17.453647236420657,-28.8599781991402,47.66860588629596,36.91495156060695,743,Buy,0.1262195973279603
MALUPAPER.NS,1,0.5630569397427208,2025-09-01,211,-11.0,-4.0,,-13.566879874634955,-23.072561426575724,60.18724795839262,40.105698198458015,744,Buy,0.1261138794854415
SVPGLOB.NS,1,0.5627631502318616,2025-09-01,211,-3.724106491611962,-5.85,,-23.809524968020284,-43.99999976158142,27.511419771647173,15.151504204837721,745,Buy,0.12552630046372326
ZEEMEDIA.NS,1,0.5626572452404447,2025-09-01,211,1.4634760705289673,-17.0,,-20.92746473219328,-29.852316281877165,50.1090683261986,26.829276397331824,746,Buy,0.12531449048088938
NECCLTD.NS,1,0.5624250482350321,2025-09-01,211,0.6322869955156951,7.0,,-24.47405129804703,-41.878035301285415,50.83956423001658,31.69130142559429,747,Buy,0.12485009647006429
GAEL.NS,1,0.5624124866200225,2025-09-01,211,0.21809369951534732,12.0,,-5.860759512403751,8.07221385264832,35.2581755955644,57.35334282029099,748,Buy,0.12482497324004505
TATAELXSI.NS,1,0.5623798868289,2025-09-01,211,0.27905255366395265,36.0,,-13.117760593046757,-25.643229288402207,33.93662440563917,36.40368039786681,749,Buy,0.12475977365780011
PNBGILTS.NS,1,0.5623388231691594,2025-09-01,211,15.64190012180268,7.0,,-24.550443713344173,-27.312937349725114,33.51951944226273,15.664705968804455,750,Buy,0.12467764633831879
KOPRAN.NS,1,0.561883908478138,2025-09-01,211,0.2644230769230769,9.0,,-16.745012438552422,-27.387589360421966,45.17496341709705,38.116997850379015,751,Buy,0.12376781695627592
CAPTRUST.NS,1,0.5617330742630765,2025-09-01,211,1.4666666666666666,12.0,,-13.725490196078432,-21.76387146722518,32.57209175627792,29.599990844726562,752,Buy,0.12346614852615301
NAGREEKCAP.NS,1,0.5617264141514827,2025-09-01,211,3.7777777777777777,29.0,,-21.96488968086645,-26.701756527549342,45.873107738196715,28.704774469926207,753,Buy,0.12345282830296544
NARMADA.NS,1,0.5617140473423963,2025-09-01,211,0.22099447513812148,13.05,,-7.45493021947738,40.166589819613016,36.55705744221287,46.84685319383689,754,Buy,0.12342809468479254
ESCORTS.NS,1,0.5616939580963815,2025-09-01,211,0.26570900537634407,14.0,,-23.939713231672226,-25.526026185493873,47.417660834700605,34.15669069875014,755,Buy,0.1233879161927629
BDL.NS,1,0.5615520211919488,2025-09-01,211,2.0988854635997156,20.0,,-11.621539939362302,-25.53594146686291,43.72374262682229,23.833506210612924,756,Buy,0.1231040423838976
COLPAL.NS,1,0.5614240006880568,2025-09-01,211,1.008849557522124,105.0,,-21.21652448428194,-14.309665859258313,34.34837504154721,20.5543109072391,757,Buy,0.12284800137611351
GODREJCP.NS,1,0.5613336578200467,2025-09-01,211,0.6111938446264582,19.0,,-20.413773366515464,-18.0002744341701,30.604937064094795,33.204342922848994,758,Buy,0.12266731564009348
KILITCH.NS,1,0.5612346574260058,2025-09-01,211,0.40634920634920635,13.0,,-22.133584029697094,-27.55057408225631,48.19600728218049,18.12080536912751,759,Buy,0.12246931485201151
GOLDIAM.NS,1,0.5612321212000629,2025-09-01,211,0.1891891891891892,28.0,,-23.30859170475919,-24.98309949004048,41.01561400831129,30.85198135749107,760,Buy,0.12246424240012588
LGHL.NS,1,0.5610625456412608,2025-09-01,211,1.5866666666666667,18.0,,-20.826101606690607,-17.979143798144605,43.325468706948364,24.865828163965872,761,Buy,0.12212509128252158
HGINFRA.NS,1,0.5607057892432434,2025-09-01,211,1.0871409921671018,24.0,,-23.78345290250913,-44.73616716879184,43.206220052301845,38.3516005004358,762,Buy,0.12141157848648687
GLFL.NS,1,0.5604788781248727,2025-09-01,211,-2.550122249388753,1.02,,-35.71428350261053,-33.66833873841982,64.08708696752471,33.33333833162742,763,Buy,0.12095775624974547
APTUS.NS,1,0.560441314220741,2025-09-01,211,1.2435515873015872,14.0,,-21.322278640046406,-30.733352954104888,36.300334609430216,28.603476627593523,764,Buy,0.1208826284414819
NELCAST.NS,1,0.560189258566355,2025-09-01,211,1.0407079646017698,10.0,,-1.5081358636337545,8.55686194088545,50.13120445612306,49.71458073180408,765,Buy,0.12037851713271008
CREDITACC.NS,1,0.5600618493657944,2025-09-01,211,2.8636236739251815,,,-11.352678809218771,-8.211792770352705,35.23428195447104,50.69648976318901,766,Buy,0.12012369873158879
NURECA.NS,1,0.5600441537785765,2025-09-01,211,0.08673469387755102,0.0,,-28.939683338840027,-27.417940821505116,46.1159452137518,21.653140092431755,767,Buy,0.12008830755715305
VOLTAS.NS,1,0.5599449986366263,2025-09-01,211,0.545726017170586,13.0,,-16.395163661535207,-7.841570391156208,41.45610762676409,33.66594299846139,768,Buy,0.11988999727325256
AVTNPL.NS,1,0.559924176638763,2025-09-01,211,0.47834645669291337,11.0,,-16.848077744730976,-18.026686096092178,35.71691341569981,35.3178612905225,769,Buy,0.11984835327752608
SGLTL.NS,1,0.5598693891114441,2025-09-01,211,0.172859450726979,8.0,,,,,,770,Buy,0.11973877822288825
HIMATSEIDE.NS,1,0.5597714828247269,2025-09-01,211,1.571123451516446,8.0,,-27.367265435410626,-37.02097997571611,43.24735174140907,30.092985757993475,771,Buy,0.11954296564945377
NAUKRI.NS,1,0.5595744401729418,2025-09-01,211,0.1780977137905752,5.0,,-7.237341113755916,-28.992037690819267,28.451422323239594,46.46342470984132,772,Buy,0.11914888034588356
EVEREADY.NS,1,0.559440534961086,2025-09-01,211,1.466950959488273,17.0,,-19.321147674711384,-20.252014868968075,34.41054145961121,28.070194776932127,773,Buy,0.11888106992217207
RML.NS,1,0.5593878490384222,2025-09-01,211,2.43509272467903,14.0,,-23.55117139334155,-21.22982858201005,42.57873976019218,14.930422588359647,774,Buy,0.1187756980768444
HTMEDIA.NS,1,0.5593323324344063,2025-09-01,211,1.8961937716262975,3.0,,-17.507960079773838,-21.267366888760186,41.361455824469715,35.358438040570235,775,Buy,0.11866466486881255
INDIAMART.NS,1,0.5591550994940324,2025-09-01,211,0.8233719892952721,38.0,,-9.487785291527995,-10.378124946640368,24.64052305019258,26.061635273779856,776,Buy,0.11831019898806483
RBA.NS,1,0.559120264117618,2025-09-01,211,0.9044843049327355,2.0,,-10.109893821466063,-6.727481852380722,12.171746769361933,8.998579317385818,777,Buy,0.1182405282352359
TOUCHWOOD.NS,1,0.5590822700370124,2025-09-01,211,0.3099510603588908,18.51,,-22.91233826714522,-39.37500073359563,46.33726900459436,34.172344638501144,778,Buy,0.11816454007402477
SONAMLTD.NS,1,0.5588688585078847,2025-09-01,211,0.5384615384615384,13.0,,6.135230704811518,22.909616475435534,54.24874583144324,51.57785968072586,779,Buy,0.1177377170157694
INTELLECT.NS,1,0.5587400056419622,2025-09-01,211,0.38058943089430897,14.0,,-13.001455262649891,-39.62578444087452,36.11491176063177,31.037935694465105,780,Buy,0.11748001128392449
METROBRAND.NS,1,0.5585674633954684,2025-09-01,211,1.079685746352413,20.0,,-12.779837036017872,-23.13834969525376,35.41808247522606,39.778801490102424,781,Buy,0.11713492679093673
LANDMARK.NS,1,0.5584742771070593,2025-09-01,211,0.6915077989601387,10.0,,-12.935377651924837,-24.943048915273557,44.454287943214574,52.41856962101584,782,Buy,0.11694855421411865
SHIVAMILLS.NS,1,0.558438123816625,2025-09-01,211,0.17391304347826086,-3.0,,-14.166669492368344,-23.640860145721433,37.667793342644615,23.740504719536787,783,Buy,0.11687624763325011
NOCIL.NS,1,0.5583478826548431,2025-09-01,211,0.16808149405772496,7.0,,3.636485862405708,-1.7147564085403533,53.23966864243389,66.56174729517967,784,Buy,0.11669576530968628
KCPSUGIND.NS,1,0.5582080926582154,2025-09-01,211,0.28534031413612565,1.0,,5.535386854249147,-10.778670881612106,33.581079470590645,54.436866400245286,785,Buy,0.11641618531643072
GHCL.NS,1,0.5581643412274425,2025-09-01,211,0.17543376480308456,24.0,,-12.049071782138952,-25.225386092939807,31.13950891192262,36.76646627800704,786,Buy,0.11632868245488504
NBIFIN.NS,1,0.557692843947151,2025-09-01,211,0.0587503885607709,0.0,,-15.420358866646037,-29.550205347719277,33.78062982675583,20.119508995056663,787,Buy,0.11538568789430204
CHOLAFIN.NS,1,0.5574799900849186,2025-09-01,211,7.359851703097243,,,-22.787121620297807,-20.158240285832253,36.090193041097415,28.12799532956636,788,Buy,0.1149599801698371
TECHM.NS,1,0.5574537261815612,2025-09-01,211,0.6748080303450829,18.0,,1.6301916857014955,-14.159898400676804,30.56804003408169,58.69485693331387,789,Buy,0.11490745236312239
KANORICHEM.NS,1,0.5573938979407782,2025-09-01,211,0.7014925373134329,4.0,,-20.52661399389087,-27.822061878726174,45.165535143907135,38.13333248077864,790,Buy,0.11478779588155641
DYNAMATECH.NS,1,0.5571722982216004,2025-09-01,211,0.9599406528189911,10.0,,-9.560853199498117,-5.891588216129962,49.88702823582644,35.058548009367684,791,Buy,0.11434459644320083
APOLLOTYRE.NS,1,0.5570637715841086,2025-09-01,211,0.8986743302122926,10.0,,-10.998383638862656,-17.91774912815777,34.26645303565263,42.3173730593089,792,Buy,0.11412754316821716
ROTO.NS,1,0.5569769790565654,2025-09-01,211,0.3422222222222222,17.0,,-17.106400580302335,-32.92869970289325,58.00902452780341,41.64438451538807,793,Buy,0.1139539581131308
GREENPLY.NS,1,0.5569637806407878,2025-09-01,211,0.540162980209546,17.0,,-19.27020701533995,-32.18879214085693,48.35244772543726,44.25666636420533,794,Buy,0.11392756128157555
GANDHITUBE.NS,1,0.5567873515315064,2025-09-01,211,0.08710801393728224,28.0,,-14.684370227014105,-0.6746529827230564,55.58409573460874,42.21088305280026,795,Buy,0.11357470306301276
HIKAL.NS,1,0.556741455103224,2025-09-01,211,0.9673366834170855,10.0,,-26.78580204195396,-38.18162543190614,42.75702901957455,31.66938530702184,796,Buy,0.11348291020644807
GENSOL.NS,1,0.5565622634590106,2024-12-01,485,2.419254658385093,18.0,,-22.50893194157713,-27.326880066261545,33.971861347793144,0.0,797,Buy,0.11312452691802122
TAKE.NS,1,0.556555826920294,2025-09-01,211,0.2571801566579636,17.96,,-13.190185228462257,1.5376690596673588,49.943154032346,62.954869403513406,798,Buy,0.11311165384058808
SUMMITSEC.NS,1,0.5564300358031505,2025-09-01,211,0.14385150812064965,1.0,,-21.94139989179491,-33.110161028674575,39.568200974606924,26.96405505489639,799,Buy,0.11286007160630107
ASPINWALL.NS,1,0.5563648049936238,2025-09-01,211,0.702247191011236,9.0,,-3.427092678029253,-9.429959375771045,47.94371315792428,49.552861655305854,800,Buy,0.11272960998724768
GRANULES.NS,1,0.5562861000307096,2025-09-01,211,0.5341037204058624,11.0,,3.4086193501025117,1.3063356762035259,35.220099673900094,69.28663218025412,801,Buy,0.1125722000614191
TEGA.NS,1,0.5561030503433204,2025-09-01,211,0.19030390738060782,18.0,,-8.937383245753008,-14.427040032746644,53.4091318978349,47.87924673482583,802,Buy,0.11220610068664083
MAYURUNIQ.NS,1,0.5560606704308126,2025-09-01,211,0.11834319526627218,21.0,,-8.799923026226821,0.7438340749305721,40.47105188589057,48.21532811587898,803,Buy,0.11212134086162528
NECLIFE.NS,1,0.5560474875182773,2025-09-01,211,1.5349162011173185,-5.0,,-24.205380246335544,-53.70831199552338,32.134738284901196,14.336933367241741,804,Buy,0.11209497503655452
RPOWER.NS,1,0.5559377026994171,2025-09-01,211,0.7442122515877894,0.0,,-20.28191119612114,-44.28024055768493,51.528435853195155,41.965817385918974,805,Buy,0.11187540539883423
BALPHARMA.NS,1,0.5559244738997647,2025-09-01,211,2.65,10.0,,-20.100507835969033,-17.61657869386923,38.6984104169299,29.475665580940415,806,Buy,0.11184894779952947
PRECAM.NS,1,0.5559055745578725,2025-09-01,211,0.1997677119628339,8.0,,-23.869891734884828,-35.74835050957789,54.54662412935234,35.38411593929365,807,Buy,0.11181114911574497
GLOBALE.NS,1,0.5557123290705618,2025-09-01,211,1.4898746383799424,-0.47,,-16.139770883324537,-17.444718327488008,48.93564464842471,38.785026945775556,808,Buy,0.11142465814112357
ARCHIES.NS,1,0.5555495405843398,2025-09-01,211,0.4944734418176235,4.06,,-27.770535766019304,-40.17278806782499,56.61197794968117,28.22085925464799,809,Buy,0.11109908116867961
URAVIDEF.NS,1,0.5555276581792288,2025-09-01,211,0.5711177052423344,7.33,,-23.232597431795266,-46.05294952906186,37.00720187380497,13.104572347294436,810,Buy,0.11105531635845756
MANAKSTEEL.NS,1,0.5554474110384886,2025-09-01,211,0.79375,4.0,,-23.781899963262834,-37.91008253280655,43.90258385698303,27.920793275858557,811,Buy,0.1108948220769772
ZODIACLOTH.NS,1,0.5554214224429744,2025-09-01,211,1.0251572327044025,-8.0,,-25.547080146707234,-32.024199788930815,37.41399822118632,21.102913017609552,812,Buy,0.11084284488594887
DEN.NS,1,0.5552143421850416,2025-09-01,211,0.1521681997371879,3.0,,-17.36785334937216,-27.462123355845026,30.155067960566384,18.865227235650167,813,Buy,0.11042868437008324
EPIGRAL.NS,1,0.555188867302562,2025-09-01,211,0.5404761904761904,25.0,,-12.525632789311253,-38.54640717315786,36.24544424778876,38.23949738479465,814,Buy,0.11037773460512401
MOLDTKPAC.NS,1,0.5551294258527667,2025-09-01,211,0.523168908819133,12.0,,-16.021658433475743,-22.138096074792905,41.14788125592776,29.453974558347497,815,Buy,0.1102588517055334
ACE.NS,1,0.5551273229932407,2025-09-01,211,0.6768018018018018,40.0,,-14.03236894938755,-21.262615370528373,35.141820678874275,30.71428823918245,816,Buy,0.11025464598648149
GLOBAL.NS,1,0.5550268739867994,2025-09-01,211,0.11607142857142858,36.0,,-10.81003174112578,1.3429450880158442,55.941522178032685,42.58943095544592,817,Buy,0.11005374797359879
RADIANTCMS.NS,1,0.5549941186651098,2025-09-01,211,0.575187969924812,26.0,,-13.264501126583006,-37.68309204544548,48.68219297507298,36.69724795340308,818,Buy,0.10998823733021967
MAXHEALTH.NS,1,0.5546553788342342,2025-09-01,211,0.22142436727486756,13.0,,-11.561436505430116,-10.425398486887243,21.931955797256713,28.800851878317843,819,Buy,0.10931075766846843
MANINDS.NS,1,0.5545471382080123,2025-09-01,211,1.1349831271091113,17.0,,-26.435584955860055,-18.746805507371498,53.94648778482865,25.34041646615539,820,Buy,0.10909427641602454
TRACXN.NS,1,0.5544382498118342,2025-09-01,211,0.8,8.0,,-19.05948527842894,-34.894787166256975,46.34298595207703,14.07036331818766,821,Buy,0.10887649962366841
TIINDIA.NS,1,0.554329459856831,2025-09-01,211,0.26351962380177246,32.0,,-3.8721466465974186,-3.1285730686850317,40.59474005911928,44.77986996472034,822,Buy,0.10865891971366204
ICEMAKE.NS,1,0.5543048197347672,2025-09-01,211,2.384,21.0,,-17.551572457893833,-19.53077702645349,47.824120348240086,20.580558961543062,823,Buy,0.10860963946953439
HUHTAMAKI.NS,1,0.5542838894801227,2025-09-01,211,0.6040650406504066,7.0,,-13.22218992147916,-28.160648295960538,45.05598855110468,36.44873951075398,824,Buy,0.1085677789602455
FUSION.NS,1,0.5541546084493716,2025-09-01,211,2.6965589155370178,,,-27.6457619283864,-14.698255229096514,52.49156547387256,27.772502685957832,825,Buy,0.10830921689874318
BAJAJHIND.NS,1,0.5540823189425408,2025-09-01,211,2.1147540983606556,1.0,,10.314795557270282,-10.634839714413099,51.74469699160918,50.66666101526091,826,Buy,0.10816463788508157
SHREYANIND.NS,1,0.5540332295316192,2025-09-01,211,0.4601366742596811,16.0,,-17.227873287503257,-28.823533461364242,57.653548250469136,35.9027824015818,827,Buy,0.10806645906323831
STERTOOLS.NS,1,0.5538965364908413,2025-09-01,211,0.3772455089820359,12.0,,-28.579031630106122,-41.739603494433766,46.768084963148894,28.804683342608172,828,Buy,0.1077930729816825
5PAISA.NS,1,0.5536604040811008,2025-09-01,211,1.7942583732057416,14.0,,-23.389201667086677,-26.27996134861506,35.784222543943876,24.5192588276759,829,Buy,0.10732080816220169
LEMONTREE.NS,1,0.5535779105319629,2025-09-01,211,0.32384615384615384,11.0,,-12.16653847575737,-37.851221047798504,34.21651755556733,38.449412514901724,830,Buy,0.10715582106392585
ELECTHERM.NS,1,0.5532875585573409,2025-09-01,211,-18.91743119266055,33.0,,-25.67586101269183,-37.63266124176125,61.48331936593849,38.81937389967379,831,Buy,0.10657511711468182
SHYAMMETL.NS,1,0.5532489055469839,2025-09-01,211,0.2745478036175711,12.0,,-10.503714318057495,-5.756543133511456,28.8942924014247,50.15404031961486,832,Buy,0.10649781109396783
BIOFILCHEM.NS,1,0.5531919239550581,2025-09-01,211,1.59906103286385,4.12,,-20.768044485348106,-23.060857507971658,39.74140956004891,23.94195754891588,833,Buy,0.10638384791011624
MHRIL.NS,1,0.5531799684243816,2025-09-01,211,5.216741405082212,20.0,,-19.88666829873828,-26.641805587542294,19.78054931189292,4.29004499709319,834,Buy,0.1063599368487631
COMSYN.NS,1,0.5531706110137007,2025-09-01,211,0.9177215189873418,11.0,,-0.94523284371715,4.87353529378111,58.233941932429346,50.0,835,Buy,0.10634122202740137
SANGHIIND.NS,1,0.553156866795821,2025-09-01,211,7.957142857142857,-4.0,,-21.400520688710152,-24.119412614964375,37.222758722238616,34.13361042328623,836,Buy,0.10631373359164198
ASTERDM.NS,1,0.553119671182169,2025-09-01,211,0.38038331454340474,139.0,,4.26393175460029,8.423009428719048,30.631869312844007,53.22136835011856,837,Buy,0.10623934236433796
IOC.NS,1,0.5530640327464451,2025-09-01,211,1.598071717996765,7.0,,-25.090361872962553,-14.468426692915342,35.71406564020276,20.21596008299757,838,Buy,0.10612806549289022
OCCLLTD.NS,1,0.5530048081454171,2025-09-01,211,0.38686131386861317,15.0,,-11.972455208447105,-22.301734656978287,51.64841285515859,52.07865648928253,839,Buy,0.10600961629083416
ERIS.NS,1,0.5528459615942456,2025-09-01,211,0.9621075424034644,7.0,,-6.013621427064091,-16.03883811185275,32.45522895860926,44.355988052645735,840,Buy,0.10569192318849119
KOTAKBANK.NS,1,0.5526422101425046,2025-09-01,211,4.648641306519012,,,-16.83727879873279,-18.353202826337817,27.158969543392587,31.724901118334373,841,Buy,0.10528442028500917
WENDT.NS,1,0.5525822251543002,2025-09-01,211,0.17333333333333334,21.0,,-12.034149962880475,-25.365294590347947,39.57023063481583,42.29754414450984,842,Buy,0.10516445030860044
TDPOWERSYS.NS,1,0.5524313687179451,2025-09-01,211,0.5254054054054054,28.0,,-3.1346055367892185,19.807205859237772,40.44969129886663,50.92261623086795,843,Buy,0.10486273743589014
LASA.NS,1,0.5523887162996235,2025-09-01,211,0.2857142857142857,-1.0,,-27.30769310712342,-38.3024990730472,43.945989664229295,12.36365496421989,844,Buy,0.10477743259924699
GLAND.NS,1,0.5522767081202259,2025-09-01,211,0.07711442786069651,16.0,,-8.244523906630375,2.793937914299242,30.57206555702962,52.33785558201743,845,Buy,0.10455341624045178
GRMOVER.NS,1,0.5521924095771248,2025-09-01,211,0.9004629629629629,12.0,,-7.087242249188884,-8.845125069702748,22.140640109914177,46.933001309490585,846,Buy,0.10438481915424958
EXICOM.NS,1,0.5521589453342897,2025-09-01,211,0.7921225382932167,7.0,,-19.836009315673046,-35.19714315221971,48.13693217671841,37.577443257517544,847,Buy,0.10431789066857933
EUREKAFORB.NS,1,0.551924939146507,2025-09-01,211,0.5043381535038932,5.0,,-9.159359235994714,-30.952566663502058,38.24650534571317,55.17736061305457,848,Buy,0.10384987829301395
TRIDENT.NS,1,0.551864497780129,2025-09-01,211,0.5601128472222222,9.0,,-13.356425613915924,-16.257437010128744,48.755008773379686,47.5546338356548,849,Buy,0.10372899556025805
TAJGVK.NS,1,0.5517362747258652,2025-09-01,211,0.4088888888888889,21.0,,-12.530923976894936,-30.083757902583173,43.17093910781847,41.61676847319447,850,Buy,0.10347254945173034
LXCHEM.NS,1,0.55164751867668,2025-09-01,211,0.6474226804123712,9.0,,-17.226858506129393,-35.41815737627574,55.22771930895054,42.409763359137216,851,Buy,0.1032950373533601
CARTRADE.NS,1,0.5512660462710168,2025-09-01,211,0.025339366515837104,4.0,,-7.287742581915101,-40.05667581698767,56.06641566435337,38.54501832526236,852,Buy,0.10253209254203366
TNTELE.NS,1,0.550710973020675,2025-09-01,211,-1.085561497326203,,,-6.995419629263496,-20.955170801579044,57.67146804686516,39.005232726510144,853,Buy,0.10142194604134991
SWSOLAR.NS,1,0.5507050327687985,2025-09-01,211,7.731343283582089,13.0,,-26.223982838777438,-30.96540742154771,53.72951396644715,33.05371607700127,854,Buy,0.1014100655375969
ROLTA.NS,1,0.5506639105801235,2025-09-01,211,-1.2532223853809756,-3.0,,,,,,855,Buy,0.10132782116024708
YESBANK.NS,1,0.5505865383280052,2025-09-01,211,7.72075533060959,,,-16.747101488164635,-19.842009140028637,29.736266996529114,29.09407914433811,856,Buy,0.10117307665601039
ODIGMA.NS,1,0.5505553230046546,2025-09-01,211,0.25934028946482657,0.97,,-21.666664378811582,-36.77774110671706,46.19416200694386,33.030647262369996,857,Buy,0.10111064600930919
BAJAJINDEF.NS,1,0.5504155180495547,2025-09-01,211,0.20155038759689922,18.0,,-15.318127136551082,-37.96863581905862,49.069432606934654,46.04826948135135,858,Buy,0.10083103609910937
OSWALSEEDS.NS,1,0.5500198078773952,2025-09-01,211,0.9583333333333334,9.0,,-17.874012111664,-47.00203179146942,43.122487094010346,8.181829216062638,859,Buy,0.10003961575479048
BSL.NS,1,0.5499734397163636,2025-09-01,211,4.5,8.0,,-21.992868192530082,-33.17948404602018,44.942131382872695,19.246445912787564,860,Neutral,0.09994687943272718
IVC.NS,1,0.5498814118715504,2025-09-01,211,0.02727272727272727,-2.0,,-15.33243055613965,-24.455210675425384,39.11796041087436,31.70731026526113,861,Neutral,0.09976282374310075
KEEPLEARN.NS,1,0.5496291045981797,2025-09-01,211,0.5989304812834225,9.8,,-22.22222489807606,-37.142859923248686,41.26178455717074,23.287677272753257,862,Neutral,0.09925820919635941
BPCL.NS,1,0.5496072916860256,2025-09-01,211,1.1016242868518942,20.0,,-26.25639443592574,-21.058293595883423,40.40478173785566,22.185267144588906,863,Neutral,0.09921458337205125
SATIN.NS,1,0.5495428658670553,2025-09-01,211,3.1268426465546795,,,-9.139929258851467,-1.1100164713791987,25.32689359918366,39.194269909994574,864,Neutral,0.0990857317341105
REDTAPE.NS,1,0.5495081044677617,2025-09-01,211,1.667832167832168,23.0,,-11.446752984000398,-11.311010075232787,33.33603657563569,41.309916425613544,865,Neutral,0.09901620893552332
MMFL.NS,1,0.5495015555339435,2025-09-01,211,1.5909558067831449,12.0,,-20.96362838354149,3.842929141729335,42.58140827914705,27.22296776719959,866,Neutral,0.09900311106788706
BSOFT.NS,1,0.5494297593066588,2025-09-01,211,0.34525939177101966,24.0,,-10.54472419825992,-25.894153138057103,42.89525328076177,34.61537658971885,867,Neutral,0.09885951861331765
KSL.NS,1,0.5493277681079858,2025-09-01,211,0.4319796954314721,16.0,,-23.562873763126575,-20.79106379738404,41.7914581731233,25.345733349760536,868,Neutral,0.09865553621597156
NIVABUPA.NS,1,0.5492468125188135,2025-09-01,211,1.7989487516425755,7.0,,-8.150187281468357,-6.809128620620794,24.23009888752767,50.74732794623692,869,Neutral,0.09849362503762693
DICIND.NS,1,0.5487175082700798,2025-09-01,211,0.4665071770334928,6.0,,-13.598269668397126,-2.7030159759026957,42.35332096723825,36.9299334554284,870,Neutral,0.09743501654015962
3IINFOLTD.NS,1,0.5486919136872399,2025-09-01,211,2.069620253164557,30.0,,-1.503221432590826,-18.435094579953123,35.15004983652213,63.139946737423045,871,Neutral,0.09738382737447981
GARUDA.NS,1,0.5486226893843227,2025-09-01,211,0.4806201550387597,30.0,,-26.38203505451791,-32.57667808906214,48.093040228117516,29.026432043973657,872,Neutral,0.09724537876864536
PRITI.NS,1,0.5485211571638804,2025-09-01,211,0.10251075045082536,8.58,,-31.72384403850566,-46.445180614824,58.30393070150336,38.500729762047875,873,Neutral,0.09704231432776078
AVL.NS,1,0.5485036234457993,2025-09-01,211,0.8779342723004695,19.0,,-0.5822390992941993,-6.006092236223637,22.276406149469544,61.52859205923352,874,Neutral,0.09700724689159856
RANEENGINE.NS,1,0.5484985194529929,2024-12-01,485,2.1048387096774195,13.0,,,,,,875,Neutral,0.09699703890598577
MAPMYINDIA.NS,1,0.5481390605769176,2025-09-01,211,0.14169570267131243,28.0,,-23.471538190817302,-52.26433089653381,44.12133086895626,27.50801490599504,876,Neutral,0.09627812115383527
MMP.NS,1,0.5480668063924559,2025-09-01,211,0.8231046931407943,14.0,,-21.1220018309274,-26.085598554240953,43.44405256313424,29.167172271730408,877,Neutral,0.09613361278491173
MANUGRAPH.NS,1,0.5480615539599463,2025-09-01,211,1.374830852503383,-15.63,,-33.104865477669904,-38.8854097326971,47.074614462669885,13.518194107614477,878,Neutral,0.09612310791989254
AROGRANITE.NS,1,0.5480270421212,2025-09-01,211,1.2021857923497268,2.0,,-29.429202229151898,-40.10695071660868,32.19503221517018,8.062021647369434,879,Neutral,0.09605408424240003
MKPL.NS,1,0.5478890659745626,2025-09-01,211,0.08108108108108109,13.0,,-23.968570342940524,-36.34868529405952,58.46360255377741,34.95934770241104,880,Neutral,0.0957781319491251
AWL.NS,1,0.5478740177638332,2025-09-01,211,1.4389052802930105,21.0,,-6.794941406904704,-24.97573050769363,45.09157160517779,51.61722967725002,881,Neutral,0.09574803552766631
SUPERHOUSE.NS,1,0.5478580560345299,2025-09-01,211,0.683291770573566,5.0,,-15.124040543963627,-10.89351593799532,37.08721887379635,31.44672125469333,882,Neutral,0.09571611206905972
LYKALABS.NS,1,0.547748818021445,2025-09-01,211,0.4772727272727273,8.0,,-27.288901674480563,-40.11457204238471,57.36647348519538,30.413699970150674,883,Neutral,0.09549763604289008
INSPIRISYS.NS,1,0.5476315816458717,2025-09-01,211,0.9865771812080537,18.0,,-16.852881792509944,-19.158085072969627,40.17216097847168,36.25454989346591,884,Neutral,0.09526316329174334
SHREDIGCEM.NS,1,0.5475046046779759,2025-09-01,211,0.8547945205479452,9.0,,-20.828698447749147,-36.810566817188665,39.5978917904199,37.64761233583688,885,Neutral,0.09500920935595181
DCW.NS,1,0.5473941387940136,2025-09-01,211,1.0897920604914935,8.0,,-22.10461074807179,-37.12794777529142,61.07105801825341,42.601924334083634,886,Neutral,0.0947882775880271
MODISONLTD.NS,1,0.546877050200485,2025-09-01,211,0.5663716814159292,15.0,,-17.410522690242328,-15.21007138191783,45.18136532759019,39.292540831475456,887,Neutral,0.0937541004009701
SHRIPISTON.NS,1,0.5468738347914851,2025-09-01,211,0.37551945598791087,27.0,,-4.728063719300735,-5.330451980327441,50.29330141919295,57.73778202849821,888,Neutral,0.0937476695829702
MANGALAM.NS,1,0.5468577126426208,2025-09-01,211,1.421875,8.0,,-7.02055168098158,13.124998410542807,48.59121348795298,14.331228568912053,889,Neutral,0.09371542528524168
IKS.NS,1,0.5467910779441192,2025-09-01,211,0.2028397565922921,35.0,,-7.267014002508726,-24.08275303777036,42.21966138466033,52.775127567819816,890,Neutral,0.09358215588823837
CREST.NS,1,0.546669483109898,2025-09-01,211,0.22887323943661972,10.0,,-9.37369366976312,-18.87876234210993,57.046889157006106,48.214286492795026,891,Neutral,0.0933389662197961
GOODLUCK.NS,1,0.5466024205262802,2025-09-01,211,0.9792626728110599,16.0,,-18.076094683076562,-4.792286466315602,53.91501664448387,42.70174599407682,892,Neutral,0.09320484105256033
GPTINFRA.NS,1,0.5465123370052816,2025-09-01,211,0.888268156424581,25.0,,-21.965974537472963,-11.46955791653728,44.41533058313142,38.29625316790631,893,Neutral,0.09302467401056314
BIRLACORPN.NS,1,0.5464902330641859,2025-09-01,211,0.47297065385275444,4.0,,-16.541656203177542,-22.64553557385378,52.05355074628915,51.49684548192145,894,Neutral,0.09298046612837174
HMAAGRO.NS,1,0.5461087310428105,2025-09-01,211,1.0157958687727826,10.0,,-19.350019486732993,-24.930459037665692,40.595698631945936,27.173895015597424,895,Neutral,0.0922174620856211
PRSMJOHNSN.NS,1,0.5460008361936571,2025-09-01,211,2.6486486486486487,3.0,,-0.651413816901679,-12.576025941540866,11.951862765733347,46.15384615384615,896,Neutral,0.09200167238731427
TIMETECHNO.NS,1,0.5459995204965534,2025-09-01,211,0.5723108594956253,12.0,,-16.18432740432902,-14.004995592660077,44.399484496361,43.8180387366221,897,Neutral,0.09199904099310685
TVSHLTD.NS,1,0.5459963838132518,2025-09-01,211,0.6367521367521367,21.0,,-7.880667942710053,-0.943931866572037,37.95330858581222,56.080823484559666,898,Neutral,0.09199276762650355
GFLLIMITED.NS,1,0.5458487587347264,2025-09-01,211,0.06916276052163844,0.08,,-19.32086417283457,-37.88881242803656,37.550467748568536,35.98916253631715,899,Neutral,0.09169751746945276
DIAMONDYD.NS,1,0.5458380901583288,2025-09-01,211,0.31798561151079136,-1.0,,-5.684995340167754,-13.798977853492334,40.63455087050784,58.39903217281422,900,Neutral,0.0916761803166577
SATIA.NS,1,0.545497768965933,2025-09-01,211,0.42924976258309594,10.0,,-20.755883237170185,-22.473099706674684,34.374051915189234,20.816543027129327,901,Neutral,0.0909955379318661
BAJFINANCE.NS,1,0.5453646529050471,2025-09-01,211,3.2397719723109235,,,-21.49747834329405,-19.845001220703125,39.89946235620936,30.47210982482305,902,Neutral,0.0907293058100942
BATAINDIA.NS,1,0.5453438003790209,2025-09-01,211,1.4303630363036304,15.0,,-23.824451410658305,-36.096356766578175,35.354623327380146,24.601876666917406,903,Neutral,0.09068760075804172
SUNDRMFAST.NS,1,0.5451733007950195,2025-09-01,211,0.3309950636528969,17.0,,-17.722982457622336,-20.207724336301595,24.58818163500501,21.83797636920839,904,Neutral,0.09034660159003893
DBOL.NS,1,0.5451552814606463,2025-09-01,211,0.6996904024767802,4.0,,15.201428736245818,45.452266246562495,56.932957542445564,68.47920477095117,905,Neutral,0.09031056292129258
PARSVNATH.NS,1,0.5450623776619358,2025-06-01,303,380.2,-4.0,,-11.703703138563368,-47.993019037453024,78.92434596360958,34.859145765994754,906,Neutral,0.09012475532387154
SHANKARA.NS,1,0.544880281399864,2025-09-01,211,0.03829787234042553,20.0,,0.18110744153716513,2.141999581866061,48.363000892644,66.65424473368313,907,Neutral,0.089760562799728
SRHHYPOLTD.NS,1,0.5447490648823425,2025-09-01,211,0.14455445544554454,15.0,,-20.282335422702975,-26.633553288446727,41.3440933776591,38.22545814407048,908,Neutral,0.08949812976468507
GENCON.NS,1,0.544733549533988,2025-09-01,211,0.6597222222222222,8.0,,-12.97239276772251,-6.2442805718485825,68.26994892062756,38.40866483026665,909,Neutral,0.08946709906797601
APOLLOHOSP.NS,1,0.5446662208710679,2025-09-01,211,0.5208803005904455,16.0,,-4.67685982269048,3.8128780176245556,22.389232945658318,38.18897637795275,910,Neutral,0.08933244174213573
UNOMINDA.NS,1,0.5445625497519954,2025-09-01,211,0.8031944189462089,18.0,,-15.28987237448099,-18.801742364663838,39.50491758561242,43.79454448636121,911,Neutral,0.08912509950399072
GPIL.NS,1,0.5444285520087409,2025-09-01,211,0.15858245891902595,23.0,,-0.7751960689663485,6.451227135760684,46.22990408401642,59.22017799584933,912,Neutral,0.0888571040174817
PASUPTAC.NS,1,0.5441314034410569,2025-09-01,211,0.6884816753926701,12.0,,-19.539552075572143,-24.793084066682063,50.38315695928204,32.29479439155145,913,Neutral,0.08826280688211385
IDFCFIRSTB.NS,1,0.5437064194022699,2025-09-01,211,7.2593512976208485,,,-16.19197173017107,-30.862316053573906,58.40487217085841,31.15768349895191,914,Neutral,0.08741283880453987
SUNDRMBRAK.NS,1,0.5436926143073765,2025-09-01,211,1.105263157894737,8.0,,-29.28609890841135,-33.4882752182692,51.90896641627868,28.419786281303516,915,Neutral,0.08738522861475295
ADOR.NS,1,0.5436814852555595,2025-09-01,211,0.4541832669322709,20.0,,-17.068098564834937,-14.740730397213317,40.293334874466865,33.87429926176088,916,Neutral,0.08736297051111896
APLAPOLLO.NS,1,0.543517022292915,2025-09-01,211,0.8006970849176173,15.0,,-13.162381637333528,2.698691748736694,36.63753988459483,38.534996611188504,917,Neutral,0.08703404458582997
GOLDTECH.NS,1,0.5433205027142013,2025-09-01,211,0.059233449477351915,3.0,,-21.332318602569668,-40.92037203533297,51.677505356850986,26.783682461487686,918,Neutral,0.08664100542840258
PILITA.NS,1,0.5431988833350719,2025-09-01,211,0.30120481927710846,9.0,,-23.871736468754705,-38.77746242664473,58.60224090510325,30.789474146518003,919,Neutral,0.08639776667014387
VADILALIND.NS,1,0.5431949551310838,2025-09-01,211,0.40293040293040294,29.0,,-16.238299334441912,-18.37142001796228,34.795372610610535,21.297662044718265,920,Neutral,0.08638991026216769
ARIES.NS,1,0.5431902682283262,2025-09-01,211,1.0299003322259137,19.0,,-3.879759022750577,0.9643725208325541,44.605626960647925,50.63926608491014,921,Neutral,0.08638053645665233
STARTECK.NS,1,0.5430628793343469,2025-09-01,211,1.257510729613734,8.0,,-19.672738972559713,-25.155926738780217,34.15624043176568,22.13008123751952,922,Neutral,0.08612575866869387
NTPCGREEN.NS,1,0.5428043401745901,2025-09-01,211,0.6193627581790041,6.0,,2.327641815237749,-0.7098339839543123,44.23076475345628,59.8810359133678,923,Neutral,0.08560868034918023
WEALTH.NS,1,0.5427571925763905,2025-09-01,211,0.061224489795918366,38.0,,-17.378409468755358,-14.236288649050929,48.9722957341936,30.732497364051213,924,Neutral,0.08551438515278109
APOLSINHOT.NS,1,0.5426992294894093,2025-09-01,211,1.09,12.0,,-23.40836110988997,-22.981165096079927,33.45853009399079,17.42857580206477,925,Neutral,0.08539845897881859
NELCO.NS,1,0.5426590122317543,2025-09-01,211,0.5887096774193549,3.0,,-19.146897318675276,-31.91174298196281,45.630228713668735,33.98762899143662,926,Neutral,0.08531802446350856
DATAMATICS.NS,1,0.5424121515716983,2025-09-01,211,0.22120866590649943,8.0,,-17.959446411329257,-22.8183877966653,67.82046872669957,45.20478232321885,927,Neutral,0.08482430314339662
PATELENG.NS,1,0.5422921150757232,2025-09-01,211,1.4124236252545825,16.0,,-21.24866852656272,-24.51546794246954,42.55853741388413,34.76784127399685,928,Neutral,0.08458423015144634
NAVKARCORP.NS,1,0.5421945510519989,2025-09-01,211,0.12758264462809918,-2.0,,-21.051519922622944,-26.6751835837136,37.053984724059355,30.887534996578864,929,Neutral,0.08438910210399775
TARSONS.NS,1,0.5421239556678139,2025-09-01,211,0.6244343891402715,9.0,,-13.84949505112034,-27.87069607663062,44.40528143256108,24.765888880443867,930,Neutral,0.08424791133562781
CSBBANK.NS,1,0.5420466504870468,2025-09-01,211,9.640289300148904,,,-13.082322910019146,-19.082697272433357,61.01518184708217,45.89134977155559,931,Neutral,0.08409330097409362
JKLAKSHMI.NS,1,0.5418800163110308,2025-09-01,211,1.3493975903614457,11.0,,-23.648930202138345,-28.077075623964294,39.46197598080911,36.93267019665789,932,Neutral,0.08376003262206155
MHLXMIRU.NS,1,0.5416622747492148,2025-09-01,211,0.4177215189873418,30.0,,-9.772403581467644,-26.549090227189115,47.354125205109334,45.18821252419304,933,Neutral,0.0833245494984296
RELIANCE.NS,1,0.5415096765399317,2025-09-01,211,0.9134389503237266,8.0,,-3.9041813075393277,-13.80835899821545,25.29453498901933,30.809764931106557,934,Neutral,0.0830193530798633
KSOLVES.NS,1,0.5413668560964356,2025-09-01,211,0.6470588235294118,157.0,,-18.64629500966666,-13.28152614378002,49.29617572857644,31.81120259247416,935,Neutral,0.08273371219287129
SAGARDEEP.NS,1,0.5412657619834915,2025-09-01,211,0.5513111039171253,7.14,,-9.233304822690876,-17.030897896914638,37.96910105633153,45.439477608116256,936,Neutral,0.08253152396698304
TBZ.NS,1,0.5410369261880842,2025-09-01,211,1.9105113636363635,12.0,,-24.696109699233485,-31.877328808675355,42.98778497004287,31.78590491099007,937,Neutral,0.08207385237616838
TMB.NS,1,0.540821719143212,2025-09-01,211,6.311447633167425,,,-15.809355690659077,13.097801721637028,46.92089209597305,47.01523140600531,938,Neutral,0.08164343828642395
PONNIERODE.NS,1,0.540692858557601,2025-09-01,211,0.09497206703910614,5.0,,4.107517075229442,3.0541479145864643,43.04713941644476,52.42069632051714,939,Neutral,0.08138571711520193
HMT.NS,1,0.5401507330415053,2025-09-01,211,1.7730061349693251,2.0,,3.4002481864492076,19.079358816189988,61.85979992047276,35.03140136998992,940,Neutral,0.08030146608301059
PHOENIXLTD.NS,1,0.5401444380566219,2025-09-01,211,0.2043687523139578,6.0,,-11.080280470594746,-18.72774204239424,33.716806433234936,42.58078082287797,941,Neutral,0.08028887611324387
PEL.NS,1,0.5401013083914624,2025-06-01,303,0.39839766933721776,,,,,,,942,Neutral,0.08020261678292484
JCHAC.NS,1,0.5399766250064104,2025-09-01,211,1.528301886792453,14.0,,,,,,943,Neutral,0.07995325001282083
GANDHAR.NS,1,0.5394369638099948,2025-09-01,211,0.4474327628361858,11.0,,-16.89909883676428,-21.815718821564907,35.584926824808804,36.659982338374704,944,Neutral,0.07887392761998968
EXXARO.NS,1,0.539311617615975,2025-09-01,211,0.7230215827338129,3.0,,-17.001338910264288,-23.076929448100657,48.84770674747937,36.752132572105815,945,Neutral,0.07862323523195003
UNITDSPR.NS,1,0.5392357626117119,2025-09-01,211,0.5934393638170974,26.0,,-13.71327087942478,-13.908248103067185,36.02758868455436,33.34953420996099,946,Neutral,0.07847152522342382
TGBHOTELS.NS,1,0.5391503258139209,2025-09-01,211,0.5424947698744772,4.3,,-19.999998990820806,-23.092573739010675,55.80217700036718,36.04395245083363,947,Neutral,0.07830065162784172
SUZLON.NS,1,0.5390289916741748,2025-09-01,211,1.0198412698412698,36.0,,-8.383508351783995,-25.63909622939409,35.30012676749889,49.78814438294358,948,Neutral,0.07805798334834968
DCAL.NS,1,0.5389855807449643,2025-09-01,211,0.29672544080604535,1.0,,-25.955675881863783,-47.89319446854046,67.28842263133357,36.92919545379019,949,Neutral,0.07797116148992855
KRBL.NS,1,0.5388562645080877,2025-09-01,211,0.14142152384432669,12.0,,-19.46346543305045,-30.20034115075503,46.195460107662505,40.644907186255814,950,Neutral,0.07771252901617531
JLHL.NS,1,0.5387124092559078,2025-09-01,211,0.202113606340819,18.0,,0.17200556465011727,-8.453022424303322,25.19998519665564,61.05803856920294,951,Neutral,0.0774248185118156
QUESS.NS,1,0.5386942122961076,2025-09-01,211,1.924507658643326,13.0,,-13.786446868588156,-18.196833534946553,32.92461904831826,37.19145538011222,952,Neutral,0.07738842459221518
CENTURYPLY.NS,1,0.5386886838285135,2025-09-01,211,0.4939334637964775,15.0,,-6.447953211995043,-15.379975874547647,34.83183072390311,55.897167113147226,953,Neutral,0.07737736765702707
INDIGOPNTS.NS,1,0.5385446653152187,2025-09-01,211,0.30818767249310025,20.0,,-25.013190264200635,-36.95787247955931,33.762200230533566,25.252326847083708,954,Neutral,0.07708933063043744
RTNINDIA.NS,1,0.5383725940753182,2025-09-01,211,0.6201881950384944,11.0,,-13.921501821130878,-38.24307985901319,59.16157275260654,53.30188905583196,955,Neutral,0.07674518815063647
ZYDUSWELL.NS,1,0.5383104265743449,2025-09-01,211,0.05839780384327427,1.0,,8.293114778801439,0.4594750789527293,40.15708593350005,65.22615976016404,956,Neutral,0.07662085314868983
JUNIPER.NS,1,0.5381393714149951,2025-09-01,211,0.5430245331380447,6.0,,-11.778913260978939,-26.683908954500573,40.793130237630386,41.98002235252838,957,Neutral,0.07627874282999025
KAJARIACER.NS,1,0.5379704916489265,2025-09-01,211,0.25396825396825395,17.0,,-3.406646645622977,-5.5823524283286305,42.209351068512625,47.922809442108395,958,Neutral,0.07594098329785304
QUADFUTURE.NS,1,0.5379539774669995,2025-09-01,211,0.2222222222222222,-7.0,,-6.616750967736176,-20.347542326426684,53.65193960008462,45.85872361881406,959,Neutral,0.07590795493399893
CIGNITITEC.NS,1,0.5378564909839803,2025-09-01,211,0.374167776298269,31.0,,-8.82868065144331,-33.63272586600061,34.393372616910966,40.12055777902238,960,Neutral,0.0757129819679605
TATAPOWER.NS,1,0.5376804659851401,2025-09-01,211,1.8517340120903596,15.0,,-0.6557377049180327,-0.2107727094448269,29.14880680496848,53.14685498362164,961,Neutral,0.07536093197028015
HGS.NS,1,0.5374550135812112,2025-09-01,211,0.619316046599023,-3.0,,-9.776201224792944,-23.374456478786435,34.51129795258133,48.60646523920079,962,Neutral,0.07491002716242234
DELHIVERY.NS,1,0.5373469856283057,2025-09-01,211,0.2881792939309798,3.0,,-5.2200573201547,2.3204449863796808,33.177704317323375,50.44211285924319,963,Neutral,0.07469397125661148
FILATEX.NS,1,0.5372756567118155,2025-09-01,211,0.709013484740951,14.0,,-16.515835092883993,-24.724599793358895,40.51120164264398,41.10071002959517,964,Neutral,0.07455131342363108
OSIAHYPER.NS,1,0.5371424501442409,2025-09-01,211,1.0185185185185186,15.0,,-59.26701542186207,-73.30130277019813,41.693415261273145,0.0,965,Neutral,0.07428490028848178
KUANTUM.NS,1,0.5370804429846876,2025-09-01,211,0.7908713692946058,11.0,,-25.334239824556775,-29.94578320435058,44.515476274544845,25.753780012282746,966,Neutral,0.0741608859693752
CLEAN.NS,1,0.5369248866035997,2025-09-01,211,0.10089974293059126,29.0,,-8.896596195133588,-25.207378297126454,37.29037798336523,31.16581440430177,967,Neutral,0.07384977320719943
SUULD.NS,1,0.5366675759052393,2024-06-01,668,-2.6865079365079363,-13.0,,0.0,4.666670163472494,0.0,100.0,968,Neutral,0.07333515181047856
IGPL.NS,1,0.5365296739163272,2025-09-01,211,0.6844961240310078,11.0,,-9.97146662319608,-16.526011861992743,60.058265490246185,50.46373655339626,969,Neutral,0.07305934783265444
SRPL.NS,1,0.5364636040899468,2025-09-01,211,3.0,1.0,,-18.181822122621057,-32.835824347785085,27.724505990946923,0.0,970,Neutral,0.07292720817989351
INDIANHUME.NS,1,0.5364371031379134,2025-09-01,211,0.9628836545324768,12.0,,-17.402784385317315,-33.760881089680815,54.0547346838061,43.15238356117962,971,Neutral,0.07287420627582675
JMA.NS,1,0.5363537227564433,2025-09-01,211,0.2557077625570776,13.0,,-15.73395353439378,-1.8113617664580073,44.16353936532301,33.22134371520352,972,Neutral,0.07270744551288666
MTNL.NS,1,0.5363306128592228,2025-09-01,211,-1.3300708038317368,-7.0,,-27.146251056662752,-42.11377938790205,49.73859158027903,33.67088831713161,973,Neutral,0.07266122571844558
MATRIMONY.NS,1,0.5360350017010932,2025-09-01,211,0.8825910931174089,19.0,,1.7556446221597202,-19.18041742907543,45.60631998918465,58.43729611539207,974,Neutral,0.07207000340218639
DELTACORP.NS,1,0.5360269646379311,2025-09-01,211,0.08790212958767558,9.0,,-20.687990871707086,-29.685048539129106,50.09235870564914,38.17137492924664,975,Neutral,0.07205392927586218
OSWALAGRO.NS,1,0.5357117299744139,2025-09-01,211,0.008310249307479225,22.0,,-28.712665677338244,-40.751750109055656,60.707553891626574,29.907849655359115,976,Neutral,0.0714234599488277
CONTROLPR.NS,1,0.5356486066818603,2025-09-01,211,0.17355371900826447,23.0,,-22.33656341736878,-25.20664458628174,46.38504600081909,26.613092826679406,977,Neutral,0.07129721336372064
DHUNINV.NS,1,0.53548149660806,2025-09-01,211,0.013975067423570842,3.16,,-29.29427466720898,-48.668949826815926,45.20572077827858,23.4705571668313,978,Neutral,0.07096299321611999
MAHEPC.NS,1,0.5353012000468144,2025-09-01,211,0.7298850574712644,7.0,,-22.599766213641903,-27.240621239415574,47.00854715847424,27.078892568326097,979,Neutral,0.07060240009362873
SENCO.NS,1,0.5352868877272667,2025-09-01,211,1.7394167450611477,10.0,,-12.503923620068328,-12.731346731832103,36.5010349978383,41.78743169016239,980,Neutral,0.07057377545453347
RAILTEL.NS,1,0.5348863734609427,2025-09-01,211,1.3937529578797918,22.0,,-22.22950873425089,-34.70979834147349,45.95781220494987,34.455819840137835,981,Neutral,0.0697727469218854
GUJGASLTD.NS,1,0.5347475004979627,2025-09-01,211,0.5391896571626458,20.0,,-24.313341357086852,-21.559869689867554,38.10555774405767,20.11073029858217,982,Neutral,0.06949500099592543
JUBLINGREA.NS,1,0.5347097482175031,2025-09-01,211,0.8318725099601594,13.0,,-8.360016282900268,-23.181531448597788,36.972289925592705,50.64865524704392,983,Neutral,0.06941949643500611
KPITTECH.NS,1,0.5346402638387843,2025-09-01,211,0.29764344262295084,34.0,,-19.519463652121747,-47.38701285245499,40.7658180465497,36.99254147988111,984,Neutral,0.06928052767756854
KNRCON.NS,1,0.5345536548830438,2025-09-01,211,0.15459297983569828,27.0,,-16.073948424863406,-36.824453393705596,39.64531521317908,40.9618235320147,985,Neutral,0.0691073097660877
FMGOETZE.NS,1,0.5345024469876497,2025-09-01,211,0.3198757763975155,21.0,,-5.727144360756949,-14.858334221446492,53.65759383946237,52.07795477836377,986,Neutral,0.06900489397529941
OAL.NS,1,0.5341949160508042,2025-09-01,211,0.6516690856313497,9.0,,-12.888482632541134,-21.04391052195526,45.16016984593929,46.34851438044774,987,Neutral,0.06838983210160832
POWERGRID.NS,1,0.5340114531587978,2025-09-01,211,1.7358701280242037,13.0,,-3.628964653046176,12.798677842905724,23.424227406670266,51.39750684513458,988,Neutral,0.06802290631759567
APLLTD.NS,1,0.5338490648693819,2025-09-01,211,0.49571836346336823,11.0,,-10.359510999443845,-22.172026460981584,31.640484199558582,39.773265944372895,989,Neutral,0.06769812973876377
DABUR.NS,1,0.533593387282351,2025-09-01,211,0.5288540807914263,25.0,,-20.861854258903907,-15.92584966323772,29.609777063985714,27.254340210505944,990,Neutral,0.0671867745647019
CUMMINSIND.NS,1,0.5335689228352678,2025-09-01,211,0.3605887162714636,38.0,,-8.506656548617466,4.007060495868813,38.120278402295206,43.203475526041274,991,Neutral,0.0671378456705356
LGBBROSLTD.NS,1,0.5333623584031373,2025-09-01,211,0.3411644535240041,20.0,,-14.693029365976196,-8.304904760783213,49.01329672496425,41.06058384902876,992,Neutral,0.06672471680627456
IGL.NS,1,0.5331396783400137,2025-09-01,211,0.5571311977147521,21.0,,-13.7782014071623,-23.310221173907408,33.67869094776742,38.08033825628788,993,Neutral,0.06627935668002749
GANGAFORGE.NS,1,0.5329065947417078,2025-09-01,211,1.0441988950276244,3.13,,-19.594591764571323,-31.80515450036244,42.73061051543686,17.283959701970957,994,Neutral,0.06581318948341552
HARSHA.NS,1,0.5328441411604649,2025-09-01,211,0.15730337078651685,13.0,,-15.908485487042402,-16.73290803332804,25.884530116261868,20.779189896160858,995,Neutral,0.06568828232092971
HEUBACHIND.NS,1,0.5327112080442745,2025-09-01,211,0.3435251798561151,15.0,,,,,,996,Neutral,0.06542241608854904
KAYNES.NS,1,0.5326699875545957,2025-09-01,211,0.1481311625773905,12.0,,-12.250532613113057,-15.537492977311906,48.5130164358739,42.24943083666142,997,Neutral,0.06533997510919143
MANAKALUCO.NS,1,0.5324583348012347,2025-09-01,211,2.869565217391304,11.0,,-26.205022244632165,-14.274450915256562,55.917378571796824,23.549787896282538,998,Neutral,0.06491666960246945
HSCL.NS,1,0.532205016726334,2025-09-01,211,0.3330830830830831,23.0,,-8.580888673413702,-8.486163656690866,37.325321291063496,50.669133987342306,999,Neutral,0.06441003345266805
TORNTPOWER.NS,1,0.5318659667536734,2025-09-01,211,0.8528085060680916,17.0,,-16.599598291436585,1.5494744868326944,37.746302125170715,34.213895234872,1000,Neutral,0.06373193350734674
PRUDENT.NS,1,0.5315766451966822,2025-09-01,211,0.3967479674796748,45.0,,-14.35996212873864,-15.97450260768785,38.82659038734169,49.630431631478835,1001,Neutral,0.06315329039336448
NAGREEKEXP.NS,1,0.5315347689570862,2025-09-01,211,1.4166666666666667,6.0,,-27.60540491328164,-31.732929980844954,35.78559546995408,13.01939577741615,1002,Neutral,0.06306953791417236
NUVOCO.NS,1,0.5313497564968461,2025-09-01,211,0.9229776247848537,3.0,,-15.433209607381801,-23.93451078640139,42.89568119494179,48.55679409697941,1003,Neutral,0.06269951299369225
THANGAMAYL.NS,1,0.5313385646979322,2025-09-01,211,1.7832047986289632,14.0,,-10.606930653332917,6.782403459897908,54.82083946913,45.11344149379364,1004,Neutral,0.06267712939586434
SHREECEM.NS,1,0.5311164514733949,2025-09-01,211,0.3323148485954031,7.0,,-14.312302252000745,-12.86903860711582,31.62370023302468,45.70783132530121,1005,Neutral,0.06223290294678985
NBCC.NS,1,0.5307067739030141,2025-09-01,211,2.679095596985323,32.0,,-18.080948015385854,-36.40953713530084,45.03508106751849,40.5153477699195,1006,Neutral,0.06141354780602826
AAVAS.NS,1,0.5306701617603017,2025-09-01,211,3.154059829059829,,,-16.167666262297097,-27.17692599865849,27.772192897631477,31.575754459544584,1007,Neutral,0.06134032352060337
KCP.NS,1,0.5306671190966109,2025-09-01,211,1.0422721268163804,4.0,,-22.19537621712077,-31.27975294737901,37.03759367462106,21.516802433470133,1008,Neutral,0.06133423819322181
HCLTECH.NS,1,0.530617731708832,2025-09-01,211,0.49376102646351244,43.0,,-2.655636111060428,-18.63936796489431,28.415025331564653,46.67968433350023,1009,Neutral,0.06123546341766395
MAHLOG.NS,1,0.5304275466859957,2025-09-01,211,1.1286509040333796,9.0,,-17.059193073403428,3.1458218157415465,49.209125640533124,32.23723883974668,1010,Neutral,0.06085509337199135
MANGLMCEM.NS,1,0.5301730785656676,2025-09-01,211,1.6082130965593784,10.0,,-16.81675143182965,-0.7764979817798173,49.11578328693243,39.52874635716101,1011,Neutral,0.06034615713133529
DISHTV.NS,1,0.5301637852593004,2025-09-01,211,-1.8288378288378289,,,-38.04713752007593,-52.820513118340095,50.44884748358871,19.130437667067937,1012,Neutral,0.060327570518600826
HLEGLAS.NS,1,0.5298955927630971,2025-09-01,211,1.402116402116402,8.0,,-20.982211609361542,-43.30246372737429,35.51658323342453,20.52577887738471,1013,Neutral,0.05979118552619411
JUSTDIAL.NS,1,0.5298450827175217,2025-09-01,211,0.18533688306369037,7.0,,-14.742416364442512,-32.09243996872054,32.20526767125714,35.672975753053535,1014,Neutral,0.05969016543504346
ORIENTALTL.NS,1,0.529837001162454,2025-09-01,211,0.25252525252525254,-5.0,,-32.330828038110546,-46.36472209942924,44.31618339648023,16.455704861644833,1015,Neutral,0.05967400232490805
NTPC.NS,1,0.5297796241729007,2025-09-01,211,1.4855205857296898,12.0,,-3.7022603860660017,15.226264713444202,24.553997113660436,45.476574205224864,1016,Neutral,0.0595592483458014
KROSS.NS,1,0.5297336353967995,2025-09-01,211,0.32450331125827814,22.0,,-20.056571348111934,-18.834929881633077,49.27489567181899,34.9285670689174,1017,Neutral,0.059467270793599036
HATHWAY.NS,1,0.52972769142517,2025-09-01,211,0.04636459430979979,3.0,,-16.399621370610703,-29.547261492797976,33.69519521323244,30.666669209798187,1018,Neutral,0.05945538285033991
MOKSH.NS,1,0.5297179006274568,2025-09-01,211,0.36,13.0,,-33.35907149383473,-42.88550423211133,39.71014163367442,14.66991553335238,1019,Neutral,0.059435801254913656
INTLCONV.NS,1,0.5295517322754874,2025-09-01,211,0.4473007712082262,27.0,,-24.598595471745785,-34.769398138891404,41.040283397775426,23.374985615403247,1020,Neutral,0.059103464550974705
AMBUJACEM.NS,1,0.5293365895083489,2025-09-01,211,0.23304843304843303,9.0,,-21.49285947792909,-27.65708422642111,36.93978555945111,33.843198290858965,1021,Neutral,0.058673179016697885
PIDILITIND.NS,1,0.5293190921286381,2025-09-01,211,0.3911892407074023,31.0,,-14.196045609760214,-11.901822191941301,31.901249561170452,38.301797565522655,1022,Neutral,0.05863818425727629
MEDANTA.NS,1,0.5289350283803751,2025-09-01,211,0.33175230566534913,20.0,,-16.787880901650432,-18.20425739694149,29.147214225504214,25.382848463605555,1023,Neutral,0.05787005676075019
BALKRISIND.NS,1,0.5288991737748694,2025-09-01,211,0.5738772383414728,16.0,,-17.24274930472785,-9.01631250219942,37.862456316482096,39.301015105791535,1024,Neutral,0.05779834754973878
LICHSGFIN.NS,1,0.5287521371531749,2025-09-01,211,7.304070584560929,,,-9.460694698354661,-8.193532525135632,33.18768795819097,48.279452503503634,1025,Neutral,0.057504274306349856
PRINCEPIPE.NS,1,0.5286791920188206,2025-09-01,211,0.3978629792583281,4.0,,-17.451222888538094,-18.169181670182915,48.92575569650272,37.58561514090081,1026,Neutral,0.057358384037641263
GICHSGFIN.NS,1,0.528651497782088,2025-09-01,211,4.546046046046046,,,-15.58341691905877,-26.932283872392006,28.41302914429046,30.34312090200413,1027,Neutral,0.05730299556417595
RAMAPHO.NS,1,0.5284984139394107,2025-09-01,211,0.594059405940594,8.0,,-18.19180712468821,-34.62117645032185,66.48461772107129,46.02456339108428,1028,Neutral,0.05699682787882132
HEIDELBERG.NS,1,0.5284750348561229,2025-09-01,211,0.8603053435114504,11.0,,-16.051267666808776,-20.77525232107263,27.622945741422473,30.019813532404953,1029,Neutral,0.05695006971224581
NITINSPIN.NS,1,0.5283733306137397,2025-09-01,211,0.8531775018261505,13.0,,-11.517653054380185,7.581447607764237,50.030866922215836,43.425354465148416,1030,Neutral,0.0567466612274794
KHADIM.NS,1,0.528356647092456,2025-09-01,211,2.4698795180722892,9.0,,-37.53278923537953,-49.29023196254636,53.518638954444754,27.005243493674087,1031,Neutral,0.056713294184912
IREDA.NS,1,0.5281512004278461,2025-09-01,211,5.795201238390093,,,-13.156422653508205,-22.703738484344186,38.54378210491222,43.060226290795775,1032,Neutral,0.05630240085569227
SOMICONVEY.NS,1,0.5281400362656353,2025-09-01,211,0.4269720101781171,10.35,,-17.01570409875244,-29.25234912805312,46.94258453088147,35.118591287739335,1033,Neutral,0.05628007253127065
VIJAYA.NS,1,0.5280678339239,2025-09-01,211,0.5822485207100592,20.0,,-13.007471844591253,-16.39328510235162,24.611556136690393,23.327097495498705,1034,Neutral,0.0561356678478
LICI.NS,1,0.5279093105130718,2025-09-01,211,40.68592734633003,53.0,,-17.0543470692729,-14.604292507906738,31.33073908039565,33.498855321994995,1035,Neutral,0.055818621026143544
ARIHANTCAP.NS,1,0.5278257078636622,2025-09-01,211,1.3994708994708995,22.0,,-27.52522361043394,-36.20217167986455,56.78566869414164,22.572425971304995,1036,Neutral,0.05565141572732446
PRAXIS.NS,1,0.5276849218079616,2025-09-01,211,5.117647058823529,-10.0,,-33.12182862448579,-42.779587849091655,44.98783495217546,25.48261375379468,1037,Neutral,0.05536984361592312
MUKTAARTS.NS,1,0.5276158524878349,2025-09-01,211,0.590044883756115,5.97,,-32.580409702896844,-40.805962088093786,59.56044154835668,21.91383142698487,1038,Neutral,0.05523170497566987
BHAGCHEM.NS,1,0.5275144698892931,2025-09-01,211,0.3089887640449438,7.0,,-16.2048589507191,-24.385942589353945,35.464320813488044,31.02134788128477,1039,Neutral,0.05502893977858614
BSE.NS,1,0.5273319940166951,2025-09-01,211,0.4256572982774252,47.0,,-3.2170791193679236,1.3023782559456398,46.05678474752619,45.909970188680305,1040,Neutral,0.05466398803339012
SILGO.NS,1,0.5272504509497704,2025-09-01,211,0.03999292160679522,10.48,,-2.850966828061533,-10.28200390133005,42.73144369635758,52.08332781438532,1041,Neutral,0.05450090189954082
TRANSRAILL.NS,1,0.5271317391982373,2025-09-01,211,2.230915125651968,35.0,,-18.08626132670611,-24.433673568303966,43.51043535268467,35.77877639267943,1042,Neutral,0.05426347839647461
GOYALALUM.NS,1,0.5271115083584235,2025-09-01,211,0.5247839927239656,14.35,,-20.351389194911764,-20.23460527428029,33.63231130395042,29.4686030400094,1043,Neutral,0.05422301671684693
LAOPALA.NS,1,0.5270482968587746,2025-09-01,211,0.09725685785536159,15.0,,-19.092253345284423,-19.631479975437582,36.20271321669758,21.67081792257146,1044,Neutral,0.05409659371754927
INFIBEAM.NS,1,0.5269376917300294,2025-09-01,211,0.40305987865998416,7.0,,-22.228671070579427,-16.924982543561278,40.876519185485805,34.901953817831284,1045,Neutral,0.05387538346005871
IL&FSTRANS.NS,1,0.526923567094514,2018-06-01,2860,-1.2014804845222073,13.0,,-25.806450837608686,-34.5195704324981,30.941246091238988,16.129022954526448,1046,Neutral,0.05384713418902809
RHL.NS,1,0.5267157514573813,2025-09-01,211,0.2544704264099037,5.0,,-14.392860247095548,-12.332809626093685,43.98732251832354,31.548690652523092,1047,Neutral,0.05343150291476251
HECPROJECT.NS,1,0.5267077656557149,2025-09-01,211,1.2456140350877194,19.0,,-16.473563473551177,-21.2419920027349,42.32964279831924,26.444633146272395,1048,Neutral,0.05341553131142973
SKFINDIA.NS,1,0.5263571093953453,2025-09-01,211,0.40631808278867104,29.0,,-22.33271129022328,-20.51613794123947,39.777584847333095,22.21114457034804,1049,Neutral,0.0527142187906906
SPANDANA.NS,1,0.5263271498255917,2025-09-01,211,1.4137779727950857,,,-27.213441147634633,-32.98762660964129,44.822352815375815,24.096393395169557,1050,Neutral,0.0526542996511834
BLUECOAST.NS,1,0.5261635879876154,2025-09-01,211,-1.2854821235102925,-34.45,,-13.210850293661593,-45.64383519838934,45.258731525747855,38.83496260302916,1051,Neutral,0.052327175975230844
DYNPRO.NS,1,0.5261633163165342,2025-09-01,211,0.7801724137931034,10.0,,-15.897392133036508,-28.90282016643026,52.34778595750682,36.03318771869325,1052,Neutral,0.05232663263306847
INOXWIND.NS,1,0.5260924010063428,2025-09-01,211,0.29245128541018506,12.0,,-20.67878605003222,-40.29107199117904,47.4329530765742,41.80004932782826,1053,Neutral,0.052184802012685605
JSFB.NS,1,0.5260420857569845,2025-09-01,211,8.857009345794392,,,-0.9624639237574966,-12.912585049625841,41.379116062343606,56.7527630232357,1054,Neutral,0.052084171513969046
TREJHARA.NS,1,0.5258957190032321,2025-09-01,211,0.10931289040318008,2.47,,-27.495171884475983,-40.14249636596536,42.8067741362079,34.730081250106636,1055,Neutral,0.05179143800646413
MANCREDIT.NS,1,0.525788655672206,2025-09-01,211,1.8481012658227849,12.0,,-1.7633242886047593,-1.416815741113348,33.002449206150516,50.51913269985692,1056,Neutral,0.051577311344412013
MENONBE.NS,1,0.52567447474508,2025-09-01,211,0.417910447761194,17.0,,-11.140924074775729,-3.306331966040859,41.35563389297274,34.59916634108042,1057,Neutral,0.05134894949016
SOLARINDS.NS,1,0.5256618728492456,2025-09-01,211,0.3588352840422495,37.0,,-10.275651980087673,-3.2759311173408094,34.40416234411545,12.236396771674038,1058,Neutral,0.051323745698491186
BLKASHYAP.NS,1,0.5255740165557948,2025-09-01,211,1.4013698630136986,7.0,,-10.905302699209965,-14.721114098277392,59.675615649081784,41.77261354856374,1059,Neutral,0.051148033111589664
UBL.NS,1,0.5253450335004957,2025-09-01,211,0.8803596127247579,14.0,,-2.986016359144173,-5.16657572219296,30.036312106327866,17.716126477132775,1060,Neutral,0.05069006700099132
GMDCLTD.NS,1,0.5253267988250409,2025-09-01,211,0.2304932735426009,14.0,,0.2656512769226479,-3.8794525612797113,48.666497742387044,59.58068477915424,1061,Neutral,0.050653597650081705
ULTRACEMCO.NS,1,0.5252882673218322,2025-09-01,211,0.7534203980099502,12.0,,-17.60601180891036,-8.894353060878412,41.27720204205847,42.759094028826354,1062,Neutral,0.050576534643664406
SONATSOFTW.NS,1,0.5251702588273154,2025-09-01,211,0.45012468827930174,31.0,,-23.110784515564802,-42.585128903086755,35.892625338726674,25.994867248524756,1063,Neutral,0.05034051765463077
VIKASECO.NS,1,0.5251207404183159,2025-09-01,211,0.18575063613231552,3.0,,-32.653061886487784,-44.3820210421812,51.04530727790482,21.81818457674413,1064,Neutral,0.050241480836631824
TCIFINANCE.NS,1,0.5250082019530123,2025-09-01,211,-1.1050946919178446,,,-17.943684627719783,-44.36057070038145,51.11082312858453,36.27684768643017,1065,Neutral,0.05001640390602469
BLUECHIP.NS,1,0.5248894377584797,2025-09-01,211,-8.432835820895523,-17.91,,-9.225092121066664,-21.904763058109495,19.258908477289015,0.0,1066,Neutral,0.049778875516959475
ENERGYDEV.NS,1,0.5247988307625578,2025-09-01,211,0.4583333333333333,0.0,,-19.374616498367413,-32.25141822819987,34.69056749711527,24.999994861668938,1067,Neutral,0.04959766152511569
SHOPERSTOP.NS,1,0.5246861533740959,2025-09-01,211,19.096345514950166,8.0,,-9.729812428656878,-27.505329380478226,42.507534684408746,39.230758396120464,1068,Neutral,0.04937230674819171
SIGIND.NS,1,0.5246601376453278,2025-09-01,211,2.766949152542373,14.0,,-4.141103012541027,-19.41425812817186,42.67395276207362,47.70642041297206,1069,Neutral,0.049320275290655635
STCINDIA.NS,1,0.5245795593407202,2025-06-01,303,-56.804681957909665,10.43,,-15.716007450853972,-25.05363431445754,61.22122583433654,41.15118464505418,1070,Neutral,0.049159118681440406
IPL.NS,1,0.5239046227094367,2025-09-01,211,0.3146417445482866,13.0,,-19.625569257409516,-27.912590563416984,41.365787159285276,26.662819551379172,1071,Neutral,0.047809245418873436
DWARKESH.NS,1,0.5238638046948185,2025-09-01,211,0.3615894039735099,7.0,,30.67728789566358,23.076913639080985,59.97943765954543,69.30869648540947,1072,Neutral,0.04772760938963705
ISHANCH.NS,1,0.5236511936522208,2025-09-01,211,0.7006768792304953,4.04,,-22.868853709736808,-26.14974115024351,63.29148245406403,32.97793533975212,1073,Neutral,0.047302387304441584
AKSHAR.NS,1,0.5236498580957264,2025-09-01,211,0.12941176470588237,-6.0,,-13.636364252114102,-26.92307515962583,43.77517119862148,55.55554819696017,1074,Neutral,0.04729971619145279
BLUEDART.NS,1,0.5236410214841906,2025-09-01,211,0.8912529550827423,19.0,,-15.563856278904304,-12.787065956274112,25.895431034043444,29.163526752072343,1075,Neutral,0.04728204296838112
SDBL.NS,1,0.5233030475632234,2025-09-01,211,0.43070652173913043,13.0,,-21.583183877147736,-42.66126582939671,48.45359193008538,28.07539528609793,1076,Neutral,0.04660609512644687
DIGJAMLMTD.NS,1,0.5226355883116088,2025-09-01,211,16.567099567099568,5.04,,-18.127152475231302,-25.3865750283153,39.72582232496118,38.59488955823992,1077,Neutral,0.04527117662321767
GALAPREC.NS,1,0.522617705661432,2025-09-01,211,0.2647058823529412,17.0,,-5.705080784425666,-11.418661764561003,32.49665970637212,46.31794933260847,1078,Neutral,0.045235411322863905
RADICO.NS,1,0.5225400192180574,2025-09-01,211,0.6376414124100103,16.0,,-3.373637335399555,-20.370086114306527,40.41204887272002,43.01541112841585,1079,Neutral,0.045080038436114744
INDGN.NS,1,0.5221997864308006,2025-09-01,211,0.14322120285423037,17.0,,-11.89052081023505,-16.495341356503822,37.7492160462919,44.004102931105955,1080,Neutral,0.04439957286160112
PRIVISCL.NS,1,0.5220365561517328,2025-09-01,211,1.1192,18.0,,-2.3750968177166984,-13.758520144997775,31.553007203729482,47.65248320128564,1081,Neutral,0.04407311230346567
TRANSWORLD.NS,1,0.5219973521436797,2025-09-01,211,0.4753246753246753,7.0,,-18.31736026535667,-42.34816373057058,56.53028816120202,37.23607928128455,1082,Neutral,0.04399470428735941
COMPINFO.NS,1,0.5219583000424509,2023-03-01,1126,-3.3159722222222223,14.0,,-34.5323715401969,-46.153846425146305,36.45934526469907,4.878045234702071,1083,Neutral,0.043916600084901836
TANLA.NS,1,0.5219434258125287,2025-09-01,211,1.2964426877470356,41.0,,-14.700562213100282,-30.062997281860394,44.36830444108155,31.86386689788138,1084,Neutral,0.043886851625057455
ADSL.NS,1,0.5219147684824935,2025-09-01,211,0.5626283367556468,8.0,,-26.051917034280564,-43.71771989876866,55.09624490256403,35.02881297224208,1085,Neutral,0.04382953696498704
DREAMFOLKS.NS,1,0.52182909029675,2025-09-01,211,0.41935483870967744,35.0,,-30.01713439497558,-48.33318514291071,51.26802283311264,26.847222239378567,1086,Neutral,0.04365818059349991
SETUINFRA.NS,1,0.5217924969712081,2023-09-01,942,-3.7828316242143565,0.39,,-9.523807834335413,-22.44898207432918,48.333884206809735,36.36364128963809,1087,Neutral,0.04358499394241622
FINEORG.NS,1,0.5216631954247894,2025-09-01,211,0.06949152542372881,26.0,,-18.9699990241374,-5.846095899148331,43.707702413390564,34.69991356500019,1088,Neutral,0.0433263908495789
TATACHEM.NS,1,0.5215709003343777,2025-09-01,211,0.21263940520446098,4.0,,-18.919855453540396,-23.55832241153342,23.74669638892965,11.484235599666988,1089,Neutral,0.04314180066875539
GALAXYSURF.NS,1,0.5214233546745911,2025-09-01,211,0.6717506631299734,15.0,,-22.90542632556984,-26.86271442324265,39.08551246946785,19.802329558828262,1090,Neutral,0.04284670934918222
DONEAR.NS,1,0.5213422682126848,2025-09-01,211,2.1372549019607843,14.0,,-11.163048357964914,-15.444916944262669,30.36671055506119,31.60969716014091,1091,Neutral,0.042684536425369624
LIBAS.NS,1,0.5212878775382972,2025-09-01,211,0.4719377304383449,0.12,,2.5590574093173983,-6.379155712907532,38.23729883326317,57.26257638052353,1092,Neutral,0.04257575507659439
AZAD.NS,1,0.521253623716919,2025-09-01,211,0.31195138419986496,12.0,,-14.506281930232717,-9.814646004254026,41.015239011541595,37.37269656198889,1093,Neutral,0.042507247433837936
RHIM.NS,1,0.5210733140841861,2025-09-01,211,0.20792801556420235,8.0,,-22.413595904806744,-24.86378056500244,46.36118472608931,30.050152935839307,1094,Neutral,0.042146628168372224
SHYAMCENT.NS,1,0.5208610851716554,2025-09-01,211,0.04995871180842279,-5.67,,-27.984344997927018,-41.214058590944724,36.7007920913143,12.500006574042203,1095,Neutral,0.04172217034331083
RSWM.NS,1,0.5205652055316886,2025-09-01,211,1.5291445874337624,2.0,,-19.179274728471604,-19.738063537712044,35.76040377231898,23.69024604954916,1096,Neutral,0.041130411063377226
COROMANDEL.NS,1,0.5203101057868796,2025-09-01,211,0.8535495614760881,25.0,,-17.360447908778667,-18.57787598921247,40.649566465987455,43.88813365181523,1097,Neutral,0.04062021157375928
VINATIORGA.NS,1,0.5202891807952907,2025-09-01,211,0.11784511784511785,21.0,,-12.2922029660846,-16.668758525219747,28.105101290571945,43.3879542547105,1098,Neutral,0.04057836159058148
20MICRONS.NS,1,0.5202775353538159,2025-09-01,211,0.5517241379310345,19.0,,-23.885204217155287,-38.84525502558446,39.56473997326345,26.74560562990777,1099,Neutral,0.04055507070763187
MGL.NS,1,0.520038024439215,2025-09-01,211,0.3920811202317721,23.0,,-22.75603561973095,-17.521112664038675,39.8482376578641,22.157390823895554,1100,Neutral,0.04007604887842997
AJANTPHARM.NS,1,0.5198882136605247,2025-09-01,211,0.21196705426356588,33.0,,-7.155858328461376,2.5818284021301885,29.46941312572727,42.442739209835096,1101,Neutral,0.03977642732104947
PITTIENG.NS,1,0.5197621245074951,2025-09-01,211,1.2718340611353711,16.0,,-22.24795393471124,-17.588604198636983,37.18780395705261,19.22310756972111,1102,Neutral,0.0395242490149903
CRAFTSMAN.NS,1,0.5197303623185243,2025-09-01,211,1.4182892906815021,8.0,,-10.493906350224503,-1.1196145124716554,43.29842435703857,43.38094222980175,1103,Neutral,0.03946072463704864
AVROIND.NS,1,0.5197207827197385,2025-09-01,211,0.4234161988773054,7.58,,-14.70099811938041,-8.584489632465617,54.27263261806047,34.76635269678971,1104,Neutral,0.03944156543947708
SURYALAXMI.NS,1,0.5195793945207964,2025-09-01,211,1.6470588235294117,7.0,,-25.940557827888668,-26.320283973609413,58.4188309702917,30.383840233388568,1105,Neutral,0.039158789041592756
PCJEWELLER.NS,1,0.5195583121418839,2025-09-01,211,0.23294902069731907,7.0,,-24.826212501752035,-18.426719940888635,33.96341873194926,23.809532656224548,1106,Neutral,0.03911662428376772
BAJAJHLDNG.NS,1,0.5194546144898797,2025-09-01,211,0.06175009888805872,7.0,,-21.672935697653593,-21.595696996862394,32.66705747108128,25.520833333333343,1107,Neutral,0.03890922897975946
MOTOGENFIN.NS,1,0.5193841943715314,2025-09-01,211,1.242941478439425,1.74,,-12.169314936181348,-21.259164258902956,41.40801675695552,31.440157013919006,1108,Neutral,0.038768388743062765
HEXT.NS,1,0.5192973245595445,2025-09-01,211,0.6581347455133862,32.0,,-9.032536623378999,-43.21218784930678,47.38461171869551,39.68781875706434,1109,Neutral,0.03859464911908894
DSSL.NS,1,0.5192338751715343,2025-09-01,211,2.208791208791209,39.0,,-14.27089289066767,-17.91560366618191,38.52300338916373,29.550693161484844,1110,Neutral,0.038467750343068596
BHEL.NS,1,0.5191174770613121,2025-09-01,211,1.9197062621045835,5.0,,-6.279828761385986,-12.788632326820604,39.86718369911574,44.67168942346702,1111,Neutral,0.03823495412262412
KIRLOSIND.NS,1,0.5191165495417526,2025-09-01,211,0.11231178033658104,2.0,,-12.697743561308265,-24.333591359028308,39.7963609502203,30.116104235110598,1112,Neutral,0.03823309908350514
NIITLTD.NS,1,0.5188940945857294,2025-09-01,211,0.065279091769158,4.0,,-30.037495384592567,-45.82212901873382,53.8963069206957,31.422379491282356,1113,Neutral,0.037788189171458875
INDRAMEDCO.NS,1,0.5187303860036672,2025-09-01,211,0.44764795144157815,39.0,,-8.491026864394176,-18.353247216278863,47.70109747633332,44.69376630713165,1114,Neutral,0.03746077200733433
BALAJITELE.NS,1,0.5186662080660774,2025-09-01,211,0.26917293233082706,0.0,,-30.54307235979385,-39.5271682754207,73.47656200222724,13.070154195555858,1115,Neutral,0.03733241613215488
MBAPL.NS,1,0.518662787151388,2025-09-01,211,1.6296296296296295,18.0,,-0.3247104579202279,10.978553622710198,34.20762129591487,50.50352473460767,1116,Neutral,0.037325574302776054
SBICARD.NS,1,0.5186401104835566,2025-09-01,211,3.7235970250169035,,,-19.15357206782388,-26.246097378379034,35.766921768857685,31.427639736660012,1117,Neutral,0.03728022096711325
INDORAMA.NS,1,0.5185099562313958,2025-09-01,211,4.334645669291339,11.0,,-16.090352369090784,-38.00988960640404,40.55386890609065,33.12666174934712,1118,Neutral,0.03701991246279168
MANALIPETC.NS,1,0.5184832854265785,2025-09-01,211,0.308994708994709,0.0,,-28.2956985049887,-34.73649160004802,44.132846632462474,24.56054603826469,1119,Neutral,0.03696657085315702
OMAXE.NS,1,0.5184187188883026,2025-09-01,211,10.779334500875656,-9.0,,-15.904107385380117,-24.78386167146974,42.441590584549814,35.44776544296576,1120,Neutral,0.0368374377766052
DATAPATTNS.NS,1,0.518377667070313,2025-09-01,211,0.13914174252275682,21.0,,-1.1496140072121106,13.350511370572695,49.776024626077096,30.93195577285867,1121,Neutral,0.03675533414062593
SAMMAANCAP.NS,1,0.5183495160841638,2025-09-01,211,1.972643332617565,,,-5.331137165246673,6.891620712856391,42.21701573164187,58.338553890320846,1122,Neutral,0.036699032168327594
AGROPHOS.NS,1,0.5183330410710222,2025-09-01,211,1.338235294117647,14.0,,-27.376660136312303,-39.39242209417388,54.27218407733477,25.52909992839875,1123,Neutral,0.036666082142044365
ORIENTLTD.NS,1,0.5182929988467213,2025-09-01,211,1.5,2.0,,-6.276217196480606,-26.94919189530306,59.649302135439555,38.303255510208814,1124,Neutral,0.03658599769344262
STARHEALTH.NS,1,0.5181814625287477,2025-09-01,211,1.8569509738079248,12.0,,-2.2122487909566475,3.1567080045095826,23.638268127554728,58.29269285124492,1125,Neutral,0.0363629250574955
SIS.NS,1,0.5180828438020539,2025-09-01,211,1.27551867219917,12.0,,-4.383423629902293,-15.731071059025417,38.716554844877265,46.399994891825,1126,Neutral,0.03616568760410788
PFC.NS,1,0.5180684634791312,2025-09-01,211,5.115652396821328,,,-9.6999140819109,8.93512049876177,39.93558796654841,46.14001423563765,1127,Neutral,0.036136926958262316
HPAL.NS,1,0.5180673636477091,2025-09-01,211,0.23404255319148937,14.0,,-27.03874175966994,-37.020576795452556,45.08163700059907,22.40895211181521,1128,Neutral,0.03613472729541822
KSCL.NS,1,0.5180378741162093,2025-09-01,211,0.4153066966797974,19.0,,-2.421414529353408,-20.06119451372068,42.89107271275891,53.463243423822036,1129,Neutral,0.03607574823241855
CHAMBLFERT.NS,1,0.5178488375720508,2025-09-01,211,0.4085542667771334,28.0,,-7.026909062473694,-9.883841138958553,35.70435340914516,55.369756045338846,1130,Neutral,0.035697675144101604
EPL.NS,1,0.5178302311994394,2025-09-01,211,0.7142857142857143,20.0,,-4.897142441052817,-3.895309802930939,44.09531503984074,57.601579210206445,1131,Neutral,0.03566046239887877
JSWHL.NS,1,0.5178001111548699,2025-09-01,211,0.1317602904079247,1.0,,-33.801909447665906,-41.80226570545829,48.373258410892674,20.592803520579864,1132,Neutral,0.035600222309739804
ADVENZYMES.NS,1,0.5177669050808701,2025-09-01,211,0.11624441132637854,20.0,,-16.08874180714616,-13.69167897652416,32.84012460185665,25.139268381162992,1133,Neutral,0.035533810161740176
TPLPLASTEH.NS,1,0.5176985270140233,2025-09-01,211,0.6339869281045751,20.0,,-25.29736266868996,-22.428075804396066,56.063295307919915,36.80124411239471,1134,Neutral,0.035397054028046604
TRENT.NS,1,0.5176796714890023,2025-09-01,211,0.6766928657799275,29.0,,-15.966342457212518,-23.090560776564686,32.80172046084939,32.90777299632008,1135,Neutral,0.03535934297800458
GLOBE.NS,1,0.5175922662311894,2025-09-01,211,1.6012658227848102,9.0,,-27.007299524128697,-25.093635099214275,53.10280730842335,21.276584951621302,1136,Neutral,0.03518453246237874
TEXMOPIPES.NS,1,0.5168414439322705,2025-09-01,211,0.4727272727272727,9.0,,-25.978959839832218,-32.2824915776011,46.38447771521335,22.729919286852578,1137,Neutral,0.03368288786454099
ORIENTBELL.NS,1,0.5167769865646179,2025-09-01,211,0.6178343949044586,2.0,,-15.686596593491773,-5.716416268212632,64.4402018918043,40.55518031303973,1138,Neutral,0.0335539731292358
ORIENTHOT.NS,1,0.5167184561821546,2025-09-01,211,0.6402714932126696,14.0,,-17.80093726009981,-19.833822395158474,45.983661404241936,43.446671966781544,1139,Neutral,0.033436912364309235
ALPA.NS,1,0.5166379205952268,2025-09-01,211,0.27835051546391754,15.0,,-28.324592250526624,-40.71711438532656,48.78461521196981,10.950708557835299,1140,Neutral,0.03327584119045368
JHS.NS,1,0.5165904067728593,2025-09-01,211,0.1910370583165757,-5.17,,-32.40453586814532,-34.10462306596712,57.07913580352603,27.516767712800117,1141,Neutral,0.03318081354571856
RELINFRA.NS,1,0.5162758375558271,2025-09-01,211,0.25344239385095974,-1.0,,-31.404278290749883,-61.33371685871568,57.12417676799225,18.122159118125808,1142,Neutral,0.03255167511165413
ANUP.NS,1,0.5159247684746049,2025-09-01,211,0.49508196721311476,24.0,,1.1032657003343813,-27.88794363083749,58.07999144195822,59.866818463833724,1143,Neutral,0.03184953694920978
RVHL.NS,1,0.5158551369572606,2025-09-01,211,0.012581392782253622,-0.18,,-24.820885915568297,-45.622802471681005,61.434735663505016,21.71617273902126,1144,Neutral,0.03171027391452119
ROSSARI.NS,1,0.5158115690897443,2025-09-01,211,0.41858407079646015,15.0,,-23.243789943534594,-34.22515250836901,33.244196799028394,23.629107424119326,1145,Neutral,0.0316231381794887
MINDACORP.NS,1,0.5157170263853332,2025-09-01,211,1.185700575815739,12.0,,-12.691017425396737,-12.925698270237183,39.07066737574401,52.354326581624576,1146,Neutral,0.031434052770666465
DGCONTENT.NS,1,0.5156332778490532,2025-09-01,211,3.5384615384615383,-1.0,,-20.029133952557167,-31.86472418128701,52.170912234961186,38.86792405299261,1147,Neutral,0.031266555698106435
GAIL.NS,1,0.5155604296135858,2025-09-01,211,0.6164324030691927,15.0,,-18.994113697725183,-16.967351888929187,36.280939342849074,36.27953858797339,1148,Neutral,0.03112085922717167
ATL.NS,1,0.5155379032400643,2025-09-01,211,2.1067961165048543,15.0,,-24.859212202120638,-33.16636924767211,42.375541664499835,17.543854230132368,1149,Neutral,0.031075806480128643
CAPITALSFB.NS,1,0.5154159353750273,2025-09-01,211,7.21998562185478,,,-16.752240450882542,-16.768063157230277,26.61493822199287,22.39347350201089,1150,Neutral,0.030831870750054557
WABAG.NS,1,0.5152099122132278,2025-09-01,211,1.368088467614534,23.0,,-7.908976810332385,-9.99999810155035,43.09078107533812,47.58877659417905,1151,Neutral,0.030419824426455522
INDIANB.NS,1,0.5151425868632541,2025-09-01,211,11.238942754681897,,,-14.019923424332973,8.638961904481883,43.10051372596727,42.17186372598627,1152,Neutral,0.030285173726508186
HAVELLS.NS,1,0.5149617327438852,2025-09-01,211,0.5686297107295148,26.0,,-16.012979959750208,-15.791737995736316,31.007655653741573,31.326253471070956,1153,Neutral,0.029923465487770473
ICICIPRULI.NS,1,0.5148745608507879,2025-09-01,211,24.498232104973678,9.0,,-23.748598908646652,-21.601665016869067,28.493225733614665,14.146545211667743,1154,Neutral,0.02974912170157573
SEQUENT.NS,1,0.5147484470917925,2025-09-01,211,0.04403048264182896,2.0,,,,,,1155,Neutral,0.02949689418358492
INFOMEDIA.NS,1,0.5147054667344543,2025-09-01,211,-1.1715966386554624,,,-2.642278707825595,-25.851394217220143,53.70905842998299,39.53488629982284,1156,Neutral,0.02941093346890855
ANANTRAJ.NS,1,0.5146757395255873,2025-09-01,211,0.17508505626799267,7.0,,-24.527946903557186,-26.854774299231927,45.46856448447065,34.14003668419612,1157,Neutral,0.029351479051174634
ASTRAL.NS,1,0.5146724335260515,2025-09-01,211,0.3135077980438805,22.0,,-5.002373670059427,15.035971223021583,38.049863434180295,49.406704568999345,1158,Neutral,0.02934486705210304
ATUL.NS,1,0.5146511870378555,2025-09-01,211,0.19941449974169106,12.0,,-2.6223241590214066,5.290567909399025,28.23449596860113,57.928913192071086,1159,Neutral,0.029302374075711013
ACEINTEG.NS,1,0.5146093961651429,2025-09-01,211,0.02616279069767438,-10.3,,-16.300765232068958,-30.71331285136139,64.2011591324204,42.08566157614402,1160,Neutral,0.029218792330285792
DOLPHIN.NS,1,0.5145592979850789,2025-09-01,211,0.5156736822025815,2.95,,-1.0873580099166684,-3.2518307562270783,73.75450891352517,23.404961045350134,1161,Neutral,0.029118595970157868
DECCANCE.NS,1,0.5144580699917729,2025-09-01,211,1.2788203753351206,2.0,,-23.33426965183537,-28.42988870144369,47.59024516299725,28.552128265263036,1162,Neutral,0.028916139983545808
CSLFINANCE.NS,1,0.5144486030636511,2025-09-01,211,1.3982758620689655,,,-15.853895686265536,-29.802168384002677,41.96333336603828,33.51386990292225,1163,Neutral,0.02889720612730229
RUSTOMJEE.NS,1,0.5143151101374698,2025-09-01,211,0.5432242990654206,6.0,,-11.954351535774903,-28.199959427021465,43.660995987065114,31.87883956745246,1164,Neutral,0.028630220274939555
EMCURE.NS,1,0.514288770179857,2025-09-01,211,1.0,14.0,,11.51103896779777,13.067821387885237,42.72047970315748,56.38079245215858,1165,Neutral,0.028577540359713938
ORIENTCER.NS,1,0.5142427830636016,2025-09-01,211,0.3531468531468531,6.0,,-13.04567712414765,-15.456328499729855,51.87004651775477,45.880929125528105,1166,Neutral,0.02848556612720321
PDSL.NS,1,0.5142130599805366,2025-09-01,211,0.17435158501440923,15.0,,-13.916768090713157,-28.569477855301518,45.18417233125766,36.452055011387195,1167,Neutral,0.028426119961073137
RBZJEWEL.NS,1,0.5141329468746637,2025-09-01,211,0.7638376383763837,20.0,,-17.91716851844887,-29.82950984210731,43.8532064579625,26.689544105467704,1168,Neutral,0.02826589374932742
NEOGEN.NS,1,0.5140043985561438,2025-09-01,211,1.3510253317249699,11.0,,-16.8411575975992,-3.756276916825576,59.56888470584535,27.03348388028772,1169,Neutral,0.028008797112287542
PIONEEREMB.NS,1,0.5139716370303063,2025-09-01,211,0.9493670886075949,6.0,,-26.46733125104468,-30.154278553416532,51.156887607408805,26.45698655892825,1170,Neutral,0.0279432740606127
BHARTIARTL.NS,1,0.513805225953928,2025-09-01,211,1.8322163542952268,8.0,,-6.846451255801354,-15.341497715950359,23.802636049967493,38.15678859185514,1171,Neutral,0.027610451907855937
AKSHARCHEM.NS,1,0.5136926796169717,2025-09-01,211,0.6297709923664122,3.0,,-32.19222597032845,-41.06352797068826,48.0047184411785,21.598920025717263,1172,Neutral,0.027385359233943474
NATCOPHARM.NS,1,0.513644239974718,2025-09-01,211,0.19622778382299602,32.0,,-0.4089143273444797,7.413820010421526,44.346751073668415,44.84069423635327,1173,Neutral,0.02728847994943595
HINDPETRO.NS,1,0.5135820493770924,2025-09-01,211,2.575132825132825,12.0,,-23.196706086310446,-28.28736687139174,48.93138011033782,31.653610220366687,1174,Neutral,0.027164098754184796
SARVESHWAR.NS,1,0.5135049318930037,2025-09-01,211,0.7885117493472585,8.0,,-35.30928050436589,-42.43119464218786,51.967737347454545,20.740750421382657,1175,Neutral,0.02700986378600745
CYIENTDLM.NS,1,0.5134302215877153,2025-09-01,211,0.5313463514902363,12.0,,-12.780276378593905,-35.38973071397011,47.083306345591794,44.29967779289235,1176,Neutral,0.02686044317543068
CHALET.NS,1,0.5133958701553395,2025-09-01,211,0.9440276976341604,12.0,,-15.288583543366766,-18.95447490782744,35.76645303952189,43.022757279273684,1177,Neutral,0.02679174031067899
JBCHEPHARM.NS,1,0.5133766902386937,2025-09-01,211,0.23636852001074402,26.0,,-1.030730188722971,14.270520810514565,23.216132691208347,48.88265193236202,1178,Neutral,0.0267533804773874
IFCI.NS,1,0.51329025844913,2025-09-01,211,3.062571103526735,15.0,,-17.97155740230679,-10.37064262583717,47.52195086647396,40.12287077295948,1179,Neutral,0.02658051689826002
MADHAV.NS,1,0.5132809601683518,2025-09-01,211,0.140820609306028,1.17,,-16.558794481651802,-25.517573779127012,61.11256995931199,33.67555966878173,1180,Neutral,0.02656192033670357
PRAJIND.NS,1,0.513254572352809,2025-09-01,211,1.102919708029197,24.0,,5.454237850315937,-4.5181681281236195,50.50302487541741,53.85173599806249,1181,Neutral,0.02650914470561805
VTL.NS,1,0.5132489526816452,2025-09-01,211,0.2830553295362083,11.0,,-3.961117929483294,17.198166063292575,28.98084336386548,41.49420088561122,1182,Neutral,0.02649790536329033
HEROMOTOCO.NS,1,0.5131262928836213,2025-09-01,211,0.49890632429862103,31.0,,-11.75599128540305,-8.43205557681843,38.216092001233605,39.44303797468355,1183,Neutral,0.026252585767242653
GMBREW.NS,1,0.5131086793846323,2025-09-01,211,0.11890243902439024,18.0,,-1.8874483287271249,-17.882815767394636,41.18818945867415,52.52398965721883,1184,Neutral,0.026217358769264676
FAIRCHEMOR.NS,1,0.5129902365266686,2025-09-01,211,0.3197278911564626,10.0,,-24.7872171584589,-37.881069136664905,37.126305213976394,18.803866320862795,1185,Neutral,0.025980473053337283
QPOWER.NS,1,0.5128435533737505,2025-09-01,211,0.10393258426966293,18.0,,-10.445273326140805,8.58722206191374,54.20728559001054,51.3616981931176,1186,Neutral,0.025687106747501076
UDS.NS,1,0.5128303001180474,2025-09-01,211,0.392090395480226,9.0,,-22.136707596930496,-34.921118906222056,51.5799835815951,29.58247887739202,1187,Neutral,0.025660600236094844
GNA.NS,1,0.5128026203635824,2025-09-01,211,0.535031847133758,14.0,,-15.423826388374334,13.058640953100237,47.583029036569634,29.378850240306733,1188,Neutral,0.025605240727164746
AVADHSUGAR.NS,1,0.5127407022174422,2025-09-01,211,0.7122641509433962,9.0,,44.96603199275269,26.813454447268235,61.46174016964751,67.332168887233,1189,Neutral,0.025481404434884336
MANBA.NS,1,0.5125555067737048,2025-09-01,211,3.8508997429305913,,,-17.863855617966916,-28.40184843659086,32.498869755716534,32.793867194760196,1190,Neutral,0.025111013547409522
MUNJALAU.NS,1,0.5125313063693829,2025-09-01,211,0.7962085308056872,9.0,,-17.941888581835002,-15.13710223053991,44.97326497149557,40.95761577929016,1191,Neutral,0.025062612738765866
HINDMOTORS.NS,1,0.5125090121455737,2025-09-01,211,0.7616537180910105,3.16,,,,,,1192,Neutral,0.0250180242911473
SONACOMS.NS,1,0.5121832006534363,2025-09-01,211,0.1443687230989957,18.0,,-11.162361623616237,0.20004709680221858,35.93952534644539,44.35625459961671,1193,Neutral,0.02436640130687251
SARLAPOLY.NS,1,0.512141204168691,2025-09-01,211,0.48333333333333334,12.0,,-15.692681163039095,-23.596488336813685,46.03251679162808,34.1705242244544,1194,Neutral,0.024282408337382044
UNIVASTU.NS,1,0.512006904424722,2025-09-01,211,1.2528735632183907,12.0,,-10.235623834994383,-13.255976765034777,44.91473601903568,43.236089837559305,1195,Neutral,0.02401380884944393
HDFCLIFE.NS,1,0.5119961518670884,2025-09-01,211,20.890785587714117,7.0,,-19.67358373533662,-21.090257738873593,29.83380244987196,28.171443568756416,1196,Neutral,0.023992303734176712
SNOWMAN.NS,1,0.5118796128054521,2025-09-01,211,0.9556650246305419,4.0,,-21.922683109835923,-22.940274990987316,39.76744572478177,28.692981669402542,1197,Neutral,0.023759225610904267
YUKEN.NS,1,0.5116735599847755,2025-09-01,211,0.5284090909090909,7.0,,-20.46732432838647,-30.8395411446821,40.92952107124497,12.781726520467046,1198,Neutral,0.023347119969550967
NORBTEAEXP.NS,1,0.5115414826446667,2025-09-01,211,0.5814999999999999,3.9,,-4.21909471993781,15.256401643809872,37.17767733560899,49.37214278809013,1199,Neutral,0.0230829652893334
KRITINUT.NS,1,0.5114784561240157,2025-09-01,211,0.11790393013100436,24.0,,-21.529500750881326,-21.127384297388645,54.13657712059609,37.483864441869045,1200,Neutral,0.022956912248031314
REMSONSIND.NS,1,0.5114236397841407,2025-09-01,211,1.188034188034188,11.0,,-30.343662182525794,-36.439510482334,60.58884528545211,25.600747765194058,1201,Neutral,0.022847279568281476
AGARWALEYE.NS,1,0.5114091416685643,2025-09-01,211,0.4539877300613497,6.0,,-9.895838476523583,-19.670029067374745,20.79222282495913,16.93736747398573,1202,Neutral,0.022818283337128653
SENORES.NS,1,0.5113806956866885,2025-09-01,211,0.14425770308123248,2.0,,-1.6953586662534992,-6.68304968231726,37.79053336348219,53.70369740186251,1203,Neutral,0.02276139137337707
WINSOME.NS,1,0.5113207907989893,2025-03-01,395,-9.3,-8.0,,-4.651165208409023,-12.299466229251447,24.06058008575116,39.28569755991228,1204,Neutral,0.022641581597978577
SUNFLAG.NS,1,0.511315033543079,2025-09-01,211,0.2726099706744868,4.0,,-22.322713978437893,-26.616254781279537,46.02130015734694,33.04821554186336,1205,Neutral,0.02263006708615789
M&M.NS,1,0.5111735614479865,2025-09-01,211,0.6403423019656795,27.0,,-15.36963567013849,-18.448293684095475,42.11410817011011,41.67083579333635,1206,Neutral,0.02234712289597307
ELIN.NS,1,0.5108007253755822,2025-09-01,211,0.42217484008528783,7.0,,-27.96558303005124,-43.58714637000328,48.35673464427942,25.707346310048166,1207,Neutral,0.021601450751164375
ROLEXRINGS.NS,1,0.5106748210838237,2025-09-01,211,0.17253218884120172,23.0,,-21.203944170182677,-11.834790584030447,42.57411586942857,41.72515523927144,1208,Neutral,0.021349642167647342
DELTAMAGNT.NS,1,0.5106620747831598,2025-09-01,211,4.753001715265866,-10.79,,-24.975642433903154,-32.90734772954052,49.04773373352126,27.073792949079703,1209,Neutral,0.021324149566319672
SAKHTISUG.NS,1,0.5105216955426432,2025-09-01,211,7.5,12.0,,-8.628462174039733,-25.315791682193158,45.67822703031099,36.43891615976793,1210,Neutral,0.0210433910852863
RUCHIRA.NS,1,0.5104960989534418,2025-09-01,211,0.5691382765531062,19.0,,-9.099517616525437,-20.457371730846546,46.54193446627158,39.920630066963085,1211,Neutral,0.02099219790688367
CIPLA.NS,1,0.5102921974271372,2025-09-01,211,0.12633478718604302,20.0,,-9.055792780993196,-18.7118226313496,20.072710298623267,25.074195978807353,1212,Neutral,0.020584394854274324
SUPREMEINF.NS,1,0.5101589502815611,2025-06-01,303,-1.426461143224149,,,-28.247195771657218,-31.941035055402594,35.63064094613228,16.159628194562416,1213,Neutral,0.020317900563122215
SPLIL.NS,1,0.5101408346341816,2025-09-01,211,0.06391300200324337,4.55,,-27.11864406779661,-37.57258752232855,54.782278771021076,22.530010355686116,1214,Neutral,0.020281669268363167
TCI.NS,1,0.5099432900511245,2025-09-01,211,0.2502262443438914,22.0,,-11.10469453971982,-12.968487458312739,40.85169652740165,43.95186376669021,1215,Neutral,0.019886580102248974
NHPC.NS,1,0.5099211791017326,2025-09-01,211,1.3491752654967237,7.0,,-2.576975017084722,-4.2219021015592215,24.95996440003268,52.631578947368425,1216,Neutral,0.01984235820346525
PLATIND.NS,1,0.5097638074833898,2025-09-01,211,0.20698254364089774,19.0,,-16.938665672765598,-26.73126753614103,54.951083163456495,39.23791462870585,1217,Neutral,0.019527614966779572
LEXUS.NS,1,0.5096361164481359,2025-09-01,211,6.4290142591444495,-1.77,,-34.475434059844844,-8.52799145575683,50.607333275685285,14.725007266763939,1218,Neutral,0.01927223289627178
JAIPURKURT.NS,1,0.5093830623078472,2025-09-01,211,0.6932812500000001,11.18,,-25.657141549246653,-9.558567800640768,52.49641922035402,35.777603454068554,1219,Neutral,0.01876612461569449
RANEHOLDIN.NS,1,0.5092927284431832,2025-09-01,211,0.11688311688311688,13.0,,-16.980502156534612,-26.648921761903143,44.06129098567186,19.102908816375333,1220,Neutral,0.01858545688636637
SHREEPUSHK.NS,1,0.509132699747711,2025-09-01,211,0.47391304347826085,9.0,,-4.166668688876876,-20.887492985604695,53.32691536108653,50.4768847796756,1221,Neutral,0.018265399495422052
SYMPHONY.NS,1,0.5090233682370426,2025-09-01,211,0.36222509702457956,43.0,,-17.642837236856863,-19.92479662745786,43.5916094102424,36.88510942153713,1222,Neutral,0.01804673647408528
ITI.NS,1,0.5088957430124359,2025-09-01,211,6.150930392832529,-1.0,,-11.724514834721612,-23.85730410670644,60.028730715580416,45.77793729235052,1223,Neutral,0.017791486024871794
COASTCORP.NS,1,0.5088732197739031,2025-09-01,211,1.0666666666666667,6.0,,-13.16402374751984,-10.823733370808734,47.42185882490726,45.03479070324079,1224,Neutral,0.017746439547806192
ARTNIRMAN.NS,1,0.5088652623641907,2025-09-01,211,1.3405046480743694,6.63,,-27.770950155901968,-39.613724069541455,56.38176661467824,26.869450042800537,1225,Neutral,0.017730524728381436
JYOTHYLAB.NS,1,0.5084210028112375,2025-09-01,211,0.4756606397774687,37.0,,-24.04112539918587,-30.13989880075162,37.97824605598006,23.02954362108126,1226,Neutral,0.016842005622474954
DCM.NS,1,0.5083702946389259,2025-09-01,211,8.150943396226415,35.08,,-31.12327484478799,-39.73005630072785,46.927412183476015,27.623759964240065,1227,Neutral,0.016740589277851825
ARMANFIN.NS,1,0.5083185833178551,2025-09-01,211,0.7569331158238173,,,-16.5787022663769,-10.926211197577468,40.729343667749276,50.43513965826232,1228,Neutral,0.016637166635710132
BIRLANU.NS,1,0.5083152106391455,2025-09-01,211,0.5724409448818898,3.0,,-21.073378344504334,-20.298507462686565,42.224318133793034,33.39027165689062,1229,Neutral,0.016630421278291063
POWERINDIA.NS,1,0.5082358340119367,2025-09-01,211,1.130045821514292,19.0,,-3.005683182582246,32.070844686648506,36.60197419119431,42.60591526778577,1230,Neutral,0.016471668023873454
PAISALO.NS,1,0.5079935018474626,2025-09-01,211,2.3179611650485437,,,-4.423026234885195,-3.465060561053294,46.44090160737509,52.66013737036361,1231,Neutral,0.015987003694925228
STYLEBAAZA.NS,1,0.507991086510365,2025-09-01,211,2.8205689277899344,9.0,,-13.938824142627858,-0.01832508089757342,64.721017355219,52.73651368423866,1232,Neutral,0.015982173020729906
SOMANYCERA.NS,1,0.5079739681031024,2025-09-01,211,0.8024096385542169,13.0,,-10.412746523921019,-12.893390312384904,57.072974061673754,55.65375869299605,1233,Neutral,0.015947936206204716
TITAN.NS,1,0.5078443591110892,2025-09-01,211,1.8993382682817408,17.0,,-8.638152546965317,-1.01703651443512,28.72655576155584,39.447482769325674,1234,Neutral,0.01568871822217832
MANGCHEFER.NS,1,0.5077414585722257,2025-06-01,303,1.1906103286384977,15.0,,,,,,1235,Neutral,0.015482917144451491
MADRASFERT.NS,1,0.50768459099456,2025-09-01,211,82.08,11.0,,-23.50057539449887,-31.74684482719872,56.4744933889912,39.15018261173949,1236,Neutral,0.015369181989119962
ICIL.NS,1,0.5076843944603457,2025-09-01,211,0.6098099867432611,14.0,,-7.632235019114009,-5.580773901800133,54.958697619948026,48.36983341256027,1237,Neutral,0.01536878892069149
INCREDIBLE.NS,1,0.5076220020254317,2025-09-01,211,0.2847682119205298,10.0,,-19.673978491026777,-27.846504712658245,49.02342152327294,37.269676443986086,1238,Neutral,0.015244004050863458
MARSHALL.NS,1,0.5074170782949597,2024-06-01,668,1.0563009734280453,-3.39,,0.0,-4.960830876937167,0.0,100.0,1239,Neutral,0.01483415658991949
BBTC.NS,1,0.5073882827902024,2025-09-01,211,1.6129032258064515,28.0,,-25.056689342403626,-27.338913187175052,36.67509834217373,23.926703697967795,1240,Neutral,0.014776565580404855
UFLEX.NS,1,0.5073854444427066,2025-09-01,211,1.6102207438766254,9.0,,-28.778358204395026,-31.41538336338141,50.27402000978973,12.885414535008465,1241,Neutral,0.014770888885413225
DOLLAR.NS,1,0.5073770963856225,2025-09-01,211,0.6445182724252492,13.0,,-22.55939021149364,-38.79676598157904,47.99263839674154,34.57211874014426,1242,Neutral,0.0147541927712449
PERSISTENT.NS,1,0.5073515424588149,2025-09-01,211,0.5402507174142879,28.0,,3.090259888237159,-22.31258763988062,36.38503092681678,54.772294704185924,1243,Neutral,0.014703084917629727
JAGRAN.NS,1,0.5073492781906119,2025-09-01,211,0.3511137162954279,16.0,,-3.5990510405904272,-14.143115348019142,16.493361619357515,37.45706284282542,1244,Neutral,0.01469855638122386
KANANIIND.NS,1,0.5073281203306532,2025-09-01,211,0.31889157686386627,0.1,,-29.80132784939019,-35.36585658380918,42.26503478351113,20.833317811287188,1245,Neutral,0.014656240661306441
MOTISONS.NS,1,0.5071467769102291,2025-09-01,211,0.2398190045248869,15.0,,-31.84392895084484,-29.993537577449047,43.675581203633314,23.210817806452383,1246,Neutral,0.014293553820458271
AMNPLST.NS,1,0.5070310759807762,2025-09-01,211,0.4,20.0,,-19.682040689978876,-32.799542371652386,41.50954168688692,29.29070219430959,1247,Neutral,0.014062151961552471
ORIENTCEM.NS,1,0.5070083823650343,2025-09-01,211,0.4362578768783325,9.0,,-22.18211701207166,-28.201684528911198,37.70943142592027,33.2683036191455,1248,Neutral,0.014016764730068632
INDOWIND.NS,1,0.5069303586142306,2025-09-01,211,0.13568376068376056,1.48,,-24.733477008061396,-50.07072297481632,55.8271160250889,26.020392833861393,1249,Neutral,0.013860717228461272
SUTLEJTEX.NS,1,0.5068066979504914,2025-09-01,211,1.309048178613396,-3.0,,-23.18932447018059,-23.408297311006944,48.25558555262576,31.518401969133123,1250,Neutral,0.013613395900982761
VIKASLIFE.NS,1,0.5067628656366536,2025-06-01,303,0.27155963302752295,-2.0,,-28.37838316764853,-42.076507217405755,46.19378309793826,24.074081023857076,1251,Neutral,0.013525731273307251
AURIONPRO.NS,1,0.5066268184437547,2025-09-01,211,0.29329608938547486,12.0,,-19.00078212591579,-34.2019251731389,46.97015184782739,32.35875919299096,1252,Neutral,0.013253636887509357
AGIIL.NS,1,0.5065360133411114,2025-09-01,211,2.7537091988130564,22.0,,-8.703432395895442,11.61496138263812,51.6153374800886,35.658921016265566,1253,Neutral,0.013072026682222848
MEDPLUS.NS,1,0.5065353712415509,2025-09-01,211,0.1206896551724138,5.0,,-1.7430935413764885,2.383135175223394,26.755565803234166,53.99396853586208,1254,Neutral,0.013070742483101805
GENUSPOWER.NS,1,0.5063691195365386,2025-09-01,211,1.8970117395944504,19.0,,-17.96144917655551,-28.48585893627808,40.791124480790586,34.301068705897166,1255,Neutral,0.012738239073077251
LORDSCHLO.NS,1,0.5061167636193424,2025-09-01,211,1.0696517412935322,5.0,,-6.824974702825405,-37.00259562453878,45.869735542765696,35.58808735946661,1256,Neutral,0.012233527238684871
SOTL.NS,1,0.5060670288000504,2025-09-01,211,0.4814391776127927,10.0,,-21.00356554417434,-26.27942295224936,44.427867442111506,27.569902605714816,1257,Neutral,0.012134057600100778
GEEKAYWIRE.NS,1,0.5060523987467891,2025-09-01,211,0.975,25.0,,-25.847950328922835,-40.655223368086155,46.50736102788964,33.38510420516903,1258,Neutral,0.012104797493578179
RSSOFTWARE.NS,1,0.5060233683208322,2025-09-01,211,0.1891891891891892,9.0,,-38.72590180442957,-58.583569425508045,60.504068331089435,15.918371096494852,1259,Neutral,0.012046736641664335
PARKHOTELS.NS,1,0.5060034752875242,2025-09-01,211,0.46206896551724136,12.0,,-23.51494548150321,-28.30805874338681,40.4294190910254,27.402822129424933,1260,Neutral,0.012006950575048414
AJAXENGG.NS,1,0.5058342664550927,2025-09-01,211,0.16533546325878595,34.0,,-17.614677654736877,-31.68793602529108,42.716937337916086,29.505012740832967,1261,Neutral,0.011668532910185325
PALREDTEC.NS,1,0.5056455020859311,2025-09-01,211,0.044328552803129105,5.72,,-22.124644857620474,-29.96178402262888,49.14114769693423,41.42258853250817,1262,Neutral,0.011291004171862129
FCSSOFT.NS,1,0.5055519631065108,2025-09-01,211,0.025809809564631702,0.97,,-26.87500377185637,-37.76595957169116,44.4252078259334,15.217415529277119,1263,Neutral,0.011103926213021698
ZENSARTECH.NS,1,0.505519693756678,2025-09-01,211,0.13929573075724525,25.0,,-5.204495327066023,-28.606888788696594,34.34175826944236,39.06824513096128,1264,Neutral,0.011039387513356091
GRAVITA.NS,1,0.5054330210858338,2025-09-01,211,0.29359953024075164,21.0,,-17.334589176171995,-29.716329400296566,42.22483894586682,32.76727611513995,1265,Neutral,0.010866042171667534
ETERNAL.NS,1,0.505370965714745,2025-09-01,211,0.05675600223338917,7.0,,-8.481215619316261,-19.613835063662656,41.755695510981454,49.68423228262403,1266,Neutral,0.010741931429490092
AADHARHFC.NS,1,0.5052794549864257,2025-09-01,211,2.63933236574746,,,-1.8370681020195463,-7.262395433157928,38.85829654369892,37.495234167620225,1267,Neutral,0.01055890997285136
THEINVEST.NS,1,0.5052696515159912,2025-09-01,211,0.1049586776859504,0.94,,-6.079341927204651,-23.92120575638816,57.36365166696207,47.08850466592731,1268,Neutral,0.010539303031982472
MICEL.NS,1,0.5051513126484565,2025-09-01,211,0.29556541019955646,8.71,,-25.056268928610027,-33.31108093193719,48.619819032896565,38.37375609157501,1269,Neutral,0.010302625296912948
HMVL.NS,1,0.5046843515848821,2025-09-01,211,0.4885844748858447,5.0,,-20.59909374407,-20.248107093074374,37.2833350405163,30.278223311620977,1270,Neutral,0.009368703169764236
ABSLAMC.NS,1,0.5046622149641392,2025-09-01,211,0.10938383267382702,36.0,,-3.6423491176117664,13.998309283815887,57.52523214382366,50.65937202701487,1271,Neutral,0.009324429928278422
INDHOTEL.NS,1,0.5044872712439694,2025-09-01,211,0.23751745810055866,17.0,,-15.627308717654728,-22.80286221552343,34.631518043405165,40.09239115917812,1272,Neutral,0.00897454248793883
PRECWIRE.NS,1,0.5042830266242815,2025-09-01,211,1.3872919818456884,27.0,,-3.396497397068649,23.164464623424806,75.19205033556756,38.318027526826306,1273,Neutral,0.008566053248562966
CAMLINFINE.NS,1,0.5042312300010847,2025-09-01,211,0.8781065088757396,4.0,,-31.25531893249945,-36.46017806221285,56.64965505110152,22.10919837944124,1274,Neutral,0.008462460002169436
SOUTHWEST.NS,1,0.5042065281111939,2025-09-01,211,0.7692307692307693,12.0,,16.884472229539384,7.804106086986222,66.23487435505795,55.929633234820734,1275,Neutral,0.00841305622238786
INFY.NS,1,0.5041342183812644,2025-09-01,211,0.442522526415869,41.0,,-3.061778214673626,-24.48523675972713,25.189156641393527,37.2424563237942,1276,Neutral,0.008268436762528752
XCHANGING.NS,1,0.5040217228175579,2025-09-01,211,0.11148648648648649,8.0,,-26.657461280473672,-42.14986011083632,42.794034230565515,25.810101989233473,1277,Neutral,0.00804344563511572
GSFC.NS,1,0.5039505149609493,2025-09-01,211,2.107713520966826,6.0,,-18.836353867270862,-21.760144256181636,40.424790271426254,40.254088419753366,1278,Neutral,0.007901029921898672
JNKINDIA.NS,1,0.5038695242397471,2025-09-01,211,0.49034749034749037,15.0,,-11.837795652647907,-7.736238735054927,49.30126324764507,43.131971842562585,1279,Neutral,0.007739048479494137
63MOONS.NS,1,0.503228224869778,2025-09-01,211,0.06618156618156618,1.0,,-22.29657368145911,-35.645868137835556,61.50820815149658,33.44569209622338,1280,Neutral,0.006456449739556058
SAURASHCEM.NS,1,0.5030477888885156,2025-09-01,211,0.6547743966421826,2.0,,-26.280387523298753,-40.70339227537873,46.13670584260214,17.339904384515478,1281,Neutral,0.006095577777031291
BEARDSELL.NS,1,0.5027439070144815,2025-09-01,211,0.9534883720930233,15.0,,-24.33842976225962,-35.06078346632605,41.75710743439221,27.81212365837304,1282,Neutral,0.005487814028962923
GOACARBON.NS,1,0.5027059420408146,2025-09-01,211,2.24468085106383,-2.0,,-25.62786849173273,-30.612245368713324,43.82757040052438,29.99595490773602,1283,Neutral,0.005411884081629292
TOLINS.NS,1,0.5026653610407116,2025-09-01,211,0.07641196013289037,14.0,,-25.69945959240266,-36.53239253138109,43.7031819912085,32.37765390644431,1284,Neutral,0.005330722081423156
MITCON.NS,1,0.5026347248971197,2025-09-01,211,0.2450879671246949,7.37,,-2.576398329233053,-18.96246103551378,42.79106093918851,54.18201023928248,1285,Neutral,0.005269449794239378
MUTHOOTCAP.NS,1,0.5024116704875471,2025-09-01,211,4.678843226788432,,,-22.215944167927066,-35.0099898378185,50.39819989386992,42.01161085698653,1286,Neutral,0.004823340975094181
UNIENTER.NS,1,0.5023977955099397,2025-09-01,211,0.041124780316344464,0.0,,-14.33536396835747,-36.239686954781305,42.57846152839007,36.020224087862054,1287,Neutral,0.004795591019879364
SHRENIK.NS,1,0.5023761380188769,2025-09-01,211,-1.021080743224047,,,-7.500000186264512,-24.489796414865836,47.66859867046123,24.99999068676884,1288,Neutral,0.004752276037753855
DYCL.NS,1,0.502325008701247,2025-09-01,211,0.48048780487804876,26.0,,-13.360904703274299,-28.505717415297532,45.21104740357455,36.14517915406951,1289,Neutral,0.004650017402493933
BHARATWIRE.NS,1,0.5023198408856587,2025-09-01,211,0.2574002574002574,13.0,,-11.329350773193308,-11.948801486156484,49.17701318741683,50.31817463521274,1290,Neutral,0.004639681771317461
STARCEMENT.NS,1,0.5022180738092439,2025-09-01,211,0.6635859519408502,-3.0,,-6.496133178845348,-10.364854641330533,24.024989091980967,57.52896540285091,1291,Neutral,0.004436147618487762
CHEMCON.NS,1,0.5018647484482425,2025-09-01,211,0.0682261208576998,7.0,,-22.093674215847617,-37.48386490236822,35.712529721212164,20.493920779229796,1292,Neutral,0.0037294968964849406
NIBE.NS,1,0.5018272427660837,2025-09-01,211,0.670995670995671,17.0,,-21.40039909726434,-28.52269943969163,63.54567899153908,33.50460461996042,1293,Neutral,0.0036544855321674063
KFINTECH.NS,1,0.5017747699146105,2025-09-01,211,0.2625775327360441,34.0,,-12.266038513422787,-20.335367727508633,38.55501201115032,44.7816636684647,1294,Neutral,0.0035495398292209046
HINDWAREAP.NS,1,0.5016293883631309,2025-09-01,211,0.6779026217228464,-11.0,,-25.02680217820046,-31.128620197959716,59.64146923818421,34.293942820205146,1295,Neutral,0.003258776726261736
SIL.NS,1,0.5016046735939214,2025-09-01,211,0.2430939226519337,-6.0,,-22.622949568951718,-23.730124949800945,46.62492644497522,19.948180383851565,1296,Neutral,0.003209347187842715
GATECHDVR.NS,1,0.5015616701232992,2025-09-01,211,0.0988237562668722,,,-19.14893697969187,-24.000000953674316,47.436663354967216,31.250002328306053,1297,Neutral,0.0031233402465984383
NATCAPSUQ.NS,1,0.5015017889190843,2025-09-01,211,0.6627906976744186,7.0,,-7.140553916139579,-17.828879371484156,30.38674603307319,42.26908541992146,1298,Neutral,0.003003577838168514
LOKESHMACH.NS,1,0.5012302766287178,2025-09-01,211,1.0309734513274336,5.0,,10.994826182684376,21.086470503984746,41.72794552779744,45.12338322373861,1299,Neutral,0.0024605532574355493
URJA.NS,1,0.5011460394813176,2025-09-01,211,0.6422483766233765,1.43,,-14.147906812628241,-27.18181610107422,42.41673877564194,40.00000515499524,1300,Neutral,0.00229207896263528
KPRMILL.NS,1,0.501092522214875,2025-09-01,211,0.12915129151291513,21.0,,-10.101339591490152,-11.33501980912024,49.703369568722685,49.64004541332528,1301,Neutral,0.0021850444297499827
RESPONIND.NS,1,0.5009201215023625,2025-09-01,211,0.2765072765072765,6.0,,-28.61398187761494,-37.27901129075038,32.93990165513186,9.843047211752179,1302,Neutral,0.0018402430047250729
PARAS.NS,1,0.5007262788269279,2025-09-01,211,0.32200886262924666,17.0,,-5.672633366802251,-14.768419015144532,52.18191407990683,27.716510895176242,1303,Neutral,0.0014525576538557683
PSB.NS,1,0.5005187327377285,2025-09-01,211,11.12718204488778,,,-19.860359592176614,-23.025336326534674,40.37980742946924,30.778165130338834,1304,Neutral,0.0010374654754570223
ALOKINDS.NS,1,0.5003902955533626,2025-09-01,211,-1.3313796680497925,23.0,,-22.896549619477373,-31.32678234868417,39.93634461415351,28.728067836382067,1305,Neutral,0.0007805911067251259
KESORAMIND.NS,1,0.50033009765947,2025-09-01,211,0.13538461538461538,-3.0,,-8.710412267790018,-36.205534085527326,61.73196551928921,47.86323941609855,1306,Neutral,0.0006601953189400156
ALICON.NS,1,0.5000133050173948,2025-09-01,211,1.175,11.0,,-25.506639109790154,-29.391219963697186,42.54509681274893,21.999039667006727,1307,Neutral,2.6610034789653625e-05
DBSTOCKBRO.NS,0,0.49978746440036315,2025-09-01,211,0.8180274515353048,12.37,,-2.614124456623296,0.04007343177341524,29.03662695087449,49.510752252704535,1308,Neutral,0.00042507119927370773
FOSECOIND.NS,0,0.4997450592056393,2025-09-01,211,0.4146341463414634,31.0,,-4.111282843894899,-6.706766917293233,61.52197131911851,42.79887840938058,1309,Neutral,0.0005098815887214503
GRINFRA.NS,0,0.499624009435192,2025-09-01,211,0.18924496236950716,13.0,,-19.364802766350046,-21.27973353709132,23.438885560779045,17.94271469116211,1310,Neutral,0.0007519811296160528
JETFREIGHT.NS,0,0.49950500842017886,2025-09-01,211,1.5217391304347827,11.0,,-5.537098724093563,-4.905245495643239,35.643258879417786,37.56520648804142,1311,Neutral,0.0009899831596422715
SHALBY.NS,0,0.4994822440752149,2025-09-01,211,0.31864406779661014,12.0,,-19.53803794760907,-36.67914953719959,46.638522429705134,34.69351667494546,1312,Neutral,0.001035511849570181
ALKEM.NS,0,0.4994538226497952,2025-09-01,211,0.2773508964507867,20.0,,-5.795555555555556,-4.02949838733754,34.67243109232758,42.98780487804878,1313,Neutral,0.0010923547004095813
GNFC.NS,0,0.49933521485197774,2025-09-01,211,0.2601549659544494,10.0,,-19.91914175714957,-24.884696602981045,38.806625777492634,36.11650957195006,1314,Neutral,0.0013295702960445244
AJMERA.NS,0,0.499300915601293,2025-09-01,211,0.5794556628621598,13.0,,-24.108092312079403,-48.196889452366015,49.88602297193029,30.6824773068804,1315,Neutral,0.0013981687974139456
NILAINFRA.NS,0,0.499136431626788,2025-09-01,211,3.943589743589744,17.0,,-26.086960642395002,-38.97436093061398,43.24552464240002,26.217225253799754,1316,Neutral,0.0017271367464239962
VOLTAMP.NS,0,0.4991275811057444,2025-09-01,211,0.15562310030395138,29.0,,-0.4413113250802384,11.674702667952428,36.186711126895155,51.42002989536623,1317,Neutral,0.0017448377885111999
HINDCOPPER.NS,0,0.4984928596740106,2025-09-01,211,0.2928380187416332,24.0,,-22.60431938692976,-4.4938807214672645,57.14264536522605,33.358831728560176,1318,Neutral,0.00301428065197884
SEAMECLTD.NS,0,0.49825457478506596,2025-09-01,211,0.4153846153846154,12.0,,4.821432204473586,37.87434582682418,36.116782236120144,60.32581443666098,1319,Neutral,0.0034908504298680754
LOVABLE.NS,0,0.4981907455043973,2025-09-01,211,0.1640533582962789,-1.74,,-24.532647907368275,-31.077572903049212,42.352408740819634,18.85156941943447,1320,Neutral,0.003618508991205416
AHLUCONT.NS,0,0.498119264980225,2025-09-01,211,1.04932502596054,18.0,,-13.054729607172472,-34.92701901768486,50.375573851929225,24.827575631751643,1321,Neutral,0.0037614700395499634
RPTECH.NS,0,0.49789254482983325,2025-09-01,211,1.6046002190580504,14.0,,-0.9090926989781891,-5.336886863446261,39.4903369423208,42.37472665488072,1322,Neutral,0.0042149103403335
ESAFSFB.NS,0,0.49789137177579096,2025-09-01,211,14.51114922813036,,,-26.904672231931347,-24.285166004778624,26.37280276727453,8.112580324179845,1323,Neutral,0.004217256448418083
FINCABLES.NS,0,0.4978544499760898,2025-09-01,211,0.1318909923028916,16.0,,-6.060969884547117,1.2121985981484995,55.11670291596469,24.652512420786607,1324,Neutral,0.0042911000478204064
INDTERRAIN.NS,0,0.4977878140815696,2025-09-01,211,1.4120879120879122,-5.0,,-22.811918383004116,-29.706048365141346,44.73632732708469,31.510209064094383,1325,Neutral,0.004424371836860841
MAZDA.NS,0,0.49774720013434676,2025-09-01,211,0.22127659574468084,15.0,,-19.780935911872348,-24.480904378782423,43.10526757055988,29.39745385566549,1326,Neutral,0.004505599731306487
JINDWORLD.NS,0,0.4975211103729693,2025-09-01,211,0.9121287128712872,10.0,,-28.599605092312284,-38.07731554933534,50.75550965361892,30.510022961143235,1327,Neutral,0.0049577792540613785
HNDFDS.NS,0,0.49750415940915355,2025-09-01,211,1.1315261044176708,15.0,,4.9124626371813855,-0.06866903965728348,32.49523039738338,65.09578663226871,1328,Neutral,0.0049916811816929085
DPWIRES.NS,0,0.4974894576294405,2025-09-01,211,0.07874015748031496,12.0,,-17.282341173454846,-39.338533333294386,47.64614172929212,41.95827012404317,1329,Neutral,0.005021084741118953
AGI.NS,0,0.4974182045101753,2025-09-01,211,0.5173658096526839,20.0,,-15.70567448544786,-36.510841762470356,44.74333914379481,45.43010230771398,1330,Neutral,0.005163590979649357
VAISHALI.NS,0,0.49719513141638727,2025-09-01,211,0.8208955223880597,5.0,,-34.58444920258893,-47.470396830146704,36.94586695243325,7.329857832683658,1331,Neutral,0.005609737167225459
RPPL.NS,0,0.4971661779690822,2025-09-01,211,0.9329608938547486,11.0,,-9.9942206563329,-17.609730040065415,40.82818040223652,52.835054903864474,1332,Neutral,0.005667644061835619
IVP.NS,0,0.49713705467612934,2025-09-01,211,1.2986111111111112,10.0,,-19.37297099345439,-23.429159429795472,44.360640301727926,37.23990617864402,1333,Neutral,0.005725890647741316
DBREALTY.NS,0,0.4970228576834684,2025-09-01,211,0.3458005249343832,-3.0,,-24.885946387858105,-29.347915608945414,49.58235074245867,30.55680864744251,1334,Neutral,0.005954284633063245
DAMODARIND.NS,0,0.49686923604970196,2025-09-01,211,1.3716216216216217,3.0,,-19.509252865626294,-33.63183919715994,49.02957162391868,30.641819002843448,1335,Neutral,0.006261527900596087
ROUTE.NS,0,0.49669839663095894,2025-09-01,211,0.16021671826625386,16.0,,-15.382263815907079,-40.12517261124676,43.656063732899895,35.89955538983094,1336,Neutral,0.0066032067380821236
LAURUSLABS.NS,0,0.49659212448647716,2025-09-01,211,0.7673851159007726,9.0,,-7.771632394321312,-8.50691131732431,37.54313499376132,45.76220716522207,1337,Neutral,0.00681575102704568
TEXRAIL.NS,0,0.49658394084813273,2025-09-01,211,0.6823654390934845,11.0,,-25.716438827691192,-43.75044249291303,48.80204798164825,27.493412351564018,1338,Neutral,0.006832118303734536
VRLLOG.NS,0,0.4964950725111546,2025-09-01,211,1.2673357664233578,16.0,,-17.349825478274074,-10.076239616794467,26.250276125301795,18.825707350897574,1339,Neutral,0.007009854977690799
DALMIASUG.NS,0,0.4962164644231653,2025-09-01,211,0.31286821705426354,9.0,,39.91484745921272,33.92449355699993,62.63007000297699,72.99676408103072,1340,Neutral,0.007567071153669391
IFBIND.NS,0,0.496203227849447,2025-09-01,211,1.5974304068522485,20.0,,-19.2613368363419,-44.38639032524598,43.3479915365768,32.09087183546522,1341,Neutral,0.007593544301106037
TVSMOTOR.NS,0,0.49616090838258775,2025-09-01,211,1.3540787984775229,35.0,,-14.151641419058375,-7.114350581291835,38.466599969051124,40.5938794031679,1342,Neutral,0.007678183234824498
TRIGYN.NS,0,0.49614379242575646,2025-09-01,211,0.46938775510204084,5.0,,-24.893116569174193,-41.77462620505189,48.597349665200404,27.9680811186538,1343,Neutral,0.007712415148487084
POLICYBZR.NS,0,0.49611051843168663,2025-09-01,211,0.010401188707280832,0.0,,-6.028693834019245,-25.491832570725677,29.94832322551135,49.68391506151222,1344,Neutral,0.0077789631366267376
BAJAJHCARE.NS,0,0.495931230245076,2025-09-01,211,0.7227926078028748,11.0,,-14.57597146947977,-30.92856997535342,45.228384051157164,40.761303606641164,1345,Neutral,0.008137539509847969
RITES.NS,0,0.4959148720164267,2025-09-01,211,1.3141382049245434,20.0,,-19.66793168350719,-29.902137188933974,34.667434598710365,28.82404145360033,1346,Neutral,0.0081702559671466
TOKYOPLAST.NS,0,0.49589518415424044,2025-09-01,211,1.0201987816607885,4.54,,-30.202621801826524,-48.24111570690987,46.090690642558094,21.78665614904729,1347,Neutral,0.008209631691519115
HPIL.NS,0,0.4956991206229968,2025-09-01,211,1.0980392156862746,5.0,,-9.152971872323777,-15.92094487676995,48.633728407802664,47.5138164241705,1348,Neutral,0.008601758754006372
SURYAROSNI.NS,0,0.4949437572594818,2025-09-01,211,0.37455125648185084,21.0,,-15.598633583770848,-29.571237435567966,43.69199803919534,40.63252782463755,1349,Neutral,0.010112485481036382
BAJAJHFL.NS,0,0.49489375146708847,2025-09-01,211,4.475473301543836,,,-16.73502238060058,-23.168297647286494,22.630155342665642,22.795290334183164,1350,Neutral,0.010212497065823056
GINNIFILA.NS,0,0.4948556616634384,2025-09-01,211,0.38461538461538464,9.0,,-14.888717503468504,-18.535748448924856,63.3342658073486,50.665058373655974,1351,Neutral,0.010288676673123165
STEELXIND.NS,0,0.4948245538862173,2025-09-01,211,0.8428761651131824,10.0,,-9.426748791187418,-26.014564125668677,45.693424869629126,27.23004799937675,1352,Neutral,0.010350892227565356
KREBSBIO.NS,0,0.4944150539493493,2025-09-01,211,-2.070063694267516,-4.0,,-32.61569949317361,-42.830431902961735,53.36210737734493,22.161675597943386,1353,Neutral,0.01116989210130137
INDOAMIN.NS,0,0.4943743052444294,2025-09-01,211,1.3025210084033614,19.0,,-22.79559620991814,-34.497234811636595,49.089759652793404,35.32547996465492,1354,Neutral,0.011251389511141241
SEYAIND.NS,0,0.49432848270627894,2025-09-01,211,0.9600370840245923,-0.51,,-21.4231010133027,-40.5671293421844,50.36066398631225,73.0290597641219,1355,Neutral,0.011343034587442125
GIPCL.NS,0,0.49414305366576394,2025-09-01,211,1.4264705882352942,6.0,,-16.006120915128374,-23.886334861327313,43.64307804113196,39.77134273138239,1356,Neutral,0.011713892668472115
BANKA.NS,0,0.4940025870666985,2025-09-01,211,1.1944706251963555,0.87,,-27.799758387198786,-35.32131050166356,41.09350274095763,19.64824269911908,1357,Neutral,0.011994825866603054
RAJTV.NS,0,0.493994952827926,2025-09-01,211,0.39516324062877856,-12.7,,-17.15523737131474,-22.637464178756304,48.052979593975,21.93435554972845,1358,Neutral,0.012010094344148015
INNOVANA.NS,0,0.4939792002280611,2025-09-01,211,0.10975609756097561,32.0,,-26.354905835159293,-22.584137549767128,47.15935736090649,34.11497143996853,1359,Neutral,0.012041599543877846
SAKSOFT.NS,0,0.4938594830428138,2025-09-01,211,0.5662650602409639,26.0,,-25.920174906707764,-44.63735944170377,46.545002543050664,32.30658918128535,1360,Neutral,0.012281033914372408
WEIZMANIND.NS,0,0.4938241239243001,2025-09-01,211,0.43283582089552236,16.0,,-21.077618900977868,-33.004232753560345,40.59214519222773,15.693959006299949,1361,Neutral,0.01235175215139983
VESUVIUS.NS,0,0.493688785405988,2025-09-01,211,0.3193166885676741,25.0,,-16.262745593412195,-9.396460748487904,49.73007134632487,31.596522096502838,1362,Neutral,0.012622429188024031
CESC.NS,0,0.49366020567380803,2025-09-01,211,2.1041157493401115,10.0,,-6.178932613083397,-9.856533123178062,27.919150328997084,49.92725727177593,1363,Neutral,0.012679588652383944
NIACL.NS,0,0.49352171613296053,2025-09-01,211,2.9186208871862807,4.0,,-20.973906641058292,-23.403982521931905,34.57000383267814,29.902735460026847,1364,Neutral,0.012956567734078939
HOMEFIRST.NS,0,0.4935167704387793,2025-09-01,211,2.4398505603985057,,,-27.488383363767753,-18.88839195042862,42.29192814514988,27.7611924586879,1365,Neutral,0.012966459122441432
SHEKHAWATI.NS,0,0.4935076236226734,2025-09-01,211,1.0218242865137106,57.34,,-24.778759839801133,-52.489836196746886,52.925749189802914,17.777780774734225,1366,Neutral,0.012984752754653162
EMAMIPAP.NS,0,0.4934750140972744,2025-09-01,211,2.20446735395189,7.0,,-34.4036138233279,-34.59315493729514,35.38087820221561,8.225305681840481,1367,Neutral,0.0130499718054512
BIRLACABLE.NS,0,0.49346695745879093,2025-09-01,211,0.5940959409594095,5.0,,-24.72574704856515,-24.535129162038487,60.80605808038682,23.696861117073297,1368,Neutral,0.013066085082418133
ONMOBILE.NS,0,0.4932988632482123,2025-09-01,211,0.1702127659574468,3.0,,-19.964456422205636,-30.741629421980154,41.18255868336395,29.558005111273246,1369,Neutral,0.013402273503575368
CIEINDIA.NS,0,0.4932841151348131,2025-09-01,211,0.1844954525768731,5.0,,-10.507792860734037,12.373737373737374,43.70839872055197,49.372516886015795,1370,Neutral,0.013431769730373855
HONASA.NS,0,0.4931484204721815,2025-09-01,211,0.4675118858954041,7.0,,-2.03646311658386,8.375721936970116,38.26001508340842,56.55409239042333,1371,Neutral,0.013703159055637015
UCOBANK.NS,0,0.49313030821471,2025-09-01,211,10.380717695980286,,,-24.001353868818327,-21.585744250722747,40.80860278389828,29.333341527866466,1372,Neutral,0.013739383570580022
KALYANKJIL.NS,0,0.49303627824971885,2025-09-01,211,1.7020470053070509,16.0,,-7.345333353191949,-23.46533674686155,36.028096775751,44.47257268783049,1373,Neutral,0.013927443500562298
GEOJITFSL.NS,0,0.4929895144870699,2025-09-01,211,0.16297786720321933,-3.0,,-18.605734420493437,-32.57186582369949,40.1089348868033,37.09884880056596,1374,Neutral,0.014020971025860196
GODREJAGRO.NS,0,0.4929114714582335,2025-09-01,211,1.1728713601179506,24.0,,-14.255927976163793,-5.379572587555913,35.98225468883206,28.693986588937804,1375,Neutral,0.014177057083533007
MARINE.NS,0,0.4928104311955767,2025-09-01,211,0.6140350877192983,18.0,,-18.36625116854996,-29.846470082041392,45.41646499146124,24.500853863973603,1376,Neutral,0.01437913760884657
BEPL.NS,0,0.4926409253836722,2025-09-01,211,0.12716763005780346,25.0,,1.1195911365357518,-7.218627917071456,41.952930398280586,57.117908100712526,1377,Neutral,0.014718149232655575
VSTIND.NS,0,0.4924538995162657,2025-09-01,211,0.48738170347003157,21.0,,-15.360858282660056,-21.862910813342065,31.014502579576288,34.58466827477142,1378,Neutral,0.01509220096746855
MAMATA.NS,0,0.4924441990700279,2025-09-01,211,0.4057142857142857,29.0,,-31.67808219178082,-28.927678737484747,43.67724375650916,13.591006976427394,1379,Neutral,0.015111601859944201
BANSWRAS.NS,0,0.49233900204913866,2025-09-01,211,1.25,7.0,,-16.30520130544319,-16.100587302843465,40.97037033583226,31.955561477047965,1380,Neutral,0.015321995901722674
IRISDOREME.NS,0,0.4921313677641234,2025-09-01,211,0.36363636363636365,18.0,,-8.932328761968398,-17.984826141960472,44.2181641902664,49.49309355237079,1381,Neutral,0.015737264471753165
LAXMIDENTL.NS,0,0.4919467717268616,2025-09-01,211,0.11666666666666667,17.0,,-15.45570777208628,-39.017341040462426,48.997648582562555,37.6943567375844,1382,Neutral,0.01610645654627685
POLYPLEX.NS,0,0.49193776748899193,2025-09-01,211,0.3812754409769335,14.0,,-9.291610183483046,-7.66761757613493,42.69924828560833,42.8111539800092,1383,Neutral,0.016124465022016143
BALAMINES.NS,0,0.4919318651506304,2025-09-01,211,0.10532544378698225,13.0,,-11.30877029399467,-13.00632335710406,46.52715416640276,47.279474855881105,1384,Neutral,0.01613626969873916
DIVGIITTS.NS,0,0.49192180652376555,2025-09-01,211,0.13322368421052633,6.0,,-14.204111766914837,3.8448546025242414,73.05862854738429,33.33333926915968,1385,Neutral,0.016156386952468904
TOTAL.NS,0,0.4917117108864813,2025-09-01,211,0.631578947368421,14.0,,-26.746505302564135,-38.287413541420776,56.302412907682566,26.25117318170119,1386,Neutral,0.016576578227037397
JUBLFOOD.NS,0,0.49165215638253834,2025-09-01,211,1.7824013870827915,11.0,,-16.18882211165963,-22.45444523588322,30.956262478848878,31.42663459672127,1387,Neutral,0.016695687234923318
ASHOKAMET.NS,0,0.4916284458020734,2025-09-01,211,0.446196896464004,0.05,,-21.803073697132437,-20.32573786121734,42.14247804481705,22.45986468523239,1388,Neutral,0.016743108395853246
HARIOMPIPE.NS,0,0.4916266585698857,2025-09-01,211,0.8892561983471075,14.0,,-25.78557143722606,-20.911181740821284,39.50132324801174,22.562651047246746,1389,Neutral,0.016746682860228623
GREAVESCOT.NS,0,0.4915877719236758,2025-09-01,211,0.32961260669730796,18.0,,-20.97365714253721,-35.99893735022075,44.72909982980461,25.611270864418955,1390,Neutral,0.01682445615264838
DNAMEDIA.NS,0,0.49143949827725314,2025-09-01,211,-1.8051642239454349,7.94,,-27.218936246874108,-38.34586385295298,44.782307576664735,16.6666698203516,1391,Neutral,0.01712100344549372
AMBICAAGAR.NS,0,0.4913190433644949,2025-09-01,211,1.0,7.0,,-18.517050767012062,-19.158146438304062,47.96233392834861,31.757570152876923,1392,Neutral,0.01736191327101022
AARTIIND.NS,0,0.49131053535114444,2025-09-01,211,1.0082124759741395,6.0,,-12.556155920714351,6.017533013752774,46.99773082778962,47.34374682108561,1393,Neutral,0.01737892929771112
SAKUMA.NS,0,0.49113844303187143,2025-09-01,211,0.3220675944333996,3.0,,-40.0,-48.6111124908482,46.95980390195171,6.557371923276094,1394,Neutral,0.01772311393625714
TECILCHEM.NS,0,0.49112586979543876,2025-09-01,211,-1.2395663956639569,,,-13.26219349310625,-39.1118256326218,46.089544552995804,33.333325871090054,1395,Neutral,0.017748260409122474
IRCTC.NS,0,0.49103853743699827,2025-09-01,211,0.7913145539906103,49.0,,-18.3858755446977,-29.515727553554694,30.353722354551714,31.311888106253534,1396,Neutral,0.017922925126003464
FILATFASH.NS,0,0.49079907095241193,2025-09-01,211,0.08297320656871218,1.0,,-36.363635747885894,-61.11111249084821,55.95990117054398,14.285720367820218,1397,Neutral,0.018401858095176138
NDTV.NS,0,0.4906561905663916,2025-09-01,211,33.964285714285715,-28.0,,-26.268659634022505,-41.498077856414994,44.741922766286216,20.438690516511997,1398,Neutral,0.018687618867216815
INDOSTAR.NS,0,0.49065027137271705,2025-09-01,211,1.563157894736842,8.0,,-14.738262234096492,-20.26976107387404,51.96850386984192,39.46006548748908,1399,Neutral,0.0186994572545659
SKIPPER.NS,0,0.4904597680350043,2025-09-01,211,2.159968479117415,24.0,,-8.684961989091018,-20.929407289244498,41.06940235525312,51.623514761323236,1400,Neutral,0.01908046392999141
JAYNECOIND.NS,0,0.49044360453876845,2025-09-01,211,1.1888111888111887,13.0,,-7.498378198809894,-10.64068524483477,49.52192305882943,50.04655044953791,1401,Neutral,0.019112790922463097
RCOM.NS,0,0.4903405540840445,2025-09-01,211,-1.528603188374363,,,-19.14893697969187,-31.531533273084317,54.61243070846182,39.99999470180851,1402,Neutral,0.019318891831911045
APARINDS.NS,0,0.49033677759312355,2025-09-01,211,1.3186433354936271,33.0,,-6.597977124491917,14.56231884057971,55.938612030460355,46.66496294403271,1403,Neutral,0.019326444813752897
IRIS.NS,0,0.49026988327559834,2025-09-01,211,0.2894736842105263,28.0,,-15.348180281418255,-30.894496976940033,55.29854082953861,30.981232589435322,1404,Neutral,0.01946023344880332
FLEXITUFF.NS,0,0.4901934983227497,2025-06-01,303,16.571428571428573,9.0,,-39.35230536971072,-57.81569973202076,52.67187195969759,13.529410609737184,1405,Neutral,0.019613003354500558
GUJRAFFIA.NS,0,0.49012404669097454,2025-09-01,211,0.3677419354838708,3.97,,-2.752056752646814,-23.306284060004803,42.08871142726262,40.47891215405642,1406,Neutral,0.01975190661805093
PEARLPOLY.NS,0,0.48978483676567275,2025-09-01,211,0.1778230500582072,-14.49,,-31.309398827695627,-45.769068974545284,50.47197403186403,20.694247265346974,1407,Neutral,0.020430326468654503
BBL.NS,0,0.48977374063925205,2025-09-01,211,0.4164009111617312,10.0,,-14.511804518028837,-23.563751443967305,30.235048408101,31.24603906008383,1408,Neutral,0.020452518721495894
SRGHFL.NS,0,0.48967007651393357,2025-09-01,211,2.5107142857142857,,,-10.249767603419865,-12.814524655284115,40.23212852966637,44.839371868064845,1409,Neutral,0.020659846972132856
KRSNAA.NS,0,0.4896407171229286,2025-09-01,211,0.6126609442060086,13.0,,-17.37991460214867,-28.847864917200855,31.24869115786952,29.442100466998284,1410,Neutral,0.02071856575414277
THOMASCOOK.NS,0,0.4892713135453259,2025-09-01,211,1.2596439169139466,11.0,,-13.433550412418892,-37.11585719782205,56.10977895473983,52.03991646571127,1411,Neutral,0.021457372909348238
AKASH.NS,0,0.48922919705329715,2025-09-01,211,1.435585864848109,2.74,,-12.258062601425163,-9.863543145899829,77.5666192849421,43.30357358265107,1412,Neutral,0.021541605893405702
TIPSMUSIC.NS,0,0.4889999447814436,2025-09-01,211,0.43410852713178294,109.0,,-11.213016267370541,-5.701962335954685,36.89046037091471,48.30686496164591,1413,Neutral,0.022000110437112808
SCHAEFFLER.NS,0,0.4889750535076517,2025-09-01,211,0.3325463131129677,26.0,,-9.839599078993727,1.0778694850858757,45.552824064551785,39.53117088452148,1414,Neutral,0.022049892984696617
TIJARIA.NS,0,0.4889728478386267,2025-09-01,211,-2.480096501809409,-5.05,,-8.539318064971155,-18.273089235477798,50.02084058279087,32.57143838065011,1415,Neutral,0.022054304322746576
KPIL.NS,0,0.48886327841372623,2025-09-01,211,2.162975732661451,15.0,,-12.875858446709357,-11.888700111401995,44.93016386391243,45.429663083955575,1416,Neutral,0.022273443172547536
PGEL.NS,0,0.48880573690444007,2025-09-01,211,0.14592110302566066,7.0,,-24.41692381051397,-19.12916207410501,60.45225390324171,39.00649664575147,1417,Neutral,0.022388526191119862
ICICIGI.NS,0,0.4887321939396756,2025-09-01,211,2.7059889972493125,25.0,,-11.792918449127342,-12.276924328926283,21.42672261099349,20.357523117983035,1418,Neutral,0.022535612120648807
NGIL.NS,0,0.4886829009149447,2025-09-01,211,0.5647951441578148,-8.11,,-9.6361448434895,-28.299492216843753,50.12107007501329,42.204569302861216,1419,Neutral,0.022634198170110587
WALCHANNAG.NS,0,0.48865016553457824,2025-09-01,211,1.478510028653295,0.0,,-21.883347267515106,-30.47634480769663,47.22607211999025,21.95638157875368,1420,Neutral,0.02269966893084352
UPL.NS,0,0.48864732914783526,2025-09-01,211,0.4102319436288902,1.0,,-9.30213971007424,-26.626184204664316,53.402152717260876,35.1933561802028,1421,Neutral,0.022705341704329474
MIRZAINT.NS,0,0.4886286538018288,2025-09-01,211,0.29313929313929316,1.0,,-27.768168925529146,-33.092948301578325,40.390421846879846,23.867603460341442,1422,Neutral,0.022742692396342412
VENUSREM.NS,0,0.4884785197960954,2025-09-01,211,0.2692307692307692,12.0,,19.61056257216544,2.29526137573002,63.74062698816287,57.0733860020113,1423,Neutral,0.023042960407809177
LINDEINDIA.NS,0,0.4884669396122068,2025-09-01,211,0.35003796507213364,17.0,,1.9894195663512404,17.332418995371164,50.09359219943706,54.54697425610164,1424,Neutral,0.02306612077558645
ORIENTELEC.NS,0,0.48828810149073565,2025-09-01,211,1.0521861777150916,18.0,,-10.675501847004169,-11.631386461135037,50.86833892146069,33.04537195990271,1425,Neutral,0.023423797018528703
TREL.NS,0,0.48817861078740227,2025-09-01,211,0.055944055944055944,3.0,,3.940679195522386,-13.596332462093544,42.92077313527994,52.40384668288158,1426,Neutral,0.023642778425195465
KOTHARIPET.NS,0,0.4881314359305494,2025-09-01,211,0.21726190476190477,30.0,,-17.03445139064263,-28.90881870175534,42.821262891675445,25.491272319983082,1427,Neutral,0.023737128138901165
VRAJ.NS,0,0.4881248312682788,2025-09-01,211,0.1275,18.0,,-24.421206646648493,-24.384983644942107,39.214768355481944,20.840780181772473,1428,Neutral,0.02375033746344235
INDIASHLTR.NS,0,0.48795839095353255,2025-09-01,211,1.9447305183659458,,,4.9509821605537425,-7.648534312266053,48.93211598546112,60.598917231115244,1429,Neutral,0.0240832180929349
OFSS.NS,0,0.4876783856412829,2025-09-01,211,0.13085139805215207,62.0,,1.7997580157289779,-13.449916420213452,37.00611003356195,50.414891231217766,1430,Neutral,0.024643228717434185
LALPATHLAB.NS,0,0.48766017448580484,2025-09-01,211,0.21913712088850917,31.0,,-7.922808730811404,-6.345852793564612,23.44296540989916,39.31375195860006,1431,Neutral,0.024679651028390315
KPIGREEN.NS,0,0.48761055340576503,2025-09-01,211,1.480257116620753,16.0,,-8.458225519536619,-15.616748651297463,52.552478974956216,53.28947324391774,1432,Neutral,0.02477889318846993
SWELECTES.NS,0,0.4874403011272099,2025-09-01,211,0.569811320754717,4.0,,-4.742820025681477,-21.893582769402876,42.74742059835893,51.007986582930705,1433,Neutral,0.025119397745580252
STANLEY.NS,0,0.4872778262747597,2025-09-01,211,0.27751196172248804,9.0,,-24.361011357133773,-38.871320134837745,51.84899996737935,32.36938979497306,1434,Neutral,0.02544434745048063
UNITEDPOLY.NS,0,0.48703939131642665,2025-09-01,211,1.2131147540983607,15.0,,1.7426332065318597,-14.043032636830667,63.804687994434964,42.05608014866071,1435,Neutral,0.0259212173671467
IOLCP.NS,0,0.4869926528813931,2025-09-01,211,0.37806967447173045,9.0,,-2.6878873616496306,-9.434632833700794,49.66546018094557,52.49999872843488,1436,Neutral,0.02601469423721381
MAHSEAMLES.NS,0,0.48684536140550255,2025-09-01,211,0.11548516069506382,17.0,,2.8364258969685796,1.6237322222100417,33.12702771688759,55.674654089163674,1437,Neutral,0.026309277188994895
ASHOKA.NS,0,0.4868426008751155,2025-09-01,211,1.3397942091409427,10.0,,-25.88534470854994,-40.06807402227258,46.49431857172712,35.05093861431722,1438,Neutral,0.02631479824976901
DPABHUSHAN.NS,0,0.4868055955930126,2025-09-01,211,0.9289940828402367,34.0,,-20.772783518938997,-36.514771272418514,45.55918754753465,41.81817905422098,1439,Neutral,0.026388808813974762
SELMC.NS,0,0.48674458393499653,2025-09-01,211,-3.9966777408637872,-13.0,,-10.244396676654226,-25.320338923617864,50.86027905442233,27.515150702470564,1440,Neutral,0.026510832130006934
NAHARPOLY.NS,0,0.48663522915565427,2025-09-01,211,0.3058823529411765,10.0,,-19.114488868817393,-15.630704634417143,52.13220533711143,37.342184635389756,1441,Neutral,0.02672954168869146
TIIL.NS,0,0.4865774041810225,2025-09-01,211,0.4330446369087275,19.0,,-4.44977739492358,-2.023908574022227,45.24572610200314,56.56255951397872,1442,Neutral,0.026845191637954957
DRCSYSTEMS.NS,0,0.4865487963788553,2025-09-01,211,0.37859128822984256,13.13,,-4.993431113981185,-16.991963405184464,54.60883958876567,63.16917266593273,1443,Neutral,0.026902407242289428
COSMOFIRST.NS,0,0.48654782878430003,2025-09-01,211,2.3391304347826085,8.0,,-14.966081798353267,-11.463828263375303,44.86072420833771,26.794402436357657,1444,Neutral,0.02690434243139994
LOYALTEX.NS,0,0.48634816204779685,2025-09-01,211,2.3233830845771144,-12.0,,-12.42911851307306,-11.690261024428796,34.60192946671593,22.07700753801278,1445,Neutral,0.0273036759044063
DUCON.NS,0,0.48627682626765834,2025-09-01,211,0.8116883116883117,8.0,,-31.024096147608105,-35.67415734099523,54.644733665994096,25.71428912026461,1446,Neutral,0.02744634746468333
DAMCAPITAL.NS,0,0.48608777467933173,2025-09-01,211,0.5580645161290323,65.0,,-18.284271328062964,-41.64378305848201,54.847430337804795,44.31047938229859,1447,Neutral,0.02782445064133654
SANCO.NS,0,0.4860838881903716,2025-09-01,211,-11.240196078431374,-0.79,,-3.097342191955019,8.415845440551507,45.885520229321166,46.428575483308435,1448,Neutral,0.027832223619256746
AARON.NS,0,0.48603767247133756,2025-09-01,211,0.9751356238698012,18.62,,-32.16414489635287,-38.79460180910625,49.29292944675095,8.801045421971821,1449,Neutral,0.027924655057324888
BALMLAWRIE.NS,0,0.4859844140793717,2025-09-01,211,0.6845998655010087,22.0,,-15.220761158240062,-17.161358579538895,31.42401876635519,27.77776381175279,1450,Neutral,0.028031171841256586
GAYAPROJ.NS,0,0.48589024636731926,2023-03-01,1126,-3.657037037037037,-16.0,,13.385825470839155,24.891586747847263,21.30068319930391,100.0,1451,Neutral,0.028219507265361488
MTEDUCARE.NS,0,0.48578567868787276,2025-09-01,211,2.2037037037037037,-6.0,,-12.857139329520963,-31.46067144834333,48.631410712180106,29.82456580643597,1452,Neutral,0.028428642624254485
HINDCON.NS,0,0.4855179598389563,2025-09-01,211,0.2900997697620873,11.15,,-18.05283971450612,-38.734455352903446,48.83415394118054,38.157903322550126,1453,Neutral,0.028964080322087415
EMMBI.NS,0,0.48550689427156213,2025-09-01,211,1.218274111675127,8.0,,-34.26990675635109,-38.94598805235561,42.553968153472994,20.626469473227843,1454,Neutral,0.028986211456875743
ARCHIDPLY.NS,0,0.4854719106247346,2025-09-01,211,1.376,10.0,,-22.584965194196865,-29.443766567801617,48.090466954215586,35.03068197522157,1455,Neutral,0.029056178750530792
ABBOTINDIA.NS,0,0.48533154961625485,2025-09-01,211,0.4195961106955871,46.0,,-1.8742900416508896,-10.344231101885487,27.13104796513935,39.25549915397631,1456,Neutral,0.029336900767490293
SIMPLEXINF.NS,0,0.4852685731602674,2025-09-01,211,3.4591947769314473,0.0,,-32.918954269156146,-48.152254291492035,58.60237940012728,31.644476425615196,1457,Neutral,0.029462853679465217
VENUSPIPES.NS,0,0.4848330339865517,2025-09-01,211,0.8983050847457628,25.0,,-14.857142857142858,-22.671047584193516,54.773545074912455,39.320917188173105,1458,Neutral,0.030333932026896604
SALZERELEC.NS,0,0.48478327724299836,2025-09-01,211,1.355475763016158,13.0,,-25.466688737758925,-28.75897243833399,50.08062854633168,33.637087837892125,1459,Neutral,0.030433445514003288
FSC.NS,0,0.4847110645299824,2022-06-01,1399,-6.457142857142857,6.0,,0.0,0.0,0.0,100.0,1460,Neutral,0.030577870940035168
STOVEKRAFT.NS,0,0.4846233975621245,2025-09-01,211,1.3137651821862348,11.0,,-7.392283296845603,-23.037759864234193,56.072626298447915,47.33201516663688,1461,Neutral,0.03075320487575095
ORICONENT.NS,0,0.48448207151302225,2025-09-01,211,0.08940092165898618,-1.0,,-5.480052344185105,6.650002797444661,40.40897919334602,49.329769132133094,1462,Neutral,0.0310358569739555
JKIL.NS,0,0.48424894562873383,2025-09-01,211,0.9548895899053628,20.0,,-21.494122285193047,-25.810925896438636,41.20617042001224,36.933903315178455,1463,Neutral,0.03150210874253234
BHARTIHEXA.NS,0,0.48424603288511553,2025-09-01,211,2.0382706164931945,17.0,,-8.905929498164374,-17.467179914011215,28.71949975316694,39.1816292957293,1464,Neutral,0.03150793422976894
SOFTTECH.NS,0,0.484184859748244,2025-09-01,211,0.391304347826087,6.0,,-22.202453871818133,-32.950018459344285,48.738076680888625,30.266747116530254,1465,Neutral,0.03163028050351202
AURUM.NS,0,0.4840641399868787,2025-09-01,211,0.13023740037205822,1.22,,-14.15188450280452,-16.53912634468286,49.11826390065107,42.37798270123485,1466,Neutral,0.03187172002624261
IOB.NS,0,0.4839301196893868,2025-09-01,211,11.414944310483408,,,-14.027399559543557,-7.515476337971607,37.19993501056237,42.354035278692905,1467,Neutral,0.032139760621226365
PRAENG.NS,0,0.48375838119365105,2025-09-01,211,0.39801980198019804,-3.0,,-18.035796879546258,-31.175336858338902,62.657999263081564,28.383839551483973,1468,Neutral,0.03248323761269789
KINGFA.NS,0,0.483740410033535,2025-09-01,211,0.33976833976833976,31.0,,-5.80794161676728,2.1297193555875804,42.53250417320448,56.97479554176304,1469,Neutral,0.032519179932929965
STYRENIX.NS,0,0.4836577091224805,2025-09-01,211,0.4567627494456763,39.0,,-6.349290216362458,-8.088218042076246,38.00632825002337,44.5195010644978,1470,Neutral,0.032684581755038966
PFS.NS,0,0.4835411471346096,2025-09-01,211,0.7968435191403627,10.0,,-22.573363264539413,-29.1322329635997,38.86145864878745,27.914795401579212,1471,Neutral,0.03291770573078079
IGIL.NS,0,0.483499145370114,2025-09-01,211,0.15171902617024924,73.0,,-4.289584429972634,-2.583587052443137,36.58309236867973,42.94813623443715,1472,Neutral,0.03300170925977197
NAGAFERT.NS,0,0.48348871104509866,2025-09-01,211,-1.4215581643543223,,,-21.640087429561973,-30.223120141979475,46.161639754778754,27.702729696744754,1473,Neutral,0.033022577909802675
VENKEYS.NS,0,0.48343880758891755,2025-09-01,211,0.4527911784975879,11.0,,-14.189385233196433,-20.85980603577203,46.5319000144836,41.8453473930903,1474,Neutral,0.033122384822164896
PNCINFRA.NS,0,0.4833441948784624,2025-09-01,211,0.4463397299218195,18.0,,-24.44350374073344,-36.26692044071981,40.74283659771909,28.095116563516626,1475,Neutral,0.03331161024307516
FLUOROCHEM.NS,0,0.4832459484840034,2025-09-01,211,0.3868741741300837,11.0,,-13.34096297530047,-16.52286325803,35.50750977389924,35.75321183244502,1476,Neutral,0.03350810303199325
CINEVISTA.NS,0,0.4832120075395293,2025-09-01,211,1.6428571428571428,-19.0,,-14.089125425669339,-14.089125425669339,36.04463639566615,18.814440591513872,1477,Neutral,0.03357598492094138
VERANDA.NS,0,0.4832089323054172,2025-09-01,211,0.2834017084179458,3.01,,-28.255976365805953,-24.15434503709825,48.937874103980654,35.97633450928228,1478,Neutral,0.033582135389165546
CLSEL.NS,0,0.48318406676133047,2025-09-01,211,0.2789473684210526,17.0,,-25.811466318537285,-21.4955094982091,48.7210628892747,26.932369842810516,1479,Neutral,0.03363186647733907
LATENTVIEW.NS,0,0.48309675736672836,2025-09-01,211,0.04143426294820717,10.0,,-26.16492770747625,-45.51470067351191,43.76118465538232,27.84810126582279,1480,Neutral,0.033806485266543285
TATAINVEST.NS,0,0.4827519144805843,2025-09-01,211,0.125035765379113,1.0,,-17.876923227972856,-23.490734659469474,43.26073582836952,23.297477210732026,1481,Neutral,0.0344961710388314
AGARIND.NS,0,0.4826038724775583,2025-09-01,211,0.684863523573201,16.0,,-34.18640565030772,-51.92256692724896,50.17763509925205,14.968296601011971,1482,Neutral,0.03479225504488337
SPECIALITY.NS,0,0.48224030259875533,2025-09-01,211,0.5838323353293413,8.0,,-17.42848989665857,-25.445991510495546,48.61021407663853,32.556588912081466,1483,Neutral,0.035519394802489335
BALAJEE.NS,0,0.4821410530647354,2025-09-01,211,0.6614173228346457,11.0,,-28.971958154450423,-49.27294326667753,48.55330142441758,21.348318328141545,1484,Neutral,0.03571789387052915
BANDHANBNK.NS,0,0.48211858731685225,2025-09-01,211,6.933081116263933,,,-22.70887886617722,-2.436498247050824,48.28092288704051,25.985648734368297,1485,Neutral,0.03576282536629549
LFIC.NS,0,0.48209958806656655,2025-09-01,211,0.055243135957657896,4.28,,-22.338810212623418,-37.31193815267648,62.956970628848055,35.5822533399309,1486,Neutral,0.03580082386686689
TICL.NS,0,0.48208552337128024,2025-09-01,211,0.2754880694143167,21.0,,-14.137383331053249,-8.04105743477263,56.361903166085106,37.6228782242537,1487,Neutral,0.03582895325743951
HFCL.NS,0,0.4819680411179222,2025-09-01,211,0.8555361159710072,8.0,,-3.402134362488879,10.395313588339873,44.109167710741936,48.930268156151016,1488,Neutral,0.03606391776415563
MONARCH.NS,0,0.4818971849695633,2025-09-01,211,0.41391509433962265,33.0,,-10.755763961778056,-18.701175105525053,39.64586540028444,49.91066472352595,1489,Neutral,0.036205630060873406
ABMINTLLTD.NS,0,0.481669337541362,2025-09-01,211,1.6528497409326426,-7.32,,1.3333366030738467,-0.07043620377881635,53.134749312046516,47.56098334601375,1490,Neutral,0.03666132491727603
GVT&D.NS,0,0.4814386735330519,2025-09-01,211,1.906999041227229,55.0,,-4.589178290034072,18.460179839900448,47.10261574177238,45.65540713617671,1491,Neutral,0.03712265293389616
VINEETLAB.NS,0,0.4808788890208436,2025-09-01,211,5.5,-28.0,,-5.924247199303302,-25.753704856653535,42.612907255831594,44.06779461769278,1492,Neutral,0.03824222195831284
GALLANTT.NS,0,0.4808701414046646,2025-09-01,211,0.3216242346116661,19.0,,-1.8077745481328344,4.674680622262821,39.22948629904637,57.16905025477214,1493,Neutral,0.03825971719067078
ALLDIGI.NS,0,0.4805918941914798,2025-09-01,211,0.510989010989011,34.0,,-14.238672877843864,-11.536811004199633,42.01606854022823,38.92106507052966,1494,Neutral,0.03881621161704041
LMW.NS,0,0.48047371892167534,2025-09-01,211,0.4564994882292733,5.0,,-22.71965988147385,-19.331629908552987,40.31285254372175,23.028391167192424,1495,Neutral,0.03905256215664932
GODIGIT.NS,0,0.48036495297913473,2025-09-01,211,4.037348877374784,11.0,,-4.361235272691814,-6.382064630588166,25.680099864171613,46.0526164831786,1496,Neutral,0.03927009404173054
HDFCBANK.NS,0,0.4800429412207397,2025-09-01,211,6.724459452940325,,,-19.397310767809646,-26.262472956829484,32.15200709243573,28.981308402427388,1497,Neutral,0.03991411755852059
GENUSPAPER.NS,0,0.4798327652485933,2025-09-01,211,1.1801980198019801,5.0,,-30.5164295776051,-32.62519037307044,46.5626396394426,16.953327373846136,1498,Neutral,0.040334469502813386
3PLAND.NS,0,0.4796425206569137,2025-09-01,211,0.10841022001419455,2.28,,-13.71745778031471,-20.33486099790753,45.23787534322607,46.18284979390392,1499,Neutral,0.040714958686172587
RELIGARE.NS,0,0.4794934622101415,2025-09-01,211,0.044027721157766,-1.0,,-2.4184252158040276,-18.867398087445917,56.43440832793323,46.56015178324262,1500,Neutral,0.04101307557971701
ACCELYA.NS,0,0.47943175599274235,2025-09-01,211,0.6472868217054264,57.0,,-13.971454610752518,-18.729641315341684,33.9269745192558,24.527102356320043,1501,Neutral,0.041136488014515304
OCCL.NS,0,0.4790161014484166,2025-09-01,211,0.13623006699839352,-0.62,,,,,,1502,Neutral,0.04196779710316678
STEL.NS,0,0.47882988204456073,2025-09-01,211,0.09595687331536389,1.0,,-13.707866415427095,-17.75700662473906,40.21279842918669,24.372664640377735,1503,Neutral,0.04234023591087854
RAMANEWS.NS,0,0.4785837730799749,2025-09-01,211,-15.794117647058824,2.0,,-19.94079622669362,-4.001290029933495,76.70289664091653,36.66111282134285,1504,Neutral,0.04283245384005019
RELAXO.NS,0,0.4785170827781534,2025-09-01,211,0.36018957345971564,11.0,,-32.787120866849214,-40.997027109629705,41.49317749646737,18.893622503110848,1505,Neutral,0.042965834443693174
LAMBODHARA.NS,0,0.47851044690170563,2025-09-01,211,0.5901639344262295,9.0,,-23.05912671353399,-32.51907100946511,50.170608613065426,36.6458249320607,1506,Neutral,0.042979106196588734
LLOYDSENGG.NS,0,0.4784944204974104,2025-09-01,211,0.3613518197573657,23.0,,-23.375308171981484,-33.37453852975521,49.80403281384111,35.20358240481917,1507,Neutral,0.043011159005179156
CTE.NS,0,0.47840782991106806,2025-09-01,211,0.9618178431737754,9.65,,-22.72726936689801,-45.311717856227574,61.37930761013084,35.808827654298824,1508,Neutral,0.04318434017786388
NIPPOBATRY.NS,0,0.47840118717846486,2025-09-01,211,1.2422907488986785,-1.0,,-24.12935594426492,-37.19718806532004,48.36996097359001,32.48328103753636,1509,Neutral,0.04319762564307028
PENIND.NS,0,0.4783174272170634,2025-09-01,211,2.1675675675675676,15.0,,-6.904647924856841,-34.2441013784411,56.21029073356818,46.085753810922924,1510,Neutral,0.04336514556587323
JTLIND.NS,0,0.4782987770772119,2025-09-01,211,0.2056,13.0,,-36.07019832002692,-31.5780672375726,58.445979013337336,26.46543777571449,1511,Neutral,0.043402445845576176
AUROPHARMA.NS,0,0.4781243019943596,2025-09-01,211,0.30810130124527774,11.0,,7.6681819574133305,7.677067700653451,26.806192084731624,61.71521510565816,1512,Neutral,0.04375139601128075
BOMDYEING.NS,0,0.47802552429267314,2025-09-01,211,0.2568493150684932,3.0,,-18.237940220911312,-28.530682846095846,47.42338862425377,40.30385887342547,1513,Neutral,0.043948951414653714
ETHOSLTD.NS,0,0.4779653545060427,2025-09-01,211,0.35804195804195804,14.0,,-9.937295074496529,-27.199064727304933,38.46355144924246,49.27480216128716,1514,Neutral,0.04406929098791457
SALASAR.NS,0,0.47758941995624893,2025-09-01,211,1.2928759894459103,13.0,,-28.51711074872561,-38.42794803016276,51.22971536447768,22.569455942249732,1515,Neutral,0.04482116008750214
ASIANPAINT.NS,0,0.477476356764722,2025-09-01,211,0.3995275590551181,27.0,,-10.395628262036738,-21.16512102050337,29.746001443509947,45.53053526500269,1516,Neutral,0.045047286470556
TECHNOE.NS,0,0.47739361066727354,2025-09-01,211,0.5185469429521616,17.0,,-15.018977132455353,-9.257553634869652,44.87141331776207,37.788992519096404,1517,Neutral,0.045212778665452924
WAAREEENER.NS,0,0.4773200491260879,2025-09-01,211,0.897125567322239,34.0,,14.816320798527782,2.0710965525823877,53.03009481205107,76.40068674388961,1518,Neutral,0.04535990174782423
KOKUYOCMLN.NS,0,0.47727027434135905,2025-09-01,211,0.38509316770186336,4.0,,-14.046299955331158,-20.788887871636284,31.112240053188156,40.69050875796727,1519,Neutral,0.04545945131728191
RUBFILA.NS,0,0.4771804328130684,2025-09-01,211,0.18411552346570398,13.0,,-7.314449701450314,-18.72805750622837,34.387247410359514,42.36902188671047,1520,Neutral,0.045639134373863244
MTARTECH.NS,0,0.476911077001206,2025-09-01,211,0.571619812583668,11.0,,-5.807416781967269,44.84356583781297,48.709732355474564,44.36527035107007,1521,Neutral,0.04617784599758801
BHANDARI.NS,0,0.4768230158739963,2025-09-01,211,0.8141025641025641,9.0,,-33.4426228483016,-48.99497583765492,60.8229286387567,21.978010461602153,1522,Neutral,0.04635396825200744
BHARATFORG.NS,0,0.47671875470878966,2025-09-01,211,0.5316455696202531,15.0,,-11.955837245744611,15.581849240769488,39.4771498686363,34.914000406181415,1523,Neutral,0.04656249058242068
ASHIMASYN.NS,0,0.4764273444778893,2025-09-01,211,0.9756944444444444,2.0,,-22.141443199807373,-35.87371151441502,66.26116588978907,35.33931319107025,1524,Neutral,0.04714531104422137
BPL.NS,0,0.476293706856698,2025-09-01,211,1.1666666666666667,8.0,,-29.288628209269575,-36.81509970972054,46.80355153910463,18.319834207373987,1525,Neutral,0.04741258628660405
MARKSANS.NS,0,0.4761097794192439,2025-09-01,211,0.2153846153846154,19.0,,-10.786990307554055,-12.332368404246711,38.01725797804878,40.106212919914206,1526,Neutral,0.047780441161512255
ROHLTD.NS,0,0.4759555671848809,2025-09-01,211,0.888,11.0,,-25.95524227284331,-33.22668079153121,42.570849011811724,27.491391366039593,1527,Neutral,0.048088865630238176
SIGMA.NS,0,0.47591469084472127,2025-09-01,211,0.35708367854183914,33.69,,-3.2747590448997776,-37.243043333748915,72.69279166170888,46.46799507373607,1528,Neutral,0.04817061831055747
JYOTICNC.NS,0,0.47582461438489165,2025-09-01,211,0.391500904159132,22.0,,-13.906617559008719,-26.58903848802639,40.862959837115184,41.29020655035589,1529,Neutral,0.048350771230216694
CANTABIL.NS,0,0.4756711619944022,2025-09-01,211,1.6146341463414635,18.0,,-18.55537312363572,-13.720945998030116,36.93381194259926,38.80398265547134,1530,Neutral,0.04865767601119564
LYPSAGEMS.NS,0,0.4753600370574145,2025-09-01,211,3.0625,-45.0,,-19.77187059764192,-12.80992443904642,50.68047247009411,29.999987284342453,1531,Neutral,0.04927992588517105
ZENITHEXPO.NS,0,0.47504333265590315,2025-09-01,211,0.155004743833017,-1.46,,-10.312608373154998,-17.69212920690208,47.64848850725497,48.38926303365767,1532,Neutral,0.0499133346881937
MEDIASSIST.NS,0,0.47500845457744545,2025-09-01,211,0.3103448275862069,20.0,,-23.290682352840943,-33.501400560224084,54.680463804373716,49.048558775853074,1533,Neutral,0.0499830908451091
GHCLTEXTIL.NS,0,0.4749930903107667,2025-09-01,211,0.16963064295485636,5.0,,-15.169558499412883,-10.169953758297725,39.25277556162827,36.181804436287926,1534,Neutral,0.050013819378466606
CORALFINAC.NS,0,0.4749383926585194,2025-09-01,211,0.07009345794392523,10.0,,-23.1318857471486,-36.26264930971492,44.77938582678111,17.691570348866165,1535,Neutral,0.050123214682961215
MINDTECK.NS,0,0.47489714528571886,2025-09-01,211,0.14213197969543148,14.0,,-31.25469319466011,-27.781338772052173,54.977282654173344,27.629833224477863,1536,Neutral,0.050205709428562284
PLASTIBLEN.NS,0,0.47488078570377157,2025-09-01,211,0.20919540229885059,10.0,,-17.276814003198574,-25.608859957797897,35.75337129270358,35.18519975371454,1537,Neutral,0.05023842859245686
FSL.NS,0,0.47483511269588463,2025-09-01,211,0.5722983257229832,17.0,,-6.521836224512797,-39.04833258783224,51.51974119576567,46.09513646649195,1538,Neutral,0.05032977460823074
ZEELEARN.NS,0,0.4746743903681464,2025-09-01,211,5.7727272727272725,28.0,,-22.58651771975593,-41.700959914412635,55.54543514103194,21.025621086876356,1539,Neutral,0.05065121926370719
PRITIKAUTO.NS,0,0.4746536899686169,2025-09-01,211,0.4755784061696658,7.0,,-22.21402351669335,-19.60335440218913,43.43183079308022,29.49309586116439,1540,Neutral,0.0506926200627662
WOCKPHARMA.NS,0,0.47462649191394535,2025-09-01,211,1.0589050589050588,4.0,,-14.62493849281854,-18.029707094239843,41.82001125343189,39.78142076502732,1541,Neutral,0.050747016172109305
GOKULAGRO.NS,0,0.47461696628833516,2025-09-01,211,3.7621407333994052,35.0,,6.176768168205888,-1.0861194154653475,68.53823332744867,65.18703208822106,1542,Neutral,0.050766067423329675
HERCULES.NS,0,0.4744264949782467,2025-09-01,211,0.10599628856413823,0.72,,0.0,1.7369100349237228,0.0,100.0,1543,Neutral,0.051147010043506635
SIEMENS.NS,0,0.4742855535288261,2025-09-01,211,0.44237405106970323,23.0,,-12.408978237109155,-5.2614590058102,39.70714898313673,34.70386218540868,1544,Neutral,0.05142889294234776
CHEMBOND.NS,0,0.4741521213749564,2025-09-01,211,0.22023809523809523,11.0,,-27.755212334952112,-34.15191189125371,42.43315336719822,15.545779896327872,1545,Neutral,0.05169575725008724
GTLINFRA.NS,0,0.47399132362696095,2025-09-01,211,-1.6099890402379835,,,-13.39285495710009,-19.16666749450892,38.37825734513081,27.999986648553204,1546,Neutral,0.052017352746078105
SCHNEIDER.NS,0,0.4739780276408268,2025-09-01,211,2.1382978723404253,41.0,,-2.904372460342562,16.37314281764924,46.20326600926881,37.19943194980208,1547,Neutral,0.05204394471834639
RIIL.NS,0,0.47384109937473107,2025-09-01,211,0.15492957746478872,3.0,,-11.839036439948817,-23.616121464327044,59.216450455930456,43.46352372230928,1548,Neutral,0.052317801250537865
VMM.NS,0,0.4737381727151982,2025-09-01,211,0.2546658639373871,10.0,,-14.369356748424922,-22.721262808743848,49.90300054851041,45.91164388803838,1549,Neutral,0.05252365456960362
SPARC.NS,0,0.4736000610929813,2025-09-01,211,-1.9169054441260744,-298.0,,-12.244117784519835,-14.280384663112391,68.93660463577946,45.751365109276485,1550,Neutral,0.05279987781403739
VIMTALABS.NS,0,0.4735835156984722,2025-09-01,211,0.24519230769230768,25.0,,-18.032080482036452,-37.69740286190512,47.15860153379816,35.75725772408052,1551,Neutral,0.05283296860305564
AKSHOPTFBR.NS,0,0.4732808402001544,2025-09-01,211,1.75,-8.0,,-19.79797612962727,-39.20367685980908,57.562785534198866,39.5121883707734,1552,Neutral,0.05343831959969125
IDEAFORGE.NS,0,0.47318778306798104,2025-09-01,211,0.20408163265306123,-8.0,,-9.307146734459023,-23.041091109740595,56.05411539374444,29.094880389770523,1553,Neutral,0.053624433864037924
SUNDARAM.NS,0,0.4728073254084426,2025-09-01,211,0.47058823529411764,-2.0,,-27.74193295330949,-36.72316289053839,58.522959237662754,33.82352889615365,1554,Neutral,0.05438534918311477
GICRE.NS,0,0.4727490141391671,2025-09-01,211,2.1739992009588494,16.0,,-7.22136991781317,-2.2488488716550457,26.662783940923383,47.713727423743386,1555,Neutral,0.05450197172166582
VINDHYATEL.NS,0,0.47258824307965774,2025-09-01,211,2.0231578947368423,12.0,,-6.28604602839132,-30.939228907853778,52.75116084418384,47.03414405409741,1556,Neutral,0.05482351384068451
MEDICO.NS,0,0.4724689444337581,2025-09-01,211,1.044776119402985,21.0,,-28.236588769966158,-37.87218166900856,45.39769932789534,24.4368636586032,1557,Neutral,0.055062111132483826
SKYGOLD.NS,0,0.4723540173431267,2025-09-01,211,0.7048192771084337,19.0,,-12.085635359116022,-4.415080843394189,42.214972375305265,46.042007770890365,1558,Neutral,0.05529196531374658
GUJTHEM.NS,0,0.4723038445363437,2025-09-01,211,0.4226415094339623,27.0,,-28.26430519972082,-48.172681538816505,61.50271486210518,31.15244716234251,1559,Neutral,0.05539231092731256
TARAPUR.NS,0,0.47220795983355285,2025-09-01,211,41.0370370370371,-63.15,,-6.97764585977782,-18.672062356864476,48.299639051028805,50.04211591920686,1560,Neutral,0.0555840803328943
NIRAJISPAT.NS,0,0.4721662561204277,2025-09-01,211,0.36195508586525776,10.75,,-33.38606100333787,-13.669398258163442,60.9863381217109,29.70212105042323,1561,Neutral,0.05566748775914465
MAZDOCK.NS,0,0.47183866391740537,2025-09-01,211,2.1079910935180606,49.0,,-7.712936539912758,-18.4845399718326,49.36232152775149,31.769765338940886,1562,Neutral,0.05632267216518927
RATNAVEER.NS,0,0.47163097482136423,2025-09-01,211,1.2085308056872037,14.0,,-13.76592158890239,-14.662678713830665,52.71235660544451,46.13792692839984,1563,Neutral,0.05673805035727153
BAJAJCON.NS,0,0.4714906097989065,2025-09-01,211,0.25697503671071953,19.0,,-12.378792446182455,32.86232033118652,47.164501791724135,41.862917798606254,1564,Neutral,0.057018780402187
SPENCERS.NS,0,0.4713974203467646,2025-09-01,211,-4.659217877094972,-7.0,,-26.517191739680957,-41.517961842497925,37.69148402722022,18.001965456785697,1565,Neutral,0.057205159306470854
POKARNA.NS,0,0.47121701903309715,2025-09-01,211,0.5717548534449943,-1.41,,-9.707047840428979,0.7459095711416011,49.870407418436045,44.55672693595057,1566,Neutral,0.0575659619338057
HIRECT.NS,0,0.4709677865154161,2025-09-01,211,1.6578947368421053,22.0,,-4.54775688846466,-12.71982199652835,67.45059566341128,43.63353818970404,1567,Neutral,0.058064426969167804
VAKRANGEE.NS,0,0.4706691877126272,2025-09-01,211,0.5621301775147929,9.0,,-29.090910667230297,-40.45801846257632,50.662621552338,29.323314740281674,1568,Neutral,0.05866162457474555
ITCHOTELS.NS,0,0.4705094432703575,2025-09-01,211,0.12263736263736263,10.0,,-22.75758256813559,-29.424115275363526,39.599002134626765,28.788127254837647,1569,Neutral,0.05898111345928503
KABRAEXTRU.NS,0,0.4704554362313273,2025-09-01,211,0.7733333333333333,8.0,,-29.31633668822386,-17.45602051464035,58.14863963066248,14.696057585870179,1570,Neutral,0.05908912753734541
AVALON.NS,0,0.4703382080230302,2025-09-01,211,0.26988265971316816,9.0,,-6.120384420839656,4.6282188655505525,48.91521561669948,52.887010068674435,1571,Neutral,0.05932358395393955
BOHRAIND.NS,0,0.47018780396192533,2025-09-01,211,0.08313444709626089,-7.01,,-20.431209629173427,-12.478820997852482,46.021901812972935,23.181056386824395,1572,Neutral,0.059624392076149335
DOMS.NS,0,0.47014788582662065,2025-09-01,211,0.30812854442344045,26.0,,-3.351423070502751,-10.637639877770217,39.652344478272894,63.787207627350284,1573,Neutral,0.0597042283467587
WAAREERTL.NS,0,0.46999474866583,2025-09-01,211,1.1424242424242423,82.0,,-6.791373862626609,-19.08357492030802,37.54083849361572,48.10704340608085,1574,Neutral,0.06001050266833996
FOODSIN.NS,0,0.4699847268136893,2025-09-01,211,1.5781818181818181,12.0,,-23.09111979576934,-34.057551322223475,71.73142812953826,41.8376217360831,1575,Neutral,0.060030546372621396
SYNCOMF.NS,0,0.4698696241742402,2025-09-01,211,0.19946808510638298,19.0,,-18.83372315743014,-28.670356717133256,39.02663269568713,31.481490884133223,1576,Neutral,0.06026075165151956
JUBLPHARMA.NS,0,0.46979154730873485,2025-09-01,211,0.058823529411764705,3.0,,-9.0154304986838,-24.022889376872275,32.89641998020519,48.84747036170617,1577,Neutral,0.060416905382530306
DHANBANK.NS,0,0.4697167184023127,2025-09-01,211,12.613540197461212,,,-17.927291520340958,-21.18780365361355,30.474448997124238,24.517098110790542,1578,Neutral,0.06056656319537457
BAIDFIN.NS,0,0.4692759295254885,2025-09-01,211,1.544502617801047,11.0,,-17.721518659896212,-22.288639181680658,37.63303388695826,19.122272985191444,1579,Neutral,0.061448140949022956
WELINV.NS,0,0.46925710828805195,2025-09-01,211,0.12426229508196726,0.83,,1.5146672226642446,-6.145251396648044,44.32676024453191,50.090527549818404,1580,Neutral,0.0614857834238961
IEL.NS,0,0.46906755715538956,2025-06-01,303,0.29581728689993214,0.51,,,,,,1581,Neutral,0.06186488568922088
ISFT.NS,0,0.46901191202358206,2025-09-01,211,0.13716529810781872,2.53,,-23.747425668383674,-40.24954446844695,55.34119997951422,32.78783443406296,1582,Neutral,0.06197617595283589
STAR.NS,0,0.4689661994561309,2025-09-01,211,0.6413727959697733,5.0,,8.586154065573357,2.930685754325336,24.020933572437958,69.01972375812772,1583,Neutral,0.06206760108773823
WANBURY.NS,0,0.4689074599720984,2025-09-01,211,3.2710280373831777,6.0,,-13.199061557607896,-5.533092219134528,44.72030204739922,36.30988077579919,1584,Neutral,0.062185080055803255
GATECH.NS,0,0.468898424482794,2025-09-01,211,0.0988237562668722,15.12,,-19.999998807907104,-28.57142781116525,55.220498920036675,33.333339956071384,1585,Neutral,0.062203151034411985
ALKALI.NS,0,0.4688231219198729,2025-09-01,211,0.9902264600715135,-4.87,,-29.830505996974104,-39.50444414672247,41.63731340730739,19.139273786642548,1586,Neutral,0.06235375616025418
FIVESTAR.NS,0,0.4688109101445,2025-09-01,211,1.2678518953864237,,,-17.21590074955065,-36.14076272630465,45.715923809132455,40.406527737546114,1587,Neutral,0.062378179711000015
MADHUCON.NS,0,0.4687056974871527,2025-09-01,211,1.8425196850393701,-2.0,,-21.92066723754395,-40.63492228084375,47.92752537310445,35.86956225969453,1588,Neutral,0.06258860502569463
BEDMUTHA.NS,0,0.46859897966839786,2025-09-01,211,3.4326241134751774,17.0,,-28.530263136052657,-12.25122134421762,29.798509275121226,6.423232245181808,1589,Neutral,0.06280204066320427
RKFORGE.NS,0,0.46854360571489856,2025-09-01,211,1.0228907782864618,7.0,,-14.006629727609512,-8.795934218752693,41.788821971235066,28.148702940663895,1590,Neutral,0.06291278857020288
CUBEXTUB.NS,0,0.46842007079703407,2025-09-01,211,0.9240506329113924,11.0,,-30.735360710626463,-34.502610646496066,50.82171340804763,29.196217046377882,1591,Neutral,0.06315985840593186
PRABHA.NS,0,0.46835585489765913,2025-09-01,211,0.5054519467945318,-0.4,,-16.711559646068014,-22.21989703796225,70.25308156068726,47.31971906109284,1592,Neutral,0.06328829020468174
HARDWYN.NS,0,0.46833833950892484,2025-09-01,211,0.16209476309226933,4.0,,18.213867791382235,15.037170397556238,27.284185029593555,89.13646612786341,1593,Neutral,0.06332332098215032
SBGLP.NS,0,0.4681993079447718,2025-09-01,211,1.425,14.0,,-37.533690280002375,-50.97831553376613,56.896586434758525,9.34844131407877,1594,Neutral,0.06360138411045635
PYRAMID.NS,0,0.46801332591742717,2025-09-01,211,0.8625954198473282,14.0,,-10.544868007564121,-18.627449622404082,38.28954199948294,34.31029552169362,1595,Neutral,0.06397334816514566
SHEMAROO.NS,0,0.4677787470053514,2025-09-01,211,1.063660477453581,-10.0,,-28.28566227573448,-31.337899863774933,62.96339051538477,28.207220116950836,1596,Neutral,0.06444250598929724
KDDL.NS,0,0.46768638684479247,2025-09-01,211,0.6638176638176638,15.0,,-13.2073873272161,-15.769344411435155,50.32955395654082,31.3312693498452,1597,Neutral,0.06462722631041506
SARDAEN.NS,0,0.4675000538797652,2025-09-01,211,0.33474178403755867,17.0,,-4.049232960589204,-2.389377794941018,43.774898481237024,41.147729523267984,1598,Neutral,0.06499989224046965
SAMBHAAV.NS,0,0.46737635156513413,2025-09-01,211,0.16061803808839395,3.33,,-29.115644819761066,-43.369563628685235,42.03927927621485,10.270253412029547,1599,Neutral,0.06524729686973174
BCONCEPTS.NS,0,0.46695212702122274,2025-09-01,211,3.2467532467532467,11.0,,-22.412122536871802,-37.3038304540711,60.33152511441941,31.866036924214512,1600,Neutral,0.06609574595755452
HONAUT.NS,0,0.46690529103757983,2025-09-01,211,0.3704057279236277,18.0,,-16.269083969465647,-20.779416190189586,26.519538945236988,27.454909819639283,1601,Neutral,0.06618941792484034
KIRLOSBROS.NS,0,0.46679997224550884,2025-09-01,211,0.5937315198107629,21.0,,-15.139418530675696,-16.400303735436804,50.475854451448754,25.915902096768406,1602,Neutral,0.06640005550898231
ROLLT.NS,0,0.46677187739139503,2025-09-01,211,2.684873949579831,-1.12,,-15.503870882843696,-13.492060188203087,55.616072255871885,37.735846085919334,1603,Neutral,0.06645624521720994
MANOMAY.NS,0,0.4666159072700484,2025-09-01,211,3.107594936708861,13.0,,7.788406336674258,15.380852360541839,49.490877816152405,61.542584448456424,1604,Neutral,0.06676818545990315
SMSPHARMA.NS,0,0.46653409625257425,2025-09-01,211,0.7171052631578947,12.0,,-1.5883402178822115,22.400001992984695,65.10010981738172,48.02234419559518,1605,Neutral,0.0669318074948515
CGCL.NS,0,0.4665243296430536,2025-09-01,211,2.1078758949880667,11.0,,-1.9666703773654919,-6.82746476107003,45.169212503937274,61.13527620704654,1606,Neutral,0.06695134071389275
NDL.NS,0,0.4661638646681301,2025-09-01,211,0.9280125195618153,9.0,,-33.09090787714178,-38.25503283215828,43.86004654767952,22.330084165262093,1607,Neutral,0.06767227066373982
KPEL.NS,0,0.46579295354360206,2025-09-01,211,2.4010695187165774,42.0,,-13.186234641800176,-28.442847037881897,52.84833236492552,51.12891685728111,1608,Neutral,0.06841409291279588
PNBHOUSING.NS,0,0.4655122235854179,2025-09-01,211,3.769752571587434,,,-11.08167389926479,-19.998940712150556,39.74848350913779,49.919280339283134,1609,Neutral,0.06897555282916423
TTML.NS,0,0.4654791484148711,2025-09-01,211,-1.0625506482982172,50.0,,-25.22651016402198,-37.45512366953492,43.23345518984685,27.434747653207737,1610,Neutral,0.06904170317025782
GULFOILLUB.NS,0,0.46535370201768916,2025-09-01,211,0.68863361547763,28.0,,-18.60359075259338,-23.948340950727147,39.48929182892394,37.07767558053911,1611,Neutral,0.06929259596462167
PRUDMOULI.NS,0,0.4650024251131805,2025-09-01,211,0.8374196360466385,4.97,,-32.615195417066744,-47.55472478344219,59.084493863206234,24.291507667359497,1612,Neutral,0.06999514977363896
BHAGYANGR.NS,0,0.46487503490939547,2025-09-01,211,0.057482265510640736,0.51,,-9.419188436762491,-10.122695720707398,63.8028753278839,37.95886879438808,1613,Neutral,0.07024993018120906
LUMAXTECH.NS,0,0.4648575311145999,2025-09-01,211,1.1764705882352942,11.0,,-11.44851941990256,-1.9832613540325177,65.81105201476187,52.81524529770288,1614,Neutral,0.07028493777080025
AIRAN.NS,0,0.4648539710325642,2025-09-01,211,0.18523770430629144,11.07,,-23.402985530113106,-29.194264186089008,61.04674144834058,17.021277890911037,1615,Neutral,0.07029205793487159
AEROFLEX.NS,0,0.46476773526844345,2025-09-01,211,0.28133704735376047,22.0,,5.004833045846962,18.744708713241018,69.8750905057405,59.7136796214947,1616,Neutral,0.0704645294631131
ARVIND.NS,0,0.46475869170779216,2025-09-01,211,1.3023569023569024,13.0,,-5.152616516940246,9.082129535275765,39.610308169004036,53.3578765589735,1617,Neutral,0.07048261658441568
APTECHT.NS,0,0.46469255793139025,2025-09-01,211,0.2886178861788618,15.0,,-19.723302287413933,-25.938821915290223,40.50638355636376,31.13172667797157,1618,Neutral,0.0706148841372195
CEWATER.NS,0,0.4646117029379772,2025-09-01,211,0.11915033292694363,3.22,,-19.658388453688815,-43.52418010005559,63.76310470984091,51.84570539571136,1619,Neutral,0.07077659412404558
DIAMINESQ.NS,0,0.46457905151115214,2025-09-01,211,0.14557993730407523,4.22,,-1.5777285150877913,-10.745982017510833,35.406618740313625,56.166451452339714,1620,Neutral,0.07084189697769572
GULFPETRO.NS,0,0.4643038285725808,2025-09-01,211,0.17647058823529413,11.0,,-26.47420293509075,-32.90358652103247,45.916724119538934,22.250000635782882,1621,Neutral,0.07139234285483842
ALMONDZ.NS,0,0.4642817818271619,2025-09-01,211,0.33237704918032773,2.03,,-28.831659111753016,-33.31371350006562,53.214478312014776,26.315799380268842,1622,Neutral,0.0714364363456762
IONEXCHANG.NS,0,0.4642215353880177,2025-09-01,211,1.2130660727542688,23.0,,-14.32200820195634,-13.137197205291457,47.600284074919884,45.17261625427764,1623,Neutral,0.07155692922396462
MEGASTAR.NS,0,0.46420571561749907,2025-09-01,211,2.6597938144329896,9.0,,13.45099995157883,7.64124139491196,47.223526432228375,75.73491053195451,1624,Neutral,0.07158856876500186
VENTIVE.NS,0,0.4638489781310458,2025-09-01,211,0.23451423603564442,10.0,,-22.690137406470072,-23.811504599388016,31.649272619914846,14.201348835989933,1625,Neutral,0.07230204373790838
CORDSCABLE.NS,0,0.4637267237766851,2025-09-01,211,1.2894736842105263,16.0,,-22.628560900066493,-30.554215560157296,36.13210671904134,17.352657183686432,1626,Neutral,0.07254655244662978
REPCOHOME.NS,0,0.4635371430664082,2025-09-01,211,3.354071100917431,,,-9.210353410778982,-14.112786891451961,38.75087058803691,47.965578660240304,1627,Neutral,0.0729257138671836
EMIL.NS,0,0.46348159135133093,2025-09-01,211,1.361592806679512,10.0,,-11.944032197035265,-14.714428004441446,40.53169167383231,47.16863964951336,1628,Neutral,0.07303681729733813
PIXTRANS.NS,0,0.4634735620347266,2025-09-01,211,0.2235494880546075,27.0,,-0.8191576198615892,0.4391808175758104,35.13424863345371,53.56572630480965,1629,Neutral,0.07305287593054677
NAHARSPING.NS,0,0.4628922613659009,2025-09-01,211,0.61628664495114,4.0,,0.12015293775422403,2.4014349043114556,50.017377129359474,57.11037115907191,1630,Neutral,0.07421547726819822
AMBIKCO.NS,0,0.4628269790817634,2025-09-01,211,0.21047008547008547,11.0,,-17.75286100340318,-11.404817760583823,33.99989641420098,19.33774834437085,1631,Neutral,0.0743460418364732
AARTISURF.NS,0,0.46277816878249206,2025-09-01,211,1.0672268907563025,9.0,,-20.90158974062127,-19.016391903274748,44.17326107481333,39.07063671905933,1632,Neutral,0.07444366243501588
IRMENERGY.NS,0,0.4626378929038814,2025-09-01,211,0.28125,8.0,,-22.49624086373859,-36.17901882718132,36.511206554907076,28.489168173850928,1633,Neutral,0.07472421419223718
LIBERTSHOE.NS,0,0.4622265909673862,2025-09-01,211,1.2412280701754386,10.0,,-11.927098592700375,-23.821268771992294,50.11201166815557,45.407902952786,1634,Neutral,0.07554681806522756
ASAL.NS,0,0.46222303708813356,2025-09-01,211,17.8125,24.0,,-17.62523214575113,-21.91185528062723,35.999054190543404,18.853302218860804,1635,Neutral,0.07555392582373288
CYBERMEDIA.NS,0,0.4619411170032111,2025-09-01,211,-1.6666666666666667,,,-25.441467318691323,-34.18013961087444,51.95188237253095,31.75541920290128,1636,Neutral,0.07611776599357778
STEELCITY.NS,0,0.4618926783199758,2025-09-01,211,0.7586206896551724,21.0,,-14.95569978550546,-19.325151853313983,40.443789003789234,29.46649568078918,1637,Neutral,0.07621464336004835
CROWN.NS,0,0.46184936772376745,2025-09-01,211,1.6081081081081081,19.0,,-14.025635239444586,-22.640127979683943,59.659414523109966,35.795571048683726,1638,Neutral,0.07630126455246511
SERVOTECH.NS,0,0.4618047126457861,2025-09-01,211,0.9132231404958677,21.0,,-15.37416311610886,-20.705014098553757,54.58317715420491,44.64285659819089,1639,Neutral,0.0763905747084278
PETRONET.NS,0,0.461450143585505,2025-09-01,211,0.3459128660935451,26.0,,-20.850588792883446,-11.803341788410167,55.38292688243035,36.55050403744032,1640,Neutral,0.07709971282898997
SADBHAV.NS,0,0.4612825049083461,2025-09-01,211,2.1854066985645932,1.0,,-31.96644452779343,-43.057719465609104,73.03541745188694,38.70245655447444,1641,Neutral,0.0774349901833078
HDIL.NS,0,0.46114408123540773,2025-03-01,395,-2.720114687094216,-5.37,,-21.862351206779273,-20.247938566036428,33.017878459622665,0.0,1642,Neutral,0.07771183752918454
SURYODAY.NS,0,0.46108766456299605,2025-09-01,211,7.339527875439478,,,1.4519960041470332,-17.23224630627456,53.436290187615,35.56288108811111,1643,Neutral,0.0778246708740079
ADROITINFO.NS,0,0.46104442325661765,2025-09-01,211,0.3273809523809525,-1.07,,-15.848673139625626,-22.211723992589103,43.10718583079126,19.521901451636566,1644,Neutral,0.0779111534867647
CAPACITE.NS,0,0.46102028519497845,2025-09-01,211,1.0247191011235954,17.0,,-19.453463412747524,-20.694094286638407,70.79564779577744,45.07987796530181,1645,Neutral,0.0779594296100431
ABFRL.NS,0,0.4609523292932883,2025-09-01,211,0.79457934755948,0.0,,-21.796551261424163,-29.812450838199993,41.61670175700075,34.67704562468414,1646,Neutral,0.07809534141342345
VSTL.NS,0,0.46076404045161595,2025-09-01,211,1.6269430051813472,8.0,,-11.410499374352622,-22.91164017603286,44.157890022360505,40.92625412122651,1647,Neutral,0.0784719190967681
INDOFARM.NS,0,0.4607538555964278,2025-09-01,211,0.30916030534351147,7.0,,-19.74006955804377,-41.70643335312466,51.865040368535176,34.285719381412775,1648,Neutral,0.07849228880714443
MSTCLTD.NS,0,0.46064261147141305,2025-09-01,211,1.396694214876033,28.0,,-19.291856175692924,-27.228668771266403,37.22609350911733,32.52248651825819,1649,Neutral,0.07871477705717389
SHAKTIPUMP.NS,0,0.460174805766118,2025-09-01,211,0.8621142481943532,58.0,,-12.855243871766037,-37.426022740567824,55.759616229162646,46.081872463829356,1650,Neutral,0.07965038846776396
EUROTEXIND.NS,0,0.45982305018485964,2025-09-01,211,-2.1220400728597455,-18.07,,6.341461145331823,-3.7527610239556806,54.01581695453831,48.484843875721154,1651,Neutral,0.08035389963028072
AUSOMENT.NS,0,0.4597997678511843,2025-09-01,211,0.025974025974025976,16.0,,-4.321365446443401,-15.657696369068663,38.38338661694692,46.88009862132532,1652,Neutral,0.08040046429763137
CARYSIL.NS,0,0.45977809641084016,2025-09-01,211,0.5954022988505747,13.0,,-17.376756639167322,-13.828201425931502,42.52053263479723,39.289429746221806,1653,Neutral,0.08044380717831967
KELLTONTEC.NS,0,0.4597100113921476,2025-09-01,211,0.3576388888888889,11.0,,-33.366888717106995,-29.122058057730992,69.07695733572415,23.639205107539723,1654,Neutral,0.08057997721570476
MOL.NS,0,0.4595993331200907,2025-09-01,211,0.8275058275058275,6.0,,-29.885495021747417,-42.81711801016841,55.73481430889093,34.02619645930993,1655,Neutral,0.08080133375981857
SABTNL.NS,0,0.45955116007782926,2025-09-01,211,,143.0,,-61.9026149193301,-96.85112716404525,33.566058086598304,0.0,1656,Neutral,0.08089767984434149
RELCHEMQ.NS,0,0.4593264491190965,2025-09-01,211,2.4214285714285713,7.0,,-11.786641410171363,-19.66038970351085,41.65204082965489,45.98031315570006,1657,Neutral,0.08134710176180704
OPTIEMUS.NS,0,0.4592616390834937,2025-09-01,211,0.01238390092879257,7.0,,-30.479697041838648,-41.49680184437413,54.898632591921704,32.94347249135237,1658,Neutral,0.08147672183301258
DPSCLTD.NS,0,0.45894726646279227,2025-09-01,211,1.4003115264797508,3.0,,-24.115755824210737,-28.62903357606524,55.710097633417085,28.690812424224063,1659,Neutral,0.08210546707441546
BALUFORGE.NS,0,0.4588882165826798,2025-09-01,211,0.24908088235294118,25.0,,-13.20373039402551,-36.776618213566806,53.41486447356857,31.655672450066078,1660,Neutral,0.08222356683464038
BFUTILITIE.NS,0,0.4588210188042221,2025-09-01,211,0.2645711303137505,2.73,,-24.612103963156827,-47.18669811679916,40.96820586493242,23.569523533097865,1661,Neutral,0.0823579623915558
SRF.NS,0,0.45863645388671476,2025-09-01,211,0.5196941997673259,14.0,,-6.765073576437613,-21.250317508897542,40.61334354809285,44.66418608972983,1662,Neutral,0.08272709222657049
MOHITIND.NS,0,0.4583658942214072,2025-09-01,211,2.15625,0.0,,-23.443224665953927,-34.069404089614764,42.10434552655727,23.666673518991786,1663,Neutral,0.08326821155718556
BLUEJET.NS,0,0.4580016602383566,2025-09-01,211,0.2157643312101911,40.0,,-18.13633520950594,-38.14968529575232,68.99682622223816,32.76291742452909,1664,Neutral,0.08399667952328682
AUTOIND.NS,0,0.4576470845924516,2025-09-01,211,2.596590909090909,15.0,,-36.77968143810694,-39.872483590627404,54.25467743804424,24.978059071918267,1665,Neutral,0.08470583081509675
ALKYLAMINE.NS,0,0.45756771770360316,2025-09-01,211,0.22453222453222454,19.0,,-17.364468906921143,-22.109789171624904,58.45624697042906,44.46595632016362,1666,Neutral,0.08486456459279368
PANAMAPET.NS,0,0.4573972377683284,2025-09-01,211,0.19222903885480572,19.0,,-17.328581975595505,-19.6468751257919,40.21566286730183,27.020452724043494,1667,Neutral,0.08520552446334317
LATTEYS.NS,0,0.45735525468174204,2025-09-01,211,1.4428969359331476,12.91,,-28.6037018078787,-29.68402014438638,52.29667394140114,19.384616061780477,1668,Neutral,0.08528949063651592
SPMLINFRA.NS,0,0.45700366162846573,2025-09-01,211,1.3321596244131455,9.0,,-10.340610225168136,-11.629116006877856,66.42809921026945,44.277669786176624,1669,Neutral,0.08599267674306854
INDOTHAI.NS,0,0.45691934328153866,2025-09-01,211,0.2916666666666667,10.0,,9.342879845722758,-12.479043867473266,37.31503331031401,69.26934498305357,1670,Neutral,0.08616131343692268
AAREYDRUGS.NS,0,0.4566084599875381,2025-09-01,211,0.9864864864864865,6.0,,-29.268292682926827,-29.80636534182535,90.11312999775247,29.467426651031786,1671,Neutral,0.08678308002492385
AARVI.NS,0,0.45657209899559437,2025-09-01,211,0.7657657657657657,10.0,,-5.04326995253268,-6.0631954741442025,54.58972374945217,45.71501901493187,1672,Neutral,0.08685580200881127
UMANGDAIRY.NS,0,0.4564743866606319,2025-03-01,395,2.108695652173913,7.0,,,,,,1673,Neutral,0.08705122667873622
MAHESHWARI.NS,0,0.4561531996655308,2025-09-01,211,2.004830917874396,13.0,,3.9013908945419695,-13.491431679137285,34.144379302733135,55.51211949579175,1674,Neutral,0.08769360066893839
SPECTRUM.NS,0,0.4558619371785386,2025-09-01,211,1.1157407407407407,16.0,,9.886071449704845,28.118815909911305,57.82802981427759,69.72838788742703,1675,Neutral,0.08827612564292275
BLISSGVS.NS,0,0.4557647246194667,2025-09-01,211,0.18297101449275363,9.0,,-1.5660706180534,29.585113929084585,61.955780613389614,54.80101304890925,1676,Neutral,0.08847055076106658
HEG.NS,0,0.4556908170190784,2025-09-01,211,0.2928125722209383,5.0,,-6.29695995667595,-3.108246473442456,59.15908321155826,56.60055846724017,1677,Neutral,0.08861836596184325
FELDVR.NS,0,0.45527988301161576,2015-06-01,3956,,,,-11.683853696204762,-19.93769773515722,54.736224478312835,33.33333333333333,1678,Neutral,0.08944023397676848
SINTERCOM.NS,0,0.4552602891603711,2025-09-01,211,0.948198198198198,5.08,,-9.288383213160047,-28.97360557716927,48.61068799119737,28.44480183548167,1679,Neutral,0.08947942167925782
RGL.NS,0,0.4552451077725613,2025-09-01,211,0.8792650918635171,8.0,,-24.14814909996345,-21.032553899358135,101.6448212370951,45.93385196392335,1680,Neutral,0.08950978445487745
AFFORDABLE.NS,0,0.4551807431406186,2025-09-01,211,0.9821428571428571,8.0,,-36.908862307470095,-42.53316136816775,51.19212541519097,9.400300411316707,1681,Neutral,0.08963851371876275
VASCONEQ.NS,0,0.45511474273819136,2025-09-01,211,0.9468864468864469,8.0,,-31.735620881445286,-41.0200548474965,57.5282896545976,34.01287398842227,1682,Neutral,0.08977051452361728
DJML.NS,0,0.45504180913687264,2025-09-01,211,0.3220171855190872,16.05,,-10.890977322426595,17.91715321921436,36.578044839123145,38.9872480204891,1683,Neutral,0.08991638172625471
ZAGGLE.NS,0,0.4549647131725399,2025-09-01,211,0.04889228418640183,13.0,,-13.568461735331688,-46.82456170419926,60.49537584343927,35.21516685779234,1684,Neutral,0.09007057365492022
JAYAGROGN.NS,0,0.454832666321437,2025-09-01,211,0.2644135188866799,17.0,,-15.949266389561101,-26.658831913994263,52.851706128814904,28.142061922375234,1685,Neutral,0.09033466735712603
ELECON.NS,0,0.45466251226595855,2025-09-01,211,0.34371754932502596,29.0,,-16.16447947136616,-25.862068965517242,34.584396101695184,29.605795538690288,1686,Neutral,0.0906749754680829
VIRINCHI.NS,0,0.4546387773156925,2025-09-01,211,0.4457013574660634,6.0,,-26.30194602735204,-41.208559489147525,46.00593855560964,13.554222837450553,1687,Neutral,0.09072244536861496
SHRADHA.NS,0,0.4542887376759818,2025-09-01,211,0.12345679012345678,18.0,,-29.428651330914274,-32.476289790904886,75.84193176781596,32.65195083203132,1688,Neutral,0.09142252464803635
E2E.NS,0,0.4542554041833205,2025-09-01,211,0.1295238095238095,8.0,,-19.78442858453171,0.15603428397144456,66.96692280018682,34.86228580333744,1689,Neutral,0.091489191633359
KANPRPLA.NS,0,0.45409800074243517,2025-09-01,211,0.9601769911504425,12.0,,-14.236830985833777,-14.81521759353551,77.07653628289334,44.88740938508593,1690,Neutral,0.09180399851512966
PNGJL.NS,0,0.4539187313217556,2025-09-01,211,1.5075757575757576,19.0,,-2.93418424003085,-13.278887348790322,37.645123608127626,49.5803466782492,1691,Neutral,0.09216253735648883
RECLTD.NS,0,0.4537891789006503,2025-09-01,211,6.727564993533884,10.0,,-12.978320301211573,-12.682573681022188,39.66012321506396,42.81092305419374,1692,Neutral,0.09242164219869942
EKC.NS,0,0.4534026039426194,2025-09-01,211,0.2931258106355383,12.0,,-20.348787219791415,-21.30735983580222,40.47460093980538,34.95955802442204,1693,Neutral,0.09319479211476123
SILVERTUC.NS,0,0.4533744746942345,2025-09-01,211,0.8811188811188811,23.0,,-27.559489206980604,-88.2045451077548,61.06692737559028,28.551333384410583,1694,Neutral,0.09325105061153105
DAVANGERE.NS,0,0.4532714090717339,2025-09-01,211,0.536779324055666,7.0,,-8.823527005579463,4.494384505685279,43.37822915765538,45.512827370681684,1695,Neutral,0.09345718185653218
IRB.NS,0,0.45316766377973045,2025-09-01,211,1.0735757416644789,7.0,,7.73722730714477,5.076672954995601,36.85327497159268,69.69072627139575,1696,Neutral,0.09366467244053911
CCHHL.NS,0,0.45228928522308987,2025-09-01,211,0.6591032167226254,0.93,,-21.221149044735064,-32.3529431492435,41.24775514806768,25.46201782919914,1697,Neutral,0.09542142955382027
MPSLTD.NS,0,0.45222975466101856,2025-09-01,211,0.1901840490797546,39.0,,0.790804404993241,-26.35686042804124,47.79802809279074,65.97382802148337,1698,Neutral,0.09554049067796289
SAFARI.NS,0,0.45191674975594026,2025-09-01,211,0.33884297520661155,16.0,,-23.373493975903614,-36.971456062750505,42.95455778520551,28.418379131316826,1699,Neutral,0.09616650048811948
ADFFOODS.NS,0,0.4518644871939266,2025-09-01,211,0.15454545454545454,21.0,,-18.265376863530218,-19.536030592487084,46.599416663333095,37.33865499483714,1700,Neutral,0.09627102561214684
IEX.NS,0,0.4517234933784567,2025-09-01,211,0.5291666666666667,54.0,,-10.1550274794397,-14.206821146933615,32.71604183848525,42.425070068996014,1701,Neutral,0.09655301324308663
DODLA.NS,0,0.4516821774304688,2025-09-01,211,0.1927797833935018,27.0,,-15.14331047981717,-20.913758752522753,49.74409893935764,42.69042699751275,1702,Neutral,0.09663564513906242
HITECH.NS,0,0.45151247647642956,2025-09-01,211,0.40589198036006546,11.0,,-19.54401388522054,-22.37058315309164,48.27891492216218,38.832070451226855,1703,Neutral,0.09697504704714088
YASHO.NS,0,0.451121601412245,2025-09-01,211,1.6518691588785046,7.0,,-14.274042247413288,-13.276403611102566,57.410445225706766,36.51360079587867,1704,Neutral,0.09775679717551
GULPOLY.NS,0,0.4509328278256554,2025-09-01,211,1.0171875,6.0,,-6.673579950856297,0.7554466434988394,39.85352704829955,34.499290608932085,1705,Neutral,0.09813434434868917
PURVA.NS,0,0.45072787305002343,2025-09-01,211,5.30835734870317,1.0,,-23.800180675352745,-33.930309747849755,57.39517360480582,40.46812559713196,1706,Neutral,0.09854425389995314
GRPLTD.NS,0,0.4502847289831789,2025-09-01,211,1.375,20.0,,12.06957774093744,10.7193482892781,39.28506961792512,59.19209177232944,1707,Neutral,0.09943054203364221
DANGEE.NS,0,0.4501305073345954,2025-09-01,211,1.4465573770491804,2.64,,-9.868419607920643,-27.320954286494135,56.08682680191636,42.62295114004096,1708,Neutral,0.09973898533080916
ADANIGREEN.NS,0,0.4498918182077465,2025-09-01,211,2.003852392538524,9.0,,-16.30970243407551,-20.74451981499411,39.69146135558868,40.05471714401997,1709,Sell,0.10021636358450703
APEX.NS,0,0.4498915120758091,2025-09-01,211,0.23968565815324164,2.0,,-13.596857826822943,31.586584262381006,69.29221133628339,53.777489914179995,1710,Sell,0.10021697584838185
SFL.NS,0,0.4496793026833309,2025-09-01,211,0.5091169109760457,5.0,,-15.896558906513173,-19.735939213453438,35.98906001255193,37.938964826592645,1711,Sell,0.10064139463333821
GTECJAINX.NS,0,0.4493474716236553,2025-09-01,211,0.28850855745721266,-24.32,,-8.085099000528984,-29.67032600213822,61.08931683824515,38.51204738570207,1712,Sell,0.10130505675268942
LAL.NS,0,0.44897023315205936,2025-09-01,211,0.6970605878824234,17.01,,-18.1938954080203,-31.933704778055755,65.72198202787064,39.247307279561475,1713,Sell,0.10205953369588128
QUICKHEAL.NS,0,0.4483916606440104,2025-09-01,211,0.2214765100671141,0.0,,-25.181785854926,-54.14429268336187,56.61583613928782,31.96973295405111,1714,Sell,0.10321667871197915
DMART.NS,0,0.44821098611962734,2025-09-01,211,0.1569862668514552,18.0,,1.7643150691253526,4.472729335488059,25.279648048017584,49.38945838098482,1715,Sell,0.10357802776074532
DMCC.NS,0,0.44815433183319286,2025-09-01,211,0.5982905982905983,14.0,,-10.488880635704735,-24.306514345366377,60.734756465776854,40.71497333353812,1716,Sell,0.10369133633361427
HEADSUP.NS,0,0.4481099474189036,2025-09-01,211,0.4375655823714586,10.93,,-23.027988702720855,-33.95196188301123,61.678127694700734,31.629394139380295,1717,Sell,0.10378010516219283
LAGNAM.NS,0,0.44796345698724543,2025-09-01,211,3.7107438016528924,10.0,,-20.442505873915874,-12.768735572973766,49.643671728100394,41.88361291464559,1718,Sell,0.10407308602550913
EIEL.NS,0,0.4475928687610391,2025-09-01,211,0.26394052044609667,33.0,,-11.693292764801857,-32.185297801037684,53.526830995422955,52.148050404635285,1719,Sell,0.1048142624779218
RACLGEAR.NS,0,0.4475120710802467,2025-09-01,211,0.9785932721712538,13.0,,-15.646209460906366,12.690755243101817,87.65837468551734,38.07817627784629,1720,Sell,0.10497585783950658
NMDC.NS,0,0.4473278605737088,2025-09-01,211,0.30789946140035906,30.0,,-6.828736776943385,-4.868032416690092,35.02048850762147,42.628867884904736,1721,Sell,0.10534427885258235
AHLEAST.NS,0,0.4473037389859868,2025-09-01,211,0.9743589743589743,15.0,,-7.966416240968918,8.952369504665093,40.693458035203776,43.35770627564998,1722,Sell,0.1053925220280264
TREEHOUSE.NS,0,0.4470319227153322,2025-09-01,211,0.03208556149732621,-2.0,,-18.526540044610883,-7.843135765358715,74.165935136034,40.8934562624279,1723,Sell,0.10593615456933558
ARIHANTSUP.NS,0,0.447003007859958,2025-09-01,211,2.260869565217391,5.0,,-25.84183474235637,-38.620802848968175,51.701825441306845,28.81927546405477,1724,Sell,0.105993984280084
ATAM.NS,0,0.44692236737518004,2025-09-01,211,0.5217853347502657,20.27,,-23.148001773699846,-39.26228600228514,50.744367925222335,34.97776122805777,1725,Sell,0.10615526524963992
SPORTKING.NS,0,0.4468126874222643,2025-09-01,211,0.709280303030303,12.0,,-3.314677936756885,24.69465478132457,45.13514036851773,56.334947458025376,1726,Sell,0.10637462515547136
SPAL.NS,0,0.44666443834990793,2025-09-01,211,0.5,13.0,,0.12216680597969103,-0.2862663608546127,41.532270584284504,59.48130719274632,1727,Sell,0.10667112330018413
MANYAVAR.NS,0,0.4458903810171799,2025-09-01,211,0.5223707147007554,26.0,,-12.239032557321845,-39.3572896678171,44.154310755198786,46.58615581967271,1728,Sell,0.10821923796564015
KHAICHEM.NS,0,0.4458276223117065,2025-09-01,211,1.631578947368421,2.0,,-24.471612788704284,-46.61728187843605,49.44227842374694,34.52200144281245,1729,Sell,0.10834475537658705
CREATIVEYE.NS,0,0.4451012571189074,2025-06-01,303,0.37618809404702347,0.72,,-14.60843086891581,-26.6494170465274,90.04903309707919,42.71356970555669,1730,Sell,0.10979748576218518
AHLADA.NS,0,0.4446659712133221,2025-09-01,211,0.572463768115942,6.0,,-29.846825299639455,-35.95685079146584,52.50642189947096,28.009960720024708,1731,Sell,0.11066805757335585
ASKAUTOLTD.NS,0,0.44462860996459763,2025-09-01,211,0.49162995594713654,29.0,,4.181308587191953,-10.746536043508282,39.86857837802351,73.86489576820607,1732,Sell,0.11074278007080474
CELEBRITY.NS,0,0.4445023697210027,2025-09-01,211,10.0,-13.0,,-25.987260976260007,-36.29385947713341,76.46980043248338,31.403116242497518,1733,Sell,0.11099526055799458
GESHIP.NS,0,0.444153858241243,2025-09-01,211,0.17012874180554458,15.0,,5.041572607814421,29.9490126127403,41.0347794545261,58.130594888156935,1734,Sell,0.11169228351751403
SHIVALIK.NS,0,0.4441451809350971,2025-09-01,211,0.315,4.0,,-19.425646576867845,-40.80096566954855,67.57083085554984,28.375955363685478,1735,Sell,0.11170963812980583
VPRPL.NS,0,0.4439633059282351,2025-09-01,211,1.5651074589127687,11.0,,-34.41830021054243,-49.233914125413136,66.25050322698648,28.35097098172612,1736,Sell,0.11207338814352985
AIIL.NS,0,0.4436123505225034,2025-09-01,211,0.20519785171924193,31.0,,-12.747384262865591,-26.440889712030952,87.28965739299764,53.54103833013162,1737,Sell,0.11277529895499316
BASML.NS,0,0.44319605052948047,2025-09-01,211,1.1383647798742138,5.0,,-24.847690157599455,-35.58373442079954,45.112482049885,31.60556318870117,1738,Sell,0.11360789894103906
LLOYDSME.NS,0,0.4425654363095952,2025-09-01,211,0.5389635316698657,38.0,,1.589702953149693,-7.161636308903291,56.08798762220613,60.82310283761602,1739,Sell,0.11486912738080957
NIRAJ.NS,0,0.44247087275245855,2025-09-01,211,0.51953125,11.0,,-27.03273617185661,-49.6233322635495,50.94667872245549,13.847775821591497,1740,Sell,0.11505825449508289
SANOFICONR.NS,0,0.4417505603528281,2025-09-01,211,0.642023346303502,111.0,,7.208426809846468,-4.226914841219647,55.026080598164576,45.63599664359677,1741,Sell,0.11649887929434377
ORTINGLOBE.NS,0,0.44164870539987977,2025-09-01,211,1.9461538461538446,-25.11,,-20.60889648602281,-5.50522606865684,62.84176664359984,24.714826760259754,1742,Sell,0.11670258920024046
RKSWAMY.NS,0,0.44082187905363157,2025-09-01,211,0.48,7.0,,-30.09925244449314,-37.63441060358322,43.23827752946555,15.498820116799877,1743,Sell,0.11835624189273686
ECOSMOBLTY.NS,0,0.4400828185611143,2025-09-01,211,0.5739130434782609,34.0,,-29.561946440869935,-47.26092867914793,62.008078365444355,29.822971265609738,1744,Sell,0.11983436287777138
SAREGAMA.NS,0,0.4390844460514683,2025-09-01,211,0.32248342374924654,18.0,,-3.998802786073158,-8.84955783050765,39.22318055564108,48.29442522408107,1745,Sell,0.12183110789706342
LTFOODS.NS,0,0.43861941874618776,2025-09-01,211,0.3889496717724289,15.0,,-11.064874469285495,-9.854710310365796,66.10865673476883,41.9747072182393,1746,Sell,0.12276116250762448
BALRAMCHIN.NS,0,0.43785468440509223,2025-09-01,211,0.3435466377440347,10.0,,6.468197173231671,13.337893111244782,42.14968741211359,51.44508715838726,1747,Sell,0.12429063118981554
SHAHALLOYS.NS,0,0.43778809447843386,2025-09-01,211,2.7027027027027026,-21.0,,-10.69964987458799,-13.164111131090356,54.34653712743788,53.765766558365904,1748,Sell,0.12442381104313227
JITFINFRA.NS,0,0.437570988251733,2025-09-01,211,0.004241252416890207,0.13,,-26.496744832125767,-1.124997820172991,61.556170541817224,27.655677655677664,1749,Sell,0.12485802349653397
INNOVACAP.NS,0,0.4373464716730767,2025-09-01,211,0.7016509433962265,12.0,,3.2168775021127383,-2.529683058752104,35.28070333219238,52.172870064427975,1750,Sell,0.12530705665384656
ARSHIYA.NS,0,0.4372409984387191,2024-03-01,760,-5.488439306358382,-5.0,,-21.118014307928252,0.7936500427734288,44.554267664960236,0.0,1751,Sell,0.12551800312256178
TVSELECT.NS,0,0.43681565380738724,2025-09-01,211,2.0,-2.0,,-3.016838304924242,-19.244144249406194,65.58224515750386,54.19761181293052,1752,Sell,0.12636869238522552
TFL.NS,0,0.43675497520966106,2025-09-01,211,0.9373793103448277,9.48,,-23.399860158393953,-35.62753311108512,68.89141688307446,32.12121644149998,1753,Sell,0.1264900495806779
SUNTV.NS,0,0.436436819862625,2025-09-01,211,0.07310813048517967,20.0,,-5.907294935354062,-0.2788119653715346,44.54823347971384,47.183124987319744,1754,Sell,0.12712636027475
KEC.NS,0,0.43642362367121046,2025-09-01,211,2.9534029389017786,15.0,,-13.558751007105874,-30.155044557207255,41.47211934512768,46.66507135842929,1755,Sell,0.12715275265757908
GVPTECH.NS,0,0.436377350890727,2025-09-01,211,0.3953488372093023,-1.0,,-17.464785743294108,-37.45997646653382,90.33447765717875,44.652405496682604,1756,Sell,0.12724529821854602
SSDL.NS,0,0.43629746332182956,2025-09-01,211,1.0052910052910053,29.0,,-23.37936566696806,-39.76242266455407,44.84919867791803,18.89596933988338,1757,Sell,0.12740507335634088
LTTS.NS,0,0.4361512384901411,2025-09-01,211,0.5644352188202733,28.0,,-4.710013700492216,-30.90985357073308,54.191676216617836,50.37078288609754,1758,Sell,0.12769752301971782
JAGSNPHARM.NS,0,0.43583611307929915,2025-09-01,211,0.18181818181818182,23.0,,8.278413455888446,-6.6311552102918085,33.23400961980549,68.60244839442312,1759,Sell,0.1283277738414017
MRPL.NS,0,0.4357269766534619,2025-09-01,211,1.6734125789948842,4.0,,-8.228839051397483,26.63547445456249,70.964750672855,47.06467522237569,1760,Sell,0.12854604669307623
RVTH.NS,0,0.43566852179784155,2025-09-01,211,0.7874015748031497,26.0,,-17.40280317481532,-25.255086241633595,65.23146251588248,38.47991189501187,1761,Sell,0.1286629564043169
RBL.NS,0,0.4354192950283918,2024-12-01,485,0.4551971326164875,21.0,,,,,,1762,Sell,0.12916140994321645
RADHIKAJWE.NS,0,0.43532585326261386,2025-09-01,211,0.16408668730650156,26.0,,-24.52210034864374,-36.40367416735245,46.874145833697426,35.527772855664324,1763,Sell,0.12934829347477228
RUCHINFRA.NS,0,0.43520920488461223,2025-09-01,211,0.3832673827020915,1.75,,-30.23648545243952,-36.16692042707807,42.571431389573085,14.356433890658408,1764,Sell,0.12958159023077553
JSWENERGY.NS,0,0.4347522210885028,2025-09-01,211,0.7094957317609786,6.0,,-3.7649183040583365,-1.6270312666405626,34.92871158748315,46.980980147160906,1765,Sell,0.13049555782299438
J&KBANK.NS,0,0.4344568127025847,2025-09-01,211,10.519762845849803,,,-2.0478990939015382,11.662612550416384,60.03844603724367,48.432168992485025,1766,Sell,0.13108637459483063
MANAKSIA.NS,0,0.43426493180554193,2025-09-01,211,0.14736842105263157,1.0,,-28.672029928104088,-31.45343220402274,39.91295911012286,17.820251312878455,1767,Sell,0.13147013638891614
PPL.NS,0,0.434253085487717,2025-09-01,211,0.22489082969432314,27.0,,-17.941412014702564,-32.110509758677125,52.68229610746169,33.63581363860507,1768,Sell,0.13149382902456597
DCXINDIA.NS,0,0.4341845273571884,2025-09-01,211,0.5298634812286689,5.0,,-11.959126512247273,-22.819399332272404,58.39770931377728,21.86490634898604,1769,Sell,0.13163094528562325
IMFA.NS,0,0.4340015045381297,2025-09-01,211,0.36257545271629776,21.0,,-5.448973593921479,-15.453845270498636,46.60067938346217,52.624811414916486,1770,Sell,0.13199699092374062
HAPPSTMNDS.NS,0,0.43394020543484085,2025-09-01,211,0.9704939063502245,14.0,,0.3892656527855596,-24.37952066981816,72.82015801135054,54.51740684879292,1771,Sell,0.1321195891303183
KAMDHENU.NS,0,0.4339109626296609,2025-09-01,211,0.17032967032967034,29.0,,-18.59698162973603,-25.474136435602894,49.88773255740845,21.777237959237638,1772,Sell,0.13217807474067822
SALONA.NS,0,0.43389702021538723,2025-09-01,211,3.176470588235294,7.0,,1.0660287637972572,1.0355865661511487,38.29720883193134,50.23998976564499,1773,Sell,0.13220595956922554
SUNPHARMA.NS,0,0.4335394448964923,2025-09-01,211,0.9073195313484231,17.0,,-0.3967804213660832,2.85631522845563,19.478757865117686,40.31634663249452,1774,Sell,0.13292111020701536
INOXINDIA.NS,0,0.4335158789192567,2025-09-01,211,0.8804780876494024,37.0,,2.593202646089476,6.23869801084991,31.556382350806704,52.34921409970238,1775,Sell,0.13296824216148662
ANMOL.NS,0,0.432692976013377,2025-09-01,211,2.7130434782608694,10.0,,-26.929669217322918,-38.08139305201143,56.59376345734094,11.878441758523735,1776,Sell,0.13461404797324605
ICDSLTD.NS,0,0.43225651387701847,2025-09-01,211,0.10190587320108897,10.47,,-1.557262816820237,-6.5924105824675685,107.13334512219986,54.972929129795695,1777,Sell,0.13548697224596307
VISHWARAJ.NS,0,0.4319522937564201,2025-09-01,211,1.556,0.0,,-25.357144651364337,-39.94253153119947,54.66101429454605,27.014218330790214,1778,Sell,0.13609541248715984
JOCIL.NS,0,0.4304892032032102,2025-09-01,211,0.38095238095238093,1.0,,-29.76011901398478,-34.521318692005146,49.52293730488535,22.02497160558562,1779,Sell,0.13902159359357957
SAGILITY.NS,0,0.43022446265591374,2025-09-01,211,0.1127521961579303,4.0,,-6.54970581768549,-24.09272287257788,55.548962165136274,52.68002546986132,1780,Sell,0.13955107468817252
TIMKEN.NS,0,0.4300650381738936,2025-09-01,211,0.2218208092485549,21.0,,-3.1615938791998732,5.154541607104721,40.60570233163611,46.941467069199554,1781,Sell,0.13986992365221285
SICALLOG.NS,0,0.42992781956112175,2025-09-01,211,15.40625,-6.0,,-3.9920753337351655,-35.70408334537428,56.158398576666855,42.2326389168067,1782,Sell,0.1401443608777565
OLAELEC.NS,0,0.4297865359319677,2025-09-01,211,0.04941965904969169,1.0,,-10.798123186815475,-36.99917075920068,53.58461534514111,48.010155943901665,1783,Sell,0.1404269281360646
SBCL.NS,0,0.4296321123091516,2025-09-01,211,0.23515439429928742,26.0,,-15.648104306137908,-10.03139221222537,38.45882568550771,39.97664079858438,1784,Sell,0.1407357753816968
DDEVPLSTIK.NS,0,0.42962113944490626,2025-09-01,211,0.3406113537117904,34.0,,-31.543744784787638,-37.754623468712836,52.37276705006187,18.79699451088456,1785,Sell,0.14075772111018747
ATULAUTO.NS,0,0.4295559758997731,2025-09-01,211,0.25,11.0,,-19.99162603299476,-12.64997763229899,49.3813844583883,36.6154943746198,1786,Sell,0.14088804820045375
GLOBUSSPR.NS,0,0.4294302834829976,2025-09-01,211,1.1013513513513513,6.0,,-12.102294669221937,-18.10714410275829,39.32253287429848,44.16338523948194,1787,Sell,0.14113943303400478
KOTHARIPRO.NS,0,0.42918429091089516,2025-09-01,211,0.15684410646387834,-1.0,,-14.224713799418048,-21.612162678286154,74.74470954207135,39.21901725939086,1788,Sell,0.14163141817820968
FIRSTCRY.NS,0,0.42915466407147673,2025-09-01,211,0.16577626679617938,2.0,,-1.0261300057526723,-26.949513527140635,84.70425016562285,48.83158365462657,1789,Sell,0.14169067185704654
DCI.NS,0,0.4289614956272843,2025-09-01,211,2.146067415730337,26.0,,15.494154222997949,22.86591856848132,53.888978389196026,84.8054470967579,1790,Sell,0.1420770087454314
SHALPAINTS.NS,0,0.4288491576779335,2025-09-01,211,1.474074074074074,-13.0,,-35.628898622360005,-37.31757996830673,46.734628855057714,18.36734592465085,1791,Sell,0.14230168464413295
VALIANTLAB.NS,0,0.42836575411966943,2025-09-01,211,0.10094637223974763,-1.0,,-12.67129352246212,-29.548244442604865,64.59198625470238,43.81151098616675,1792,Sell,0.14326849176066114
RETAIL.NS,0,0.4278478524237991,2025-09-01,211,0.31331793687451875,3.55,,-33.00082627993521,-37.05583578659622,54.457474750193505,19.53428613586935,1793,Sell,0.14430429515240184
WESTLIFE.NS,0,0.4272895284330333,2025-09-01,211,0.0019646365422396855,0.0,,-3.8745803756922834,-10.572282260033575,44.71767688646205,53.930060032575575,1794,Sell,0.1454209431339334
GREENPOWER.NS,0,0.4271099822230478,2025-09-01,211,0.051032662934082235,0.74,,-18.292684581528878,-30.02610859868969,52.93691241301395,42.1153887065904,1795,Sell,0.1457800355539044
JPPOWER.NS,0,0.4271074443237526,2025-09-01,211,0.41953210865127966,10.0,,-4.35967527260273,-18.89081227600911,64.20749322698207,53.88180760932554,1796,Sell,0.14578511135249483
JBMA.NS,0,0.426789759298723,2025-09-01,211,2.303204601479047,14.0,,-7.4040814634221785,-17.2289156626506,72.15457321314268,50.931677195233114,1797,Sell,0.14642048140255404
SPLPETRO.NS,0,0.4263087393844608,2025-09-01,211,0.4783783783783784,23.0,,14.188509477462063,15.150101273148147,62.96534890480009,59.2161317935632,1798,Sell,0.14738252123107842
BSHSL.NS,0,0.4261386507899322,2025-09-01,211,0.3697478991596639,21.0,,-32.54056623875188,-46.56690001913393,45.24615556832891,12.936947072908083,1799,Sell,0.14772269842013563
GOKEX.NS,0,0.4261114186340265,2025-09-01,211,0.38188976377952755,12.0,,-16.841048866878015,-25.7058706526764,58.60611397369673,47.49906174789195,1800,Sell,0.14777716273194696
UTKARSHBNK.NS,0,0.4260888038869859,2025-09-01,211,10.672634271099744,,,-30.14353939108384,-31.36333088392541,49.33726371842011,15.197568565270885,1801,Sell,0.14782239222602822
SUYOG.NS,0,0.42586562477193124,2025-09-01,211,0.6935483870967742,14.0,,-6.363359480803926,-0.16250914758675306,59.75773687381086,33.43143762948573,1802,Sell,0.14826875045613752
REFEX.NS,0,0.4255106582552934,2025-09-01,211,0.3410620792819746,25.0,,-17.29660896848133,-27.868292086781903,51.309915315291,37.95239420677457,1803,Sell,0.14897868348941323
ZODIAC.NS,0,0.4252033425683402,2025-09-01,211,2.267326732673267,20.0,,-13.158432092897565,-28.797733648771533,49.91902874369679,46.11990469730798,1804,Sell,0.14959331486331962
HCL-INSYS.NS,0,0.4242437570671297,2025-09-01,211,-1.7227722772277227,-20.0,,-27.482677118761163,-30.786184320935167,38.14159478163827,5.714267549052934,1805,Sell,0.15151248586574062
VIDHIING.NS,0,0.42374117957963303,2025-09-01,211,0.3311897106109325,19.0,,-9.533201458342907,-17.83848270561303,46.296234822459326,39.22629041516861,1806,Sell,0.15251764084073394
HEXATRADEX.NS,0,0.4234192558990638,2025-09-01,211,0.16034056817918887,0.12,,-1.9948258247943131,-3.4094418423481203,23.805278976847816,40.89414221314595,1807,Sell,0.15316148820187236
ROML.NS,0,0.42280798228568445,2025-09-01,211,42.0,14.0,,-14.339626443984322,-29.28349053114311,42.080484467038126,15.692549397131117,1808,Sell,0.1543840354286311
CREATIVE.NS,0,0.4225328891270768,2025-09-01,211,1.5503597122302157,14.0,,,,,,1809,Sell,0.15493422174584637
ANTGRAPHIC.NS,0,0.42238424640565947,2025-09-01,211,3.669783752191701,-1.59,,-20.930233041681802,-30.61224551858229,43.4625346873605,29.16668011909998,1810,Sell,0.15523150718868106
ONESOURCE.NS,0,0.42236336809055747,2025-09-01,211,0.32843301035750083,6.0,,13.961942541974414,-15.376217758292649,53.56276285739449,44.85148972570144,1811,Sell,0.15527326381888507
STEELCAS.NS,0,0.4217923008039057,2025-09-01,211,0.14166666666666666,33.0,,-3.3089318553756026,10.259518115991954,41.53546606787167,46.15623777359596,1812,Sell,0.15641539839218865
GODFRYPHLP.NS,0,0.4214457465771704,2025-09-01,211,0.44497907949790794,29.0,,-10.504438358746087,-33.69080254990176,84.15195382445962,42.229773485915246,1813,Sell,0.15710850684565925
ADL.NS,0,0.42140402537313226,2025-09-01,211,0.4841379310344826,3.21,,-25.461252994342487,-34.30072697801162,65.28500476897281,31.435772012797116,1814,Sell,0.15719194925373547
JISLDVREQS.NS,0,0.42123085191742304,2015-06-01,3956,,,,-13.58303361736417,-32.26034910349218,63.56246241606136,43.88551605944708,1815,Sell,0.1575382961651539
ASTEC.NS,0,0.4209613678511174,2025-09-01,211,1.1380145278450364,-13.0,,-12.897775828446619,-24.00900238495251,72.99878447773295,36.93015741917689,1816,Sell,0.15807726429776525
ANANDRATHI.NS,0,0.420378503193033,2025-09-01,211,0.3441247002398082,54.0,,-0.6708334911191738,-0.8849011479591837,18.34975959845881,36.73092271339345,1817,Sell,0.15924299361393401
MCL.NS,0,0.4203322897150637,2025-09-01,211,1.148936170212766,8.0,,-10.288339613043215,-7.265031280194976,46.83241555377597,31.395843971298333,1818,Sell,0.1593354205698726
NGLFINE.NS,0,0.42014367423278715,2025-09-01,211,0.6122448979591837,8.0,,-8.267554173634336,55.48753572609599,56.45756683423241,40.697568521236335,1819,Sell,0.1597126515344257
BIGBLOC.NS,0,0.419970544954912,2025-09-01,211,2.0949548810500405,-1.34,,-25.63106944260088,-45.10534458959771,54.06263847444039,20.71006706396419,1820,Sell,0.16005891009017603
FACT.NS,0,0.41981089394645443,2025-09-01,211,3.856,9.0,,-1.01083027250246,-15.697968397849344,80.50387242816956,59.40166703274131,1821,Sell,0.16037821210709113
DEVIT.NS,0,0.4194529492689346,2025-09-01,211,0.5503875968992248,26.0,,1.6185429659053514,-40.19052664527725,79.31443479513834,38.76542994751143,1822,Sell,0.16109410146213077
BAGFILMS.NS,0,0.4192754645744153,2025-09-01,211,0.20919134225161587,1.75,,-30.592732290582557,-42.01277984474914,52.77636754913038,12.99437143870854,1823,Sell,0.16144907085116944
RAIN.NS,0,0.4190556550328648,2025-09-01,211,0.20216216216216215,5.0,,-30.22997152785831,-23.11191489980539,57.15579792260827,38.27679950011316,1824,Sell,0.1618886899342704
VIPCLOTHNG.NS,0,0.4189744516854689,2025-09-01,211,0.7142857142857143,6.0,,-26.818403602916614,-54.011193930266245,42.95323010437507,24.2380260243728,1825,Sell,0.16205109662906225
SEMAC.NS,0,0.41867253915194486,2025-09-01,211,2.15625,-2.0,,-10.14550988842334,-28.290321596207157,79.01967670212908,52.02399981728656,1826,Sell,0.1626549216961103
SECURKLOUD.NS,0,0.4182578083262373,2025-09-01,211,-1.471698113207547,5.0,,-18.484288876243742,-27.615926211829645,62.9745447886896,38.5782030792372,1827,Sell,0.16348438334752535
JINDALPOLY.NS,0,0.41744718717370255,2025-06-01,303,0.2271396029938171,6.0,,16.11158839584913,53.623634128758425,85.84850893899169,42.66951704547573,1828,Sell,0.1651056256525949
ALLCARGO.NS,0,0.41680820556969533,2025-09-01,211,0.216289592760181,5.0,,-16.121501444270606,-32.8344236653265,46.392578347039716,45.56212625409615,1829,Sell,0.16638358886060933
GOCLCORP.NS,0,0.41666389390814185,2025-09-01,211,0.2228454869964304,9.0,,-0.27603004344783644,-12.808134962929637,71.11129854755566,53.31537887659774,1830,Sell,0.1666722121837163
CURAA.NS,0,0.4163209069577009,2025-09-01,211,1.4828025477707,-10.69,,31.866439153014813,0.44032878248080376,42.38821452923926,67.19451924680364,1831,Sell,0.16735818608459818
KALYANI.NS,0,0.41526690545271844,2025-09-01,211,6.380952380952381,15.0,,0.0,0.0,0.0,100.0,1832,Sell,0.16946618909456312
MOIL.NS,0,0.4147690665637848,2025-09-01,211,0.22279792746113988,19.0,,-7.916126664614303,-21.532427740831697,68.7173424005325,51.0170876182743,1833,Sell,0.17046186687243037
ORCHASP.NS,0,0.4138767074880627,2025-09-01,211,0.9171021167301392,-8.26,,-21.292781628534804,-28.620694304476302,85.35089040740603,38.73873525563205,1834,Sell,0.17224658502387458
ABAN.NS,0,0.4134639929035984,2025-09-01,211,-1.567,,,11.542333621806995,4.190204327867486,45.598063419124266,39.43893729826875,1835,Sell,0.17307201419280316
MCLOUD.NS,0,0.41333679538774115,2025-09-01,211,1.558139534883721,10.0,,-20.298022648670454,-24.609520321800595,39.74430843274294,30.853655132630564,1836,Sell,0.1733264092245177
RCF.NS,0,0.41329344865895634,2025-09-01,211,1.7004870129870129,7.0,,-17.149515985285195,-24.24733335464446,63.76981929376365,47.31235779282206,1837,Sell,0.17341310268208732
SUBEXLTD.NS,0,0.4132496638836073,2025-09-01,211,0.893491124260355,-23.0,,-28.860494312028617,-41.35206648826231,44.44743011131609,20.77153615180221,1838,Sell,0.17350067223278542
ASTRON.NS,0,0.4128553782020015,2025-09-01,211,1.3444444444444446,-19.0,,-17.35941348798557,-45.571657106631996,38.81820269814193,32.72727824439576,1839,Sell,0.17428924359599696
LAXMICOT.NS,0,0.4126324842380432,2025-09-01,211,0.8125,0.0,,-30.07651398185358,-38.02816866374459,68.03249921330291,34.08663421061186,1840,Sell,0.17473503152391356
CHEMPLASTS.NS,0,0.41253244788351373,2025-09-01,211,0.5665537270087125,-1.0,,4.451470505113278,1.3075168028061195,62.896226687831614,61.756328806413045,1841,Sell,0.17493510423297254
REDINGTON.NS,0,0.4124528115437205,2025-09-01,211,2.2460864120225423,33.0,,-17.563391287373104,-26.204101147830315,71.46188988069179,34.332680924045306,1842,Sell,0.17509437691255902
ENTERO.NS,0,0.4124261956338122,2025-09-01,211,0.0933572710951526,5.0,,17.61711943755377,31.002629798228348,40.429405782124114,84.85624173197884,1843,Sell,0.17514760873237556
SAKAR.NS,0,0.4124199844602362,2025-09-01,211,0.48184818481848185,9.0,,-4.25469927346354,17.64219916129602,64.77548254426146,44.51286087871866,1844,Sell,0.1751600310795276
BCLIND.NS,0,0.4120422861835198,2025-09-01,211,0.7360594795539034,10.0,,-6.326384788599677,-18.765592336359248,40.37844892216824,42.3847698071782,1845,Sell,0.17591542763296042
NAVKARURB.NS,0,0.411711131977763,2025-09-01,211,0.35843678743349383,0.96,,-45.925925468057606,-44.69697044955356,51.772000909009904,15.384605979539998,1846,Sell,0.17657773604447402
NATIONALUM.NS,0,0.41125479784584024,2025-09-01,211,0.25724096745297104,44.0,,7.30962179067112,27.402634609216754,50.16258029538807,49.38499375759655,1847,Sell,0.17749040430831953
DHAMPURSUG.NS,0,0.4111904492557653,2025-09-01,211,0.6255585344057194,6.0,,24.38147051856253,16.109751059914117,51.49599760428837,64.91717977150195,1848,Sell,0.17761910148846938
UYFINCORP.NS,0,0.4111112377801446,2025-09-01,211,0.0436046511627907,5.0,,-18.45070366726061,-18.90756204309366,43.0121788499664,32.21756712782893,1849,Sell,0.17777752443971084
ARENTERP.NS,0,0.41083761634174454,2025-09-01,211,0.0136443661971832,0.87,,-22.464668886562468,-35.25879720144959,70.81400028244158,25.763463753912404,1850,Sell,0.17832476731651092
NOVAAGRI.NS,0,0.41064434242975373,2025-09-01,211,0.480225988700565,13.0,,-37.875209735982416,-52.757119047607404,69.87986407456253,16.884067505752455,1851,Sell,0.17871131514049254
MASKINVEST.NS,0,0.41057172230364597,2025-09-01,211,0.010190518387239717,0.04,,-21.612198121006664,-24.877747868893614,69.86674356611825,43.408836373483176,1852,Sell,0.17885655539270806
PRAKASH.NS,0,0.4104627335885094,2025-09-01,211,0.3318751822688831,11.0,,-18.734008998458616,-18.79929755185141,47.702521932289734,42.344906246449284,1853,Sell,0.17907453282298125
ENGINERSIN.NS,0,0.41028655340028897,2025-09-01,211,1.0085438335809807,24.0,,-16.527112440154582,-10.65332193451458,68.51517147402441,41.216862099916405,1854,Sell,0.17942689319942207
CENTUM.NS,0,0.41025762953747974,2025-09-01,211,1.2322357019064125,17.0,,2.9727332637157216,15.26144639529139,67.98898865343564,49.4901391809536,1855,Sell,0.17948474092504052
NITIRAJ.NS,0,0.40964050384263606,2025-09-01,211,0.11852116024726579,7.96,,-5.5161044270939845,4.711274263128061,43.035637136478236,31.909552715654954,1856,Sell,0.18071899231472788
IFGLEXPOR.NS,0,0.4090987258538542,2025-09-01,211,0.6017191977077364,11.0,,-28.41345899380448,-39.48339483394834,50.42760720417776,17.057953926880174,1857,Sell,0.1818025482922916
NDLVENTURE.NS,0,0.4090517110372031,2025-09-01,211,0.10305602716468579,1.69,,5.671964152871236,31.47544983550806,76.2673666919857,58.55051865442659,1858,Sell,0.18189657792559377
BRNL.NS,0,0.40865959489995496,2025-09-01,211,0.9590361445783132,-36.0,,-12.770337448472368,-23.313714725922896,55.56303820809484,45.16854640525845,1859,Sell,0.18268081020009008
AARTECH.NS,0,0.40831673363701354,2025-09-01,211,0.3427902895583504,4.57,,-20.47531862007331,-31.5230235221651,66.61999439715707,40.3724256088854,1860,Sell,0.18336653272597292
BAJEL.NS,0,0.4082041711473111,2025-09-01,211,2.643809523809524,13.0,,-15.123967168270397,-22.673501031592792,73.34596788483402,44.56864161024171,1861,Sell,0.18359165770537778
ADANIPOWER.NS,0,0.4072926361988744,2025-09-01,211,1.270456538991688,24.0,,7.037142352435484,5.7950559764358545,39.83558598069373,63.98912348651844,1862,Sell,0.1854147276022512
DHRUV.NS,0,0.4071818469917284,2025-09-01,211,0.4152046783625731,11.32,,-1.7581688687178205,-43.441439274802484,65.89383118957593,30.55886424582424,1863,Sell,0.18563630601654324
ONWARDTEC.NS,0,0.4065990277807056,2025-09-01,211,0.47783251231527096,16.0,,-21.395178941901314,-23.1064751983531,62.51645489653722,39.21420286108944,1864,Sell,0.18680194443858877
CASTROLIND.NS,0,0.4058327206870053,2025-09-01,211,0.7987905442550852,55.0,,-4.446337288307064,-7.730560875779388,14.462274533758364,33.579089517928935,1865,Sell,0.18833455862598936
MGEL.NS,0,0.4049859238816295,2025-09-01,211,1.995433789954338,18.0,,0.9082599974256858,-24.6268668304433,76.61195991849756,59.62373337970592,1866,Sell,0.19002815223674097
BAYERCROP.NS,0,0.4044317705181455,2025-09-01,211,0.661651728553137,25.0,,-1.7407264617997034,2.085391220487404,32.37316919829915,58.408145816330496,1867,Sell,0.191136458963709
UEL.NS,0,0.4044007857964555,2025-09-01,211,0.3217894856364256,9.98,,-31.42871898679227,-7.315532985844713,64.48366518305392,20.97869187091412,1868,Sell,0.191198428407089
XPROINDIA.NS,0,0.4043276803413807,2025-09-01,211,0.33620689655172414,9.0,,16.60045240593163,2.5731967422028528,59.33965547469576,62.908544751729295,1869,Sell,0.19134463931723855
BANG.NS,0,0.40361284322934027,2025-09-01,211,1.2222222222222223,-2.0,,-35.58123132959336,-44.61788226080001,62.495159842298655,33.409085441225145,1870,Sell,0.19277431354131946
JWL.NS,0,0.40358813141041966,2025-09-01,211,0.4162491052254832,21.0,,-14.198195998733107,-31.4918675107683,63.80397324688273,21.46990237902989,1871,Sell,0.19282373717916068
GENESYS.NS,0,0.4034647119755593,2025-09-01,211,0.3119143239625167,15.0,,-31.15352899701763,-52.804644866234476,68.14302439787564,23.239138588396827,1872,Sell,0.19307057604888145
OILCOUNTUB.NS,0,0.40305374070136685,2025-09-01,211,0.5753424657534246,-8.0,,-22.17309374989708,-40.72173217484003,86.8158364817994,35.526756503683984,1873,Sell,0.1938925185972663
JPOLYINVST.NS,0,0.402688229717146,2025-09-01,211,0.05593451568894952,4.0,,-19.63776387419996,-2.4819961896391725,87.88361064011575,27.071290207697913,1874,Sell,0.19462354056570796
TTKPRESTIG.NS,0,0.4022871668333711,2025-09-01,211,0.34553058024046,13.0,,-19.2655344242879,-31.402511587596706,62.2580812762612,46.05802464403797,1875,Sell,0.19542566633325775
REPRO.NS,0,0.4015596677505411,2025-09-01,211,0.5243553008595988,1.0,,-23.685179516461197,-33.86805396018832,69.04694755099197,29.094241326921704,1876,Sell,0.19688066449891783
A2ZINFRA.NS,0,0.40136545153427156,2025-09-01,211,42.285714285714285,1.0,,-10.39406410455974,-11.003968648509819,69.23252400871137,47.204153604286745,1877,Sell,0.1972690969314569
ASIANHOTNR.NS,0,0.4008948266852528,2025-09-01,211,6.9837837837837835,7.0,,5.191402460140446,-5.258190140458688,74.01238828046,54.18502202643172,1878,Sell,0.19821034662949444
DENTA.NS,0,0.399686200031699,2025-09-01,211,0.059496567505720827,25.0,,-10.848871654642226,-33.12006898852728,64.64912531629076,50.11990524674037,1879,Sell,0.20062759993660195
XELPMOC.NS,0,0.3973301583299277,2025-09-01,211,0.11696977626586415,-11.3,,-35.34370511540679,-35.70339737714419,72.16975628570033,28.720725605267447,1880,Sell,0.20533968334014463
UNIINFO.NS,0,0.3964851042235169,2025-09-01,211,0.3004538577912254,-0.97,,-30.59233607402267,-37.240074921424025,78.71535647952523,33.57817312621755,1881,Sell,0.2070297915529662
MAGADSUGAR.NS,0,0.3962883406997056,2025-09-01,211,0.5198511166253101,13.0,,11.634089761276805,-5.16750519299497,41.311217912773095,60.68533433724237,1882,Sell,0.20742331860058882
ASMS.NS,0,0.39593879502825813,2025-09-01,211,0.16975412596833936,-6.31,,-34.518238776684704,-44.17862821934479,50.98092703102327,28.320801316118747,1883,Sell,0.20812240994348374
IL&FSENGG.NS,0,0.39562964120587724,2025-09-01,211,-1.5140801001251565,,,-8.058756028610986,-14.031182671532694,53.47757542482313,47.671563127601566,1884,Sell,0.20874071758824553
KECL.NS,0,0.3951655611874646,2025-09-01,211,2.962025316455696,13.0,,-8.241756502544572,-17.750524084739116,39.41656319440148,52.73437952726234,1885,Sell,0.2096688776250708
RKEC.NS,0,0.3951010526147442,2025-09-01,211,1.7655502392344498,14.0,,-40.325911907021194,-52.00295204199335,62.989858236252914,20.16422171541342,1886,Sell,0.20979789477051158
DIGISPICE.NS,0,0.3949536598759722,2025-09-01,211,0.0963855421686747,-4.0,,-22.7135657825866,-38.7982466053861,38.60732502064376,23.809546786360315,1887,Sell,0.2100926802480556
CALSOFT.NS,0,0.3941527601353403,2025-09-01,211,0.11760513186029925,3.88,,-8.575687036657222,-19.022457391892296,64.99609446064662,50.9118531121447,1888,Sell,0.21169447972931943
VIJIFIN.NS,0,0.39389159397028245,2025-09-01,211,0.6431297709923662,2.32,,37.61905886418746,15.139446847997137,63.147745454087534,67.24137860160965,1889,Sell,0.2122168120594351
RACE.NS,0,0.39372142985098774,2025-09-01,211,1.2285714285714286,9.0,,-23.30659055948759,-39.4099419355927,62.8596736596943,24.50800876978886,1890,Sell,0.21255714029802453
TEXINFRA.NS,0,0.3928473980682253,2025-09-01,211,0.20761986896829923,0.08,,1.8043423096488689,-4.528557658605631,37.81472627788656,63.5789545258274,1891,Sell,0.21430520386354945
SASKEN.NS,0,0.3916481482956425,2025-09-01,211,0.16290726817042606,7.0,,-3.831479898343871,-26.256314383792013,65.44802331171682,51.07892265599558,1892,Sell,0.21670370340871503
THOMASCOTT.NS,0,0.3907170582779078,2025-09-01,211,0.4094488188976378,20.0,,-25.238095238095237,-29.533216218402845,62.19088990411794,43.809219395612985,1893,Sell,0.21856588344418437
NFL.NS,0,0.3902949251651153,2025-09-01,211,4.051398337112623,6.0,,-17.598985787500617,-26.464556400783046,56.679756628348755,42.475375610995606,1894,Sell,0.21941014966976935
MFML.NS,0,0.3900836892259792,2025-09-01,211,0.7263392304837313,-6.18,,-10.025270361047282,-16.23529172411152,65.04679525685458,48.717948717948715,1895,Sell,0.21983262154804162
OSWALGREEN.NS,0,0.38975181954403526,2025-09-01,211,0.017508953442101075,0.0,,-25.70684547303773,-39.09728955238327,62.42937488336413,35.80419024509831,1896,Sell,0.22049636091192948
SHAILY.NS,0,0.3891028306156491,2025-09-01,211,0.7216312056737588,17.0,,7.360283406837496,-10.743807700868203,76.5113538333837,59.672097460118415,1897,Sell,0.2217943387687018
JISLJALEQS.NS,0,0.38898820789234606,2025-09-01,211,0.6709451575262544,4.0,,-19.94228412832795,-32.832929095490925,67.75372260294806,38.05351044928701,1898,Sell,0.22202358421530788
AJOONI.NS,0,0.388025319842365,2025-09-01,211,0.16853932584269662,7.0,,-16.702824230898404,-13.122175387176663,58.25308225739588,28.358201519580476,1899,Sell,0.22394936031527002
GOENKA.NS,0,0.38739576658949204,2025-09-01,211,1.9979666531110212,-0.3,,0.0,0.0,0.0,100.0,1900,Sell,0.22520846682101592
GUJALKALI.NS,0,0.38635541070864127,2025-09-01,211,0.4438466711499664,1.0,,19.117955653411865,11.996453191901855,74.17329630710448,71.9873236335618,1901,Sell,0.22728917858271747
TRIVENI.NS,0,0.38635402873507796,2025-09-01,211,0.38780804150453957,9.0,,-1.4801381762375447,-4.791757560051282,49.20472283920226,51.453934032675406,1902,Sell,0.22729194252984408
KIOCL.NS,0,0.3861467033744568,2025-09-01,211,0.3309222423146474,-9.0,,-6.5053894428181005,-19.497015417249685,64.59078135627212,53.06992219840345,1903,Sell,0.22770659325108644
SADBHIN.NS,0,0.38612249841350077,2025-09-01,211,1.2901554404145077,-2.0,,-34.45121603289362,-43.121690168242154,44.07606716477563,5.825238673262746,1904,Sell,0.22775500317299846
MMTC.NS,0,0.38608784806684965,2025-09-01,211,1.1372549019607843,8.0,,-16.264870697583167,-18.89788261729571,67.66165006897337,45.55712139898792,1905,Sell,0.2278243038663007
EMSLIMITED.NS,0,0.38572509132422844,2025-09-01,211,0.1267056530214425,28.0,,-10.133144876862124,-39.365298447039414,85.52595920633378,50.570343844077556,1906,Sell,0.22854981735154312
RAJESHEXPO.NS,0,0.38524337962666516,2025-09-01,211,0.48125613346418056,3.0,,-47.1983186564086,-62.223894297136916,43.39205224493144,18.95137623686766,1907,Sell,0.22951324074666968
MARALOVER.NS,0,0.3849732437899345,2025-09-01,211,5.035398230088496,2.0,,-21.589902641593394,-20.85382539345139,52.744269720657,33.60938336686442,1908,Sell,0.23005351242013095
ELGIRUBCO.NS,0,0.384300475482573,2025-09-01,211,0.6369426751592356,2.0,,-15.336036454548433,-27.19965411642559,77.34482269022183,20.521159767489834,1909,Sell,0.23139904903485398
VIVIDHA.NS,0,0.38341512460948224,2025-09-01,211,26.217391304347775,-14.42,,-24.561401307307644,-35.82089605350539,70.18551854517301,37.14285957570004,1910,Sell,0.23316975078103552
KMSUGAR.NS,0,0.38320198322508914,2025-09-01,211,0.2983425414364641,25.0,,4.4869129098422365,-8.512186875484685,38.285021246687634,41.90281704769262,1911,Sell,0.23359603354982172
UGROCAP.NS,0,0.38204574448287415,2025-09-01,211,3.3763702801461632,,,-29.094714412062878,-52.61685383835732,73.52448389761612,35.43187696905606,1912,Sell,0.2359085110342517
ATGL.NS,0,0.381608954301236,2025-09-01,211,0.9350736278447122,17.0,,-1.0094170553414616,-10.503681444037412,80.16204003391016,55.980659382785376,1913,Sell,0.23678209139752804
INDOTECH.NS,0,0.38126928588693154,2025-09-01,211,0.5692307692307692,38.0,,-28.853829722211046,-29.745020746598104,63.047586871374065,30.83880420022301,1914,Sell,0.23746142822613692
PAVNAIND.NS,0,0.38023853167967425,2025-09-01,211,0.5309278350515464,10.0,,-38.287702442342905,-40.059098821670794,70.50764638832773,20.314389582234213,1915,Sell,0.2395229366406515
JSWINFRA.NS,0,0.3802311591136763,2025-09-01,211,0.8285108024691358,9.0,,-5.140832278111606,-16.750215020999892,38.33057598345776,35.192567655880225,1916,Sell,0.23953768177264745
XTGLOBAL.NS,0,0.3791343137968488,2025-09-01,211,0.26239690459220033,3.95,,-6.707103182523053,-27.05718066513426,98.6068171748428,26.790444486858078,1917,Sell,0.24173137240630238
AWFIS.NS,0,0.3787542522628078,2025-09-01,211,4.442424242424242,13.0,,-22.678510447488176,-52.957373110546094,63.07628297308844,40.61871854598493,1918,Sell,0.24249149547438442
LPDC.NS,0,0.3786641096982616,2025-09-01,211,0.08642284569138266,-8.51,,-7.5250803984923325,-21.44886023049387,39.02304516485823,37.39836673457401,1919,Sell,0.24267178060347683
ARROWGREEN.NS,0,0.3786417136858696,2025-09-01,211,0.0945273631840796,53.0,,10.882953609006691,-10.85648121257611,82.37691321942063,65.26658329137362,1920,Sell,0.24271657262826085
SCPL.NS,0,0.37808919481653724,2025-09-01,211,0.9420289855072463,16.0,,-3.9506135163483793,-1.6186124806009043,44.208918133785694,35.94406278908106,1921,Sell,0.2438216103669255
PRECOT.NS,0,0.37741150335572493,2025-09-01,211,1.082004555808656,13.0,,15.286076708291969,23.047511519590092,49.33557705747303,72.57550423320019,1922,Sell,0.24517699328855014
RENUKA.NS,0,0.3773952622710189,2025-09-01,211,-8.131749460043197,10.0,,18.739206309074483,6.341838170691914,44.547215423400424,67.2611440206431,1923,Sell,0.24520947545796223
AIAENG.NS,0,0.376985035618481,2025-09-01,211,0.19621415454160193,19.0,,-7.042253345333695,-7.744991304979022,38.71523381764851,51.53265227431973,1924,Sell,0.24602992876303797
RATNAMANI.NS,0,0.3767953894467812,2025-09-01,211,0.17058064516129032,22.0,,-8.695830444614348,-4.762310574260085,62.91807867202922,42.29391703238064,1925,Sell,0.2464092211064376
TAINWALCHM.NS,0,0.3766198129756422,2025-09-01,211,0.09539588419951184,4.24,,-12.783618770734254,-15.477261507269391,50.18469090314692,30.880594404276735,1926,Sell,0.24676037404871565
CUPID.NS,0,0.37637799429871693,2025-09-01,211,0.16010498687664043,17.0,,0.6662573010668953,-13.347239674760269,66.32767766756163,35.243057119257486,1927,Sell,0.24724401140256613
GOCOLORS.NS,0,0.3758905058938191,2025-09-01,211,0.8461538461538461,15.0,,-25.00752148582682,-47.28715030179964,62.539592970245664,37.42216569693559,1928,Sell,0.24821898821236177
TRU.NS,0,0.3756726698128,2025-09-01,211,3.165137614678899,,,-26.2738859911246,-40.86845262382237,61.61848590348949,15.231800418132366,1929,Sell,0.24865466037439998
NDGL.NS,0,0.3755447972520735,2025-09-01,211,0.05642633228840126,11.0,,-13.556910368937544,-24.366780317365915,71.50681311961246,42.568352891931134,1930,Sell,0.24891040549585297
SECMARK.NS,0,0.37424141151507745,2025-09-01,211,0.635880077369439,22.26,,-9.66896342448034,-2.7608757228391845,105.09476514166802,50.26455107469219,1931,Sell,0.2515171769698451
HAVISHA.NS,0,0.3741417173632601,2025-09-01,211,2.3613861386138613,-0.2,,-26.49006481353851,-41.57894588243266,79.22000011417876,32.183918755751506,1932,Sell,0.25171656527347985
ESTER.NS,0,0.3737419120461129,2025-09-01,211,0.47539267015706804,7.0,,-34.56481651023582,-34.00261770592346,66.02451383248817,22.507105012905853,1933,Sell,0.2525161759077742
KSHITIJPOL.NS,0,0.3732367847185164,2025-09-01,211,0.26932709968275165,-15.5,,-20.714283342264096,-20.430105413486185,53.94840536850831,43.548397020538594,1934,Sell,0.2535264305629672
UMAEXPORTS.NS,0,0.373063368947467,2025-09-01,211,1.30635838150289,4.0,,-33.53658090233601,-53.48895427792348,77.99140314630142,36.85698282038523,1935,Sell,0.253873262105066
DBEIL.NS,0,0.37276199085119677,2025-09-01,211,1.0350467289719627,25.0,,-32.86197088323007,-55.50302590887212,64.34082495729967,29.572368730289426,1936,Sell,0.25447601829760647
SUNCLAY.NS,0,0.37229149722429555,2025-09-01,211,1.1666666666666667,9.0,,-11.897724342997023,-1.803807335017309,53.50328066618467,42.20963299579741,1937,Sell,0.2554170055514089
VALIANTORG.NS,0,0.3721969817865994,2025-09-01,211,0.5718518518518518,3.0,,-14.641147733222503,-27.857906847192137,86.2634406638297,47.59332891681257,1938,Sell,0.25560603642680124
JYOTISTRUC.NS,0,0.37176173431121357,2025-09-01,211,4.473684210526316,2.0,,-25.910597137492836,-5.391122905129871,65.06248893163308,28.479664078064843,1939,Sell,0.25647653137757287
GODREJPROP.NS,0,0.37119623204161706,2025-09-01,211,1.9210871923713813,6.0,,-18.161085278244666,-26.530507002645916,38.61494118707902,33.719421715738406,1940,Sell,0.2576075359167659
SEPC.NS,0,0.3711159291355581,2025-09-01,211,0.40848094471282875,6.0,,-37.45173557986436,-50.55950995692263,85.66215718078756,34.62321847642254,1941,Sell,0.25776814172888385
CENTEXT.NS,0,0.37108744274846694,2025-09-01,211,1.0568181818181819,18.0,,-17.60597961905157,-22.18558260023643,73.86680807572212,21.705424293475062,1942,Sell,0.2578251145030661
UMESLTD.NS,0,0.37061208058279344,2025-09-01,211,0.17036506800286333,2.0,,42.391311446299994,28.180039522427535,100.72453161648352,78.45432672067246,1943,Sell,0.25877583883441313
LINCOLN.NS,0,0.3694745970380685,2025-09-01,211,0.19273743016759776,17.0,,-7.725600292849122,17.416610074524034,35.44194146147385,32.134235861958885,1944,Sell,0.261050805923863
UNITECH.NS,0,0.36935958182606915,2025-09-01,211,-4.568215573944409,-19.0,,-36.03238766744682,-45.98290363512126,50.06959631089305,9.62566108575841,1945,Sell,0.2612808363478617
ORIENTTECH.NS,0,0.36847726325615243,2025-09-01,211,0.6750700280112045,27.0,,-25.020920502092046,-26.81912748241847,62.24260388290095,33.931019851730795,1946,Sell,0.26304547348769514
RSYSTEMS.NS,0,0.36747848973556924,2025-09-01,211,0.5315315315315315,33.0,,-19.383393769756122,-41.327369900418034,74.54598877752156,29.415294985412544,1947,Sell,0.26504302052886153
NEXTMEDIA.NS,0,0.36740555409235615,2025-09-01,211,-1.1755336094297546,-9.35,,-38.31283031343453,-42.17463111697805,76.823358109916,22.304830670948036,1948,Sell,0.2651888918152877
BLS.NS,0,0.3665030508615953,2025-09-01,211,1.88,19.0,,-18.797386635404553,-25.87677318401776,70.84089732666483,45.83500965018153,1949,Sell,0.2669938982768094
SANWARIA.NS,0,0.3661170380488808,2025-09-01,211,-1.6013107222484968,-1.13,,-4.166662786155852,-11.538456688971031,54.42919883302474,75.00000465661297,1950,Sell,0.2677659239022384
RAJSREESUG.NS,0,0.36553545164549434,2025-09-01,211,1.6790123456790123,4.0,,10.335419613733626,-19.56212002164084,55.25775897672638,48.82914772621062,1951,Sell,0.26892909670901133
SGL.NS,0,0.3650878258825384,2025-09-01,211,1.3461538461538463,1.0,,-29.8274452891075,-32.329635187831904,65.55101185694082,23.529420564466577,1952,Sell,0.2698243482349232
PREMIERENE.NS,0,0.36446459990434416,2025-09-01,211,0.1769436997319035,12.0,,22.2443096475542,1.6704702866661914,39.317201676725794,84.55284552845528,1953,Sell,0.2710708001913117
SPIC.NS,0,0.36442992666114193,2025-09-01,211,0.8261253309796999,16.0,,-20.132585882090616,-30.8718979235142,49.03985914869094,42.88354455192818,1954,Sell,0.27114014667771613
HPL.NS,0,0.3634759889701879,2025-09-01,211,1.3639274279615796,14.0,,-25.897104177042234,-36.11628815872507,62.95663044970043,35.45482546897294,1955,Sell,0.2730480220596242
KHANDSE.NS,0,0.3634132831200293,2025-09-01,211,0.4889867841409692,-14.22,,-27.829098035518975,-42.5551476630553,69.40364300545042,20.19977412420205,1956,Sell,0.2731734337599414
BODALCHEM.NS,0,0.3632110942416475,2025-09-01,211,1.016295025728988,5.0,,9.824113976807263,-4.602193944987046,60.20484611948047,64.10861840593141,1957,Sell,0.273577811516705
PCBL.NS,0,0.36244263181946873,2025-09-01,211,1.2226502311248073,13.0,,-21.060359886381015,-20.47658276146518,68.33732763875852,40.12435411062522,1958,Sell,0.27511473636106254
UNIECOM.NS,0,0.36223163159061383,2025-09-01,211,0.18719211822660098,32.0,,-26.190029604671462,-31.228799634606467,74.05472682233912,26.156031831781917,1959,Sell,0.27553673681877233
MITTAL.NS,0,0.3615751715530917,2025-09-01,211,0.1330251669234722,4.27,,-19.999998807907104,-34.426230068842386,94.68064140374919,44.285716353630214,1960,Sell,0.2768496568938166
APOLLOPIPE.NS,0,0.361191104590973,2025-09-01,211,0.24821852731591448,7.0,,21.848371663400876,37.94078026521866,59.76554912835495,55.741699602648815,1961,Sell,0.27761779081805404
GTPL.NS,0,0.3603259667088127,2025-09-01,211,1.8558659217877096,8.0,,-4.874747763804903,-43.37531409275622,78.41961723264893,39.404292318429746,1962,Sell,0.27934806658237465
JINDALSAW.NS,0,0.3601829806034679,2025-09-01,211,0.5800685602350637,21.0,,-2.704431972322255,10.233566397595629,75.674425989061,60.48172799642187,1963,Sell,0.27963403879306425
LIKHITHA.NS,0,0.3590311404395529,2025-09-01,211,0.13032581453634084,28.0,,4.083129301981798,-20.13347107107157,76.95739331379752,57.32051859528049,1964,Sell,0.28193771912089416
RANASUG.NS,0,0.3589700614685618,2025-09-01,211,1.0071556350626119,8.0,,9.05730613263724,-5.068383740735626,46.09428323660937,48.48485811791626,1965,Sell,0.2820598770628764
AKI.NS,0,0.3582713076998297,2025-09-01,211,0.5394706292082657,4.54,,-24.760075861954085,-44.47591914921984,89.33256043534544,36.39456295361364,1966,Sell,0.28345738460034064
RKDL.NS,0,0.3571307635750755,2025-09-01,211,2.1117464855849417,0.33,,-5.991734560131528,-21.21211921044355,81.73720098952064,47.07483946474842,1967,Sell,0.285738472849849
ELECTCAST.NS,0,0.3566505538149623,2025-09-01,211,0.6115586690017513,14.0,,6.894049194201971,-3.219444148971099,85.11273523460902,60.92634916619993,1968,Sell,0.2866988923700754
USK.NS,0,0.35593764702182457,2025-09-01,211,1.0186335403726707,-1.0,,-32.95264098906885,-17.486570302590327,64.15654087897414,13.737054607938347,1969,Sell,0.28812470595635087
MIRCELECTR.NS,0,0.355444561711997,2025-09-01,211,2.082802547770701,5.0,,-7.814713359837025,-4.610319181848629,63.85513123951267,58.2831254137315,1970,Sell,0.289110876576006
ALPSINDUS.NS,0,0.35451715806752016,2025-09-01,211,-1.009698275862069,,,0.0,-7.2972993592958195,0.0,100.0,1971,Sell,0.2909656838649597
MOREPENLAB.NS,0,0.3531647789214855,2025-09-01,211,0.4333612740989103,13.0,,-23.766409976167207,-18.4306138087049,65.14285178003998,30.497475616326696,1972,Sell,0.293670442157029
KAPSTON.NS,0,0.35208734737593994,2025-09-01,211,2.156862745098039,13.0,,-28.79594578035884,-5.005078694479321,107.14193387561173,38.69935236355095,1973,Sell,0.2958253052481201
YATRA.NS,0,0.35180170368668384,2025-09-01,211,0.5465425531914894,3.0,,-20.86507488142908,-49.3669483174129,84.07440014419858,27.112155640254414,1974,Sell,0.2963965926266323
S&SPOWER.NS,0,0.3506750275406153,2025-09-01,211,0.22862989489349825,-2.4,,3.7871544693720645,19.0825456255768,53.23079075252686,39.4748953251464,1975,Sell,0.2986499449187694
AKG.NS,0,0.3504275182404289,2025-09-01,211,0.0,2.96,,-33.21273700394443,-26.277961623293784,68.19107751488794,25.242708558377828,1976,Sell,0.2991449635191422
COMPUSOFT.NS,0,0.34810943348019063,2025-09-01,211,0.4663625997719498,3.86,,-14.954579179390931,-25.79268073553413,73.42141792999354,48.86878101419752,1977,Sell,0.30378113303961873
RITCO.NS,0,0.34796748659087434,2025-09-01,211,1.0888888888888888,16.0,,-21.101688860369748,-35.109899869082085,65.61684396387774,46.210118579479115,1978,Sell,0.3040650268182513
TIRUMALCHM.NS,0,0.34721209679597337,2025-09-01,211,0.7514831905075807,11.0,,-15.320385728565183,-30.975737499129586,62.450421775798695,51.7013178518201,1979,Sell,0.30557580640805326
MASTERTR.NS,0,0.3469964487833649,2025-09-01,211,0.06507012122652715,3.24,,-35.293441656073696,-52.67534757803099,65.94538544750769,21.228064891924063,1980,Sell,0.30600710243327023
TIRUPATIFL.NS,0,0.34566772392876904,2025-09-01,211,0.40336134453781514,12.0,,10.69182357134527,29.164005568435535,69.22709203327967,57.997822426625895,1981,Sell,0.3086645521424619
DEEDEV.NS,0,0.3454604997919574,2025-09-01,211,1.091016548463357,7.0,,-10.125696015800502,22.215661116979728,85.87276312388347,39.3312749842205,1982,Sell,0.30907900041608516
NILASPACES.NS,0,0.3445336775356163,2025-09-01,211,1.305732484076433,27.0,,-17.191974297794097,-30.361444855622327,38.61785869490002,35.13514035979293,1983,Sell,0.3109326449287674
AVONMORE.NS,0,0.34445464034070694,2025-09-01,211,0.46643944807872023,9.17,,-32.44503538506522,-46.93877540835824,63.22484374054154,22.56637952351734,1984,Sell,0.3110907193185861
UNIVPHOTO.NS,0,0.34425635161410045,2025-09-01,211,0.02564102564102564,4.0,,3.778108877578095,75.38921627617205,90.50920102853023,16.051367511068136,1985,Sell,0.3114872967717991
MODTHREAD.NS,0,0.3442045087707379,2025-09-01,211,0.7279411764705882,3.0,,-0.9285699753534226,-3.2325567201126457,101.93971990599073,29.123925084426872,1986,Sell,0.31159098245852423
REPL.NS,0,0.34417736153006623,2025-09-01,211,0.39869281045751637,15.0,,-29.24071416623381,-48.487903878346025,73.60368901636659,34.33505004705279,1987,Sell,0.31164527693986754
NLCINDIA.NS,0,0.34393026371510527,2025-09-01,211,1.1008839779005526,9.0,,1.9548277312043814,9.000828576136401,38.68234106203494,67.75384990985577,1988,Sell,0.31213947256978947
SAMPANN.NS,0,0.3435486593231103,2025-09-01,211,2.4,-2.0,,-19.62339096210394,-27.63235961726399,61.71903740827308,42.34121708086577,1989,Sell,0.3129026813537794
UGARSUGAR.NS,0,0.342289316320231,2025-09-01,211,3.584795321637427,3.0,,9.653040812028827,-7.853280621803744,38.11492035857218,61.960786855882546,1990,Sell,0.31542136735953796
IDBI.NS,0,0.3417112647867221,2025-09-01,211,5.181245262266086,,,-45.824522710857295,-39.33116470979513,68.4329108475232,14.742379499162737,1991,Sell,0.3165774704265558
JAIBALAJI.NS,0,0.3405808282845474,2025-09-01,211,0.7757766771724448,36.0,,-20.66236652332483,-15.604055959674934,75.23896523917507,40.90480587110998,1992,Sell,0.3188383434309052
GANECOS.NS,0,0.34000895208992343,2025-09-01,211,0.17214397496087636,9.0,,9.994184538564532,-2.3331846292457206,54.964622908471284,71.87219906243884,1993,Sell,0.31998209582015313
CLEDUCATE.NS,0,0.33926233988328547,2025-09-01,211,2.361788617886179,2.0,,8.544922065993891,-48.302326645962026,72.05571089534064,35.86956178350992,1994,Sell,0.32147532023342906
SRD.NS,0,0.3387222732954332,2025-09-01,211,0.1810344827586207,14.0,,-23.901958091586245,-45.08277574804666,76.80822338997729,31.231120093385172,1995,Sell,0.3225554534091336
KRITI.NS,0,0.3379529314489987,2025-09-01,211,0.9861111111111112,6.0,,-23.99437069303125,-25.334106820309305,100.4340410286924,37.79795403063882,1996,Sell,0.32409413710200263
BTML.NS,0,0.33619698028728984,2025-09-01,211,0.5194871143836487,23.07,,-26.711407007599057,-32.34200440368291,70.11717549895248,27.976197318558192,1997,Sell,0.3276060394254203
BUTTERFLY.NS,0,0.3356048736855593,2025-09-01,211,0.5988538681948424,15.0,,-1.6555760743812395,-11.033339427508864,71.30504250102956,50.74124996559311,1998,Sell,0.3287902526288814
UTTAMSUGAR.NS,0,0.3349764590017918,2025-09-01,211,0.5542784163473818,12.0,,33.34400368204391,-2.6076739430663656,58.64874855832565,74.78700055900791,1999,Sell,0.3300470819964164
TARMAT.NS,0,0.33442835314291247,2025-09-01,211,0.2342857142857143,2.0,,-6.656808740622321,-2.941739720578734,85.44051624368137,31.111922616129874,2000,Sell,0.33114329371417506
INDOUS.NS,0,0.33381399300199344,2025-09-01,211,0.3448275862068966,21.0,,-28.30863920990686,-18.89503505274987,74.91695560792772,41.107388510530576,2001,Sell,0.3323720139960131
ALIVUS.NS,0,0.33380819383651356,2025-09-01,211,0.20623342175066314,25.0,,7.178670628655729,7.52224462018275,24.31132400237253,63.524911549663614,2002,Sell,0.3323836123269729
SADHNANIQ.NS,0,0.3331803746907851,2025-09-01,211,1.421875,5.0,,-36.5740763736359,-82.20779170513876,89.57101705013218,39.99999999999999,2003,Sell,0.3336392506184298
HATSUN.NS,0,0.3328302525047832,2025-09-01,211,1.3894566971490048,13.0,,3.358146395014268,-4.917104438313763,34.32866258558707,52.532859516100466,2004,Sell,0.3343394949904336
TARIL.NS,0,0.3313338051306583,2025-09-01,211,0.7439688715953308,25.0,,-14.094157782111616,-14.114465188062583,63.646979818729385,42.13922271692812,2005,Sell,0.3373323897386834
LAKPRE.NS,0,0.3312072637868894,2017-12-01,3042,19.0,0.0,,8.21052350495991,2.390435976394851,59.417674506269925,62.085306878728964,2006,Sell,0.33758547242622117
MBLINFRA.NS,0,0.3307185974724132,2025-09-01,211,0.8230543318649045,9.0,,-26.917292273424014,-42.82352784100701,70.6163878182665,32.319659774312356,2007,Sell,0.33856280505517355
DELPHIFX.NS,0,0.3304530017181023,2025-09-01,211,0.2622339733865024,7.24,,-40.768090987009955,-49.01245655762568,85.914853395884,21.089629134635203,2008,Sell,0.33909399656379535
SHYAMTEL.NS,0,0.3285840255707731,2025-09-01,211,-1.410675717371182,,,-20.465572497328832,-34.86894591038098,84.79269167830262,39.772728328299195,2009,Sell,0.3428319488584538
COUNCODOS.NS,0,0.3278705680886852,2025-09-01,211,0.6175314465408805,4.26,,-22.807018522288185,-27.999999306418676,63.88191654282951,25.136628111491248,2010,Sell,0.3442588638226296
HITECHCORP.NS,0,0.32755789398006624,2025-09-01,211,0.6923076923076923,7.0,,-23.323050607327023,-35.00682602621166,66.74717546891657,47.042407209947335,2011,Sell,0.3448842120398675
AETHER.NS,0,0.3274502381722327,2025-09-01,211,0.18996105581999134,10.0,,12.730453442982453,29.274194583230063,65.89002562836134,58.1108505336778,2012,Sell,0.34509952365553465
AVG.NS,0,0.32565329198181614,2025-09-01,211,1.2217898832684826,13.0,,-0.13821587848221925,-19.340259235885238,72.64925018175492,56.72327608480385,2013,Sell,0.3486934160363677
JINDRILL.NS,0,0.32409542906241046,2025-09-01,211,0.4918918918918919,14.0,,-0.5492112556560714,-17.41930075316168,85.65972560933514,23.845772895231164,2014,Sell,0.3518091418751791
BYKE.NS,0,0.3224743498762292,2025-09-01,211,0.4824561403508772,5.0,,-37.60939360894976,-47.95388943387473,66.97167910020994,22.236968143413662,2015,Sell,0.3550513002475416
INDSWFTLAB.NS,0,0.32115378576588954,2025-09-01,211,0.17782909930715934,1.0,,-10.725450627629375,43.01413546633158,62.82659243566009,42.036146631872946,2016,Sell,0.3576924284682209
PIGL.NS,0,0.3207868700341524,2025-09-01,211,0.5847457627118644,20.0,,-14.237913368315555,-21.407244988273337,65.64744623588548,49.75114286631965,2017,Sell,0.3584262599316952
TIL.NS,0,0.32038419145898833,2025-09-01,211,5.726190476190476,11.0,,-21.659163466374753,-40.2083696372229,81.36943736354645,35.11316091046133,2018,Sell,0.35923161708202334
RHFL.NS,0,0.3198669669142822,2025-03-01,395,-1.0377358490566038,-17.0,,11.363636117336185,-16.382252837445485,50.84093757306694,64.78873428620167,2019,Sell,0.36026606617143564
SPCENET.NS,0,0.31897272479192096,2025-09-01,211,0.22058720482096575,3.4,,-40.90019761213768,-56.60919591416328,64.19193288687934,27.92793015324513,2020,Sell,0.3620545504161581
KRN.NS,0,0.3175263461245176,2025-09-01,211,0.2822429906542056,21.0,,-14.785179334613321,15.622663805352902,64.57382597713985,41.01462697614739,2021,Sell,0.36494730775096484
SANGINITA.NS,0,0.31629485423873394,2025-09-01,211,0.8214285714285714,4.0,,24.90013087306532,85.3754984291231,53.15725609395739,100.0,2022,Sell,0.36741029152253213
AFIL.NS,0,0.3154473686527243,2025-09-01,211,0.9776119402985075,14.0,,4.728792070682254,11.555558663827401,81.99832199532871,45.187168843501226,2023,Sell,0.36910526269455135
BROOKS.NS,0,0.3142604488702884,2025-09-01,211,0.20240080026675558,4.29,,-45.538595622604056,-58.76666598849827,68.0439146358215,21.17202379431663,2024,Sell,0.37147910225942316
BHARATSE.NS,0,0.31401433126827455,2025-09-01,211,2.347826086956522,16.0,,-28.02596708347557,-21.38789560234736,87.89949999033456,31.623610474024773,2025,Sell,0.3719713374634509
KRITIKA.NS,0,0.3135003650957644,2025-09-01,211,0.7525773195876289,15.0,,-25.611747836069455,-36.401675114953,77.11982036370281,31.57895640600725,2026,Sell,0.3729992698084712
RUBYMILLS.NS,0,0.3119368691527576,2025-09-01,211,0.7262996941896025,6.0,,6.5426950688220975,-10.194931854443853,79.32531459229268,43.719037185327636,2027,Sell,0.3761262616944848
WEL.NS,0,0.3113005994798277,2025-09-01,211,2.03,18.0,,-31.127063647113403,-37.113868121958724,64.51935864688204,9.902967127810228,2028,Sell,0.3773988010403446
AVANTIFEED.NS,0,0.3109841311433246,2025-09-01,211,0.2651072124756335,29.0,,-13.248744380384645,43.18763149628138,56.29988165412732,51.02920280292369,2029,Sell,0.37803173771335075
VLEGOV.NS,0,0.31091971789485595,2025-09-01,211,0.06666666666666667,0.0,,-38.01296296715879,-58.122568675453024,124.23291786424156,3.494176874366673,2030,Sell,0.3781605642102881
VERTOZ.NS,0,0.3099471038040093,2025-09-01,211,0.38256253635834775,5.89,,-38.69073333034109,-61.96708109895804,73.8648193228181,25.425697140032398,2031,Sell,0.3801057923919814
SMLT.NS,0,0.3093467154673319,2025-09-01,211,0.05737704918032787,6.0,,-19.322657542271518,-34.86498724192798,66.1726465785744,24.050622271431564,2032,Sell,0.3813065690653362
KSB.NS,0,0.3088608213032644,2025-09-01,211,0.6580732700135685,24.0,,11.121182919416057,4.848680998149671,40.32628962538971,62.883519462876386,2033,Sell,0.38227835739347116
NEWGEN.NS,0,0.3082463192772932,2025-09-01,211,0.25186693822131706,28.0,,-19.523906240280116,-52.032910225633586,84.62529079180355,30.736227755884528,2034,Sell,0.38350736144541364
MAHAPEXLTD.NS,0,0.3065963015271016,2025-09-01,211,0.17607223476297967,1.0,,-47.188394820802145,-53.815523817834254,164.15352210416148,18.84936701864693,2035,Sell,0.3868073969457968
CENTRUM.NS,0,0.3062879961073328,2025-09-01,211,1.8105263157894738,6.0,,15.536018099684847,-1.4994647371008314,88.45646324177315,64.56123268028577,2036,Sell,0.38742400778533437
CENTRALBK.NS,0,0.3057169287912084,2025-09-01,211,12.236647645094274,,,-21.913042720060172,-14.270502039502311,38.67145675811578,30.209284259910405,2037,Sell,0.38856614241758325
OLECTRA.NS,0,0.3028972973513711,2025-09-01,211,1.053191489361702,21.0,,-4.435760722864889,-21.938119091626497,74.43944109941324,55.7689343104461,2038,Sell,0.3942054052972578
EASEMYTRIP.NS,0,0.3025645387132147,2025-09-01,211,0.28040540540540543,20.0,,-31.257347270351083,-21.686746065056038,97.39520164262814,23.228348452260065,2039,Sell,0.3948709225735706
STLTECH.NS,0,0.3020309087009769,2025-09-01,211,1.7578125,0.0,,6.055690499001605,71.2066760052251,74.44968997811083,50.80792508119608,2040,Sell,0.39593818259804625
PARASPETRO.NS,0,0.30117908306531654,2025-09-01,211,0.0009610764055740518,5.42,,13.574658241536788,34.22459807823151,50.50327569394327,81.08107324409607,2041,Sell,0.3976418338693669
AEGISLOG.NS,0,0.2983905832336254,2025-09-01,211,0.3987640857869866,24.0,,-17.70568226429728,-17.535640974225164,38.65449613239835,36.309524989084345,2042,Strong Sell,0.40321883353274923
PFOCUS.NS,0,0.2949127055416915,2025-09-01,211,0.10057836084073918,-2.0,,21.621130335984127,36.44460992674669,59.35845795254142,71.19057781538706,2043,Strong Sell,0.41017458891661696
SUKHJITS.NS,0,0.2937535682060124,2025-09-01,211,0.9721254355400697,9.0,,-16.957905055861243,-6.484624894885645,81.0364333653493,39.69230769230769,2044,Strong Sell,0.4124928635879752
BALKRISHNA.NS,0,0.29246030504134357,2025-09-01,211,-1.1197309677045284,,,-14.394422269316651,-26.630433261507143,81.66638481127393,51.74731368866424,2045,Strong Sell,0.41507938991731286
PREMIERPOL.NS,0,0.2920832792746146,2025-09-01,211,0.2878787878787879,30.0,,16.694551755703927,56.72909276781961,56.10968084627819,64.80130077195821,2046,Strong Sell,0.41583344145077084
VARDMNPOLY.NS,0,0.28595070785545584,2025-09-01,211,-2.3,,,-18.718595990134983,1.4106531996295917,73.6848765521405,15.434083551985907,2047,Strong Sell,0.4280985842890883
AAKASH.NS,0,0.2857736905366159,2025-09-01,211,0.7410918600849951,4.6,,-8.130079409727633,-8.765861847681823,120.38849914897516,9.397597338536642,2048,Strong Sell,0.4284526189267682
MAWANASUG.NS,0,0.28549796359938673,2025-09-01,211,0.2314410480349345,-16.0,,23.05689317456723,5.338229251010812,49.41477274600676,76.77440331864344,2049,Strong Sell,0.42900407280122654
HILTON.NS,0,0.28440088388155454,2025-09-01,211,1.0,8.0,,38.693469370281015,-39.95648829122121,122.8578891353107,78.19109767697196,2050,Strong Sell,0.4311982322368909
ESSENTIA.NS,0,0.281215692765672,2025-09-01,211,0.4941860465116279,5.0,,-21.093748981365913,-34.83870828809149,75.25202535839476,8.108127265176378,2051,Strong Sell,0.437568614468656
HINDOILEXP.NS,0,0.28026201274489604,2025-09-01,211,0.5252854812398042,14.0,,-10.741498609363513,-23.57424243902521,75.97032809536718,19.076438689514646,2052,Strong Sell,0.4394759745102079
BLBLIMITED.NS,0,0.28003110520220936,2025-09-01,211,0.05128205128205128,7.0,,-13.446333138575445,9.50679017487756,82.60685969639945,27.102785621082802,2053,Strong Sell,0.4399377895955813
SUPERSPIN.NS,0,0.278194341224642,2025-09-01,211,0.7857142857142857,4.0,,-38.178917826487954,-53.14770244161401,79.57919416855054,31.99999898274727,2054,Strong Sell,0.44361131755071603
MCX.NS,0,0.27783757690617167,2025-09-01,211,0.26641111643507426,32.0,,-2.4416156304230006,8.098082152926318,38.5954104454157,38.79134541760483,2055,Strong Sell,0.44432484618765666
FINOPB.NS,0,0.2735364050192078,2025-09-01,211,4.742363877822045,,,-41.79847030167442,-53.24757348105138,94.78956790653528,27.545489772430145,2056,Strong Sell,0.45292718996158443
SAILIFE.NS,0,0.27064197653213706,2025-09-01,211,0.4333478072079896,14.0,,5.217580953013963,8.415594583048968,38.620657073488665,39.8915677401067,2057,Strong Sell,0.4587160469357259
DENORA.NS,0,0.26671435361987256,2025-09-01,211,0.3779527559055118,1.0,,5.454545454545454,-2.3848777242450705,38.617677910970414,44.596036338947975,2058,Strong Sell,0.4665712927602549
SETCO.NS,0,0.2661818557799399,2025-09-01,211,1.0322537651606023,-2.22,,29.407934533142914,30.340754202635168,50.19908962595909,64.6067393155673,2059,Strong Sell,0.4676362884401202
LCCINFOTEC.NS,0,0.2616323054918105,2025-09-01,211,10.191489361702155,-26.46,,3.1645591268044866,13.986011887361501,61.94832042390893,53.22033964056827,2060,Strong Sell,0.476735389016379
GOKUL.NS,0,0.26138027822739596,2025-09-01,211,0.046948356807511735,2.0,,-16.702717281889345,-9.38562131395527,85.41589864322745,35.24228584440317,2061,Strong Sell,0.4772394435452081
DCMFINSERV.NS,0,0.2451447981338709,2025-09-01,211,-1.4057142857142857,-3.31,,16.704295183524724,-1.8975314040700901,120.0244793929466,58.72576282479953,2062,Strong Sell,0.5097104037322582
PLAZACABLE.NS,0,0.24457132229340328,2025-09-01,211,0.4112903225806452,4.0,,-24.773088644157166,-32.47064314809335,38.62420505548365,18.19759654416451,2063,Strong Sell,0.5108573554131934
NINSYS.NS,0,0.24340472652893683,2025-09-01,211,0.30985915492957744,63.0,,26.294882996560347,-1.4505270922399691,84.63684446180467,77.89106299409889,2064,Strong Sell,0.5131905469421263
RAMASTEEL.NS,0,0.24045850855597614,2025-09-01,211,0.357487922705314,5.0,,-50.40983566511258,-61.546607247904916,87.1931491345564,24.49888553911063,2065,Strong Sell,0.5190829828880477
CONFIPET.NS,0,0.23085600158465625,2025-09-01,211,0.711755233494364,10.0,,19.053674026545036,1.269587290360388,97.90036827274355,66.02658976042704,2066,Strong Sell,0.5382879968306875
KRIDHANINF.NS,0,0.22892573980221181,2025-09-01,211,-1.1254107729675669,,,-43.916912466561264,-55.42452623301774,89.40640582649728,7.692301520228156,2067,Strong Sell,0.5421485203955764
SUMIT.NS,0,0.2282779347290123,2025-09-01,211,0.618421052631579,14.0,,21.585556610425,-35.07963113722315,94.76653098925884,70.02439730389116,2068,Strong Sell,0.5434441305419754
NITCO.NS,0,0.21726552601888602,2025-09-01,211,1.65625,-45.0,,16.34004835250229,-5.282450854930554,66.33035014864525,75.55296683104949,2069,Strong Sell,0.5654689479622279
TEJASNET.NS,0,0.21575792696069826,2025-09-01,211,1.96996996996997,15.0,,21.53870825559097,-13.92757660167131,99.6822029014338,41.612293665976324,2070,Strong Sell,0.5684841460786034
RPSGVENT.NS,0,0.21455563526442153,2025-09-01,211,0.22288313505948215,7.0,,21.325150029145664,4.478389698343372,82.49020483265626,74.74955281908586,2071,Strong Sell,0.5708887294711569
DEEPINDS.NS,0,0.21216053545107083,2025-09-01,211,0.3360938578329883,12.0,,22.399096374306872,-2.214147806258463,57.42553996629973,77.33859463180292,2072,Strong Sell,0.5756789290978583
WEBELSOLAR.NS,0,0.20073246469555522,2025-09-01,211,0.8132992327365729,59.0,,13.96942678660184,-31.531723517452775,91.48046626535842,64.87726807793851,2073,Strong Sell,0.5985350706088896
