Ticker,Predicted_Direction,Predicted_Probability,Quarter_Date,Staleness_Days,debt_to_equity,roce,roe,roc_1m,roc_3m,volatility_30d,rsi_14d,Rank,Category,Confidence
INDSWFTLTD.NS,1,0.7101559031493363,2025-03-01,456,-2.810945273631841,13.0,,,,,,1,Strong Buy,0.4203118062986726
JSWHL.NS,1,0.7068673255468148,2025-09-01,272,0.1317602904079247,1.0,,6.326151859920922,-23.237795642549226,26.349747991236143,67.52043596730246,2,Strong Buy,0.4137346510936295
ACC.NS,1,0.7029697503299541,2025-09-01,272,0.3214431101160187,18.0,,-1.603257657635386,-13.575438828492906,18.669310585211605,61.993056277533896,3,Strong Buy,0.40593950065990825
ZUARI.NS,1,0.7027638521430309,2025-09-01,272,0.87151841868823,0.0,,-7.816516002219967,-1.63011857177464,35.741861580199355,29.53061473612884,4,Strong Buy,0.4055277042860619
FLEXITUFF.NS,1,0.7015394899286932,2025-06-01,364,16.571428571428573,9.0,,-0.8633085528945525,-32.91139669543971,51.709718085565584,46.82080542480816,5,Strong Buy,0.4030789798573864
SILLYMONKS.NS,1,0.6986556024301582,2025-09-01,272,0.1735632183908048,2.08,,-0.6976792669216747,-8.760680821598605,43.40243822388375,50.655737243586614,6,Buy,0.39731120486031646
STARTECK.NS,1,0.6982425885480693,2025-09-01,272,1.257510729613734,8.0,,5.4798372330204135,-3.507934176140793,20.80648138730471,60.96077621099716,7,Buy,0.3964851770961386
KAMATHOTEL.NS,1,0.6928002369583055,2025-09-01,272,0.5813953488372093,19.0,,7.710626486187457,-2.9506438734404563,36.64384225747054,56.62732258453286,8,Buy,0.385600473916611
HMVL.NS,1,0.6899369362532742,2025-09-01,272,0.4885844748858447,5.0,,1.5036506829881422,-3.5507172860985077,34.10250209504794,55.84045645972015,9,Buy,0.37987387250654847
JINDALPHOT.NS,1,0.6885191947659648,2025-09-01,272,0.4136733478864854,0.81,,-9.417408569017708,-26.309982939982696,24.83787599348346,15.999977022050572,10,Buy,0.3770383895319296
INDOTHAI.NS,1,0.6870753604383508,2025-09-01,272,0.2916666666666667,10.0,,-23.522479620178206,-9.575945999378105,46.5994208840815,13.439923765719072,11,Buy,0.37415072087670165
MANBA.NS,1,0.6857479841091766,2025-09-01,272,3.8508997429305913,,,-2.3696284491947255,-13.658061132446885,30.92421203901983,29.13792077198984,12,Buy,0.3714959682183532
PALASHSECU.NS,1,0.682791592155791,2025-09-01,272,0.012654958677686002,17.95,,2.1137544045476893,4.405931587478043,37.688283198223594,56.613161047999675,13,Buy,0.365583184311582
CLEDUCATE.NS,1,0.6825598452809695,2025-09-01,272,2.361788617886179,2.0,,-3.4719297753071867,-3.7720200928999352,46.8807193273894,72.196119100602,14,Buy,0.36511969056193894
TARACHAND.NS,1,0.6814936661275847,2025-09-01,272,2.360294117647059,17.0,,-14.442746693851383,-11.900643958793355,41.140141073762635,33.77136336282746,15,Buy,0.3629873322551693
AIROLAM.NS,1,0.6808808575422534,2025-09-01,272,1.9,8.0,,-4.10765262841283,-11.944509015064705,28.10319798193495,28.459709330615766,16,Buy,0.3617617150845067
REGENCERAM.NS,1,0.6801427068374027,2025-09-01,272,-2.660229330114665,-43.47,,-8.539273958394885,-3.24462974952737,40.293728792191146,36.87782811938566,17,Buy,0.3602854136748055
SIGMA.NS,1,0.679598765936572,2025-09-01,272,0.35708367854183914,33.69,,-8.002703309774397,-0.31753116213628646,41.17679118614113,28.294569287946487,18,Buy,0.35919753187314396
SURAKSHA.NS,1,0.6773761800565743,2025-09-01,272,0.6153846153846154,18.0,,0.8931404234194276,1.6358376195769169,37.221658864490244,47.0721710379404,19,Buy,0.3547523601131486
AMBUJACEM.NS,1,0.6753197073846652,2025-09-01,272,0.23304843304843303,9.0,,0.8217005394369953,-12.954323400677234,26.219072304876,56.889409446189994,20,Buy,0.35063941476933036
NAUKRI.NS,1,0.6728320554917753,2025-09-01,272,0.1780977137905752,5.0,,2.276818108642267,-2.2497321804510735,30.72939703724231,57.60233267850303,21,Buy,0.34566411098355054
CMSINFO.NS,1,0.672472789756167,2025-09-01,272,0.32748538011695905,22.0,,4.873426416061316,-1.8375280408522334,21.70072835747595,63.784452718433826,22,Buy,0.34494557951233396
HUBTOWN.NS,1,0.6689515072643858,2025-09-01,272,0.39054726368159204,6.0,,1.1734491362180532,1.6797975475244635,37.51072142206094,31.704252225160886,23,Buy,0.3379030145287716
UCAL.NS,1,0.6687818738935267,2025-09-01,272,0.9576719576719577,7.0,,-0.7399978637695312,-8.253997692635332,42.61179844712537,40.76020455075928,24,Buy,0.33756374778705345
EIHOTEL.NS,1,0.6685002254914569,2025-09-01,272,0.1853146853146853,22.0,,-7.132779159523254,-7.567482938441253,27.954160977673737,24.342668586935474,25,Buy,0.33700045098291387
STEL.NS,1,0.6682343264899099,2025-09-01,272,0.09595687331536389,1.0,,-7.425635136715108,-7.696319240900082,40.63575906219555,31.91730241130169,26,Buy,0.33646865297981976
RELTD.NS,1,0.6665402027992489,2025-09-01,272,0.12009803921568628,12.0,,-16.225987653868746,-12.412319935111848,42.477391202850114,30.186662591817594,27,Buy,0.3330804055984977
DELPHIFX.NS,1,0.6656678236410598,2025-09-01,272,0.2622339733865024,7.24,,-22.0839756977674,-21.77985847354492,48.88152595402555,20.496911518012,28,Buy,0.3313356472821196
BAJAJFINSV.NS,1,0.6645604845325008,2025-09-01,272,0.02270908363345338,27.0,,2.083334788880255,-12.7098354150743,20.03092954101802,47.919941398567836,29,Buy,0.32912096906500166
JPOLYINVST.NS,1,0.6643222089595124,2025-09-01,272,0.05593451568894952,4.0,,-10.285012234042208,-20.719595182953658,29.590443744464316,16.923060871742607,30,Buy,0.3286444179190249
HTMEDIA.NS,1,0.6641235401626195,2025-09-01,272,1.8961937716262975,3.0,,1.238932630843903,4.331960065529993,33.92162962662002,57.239815099302994,31,Buy,0.3282470803252391
CENTRUM.NS,1,0.6619450292012904,2025-09-01,272,1.8105263157894738,6.0,,-9.694287161073516,-8.2550004376691,18.956989043927813,17.687045260655054,32,Buy,0.3238900584025808
SICALLOG.NS,1,0.661726357561697,2025-09-01,272,15.40625,-6.0,,-1.826896141066342,-5.232730168564623,27.645100161751763,45.374001926873426,33,Buy,0.3234527151233939
KALYANIFRG.NS,1,0.6614177610313482,2025-09-01,272,1.815217391304348,12.0,,-1.0364867980160313,-6.830581975725125,23.453373102213266,43.80990616513532,34,Buy,0.3228355220626964
IREDA.NS,1,0.6603605851454117,2025-09-01,272,5.795201238390093,,,-1.3693604884800101,6.30625629668801,35.73030628632505,56.29595017905337,35,Buy,0.3207211702908235
SIKKO.NS,1,0.6596015104540786,2025-09-01,272,0.5722067686601762,10.72,,-11.349040709844084,-10.389611059814992,25.31919449663314,15.492918963825488,36,Buy,0.3192030209081571
SBILIFE.NS,1,0.658699235282771,2025-09-01,272,25.77712193255725,17.0,,0.7653355791081111,-13.128370421953969,23.928762386314688,41.866768407705464,37,Buy,0.31739847056554193
GROBTEA.NS,1,0.6574313487122938,2025-09-01,272,0.31708945260347143,12.71,,-2.102216855234436,-7.190186401450942,28.909998753174865,42.44038541039271,38,Buy,0.3148626974245876
NILASPACES.NS,1,0.6565528778487951,2025-09-01,272,1.305732484076433,27.0,,-7.284766445934457,-10.32028319986305,40.68522982349261,11.671080890332476,39,Buy,0.31310575569759025
SIEMENS.NS,1,0.6555627976193479,2025-09-01,272,0.44237405106970323,23.0,,1.7792827341422526,16.407245377005488,38.3094708333652,50.83763519570049,40,Buy,0.31112559523869576
FLFL.NS,1,0.6552915163669235,2022-09-01,1368,-2.920568122041031,-59.0,,-5.2631529414422,13.385832980085855,56.00433069596118,27.02704052405676,41,Buy,0.310583032733847
BEDMUTHA.NS,1,0.6552207951635108,2025-09-01,272,3.4326241134751774,17.0,,0.4784697081401705,-18.293820151651197,39.410898391005915,54.65622234011966,42,Buy,0.3104415903270217
PVRINOX.NS,1,0.6551792212093225,2025-09-01,272,1.249473536431279,2.0,,-9.944807409504492,-6.733843779091641,26.920954445943885,20.037809473482596,43,Buy,0.31035844241864496
ACL.NS,1,0.6548195819149688,2025-09-01,272,16.486842105263158,-11.0,,-1.1779401424081055,-0.2162601242605458,25.922151000024957,40.55415302482213,44,Buy,0.3096391638299376
AFCONS.NS,1,0.6542792842722487,2025-09-01,272,2.540940413457641,23.0,,-0.1913524847524411,10.081164867846997,45.80930409999047,56.05468127178362,45,Buy,0.30855856854449737
GLFL.NS,1,0.6533903254006502,2025-09-01,272,-2.550122249388753,1.02,,-14.205347537491573,-12.356323689667253,44.6922215738576,0.0,46,Buy,0.30678065080130046
INDIACEM.NS,1,0.6527251648736446,2025-09-01,272,0.40749609578344614,-6.0,,-4.95209495937103,-10.539875562336128,35.83316196793952,32.75530892344456,47,Buy,0.30545032974728925
SRM.NS,1,0.6521676895614271,2025-09-01,272,0.5217391304347826,31.0,,-1.9849960992918902,19.444444444444446,36.534552999367556,50.978995573486806,48,Buy,0.30433537912285424
HIMATSEIDE.NS,1,0.6517508298508563,2025-09-01,272,1.571123451516446,8.0,,-12.850550224641372,-23.4694918541066,38.70753636571177,35.10167462097576,49,Buy,0.3035016597017126
WEIZMANIND.NS,1,0.651392293979421,2025-09-01,272,0.43283582089552236,16.0,,-2.0055220803042597,-3.6372246338624925,35.08944879696246,22.163740133099438,50,Buy,0.302784587958842
BCONCEPTS.NS,1,0.6510045762389118,2025-09-01,272,3.2467532467532467,11.0,,-19.920091672177406,-25.030535050020873,46.7218878476496,20.69619494014593,51,Buy,0.3020091524778237
INDIANCARD.NS,1,0.6507989361017675,2025-09-01,272,0.07183908045977011,7.0,,8.623634756581756,4.093327966466335,33.52972937458786,65.92771621831963,52,Buy,0.30159787220353507
PRABHA.NS,1,0.6506334231734253,2025-09-01,272,0.5054519467945318,-0.4,,-2.336997029709637,-12.496520313044366,36.961315672302234,47.87341327766035,53,Buy,0.30126684634685064
MANGALAM.NS,1,0.6506042726871583,2025-09-01,272,1.421875,8.0,,-0.5188502916706197,-7.702181098468771,27.58072556095473,37.29642397058335,54,Buy,0.3012085453743165
HINDCOMPOS.NS,1,0.6505349702868205,2025-09-01,272,0.10623353819139596,5.0,,-12.854563005328856,-5.755978310641729,36.96596643848538,21.684769899043175,55,Buy,0.301069940573641
DAMCAPITAL.NS,1,0.6502891973075845,2025-09-01,272,0.5580645161290323,65.0,,-2.016395207982131,-4.148640952235408,42.38261353734687,30.271548660019576,56,Buy,0.300578394615169
AWFIS.NS,1,0.6499460077330369,2025-09-01,272,4.442424242424242,13.0,,-6.6928514690546015,7.614040288810255,52.51477427998251,31.382166439086433,57,Buy,0.2998920154660738
DEVYANI.NS,1,0.6494344579088629,2025-09-01,272,1.9267015706806283,8.0,,-9.585387631136015,-13.34785819928645,52.211642277675566,43.182817047824,58,Buy,0.2988689158177258
JLHL.NS,1,0.6493822731559158,2025-09-01,272,0.202113606340819,18.0,,6.1216423724285285,9.60735702734638,24.111691685452215,66.17329006147762,59,Buy,0.2987645463118316
IMAGICAA.NS,1,0.6491364488419905,2025-09-01,272,0.41074130105900153,7.0,,-2.96409067589633,-3.1317511594661305,30.396659222047152,40.9584066840685,60,Buy,0.298272897683981
CSBBANK.NS,1,0.6490588297883357,2025-09-01,272,9.640289300148904,,,-9.883790804742832,-7.059130310502798,35.33496685637368,42.46913859328877,61,Buy,0.29811765957667147
IRB.NS,1,0.6486678963262672,2025-09-01,272,1.0735757416644789,7.0,,-1.5364540504712547,5.6227552412771695,34.03174212074067,49.098894167974116,62,Buy,0.2973357926525344
XTGLOBAL.NS,1,0.6485116709484499,2025-09-01,272,0.26239690459220033,3.95,,0.15943633956449196,9.59525476148359,50.55159724388165,45.841389759862224,63,Buy,0.2970233418968997
LGBBROSLTD.NS,1,0.6477610258131443,2025-09-01,272,0.3411644535240041,20.0,,-16.009553587903163,-20.628672366825906,26.118267885558886,14.14819091805606,64,Buy,0.29552205162628864
TRANSRAILL.NS,1,0.6476241411336681,2025-09-01,272,2.230915125651968,35.0,,-21.186722426285804,-14.823698445243405,36.09874031965775,17.2543001649278,65,Buy,0.2952482822673361
MANOMAY.NS,1,0.6462527612810874,2025-09-01,272,3.107594936708861,13.0,,-27.036277801531845,-20.79735551653106,83.40954496055481,23.505953196776034,66,Buy,0.2925055225621749
UJJIVANSFB.NS,1,0.6459718690717187,2025-09-01,272,6.9637239165329055,,,-4.310346158273024,-11.976050196204714,38.25518608656505,21.083021593116896,67,Buy,0.2919437381434373
ENERGYDEV.NS,1,0.6452759324090905,2025-09-01,272,0.4583333333333333,0.0,,-5.67986089377283,-1.4388475223450234,23.12918713226349,32.95456105354951,68,Buy,0.29055186481818107
ASAHIINDIA.NS,1,0.6438841600411501,2025-09-01,272,1.0822134387351778,12.0,,7.934227274850524,-3.3204799497283686,28.79459980432272,67.98103781439517,69,Buy,0.28776832008230024
AGSTRA.NS,1,0.6435064638206672,2024-12-01,546,2.3508771929824563,0.0,,-17.64705933914052,-37.77777586454222,31.045043505410884,0.0,70,Buy,0.28701292764133446
SECURKLOUD.NS,1,0.6430022519214909,2025-09-01,272,-1.471698113207547,5.0,,-7.384341108607385,-6.970507258450437,33.4353598922539,30.85299644007881,71,Buy,0.2860045038429817
LEXUS.NS,1,0.6420439867573179,2025-09-01,272,6.4290142591444495,-1.77,,-0.615205302941488,-52.53739019881563,45.60084596470893,33.46857576832649,72,Buy,0.28408797351463577
GENCON.NS,1,0.6417312073602089,2025-09-01,272,0.6597222222222222,8.0,,-2.4582104043710356,-28.69721614163227,27.384778936527887,46.61016362083784,73,Buy,0.2834624147204179
MHRIL.NS,1,0.641598695230682,2025-09-01,272,5.216741405082212,20.0,,-11.484382666456183,-24.156252543131508,24.325486911182047,28.28824014803196,74,Buy,0.28319739046136405
GMRP&UI.NS,1,0.6412279274565746,2025-09-01,272,1.4932601098352472,8.0,,2.1641788814083176,-6.624609269171139,41.87957632479261,51.91647844796844,75,Buy,0.2824558549131493
M&M.NS,1,0.6408513261630782,2025-09-01,272,0.6403423019656795,27.0,,-1.6755416414447135,-11.289754719451258,28.42821268680737,31.640698077217436,76,Buy,0.2817026523261563
SHAREINDIA.NS,1,0.6401690638431966,2025-09-01,272,0.799047619047619,19.0,,0.46562342950755686,3.083001953594193,32.75559822221849,37.245080080785314,77,Buy,0.2803381276863932
RADAAN.NS,1,0.6401325764047567,2025-09-01,272,-1.555084745762712,13.41,,-8.18181772205783,0.6644511956770989,38.96177322101567,38.93805888556041,78,Buy,0.2802651528095135
TEXINFRA.NS,1,0.6395113796266867,2025-09-01,272,0.20761986896829923,0.08,,-0.361718133933403,2.042760622990753,32.06212685080466,31.119053689595404,79,Buy,0.2790227592533734
PNB.NS,1,0.6392486801580933,2025-09-01,272,12.820127833168879,,,-3.026698555340388,-19.064333328442324,23.198023347166014,53.98772745086108,80,Buy,0.27849736031618666
OMKARCHEM.NS,1,0.639206866452199,2022-06-01,1460,-1.4210526315789473,-11.0,,0.0,-30.69105624080974,32.56113449350564,100.0,81,Buy,0.2784137329043981
VENTIVE.NS,1,0.6390783581809005,2025-09-01,272,0.23451423603564442,10.0,,-1.387787470261697,-11.229300638568535,26.76265771578265,22.904774462487723,82,Buy,0.27815671636180106
ASHOKA.NS,1,0.6389052007374996,2025-09-01,272,1.3397942091409427,10.0,,-9.138825417586169,-14.770199033680905,29.899218203951477,24.448263234105596,83,Buy,0.27781040147499914
SIMBHALS.NS,1,0.6387530570478371,2025-06-01,364,-43.06382978723404,3.0,,-18.403118394157385,-2.55814252639848,36.44108314081396,0.0,84,Buy,0.27750611409567427
VARDMNPOLY.NS,1,0.6381325277166335,2025-09-01,272,-2.3,,,-6.618705766491397,-8.073656887835135,29.50451686638484,33.802816428449574,85,Buy,0.27626505543326707
A2ZINFRA.NS,1,0.6368172847452318,2025-09-01,272,42.285714285714285,1.0,,-14.47910577567402,-1.156463119045739,35.034376606409964,34.75044832413239,86,Buy,0.2736345694904636
APCL.NS,1,0.6356867119481633,2025-09-01,272,1.4688346883468835,-2.0,,7.426520194570917,-6.912753447656093,33.956926728773446,62.36649361504488,87,Buy,0.27137342389632657
BSL.NS,1,0.6353271112816001,2025-09-01,272,4.5,8.0,,4.534249160089897,-0.7402339542692742,43.46989506879749,52.17934314007264,88,Buy,0.27065422256320026
FSC.NS,1,0.6350016718727268,2022-06-01,1460,-6.457142857142857,6.0,,,,,,89,Buy,0.27000334374545365
TIRUMALCHM.NS,1,0.6348197494592817,2025-09-01,272,0.7514831905075807,11.0,,0.5388677893571051,6.491279798462371,37.319635050671344,44.68614463311136,90,Buy,0.2696394989185633
FILATEX.NS,1,0.634689833936243,2025-09-01,272,0.709013484740951,14.0,,1.0159074902189407,-1.7400592306538096,42.67511845681783,54.910336748641896,91,Buy,0.269379667872486
BLACKBUCK.NS,1,0.6344992762808968,2025-09-01,272,0.15817490494296577,11.0,,-7.3580093611609065,-16.61767140756563,42.280513090865654,27.263694846205638,92,Buy,0.2689985525617935
UNOMINDA.NS,1,0.6344311046708001,2025-09-01,272,0.8031944189462089,18.0,,-2.65948898724787,-7.884619467234531,31.269387401750144,34.06274775049482,93,Buy,0.2688622093416002
INDORAMA.NS,1,0.6342820324906396,2025-09-01,272,4.334645669291339,11.0,,7.142851460305072,13.787374555651649,67.46775982852895,55.37286476105058,94,Buy,0.26856406498127927
PRSMJOHNSN.NS,1,0.6340434999723156,2025-09-01,272,2.6486486486486487,3.0,,-8.95206171907006,-4.070740587941703,33.075613654513894,36.83825985129501,95,Buy,0.26808699994463114
WONDERLA.NS,1,0.6337304011987867,2025-09-01,272,0.07722884724588303,8.0,,-9.921205372716006,-2.487154389211845,23.24754051287849,29.611344328193596,96,Buy,0.2674608023975733
PURVA.NS,1,0.6333431492979804,2025-09-01,272,5.30835734870317,1.0,,1.5109426439671665,-4.715912428916288,42.03750872989744,50.22121174594099,97,Buy,0.2666862985959608
GLOBALVECT.NS,1,0.6332828103585135,2025-09-01,272,188.8,7.0,,-11.404444685094205,-0.8314885475105865,42.68354635262536,34.614127023698714,98,Buy,0.26656562071702705
TVSELECT.NS,1,0.6327924241445344,2025-09-01,272,2.0,-2.0,,5.264275585430809,29.5135665377222,61.33415666770755,46.5129978336493,99,Buy,0.2655848482890688
BIL.NS,1,0.6325029046909125,2025-09-01,272,1.7770114942528736,10.0,,-0.09017289939954709,-6.542962673903122,24.999964028871176,70.11932290029785,100,Buy,0.26500580938182505
KKCL.NS,1,0.6322642822750146,2025-09-01,272,0.47494305239179957,19.0,,-7.356637386670016,-15.826683215548476,30.704258601796457,22.363664168637456,101,Buy,0.26452856455002927
NAGAFERT.NS,1,0.6321581325867401,2025-09-01,272,-1.4215581643543223,,,-7.268169452628588,-20.430108133334333,19.93870392184859,34.99999801317898,102,Buy,0.2643162651734803
ATL.NS,1,0.6321354049556814,2025-09-01,272,2.1067961165048543,15.0,,-3.613054830790239,-2.0915575511209323,40.859454839062856,28.39837359345843,103,Buy,0.26427080991136287
CARTRADE.NS,1,0.6318801092749506,2025-09-01,272,0.025339366515837104,4.0,,5.451227661615011,-13.274694680850935,49.55247429885332,24.37600176997752,104,Buy,0.2637602185499013
CHEMPLASTS.NS,1,0.6313988719165728,2025-09-01,272,0.5665537270087125,-1.0,,-8.43664139051175,-20.554328740422783,45.40681219036127,31.740270805778735,105,Buy,0.2627977438331457
HAVISHA.NS,1,0.6311020648631831,2025-09-01,272,2.3613861386138613,-0.2,,-5.625002002343506,-7.926829046681122,34.64396203137129,42.857142857142854,106,Buy,0.2622041297263662
TICL.NS,1,0.6307115553917991,2025-09-01,272,0.2754880694143167,21.0,,-0.6079083492092703,-1.7174817954267532,52.28105375540433,47.50733014807962,107,Buy,0.26142311078359826
GLOBE.NS,1,0.6305957996870671,2025-09-01,272,1.6012658227848102,9.0,,-4.0322541880434235,-17.64705785296735,29.74234172307124,38.09525161102811,108,Buy,0.2611915993741343
SBGLP.NS,1,0.630323848284235,2025-09-01,272,1.425,14.0,,-1.5526805476523393,-11.174117520416202,27.346461196835094,45.6264612318424,109,Buy,0.2606476965684701
DCM.NS,1,0.6302525561281463,2025-09-01,272,8.150943396226415,35.08,,3.4712292838862964,5.171578865176452,48.20846063155007,58.96123045874867,110,Buy,0.2605051122562927
JKTYRE.NS,1,0.6296497578212367,2025-09-01,272,1.2707443220148416,12.0,,0.4678635478769393,-23.70266479663394,37.59814610624404,55.49184600290988,111,Buy,0.25929951564247333
ARTNIRMAN.NS,1,0.6296258328253914,2025-09-01,272,1.3405046480743694,6.63,,-4.832214341264518,0.7579338834014594,35.26685338537307,60.874199646022305,112,Buy,0.25925166565078284
SUULD.NS,1,0.6287673318439267,2024-06-01,729,-2.6865079365079363,-13.0,,0.0,0.0,0.0,100.0,113,Buy,0.2575346636878535
ACE.NS,1,0.6281996205810275,2025-09-01,272,0.6768018018018018,40.0,,-0.3041753092738917,2.2413522832493875,28.93883105284955,38.85176061913218,114,Buy,0.25639924116205504
UPL.NS,1,0.6278959533200457,2025-09-01,272,0.4102319436288902,1.0,,0.10868067591439501,0.0,28.536700845817688,49.569270526852186,115,Buy,0.2557919066400913
PILANIINVS.NS,1,0.6277692252289432,2025-09-01,272,0.234396327087728,2.0,,-6.19737361224373,-1.8968180572187805,23.876292128657358,32.62531904720913,116,Buy,0.25553845045788637
GARFIBRES.NS,1,0.627745260420013,2025-09-01,272,0.3992248062015504,23.0,,7.6301614278739684,0.5029319012699293,32.82912327440498,59.55114307139394,117,Buy,0.255490520840026
LGHL.NS,1,0.6273691901278567,2025-09-01,272,1.5866666666666667,18.0,,-10.354114272914332,-16.182207787164074,20.76559650276875,31.76062970889238,118,Buy,0.2547383802557135
3IINFOLTD.NS,1,0.6273108141852838,2025-09-01,272,2.069620253164557,30.0,,-3.0916307819249833,19.307958468373947,19.65663755398646,30.493267405827936,119,Buy,0.25462162837056757
RPPINFRA.NS,1,0.6271531720723631,2025-09-01,272,0.7481751824817519,20.0,,-3.5186155664543195,-6.475528895625317,43.036603674271426,40.22315794765063,120,Buy,0.2543063441447262
JUNIPER.NS,1,0.6265030465602035,2025-09-01,272,0.5430245331380447,6.0,,-2.829261314578341,-8.319769097897092,23.710511673654924,20.670173556436126,121,Buy,0.253006093120407
BASML.NS,1,0.6262604245350547,2025-09-01,272,1.1383647798742138,5.0,,7.061311218734503,3.8982307052752003,43.31512216154725,49.6635184711224,122,Buy,0.2525208490701094
AKZOINDIA.NS,1,0.6261819457270724,2025-09-01,272,0.6149068322981367,42.0,,5.864574113926226,2.1288989045355677,32.34228600873543,64.25352654134349,123,Buy,0.25236389145414484
CCCL.NS,1,0.6260603436059502,2025-09-01,272,0.6240875912408759,18.0,,-15.59999738420759,-16.222341685457963,59.02681203871004,36.70588626003771,124,Buy,0.2521206872119004
CINELINE.NS,1,0.6258691926956611,2025-09-01,272,1.103448275862069,5.0,,-9.26539554833147,-4.94315347930512,39.32950727070554,32.82674786133522,125,Buy,0.2517383853913222
TRIGYN.NS,1,0.6254832854096871,2025-09-01,272,0.46938775510204084,5.0,,0.06907428014633524,3.0955376388672664,49.1357067513053,38.71111360526422,126,Buy,0.25096657081937424
PREMIER.NS,1,0.6254046858030889,2025-09-01,272,-1.5341483484189489,,,3.4482724601392922,3.092780464424631,36.60756833037093,56.756752402873396,127,Buy,0.2508093716061779
ATLASCYCLE.NS,1,0.6253083846731644,2025-09-01,272,0.25191615829813857,2.27,,-2.5326413679136297,9.712708193952865,29.170291695180406,42.47531863016735,128,Buy,0.2506167693463288
GEECEE.NS,1,0.6251128216713566,2025-09-01,272,0.6856780735107731,8.0,,6.698877719682601,8.83872943402409,45.47739932867279,57.11406689858886,129,Buy,0.25022564334271324
CSLFINANCE.NS,1,0.624368416672244,2025-09-01,272,1.3982758620689655,,,3.428474483656993,-9.751335435940812,27.406300902947926,50.19281750161043,130,Buy,0.24873683334448793
INFOMEDIA.NS,1,0.6237303740524893,2025-09-01,272,-1.1715966386554624,,,0.5016757477033872,16.023174286656648,47.43622085193353,54.935625918756315,131,Buy,0.24746074810497865
BIOCON.NS,1,0.623464209172814,2025-09-01,272,0.2401301382719139,2.0,,18.329880992818325,10.562285375318972,24.601753586070654,81.63931893625212,132,Buy,0.24692841834562795
ACCURACY.NS,1,0.6232902419923546,2025-09-01,272,1.4793388429752066,8.0,,7.436391931019674,11.359025604028414,45.635452903170524,55.90550515913311,133,Buy,0.24658048398470922
PAR.NS,1,0.6226067150393753,2025-09-01,272,0.19815841398102044,18.35,,-2.163410140040364,-9.19376640133181,36.33996779107113,41.381686720062746,134,Buy,0.24521343007875052
ZENITHSTL.NS,1,0.6220551573394356,2025-09-01,272,-1.6056977538473904,,,-5.546990283101684,19.493176953057105,37.119599942472966,44.5086689270034,135,Buy,0.24411031467887123
TRF.NS,1,0.6220283801019484,2025-09-01,272,3.1772151898734178,20.0,,-9.781537129587369,-10.766356281030957,35.27502729628492,27.173176282349203,136,Buy,0.24405676020389677
INDIGO.NS,1,0.62201760203974,2025-09-01,272,14.068523742360131,17.0,,-0.8418850883734785,-9.26132098652806,33.64002240375552,44.47779986199654,137,Buy,0.24403520407947998
MUTHOOTCAP.NS,1,0.6218170794022995,2025-09-01,272,4.678843226788432,,,-0.9951239140791525,-14.284485116436182,43.55668680606879,29.390970321753613,138,Buy,0.24363415880459893
PAYTM.NS,1,0.6210581492239756,2025-09-01,272,0.3921337729627885,-12.0,,2.098923067634169,-1.139869479572934,36.434607752393774,36.71447898057838,139,Buy,0.24211629844795124
NAHARCAP.NS,1,0.6207630095892973,2025-09-01,272,0.03329864724245578,4.0,,2.7176346286231166,5.744882374125918,27.461099124463278,38.05030601546512,140,Buy,0.24152601917859462
VINEETLAB.NS,1,0.6207003682153994,2025-09-01,272,5.5,-28.0,,-11.880669538261316,6.056829582710453,66.78733644146995,31.276598047199442,141,Buy,0.24140073643079885
ICICIPRULI.NS,1,0.620563753384703,2025-09-01,272,24.498232104973678,9.0,,-1.9266252504181653,-23.80556492215388,31.563602340046398,22.58783606648136,142,Buy,0.24112750676940609
SABTNL.NS,1,0.6203310599238429,2025-09-01,272,,143.0,,,,,,143,Buy,0.2406621198476857
ZUARIIND.NS,1,0.6197823816752425,2025-09-01,272,0.3751039645134461,3.0,,-3.304120457903777,1.2914762880291901,31.143503126911597,29.27105382981756,144,Buy,0.23956476335048493
RELIGARE.NS,1,0.619681675392338,2025-09-01,272,0.044027721157766,-1.0,,5.348351263825465,11.358520014821025,28.121004164639185,61.77375354645263,145,Buy,0.23936335078467597
VINNY.NS,1,0.6196031704541352,2025-09-01,272,0.4578313253012048,13.0,,-8.695654427396825,-7.079649845391881,28.586598496343502,19.047608234980913,146,Buy,0.2392063409082703
VHL.NS,1,0.6192765348872316,2025-09-01,272,0.0010638297872340426,6.0,,0.7660804436220761,3.5734649895979937,32.00871438992065,32.10732460217652,147,Buy,0.2385530697744631
RAYMONDLSL.NS,1,0.6192042708560814,2025-09-01,272,0.39859627068929393,2.0,,-12.341000705443275,-21.641705555844425,33.07606719665374,29.46317103620474,148,Buy,0.23840854171216286
GREENLAM.NS,1,0.619117481470054,2025-09-01,272,0.8472454090150251,12.0,,2.435411065783542,-5.981392593783733,46.37312405289819,51.43409099281636,149,Buy,0.23823496294010793
ORIENTCEM.NS,1,0.6191169445250971,2025-09-01,272,0.4362578768783325,9.0,,-4.215723223034598,-10.132684916312064,24.890675932513993,58.14669744782225,150,Buy,0.23823388905019427
RHL.NS,1,0.6180522853000612,2025-09-01,272,0.2544704264099037,5.0,,0.9950205177360165,-3.9814978358597166,36.47305441357653,51.45469600141248,151,Buy,0.23610457060012235
HYUNDAI.NS,1,0.6179617626324952,2025-09-01,272,0.8001412429378532,54.0,,5.853874661269318,-10.92179790775352,24.027760134739694,53.16314839427593,152,Buy,0.2359235252649905
GSLSU.NS,1,0.6178924329452601,2025-09-01,272,0.2,4.0,,-5.574857237046261,-35.78599255027949,28.867881877134295,30.679144494906737,153,Buy,0.23578486589052017
SILINV.NS,1,0.617801196188444,2025-09-01,272,0.08923076923076922,2.0,,-8.719612340035791,-4.531589503305306,32.73662457522032,24.29637778558393,154,Buy,0.23560239237688796
GOLDENTOBC.NS,1,0.6176175870731783,2021-12-01,1642,-2.343570057581574,,,-7.41818514737216,-11.010141414464648,47.81831296866692,39.99999318804107,155,Buy,0.23523517414635653
JSL.NS,1,0.6175708387504251,2025-09-01,272,0.9787270840539606,20.0,,-10.72453038960535,-13.677319408925307,21.86978558804222,23.161410862157908,156,Buy,0.23514167750085013
GVPTECH.NS,1,0.617415927924705,2025-09-01,272,0.3953488372093023,-1.0,,-4.788727891797453,-8.027206576953375,33.99170621408066,52.9069873821145,157,Buy,0.23483185584941002
AHLUCONT.NS,1,0.6172776426473008,2025-09-01,272,1.04932502596054,18.0,,-11.11111111111111,-2.1013597033374536,28.026359796802126,37.61360589101165,158,Buy,0.23455528529460157
AURUM.NS,1,0.6170975616201481,2025-09-01,272,0.13023740037205822,1.22,,-2.144125026215953,-6.71090999737032,25.649137760690216,47.5769443763757,159,Buy,0.23419512324029612
AGRITECH.NS,1,0.6168681451014516,2025-09-01,272,0.010093943633819618,-1.1,,-3.893536432605951,-17.721322343872277,28.22436926594083,33.77859205513357,160,Buy,0.2337362902029032
DGCONTENT.NS,1,0.616724639461435,2025-09-01,272,3.5384615384615383,-1.0,,-14.336229200642528,-4.171160984137046,46.68561495965397,19.64095921717734,161,Buy,0.23344927892286993
RAMAPHO.NS,1,0.6162100160558305,2025-09-01,272,0.594059405940594,8.0,,-10.117785927308823,-10.484516859488844,36.514287293150815,23.896566511184943,162,Buy,0.23242003211166096
DEVIT.NS,1,0.6160272730246497,2025-09-01,272,0.5503875968992248,26.0,,-13.004346292095455,11.097904063461565,52.06289700759689,38.10392494817384,163,Buy,0.23205454604929932
SAREGAMA.NS,1,0.615542759693406,2025-09-01,272,0.32248342374924654,18.0,,23.353202375338782,29.31402252941597,59.99442016733123,71.35935122201607,164,Buy,0.231085519386812
SHREERAMA.NS,1,0.6151700465452565,2025-09-01,272,0.26785714285714285,15.0,,-7.630957021131729,-24.82456408048931,48.582713148564416,29.531681320847753,165,Buy,0.23034009309051307
ORISSAMINE.NS,1,0.6148796760221961,2025-06-01,364,-11.46692607003891,-39.0,,-5.61096620191754,-2.433279991815671,30.240704905723415,36.93364179073029,166,Buy,0.22975935204439213
VIVIDHA.NS,1,0.6147975948702151,2025-09-01,272,26.217391304347775,-14.42,,3.571425150243618,1.754384313814067,48.30476685344291,66.66667991215064,167,Buy,0.22959518974043025
DUCON.NS,1,0.614586609570575,2025-09-01,272,0.8116883116883117,8.0,,7.272727666807574,2.9069739235228065,36.08496486825872,57.28155002707094,168,Buy,0.22917321914114996
FMGOETZE.NS,1,0.6142850219561742,2025-09-01,272,0.3198757763975155,21.0,,-9.701012410328765,-1.2351488414951195,38.15698962085709,28.398910640467136,169,Buy,0.22857004391234836
ARIHANTCAP.NS,1,0.6140279075364427,2025-09-01,272,1.3994708994708995,22.0,,-5.025485677280496,-20.301739017972398,30.155535562557787,23.203252287254045,170,Buy,0.2280558150728853
JKCEMENT.NS,1,0.6139570488477869,2025-09-01,272,1.703139571028909,15.0,,-5.267014747641293,-10.59820193637621,34.0807609725826,32.68482490272373,171,Buy,0.2279140976955738
BAJAJHIND.NS,1,0.6139438837500504,2025-09-01,272,2.1147540983606556,1.0,,-9.458128810116953,20.60367084518699,34.83759976757106,41.66666209925783,172,Buy,0.22788776750010076
GSS.NS,1,0.6133045416278391,2025-09-01,272,0.7473996407535821,0.46,,-6.96551881987473,-10.365451161768572,35.45463158403698,43.573671179129896,173,Buy,0.2266090832556782
SILVERTUC.NS,1,0.6129844132347584,2025-09-01,272,0.8811188811188811,23.0,,2.9922894654503085,17.68283633802303,51.9627689095313,61.453509752551575,174,Buy,0.22596882646951677
AIIL.NS,1,0.6128160520274627,2025-09-01,272,0.20519785171924193,31.0,,-1.6334522308681376,-4.72636815920398,41.53325694782989,44.67524083531837,175,Buy,0.2256321040549254
USK.NS,1,0.6127404024234989,2025-09-01,272,1.0186335403726707,-1.0,,-2.07210947944399,-16.20567900189125,29.366610461505637,52.738322902235,176,Buy,0.22548080484699784
ECLERX.NS,1,0.6124338537459832,2025-09-01,272,0.5027322404371585,29.0,,6.468020111175184,-13.157664574334053,50.32842563080789,33.85511874600999,177,Buy,0.2248677074919665
PARSVNATH.NS,1,0.6121691333754956,2025-06-01,364,380.2,-4.0,,-50.55486561481833,-42.87748946186481,41.31549211594282,0.0,178,Buy,0.22433826675099122
TIPSMUSIC.NS,1,0.6118831275031836,2025-09-01,272,0.43410852713178294,109.0,,1.9624441681458868,18.062741228113115,39.566123885961076,52.188115808101685,179,Buy,0.22376625500636727
PARAGMILK.NS,1,0.6118696954928953,2025-09-01,272,0.734412955465587,14.0,,-0.860688497721763,16.88222982416211,34.83945524114153,63.44447343620689,180,Buy,0.22373939098579054
SHK.NS,1,0.6117567567272187,2025-09-01,272,0.9931787175989086,8.0,,-9.054199404351658,-13.2175307567275,50.041923622618654,32.32795375692568,181,Buy,0.22351351345443748
GMMPFAUDLR.NS,1,0.6116695950491632,2025-09-01,272,0.6597307221542228,8.0,,-15.333220413855503,-20.160364266054305,25.220244599832252,17.749029043268493,182,Buy,0.22333919009832637
IFBIND.NS,1,0.6116204021796599,2025-09-01,272,1.5974304068522485,20.0,,7.932272196243249,9.791369774801256,54.81929077464598,57.87916216742622,183,Buy,0.2232408043593197
LASA.NS,1,0.6114493694128539,2025-09-01,272,0.2857142857142857,-1.0,,2.5925929414446354,5.7251943824215745,35.26224040451055,52.42719323058034,184,Buy,0.22289873882570777
ANSALAPI.NS,1,0.6114180544736063,2025-03-01,456,-2.761013215859031,40.0,,8.241756694240037,7.945204226736716,27.367583319953283,45.54454370428144,185,Buy,0.22283610894721262
IMPAL.NS,1,0.6105922115320646,2025-09-01,272,0.12089201877934272,4.0,,8.14977616877773,5.447083700503522,35.08838547569204,60.97467561694577,186,Buy,0.2211844230641291
MAHEPC.NS,1,0.6104952915254658,2025-09-01,272,0.7298850574712644,7.0,,-0.8142485768008557,-2.043889150736146,30.230852667533632,38.54717017393858,187,Buy,0.22099058305093155
KOLTEPATIL.NS,1,0.6103871112971193,2025-09-01,272,4.144617912900575,8.0,,-3.5131595009251644,1.0890492298077048,43.30832991709111,46.58146441532002,188,Buy,0.22077422259423862
SABEVENTS.NS,1,0.6102922601554934,2025-09-01,272,-1.3865546218487397,-200.0,,-18.386110293652784,-55.53700569604164,32.01555317805018,0.0,189,Buy,0.22058452031098685
ORIENTBELL.NS,1,0.6098151034680682,2025-09-01,272,0.6178343949044586,2.0,,10.22243989275223,11.003138118009886,72.32432555174586,55.04107910599613,190,Buy,0.21963020693613644
SHAHALLOYS.NS,1,0.6096995116457187,2025-09-01,272,2.7027027027027026,-21.0,,1.7331089177641819,7.002886954465855,37.28037608996635,41.628731922145406,191,Buy,0.21939902329143735
INFY.NS,1,0.6095819776744626,2025-09-01,272,0.442522526415869,41.0,,-1.7684907387495037,-8.984709963617208,32.923786064620316,46.372245647910525,192,Buy,0.2191639553489253
BHARTIARTL.NS,1,0.6094693809295126,2025-09-01,272,1.8322163542952268,8.0,,-3.0633902550524157,-5.770221535291087,27.290929788320405,61.13256027323658,193,Buy,0.21893876185902528
ESSARSHPNG.NS,1,0.6093826221278278,2025-09-01,272,-1.0266552020636286,122.0,,-18.694765417189075,-11.407407124837238,44.62826019080649,30.26633174880051,194,Buy,0.21876524425565558
CANBK.NS,1,0.6093540986745289,2025-09-01,272,15.297614760229383,,,-4.567338843092976,-16.389669515155983,27.059904310728577,43.558966756064926,195,Buy,0.2187081973490579
TAJGVK.NS,1,0.6093450555587242,2025-09-01,272,0.4088888888888889,21.0,,9.623296766015764,1.5542486196389296,39.721462093083474,58.95983714729942,196,Buy,0.2186901111174484
AFSL.NS,1,0.6092659830142966,2025-09-01,272,0.0,15.0,,-0.8435729156089105,-0.009951383959689836,16.235728436802994,34.06597828893756,197,Buy,0.21853196602859315
MOL.NS,1,0.6092473842665975,2025-09-01,272,0.8275058275058275,6.0,,-2.4009619326334226,-4.856644541125108,54.75686062264261,22.573361876107597,198,Buy,0.21849476853319505
IRCON.NS,1,0.6091984254277779,2025-09-01,272,1.2299473521213997,15.0,,-10.052564624532023,-7.518749560625623,28.879422817776472,19.41242390283793,199,Buy,0.21839685085555582
ZYDUSLIFE.NS,1,0.6090070674379177,2025-09-01,272,0.4711209684872008,31.0,,18.31805237504729,18.695956460446336,30.054022345547278,76.83755620667061,200,Buy,0.21801413487583532
KELLTONTEC.NS,1,0.6089607292147367,2025-09-01,272,0.3576388888888889,11.0,,7.707251377747504,-16.557958323523838,32.498265570160015,61.40348738629114,201,Buy,0.2179214584294733
CAPACITE.NS,1,0.6083853724486795,2025-09-01,272,1.0247191011235954,17.0,,-10.153149111077436,-7.105060926552816,32.76135701317477,27.209112013851723,202,Buy,0.21677074489735904
EUREKAFORB.NS,1,0.6081494602615366,2025-09-01,272,0.5043381535038932,5.0,,-13.105693219459669,-12.265840831060935,36.69775230309209,25.866040809586806,203,Buy,0.2162989205230732
SAGARDEEP.NS,1,0.6081361072343836,2025-09-01,272,0.5513111039171253,7.14,,6.450323194735717,4.318808053100228,49.99151637748372,66.04010165836604,204,Buy,0.2162722144687672
ETERNAL.NS,1,0.6081044086405423,2025-09-01,272,0.05675600223338917,7.0,,1.4370736628345608,-1.3464559720257137,29.220760186643297,54.48828139426878,205,Buy,0.21620881728108454
SITINET.NS,1,0.6079930049262933,2025-06-01,364,-1.5328185328185329,,,-8.108108325802206,-12.820508705793602,33.419023891251435,37.500004656608645,206,Buy,0.21598600985258654
ZOTA.NS,1,0.6079199896970245,2025-09-01,272,0.1337719298245614,6.0,,-14.263949234972417,-11.443414702334717,31.680230026940155,25.82370220230031,207,Buy,0.2158399793940491
FORCEMOT.NS,1,0.607893413496599,2025-09-01,272,0.51171875,29.0,,-7.205146533238027,-20.362342548666774,40.0289788238198,35.120813904196694,208,Buy,0.21578682699319796
ARE&M.NS,1,0.6077895818093211,2025-09-01,272,0.36357794627939855,17.0,,1.3206778290760168,3.178852838962775,57.95479825327116,54.34561891344414,209,Buy,0.21557916361864216
INNOVANA.NS,1,0.6075371152014651,2025-09-01,272,0.10975609756097561,32.0,,-11.04042250403827,-22.152632486177364,43.53720225389744,21.66413205144046,210,Buy,0.21507423040293028
BIOFILCHEM.NS,1,0.6071279203077551,2025-09-01,272,1.59906103286385,4.12,,4.2483669389728895,3.3274472867459486,55.58421412013583,54.259268743675285,211,Buy,0.21425584061551017
RVHL.NS,1,0.6070769646809371,2025-09-01,272,0.012581392782253622,-0.18,,-5.6616882435860285,1.5805345169804748,48.61127999548809,48.14348636372039,212,Buy,0.21415392936187416
BAJAJELEC.NS,1,0.6065975070017102,2025-09-01,272,1.425064599483204,12.0,,-20.613479585543402,-15.013510214315879,39.07388869096179,12.977803288952202,213,Buy,0.21319501400342045
TVSMOTOR.NS,1,0.6064026196141238,2025-09-01,272,1.3540787984775229,35.0,,-3.9279668758847994,-11.75962703292287,28.921836783790095,29.91280585998149,214,Buy,0.21280523922824757
CHEMFAB.NS,1,0.6063889449311848,2025-09-01,272,0.4648910411622276,6.0,,0.08647777993109226,4.206322375217498,42.64043930871548,21.316465207161713,215,Buy,0.21277788986236956
SELMC.NS,1,0.6063632038220006,2025-09-01,272,-3.9966777408637872,-13.0,,-7.109444343602049,-9.781948811199637,27.433050909575783,38.616739250286244,216,Buy,0.2127264076440012
INDOUS.NS,1,0.6058250000154297,2025-09-01,272,0.3448275862068966,21.0,,-2.0031356632853803,-33.78449957307383,27.234307007702167,5.685174238687566,217,Buy,0.21165000003085943
ARIES.NS,1,0.6057668493934354,2025-09-01,272,1.0299003322259137,19.0,,-11.330698287220025,-2.1233240407689293,33.572778750691704,32.364023364934454,218,Buy,0.21153369878687078
RAINBOW.NS,1,0.6057195262538619,2025-09-01,272,0.5643939393939394,18.0,,9.183681548842708,13.408929136131118,20.851052128333357,70.26736627443199,219,Buy,0.21143905250772388
INDHOTEL.NS,1,0.6056557265744147,2025-09-01,272,0.23751745810055866,17.0,,2.8937682032788987,-3.238929767552786,24.76972894520376,47.07590392129165,220,Buy,0.21131145314882938
SARLAPOLY.NS,1,0.6054874156402945,2025-09-01,272,0.48333333333333334,12.0,,9.865718931786558,19.464217109710727,40.08718101587577,67.52941693896885,221,Buy,0.21097483128058903
NCC.NS,1,0.6054468926878871,2025-09-01,272,1.886414547371195,20.0,,-7.804727467283359,1.4547831745000543,26.946797923705677,26.445204656585403,222,Buy,0.2108937853757742
PGHL.NS,1,0.6052884993131279,2025-09-01,272,0.44193548387096776,48.0,,18.445502858836207,20.649467078394263,38.530686437034625,69.1216584833606,223,Buy,0.21057699862625578
SAGILITY.NS,1,0.6052273399622281,2025-09-01,272,0.1127521961579303,4.0,,-1.6770501552245403,-3.207548493887398,25.047120221905555,20.481870952619516,224,Buy,0.2104546799244562
DCAL.NS,1,0.60517535353768,2025-09-01,272,0.29672544080604535,1.0,,7.391061042982401,7.396990544836172,60.076673001238035,56.650868276624706,225,Buy,0.21035070707536008
DIGJAMLMTD.NS,1,0.6050160929436164,2025-09-01,272,16.567099567099568,5.04,,-1.175192397304325,1.3842351400127584,59.97829156513696,38.68796739312821,226,Buy,0.21003218588723271
BALAJITELE.NS,1,0.6049239713175972,2025-09-01,272,0.26917293233082706,0.0,,-8.190229537702589,-10.269146604999076,66.11671411858097,13.434163731262075,227,Buy,0.20984794263519446
SAMHI.NS,1,0.6048622424951531,2025-09-01,272,0.08044058744993324,1.0,,5.938438936186978,2.109417175073353,40.1048005482221,63.74031021638012,228,Buy,0.20972448499030616
MORARJEE.NS,1,0.6048130304700465,2024-03-01,821,-1.91875,-22.0,,9.604524187901859,10.54131410207861,51.46224705003098,55.13078771974328,229,Buy,0.20962606094009306
KHADIM.NS,1,0.6047584425277596,2025-09-01,272,2.4698795180722892,9.0,,0.03933613390401113,-25.63052244315992,60.15041639168698,41.91886738444226,230,Buy,0.20951688505551913
SBICARD.NS,1,0.6047220610617403,2025-09-01,272,3.7235970250169035,,,-3.0284204473737444,-19.627047413911626,17.825602329536018,34.86727824253319,231,Buy,0.20944412212348062
MEDPLUS.NS,1,0.604709004007805,2025-09-01,272,0.1206896551724138,5.0,,1.6579646861083677,7.1839079409791795,35.405734626914025,53.58922357778245,232,Buy,0.20941800801561006
ARSHIYA.NS,1,0.6045915939254516,2024-03-01,821,-5.488439306358382,-5.0,,-7.812502037268178,-30.177520260640872,40.37774353016248,20.00000953673407,233,Buy,0.20918318785090317
ITI.NS,1,0.604177955935039,2025-09-01,272,6.150930392832529,-1.0,,0.5085616263516342,9.835463947526279,23.882827464062018,58.304703416433505,234,Buy,0.20835591187007796
MPHASIS.NS,1,0.6041018201368176,2025-09-01,272,0.3609923011120616,34.0,,0.9197117172858661,-1.6624879068583134,30.87574449734275,57.236827880433005,235,Buy,0.20820364027363514
VSTTILLERS.NS,1,0.6040357428216593,2025-09-01,272,0.2688679245283019,13.0,,-11.639091958445556,-22.981470612895112,23.016598258775165,26.666666666666657,236,Buy,0.20807148564331857
GILLANDERS.NS,1,0.6038460179641113,2025-09-01,272,0.7864768683274022,4.0,,0.5437146639602615,-3.6875009536743164,45.579387192010174,25.11304772418478,237,Buy,0.2076920359282226
CREDITACC.NS,1,0.6038084370122446,2025-09-01,272,2.8636236739251815,,,0.4886789533616018,0.09271043240409751,54.20469427638175,16.02023608768971,238,Buy,0.20761687402448925
PRAXIS.NS,1,0.6036894213807935,2025-09-01,272,5.117647058823529,-10.0,,-10.972575324808135,-12.820509984062342,51.03542389036494,32.7272785071134,239,Buy,0.20737884276158702
MANAKCOAT.NS,1,0.603505457338785,2025-09-01,272,1.2326283987915407,16.0,,-7.038490445685391,-15.596186685268846,52.62754032196468,48.63653681998013,240,Buy,0.20701091467757005
NACLIND.NS,1,0.6031982263850447,2025-09-01,272,1.846938775510204,-8.0,,-1.1040773635232917,16.12404263064861,39.91819758699094,26.34097271905472,241,Buy,0.20639645277008944
GUJTHEM.NS,1,0.6030616974345786,2025-09-01,272,0.4226415094339623,27.0,,7.6296379583932765,21.066019767750227,79.91104777469398,51.21491149902796,242,Buy,0.2061233948691572
AMJLAND.NS,1,0.6030006695921813,2025-09-01,272,0.06572769953051644,11.0,,-10.514862427923473,-8.75030629471127,31.090827934955183,27.185389960416543,243,Buy,0.2060013391843627
SHIVAMAUTO.NS,1,0.6029384210605861,2025-09-01,272,476.0,3.0,,-3.411510564179688,-14.608852848407755,27.86945769970886,30.16305756253304,244,Buy,0.2058768421211723
TARMAT.NS,1,0.6028915569246285,2025-09-01,272,0.2342857142857143,2.0,,-2.413277850490049,-5.512961893137222,15.746254468950333,38.1601068375374,245,Buy,0.20578311384925696
VIRINCHI.NS,1,0.6027689697785983,2025-09-01,272,0.4457013574660634,6.0,,-3.407814055881054,-9.854011259522323,33.323564937438434,48.34953160681787,246,Buy,0.20553793955719657
FUSION.NS,1,0.6024719748694073,2025-09-01,272,2.6965589155370178,,,-5.681217593620758,-2.8311629553450914,58.88105638438114,20.6082035209229,247,Buy,0.20494394973881458
HMT.NS,1,0.6022460406641196,2025-09-01,272,1.7730061349693251,2.0,,-11.179722076311052,14.399332867074802,25.130646820090625,21.59786698318517,248,Buy,0.20449208132823915
SUNCLAY.NS,1,0.6021561372706511,2025-09-01,272,1.1666666666666667,9.0,,-7.348600097783173,-2.1293788696368625,32.85676579074852,26.090533017616792,249,Buy,0.20431227454130219
HLVLTD.NS,1,0.6021437024594655,2025-09-01,272,0.36784140969163,6.0,,-4.6263384247246675,-4.057281001726743,46.24959172874799,35.249036825704906,250,Buy,0.20428740491893094
SANGAMIND.NS,1,0.6020138145794361,2025-09-01,272,2.0049019607843137,7.0,,-0.8265233624159058,9.172663043516865,41.85404538371634,51.94919459276219,251,Buy,0.2040276291588723
TREL.NS,1,0.6019874941839755,2025-09-01,272,0.055944055944055944,3.0,,-5.087266333859241,8.627278878274765,48.13970344774647,29.92124801693285,252,Buy,0.20397498836795092
ASIANHOTNR.NS,1,0.6019785285859247,2025-09-01,272,6.9837837837837835,7.0,,4.753168972722089,5.438973092994646,24.032937583117622,71.30950105975846,253,Buy,0.20395705717184942
SHIVATEX.NS,1,0.6014755175392175,2025-09-01,272,1.1619718309859155,9.0,,0.1956073947375333,-6.793229380689538,55.33691626044731,31.89144476381378,254,Buy,0.20295103507843493
INTENTECH.NS,1,0.601196899990776,2025-09-01,272,0.36220472440944884,11.0,,-3.732242611381218,-13.66654973373797,37.547864010308885,23.519316930470055,255,Buy,0.20239379998155194
TNTELE.NS,1,0.6011525462567655,2025-09-01,272,-1.085561497326203,,,-9.275362345548533,8.179723654198584,37.28853702704019,50.44248758536642,256,Buy,0.20230509251353102
GRASIM.NS,1,0.6007371617994961,2025-09-01,272,0.45873777583887737,2.0,,11.38698475784554,8.665692505832475,23.394672073927882,66.52338586146841,257,Buy,0.2014743235989922
NSIL.NS,1,0.6006884390936985,2025-09-01,272,0.13391392149438344,0.0,,-1.4669135641517357,-5.235557811046266,20.434825900718426,40.55241682360327,258,Buy,0.20137687818739702
HINDALCO.NS,1,0.60062856845485,2025-09-01,272,0.619397892898084,13.0,,8.545274679371387,22.08917819567679,28.89409179763997,68.53448049066671,259,Buy,0.20125713690970004
DNAMEDIA.NS,1,0.600506638982079,2025-09-01,272,-1.8051642239454349,7.94,,-2.006687043082556,-13.823529865502474,32.468193664866966,48.21428723481252,260,Buy,0.20101327796415802
HINDNATGLS.NS,1,0.6004633596524672,2025-06-01,364,-4.616149068322981,3.0,,,,,,261,Buy,0.20092671930493444
CANTABIL.NS,1,0.6002782796282844,2025-09-01,272,1.6146341463414635,18.0,,-14.86660735084509,-25.458713990953058,28.166732441984145,23.117120416314762,262,Buy,0.2005565592565688
CHOICEIN.NS,1,0.599418098756303,2025-09-01,272,0.04665069897775493,3.15,,1.425663808568108,-12.306793662884687,24.848075979271155,44.259735680808035,263,Buy,0.19883619751260606
BAJAJINDEF.NS,1,0.5991439634277465,2025-09-01,272,0.20155038759689922,18.0,,-22.147564335836336,-0.6489651510263029,46.07218117929055,19.5094419900025,264,Buy,0.1982879268554929
DIXON.NS,1,0.5989431630508818,2025-09-01,272,0.6803942273847237,12.0,,1.7571743929359822,8.727238418718747,43.8262770497222,59.994455225949544,265,Buy,0.1978863261017636
CHOLAFIN.NS,1,0.5984714247143338,2025-09-01,272,7.359851703097243,,,-1.0043196527302867,-9.001070733885426,30.760500444981925,31.880963863080098,266,Buy,0.19694284942866758
KRSNAA.NS,1,0.5979815096330641,2025-09-01,272,0.6126609442060086,13.0,,-5.422153255549713,-13.865811070986592,22.990983969169925,21.992183951073528,267,Buy,0.19596301926612814
RUBYMILLS.NS,1,0.5978628732154522,2025-09-01,272,0.7262996941896025,6.0,,8.108796745203374,31.160793616272876,67.18730444322294,59.35778966950458,268,Buy,0.19572574643090435
ASMS.NS,1,0.5971139774767791,2025-09-01,272,0.16975412596833936,-6.31,,-6.194687491409697,-32.1754994433558,34.393903471997724,31.901847669642763,269,Buy,0.19422795495355816
UDAICEMENT.NS,1,0.596975464867143,2025-03-01,456,2.36875,8.0,,,,,,270,Buy,0.19395092973428607
RENUKA.NS,1,0.5968241031534234,2025-09-01,272,-8.131749460043197,10.0,,-19.28646834148184,-2.889928964437798,35.196533712791705,17.174513698700707,271,Buy,0.19364820630684676
DIVGIITTS.NS,1,0.5967855461568118,2025-09-01,272,0.13322368421052633,6.0,,9.535694567533517,3.8451679837452013,37.69198679252697,62.80631415255531,272,Buy,0.19357109231362357
TOUCHWOOD.NS,1,0.5966199974216733,2025-09-01,272,0.3099510603588908,18.51,,-6.421529245403457,-18.097019456467926,32.24123804220957,27.848885161239934,273,Buy,0.19323999484334653
CEREBRAINT.NS,1,0.596579893429683,2025-09-01,272,0.636986301369863,-15.0,,-16.9856418393823,-32.621359915476674,50.131044597676066,28.87699600693429,274,Buy,0.19315978685936597
NESTLEIND.NS,1,0.5964937757024869,2025-09-01,272,1.6829535495179666,96.0,,-2.5435332652486835,7.689393939393939,24.86473128874359,26.145325410010727,275,Buy,0.1929875514049737
INFIBEAM.NS,1,0.5962851592900399,2025-09-01,272,0.40305987865998416,7.0,,,,,,276,Buy,0.19257031858007978
HYBRIDFIN.NS,1,0.5962246823206111,2025-09-01,272,0.5101500441306266,23.88,,-10.553285476341745,-10.644839987708632,39.90394472796999,30.742046254890525,277,Buy,0.1924493646412222
HINDWAREAP.NS,1,0.5961720245732485,2025-09-01,272,0.6779026217228464,-11.0,,3.0855027011475973,-3.986425124335308,65.1408523747234,43.18132314146299,278,Buy,0.19234404914649694
VMART.NS,1,0.5961051111615582,2025-09-01,272,2.1076923076923078,8.0,,5.959475566150179,16.17877184806448,32.429768884401604,44.223736527114234,279,Buy,0.19221022232311635
MANGLMCEM.NS,1,0.5960108503622922,2025-09-01,272,1.6082130965593784,10.0,,-10.818968148067079,-7.592675508450261,28.718284523519856,26.166727554358516,280,Buy,0.19202170072458435
BAJAJHFL.NS,1,0.5959740382216043,2025-09-01,272,4.475473301543836,,,-2.626750295378686,-2.7828679725932437,20.14196373548077,43.78964711773971,281,Buy,0.19194807644320866
GINNIFILA.NS,1,0.5958187907962252,2025-09-01,272,0.38461538461538464,9.0,,1.0655949983835187,7.317072702834319,44.738497751972744,45.92707922405111,282,Buy,0.19163758159245048
UNIPARTS.NS,1,0.5957034060276966,2025-09-01,272,0.34285714285714286,16.0,,12.48245817432514,27.40858246803789,37.66028599631221,62.19376446654651,283,Buy,0.19140681205539312
BRIGADE.NS,1,0.5956621349857935,2025-09-01,272,1.4944858903665261,9.0,,-18.2006300205721,-12.828222507100989,31.07823965895149,18.331346284559487,284,Buy,0.1913242699715869
DABUR.NS,1,0.5953947138239402,2025-09-01,272,0.5288540807914263,25.0,,0.4303496934279445,-14.409805164654724,25.700550287829305,18.988617474453733,285,Buy,0.19078942764788032
YATRA.NS,1,0.5953161070996185,2025-09-01,272,0.5465425531914894,3.0,,-4.9649401348438005,-14.21484380556711,53.70294346877219,46.12717775873941,286,Buy,0.19063221419923693
RGL.NS,1,0.595305173085791,2025-09-01,272,0.8792650918635171,8.0,,2.0950638067382954,-8.250444974617356,38.967877572630805,32.79010009964456,287,Buy,0.190610346171582
FLAIR.NS,1,0.5948459091139016,2025-09-01,272,0.17172675521821631,16.0,,-9.882902075404958,-8.67088414445708,38.18513755246718,25.683067730835248,288,Buy,0.18969181822780312
BIGBLOC.NS,1,0.5946957082050682,2025-09-01,272,2.0949548810500405,-1.34,,3.1546366583440717,-5.066417352920078,54.950469221542974,29.273284728817842,289,Buy,0.18939141641013646
RADICO.NS,1,0.5945112135405137,2025-09-01,272,0.6376414124100103,16.0,,1.737750402089056,29.55081361031848,33.3545694186743,53.28364284035154,290,Buy,0.18902242708102746
RAMKY.NS,1,0.5938327002302122,2025-09-01,272,1.0048543689320388,23.0,,-12.711282421684173,-5.6998098594516415,28.779064029703292,28.223945712187017,291,Buy,0.18766540046042435
MEP.NS,1,0.5936897158220557,2024-03-01,821,-2.962882096069869,-14.0,,-6.122449103716459,-17.117116681728923,22.9123322358455,9.523801414333207,292,Buy,0.1873794316441113
WEL.NS,1,0.5935926375816478,2025-09-01,272,2.03,18.0,,-12.700062977370056,-34.87813612305602,43.847566173855476,31.772199914644574,293,Buy,0.18718527516329564
RKEC.NS,1,0.5935414787522253,2025-09-01,272,1.7655502392344498,14.0,,-11.0521931047993,-27.485778643927656,55.26523708941411,29.797188638207487,294,Buy,0.1870829575044506
SIGIND.NS,1,0.5928701808666319,2025-09-01,272,2.766949152542373,14.0,,-1.2645943707835166,5.663129897632997,41.343615234330024,45.25745425549108,295,Buy,0.1857403617332638
CANFINHOME.NS,1,0.5928119588871787,2025-09-01,272,6.643236317041918,,,-4.11441497670471,-6.126947740079732,27.817179788725475,37.24515284304019,296,Buy,0.1856239177743575
SAPPHIRE.NS,1,0.5925811759393933,2025-09-01,272,1.33869670152856,5.0,,-12.761547321557243,-17.566397213586978,67.44008116897221,46.85155270906776,297,Buy,0.1851623518787866
SRPL.NS,1,0.5925664919808526,2025-09-01,272,3.0,1.0,,-6.818182126057051,-25.454547720507108,21.30347575983816,0.0,298,Buy,0.1851329839617053
SAURASHCEM.NS,1,0.5924041764815112,2025-09-01,272,0.6547743966421826,2.0,,-1.4311609367977653,-8.644608149901384,31.607805653880867,41.04761721379699,299,Buy,0.18480835296302245
MAHAPEXLTD.NS,1,0.5923327999762328,2025-09-01,272,0.17607223476297967,1.0,,-7.708411051556788,-49.04906734117239,39.480040732691215,32.862198052590514,300,Buy,0.18466559995246556
DHANUKA.NS,1,0.5920420168218539,2025-09-01,272,0.3149708360337006,28.0,,7.47739499623274,3.0044566690814065,35.83637149531121,60.72465569301248,301,Buy,0.18408403364370773
DBCORP.NS,1,0.5919563966673286,2025-09-01,272,0.3629661751951431,21.0,,-6.089424426129961,-9.526538027784907,29.94143775489609,14.730574797179628,302,Buy,0.18391279333465715
INDIANHUME.NS,1,0.5917303216043092,2025-09-01,272,0.9628836545324768,12.0,,-3.2187765445046055,-13.20596212466697,30.287920605093284,30.0,303,Buy,0.18346064320861832
FIRSTCRY.NS,1,0.5917221276214653,2025-09-01,272,0.16577626679617938,2.0,,-5.735546522146294,6.038096386181916,33.147463814911795,46.78503544278341,304,Buy,0.1834442552429305
LICI.NS,1,0.5914298262214851,2025-09-01,272,40.68592734633003,53.0,,3.10815729215958,-6.723354625053146,21.242616838317115,57.717922675875144,305,Buy,0.1828596524429702
HEROMOTOCO.NS,1,0.5914239986830331,2025-09-01,272,0.49890632429862103,31.0,,-4.135301593508652,-10.667759861528651,24.791538098950635,26.850828729281773,306,Buy,0.18284799736606616
GRINDWELL.NS,1,0.5913176946693414,2025-09-01,272,0.3683281870313189,21.0,,15.55807279948151,9.012271260103875,35.79538459331879,56.21801671860447,307,Buy,0.18263538933868273
ORIENTHOT.NS,1,0.5908642835030866,2025-09-01,272,0.6402714932126696,14.0,,-3.83492462718677,-5.152389822737958,32.86079740601745,29.953204007911083,308,Buy,0.18172856700617324
ABREL.NS,1,0.5906772442847189,2025-09-01,272,1.7183318465655664,4.0,,-16.310046447829354,-1.893042993820997,44.92877208451877,26.71758150157396,309,Buy,0.1813544885694378
POCL.NS,1,0.5906018493303052,2025-09-01,272,0.11366906474820145,17.0,,-6.71360115560128,15.273546980100896,59.86468348023206,42.650823051842515,310,Buy,0.18120369866061048
MASFIN.NS,1,0.5906015712954378,2025-09-01,272,3.5100502512562812,,,-5.200976375236432,-9.425386491118276,27.407834355508378,19.999980623741152,311,Buy,0.18120314259087555
IXIGO.NS,1,0.5905797638415933,2025-09-01,272,0.42877906976744184,15.0,,-0.9239052157350242,-6.075313467028417,40.62160728787895,49.98317837162018,312,Buy,0.18115952768318655
NESCO.NS,1,0.5904509059642981,2025-09-01,272,0.19792783136834582,21.0,,-1.995826673408142,2.7041240688225767,35.831233385202175,28.584739420600542,313,Buy,0.1809018119285961
MAXHEALTH.NS,1,0.5896247827251293,2025-09-01,272,0.22142436727486756,13.0,,-4.122789688708568,-10.935769903088381,27.79096557218131,40.33046659674141,314,Buy,0.1792495654502586
VINDHYATEL.NS,1,0.5895034283807766,2025-09-01,272,2.0231578947368423,12.0,,61.468224981738494,109.03073286052009,81.6934286273725,69.3405017895498,315,Buy,0.17900685676155326
AXISBANK.NS,1,0.5891117765279577,2025-09-01,272,7.826699938930655,,,-0.7559432770416952,-7.218574970118433,21.66558353702977,56.27140312463658,316,Buy,0.1782235530559153
UGROCAP.NS,1,0.5890280197363434,2025-09-01,272,3.3763702801461632,,,-10.348947763589097,-17.087051164825503,41.33600393234541,24.121483274851883,317,Buy,0.1780560394726869
AGROPHOS.NS,1,0.5889771019155273,2025-09-01,272,1.338235294117647,14.0,,3.406250476837158,-3.018753843905758,54.57378158423465,54.73215027731494,318,Buy,0.17795420383105465
OMINFRAL.NS,1,0.5888968790833476,2025-09-01,272,0.4012820512820513,6.0,,-6.209116263300101,-0.3418448546663839,31.4697446830272,25.18055985124704,319,Buy,0.1777937581666953
JUSTDIAL.NS,1,0.5887935876987488,2025-09-01,272,0.18533688306369037,7.0,,-1.548278197991481,-12.530224996092121,17.98255963838758,34.343409433658024,320,Buy,0.17758717539749758
SHRENIK.NS,1,0.5887141971952251,2025-09-01,272,-1.021080743224047,,,-2.5641002128344392,-9.523807834335413,24.78340118305507,24.999981373544628,321,Buy,0.17742839439045022
KOHINOOR.NS,1,0.5886062050689086,2025-09-01,272,-2.2934131736526946,0.0,,-6.417308289783256,0.07843316770067402,42.762463574916275,40.157476471643946,322,Buy,0.1772124101378172
TCIFINANCE.NS,1,0.5883402775303508,2025-09-01,272,-1.1050946919178446,,,-7.972030266554636,-16.971611793792153,30.12498621008935,30.281713079327147,323,Buy,0.17668055506070157
METROPOLIS.NS,1,0.5881894759458727,2025-09-01,272,0.30519969856819895,13.0,,16.777884873305705,17.480551130650632,37.91321967221711,48.678923318644564,324,Buy,0.17637895189174535
RCOM.NS,1,0.5881293317288616,2025-09-01,272,-1.528603188374363,,,-7.142856273984786,-5.2083284826948155,24.542226686726934,36.36365114164553,325,Buy,0.17625866345772323
PNBHOUSING.NS,1,0.587921310238853,2025-09-01,272,3.769752571587434,,,-1.4488618620318903,23.902847766639493,34.81074036653494,38.13795926974177,326,Buy,0.17584262047770594
3PLAND.NS,1,0.5878975554557853,2025-09-01,272,0.10841022001419455,2.28,,-11.975209090867073,-9.186051205211408,42.859760986026785,28.06394123604659,327,Buy,0.17579511091157052
VIPIND.NS,1,0.5876125636242833,2025-09-01,272,3.0232558139534884,-3.0,,1.029184319268542,-19.559380957261453,36.188363498259086,43.06357756957414,328,Buy,0.17522512724856654
KPITTECH.NS,1,0.5874788059677531,2025-09-01,272,0.29764344262295084,34.0,,1.6994960307648392,1.505590033797666,31.620600597889485,65.5492668881943,329,Buy,0.1749576119355063
EMMBI.NS,1,0.5874156154012089,2025-09-01,272,1.218274111675127,8.0,,-1.1742354316657437,-8.167092899752552,26.98561978695534,51.552402689531796,330,Buy,0.1748312308024178
RELINFRA.NS,1,0.5873469647034353,2025-09-01,272,0.25344239385095974,-1.0,,-18.535470572419886,-32.963694647978336,32.25332602155759,0.0,331,Buy,0.17469392940687056
NCLIND.NS,1,0.5870828547327965,2025-09-01,272,0.8402234636871508,7.0,,3.4906684585181305,-1.513358442014881,28.504838202492707,57.30821883767897,332,Buy,0.17416570946559307
SAILIFE.NS,1,0.5870254173302388,2025-09-01,272,0.4333478072079896,14.0,,8.466973955060041,23.02470781256453,35.40680807855854,55.5192773053632,333,Buy,0.17405083466047766
SAGCEM.NS,1,0.5868852070956329,2025-09-01,272,0.6928792569659443,-2.0,,-3.2142460660026746,-9.434541051398233,32.134869719256336,36.83098636953343,334,Buy,0.1737704141912657
SBCL.NS,1,0.586671581050834,2025-09-01,272,0.23515439429928742,26.0,,22.84196049290953,47.19045251118846,64.998442636868,67.03477565579348,335,Buy,0.1733431621016679
IWEL.NS,1,0.5865566927428889,2025-03-01,456,0.03233574131406949,0.0,,,,,,336,Buy,0.17311338548577782
RELCHEMQ.NS,1,0.5865102331879083,2025-09-01,272,2.4214285714285713,7.0,,8.070350672564855,1.7865819060797612,35.61070220767568,50.961912027996625,337,Buy,0.17302046637581658
THYROCARE.NS,1,0.586439802122605,2025-09-01,272,0.2616279069767442,26.0,,25.213300395834153,23.367445254074084,39.935341719717975,58.0097014265729,338,Buy,0.1728796042452101
PERSISTENT.NS,1,0.5863719051152173,2025-09-01,272,0.5402507174142879,28.0,,8.08398218379932,4.355596276996484,39.40393732446562,53.12136088637712,339,Buy,0.1727438102304346
PGEL.NS,1,0.5863374785101537,2025-09-01,272,0.14592110302566066,7.0,,-9.634833746635065,-21.325506317663844,30.97658835670416,35.51740741011115,340,Buy,0.17267495702030744
SUBROS.NS,1,0.5861120373112666,2025-09-01,272,0.7271157167530224,20.0,,-7.473037123686084,-10.567797010743096,28.34080705574122,26.12989076145456,341,Buy,0.1722240746225332
LYKALABS.NS,1,0.5860452050880989,2025-09-01,272,0.4772727272727273,8.0,,-1.8187972577093918,-7.31319900990111,40.48448834218629,28.82775384338794,342,Buy,0.17209041017619775
DCI.NS,1,0.5859171058746752,2025-09-01,272,2.146067415730337,26.0,,-0.0342910616098167,6.680087549253157,44.4243265399021,56.43015554822503,343,Buy,0.17183421174935032
RBA.NS,1,0.5858656242638642,2025-09-01,272,0.9044843049327355,2.0,,4.203982847351666,6.830569858939883,14.258202036192017,64.53383359020316,344,Buy,0.17173124852772848
BORORENEW.NS,1,0.5858555956961189,2025-09-01,272,0.40313549832026874,6.0,,-0.7123787592827696,6.302966101694915,38.272192810033154,26.507441556573184,345,Buy,0.17171119139223778
USHAMART.NS,1,0.5858448131838591,2025-09-01,272,0.25534591194968553,27.0,,12.007525778167867,24.627509667845782,32.81401584843885,63.759681268868334,346,Buy,0.17168962636771812
HGINFRA.NS,1,0.5857103632933773,2025-09-01,272,1.0871409921671018,24.0,,-1.9075589220063023,2.5746967335786466,22.229289550146504,26.834126281128007,347,Buy,0.17142072658675467
HERANBA.NS,1,0.5856740327804212,2025-09-01,272,1.0655737704918034,9.0,,-20.245675673087316,-14.888532073423521,45.67402115182096,16.641583571020064,348,Buy,0.17134806556084237
TAKE.NS,1,0.5855988886156247,2025-09-01,272,0.2571801566579636,17.96,,-30.693068881983788,-34.77340440313965,56.54578482430399,42.7002530809588,349,Buy,0.1711977772312494
SHALBY.NS,1,0.5853415643814388,2025-09-01,272,0.31864406779661014,12.0,,5.072820683874102,11.13232675547905,34.039941174933084,54.59784534049961,350,Buy,0.1706831287628776
GANGESSECU.NS,1,0.5852673801432715,2025-09-01,272,0.07041356711341652,0.89,,-3.8094456012934637,-5.400418475118926,28.552118012922634,35.942501649887475,351,Buy,0.17053476028654302
HGS.NS,1,0.585038536019606,2025-09-01,272,0.619316046599023,-3.0,,0.0242262854827847,6.239547248380739,27.711071674560834,37.403094815084685,352,Buy,0.17007707203921196
ERIS.NS,1,0.584843406001241,2025-09-01,272,0.9621075424034644,7.0,,5.378127879412625,4.216327067681822,41.90562754241109,51.43556938759707,353,Buy,0.16968681200248192
DCW.NS,1,0.5846515877746414,2025-09-01,272,1.0897920604914935,8.0,,-0.19104256298420583,-3.4893282437297093,38.12153850618088,37.25490562735333,354,Buy,0.16930317554928287
UNIVCABLES.NS,1,0.5846319036471128,2025-09-01,272,1.923841059602649,11.0,,36.799329535672,68.65351692448041,79.80194069290367,49.62256858798209,355,Buy,0.16926380729422563
DIL.NS,1,0.5844691507473232,2025-09-01,272,0.19545454545454546,,,-5.88235328491722,-29.411767026132342,21.979333593443894,0.0,356,Buy,0.1689383014946464
AADHARHFC.NS,1,0.5843124248293596,2025-09-01,272,2.63933236574746,,,-2.3631688578964196,1.531917490857713,25.860668724946862,31.859095810950365,357,Buy,0.16862484965871927
ASTRAL.NS,1,0.5840895642695035,2025-09-01,272,0.3135077980438805,22.0,,1.6357484251059193,-3.4799110307412486,30.646282512533222,51.124785625131175,358,Buy,0.16817912853900707
XELPMOC.NS,1,0.5840146574166675,2025-09-01,272,0.11696977626586415,-11.3,,3.595527910067658,-24.96899601862354,61.82134245153434,61.513005237951546,359,Buy,0.16802931483333494
KPIGREEN.NS,1,0.583626478028609,2025-09-01,272,1.480257116620753,16.0,,-6.70434379024793,6.78589527438956,37.81765809090033,27.38435670724853,360,Buy,0.16725295605721802
UFO.NS,1,0.5836046774263024,2025-09-01,272,0.8602150537634409,6.0,,0.7974620856453782,1.8760401491061067,29.832377158839556,47.31181356461306,361,Buy,0.1672093548526048
ORBTEXP.NS,1,0.5832246900821186,2025-09-01,272,0.19272727272727272,18.0,,7.215483998318785,-4.3915274549435255,30.593915268242128,59.47269261632953,362,Buy,0.16644938016423727
JAYSREETEA.NS,1,0.5830340257958448,2025-09-01,272,1.2926829268292683,4.0,,-5.38269134133874,1.5107186112420168,33.96859940367712,22.918731208682047,363,Buy,0.1660680515916897
BHEL.NS,1,0.5827113766190983,2025-09-01,272,1.9197062621045835,5.0,,18.257142439004028,59.18640925589561,36.28121928981957,59.01639051353512,364,Buy,0.16542275323819666
SADBHAV.NS,1,0.5825905716304881,2025-09-01,272,2.1854066985645932,1.0,,-3.3066126136525655,3.9870678470442003,44.2697012503747,59.1240862362773,365,Buy,0.16518114326097622
NAVINFLUOR.NS,1,0.5825615327945045,2025-09-01,272,0.14749348015068095,12.0,,4.515466940331329,12.658027812895071,26.07338545863171,52.21238938053097,366,Buy,0.16512306558900902
RUSHIL.NS,1,0.5825609699294105,2025-09-01,272,0.9921383647798742,10.0,,-9.666078781656736,-16.422767270188277,43.154653970609786,33.88705582067628,367,Buy,0.16512193985882107
RRKABEL.NS,1,0.5825158108535823,2025-09-01,272,0.5728363324764353,20.0,,30.891155240491724,36.904131080434425,54.85406011965755,63.940211166096645,368,Buy,0.16503162170716457
FINPIPE.NS,1,0.5825120330352772,2025-09-01,272,0.14145077720207253,9.0,,6.411429268973215,-0.2357240077005138,32.374391890025194,62.252634872479845,369,Buy,0.16502406607055442
SIMPLEXINF.NS,1,0.5824600907577472,2025-09-01,272,3.4591947769314473,0.0,,4.589835530299259,20.602390338097006,61.7848643763605,61.87912300932527,370,Buy,0.16492018151549437
SWSOLAR.NS,1,0.5824076676783041,2025-09-01,272,7.731343283582089,13.0,,-9.964478675120498,-8.278320439354053,40.251125954423,17.064746628222693,371,Buy,0.1648153353566082
TVVISION.NS,1,0.5821974381037218,2025-09-01,272,-1.56,-151.0,,-2.4299087244534485,-14.705884186225171,29.682340842874872,41.41414384673405,372,Buy,0.16439487620744364
IVP.NS,1,0.5820596459316144,2025-09-01,272,1.2986111111111112,10.0,,20.189865233094096,26.16072950428715,41.47391914868498,67.83930244073957,373,Buy,0.16411929186322882
RTNINDIA.NS,1,0.5820491065195136,2025-09-01,272,0.6201881950384944,11.0,,-1.6047288498827508,14.89152095754168,44.466163594591954,38.590597153825776,374,Buy,0.16409821303902716
IDBI.NS,1,0.5820284910888406,2025-09-01,272,5.181245262266086,,,-2.7016282242563476,-34.7387928723528,26.39399880126987,52.675286102391574,375,Buy,0.16405698217768117
CEATLTD.NS,1,0.581982167658019,2025-09-01,272,1.854175872735307,16.0,,-10.595572185843467,-14.034112727807269,37.449419999801094,44.441457881319735,376,Buy,0.16396433531603805
BALPHARMA.NS,1,0.5819745360416276,2025-09-01,272,2.65,10.0,,18.329829849283403,15.79082696439505,54.31406815795887,60.05242880541156,377,Buy,0.16394907208325527
REDTAPE.NS,1,0.5818590311731169,2025-09-01,272,1.667832167832168,23.0,,7.174690522484034,11.98331196196509,43.976932295137935,56.57195577808679,378,Buy,0.16371806234623376
DONEAR.NS,1,0.5817295832714299,2025-09-01,272,2.1372549019607843,14.0,,0.14051544263889978,-0.7498628384404782,34.1891764665557,48.003711981411755,379,Buy,0.16345916654285975
TORNTPHARM.NS,1,0.5816171940453656,2025-09-01,272,0.5759905381431106,28.0,,4.237263492555831,2.3957587680295718,25.761633353891884,51.42395998079137,380,Buy,0.1632343880907312
KAYA.NS,1,0.581563965582035,2025-09-01,272,-4.311827956989247,-6.0,,-5.981926362889499,-22.816990807717858,29.374104213855528,41.35735087713053,381,Buy,0.1631279311640701
NDTV.NS,1,0.5812376569250249,2025-09-01,272,33.964285714285715,-28.0,,1.862065813553966,1.6627956903389332,46.64964846063424,55.28979904100247,382,Buy,0.16247531385004987
AWHCL.NS,1,0.5810933823899527,2025-09-01,272,0.18143459915611815,2.0,,-7.885408205208874,-6.495453103537324,25.431555967515806,32.40800793732727,383,Buy,0.16218676477990535
AIAENG.NS,1,0.5809632873954437,2025-09-01,272,0.19621415454160193,19.0,,12.764786483933074,14.044064260730565,31.881751372391587,74.12651975835416,384,Buy,0.16192657479088735
TARC.NS,1,0.5808550517040771,2025-09-01,272,1.2835004557885141,0.0,,-2.487422135115784,-15.564809545123643,25.366253270876665,38.638688588086275,385,Buy,0.16171010340815428
SKMEGGPROD.NS,1,0.5808440703696179,2025-09-01,272,0.7245508982035929,13.0,,23.828002566297165,19.90838274577556,55.34983355793578,65.97999655914779,386,Buy,0.16168814073923587
NELCO.NS,1,0.5807372268204797,2025-09-01,272,0.5887096774193549,3.0,,-3.753762495237172,8.357643768754967,38.69863707740783,36.08816805011609,387,Buy,0.16147445364095936
TVSSRICHAK.NS,1,0.5806757602311622,2025-09-01,272,1.4079391891891893,6.0,,-0.2851076854349077,-2.915877168962735,45.590264599664124,53.57440499135379,388,Buy,0.16135152046232437
CELEBRITY.NS,1,0.5804834974590865,2025-09-01,272,10.0,-13.0,,-4.4685977957913705,2.3285876829816323,43.03206664673342,43.575405005245216,389,Buy,0.1609669949181729
SAKSOFT.NS,1,0.5804698671760499,2025-09-01,272,0.5662650602409639,26.0,,2.226193729470314,-3.4373465070875158,49.49243116522388,40.93946293389007,390,Buy,0.16093973435209974
HAPPSTMNDS.NS,1,0.5803003108037182,2025-09-01,272,0.9704939063502245,14.0,,-0.37523287954488815,2.453149039007489,30.113995509873963,44.13371281163948,391,Buy,0.1606006216074365
HUHTAMAKI.NS,1,0.5800802198334035,2025-09-01,272,0.6040650406504066,7.0,,-9.185381985658807,-7.798988664332232,28.42247829039301,26.361773389899014,392,Buy,0.16016043966680704
IEL.NS,1,0.579900803235768,2025-06-01,364,0.29581728689993214,0.51,,,,,,393,Buy,0.15980160647153596
GODIGIT.NS,1,0.5797266160182853,2025-09-01,272,4.037348877374784,11.0,,-3.0466537345486,-9.60201539722155,16.82730449306643,35.22538651298193,394,Buy,0.1594532320365707
CEWATER.NS,1,0.5796332278998887,2025-09-01,272,0.11915033292694363,3.22,,-14.514420650883133,-11.75553812660712,39.28889672999832,40.01751954647998,395,Buy,0.15926645579977738
POLYCAB.NS,1,0.5795129071397067,2025-09-01,272,0.5897875583500047,30.0,,16.30975026078419,18.85502884374216,30.54544430305894,65.14395393474088,396,Buy,0.15902581427941342
PTCIL.NS,1,0.5795123451683286,2025-09-01,272,0.08982925018559762,5.0,,1.753393665158371,-9.708900289984387,28.400904638969365,41.329058583503354,397,Buy,0.15902469033665723
ROSSELLIND.NS,1,0.5793460433859629,2025-09-01,272,0.4955357142857143,10.0,,-1.7822134897918946,25.850649596150845,47.07253912837801,40.5766523378566,398,Buy,0.1586920867719257
EXPLEOSOL.NS,1,0.5793410131574338,2025-09-01,272,0.27732463295269166,20.0,,7.381928856317481,5.4393022080423155,32.51559320850599,57.65614237523622,399,Buy,0.1586820263148676
TGBHOTELS.NS,1,0.5793047943233699,2025-09-01,272,0.5424947698744772,4.3,,-5.366352183771572,-3.0655386964441558,27.814297292203488,34.90572148837511,400,Buy,0.1586095886467398
UNIINFO.NS,1,0.5792489565914611,2025-09-01,272,0.3004538577912254,-0.97,,-10.378055168893674,-12.518086689135288,48.52606498025099,40.60914123333793,401,Buy,0.15849791318292228
PENINLAND.NS,1,0.5790983043580875,2025-09-01,272,4.097142857142857,6.0,,-1.890034026402251,-6.597606225486047,46.67535097340792,35.15356117807811,402,Buy,0.15819660871617502
APARINDS.NS,1,0.579097153362341,2025-09-01,272,1.3186433354936271,33.0,,6.382288541075338,21.182448036951502,42.86103855134631,53.77643504531723,403,Buy,0.15819430672468204
RISHABH.NS,1,0.5788502191589313,2025-09-01,272,0.09195402298850575,8.0,,10.991200935735943,21.78662493615272,63.03075666237431,50.52148516326329,404,Buy,0.15770043831786262
SALSTEEL.NS,1,0.5788048697827425,2025-09-01,272,8.090909090909092,7.0,,1.5159247207071074,30.21629424959188,39.27113904651024,58.08859969687499,405,Buy,0.15760973956548496
AAVAS.NS,1,0.578685000150199,2025-09-01,272,3.154059829059829,,,-2.7232546473275643,5.822567543106922,26.92355059631295,37.910793189281506,406,Buy,0.15737000030039794
TIINDIA.NS,1,0.5786638935526022,2025-09-01,272,0.26351962380177246,32.0,,5.945829782503983,23.696636539071246,36.303982989202886,55.61686516188162,407,Buy,0.15732778710520434
GICHSGFIN.NS,1,0.578416647769839,2025-09-01,272,4.546046046046046,,,-2.7413432693565065,-5.7077797520318825,19.610049470231093,36.90797468554204,408,Buy,0.15683329553967806
POONAWALLA.NS,1,0.5783910321807739,2025-09-01,272,3.7759112197108533,,,-8.233462391767569,-18.211920292337663,29.903465141432335,9.297519879510233,409,Buy,0.15678206436154785
RAMCOCEM.NS,1,0.5783887001119605,2025-09-01,272,1.183394640042039,5.0,,-6.8334900061211385,-24.05195442864314,24.19550983057582,28.590731561183915,410,Buy,0.15677740022392106
CENTRALBK.NS,1,0.5782185443756226,2025-09-01,272,12.236647645094274,,,-13.703434971257197,-18.79023779880904,30.154899573741762,8.284882592664474,411,Buy,0.15643708875124518
LMW.NS,1,0.5781529640897913,2025-09-01,272,0.4564994882292733,5.0,,5.189500468729075,2.1391417425227566,30.897793037617642,60.59212417361311,412,Buy,0.15630592817958266
MUNJALAU.NS,1,0.5781200975862373,2025-09-01,272,0.7962085308056872,9.0,,11.758863066946468,11.551321305961213,48.646426328606715,55.7799956477726,413,Buy,0.15624019517247456
FORTIS.NS,1,0.5780035780410527,2025-09-01,272,0.30626702997275207,3.0,,0.5959152638015535,0.9678673842869202,23.2814846082517,32.78068950925761,414,Buy,0.15600715608210547
DCMSHRIRAM.NS,1,0.5779416587464924,2025-09-01,272,0.8068574588690723,11.0,,-10.997604076779373,-5.203001617074484,35.86590469276578,7.045351439794786,415,Buy,0.15588331749298479
HDFCLIFE.NS,1,0.5776522956694816,2025-09-01,272,20.890785587714117,7.0,,0.06728858722718241,-19.88686402942512,23.12422631306895,35.23600681770674,416,Buy,0.15530459133896324
NETWORK18.NS,1,0.577470433975696,2025-09-01,272,0.7601641907740422,-1.0,,-10.284405888594844,-12.422883690778457,27.238454542501294,25.942698998570208,417,Buy,0.15494086795139195
ORCHASP.NS,1,0.5774664110095764,2025-09-01,272,0.9171021167301392,-8.26,,-3.448272622135791,-25.47528696349023,22.991847549641136,39.473684210526315,418,Buy,0.15493282201915282
SREEL.NS,1,0.577383340550457,2025-09-01,272,0.06818181818181818,7.0,,4.797507492396839,-4.926724042512151,27.769783272082876,61.85020755088167,419,Buy,0.15476668110091407
SARDAEN.NS,1,0.5773568945195933,2025-09-01,272,0.33474178403755867,17.0,,-13.704169876606617,0.06841401472634186,32.281448323646615,25.53865076709748,420,Buy,0.15471378903918653
AFFORDABLE.NS,1,0.5772157374129913,2025-09-01,272,0.9821428571428571,8.0,,-2.5861104874144716,-15.592737028405507,27.218188474625553,45.32276515975174,421,Buy,0.15443147482598252
THEJO.NS,1,0.5771532641229576,2025-09-01,272,0.4097222222222222,27.0,,-11.212625102498745,-8.603974814726929,22.591444192233396,6.864708648654059,422,Buy,0.1543065282459153
KRYSTAL.NS,1,0.5765971044003961,2025-09-01,272,0.6637362637362637,17.0,,-3.0082138159573737,-5.130725091267595,32.376009737360775,40.70041652946036,423,Buy,0.15319420880079226
NAVKARCORP.NS,1,0.5764521444898678,2025-09-01,272,0.12758264462809918,-2.0,,-5.700670725978281,-0.13673209960965552,31.618947458861385,32.71916275257699,424,Buy,0.15290428897973563
MMTC.NS,1,0.5760439217341433,2025-09-01,272,1.1372549019607843,8.0,,0.15436627972437134,5.188062471480994,30.91579375551685,43.82632307126135,425,Buy,0.15208784346828663
JHS.NS,1,0.5756589937947384,2025-09-01,272,0.1910370583165757,-5.17,,-1.4192152467955086,-8.787877970527031,28.664867345268874,51.690812575959875,426,Buy,0.1513179875894768
ABBOTINDIA.NS,1,0.5756455998728223,2025-09-01,272,0.4195961106955871,46.0,,5.582858266168665,1.8585245590745307,24.050755537386397,38.366336633663366,427,Buy,0.15129119974564453
APOLLO.NS,1,0.5754548868821725,2025-09-01,272,0.6070110701107011,15.0,,37.659459514980945,71.4165924298246,65.86819449796342,74.83676918887686,428,Buy,0.150909773764345
MAGNUM.NS,1,0.5754114350733699,2025-09-01,272,0.7684365781710915,4.0,,-8.6592120234714,-14.58423410650014,28.262695915735332,34.80003189083264,429,Buy,0.15082287014673978
ADVANIHOTR.NS,1,0.5753845488094362,2025-09-01,272,0.527027027027027,45.0,,-0.7813919422238371,-3.22990157790441,18.583182312587972,37.13893525351994,430,Buy,0.15076909761887247
HEIDELBERG.NS,1,0.5752075204090628,2025-09-01,272,0.8603053435114504,11.0,,-1.0306034935750652,-3.9929212759376864,20.44567832262995,41.882202571413224,431,Buy,0.1504150408181255
PPAP.NS,1,0.5750878424782369,2025-09-01,272,0.9877300613496932,7.0,,-2.344995765582292,-4.253460223514911,52.41526700224771,31.869622179702375,432,Buy,0.1501756849564737
SMCGLOBAL.NS,1,0.5749399476475514,2025-09-01,272,3.2002042900919307,16.0,,-6.972178211663996,-24.192754764328434,28.142158574125016,33.82112903330854,433,Buy,0.14987989529510282
SUPERHOUSE.NS,1,0.5749379163697966,2025-09-01,272,0.683291770573566,5.0,,0.9815994857065033,-3.329395744745503,23.78188584572061,54.55988722270793,434,Buy,0.14987583273959326
GMRAIRPORT.NS,1,0.5746504244650623,2025-09-01,272,0.39857363290805764,1.0,,4.085867913447237,-1.3077622827629243,26.626812161256158,56.37999770131899,435,Buy,0.14930084893012463
BLUESTARCO.NS,1,0.5745536800607576,2025-09-01,272,1.6152227288670642,23.0,,-13.514398423191512,-19.002958484521187,32.31322617628189,33.02810413266951,436,Buy,0.14910736012151515
EXIDEIND.NS,1,0.5744568545160241,2025-09-01,272,0.2763835473567564,10.0,,7.197341030540263,15.046877796157665,40.56200979440069,69.22638134532835,437,Buy,0.14891370903204826
OIL.NS,1,0.5743583304400942,2025-09-01,272,0.5198457700158766,15.0,,-2.984921406042108,0.8365060540746653,38.31642172177663,57.81310459780098,438,Buy,0.14871666088018842
TTKPRESTIG.NS,1,0.5741215170217158,2025-09-01,272,0.34553058024046,13.0,,4.483397987535991,1.8308819234668892,33.90075429428075,58.03191590382497,439,Buy,0.14824303404343153
CYIENTDLM.NS,1,0.573915931021472,2025-09-01,272,0.5313463514902363,12.0,,6.995675292042194,31.849531693892047,36.32992298655413,47.4934113423952,440,Buy,0.14783186204294396
EXCEL.NS,1,0.573874245206857,2025-09-01,272,0.0,0.76,,-5.263159215615413,-19.642859613712943,60.300070248835226,44.897959928420924,441,Buy,0.14774849041371407
TIL.NS,1,0.5738124782515247,2025-09-01,272,5.726190476190476,11.0,,-7.82746076031576,-22.68587663752783,43.476896463182875,35.09279676162977,442,Buy,0.1476249565030494
MOBIKWIK.NS,1,0.5737728443931434,2025-09-01,272,1.6206261510128914,-13.0,,-8.87134502219399,-4.660088755898146,60.40494580532465,28.198728434470965,443,Buy,0.1475456887862867
SOLARA.NS,1,0.5736037271833231,2025-09-01,272,0.820859872611465,6.0,,8.54814308854432,12.788487396814979,54.979658606755564,51.74295259408627,444,Buy,0.14720745436664617
TRACXN.NS,1,0.5734875921102265,2025-09-01,272,0.8,8.0,,-4.2922313715608205,-3.499082973993086,39.62991491591131,22.67365311299079,445,Buy,0.14697518422045297
FELDVR.NS,1,0.5733879803125238,2015-06-01,4017,,,,-7.903780491052134,0.37453146732254694,49.80173483547461,34.567900144405144,446,Buy,0.1467759606250476
MMP.NS,1,0.5733772018960838,2025-09-01,272,0.8231046931407943,14.0,,7.343881304746527,10.274197978358115,48.97921814306023,39.40780232147405,447,Buy,0.14675440379216753
DIGISPICE.NS,1,0.5732567771244638,2025-09-01,272,0.0963855421686747,-4.0,,-6.886796883392446,-1.102201019265751,31.532534721924556,32.88770776183053,448,Buy,0.14651355424892754
DHANI.NS,1,0.5731583628766824,2025-06-01,364,0.07781029437080393,0.0,,,,,,449,Buy,0.14631672575336485
ICICIBANK.NS,1,0.5731416641236432,2025-09-01,272,5.910702790133441,,,-1.9203728014002732,-10.218664963928022,19.512653179890346,47.283303447420934,450,Buy,0.1462833282472864
SANATHAN.NS,1,0.5730469080610019,2025-09-01,272,0.4562402900051787,14.0,,-12.958591097523009,-3.6685223586280324,33.67715926586221,27.772599868316462,451,Buy,0.14609381612200378
VADILALIND.NS,1,0.5730130068580295,2025-09-01,272,0.40293040293040294,29.0,,2.0287736896170263,0.6254046056846535,38.884241469737965,64.6285593138225,452,Buy,0.14602601371605894
CROWN.NS,1,0.5729777238135603,2025-09-01,272,1.6081081081081081,19.0,,-18.163981073245846,-9.61708548308791,58.13203672136405,13.013818390764257,453,Buy,0.14595544762712054
VBL.NS,1,0.5728248836063173,2025-09-01,272,0.17719346803210628,24.0,,2.783723467618991,15.26142449537372,30.524169919651705,65.2746129259107,454,Buy,0.14564976721263467
SASKEN.NS,1,0.5726975716220055,2025-09-01,272,0.16290726817042606,7.0,,73.4008958383989,88.93909332557661,81.4868278634558,81.60270662655063,455,Buy,0.14539514324401104
RUSTOMJEE.NS,1,0.5726286524281793,2025-09-01,272,0.5432242990654206,6.0,,0.3024605436751733,-10.19970265417885,28.622791446815672,17.57846306276224,456,Buy,0.14525730485635857
FIEMIND.NS,1,0.572237565976694,2025-09-01,272,0.45209302325581396,28.0,,2.762635734506264,-0.008913657998723791,26.42781790030324,52.50287646491332,457,Buy,0.1444751319533879
HDIL.NS,1,0.5721787158157569,2025-03-01,456,-2.720114687094216,-5.37,,-9.813090984201873,-25.76923006385033,32.778526779956145,29.03224690026829,458,Buy,0.1443574316315137
AKI.NS,1,0.5721015329905195,2025-09-01,272,0.5394706292082657,4.54,,-5.202311713867573,-18.677687253157963,31.28537547064298,40.16392289292247,459,Buy,0.14420306598103894
OBCL.NS,1,0.5720397704086377,2025-09-01,272,0.7727272727272727,4.0,,-6.4086365571336925,-5.472724220969461,20.645230168344916,28.08396348499525,460,Buy,0.14407954081727548
ICEMAKE.NS,1,0.5719801007313066,2025-09-01,272,2.384,21.0,,4.107455959315983,1.643035306866468,37.035684809192745,58.44796485095689,461,Buy,0.14396020146261312
IDFCFIRSTB.NS,1,0.571853843873157,2025-09-01,272,7.2593512976208485,,,2.412407122199807,0.4931639680160994,23.267095093599202,64.18914669539711,462,Buy,0.14370768774631393
SHOPERSTOP.NS,1,0.5718293954598623,2025-09-01,272,19.096345514950166,8.0,,20.410926505134768,6.311840417681784,55.56201826195421,48.62906169443403,463,Buy,0.14365879091972467
RAJRILTD.NS,1,0.5717404730033863,2025-09-01,272,3.2992700729927007,7.0,,-3.773590168014016,-12.820513029514427,18.20738755406324,39.501767523186864,464,Buy,0.14348094600677253
MEDIASSIST.NS,1,0.5717346648518687,2025-09-01,272,0.3103448275862069,20.0,,6.7323004456617905,-8.953933420648456,44.40705076196102,45.4746240965568,465,Buy,0.1434693297037375
EDELWEISS.NS,1,0.5717137520262995,2025-09-01,272,0.6548641542506574,3.0,,-1.251641404967861,-7.30424735561648,39.849404767102605,25.827233967772273,466,Buy,0.14342750405259896
SINTERCOM.NS,1,0.5715811665429706,2025-09-01,272,0.948198198198198,5.08,,-1.384487701825864,-10.96428462437221,56.594503236525675,42.43301975106962,467,Buy,0.14316233308594128
GVKPIL.NS,1,0.5714806942369649,2025-09-01,272,-2.364130434782609,0.0,,-6.727829660350494,2.6936000988353372,28.200318593001057,20.51282599911113,468,Buy,0.1429613884739298
PNGJL.NS,1,0.5712296636480905,2025-09-01,272,1.5075757575757576,19.0,,-18.327980909821324,-1.8247234901685394,49.77996259620325,13.95717763064593,469,Buy,0.14245932729618094
SUZLON.NS,1,0.5712066973513221,2025-09-01,272,1.0198412698412698,36.0,,2.536883413026964,29.141174482416133,32.87380829372664,66.97333992161442,470,Buy,0.14241339470264425
RITES.NS,1,0.5712045058521221,2025-09-01,272,1.3141382049245434,20.0,,-7.7708835192412575,-7.8297296596244115,25.57171035714999,16.79555880446999,471,Buy,0.14240901170424425
SVLL.NS,1,0.5708233274805063,2025-09-01,272,5.54054054054054,17.0,,6.0587713349502765,15.875703915813325,61.36930807674983,56.310330041537505,472,Buy,0.1416466549610127
AARTIDRUGS.NS,1,0.5707736764756058,2025-09-01,272,0.674123788217748,14.0,,1.0895578624816087,2.9499306891703316,31.87105451076538,47.631935829689674,473,Buy,0.14154735295121168
ARKADE.NS,1,0.5705959613876919,2025-09-01,272,0.323189926547744,30.0,,-1.7593732986844541,-3.9949412581639825,43.76593276010239,36.17020677940717,474,Buy,0.14119192277538373
KHANDSE.NS,1,0.5705476666478426,2025-09-01,272,0.4889867841409692,-14.22,,7.294825531524124,1.1461251968285329,34.094484674308745,51.954025407657724,475,Buy,0.14109533329568524
MADHUCON.NS,1,0.570250908128841,2025-09-01,272,1.8425196850393701,-2.0,,3.275531299030275,4.687504947651288,47.207712367537354,31.83857422758294,476,Buy,0.1405018162576821
DECCANCE.NS,1,0.5702449241891402,2025-09-01,272,1.2788203753351206,2.0,,-5.364956873456027,-10.645700544605734,29.89964037636773,40.73154433016062,477,Buy,0.14048984837828038
TCI.NS,1,0.5702298847744687,2025-09-01,272,0.2502262443438914,22.0,,-2.398384365776189,-11.939870671392546,28.68865335144725,34.82409161466664,478,Buy,0.14045976954893735
JITFINFRA.NS,1,0.5702021521011993,2025-09-01,272,0.004241252416890207,0.13,,2.574750830564784,-12.73317957809835,36.64086985108738,49.340496134395245,479,Buy,0.14040430420239858
DELHIVERY.NS,1,0.5701287254902722,2025-09-01,272,0.2881792939309798,3.0,,-2.9916324371955034,4.240118303696695,26.458155728314576,34.80975454211463,480,Buy,0.14025745098054432
TREJHARA.NS,1,0.5700812031702648,2025-09-01,272,0.10931289040318008,2.47,,-5.750631973045912,-27.186943791518203,46.398298219309126,23.913448071318186,481,Buy,0.14016240634052957
TARAPUR.NS,1,0.5700772607557995,2025-09-01,272,41.0370370370371,-63.15,,-14.197270704494148,-23.985372484261237,50.12495872163159,38.040049498612504,482,Buy,0.1401545215115989
CHALET.NS,1,0.5698324074066156,2025-09-01,272,0.9440276976341604,12.0,,1.7111681039809892,-9.031886888586957,28.27186416679581,48.39720182875556,483,Buy,0.13966481481323112
NOVAAGRI.NS,1,0.569820222572169,2025-09-01,272,0.480225988700565,13.0,,-2.2260848335597827,-13.87867299021315,31.67788848905206,40.663915302152375,484,Buy,0.13964044514433804
NDLVENTURE.NS,1,0.569776675551175,2025-09-01,272,0.10305602716468579,1.69,,9.648687730832528,15.262107800069662,47.14375621933119,58.94800691442192,485,Buy,0.1395533511023499
KIRLOSIND.NS,1,0.5693693645456032,2025-09-01,272,0.11231178033658104,2.0,,-4.310315572130772,5.6260372423929805,54.68817979612174,40.26646855375905,486,Buy,0.13873872909120633
REPRO.NS,1,0.5693486684814438,2025-09-01,272,0.5243553008595988,1.0,,0.6139198135851635,-15.512598056714996,33.28434098497453,37.94642598653344,487,Buy,0.13869733696288766
20MICRONS.NS,1,0.569260047017891,2025-09-01,272,0.5517241379310345,19.0,,2.4611759319521465,2.2376371240305875,55.16046798843367,50.620021498938506,488,Buy,0.13852009403578203
MANAKSIA.NS,1,0.56925238156071,2025-09-01,272,0.14736842105263157,1.0,,6.651032521429314,4.343552858193736,43.77743442185081,55.85729859642259,489,Buy,0.13850476312142002
KIMS.NS,1,0.5691489544149576,2025-09-01,272,0.603056768558952,16.0,,14.06989486447764,5.770431761726648,44.1738992270662,57.08397376715964,490,Buy,0.13829790882991522
HCL-INSYS.NS,1,0.5688752776566174,2025-09-01,272,-1.7227722772277227,-20.0,,2.265377786594379,-2.091398197370843,37.62634754355575,56.119415986829615,491,Buy,0.13775055531323477
HBLENGINE.NS,1,0.5688334807218266,2025-09-01,272,0.3452868852459016,27.0,,3.0181559907247966,17.422024112437466,39.308958155030915,48.35799347358621,492,Buy,0.1376669614436532
BAJAJCON.NS,1,0.5686330580187862,2025-09-01,272,0.25697503671071953,19.0,,22.721716686045166,37.44405047616374,45.15935111545152,54.206764613477446,493,Buy,0.13726611603757233
OLECTRA.NS,1,0.5685638628919801,2025-09-01,272,1.053191489361702,21.0,,-5.266536357716199,15.166897141998659,38.42213908817433,17.013916851538042,494,Buy,0.13712772578396026
INOXWIND.NS,1,0.5685040542578885,2025-09-01,272,0.29245128541018506,12.0,,-7.855374487273687,-2.1151238156896257,35.201199148388156,32.84634640655766,495,Buy,0.13700810851577705
DBL.NS,1,0.5684365755356691,2025-09-01,272,1.0053619302949062,10.0,,-10.325911391190877,-5.10101696190041,29.176818142146487,24.366938831571815,496,Buy,0.13687315107133813
RHFL.NS,1,0.5684130961607735,2025-03-01,456,-1.0377358490566038,-17.0,,7.462691347220366,-9.62343133799603,46.668323766439215,39.39393939393939,497,Buy,0.13682619232154702
IRCTC.NS,1,0.5683091460699847,2025-09-01,272,0.7913145539906103,49.0,,-5.504583886831508,-17.023354874354197,22.880559122658525,19.923074426684735,498,Buy,0.13661829213996945
MUKANDLTD.NS,1,0.5683086227424576,2025-09-01,272,2.863125638406537,10.0,,2.2890283174601773,11.346796288969124,37.552823921102814,56.34319143168035,499,Buy,0.13661724548491527
UYFINCORP.NS,1,0.5682874895354841,2025-09-01,272,0.0436046511627907,5.0,,5.501392623541504,6.241229841258037,27.15721043335647,57.73479338477199,500,Buy,0.13657497907096827
CIEINDIA.NS,1,0.5682555764279139,2025-09-01,272,0.1844954525768731,5.0,,-4.929726063798504,-3.5115619727251968,30.603911844026644,33.352879366865935,501,Buy,0.13651115285582782
KIOCL.NS,1,0.5682172391725867,2025-09-01,272,0.3309222423146474,-9.0,,-4.248123607170474,18.41791409165112,39.93690205955896,47.99518766727164,502,Buy,0.13643447834517342
DRREDDY.NS,1,0.5682144272269918,2025-09-01,272,0.3515374607304922,26.0,,-1.9777446129064062,-0.2983038351869677,35.11543004165168,52.5316394573021,503,Buy,0.13642885445398356
LICHSGFIN.NS,1,0.5680250918817439,2025-09-01,272,7.304070584560929,,,-3.884980587475745,0.2067543738995059,34.31754902394923,30.28937239952475,504,Buy,0.13605018376348776
INDTERRAIN.NS,1,0.5678380069215676,2025-09-01,272,1.4120879120879122,-5.0,,3.664069893565741,-0.68343995880743,35.38429316331935,49.78214034977636,505,Buy,0.1356760138431352
NINSYS.NS,1,0.5677261852933873,2025-09-01,272,0.30985915492957744,63.0,,38.65414140598873,114.9833065058809,37.07986293734409,91.03695471918272,506,Buy,0.1354523705867745
HPIL.NS,1,0.5677114012743528,2025-09-01,272,1.0980392156862746,5.0,,-2.319713773011449,3.453690324316934,32.68796776161131,35.60058355820345,507,Buy,0.13542280254870565
NBIFIN.NS,1,0.5671133051912364,2025-09-01,272,0.0587503885607709,0.0,,-7.329868689425314,-1.0159740462981146,48.18149780078543,28.3234522805906,508,Buy,0.13422661038247274
SBIN.NS,1,0.5670336481889772,2025-09-01,272,12.487786140188666,,,-9.671236786026991,-20.03718807467453,30.234925854366473,35.040059147202,509,Buy,0.13406729637795434
BAJEL.NS,1,0.5669683358430552,2025-09-01,272,2.643809523809524,13.0,,3.7967255832645965,21.644158473380447,39.68478613729683,67.198343753654,510,Buy,0.13393667168611034
IOC.NS,1,0.5669342711906104,2025-09-01,272,1.598071717996765,7.0,,-1.4130014107809754,-21.18977363806701,30.762390554867114,49.82773702790462,511,Buy,0.1338685423812207
MRPL.NS,1,0.5665819160865909,2025-09-01,272,1.6734125789948842,4.0,,-13.482540093366849,-24.81040746081931,45.399723776537066,26.928855833521155,512,Buy,0.13316383217318184
INSECTICID.NS,1,0.5665181522414574,2025-09-01,272,0.6496655518394648,17.0,,5.440082215478257,18.665808947989596,27.907906515818947,54.82649643050095,513,Buy,0.1330363044829148
PRAKASHSTL.NS,1,0.5661433918746336,2025-09-01,272,2.8562231759656647,19.63,,-3.2051201716287787,0.4434585346234509,26.8243716478679,48.888888888888886,514,Buy,0.13228678374926717
ARVIND.NS,1,0.5660770477720384,2025-09-01,272,1.3023569023569024,13.0,,18.768039292828327,32.38708495708249,49.9593441375929,66.94474056866457,515,Buy,0.13215409554407676
MAMATA.NS,1,0.565872866290252,2025-09-01,272,0.4057142857142857,29.0,,0.7515061591968595,-5.2704738379900835,29.836326362931143,40.74333578729305,516,Buy,0.13174573258050404
VINCOFE.NS,1,0.565843784534587,2025-09-01,272,0.0944558521560575,3.0,,6.717745097962082,-1.5024757020194632,48.05147457684459,59.669930722962675,517,Buy,0.1316875690691739
GHCLTEXTIL.NS,1,0.5657904015439759,2025-09-01,272,0.16963064295485636,5.0,,6.455552842881944,18.591405462132695,43.797691218340546,56.03447654004052,518,Buy,0.13158080308795173
STARCEMENT.NS,1,0.5657623966316028,2025-09-01,272,0.6635859519408502,-3.0,,-3.8088113748217323,-0.8146029399173564,27.990153398145818,29.13847369424468,519,Buy,0.13152479326320554
CUMMINSIND.NS,1,0.565757426503887,2025-09-01,272,0.3605887162714636,38.0,,11.214069591527988,20.406204270179305,39.03688389577435,64.77832512315271,520,Buy,0.1315148530077741
LAURUSLABS.NS,1,0.5657089051851049,2025-09-01,272,0.7673851159007726,9.0,,23.25793216844733,34.050052824051846,27.882259347747524,82.09315327310489,521,Buy,0.13141781037020972
POLICYBZR.NS,1,0.565489194299999,2025-09-01,272,0.010401188707280832,0.0,,2.1786130051554964,13.910078135292231,28.13262607191155,57.62582802417328,522,Buy,0.130978388599998
NECLIFE.NS,1,0.5654486919018276,2025-09-01,272,1.5349162011173185,-5.0,,0.3223204056796878,1.3018702026748044,48.49608380185699,22.38802146101129,523,Buy,0.13089738380365512
INDNIPPON.NS,1,0.5654406439467229,2025-09-01,272,0.3086734693877551,15.0,,14.278630456157737,7.466168815749234,46.27840171280424,70.52358257321961,524,Buy,0.13088128789344577
NATCAPSUQ.NS,1,0.5654115839805303,2025-09-01,272,0.6627906976744186,7.0,,4.317143982223888,2.9175373524566015,44.361527114896184,43.564351726601856,525,Buy,0.13082316796106053
MBLINFRA.NS,1,0.5651611148868116,2025-09-01,272,0.8230543318649045,9.0,,3.341196397900207,4.866379080790328,43.95637207642722,47.6372998380581,526,Buy,0.1303222297736233
ASIANTILES.NS,1,0.5651561742475165,2025-09-01,272,0.3537508602890571,2.0,,-4.288617764822628,-13.727421140764594,58.360246149139925,42.08298085318124,527,Buy,0.13031234849503304
SHIVALIK.NS,1,0.5646801403362751,2025-09-01,272,0.315,4.0,,11.602225489430987,0.9610392086190396,53.8388837993168,55.26184090002074,528,Buy,0.12936028067255023
SHILPAMED.NS,1,0.5645501841022775,2025-09-01,272,0.11044998140572704,6.0,,22.69765638654909,55.65435383179126,39.23349918375659,66.00598527806937,529,Buy,0.12910036820455506
UNIECOM.NS,1,0.5645069840313685,2025-09-01,272,0.18719211822660098,32.0,,-6.274973310714047,-19.50653859153207,48.09794995755083,42.52335432367383,530,Buy,0.1290139680627369
ABDL.NS,1,0.5644394707042416,2025-09-01,272,1.398505603985056,21.0,,2.6192446134972904,11.481629672836686,39.85880949365681,35.51362705906308,531,Buy,0.12887894140848322
SAFARI.NS,1,0.5641604855655208,2025-09-01,272,0.33884297520661155,16.0,,3.077865426438581,-18.11251368579476,40.01107563882489,46.976323044778056,532,Buy,0.12832097113104157
BLUEDART.NS,1,0.5641047286107541,2025-09-01,272,0.8912529550827423,19.0,,-13.402002280483,-15.511404133998575,30.903135792639663,11.02362204724409,533,Buy,0.12820945722150823
INDOAMIN.NS,1,0.563909177600859,2025-09-01,272,1.3025210084033614,19.0,,17.743932360404113,18.47422115076903,45.86390421575237,64.06012516132077,534,Buy,0.12781835520171803
PIIND.NS,1,0.563904612328312,2025-09-01,272,0.16974303293521534,25.0,,-10.226135927979978,-11.043436448148741,33.7064326982561,30.54010026516478,535,Buy,0.12780922465662403
DRCSYSTEMS.NS,1,0.5638910731373747,2025-09-01,272,0.37859128822984256,13.13,,-2.1582728877002646,-9.879519913466122,31.226718103057888,47.462682828094195,536,Buy,0.1277821462747495
MALLCOM.NS,1,0.5638578982770117,2025-09-01,272,0.5496688741721855,15.0,,-13.081858597061757,-17.720543124532956,36.10937591934224,33.65069437710177,537,Buy,0.12771579655402343
ABMINTLLTD.NS,1,0.5638535714287249,2025-09-01,272,1.6528497409326426,-7.32,,8.409507418479368,8.508685503522575,67.75966321692967,58.25374339844165,538,Buy,0.12770714285744988
INSPIRISYS.NS,1,0.5637899924488895,2025-09-01,272,0.9865771812080537,18.0,,58.43914873603763,44.03720325999697,48.312250821637164,80.69830174484335,539,Buy,0.127579984897779
RVNL.NS,1,0.5636337691591898,2025-09-01,272,1.1411271541686074,15.0,,-18.805819761944708,-23.104640488220042,30.41303107389357,9.240280076341918,540,Buy,0.12726753831837967
RAMANEWS.NS,1,0.5634251357431509,2025-09-01,272,-15.794117647058824,2.0,,-5.867428928580049,-4.473766988417415,37.04020667745174,33.86667887369792,541,Buy,0.1268502714863018
BEARDSELL.NS,1,0.563314798266698,2025-09-01,272,0.9534883720930233,15.0,,6.233376397897726,3.0224903337213416,54.22589928743676,58.43622066733105,542,Buy,0.1266295965333959
KIRLOSENG.NS,1,0.5632919792213472,2025-09-01,272,0.4913603518693057,18.0,,13.531978296757524,38.42618699088802,47.21058200520406,70.9702740527321,543,Buy,0.12658395844269443
GRANULES.NS,1,0.5632603510004851,2025-09-01,272,0.5341037204058624,11.0,,10.597393466525528,29.061041877081546,24.941529383690327,56.352243960431046,544,Buy,0.1265207020009702
ALANKIT.NS,1,0.5632441912485318,2025-09-01,272,0.14860681114551083,7.0,,-6.7961174037838346,-5.7797135066697924,31.049256532865233,35.593231982523506,545,Buy,0.1264883824970635
INVENTURE.NS,1,0.5627981043857917,2025-09-01,272,0.35200635677393716,1.65,,-4.000002145767212,-14.285716566504256,23.37524188088232,31.250002328306053,546,Buy,0.1255962087715834
SGL.NS,1,0.56264050173359,2025-09-01,272,1.3461538461538463,1.0,,-1.8518540817300488,-3.3968505201199215,23.72099900697266,40.975613386980996,547,Buy,0.12528100346718007
JBCHEPHARM.NS,1,0.5625277797170342,2025-09-01,272,0.23636852001074402,26.0,,5.152336196762282,5.886944965188581,22.60952932583193,51.981968755447134,548,Buy,0.12505555943406832
COSMOFIRST.NS,1,0.5625243166809766,2025-09-01,272,2.3391304347826085,8.0,,2.1191547091122906,9.495152777092772,44.14683623462549,28.533003912518836,549,Buy,0.12504863336195315
FEL.NS,1,0.5624549836207846,2023-03-01,1187,-14.30607476635514,-10.0,,-4.347828340440215,0.0,26.23536275181068,33.33331677647999,550,Buy,0.12490996724156922
UDS.NS,1,0.5624321871861839,2025-09-01,272,0.392090395480226,9.0,,7.435387817888278,4.259056635937084,38.97627232771034,44.88008090497485,551,Buy,0.12486437437236786
HFCL.NS,1,0.562226088014416,2025-09-01,272,0.8555361159710072,8.0,,55.080586343600636,159.27953672206698,64.90161933486863,74.03052549160662,552,Buy,0.12445217602883196
TFL.NS,1,0.562225267483277,2025-09-01,272,0.9373793103448277,9.48,,1.5599308343412945,-3.660438173235383,49.51814270752683,47.60956334242047,553,Buy,0.1244505349665539
APTUS.NS,1,0.5621743361754101,2025-09-01,272,1.2435515873015872,14.0,,-0.7875109308666738,7.810640775795841,35.23183585915211,35.273157802402906,554,Buy,0.12434867235082026
SPMLINFRA.NS,1,0.56216389350867,2025-09-01,272,1.3321596244131455,9.0,,-1.6065586834270138,19.81072373542638,50.904728909493,43.898283476503984,555,Buy,0.12432778701734004
GMBREW.NS,1,0.5621456655535128,2025-09-01,272,0.11890243902439024,18.0,,-2.0445264505240335,-6.731814384923755,22.13069009191594,47.360298885040585,556,Buy,0.1242913311070255
AVL.NS,1,0.5621335746843302,2025-09-01,272,0.8779342723004695,19.0,,-0.018700181103096184,9.994853590938304,28.474348966877933,31.233613179729304,557,Buy,0.12426714936866046
IPCALAB.NS,1,0.5620802421514896,2025-09-01,272,0.2909410017550965,18.0,,-0.42458683756882254,0.6005395164459391,25.048965416301407,48.366217206281284,558,Buy,0.1241604843029791
SUPREMEINF.NS,1,0.56201644255261,2025-06-01,364,-1.426461143224149,,,4.355438874944104,4.2640940110828,32.653054351352225,44.7572664513644,559,Buy,0.12403288510521993
IGIL.NS,1,0.561895591037086,2025-09-01,272,0.15171902617024924,73.0,,4.820968423298669,11.384062729076122,44.49999314955746,56.83677098996331,560,Buy,0.12379118207417195
LAKPRE.NS,1,0.5618373382080333,2017-12-01,3103,19.0,0.0,,13.45381674152276,10.784317667050786,56.79192561941889,50.409835665112574,561,Buy,0.12367467641606655
DATAPATTNS.NS,1,0.5616854253773474,2025-09-01,272,0.13914174252275682,21.0,,-0.94568081871238,30.51942284231646,50.94442816121022,46.40547164353392,562,Buy,0.1233708507546949
HPL.NS,1,0.5615856859609359,2025-09-01,272,1.3639274279615796,14.0,,-2.083336711374292,1.1994202012960622,43.37768542165395,39.469873479231424,563,Buy,0.12317137192187189
JYOTICNC.NS,1,0.5615356860489016,2025-09-01,272,0.391500904159132,22.0,,-20.52803649592205,-29.721123922060684,38.85845250988506,1.85482810029049,564,Buy,0.12307137209780317
INDUSTOWER.NS,1,0.5614279695868472,2025-09-01,272,0.8605185246672754,29.0,,6.801158326067681,-6.38501135845874,23.24435476436478,75.25083612040135,565,Buy,0.1228559391736943
BLS.NS,1,0.5613541195568809,2025-09-01,272,1.88,19.0,,-6.255615613824285,-8.824043522130658,28.89950767482654,29.381426000578884,566,Buy,0.12270823911376172
LIBAS.NS,1,0.5613201158432223,2025-09-01,272,0.4719377304383449,0.12,,2.8973541695383473,21.624265953071948,29.08303942290412,45.02618611439405,567,Buy,0.12264023168644456
MANGCHEFER.NS,1,0.5611882235866592,2025-06-01,364,1.1906103286384977,15.0,,,,,,568,Buy,0.12237644717331841
SHYAMMETL.NS,1,0.5611636637766146,2025-09-01,272,0.2745478036175711,12.0,,10.144841251615063,15.613487036463775,36.39940683644613,66.4779409477888,569,Buy,0.12232732755322928
HINDUNILVR.NS,1,0.5610842767736423,2025-09-01,272,0.6236159346271706,28.0,,-4.3271538748716605,-8.69584029357324,23.1513996195149,23.157540174897775,570,Buy,0.12216855354728451
MCLOUD.NS,1,0.5610736626676582,2025-09-01,272,1.558139534883721,10.0,,2.2553522783994078,4.369882465497119,32.54976127561437,45.00845881708236,571,Buy,0.12214732533531647
ASKAUTOLTD.NS,1,0.5610168949330258,2025-09-01,272,0.49162995594713654,29.0,,3.6367768055591587,6.580183547757729,32.02509644786924,57.5316868823625,572,Buy,0.12203378986605151
EXCELINDUS.NS,1,0.560870590529893,2025-09-01,272,0.30072756669361356,9.0,,-1.4965014262805512,-0.7910234542022982,35.065112479958756,30.927411003564345,573,Buy,0.12174118105978593
KICL.NS,1,0.5608541558784393,2025-09-01,272,0.0646335912608102,1.0,,4.649090445335451,2.9049347683343534,31.947692748826817,49.266221886858006,574,Buy,0.12170831175687868
WELSPUNLIV.NS,1,0.5605564715746719,2025-09-01,272,0.8846343873517787,14.0,,5.894549336343945,-0.9832030667385327,29.721161545167284,56.929206649766556,575,Buy,0.12111294314934384
SIGACHI.NS,1,0.5605145714539893,2025-09-01,272,0.5833333333333334,13.0,,5.185181417582947,-3.313669663330899,38.36699858894509,43.41561759111033,576,Buy,0.12102914290797862
TEMBO.NS,1,0.5604108781511418,2025-09-01,272,1.625,27.0,,0.8443486096413304,12.98118422728471,34.48305657597025,53.47945656285335,577,Buy,0.12082175630228353
S&SPOWER.NS,1,0.5603800680180689,2025-09-01,272,0.22862989489349825,-2.4,,-7.774889721221411,18.87166077074708,36.78867271093853,46.19736723988317,578,Buy,0.12076013603613789
COROMANDEL.NS,1,0.5602386651989382,2025-09-01,272,0.8535495614760881,25.0,,-11.51031847435082,-23.097840721130773,24.353501070436586,30.811185034696834,579,Buy,0.12047733039787634
KPIL.NS,1,0.5601677329993233,2025-09-01,272,2.162975732661451,15.0,,4.374945935829076,8.262815129305514,24.88520773649485,59.24171239263623,580,Buy,0.12033546599864664
GANDHAR.NS,1,0.5600977601931725,2025-09-01,272,0.4474327628361858,11.0,,11.018574362780765,9.199747406844521,56.76127605292314,54.09866188111483,581,Buy,0.12019552038634496
EMCURE.NS,1,0.5600601339892312,2025-09-01,272,1.0,14.0,,-1.9596522305122714,18.138759323103272,42.34837455697422,57.65010684664264,582,Buy,0.12012026797846231
NURECA.NS,1,0.5599923766277014,2025-09-01,272,0.08673469387755102,0.0,,5.7128990874987045,-3.5469417474002016,37.90591337785317,40.78742927501393,583,Buy,0.11998475325540281
SUMMITSEC.NS,1,0.5599506330094006,2025-09-01,272,0.14385150812064965,1.0,,-3.699104853037552,-10.343233706529732,36.58813009122156,36.30769550807643,584,Buy,0.11990126601880124
JUBLFOOD.NS,1,0.5598780399761202,2025-09-01,272,1.7824013870827915,11.0,,-10.676975648107971,-17.614187726676374,37.10295864221863,35.01362896291825,585,Buy,0.11975607995224036
AZAD.NS,1,0.5598105428980817,2025-09-01,272,0.31195138419986496,12.0,,-6.845579835420184,15.762584204937985,55.54092165789157,38.32523427608942,586,Buy,0.11962108579616348
SKIPPER.NS,1,0.5597808499697794,2025-09-01,272,2.159968479117415,24.0,,12.123678313902449,44.337878816671704,48.07786845361756,73.58863392459209,587,Buy,0.11956169993955879
MADRASFERT.NS,1,0.5597666157762056,2025-09-01,272,82.08,11.0,,-3.315627413958233,-2.72924099588222,33.52697023240563,43.770490983133605,588,Buy,0.11953323155241113
REPL.NS,1,0.5596619679206224,2025-09-01,272,0.39869281045751637,15.0,,-9.69394358575239,-20.66505845420534,31.525462521892543,32.99926709679674,589,Buy,0.11932393584124479
BLAL.NS,1,0.5593812544292511,2025-09-01,272,-5.576036866359443,-100.0,,-1.5643022191806102,0.02667256170705697,35.7203228479524,30.284221042417684,590,Buy,0.11876250885850226
ASTRON.NS,1,0.5591155631901883,2025-09-01,272,1.3444444444444446,-19.0,,-11.210762235951426,-1.2468874783282875,24.869143935571906,32.09879813692385,591,Buy,0.11823112638037658
ADFFOODS.NS,1,0.5589810439364694,2025-09-01,272,0.15454545454545454,21.0,,1.9178111492399637,16.166265204202002,59.807143488851736,43.80341118647281,592,Buy,0.11796208787293883
WAAREEENER.NS,1,0.558940312798948,2025-09-01,272,0.897125567322239,34.0,,0.705399501589286,3.879611338783694,39.545040821417544,43.1918355215043,593,Buy,0.11788062559789592
OMAXE.NS,1,0.558770150615029,2025-09-01,272,10.779334500875656,-9.0,,-7.72727370714804,-4.887932823457533,41.388583841038056,23.97158693085555,594,Buy,0.11754030123005799
SHALPAINTS.NS,1,0.558662782282689,2025-09-01,272,1.474074074074074,-13.0,,-2.351815602637203,-10.167104546059065,38.48225310494847,31.87499510390451,595,Buy,0.1173255645653779
WELENT.NS,1,0.5584393573155254,2025-09-01,272,0.5455516014234876,16.0,,-4.249204260188555,5.390261167524024,37.032681026941546,48.23980921462716,596,Buy,0.11687871463105082
NAM-INDIA.NS,1,0.5583579690185869,2025-09-01,272,0.10804321728691477,42.0,,8.936079793456479,12.592736394966378,36.477448840532695,58.77282088518386,597,Buy,0.11671593803717384
IOLCP.NS,1,0.5583381263165896,2025-09-01,272,0.37806967447173045,9.0,,34.87399292268527,76.22624870220032,64.7254854213369,75.04292801192696,598,Buy,0.11667625263317927
WELCORP.NS,1,0.5582630277934889,2025-09-01,272,0.8321766561514196,18.0,,8.64830516555924,75.81561405737453,34.73113659436059,61.07347435983067,599,Buy,0.11652605558697782
NATIONALUM.NS,1,0.5582545685101223,2025-09-01,272,0.25724096745297104,44.0,,6.828028829880066,24.362772119997693,37.55019876789579,66.33716565618843,600,Buy,0.11650913702024468
WSI.NS,1,0.5581834673545912,2025-09-01,272,0.52,-20.0,,-6.860505568292795,-6.660398822571451,28.7416080198035,41.59352805024993,601,Buy,0.11636693470918247
EIHAHOTELS.NS,1,0.5580796000973491,2025-09-01,272,0.22328244274809161,26.0,,-2.648695203313445,-6.971577455296445,18.034924837413936,31.448409574764398,602,Buy,0.11615920019469828
NSLNISP.NS,1,0.5580268702746763,2025-09-01,272,1.140411484722862,-13.0,,4.447560058263427,15.416448804956778,32.36831024501576,56.40193677803995,603,Buy,0.11605374054935269
MAHLIFE.NS,1,0.5580044802173371,2025-09-01,272,1.2358168147641833,3.0,,-2.29074531364721,-10.0202806742309,29.725061837806628,49.7907949790795,604,Buy,0.11600896043467412
DBEIL.NS,1,0.5578911601580525,2025-09-01,272,1.0350467289719627,25.0,,-1.2838969784520402,-4.125394495099618,47.04233708899747,47.658974276267614,605,Buy,0.11578232031610503
PREMIERENE.NS,1,0.5578772582779123,2025-09-01,272,0.1769436997319035,12.0,,4.285399674259304,36.642673229253816,25.775519723650685,64.1444136384286,606,Buy,0.1157545165558247
SOBHA.NS,1,0.5578755210871302,2025-09-01,272,2.9503968253968256,7.0,,-2.1866560143186957,-6.2851085268910065,22.24606899297587,48.322752256721465,607,Buy,0.11575104217426047
JMFINANCIL.NS,1,0.5577875046054251,2025-09-01,272,0.06671026814911707,13.0,,-4.714565502042164,-3.236342466482652,30.553316857652046,26.92901843870355,608,Buy,0.11557500921085029
SYNGENE.NS,1,0.5576955572341924,2025-09-01,272,0.3212121212121212,13.0,,2.2793026131281304,-1.1075091334237084,45.000089370079785,43.508066848213296,609,Buy,0.11539111446838479
SIRCA.NS,1,0.5576157394111216,2025-09-01,272,0.26410835214446954,20.0,,-2.372325289631677,-10.728784429212686,20.450461447794734,43.52518433137567,610,Buy,0.11523147882224327
BUTTERFLY.NS,1,0.5575728917058935,2025-09-01,272,0.5988538681948424,15.0,,10.606570072247482,10.67111296373489,46.826686500402076,59.88942181142805,611,Buy,0.11514578341178705
WCIL.NS,1,0.5573279560524914,2025-09-01,272,0.3612750885478158,13.0,,-6.735302587747029,-16.569116844065302,37.69713662378627,23.308910057918993,612,Buy,0.11465591210498283
BESTAGRO.NS,1,0.5572868098770654,2025-09-01,272,1.183838383838384,14.0,,-9.075719620586282,-5.497689381885508,56.629255826883615,31.054123081103114,613,Buy,0.11457361975413072
IIFL.NS,1,0.5572809776861184,2025-09-01,272,4.795408311537344,,,4.440220701383459,-7.342726820433515,44.440437568012,52.66160032234923,614,Buy,0.11456195537223679
NIVABUPA.NS,1,0.5570184044313654,2025-09-01,272,1.7989487516425755,7.0,,6.031746031746032,9.623213873258496,29.15442326242088,46.97083824079907,615,Buy,0.11403680886273082
SKYGOLD.NS,1,0.5569631026712358,2025-09-01,272,0.7048192771084337,19.0,,14.782993391892033,43.823326432022085,57.469559556571696,54.67455260147004,616,Buy,0.11392620534247166
VIPULLTD.NS,1,0.5568057028880494,2025-09-01,272,2.205263157894737,0.0,,-9.362138090663617,-23.854791253297883,33.92374219120198,38.666677969478165,617,Buy,0.11361140577609885
GTECJAINX.NS,1,0.5567954226688251,2025-09-01,272,0.28850855745721266,-24.32,,-15.877014084192906,-16.508250499474407,55.61249173224746,33.67662331361228,618,Buy,0.11359084533765018
NMDC.NS,1,0.5565024443771263,2025-09-01,272,0.30789946140035906,30.0,,-2.633622673982398,8.89850809461733,28.9140065127845,52.879071878866874,619,Buy,0.11300488875425252
BRNL.NS,1,0.5564422072062168,2025-09-01,272,0.9590361445783132,-36.0,,-2.9102992826694436,-0.4889994021464899,32.19525322035351,31.971153184859688,620,Buy,0.11288441441243369
ABAN.NS,1,0.5564343095746904,2025-09-01,272,-1.567,,,-5.817170534304908,-14.744234981519094,51.94113292712094,39.91227868374525,621,Buy,0.11286861914938084
HATHWAY.NS,1,0.5563852802424762,2025-09-01,272,0.04636459430979979,3.0,,-1.907357255053391,0.9345830210495534,27.290291654603287,49.10714323727473,622,Buy,0.11277056048495249
PRECWIRE.NS,1,0.5562942012380167,2025-09-01,272,1.3872919818456884,27.0,,1.045674544114333,39.99533485382542,55.14805794078876,49.761054967748706,623,Buy,0.1125884024760333
5PAISA.NS,1,0.5561783817542875,2025-09-01,272,1.7942583732057416,14.0,,-3.3988734504275815,1.1888238477553115,37.29703367541832,45.88236380260568,624,Buy,0.11235676350857493
NBCC.NS,1,0.5558467103961097,2025-09-01,272,2.679095596985323,32.0,,9.39443586143355,6.1851260106502854,31.4473116652509,60.898686845442214,625,Buy,0.11169342079221933
AARTECH.NS,1,0.5557319455199676,2025-09-01,272,0.3427902895583504,4.57,,-14.912989083265382,-3.621365556668188,50.27358173662153,47.42105331843593,626,Buy,0.11146389103993526
NDRAUTO.NS,1,0.555683632526187,2025-09-01,272,0.694980694980695,25.0,,2.3273672899016944,5.54639404324588,35.8575788822668,41.630434782608695,627,Buy,0.11136726505237404
IKS.NS,1,0.5555942679030745,2025-09-01,272,0.2028397565922921,35.0,,7.561941395908223,8.79106795913363,40.197798331106874,47.69298382432265,628,Buy,0.11118853580614907
KOTHARIPRO.NS,1,0.5554416287693557,2025-09-01,272,0.15684410646387834,-1.0,,6.210833081888767,12.509213177480152,26.793280925264977,57.8622015296563,629,Buy,0.11088325753871131
DEN.NS,1,0.5552632515426565,2025-09-01,272,0.1521681997371879,3.0,,-1.4616750750937797,-2.949438785426088,26.130420394938664,49.46235309479389,630,Buy,0.11052650308531309
NDGL.NS,1,0.555017886639882,2025-09-01,272,0.05642633228840126,11.0,,-3.8056975583305745,-0.3273259334632195,26.858964402191475,28.623169496547973,631,Buy,0.1100357732797641
UNITDSPR.NS,1,0.5548786117937824,2025-09-01,272,0.5934393638170974,26.0,,-4.19432533267522,-10.657755891663735,24.68424246984562,50.963921360864234,632,Buy,0.10975722358756479
TARIL.NS,1,0.5548275357268865,2025-09-01,272,0.7439688715953308,25.0,,-0.9119048553419629,5.3020544452193885,49.0514638362585,47.768584202482096,633,Buy,0.10965507145377296
BANG.NS,1,0.5545275653109721,2025-09-01,272,1.2222222222222223,-2.0,,-1.1319748875734,-10.503023907243332,31.19110090866125,40.25316064507967,634,Buy,0.10905513062194427
CHOLAHLDNG.NS,1,0.5545126806042564,2025-09-01,272,0.0014738393515106854,6.0,,2.1633839199225053,-5.87815599464134,34.77894032334197,22.50208631076063,635,Buy,0.1090253612085128
ADVENZYMES.NS,1,0.5544797511565437,2025-09-01,272,0.11624441132637854,20.0,,7.772020725388601,15.960499228310669,51.45481629073231,52.98013245033113,636,Buy,0.10895950231308738
NYKAA.NS,1,0.5544780482598184,2025-09-01,272,0.13960280373831777,6.0,,-0.9291516399451524,0.3596581321130038,22.662293043011942,41.137117373843765,637,Buy,0.10895609651963678
MHLXMIRU.NS,1,0.5544726631613776,2025-09-01,272,0.4177215189873418,30.0,,-5.354596636797461,-6.704494738374635,45.62646278586912,39.73668314451608,638,Buy,0.10894532632275511
PRICOLLTD.NS,1,0.5542548116670674,2025-09-01,272,0.8062015503875969,22.0,,-1.8594542844281974,-9.19958215491917,48.32413677686225,37.515527950310556,639,Buy,0.10850962333413472
CGPOWER.NS,1,0.5539574610212301,2025-09-01,272,0.3924149615534993,36.0,,12.798922941640228,26.632161795311422,34.26916674135776,63.376168465349714,640,Buy,0.10791492204246023
VSTL.NS,1,0.5537944265528815,2025-09-01,272,1.6269430051813472,8.0,,-10.267511330836841,-0.6760812373500426,44.192846451293796,20.506922001614484,641,Buy,0.10758885310576294
BAFNAPH.NS,1,0.5537795112716004,2025-09-01,272,0.75,8.0,,-0.8046982886333555,16.98447352238082,35.92097941231474,49.839528094091285,642,Buy,0.10755902254320082
EQUIPPP.NS,1,0.5537647206566381,2025-09-01,272,1.5681114551083588,1.04,,0.9753303116320907,0.5714307512555803,45.481556050596225,61.34020044196729,643,Buy,0.10752944131327613
MAPMYINDIA.NS,1,0.5537539463454266,2025-09-01,272,0.14169570267131243,28.0,,-11.774204546036792,-26.42042743346532,58.339424758934776,14.51235370173221,644,Buy,0.10750789269085326
SUYOG.NS,1,0.5537231249836094,2025-09-01,272,0.6935483870967742,14.0,,2.332271142679282,20.021458410556768,41.003232561590444,43.601890749396816,645,Buy,0.10744624996721885
KTKBANK.NS,1,0.5535970006445738,2025-09-01,272,8.427754388752085,,,0.2755000902086979,32.73704343288167,35.51109422830765,65.58384213814841,646,Buy,0.10719400128914769
ADOR.NS,1,0.5535503928352596,2025-09-01,272,0.4541832669322709,20.0,,3.0333100019623074,6.167314110879736,39.24047399896128,60.63534683159073,647,Buy,0.10710078567051928
VESUVIUS.NS,1,0.5534011676022816,2025-09-01,272,0.3193166885676741,25.0,,-8.962764221660807,-9.750060701426154,30.85465842397698,30.6789110877439,648,Buy,0.10680233520456328
ALICON.NS,1,0.553279479199967,2025-09-01,272,1.175,11.0,,-3.5261813608704387,-15.285564266248382,31.98011096414872,29.951550858446012,649,Buy,0.10655895839993401
TBOTEK.NS,1,0.5531153844009749,2025-09-01,272,0.8501827040194885,14.0,,-3.546206812933324,-8.130319139717148,28.161694275672556,48.17731444328307,650,Buy,0.1062307688019497
VLSFINANCE.NS,1,0.5529843402018254,2025-09-01,272,0.061105722599418044,3.0,,-3.3111211586330294,-12.206055009949477,34.26418150190459,36.42482920319017,651,Buy,0.10596868040365082
REMSONSIND.NS,1,0.552926408753025,2025-09-01,272,1.188034188034188,11.0,,-12.116980351520596,-16.576783572472234,50.428897783913484,20.258260979977493,652,Buy,0.10585281750605002
GNA.NS,1,0.5529079095082264,2025-09-01,272,0.535031847133758,14.0,,-13.935664081089506,-11.383476455412625,38.95232536268215,36.5259570563788,653,Buy,0.10581581901645287
KFINTECH.NS,1,0.5527693282065675,2025-09-01,272,0.2625775327360441,34.0,,-12.232680782381655,-15.183426248038598,38.42743412334975,34.21407820464171,654,Buy,0.10553865641313509
HCG.NS,1,0.5526716889068493,2025-09-01,272,1.1537162162162162,7.0,,11.300325488859578,9.661146797595768,32.802377484253,55.254467707450885,655,Buy,0.10534337781369851
CENTEXT.NS,1,0.552458451316615,2025-09-01,272,1.0568181818181819,18.0,,-5.1245198171977995,-5.846014239843641,35.32151964223116,29.002292359980174,656,Buy,0.10491690263322995
GABRIEL.NS,1,0.552244555836275,2025-09-01,272,0.6283400809716599,26.0,,7.264040734540507,13.905569423320143,33.28121462855421,44.50308181711796,657,Buy,0.10448911167254993
DIACABS.NS,1,0.5521847643626663,2025-09-01,272,-3.806136680613668,,,23.13687820073159,46.671198539450046,52.25298958470642,64.00343541254009,658,Buy,0.10436952872533256
AIRAN.NS,1,0.5519738746233769,2025-09-01,272,0.18523770430629144,11.07,,-0.29070431506559175,-2.4459630662224288,39.84294787865508,44.84303935509393,659,Buy,0.10394774924675376
POWERINDIA.NS,1,0.5518807253989886,2025-09-01,272,1.130045821514292,19.0,,16.90740459175916,58.58185868085633,36.481610754430754,70.65116279069767,660,Buy,0.10376145079797716
BYKE.NS,1,0.5517537322313517,2025-09-01,272,0.4824561403508772,5.0,,-7.235620395861038,-27.506211920186548,40.42093525901278,33.47367415070717,661,Buy,0.10350746446270342
GAYAHWS.NS,1,0.5517534722740978,2025-09-01,272,-2.5421686746987953,7.0,,2.7027000903735274,-7.317075770973953,50.73914020712468,34.9206445318561,662,Buy,0.10350694454819553
JKIL.NS,1,0.5517402535142474,2025-09-01,272,0.9548895899053628,20.0,,-2.5772673399043855,-9.250902527075812,24.815385510785433,44.566547887822,663,Buy,0.10348050702849476
POWERGRID.NS,1,0.5515318899911935,2025-09-01,272,1.7358701280242037,13.0,,-8.732532677102364,-4.67519703763214,19.00668283013789,30.82000408434459,664,Buy,0.10306377998238703
MOLDTKPAC.NS,1,0.5513715149194668,2025-09-01,272,0.523168908819133,12.0,,23.534061641483518,25.112726353441722,55.05549625723385,75.81985150866555,665,Buy,0.10274302983893357
PCJEWELLER.NS,1,0.5512068717488058,2025-09-01,272,0.23294902069731907,7.0,,2.4546477985033723,-4.667322021827494,38.90007788605786,61.26483613951088,666,Buy,0.10241374349761156
ZFCVINDIA.NS,1,0.5511061294920354,2025-09-01,272,0.17190714075815458,20.0,,-0.35988320771372306,-5.90573901891632,22.289140561858716,52.29808121374387,667,Buy,0.10221225898407083
SYRMA.NS,1,0.5510924013243779,2025-09-01,272,0.7973457675753228,6.0,,11.526055267880274,29.312195843823375,36.360969659812845,47.93374107521046,668,Buy,0.10218480264875573
INDIASHLTR.NS,1,0.5510788430694484,2025-09-01,272,1.9447305183659458,,,-6.0223933245800545,5.708552642359481,21.804529053229835,18.97217373393285,669,Buy,0.10215768613889686
ALKEM.NS,1,0.5509349736704138,2025-09-01,272,0.2773508964507867,20.0,,2.881736526946108,0.13659958109461798,24.89681593711477,43.86825508058865,670,Buy,0.10186994734082755
RELIANCE.NS,1,0.5508839701512215,2025-09-01,272,0.9134389503237266,8.0,,-7.660056885377959,-7.53080165027301,23.489896478740675,31.573162264840136,671,Buy,0.10176794030244296
BAJAJ-AUTO.NS,1,0.5508819794099372,2025-09-01,272,0.369759651348099,38.0,,6.135744841545603,7.917460730069827,26.417800203055318,50.30197719575306,672,Buy,0.10176395881987443
MARUTI.NS,1,0.5508493889839092,2025-09-01,272,0.35131861250551777,22.0,,-0.9806140152372331,-12.90472399150743,20.854651128211867,32.91500285225328,673,Buy,0.10169877796781845
NH.NS,1,0.5508184480512789,2025-09-01,272,1.028029322984045,19.0,,7.2115943719407705,4.008786381109281,31.21712136634559,50.86011507988589,674,Buy,0.10163689610255777
JISLJALEQS.NS,1,0.550746252744555,2025-09-01,272,0.6709451575262544,4.0,,-8.210332222355557,-14.322616961146913,45.36600712581581,30.452267529337206,675,Buy,0.10149250548911004
ITCHOTELS.NS,1,0.5506332819780988,2025-09-01,272,0.12263736263736263,10.0,,-2.930010512149232,-13.234640310528206,25.683474163342908,42.537022501308215,676,Buy,0.1012665639561976
SEAMECLTD.NS,1,0.5505294005475773,2025-09-01,272,0.4153846153846154,12.0,,5.165109375091932,20.555507856413307,32.1001777704117,62.50274462746751,677,Buy,0.10105880109515453
KCP.NS,1,0.5504181324948859,2025-09-01,272,1.0422721268163804,4.0,,-5.816018959366148,0.6792318093187298,37.20130164971158,33.52615331241519,678,Buy,0.10083626498977183
PATINTLOG.NS,1,0.5502297902975921,2025-09-01,272,0.3902439024390244,6.0,,21.88316666759512,28.13931931953632,38.59231715511594,75.79787173331609,679,Buy,0.10045958059518423
IOB.NS,1,0.5502090377820468,2025-09-01,272,11.414944310483408,,,-4.5142909458705365,-8.388161764498282,13.983333888579372,36.448551484167226,680,Buy,0.10041807556409355
MEDANTA.NS,1,0.5502032468967527,2025-09-01,272,0.33175230566534913,20.0,,4.02905208411878,1.9725557461406518,32.410452183626376,35.57474691492273,681,Buy,0.10040649379350541
MASTERTR.NS,1,0.5501758414773954,2025-09-01,272,0.06507012122652715,3.24,,6.6692974463405745,-10.516449039779857,52.076865997805164,37.75921306856534,682,Buy,0.1003516829547908
ALOKINDS.NS,1,0.55015988930044,2025-09-01,272,-1.3313796680497925,23.0,,-7.541696626033041,-12.371135169338801,30.11117793205426,27.64505363846125,683,Buy,0.10031977860088004
GREAVESCOT.NS,1,0.5501324439138429,2025-09-01,272,0.32961260669730796,18.0,,8.499579430875052,13.325847841431958,42.46070405234763,59.6619572209829,684,Buy,0.10026488782768572
CONCOR.NS,1,0.5501123862336584,2025-09-01,272,0.15752726131638817,14.0,,-8.882777176942037,-8.278932958163328,29.169272144795872,17.900337597919787,685,Buy,0.10022477246731687
NUVOCO.NS,1,0.5499078181936752,2025-09-01,272,0.9229776247848537,3.0,,21.565553952590495,4.464417646886704,44.5175090403084,60.22727685573598,686,Neutral,0.09981563638735036
RETAIL.NS,1,0.5499000253204543,2025-09-01,272,0.31331793687451875,3.55,,1.2795287046586992,-14.570362003525231,44.029972361437366,48.03571921222366,687,Neutral,0.09980005064090869
KAYNES.NS,1,0.5498559039694074,2025-09-01,272,0.1481311625773905,12.0,,-22.520023407173138,-18.366070496128387,74.98185189896842,23.101802524028813,688,Neutral,0.09971180793881484
MONTECARLO.NS,1,0.5498488925499301,2025-09-01,272,1.3501199040767387,13.0,,-0.6626096069594066,-3.7396941940075923,26.15312932734558,35.14315840212086,689,Neutral,0.09969778509986016
MANAPPURAM.NS,1,0.5496361643385029,2025-09-01,272,2.543859649122807,,,10.723852544132919,6.752600382790123,33.59086929041858,65.54948058268361,690,Neutral,0.09927232867700586
AVTNPL.NS,1,0.5495167754183434,2025-09-01,272,0.47834645669291337,11.0,,4.335260306794285,10.027421405438588,29.29279003755313,66.89601510013287,691,Neutral,0.09903355083668686
RAIN.NS,1,0.5494082271157418,2025-09-01,272,0.20216216216216215,5.0,,49.025365984240885,28.65646240751094,69.69214339460194,68.21321887562438,692,Neutral,0.09881645423148355
PAISALO.NS,1,0.5493502264727294,2025-09-01,272,2.3179611650485437,,,3.2839472355703956,46.4508803047252,40.83722455831145,60.70381707356295,693,Neutral,0.0987004529454587
CDSL.NS,1,0.549255950675815,2025-09-01,272,0.40170333569907735,47.0,,-2.154089969659002,-6.053749266776513,24.701103618294752,54.80560021144812,694,Neutral,0.09851190135163002
BSE.NS,1,0.5491366092814037,2025-09-01,272,0.4256572982774252,47.0,,13.888204852527124,50.706988131345895,29.303752652465846,61.268653080089024,695,Neutral,0.09827321856280746
KIRIINDUS.NS,1,0.5490996441700244,2025-09-01,272,0.5050890585241731,2.0,,-0.7468094574642238,-9.599561162918267,29.820813221606773,43.862811244271995,696,Neutral,0.09819928834004887
GPTHEALTH.NS,1,0.5489991192147783,2025-09-01,272,0.8228346456692913,27.0,,5.092246418069649,13.929111393129661,20.086377973543186,50.029657252715104,697,Neutral,0.09799823842955657
PALREDTEC.NS,1,0.5489527248541838,2025-09-01,272,0.044328552803129105,5.72,,26.638136525966672,19.873413858534413,53.66004425813769,75.01419951762799,698,Neutral,0.09790544970836756
REPCOHOME.NS,1,0.5488849320452518,2025-09-01,272,3.354071100917431,,,-6.352881006820368,-2.277646501844568,25.719760484176597,36.12244736961203,699,Neutral,0.09776986409050359
MEGASOFT.NS,1,0.5487807956414763,2025-09-01,272,0.06857142857142857,8.0,,,,,,700,Neutral,0.09756159128295261
WHIRLPOOL.NS,1,0.548690964020759,2025-09-01,272,0.6153632062343446,13.0,,-16.548293387383136,-9.040641415537738,35.384806183895556,27.541073391310448,701,Neutral,0.09738192804151802
JAGRAN.NS,1,0.5486892448109556,2025-09-01,272,0.3511137162954279,16.0,,13.581929541727478,18.037178395568844,26.696737467271653,84.8776063462635,702,Neutral,0.0973784896219112
BEL.NS,1,0.5485568262084501,2025-09-01,272,0.9967117624953025,39.0,,-4.764662270946571,-5.183622225011881,20.76330128045218,36.16188956953537,703,Neutral,0.09711365241690029
ANURAS.NS,1,0.5484572278084211,2025-09-01,272,0.6629570747217806,5.0,,-1.229005769918893,0.6926089038180934,24.053757819398562,23.47354037267081,704,Neutral,0.0969144556168422
AMRUTANJAN.NS,1,0.5484534857587978,2025-09-01,272,0.2631578947368421,22.0,,-4.012023296552835,-7.462313546801689,34.986384926320454,54.7641709607227,705,Neutral,0.09690697151759564
MENONBE.NS,1,0.548444545437895,2025-09-01,272,0.417910447761194,17.0,,19.45198685682502,21.664430556684287,35.17031603783457,56.15433159904263,706,Neutral,0.09688909087579001
SANDHAR.NS,1,0.5483274523986876,2025-09-01,272,0.5662063363119415,15.0,,36.575248795017366,38.794612459395424,64.70709155254607,71.55849301081082,707,Neutral,0.09665490479737526
AJANTPHARM.NS,1,0.5482968728603922,2025-09-01,272,0.21196705426356588,33.0,,4.446899413137887,-1.6619662108183546,32.48983972118796,42.7099031758067,708,Neutral,0.09659374572078439
UNIONBANK.NS,1,0.5480548101491598,2025-09-01,272,11.160537628198252,,,1.1690987181293244,-16.319405358997592,32.636959132856155,58.61195882253422,709,Neutral,0.0961096202983196
SINCLAIR.NS,1,0.5479718997954957,2025-09-01,272,0.4191936595451414,15.33,,-6.674170509573169,0.9736325225368918,22.086370249744483,25.993259419857992,710,Neutral,0.09594379959099131
TATVA.NS,1,0.5478853237900877,2025-09-01,272,0.23601637107776263,0.0,,-12.446889560277153,-7.3122874365523405,39.497839674846844,22.034772547423913,711,Neutral,0.0957706475801754
LUMAXTECH.NS,1,0.5477106137660936,2025-09-01,272,1.1764705882352942,11.0,,6.377206294383086,3.114730625761617,36.78528906452748,53.16092536410604,712,Neutral,0.09542122753218729
MASTEK.NS,1,0.5476746937387552,2025-09-01,272,0.29528535980148884,16.0,,-3.9664710842066144,3.789233563355981,36.45840666375591,45.824530502233166,713,Neutral,0.09534938747751043
BOROLTD.NS,1,0.5475763039084952,2025-09-01,272,0.3854289071680376,12.0,,-12.534906929667002,-12.12825431135709,39.2159739030948,24.454321381572385,714,Neutral,0.09515260781699042
ABINFRA.NS,1,0.5475524595843211,2025-09-01,272,0.8089171974522293,18.0,,-31.08448586520541,-46.157631941081526,47.348577290943076,16.11650456671147,715,Neutral,0.09510491916864217
ROSSTECH.NS,1,0.5474617983174087,2025-09-01,272,2.7714285714285714,8.0,,5.0290686635330255,54.51819889981435,75.13339735176933,65.71705429662777,716,Neutral,0.09492359663481742
RML.NS,1,0.547391647774508,2025-09-01,272,2.43509272467903,14.0,,12.405019761862206,12.349490583513429,38.44566178841697,61.26383096855676,717,Neutral,0.09478329554901599
CELLO.NS,1,0.5473320262360627,2025-09-01,272,0.1795727636849132,10.0,,-12.059701492537313,-16.957945684286734,31.055934136248503,23.793754260407667,718,Neutral,0.09466405247212539
HCC.NS,1,0.5473074482659438,2025-09-01,272,3.4839357429718874,31.0,,3.493641190697816,25.536595322870454,49.64678175555875,52.90519280118688,719,Neutral,0.0946148965318876
INDOCO.NS,1,0.547137919417444,2025-09-01,272,1.1137614678899082,3.0,,0.07159999962127964,4.9296863139328835,55.29019964660389,36.51145480668815,720,Neutral,0.0942758388348881
SHAILY.NS,1,0.5470956859143843,2025-09-01,272,0.7216312056737588,17.0,,18.04074408615004,53.66229760986892,69.43835732327902,65.90109353537088,721,Neutral,0.09419137182876858
NGIL.NS,1,0.5470490259152896,2025-09-01,272,0.5647951441578148,-8.11,,11.895909613351156,60.96256263724095,66.52133325026294,67.65109976483016,722,Neutral,0.09409805183057918
INTLCONV.NS,1,0.547038103594228,2025-09-01,272,0.4473007712082262,27.0,,5.316552258411415,3.613392994586938,31.29719359927477,48.56780014957701,723,Neutral,0.094076207188456
DIAMONDYD.NS,1,0.5469639459297896,2025-09-01,272,0.31798561151079136,-1.0,,9.801592145647321,2.719262072215777,48.03281412839067,66.00033042788812,724,Neutral,0.09392789185957917
MODTHREAD.NS,1,0.5469527065408217,2025-09-01,272,0.7279411764705882,3.0,,-3.159691582867253,8.907560500730058,33.91482471974189,44.33962688534403,725,Neutral,0.09390541308164346
IONEXCHANG.NS,1,0.5468401254759773,2025-09-01,272,1.2130660727542688,23.0,,-8.872388895810543,-5.924390788346305,37.28165217536592,23.246024722372894,726,Neutral,0.09368025095195454
JSWENERGY.NS,1,0.5467461613874263,2025-09-01,272,0.7094957317609786,6.0,,6.041158674866613,21.37684605669939,37.793365521867486,63.0346118673403,727,Neutral,0.09349232277485253
PARASPETRO.NS,1,0.5467119159041934,2025-09-01,272,0.0009610764055740518,5.42,,-8.181821038900267,-13.304719009881378,24.652681214507524,25.641039748621452,728,Neutral,0.09342383180838687
ISHANCH.NS,1,0.5466086355334064,2025-09-01,272,0.7006768792304953,4.04,,-1.7453965400665683,-1.540434995464844,49.15830459460482,47.901599605391475,729,Neutral,0.09321727106681288
PARAS.NS,1,0.5465780480647556,2025-09-01,272,0.32200886262924666,17.0,,3.16021096454989,29.51077909856871,47.772801296828135,42.0890046295783,730,Neutral,0.09315609612951126
NRBBEARING.NS,1,0.5463161009898845,2025-09-01,272,0.22444444444444445,14.0,,30.549280680156656,35.074483280631135,33.424411281850126,78.39966717514908,731,Neutral,0.09263220197976896
GLOBUSSPR.NS,1,0.546035919780859,2025-09-01,272,1.1013513513513513,6.0,,-19.030464398378626,-9.055549018734814,48.76996602324488,14.523940461982704,732,Neutral,0.09207183956171794
BANDHANBNK.NS,1,0.5460122003265253,2025-09-01,272,6.933081116263933,,,4.296015310741586,15.369703423402866,40.84268791347553,58.992639598046445,733,Neutral,0.09202440065305062
MFML.NS,1,0.5459185047680707,2025-09-01,272,0.7263392304837313,-6.18,,-0.07990594172992935,5.394019011114064,46.21135654635878,48.98167644975411,734,Neutral,0.09183700953614138
MARSHALL.NS,1,0.5459165766959643,2024-06-01,729,1.0563009734280453,-3.39,,0.0,0.0,0.0,100.0,735,Neutral,0.09183315339192855
AVALON.NS,1,0.5458190143606768,2025-09-01,272,0.26988265971316816,9.0,,43.578847969782814,54.185464924916516,62.30451017072901,63.65869449881452,736,Neutral,0.09163802872135363
MAZDOCK.NS,1,0.5455634989742576,2025-09-01,272,2.1079910935180606,49.0,,-10.123662963378816,8.868113203178373,28.138899761993013,35.02327333405145,737,Neutral,0.0911269979485152
NIRAJISPAT.NS,1,0.5455034428682801,2025-09-01,272,0.36195508586525776,10.75,,-4.747936154200025,-28.951426219870662,50.16825477342216,35.72335268625736,738,Neutral,0.09100688573656024
RSYSTEMS.NS,1,0.5454111861203589,2025-09-01,272,0.5315315315315315,33.0,,-0.6633758648762839,-12.13747377323484,44.77445581409324,10.36036036036036,739,Neutral,0.09082237224071776
PNC.NS,1,0.5453999559537235,2025-09-01,272,0.24350168350168347,-1.69,,-13.451654279739362,-26.43906195399875,31.104751236772564,24.291510793700184,740,Neutral,0.09079991190744696
BIRLAMONEY.NS,1,0.5453871404727013,2025-09-01,272,8.619402985074627,13.0,,-5.76030725859908,4.479417376592123,39.66831763914752,36.45901792006565,741,Neutral,0.09077428094540263
JISLDVREQS.NS,1,0.5453061040117623,2015-06-01,4017,,,,-2.914618119999474,3.864730536123272,40.68763236997824,49.235044288166215,742,Neutral,0.09061220802352454
KSCL.NS,1,0.5453020231023357,2025-09-01,272,0.4153066966797974,19.0,,-6.389416625877667,5.195434380575024,27.591650745632656,20.459763878911232,743,Neutral,0.09060404620467133
JINDALSTEL.NS,1,0.5452409459280099,2025-09-01,272,0.47316674273543285,12.0,,-1.2999774941901576,-2.116281247296647,20.833498092066318,41.9480360947646,744,Neutral,0.09048189185601974
THANGAMAYL.NS,1,0.5450463309327138,2025-09-01,272,1.7832047986289632,14.0,,6.297078983792896,12.256389757356498,48.82493426329354,57.94249010850257,745,Neutral,0.09009266186542764
PRINCEPIPE.NS,1,0.5450159224004973,2025-09-01,272,0.3978629792583281,4.0,,-1.8238316671259198,0.9589425399589754,37.697314636189574,51.65562913907284,746,Neutral,0.09003184480099469
BANARISUG.NS,1,0.544921339287777,2025-09-01,272,0.1964873765093304,9.0,,-1.0797606768511663,-0.06384236431837315,20.07562608848927,48.764355518763026,747,Neutral,0.08984267857555395
DOLATALGO.NS,1,0.5449184114407638,2025-09-01,272,0.2597898758357211,32.0,,-5.5677276694425775,-2.5794475003613844,27.963067970398935,36.19093027672062,748,Neutral,0.08983682288152761
ICICIGI.NS,1,0.544788153068346,2025-09-01,272,2.7059889972493125,25.0,,1.2199240869632062,-8.271066312705672,22.252288278698426,44.73218898119801,749,Neutral,0.0895763061366921
WIPRO.NS,1,0.5447319827401523,2025-09-01,272,0.4869596228989642,23.0,,1.7941720473576857,2.053562817470528,21.10827102995084,60.55789746086767,750,Neutral,0.08946396548030466
ANANTRAJ.NS,1,0.544723827799288,2025-09-01,272,0.17508505626799267,7.0,,5.596638089786364,-5.4697552242343335,54.4211171291182,39.8502658481931,751,Neutral,0.08944765559857593
ESTER.NS,1,0.5447180359554754,2025-09-01,272,0.47539267015706804,7.0,,2.184521195427473,-5.117381672312644,35.58315537330189,27.58236421725239,752,Neutral,0.08943607191095082
NIRAJ.NS,1,0.5447074373032522,2025-09-01,272,0.51953125,11.0,,-4.402306516020792,-11.393600121074131,52.629505889316796,14.046823382517545,753,Neutral,0.08941487460650444
CRAFTSMAN.NS,1,0.544687903259815,2025-09-01,272,1.4182892906815021,8.0,,17.07631765692536,13.2975402671994,39.683514806683945,61.5916955017301,754,Neutral,0.08937580651962995
BGRENERGY.NS,1,0.5446524838264968,2025-09-01,272,-3.6658566221142164,-21.0,,17.148659987722777,4.7165551333380575,56.857686224321704,83.11688311688312,755,Neutral,0.08930496765299356
GENSOL.NS,1,0.5445818246791829,2024-12-01,546,2.419254658385093,18.0,,-18.488115981958707,-25.089319415771328,32.171258571446,0.0,756,Neutral,0.08916364935836585
SGIL.NS,1,0.5445815098421924,2025-09-01,272,2.5982142857142856,21.0,,-3.369243856311461,2.9117599188112746,32.83259504541457,32.863995529698215,757,Neutral,0.08916301968438489
WHEELS.NS,1,0.5445588319554431,2025-09-01,272,2.4183222958057393,16.0,,30.625447069184176,75.4007130460469,65.66648826688397,67.22642608826814,758,Neutral,0.08911766391088616
IZMO.NS,1,0.5445186954469454,2025-09-01,272,0.08571027118167773,0.68,,1.5415854515297498,-13.897483610229944,43.611089601185796,59.09531111290453,759,Neutral,0.08903739089389084
TIJARIA.NS,1,0.5445094188878736,2025-09-01,272,-2.480096501809409,-5.05,,1.0869606906841256,-4.123707488614652,25.28581186594056,64.70589225268122,760,Neutral,0.08901883777574726
SBFC.NS,1,0.5444298216680941,2025-09-01,272,1.860221316249272,,,2.155785446642339,-2.6530397666525296,26.493533158819616,40.860861284139375,761,Neutral,0.08885964333618812
SOUTHWEST.NS,1,0.5443419607825407,2025-09-01,272,0.7692307692307693,12.0,,8.00947225860905,41.120878794882145,59.15935875781852,70.63034158850616,762,Neutral,0.08868392156508142
GENUSPAPER.NS,1,0.5441188058362557,2025-09-01,272,1.1801980198019801,5.0,,-8.521479691390148,-2.786375035227637,30.48967288749998,35.135133974099574,763,Neutral,0.08823761167251143
AEROFLEX.NS,1,0.5440375420526234,2025-09-01,272,0.28133704735376047,22.0,,31.74909777975038,83.60625874194206,88.79988049015051,51.01082636349734,764,Neutral,0.08807508410524689
RAJTV.NS,1,0.5439816139229515,2025-09-01,272,0.39516324062877856,-12.7,,-27.664971138038467,-55.64202147887355,51.243107671685586,7.454992181826839,765,Neutral,0.08796322784590305
GAIL.NS,1,0.543863842818292,2025-09-01,272,0.6164324030691927,15.0,,0.7841688493537847,-1.995714340125552,26.62908515468042,53.056237455324165,766,Neutral,0.08772768563658406
NILAINFRA.NS,1,0.5438494607391207,2025-09-01,272,3.943589743589744,17.0,,-4.295938565166284,-0.6195692559023815,41.96732630217908,23.280420343656075,767,Neutral,0.08769892147824132
HARDWYN.NS,1,0.5438043001489761,2025-09-01,272,0.16209476309226933,4.0,,-7.4659825184731865,49.94039819936293,57.70319497748451,58.249634881094515,768,Neutral,0.08760860029795214
MOIL.NS,1,0.5434706027858193,2025-09-01,272,0.22279792746113988,19.0,,-10.822958149332749,-0.8003981482847919,32.210455311172346,36.79940621217652,769,Neutral,0.08694120557163854
VETO.NS,1,0.5434697232978536,2025-09-01,272,0.19029850746268656,11.0,,12.5737614909312,18.70572571968541,38.013461208753995,68.14501797159852,770,Neutral,0.08693944659570718
SCHNEIDER.NS,1,0.5434497177480927,2025-09-01,272,2.1382978723404253,41.0,,5.234389339238094,45.94113142765438,54.501713063959734,49.183635154364374,771,Neutral,0.0868994354961854
GVT&D.NS,1,0.5433948026503952,2025-09-01,272,1.906999041227229,55.0,,15.279205420750344,37.81418753822151,40.29155685660356,78.03369351008618,772,Neutral,0.08678960530079038
PSB.NS,1,0.5431118553352066,2025-09-01,272,11.12718204488778,,,-3.8106728893309363,-7.910911293642318,25.949184717958325,36.555884971433024,773,Neutral,0.08622371067041312
GTLINFRA.NS,1,0.5430321418761392,2025-09-01,272,-1.6099890402379835,,,16.39343637575627,23.47825969775365,68.92259411083933,50.90909012093025,774,Neutral,0.08606428375227848
MUKKA.NS,1,0.542972143217185,2025-09-01,272,1.7188264058679708,11.0,,-5.748549925993611,-3.0625236339639805,25.04651230111913,26.165794275871164,775,Neutral,0.08594428643437002
MAITHANALL.NS,1,0.5429456165953381,2025-09-01,272,0.25312729948491536,29.0,,4.127293450228557,1.739617599812457,33.175826039968854,52.29326098738761,776,Neutral,0.08589123319067626
AVG.NS,1,0.5429185910419113,2025-09-01,272,1.2217898832684826,13.0,,-7.074090852892696,13.298330232848937,50.28697344873635,35.91298573916738,777,Neutral,0.08583718208382263
LUPIN.NS,1,0.5428408669257523,2025-09-01,272,0.1997134880987364,22.0,,-1.8906270233707039,1.1733760138306422,26.353285682098733,33.29344576762526,778,Neutral,0.08568173385150457
VGUARD.NS,1,0.5427229947303284,2025-09-01,272,0.44696239151398265,17.0,,-8.06233909443144,-4.942674807461231,21.02076771728389,27.7972247164455,779,Neutral,0.08544598946065673
ORIENTPPR.NS,1,0.5427106976010331,2025-09-01,272,0.42443729903536975,-3.0,,-1.8368457503170412,-4.619418351758355,39.794335675705476,39.2452872287516,780,Neutral,0.08542139520206615
LT.NS,1,0.5426354736509502,2025-09-01,272,1.6954876702245123,19.0,,2.548993511915294,-3.3547040232948735,18.371946482955533,70.62658511459021,781,Neutral,0.08527094730190043
PUNJABCHEM.NS,1,0.5425748743731261,2025-09-01,272,0.7416267942583732,15.0,,-5.82984124188357,0.957036018371582,32.597121966888146,25.88999714905941,782,Neutral,0.08514974874625225
RSWM.NS,1,0.5425541655027571,2025-09-01,272,1.5291445874337624,2.0,,8.265786671929094,16.032644609009854,37.33533793595683,61.12808125203062,783,Neutral,0.08510833100551429
UNIENTER.NS,1,0.5425069518625998,2025-09-01,272,0.041124780316344464,0.0,,-2.7114569418595784,-3.0076595207932146,24.016688935441373,43.41736944104193,784,Neutral,0.08501390372519957
LYPSAGEMS.NS,1,0.542426603107443,2025-09-01,272,3.0625,-45.0,,-3.605314191804897,3.0425983892575648,38.69277961488171,37.209295878355604,785,Neutral,0.0848532062148859
APOLLOHOSP.NS,1,0.5422716647259765,2025-09-01,272,0.5208803005904455,16.0,,7.071302298173247,5.9063532154653196,18.337844026436485,55.08337816030123,786,Neutral,0.08454332945195309
BBTC.NS,1,0.5422540094983516,2025-09-01,272,1.6129032258064515,28.0,,-0.43100590844281234,-15.569301344619763,26.202061614522236,40.99248083863926,787,Neutral,0.08450801899670313
BASF.NS,1,0.5422319111830048,2025-09-01,272,0.9664394336654432,18.0,,-5.645142820669429,-4.810305161084278,34.021805018424715,17.287922657799086,788,Neutral,0.08446382236600969
SUDARSCHEM.NS,1,0.5422025259311292,2025-09-01,272,0.40033153750518025,11.0,,5.624684746764064,4.077669902912621,59.994426477832285,54.94186365803134,789,Neutral,0.08440505186225833
BANKINDIA.NS,1,0.54215784066953,2025-09-01,272,12.165420332355817,,,3.2961308543096486,-17.675044216768153,27.72871663986085,51.16598957167078,790,Neutral,0.08431568133905998
BSOFT.NS,1,0.5420747468520168,2025-09-01,272,0.34525939177101966,24.0,,-13.560699539357637,-12.82926142130859,35.124457682963815,30.953618346560262,791,Neutral,0.08414949370403368
COMSYN.NS,1,0.5419322043912439,2025-09-01,272,0.9177215189873418,11.0,,0.026055954590863357,-19.8109300138362,20.469270397449804,52.45425667370128,792,Neutral,0.0838644087824878
SPECTRUM.NS,1,0.5419201831296981,2025-09-01,272,1.1157407407407407,16.0,,25.907187166347097,9.76426041171578,52.97022583947793,68.53647487206558,793,Neutral,0.08384036625939628
SURYALAXMI.NS,1,0.5418942810597651,2025-09-01,272,1.6470588235294117,7.0,,6.060608945376933,0.6938565685452163,53.88553910517436,46.345321819611726,794,Neutral,0.08378856211953023
STCINDIA.NS,1,0.5416804040789813,2025-06-01,364,-56.804681957909665,10.43,,2.0631688999498627,3.131435829040817,29.061850705696717,51.46013762413947,795,Neutral,0.08336080815796265
SAMMAANCAP.NS,1,0.5416598785569826,2025-09-01,272,1.972643332617565,,,22.405085235968873,15.376089570743861,42.90879491691768,79.21389593558166,796,Neutral,0.08331975711396522
PANAMAPET.NS,1,0.5416593006923677,2025-09-01,272,0.19222903885480572,19.0,,17.863026157143995,17.475894545808345,38.140608729197034,65.79196572714503,797,Neutral,0.08331860138473535
STYLEBAAZA.NS,1,0.5416514983791196,2025-09-01,272,2.8205689277899344,9.0,,-10.965023146977892,0.8638646979541679,66.69017250967306,25.13176030480578,798,Neutral,0.08330299675823927
DSSL.NS,1,0.5415480951130514,2025-09-01,272,2.208791208791209,39.0,,60.43188829901792,87.46913425303107,82.2283866355736,65.02881622497937,799,Neutral,0.0830961902261027
KITEX.NS,1,0.5414748134826106,2025-09-01,272,0.2797881729920565,19.0,,-1.8299043498725465,-14.96577097545207,30.44385209191373,40.85502230697697,800,Neutral,0.08294962696522123
BDL.NS,1,0.5414282498073294,2025-09-01,272,2.0988854635997156,20.0,,-11.692691360945751,-2.8626724214897696,34.27507908055523,17.89098813054133,801,Neutral,0.0828564996146588
VERTOZ.NS,1,0.5413325760172403,2025-09-01,272,0.38256253635834775,5.89,,-6.760451472921836,-0.3133438782713899,46.40648348668929,49.32524679689141,802,Neutral,0.08266515203448055
SAMPANN.NS,1,0.5412770389398953,2025-09-01,272,2.4,-2.0,,-5.54574258015429,-15.030186353480863,38.24761470012804,36.24453875686677,803,Neutral,0.08255407787979063
NEWGEN.NS,1,0.5412661768085276,2025-09-01,272,0.25186693822131706,28.0,,-12.46663129865917,-13.863215936902987,38.55290406183938,28.25788824452023,804,Neutral,0.08253235361705524
KAPSTON.NS,1,0.5411673741485236,2025-09-01,272,2.156862745098039,13.0,,0.8799733812058388,-10.82632276109282,33.07792189760688,54.7983271781764,805,Neutral,0.08233474829704712
APOLSINHOT.NS,1,0.5410323892687862,2025-09-01,272,1.09,12.0,,9.901611174503417,-2.989041562744523,35.38092319885011,59.80056398077764,806,Neutral,0.08206477853757232
LIBERTSHOE.NS,1,0.5409675876850555,2025-09-01,272,1.2412280701754386,10.0,,-6.70213929079048,-1.499234871579467,27.69801458610105,37.459972120533095,807,Neutral,0.08193517537011097
DYNAMATECH.NS,1,0.5408332101698914,2025-09-01,272,0.9599406528189911,10.0,,-5.413105413105413,11.756430868167204,59.159102052404734,35.526315789473685,808,Neutral,0.08166642033978277
GREENPOWER.NS,1,0.5408107004524298,2025-09-01,272,0.051032662934082235,0.74,,-8.05422832499426,15.646935046745824,56.391846403948776,37.800689988093815,809,Neutral,0.0816214009048597
NETWEB.NS,1,0.5407992092489644,2025-09-01,272,0.8339100346020761,32.0,,14.906025861199618,31.081619311775842,61.03061971826441,62.1403130113888,810,Neutral,0.08159841849792882
DBOL.NS,1,0.5407879339282822,2025-09-01,272,0.6996904024767802,4.0,,-9.619897235685942,10.581841744541274,33.04070126809893,22.747849792658585,811,Neutral,0.08157586785656434
PAVNAIND.NS,1,0.5406914726852184,2025-09-01,272,0.5309278350515464,10.0,,-12.421761515858176,-25.17482133415391,39.095013007340576,39.90227785359198,812,Neutral,0.08138294537043689
ANGELONE.NS,1,0.5406805145949712,2025-09-01,272,2.140113188132396,26.0,,7.729154013958162,36.37871631720018,48.146188259086074,55.74186585286428,813,Neutral,0.08136102918994248
CUBEXTUB.NS,1,0.5406400410917253,2025-09-01,272,0.9240506329113924,11.0,,-11.642268713328988,-16.2149383963674,62.124738183653086,36.42141839162517,814,Neutral,0.08128008218345051
FINOPB.NS,1,0.5406326555706883,2025-09-01,272,4.742363877822045,,,-4.927063647298021,-39.71400338301663,45.68656201647337,44.34761136906656,815,Neutral,0.08126531114137658
ANTGRAPHIC.NS,1,0.5405499759229235,2025-09-01,272,3.669783752191701,-1.59,,-7.954544684857372,-8.98876231421935,55.08069741235826,44.11764138709885,816,Neutral,0.08109995184584706
RCF.NS,1,0.5400051424489996,2025-09-01,272,1.7004870129870129,7.0,,-1.8563734064822697,-0.5957940573607183,27.76142052528423,46.27865533083882,817,Neutral,0.0800102848979991
MAXIND.NS,1,0.5398638925877208,2025-09-01,272,0.010742018150638829,-0.43,,-0.37322148869633687,-0.31741738510488793,58.49818838356761,35.42849006743211,818,Neutral,0.07972778517544166
BHARATGEAR.NS,1,0.5398620316660272,2025-09-01,272,2.319672131147541,2.0,,10.268725323269964,8.269111135076669,42.15649355491293,49.43764432638787,819,Neutral,0.0797240633320544
STARHEALTH.NS,1,0.5398619279450357,2025-09-01,272,1.8569509738079248,12.0,,-0.9939030085267229,14.896629424816377,18.735554276258988,56.532631721001756,820,Neutral,0.07972385589007147
APOLLOTYRE.NS,1,0.5397554982947101,2025-09-01,272,0.8986743302122926,10.0,,-6.990450152810938,-13.009922822491731,28.28167081997656,41.745940665751306,821,Neutral,0.07951099658942029
TREEHOUSE.NS,1,0.539632852902449,2025-09-01,272,0.03208556149732621,-2.0,,-18.81067666203795,-23.1917333189388,31.533429124002687,13.917524379527961,822,Neutral,0.079265705804898
SURANAT&P.NS,1,0.5395998432048517,2025-09-01,272,0.16149068322981366,1.0,,-4.911173754881975,-2.8296785491196763,33.226029475690034,39.57845328644915,823,Neutral,0.07919968640970332
TVSHLTD.NS,1,0.5395434620398688,2025-09-01,272,0.6367521367521367,21.0,,-5.723624730509772,-3.9406936886426958,21.987402493929764,24.622531939605125,824,Neutral,0.07908692407973761
FOODSIN.NS,1,0.5394479820291622,2025-09-01,272,1.5781818181818181,12.0,,-13.369228656475359,-7.23228885415231,42.713614438790295,24.632085810841346,825,Neutral,0.07889596405832444
EXXARO.NS,1,0.5393946507359331,2025-09-01,272,0.7230215827338129,3.0,,-4.571431023733957,-4.160688243651344,32.26523774705847,35.71426544058919,826,Neutral,0.07878930147186614
HOMEFIRST.NS,1,0.5392500785188894,2025-09-01,272,2.4398505603985057,,,-5.1975814954613115,-8.17241800242457,35.23329294974944,25.00923543262921,827,Neutral,0.0785001570377788
PASUPTAC.NS,1,0.5391442561905642,2025-09-01,272,0.6884816753926701,12.0,,19.057087585281476,13.395225195794147,53.87916034228761,63.04024022931394,828,Neutral,0.07828851238112833
BAGFILMS.NS,1,0.5390949029579092,2025-09-01,272,0.20919134225161587,1.75,,-3.0710143232362834,-5.253278367338175,30.0402462694844,42.7419438570504,829,Neutral,0.07818980591581837
ONMOBILE.NS,1,0.5389406275407974,2025-09-01,272,0.1702127659574468,3.0,,-9.069933611132308,-0.31134432635221704,54.57276210441051,26.764919570232323,830,Neutral,0.07788125508159482
PIGL.NS,1,0.5389352287283683,2025-09-01,272,0.5847457627118644,20.0,,-4.125350628969154,-0.9149130577118658,31.687431202247378,30.013317135900863,831,Neutral,0.0778704574567366
PARKHOTELS.NS,1,0.5389081166444956,2025-09-01,272,0.46206896551724136,12.0,,-4.444264776898347,-7.484294449110459,35.9480284118486,25.56192290913235,832,Neutral,0.07781623328899112
POWERMECH.NS,1,0.5388249871349986,2025-09-01,272,1.055956678700361,21.0,,1.6834018428730309,14.869083655115986,34.36729127883168,41.451109137616314,833,Neutral,0.0776499742699972
MARATHON.NS,1,0.5388151262425932,2025-09-01,272,0.029865125240847785,15.0,,-3.3692593696499644,9.289940828402367,37.04387693328556,32.871965083651986,834,Neutral,0.0776302524851864
GTL.NS,1,0.5388068309924705,2025-09-01,272,-1.0247811002808525,,,2.1768751880992863,2.7359820474396224,32.233439436552416,36.477998172424854,835,Neutral,0.07761366198494102
ALPA.NS,1,0.5387922885908415,2025-09-01,272,0.27835051546391754,15.0,,4.62935237887666,6.740388970251862,32.56561311897614,51.978408957327915,836,Neutral,0.07758457718168299
SOTL.NS,1,0.5384731661896034,2025-09-01,272,0.4814391776127927,10.0,,20.420004184256015,17.72014409044678,37.002655904665275,47.70114186544737,837,Neutral,0.07694633237920678
SPORTKING.NS,1,0.5382191734950682,2025-09-01,272,0.709280303030303,12.0,,15.256643202506954,46.947739043665486,50.508848743237245,65.06227641520988,838,Neutral,0.07643834699013641
HONDAPOWER.NS,1,0.5379528159294071,2025-09-01,272,0.25263157894736843,13.0,,2.2143392549561174,6.8976437982713055,23.369380726522497,58.51887252856735,839,Neutral,0.07590563185881427
HARRMALAYA.NS,1,0.5379329129537647,2025-09-01,272,2.0424242424242425,11.0,,-8.565311668527583,10.196577982702907,50.38416402142476,32.351168827832296,840,Neutral,0.07586582590752933
J&KBANK.NS,1,0.5379237305105292,2025-09-01,272,10.519762845849803,,,4.2483669389728895,31.743945376571915,40.62089516990666,48.392289155950934,841,Neutral,0.07584746102105844
INCREDIBLE.NS,1,0.5379222706059927,2025-09-01,272,0.2847682119205298,10.0,,-0.8928562875609045,-2.524693204217062,49.99565847147657,43.074582270308184,842,Neutral,0.07584454121198547
GANGAFORGE.NS,1,0.5378069999158704,2025-09-01,272,1.0441988950276244,3.13,,-19.453930330186942,-21.854307615863142,34.652814346187924,29.508201206475917,843,Neutral,0.07561399983174089
RUBFILA.NS,1,0.5376665874587377,2025-09-01,272,0.18411552346570398,13.0,,11.4090343931234,20.616123356649013,41.04040654028957,66.83840839797769,844,Neutral,0.07533317491747549
SKFINDIA.NS,1,0.5376603196992727,2025-09-01,272,0.40631808278867104,29.0,,-4.384836803024782,-13.644740231434099,25.77428779624875,37.27370188145181,845,Neutral,0.0753206393985455
THERMAX.NS,1,0.5375213930879691,2025-09-01,272,0.8084687346134909,17.0,,24.879704143170425,57.90024214453812,51.92919829648631,61.02123595830533,846,Neutral,0.07504278617593818
SANCO.NS,1,0.5374774963032141,2025-09-01,272,-11.240196078431374,-0.79,,30.39999961853027,44.88888846503364,56.638102679043165,52.07100357980496,847,Neutral,0.07495499260642813
UMESLTD.NS,1,0.5374591613465807,2025-09-01,272,0.17036506800286333,2.0,,-1.3651863802616762,33.79629583638393,50.33751670333704,56.77966153063445,848,Neutral,0.07491832269316134
PGIL.NS,1,0.5373435545093332,2025-09-01,272,0.8701754385964913,11.0,,8.439527516341816,4.848815907608074,38.6107297964162,64.38022767462746,849,Neutral,0.07468710901866649
BALKRISHNA.NS,1,0.5372952344160307,2025-09-01,272,-1.1197309677045284,,,-1.557469938005026,9.760473570659268,29.738812859165538,37.10938489529705,850,Neutral,0.07459046883206133
SHIVAMILLS.NS,1,0.537199777240882,2025-09-01,272,0.17391304347826086,-3.0,,6.487547550913146,16.1543978974719,59.23697077507716,41.28919150504772,851,Neutral,0.07439955448176394
KAUSHALYA.NS,1,0.5369781990418803,2025-09-01,272,0.2858550039401101,-1.13,,-5.7313660506489015,1.9635818126018973,35.31111893713352,29.65418571010447,852,Neutral,0.07395639808376053
MACPOWER.NS,1,0.5366288518881245,2025-09-01,272,0.632258064516129,27.0,,-13.994323448878292,5.95433199244479,59.13832112680383,28.14648296171073,853,Neutral,0.07325770377624896
TARSONS.NS,1,0.5366235177211345,2025-09-01,272,0.6244343891402715,9.0,,-4.756271163226651,12.922529791820239,41.55023736993733,40.86656129204065,854,Neutral,0.07324703544226896
HECPROJECT.NS,1,0.5364928613674599,2025-09-01,272,1.2456140350877194,19.0,,-7.002077732310699,8.067851554868511,57.56289459765709,50.89193863875697,855,Neutral,0.07298572273491977
CARBORUNIV.NS,1,0.5364667793592099,2025-09-01,272,0.1273394495412844,18.0,,5.424656753054665,21.100329370770815,34.56295918897862,50.31201688163671,856,Neutral,0.07293355871841989
PENIND.NS,1,0.53637930447561,2025-09-01,272,2.1675675675675676,15.0,,-3.560212424474371,10.052059157852607,44.22795800165112,45.49591039665889,857,Neutral,0.07275860895122
MTEDUCARE.NS,1,0.5359836137885949,2025-09-01,272,2.2037037037037037,-6.0,,6.711410953141468,7.432433303208824,55.151485568694525,51.89873914347104,858,Neutral,0.07196722757718987
DICIND.NS,1,0.5359040462964768,2025-09-01,272,0.4665071770334928,6.0,,-5.247181663068108,-8.762187348144352,30.721296869084867,30.72383579378854,859,Neutral,0.07180809259295362
AVANTIFEED.NS,1,0.5358207375040851,2025-09-01,272,0.2651072124756335,29.0,,-12.826825657205474,-9.808919026906144,42.90861971349456,23.57273910576184,860,Neutral,0.0716414750081702
TRANSWORLD.NS,1,0.5356857358910413,2025-09-01,272,0.4753246753246753,7.0,,-1.9901697881712304,9.304371439693297,54.093395962303106,44.67289550002009,861,Neutral,0.07137147178208259
ANDHRSUGAR.NS,1,0.5356243312597724,2025-09-01,272,0.23439767779390422,5.0,,-8.43657010161538,24.484973362961668,44.96500268057276,30.730970392532598,862,Neutral,0.07124866251954476
ALBERTDAVD.NS,1,0.535525645693964,2025-09-01,272,0.35279187817258884,6.0,,-1.631491224776917,-2.377015255592808,41.22178713751045,24.80573235765972,863,Neutral,0.07105129138792798
AMBIKCO.NS,1,0.5352706240586944,2025-09-01,272,0.21047008547008547,11.0,,11.218461381709128,18.231096689439195,34.428030224904866,64.64907323200366,864,Neutral,0.07054124811738882
ABFRL.NS,1,0.5351219710459836,2025-09-01,272,0.79457934755948,0.0,,0.63863501806693,-6.090119557486266,37.49140493692348,48.70396603515141,865,Neutral,0.07024394209196716
IL&FSENGG.NS,1,0.5350728338153382,2025-09-01,272,-1.5140801001251565,,,17.391310040837777,36.55722908796245,44.14915978926808,62.103172763525755,866,Neutral,0.07014566763067642
STANLEY.NS,1,0.5349158984062282,2025-09-01,272,0.27751196172248804,9.0,,6.472128694350916,-13.212003568674128,77.95200181888792,28.969577647348444,867,Neutral,0.06983179681245644
SUNDROP.NS,1,0.5348688704853003,2025-09-01,272,0.087465564738292,0.0,,1.761152594718443,1.0204920953355712,25.827348503121613,51.33570879635115,868,Neutral,0.06973774097060059
GLENMARK.NS,1,0.534749944099149,2025-09-01,272,0.18568027068799867,10.0,,-5.460671729129011,10.507130789207718,34.78071643780095,44.66861763501359,869,Neutral,0.069499888198298
AVONMORE.NS,1,0.5345994980125126,2025-09-01,272,0.46643944807872023,9.17,,-15.031154846106379,-27.072193719302412,45.34969421832202,36.78646273752652,870,Neutral,0.06919899602502522
VENUSPIPES.NS,1,0.5344609181175614,2025-09-01,272,0.8983050847457628,25.0,,-1.065075426069045,34.92906408084799,39.234037194746676,49.36708860759494,871,Neutral,0.06892183623512271
CTE.NS,1,0.5344174850586985,2025-09-01,272,0.9618178431737754,9.65,,2.065727172619286,-1.2416712347916097,45.53823262744379,50.2054200037426,872,Neutral,0.06883497011739692
RBLBANK.NS,1,0.5340070248587144,2025-09-01,272,8.70920554854981,,,2.51077477745426,5.828220858895705,34.54947800026241,55.563796204230435,873,Neutral,0.06801404971742886
GUJAPOLLO.NS,1,0.5339645628503064,2025-09-01,272,0.11096373056994811,1.23,,-12.846545988127495,0.2625016322237416,34.739615829347144,22.07857599634336,874,Neutral,0.06792912570061271
EMKAY.NS,1,0.5337458127385591,2025-09-01,272,5.138528138528138,26.0,,-3.681785720448276,-5.767580241961736,53.23105014800308,45.41812968549547,875,Neutral,0.06749162547711829
MAYURUNIQ.NS,1,0.5336011043080172,2025-09-01,272,0.11834319526627218,21.0,,35.315223518070646,34.00533076501443,52.79582568198374,74.60565196737598,876,Neutral,0.06720220861603443
ELGIEQUIP.NS,1,0.5335918482103685,2025-09-01,272,0.20610687022900764,28.0,,3.604338248786134,6.056963059113118,29.040734138849082,63.940182396665776,877,Neutral,0.06718369642073707
LOYALTEX.NS,1,0.5335265831713076,2025-09-01,272,2.3233830845771144,-12.0,,7.804878048780488,-3.0659262795507267,36.78942014696347,34.960465311754376,878,Neutral,0.06705316634261527
UTIAMC.NS,1,0.5334744018090708,2025-09-01,272,0.12232243517474634,24.0,,-0.9789460834703948,-10.558591660847991,39.494312382242036,28.93788308379952,879,Neutral,0.0669488036181416
SANSERA.NS,1,0.5334229200316732,2025-09-01,272,0.2726008344923505,13.0,,13.82081034559456,21.978256235344276,56.211843904873206,74.00721571812078,880,Neutral,0.06684584006334648
RANEHOLDIN.NS,1,0.5333175604188726,2025-09-01,272,0.11688311688311688,13.0,,26.01051996758696,16.06891345596379,63.10839191824185,67.54823277219228,881,Neutral,0.06663512083774514
JIOFIN.NS,1,0.533300619340507,2025-09-01,272,0.003944840834248079,3.0,,-3.01172964078517,-6.385897375811092,29.084947173312898,47.79973822626398,882,Neutral,0.06660123868101397
EICHERMOT.NS,1,0.5332368269096653,2025-09-01,272,0.3435857403070518,32.0,,-0.17386466374574033,-10.717173602040182,27.089481597123132,45.71818491982258,883,Neutral,0.06647365381933068
AWL.NS,1,0.5328344625871482,2025-09-01,272,1.4389052802930105,21.0,,-3.9364521492345905,-1.7172649225510799,33.918276283387044,28.2190432602727,884,Neutral,0.06566892517429634
GALLANTT.NS,1,0.5327952061246688,2025-09-01,272,0.3216242346116661,19.0,,-22.324066697118738,20.872084809391996,46.21952808836448,11.613692426715701,885,Neutral,0.06559041224933759
KOTARISUG.NS,1,0.5325455447740635,2025-09-01,272,0.48056537102473496,3.0,,-7.371098835007562,3.3211813571777915,24.11844099546294,28.50466498392123,886,Neutral,0.06509108954812692
SOMICONVEY.NS,1,0.5324332139463502,2025-09-01,272,0.4269720101781171,10.35,,-9.578543774796975,-6.642128605345237,37.59381631445782,24.144411632719354,887,Neutral,0.06486642789270047
LINDEINDIA.NS,1,0.532404710893373,2025-09-01,272,0.35003796507213364,17.0,,-1.4095107765993842,6.899621633652347,23.222353038002343,23.083778966131902,888,Neutral,0.06480942178674609
GODAVARIB.NS,1,0.5323954851453628,2025-09-01,272,1.0308988764044944,6.0,,-11.304347826086957,-3.0083028491724693,40.87634475375084,34.713074443951285,889,Neutral,0.06479097029072567
BAJFINANCE.NS,1,0.5323748705467123,2025-09-01,272,3.2397719723109235,,,-3.0683030949839916,-11.264714881349814,23.387742302951445,41.11253379081093,890,Neutral,0.06474974109342457
JSWSTEEL.NS,1,0.5322674962842789,2025-09-01,272,1.4244930245937006,10.0,,1.0676156583629894,1.8732562774013553,18.548512044562273,54.8796044239292,891,Neutral,0.06453499256855788
NIITMTS.NS,1,0.5322660912909659,2025-09-01,272,0.1984126984126984,24.0,,-33.65846215225138,-39.98264122337305,53.80729716962326,10.370044125751889,892,Neutral,0.06453218258193183
PGHH.NS,1,0.5322466133123253,2025-09-01,272,1.2910848549946294,104.0,,-6.93794898992334,-16.034452757960675,25.569757430211837,41.28048780487804,893,Neutral,0.06449322662465051
DENORA.NS,1,0.5321957325864716,2025-09-01,272,0.3779527559055118,1.0,,-14.912859033459272,16.31733443377176,45.66167291381046,33.69939048656347,894,Neutral,0.06439146517294314
TCS.NS,1,0.5320492023465531,2025-09-01,272,0.7008432417175317,78.0,,-7.452665591535196,-11.041358258349872,24.283322490135784,34.18340727749924,895,Neutral,0.06409840469310613
AVROIND.NS,1,0.5320125130108914,2025-09-01,272,0.4234161988773054,7.58,,-14.403028021488698,-12.269341215270984,58.770673814205274,38.403041894033024,896,Neutral,0.06402502602178273
POKARNA.NS,1,0.5318738850264082,2025-09-01,272,0.5717548534449943,-1.41,,-8.092286387990367,-14.345312081415729,28.239014753282365,32.67628115516199,897,Neutral,0.0637477700528164
RADIOCITY.NS,1,0.5318517880316478,2025-09-01,272,0.3456032719836401,-5.0,,0.32626395682111264,0.4901995158388633,26.90737688839598,49.50496264853363,898,Neutral,0.06370357606329557
BANKBARODA.NS,1,0.5318131799199913,2025-09-01,272,11.424827886473102,,,1.9130071769478647,-14.244651943178239,22.06826137172151,53.18066256555846,899,Neutral,0.06362635983998266
RUPA.NS,1,0.5317134761740997,2025-09-01,272,0.4925521350546177,11.0,,1.7981791567886232,9.843643499587621,62.333578627077415,57.455421548139185,900,Neutral,0.0634269523481994
MICEL.NS,1,0.5316319780426454,2025-09-01,272,0.29556541019955646,8.71,,-1.7299408494785193,6.839284674355385,64.78332125662571,17.57296895638163,901,Neutral,0.06326395608529078
CAMLINFINE.NS,1,0.5315417253690082,2025-09-01,272,0.8781065088757396,4.0,,-3.852213089333753,-13.063605967394079,62.16994015415097,45.319155429271945,902,Neutral,0.06308345073801647
PVP.NS,1,0.5315010490616762,2025-09-01,272,1.4814939921825996,1.99,,-21.116143544922632,-6.773617362598476,43.758972862896904,26.99531110257928,903,Neutral,0.06300209812335233
MAHLOG.NS,1,0.5311744254698199,2025-09-01,272,1.1286509040333796,9.0,,-16.35496782616805,-17.444810274111095,34.401253968801,6.1403594162042054,904,Neutral,0.06234885093963971
SHRADHA.NS,1,0.5310380669965302,2025-09-01,272,0.12345679012345678,18.0,,-10.252446093571125,-13.095534996302819,38.49040666770427,39.1592890479285,905,Neutral,0.062076133993060445
PNBGILTS.NS,1,0.5307749320630298,2025-09-01,272,15.64190012180268,7.0,,10.846931465756063,0.11436336820234978,63.33054952339447,58.78233810650329,906,Neutral,0.06154986412605967
V2RETAIL.NS,1,0.5307661478086159,2025-09-01,272,5.115384615384615,17.0,,15.107087167055797,15.517497684323839,41.97254374739289,56.96474193942347,907,Neutral,0.061532295617231725
CARYSIL.NS,1,0.5301535365344232,2025-09-01,272,0.5954022988505747,13.0,,20.43029324706622,15.679017587560388,47.53453154092592,68.06253612829339,908,Neutral,0.06030707306884642
ESCORTS.NS,1,0.5301521733459021,2025-09-01,272,0.26570900537634407,14.0,,-13.394507608720243,-17.913828497075063,30.919479408384205,23.3060243022654,909,Neutral,0.06030434669180429
MFSL.NS,1,0.5301514896931168,2025-09-01,272,0.0020780762950868338,0.0,,3.9493277832678926,-10.481283422459892,28.39462919685456,46.252560485119815,910,Neutral,0.060302979386233524
STEELCAS.NS,1,0.5301245684792568,2025-09-01,272,0.14166666666666666,33.0,,-8.562760200458824,20.011857461215683,41.97092658309797,47.61904761904762,911,Neutral,0.06024913695851364
KABRAEXTRU.NS,1,0.5301217658150637,2025-09-01,272,0.7733333333333333,8.0,,-14.846399613149986,-13.8772411212812,39.7118113433815,21.208126804655976,912,Neutral,0.0602435316301273
FIBERWEB.NS,1,0.530094338740631,2025-09-01,272,0.09239130434782608,10.0,,-25.687828784273115,-35.499424466846776,34.8468572521732,10.225331422239734,913,Neutral,0.06018867748126211
DOLPHIN.NS,1,0.5300596331338685,2025-09-01,272,0.5156736822025815,2.95,,-2.8385069823656397,-2.5796278888304185,22.184770749622572,28.91191572204366,914,Neutral,0.060119266267737004
TRU.NS,1,0.5299427914282357,2025-09-01,272,3.165137614678899,,,-7.142857671735974,-11.407407124837238,34.76642750225992,31.96719357222898,915,Neutral,0.0598855828564715
VERANDA.NS,1,0.529908174755444,2025-09-01,272,0.2834017084179458,3.01,,19.31223915042483,26.72780774469754,72.40146544814358,63.781173092296115,916,Neutral,0.0598163495108881
GOENKA.NS,1,0.5299031970364821,2025-09-01,272,1.9979666531110212,-0.3,,0.0,0.0,0.0,100.0,917,Neutral,0.059806394072964286
VMM.NS,1,0.5298031810299326,2025-09-01,272,0.2546658639373871,10.0,,-0.8871918947339791,1.2051171475398215,23.016158394618394,42.7223578330869,918,Neutral,0.05960636205986525
EIDPARRY.NS,1,0.5296427038709489,2025-09-01,272,0.6423841059602649,2.0,,-10.640557611600803,-14.826924837089333,23.685522644928543,25.496877915521935,919,Neutral,0.05928540774189783
DELTAMAGNT.NS,1,0.5294233880861536,2025-09-01,272,4.753001715265866,-10.79,,-1.51105579621325,0.8304809034366006,29.367715278480294,40.05188124797468,920,Neutral,0.05884677617230727
ELIN.NS,1,0.5293195288562499,2025-09-01,272,0.42217484008528783,7.0,,-5.61612400803065,-13.535597819091047,45.989179791776166,34.067349672131186,921,Neutral,0.058639057712499776
TIMETECHNO.NS,1,0.529303276469675,2025-09-01,272,0.5723108594956253,12.0,,-9.481367967357054,-7.497214364057411,30.258774311024062,38.18184412353025,922,Neutral,0.05860655293935002
MAHSCOOTER.NS,1,0.5291329142034744,2025-09-01,272,0.12834337988065309,1.0,,2.9760464553593033,-4.687966557181248,38.01598250999968,47.99894681411269,923,Neutral,0.05826582840694883
CONTROLPR.NS,1,0.5291089594287735,2025-09-01,272,0.17355371900826447,23.0,,-6.845243557004385,-9.383121275693236,33.831394793193795,28.745103772740848,924,Neutral,0.0582179188575469
ADANIPORTS.NS,1,0.5289674730918644,2025-09-01,272,2.0581718378685947,9.0,,8.638853898566925,15.99176751184807,26.552698266230546,56.91488386518186,925,Neutral,0.05793494618372885
GOCLCORP.NS,1,0.5289336588028605,2025-09-01,272,0.2228454869964304,9.0,,10.861366321963981,45.871385911200505,52.8514434173498,68.82002920024779,926,Neutral,0.05786731760572095
TNPL.NS,1,0.5288203711792956,2025-09-01,272,1.9560173997100048,6.0,,-0.6223601160170423,8.48918373953578,30.854229798946324,33.83296357166897,927,Neutral,0.05764074235859118
INDSWFTLAB.NS,1,0.5286476406887496,2025-09-01,272,0.17782909930715934,1.0,,10.593287796595916,6.923946635638531,51.47182238173792,67.94498445872705,928,Neutral,0.057295281377499174
CIPLA.NS,1,0.5286393392064486,2025-09-01,272,0.12633478718604302,20.0,,6.9792322936756745,5.600365686491186,34.056774635793275,70.40340242015534,929,Neutral,0.05727867841289713
MALUPAPER.NS,1,0.5284661541195582,2025-09-01,272,-11.0,-4.0,,-0.7909897474350018,1.9699846064199757,27.08639304073108,36.23762772628145,930,Neutral,0.056932308239116436
AARTISURF.NS,1,0.5284661075053254,2025-09-01,272,1.0672268907563025,9.0,,-6.747369029340616,-7.037039953890383,47.1781890939056,22.192399963973102,931,Neutral,0.05693221501065082
ALMONDZ.NS,1,0.5282678120559761,2025-09-01,272,0.33237704918032773,2.03,,-19.823528738582834,-13.897661527910365,50.25859154726204,17.63601804931875,932,Neutral,0.05653562411195212
MEDICAMEQ.NS,1,0.528026245746187,2025-09-01,272,0.29044117647058826,7.0,,6.686830273562339,-9.36248923201131,45.80625512850368,37.221165205883494,933,Neutral,0.0560524914923739
SUVIDHAA.NS,1,0.5279639183076,2025-09-01,272,0.1922283047653234,-8.05,,-10.472970904879043,-11.371234551333314,30.226563209049008,29.577482288198823,934,Neutral,0.055927836615200066
ACLGATI.NS,1,0.5279427823873483,2025-06-01,364,0.010893246187363835,2.0,,,,,,935,Neutral,0.05588556477469653
MADHAV.NS,1,0.5279239836753307,2025-09-01,272,0.140820609306028,1.17,,-8.727185626366301,-3.2343615620921855,39.44766627039523,36.301364494234846,936,Neutral,0.05584796735066133
JKLAKSHMI.NS,1,0.5278570271472571,2025-09-01,272,1.3493975903614457,11.0,,-8.487056591541668,-17.995561110526108,26.46420859251349,14.362520497394044,937,Neutral,0.05571405429451426
ANUP.NS,1,0.527846502243155,2025-09-01,272,0.49508196721311476,24.0,,-15.270938645972167,8.226993496857542,39.32334528762616,15.13770709408685,938,Neutral,0.05569300448630998
NLCINDIA.NS,1,0.5277955501866993,2025-09-01,272,1.1008839779005526,9.0,,9.775736289573448,31.697611152388415,54.904350671311974,56.18716658091421,939,Neutral,0.05559110037339865
BPL.NS,1,0.5276589968913874,2025-09-01,272,1.1666666666666667,8.0,,-2.7737995838102556,1.4376408476861078,42.416071100055156,36.26761568417542,940,Neutral,0.0553179937827748
KEEPLEARN.NS,1,0.5275559372157526,2025-09-01,272,0.5989304812834225,9.8,,-0.9523800873701953,6.122443021609968,70.64598099468019,50.56179669932552,941,Neutral,0.055111874431505115
MURUDCERA.NS,1,0.5275019681130998,2025-09-01,272,0.5614973262032086,5.0,,0.5420063539235098,-0.2986034153669758,33.335664273734544,48.818088829662315,942,Neutral,0.05500393622619959
CREATIVE.NS,1,0.5274367019649268,2025-09-01,272,1.5503597122302157,14.0,,,,,,943,Neutral,0.054873403929853515
HSCL.NS,1,0.5272209280810249,2025-09-01,272,0.3330830830830831,23.0,,0.9429395400568977,23.844738590038077,43.54389923348473,41.09857141015042,944,Neutral,0.054441856162049884
INDBANK.NS,1,0.5271808071725325,2025-09-01,272,0.2221640853913772,13.44,,-5.234396522470673,-7.935177647217573,24.825928964009833,33.92504990327831,945,Neutral,0.054361614345064924
GALAXYSURF.NS,1,0.5271059903884941,2025-09-01,272,0.6717506631299734,15.0,,-3.2652607785308847,-5.520466531906657,24.000323891271538,17.343858480177616,946,Neutral,0.0542119807769883
JYOTISTRUC.NS,1,0.5270967063107316,2025-09-01,272,4.473684210526316,2.0,,-6.159422968996808,4.6041978154695675,48.0087065609976,39.73214095648434,947,Neutral,0.054193412621463155
VINATIORGA.NS,1,0.5269876712845577,2025-09-01,272,0.11784511784511785,21.0,,-1.6032725145080233,-13.536687043625534,33.14980965365733,40.5883919726823,948,Neutral,0.0539753425691154
TEGA.NS,1,0.5268130118787726,2025-09-01,272,0.19030390738060782,18.0,,5.603058568199878,8.051882869563496,38.55266611144204,61.87756171824027,949,Neutral,0.053626023757545216
LEMONTREE.NS,1,0.5267861526338348,2025-09-01,272,0.32384615384615384,11.0,,-3.0955008954920196,0.24632601724926462,37.92045995600165,46.16010123744297,950,Neutral,0.05357230526766954
SHEKHAWATI.NS,1,0.5267076329857755,2025-09-01,272,1.0218242865137106,57.34,,-7.614513822945167,12.454737589372437,81.51375411560056,56.92771205467427,951,Neutral,0.053415265971550996
TATACONSUM.NS,1,0.5267050540255243,2025-09-01,272,0.2534794711203897,10.0,,3.8241591879961545,0.8804075155668627,31.041543357028107,20.492749520166214,952,Neutral,0.05341010805104851
HDFCBANK.NS,1,0.5266466173888315,2025-09-01,272,6.724459452940325,,,-3.5182096649725993,-18.226250654259335,23.104839739845893,41.81660898749119,953,Neutral,0.0532932347776629
HEADSUP.NS,1,0.5266393561707106,2025-09-01,272,0.4375655823714586,10.93,,-2.7247994815337995,-11.083435816706878,37.75009060012474,22.314047306973563,954,Neutral,0.05327871234142112
DENTA.NS,1,0.5266359179479464,2025-09-01,272,0.059496567505720827,25.0,,-10.753490876009622,0.11916705134371897,43.88142231785396,28.318573105030225,955,Neutral,0.053271835895892794
DISHTV.NS,1,0.5265582353456145,2025-09-01,272,-1.8288378288378289,,,-15.96858392031427,7.7181213960191775,45.97104240466241,27.199998321532874,956,Neutral,0.053116470691229045
KPEL.NS,1,0.5265451149438632,2025-09-01,272,2.4010695187165774,42.0,,-1.8229695554809318,20.729234087123665,48.44320056105336,31.449718645913435,957,Neutral,0.05309022988772649
SANGHVIMOV.NS,1,0.5265280404942742,2025-09-01,272,0.5579399141630901,12.0,,13.801186226583912,39.26931763324151,48.70407437878362,63.161992769898816,958,Neutral,0.053056080988548304
PFS.NS,1,0.526473586567452,2025-09-01,272,0.7968435191403627,10.0,,-3.7931006236432188,-2.7874538146127192,29.20631349356998,44.52925862868924,959,Neutral,0.052947173134904046
MARALOVER.NS,1,0.5262989516665272,2025-09-01,272,5.035398230088496,2.0,,22.80165073255835,18.484207956414473,76.55246035291366,47.66982559360577,960,Neutral,0.05259790333305436
PPLPHARMA.NS,1,0.5261960910156764,2025-09-01,272,0.40178225493994574,12.0,,6.746153393678467,8.345872783526401,46.03885119315533,29.6852906233338,961,Neutral,0.052392182031352874
SBC.NS,1,0.5260805411180396,2025-09-01,272,3.536231884057971,16.0,,17.128388597770908,22.339764908297717,28.35592626035429,77.5354315411748,962,Neutral,0.05216108223607918
BLUECOAST.NS,1,0.5260078662866161,2025-09-01,272,-1.2854821235102925,-34.45,,4.817322499412318,31.521292781579017,43.67247997962988,53.611721359383196,963,Neutral,0.05201573257323222
AAREYDRUGS.NS,1,0.5259616852662005,2025-09-01,272,0.9864864864864865,6.0,,-18.069129253593726,-0.6749857386088869,46.32856838243763,19.999993520684896,964,Neutral,0.051923370532400925
ASIANENE.NS,1,0.5259461241338508,2025-09-01,272,0.4103194103194103,16.0,,13.043755124516787,15.628024536250093,50.90485863146608,72.93434436387862,965,Neutral,0.05189224826770156
ZAGGLE.NS,1,0.5259441569418891,2025-09-01,272,0.04889228418640183,13.0,,-12.792817949700627,-6.330576653582389,79.17182043255023,34.26694293323571,966,Neutral,0.051888313883778237
CAPTRUST.NS,1,0.5258295883047923,2025-09-01,272,1.4666666666666666,12.0,,3.206564579184269,4.7691151598913315,37.875547838049194,53.01455235503011,967,Neutral,0.051659176609584634
HIKAL.NS,1,0.5256593138006647,2025-09-01,272,0.9673366834170855,10.0,,3.18626091376321,-2.632628063208028,54.04838679979028,41.63110925732253,968,Neutral,0.051318627601329325
KEC.NS,1,0.5256505670277634,2025-09-01,272,2.9534029389017786,15.0,,-10.88817852352836,-15.413918474515834,49.872874449828956,26.57182105212162,969,Neutral,0.05130113405552672
MARINE.NS,1,0.525578588697341,2025-09-01,272,0.6140350877192983,18.0,,17.2873959276402,42.145880961603744,52.47378007013691,72.84341221362388,970,Neutral,0.05115717739468195
BAIDFIN.NS,1,0.5254674762088088,2025-09-01,272,1.544502617801047,11.0,,-7.6854306427756605,-8.74558125271696,42.22218190747044,33.157899095741115,971,Neutral,0.050934952417617696
UTKARSHBNK.NS,1,0.5251803347862429,2025-09-01,272,10.672634271099744,,,-9.857238650611139,-5.014325267566787,39.5490383373621,14.826506489497845,972,Neutral,0.05036066957248586
BHARTIHEXA.NS,1,0.5251104843276272,2025-09-01,272,2.0382706164931945,17.0,,-2.0692800793093333,-11.915422488517352,23.74974656545828,49.618786385610974,973,Neutral,0.05022096865525438
PSPPROJECT.NS,1,0.5250888500784209,2025-09-01,272,1.1625816993464053,9.0,,12.928590840653762,11.397851053376506,42.81736362277577,53.62855479156274,974,Neutral,0.050177700156841754
MUKTAARTS.NS,1,0.5250170682865696,2025-09-01,272,0.590044883756115,5.97,,9.651796676635218,15.756605436828439,65.09681454279311,64.12021467280738,975,Neutral,0.050034136573139154
BHARATRAS.NS,1,0.5248406554984311,2025-09-01,272,0.22023809523809523,14.0,,4.580810606999102,-8.765315739868049,27.33535085314354,51.65033824993791,976,Neutral,0.04968131099686213
LTFOODS.NS,1,0.5247115018272516,2025-09-01,272,0.3889496717724289,15.0,,-7.762879211054212,-6.864606626243319,23.618821841645076,30.12618428129319,977,Neutral,0.04942300365450314
LFIC.NS,1,0.5246433883855541,2025-09-01,272,0.055243135957657896,4.28,,1.4090431528047018,14.11303229323847,57.76942467551967,44.18552331716035,978,Neutral,0.049286776771108265
SUNDARMFIN.NS,1,0.524459668621955,2025-09-01,272,4.075474622239442,,,-7.627677455269417,-23.37845431966801,23.44444333979122,21.637823360605395,979,Neutral,0.048919337243910066
TCPLPACK.NS,1,0.524430671924802,2025-09-01,272,1.4754829123328381,20.0,,-4.655580109031486,-7.304891981527319,33.205106230938284,29.67677552783367,980,Neutral,0.048861343849603944
ORIENTTECH.NS,1,0.5243351149721549,2025-09-01,272,0.6750700280112045,27.0,,-3.042307089901734,-12.869506673845086,50.740970024120045,24.823430832464155,981,Neutral,0.048670229944309806
TOKYOPLAST.NS,1,0.5242685225883332,2025-09-01,272,1.0201987816607885,4.54,,-4.956799582640803,-2.395470862345819,89.7801765607651,53.447442231111374,982,Neutral,0.04853704517666646
GNFC.NS,1,0.5240934077590549,2025-09-01,272,0.2601549659544494,10.0,,6.190775800029342,9.026051475908101,41.724050292275386,52.27082451492895,983,Neutral,0.04818681551810977
UFLEX.NS,1,0.5240281336326192,2025-09-01,272,1.6102207438766254,9.0,,-4.137928274272188,-7.4547027813764295,35.678633149550215,41.23775651022675,984,Neutral,0.048056267265238484
SENORES.NS,1,0.5239639710776895,2025-09-01,272,0.14425770308123248,2.0,,24.03431371489347,41.17536427908583,54.03834739871862,65.88814420955583,985,Neutral,0.0479279421553791
WELINV.NS,1,0.5239511412826899,2025-09-01,272,0.12426229508196726,0.83,,24.76610500529661,42.61469420412929,53.76547549571708,69.41494890678865,986,Neutral,0.04790228256537987
BALKRISIND.NS,1,0.523898727386059,2025-09-01,272,0.5738772383414728,16.0,,0.739960298294718,-11.596121659690404,27.636276576741096,43.730753656469616,987,Neutral,0.04779745477211805
CPCAP.NS,1,0.5238795868186952,2025-09-01,272,0.24577861163227016,10.0,,-4.49984333972865,-3.004833579724247,33.76246391911962,42.58533542647113,988,Neutral,0.04775917363739035
ABB.NS,1,0.523618397968049,2025-09-01,272,0.7792604948568251,39.0,,0.318118948824343,20.255349485584272,41.69151620273494,83.04696449026346,989,Neutral,0.047236795936097975
ASAHISONG.NS,1,0.5235910299143258,2025-09-01,272,0.4557823129251701,12.0,,4.3958871405741435,11.526010380818548,54.327969778082384,43.26579152640798,990,Neutral,0.047182059828651646
SOFTTECH.NS,1,0.5235256282971381,2025-09-01,272,0.391304347826087,6.0,,24.373792186445716,50.41754662263314,43.19193964450827,61.46915397991127,991,Neutral,0.047051256594276225
KRISHANA.NS,1,0.5235202403209667,2025-09-01,272,1.853932584269663,22.0,,10.438872982003431,32.15309894528881,51.0028172637781,39.55704698490585,992,Neutral,0.047040480641933335
TRENT.NS,1,0.5235193399381117,2025-09-01,272,0.6766928657799275,29.0,,-0.1016911024789025,4.1702656472114,28.88744652403702,48.75562207939077,993,Neutral,0.047038679876223455
AGARIND.NS,1,0.5233541323245987,2025-09-01,272,0.684863523573201,16.0,,-4.056869640068239,-28.679443408051185,49.63160264238591,36.8658907143225,994,Neutral,0.04670826464919742
UTTAMSUGAR.NS,1,0.5232656348413058,2025-09-01,272,0.5542784163473818,12.0,,-8.531637558168779,20.636857418394563,38.3043561770171,37.163821843111386,995,Neutral,0.046531269682611676
BERGEPAINT.NS,1,0.5230938408849377,2025-09-01,272,0.4503415659485024,25.0,,5.812724507550085,8.191050982623779,39.02128534691715,52.38431567346051,996,Neutral,0.04618768176987542
MANUGRAPH.NS,1,0.5230257886643251,2025-09-01,272,1.374830852503383,-15.63,,13.333334746184173,1.526214336883086,56.229127741205275,57.5301233371375,997,Neutral,0.046051577328650284
VOLTAS.NS,1,0.5229871343197219,2025-09-01,272,0.545726017170586,13.0,,-15.534315844259211,-19.015733278183983,36.0994359859631,37.78943163274151,998,Neutral,0.04597426863944376
CUPID.NS,1,0.5229845334409888,2025-09-01,272,0.16010498687664043,17.0,,7.927743420620292,54.78532239134037,48.50335317258298,47.57775484939241,999,Neutral,0.04596906688197766
TOTAL.NS,1,0.5226915193276679,2025-09-01,272,0.631578947368421,14.0,,-7.1093346764675145,-19.602831886116682,50.36965148329847,37.66883704243682,1000,Neutral,0.04538303865533577
TDPOWERSYS.NS,1,0.5226675733586272,2025-09-01,272,0.5254054054054054,28.0,,14.39229907534938,48.457549815770996,54.11544385368868,64.93063616497449,1001,Neutral,0.04533514671725447
HONAUT.NS,1,0.5224683594866482,2025-09-01,272,0.3704057279236277,18.0,,13.645816669332907,14.97005988023952,56.81086280028681,70.32674772036474,1002,Neutral,0.04493671897329632
SONACOMS.NS,1,0.522345377129408,2025-09-01,272,0.1443687230989957,18.0,,0.03293737456257719,14.732268996435419,30.748281238679038,56.23319480451233,1003,Neutral,0.04469075425881597
ATUL.NS,1,0.5223385787888094,2025-09-01,272,0.19941449974169106,12.0,,0.5573890722405573,5.991032776747063,23.08877545995946,48.25275251316419,1004,Neutral,0.04467715757761881
SIGNATURE.NS,1,0.5223312637560894,2025-09-01,272,6.331896551724138,9.0,,-1.1992324584123957,-13.453436974673306,36.92752795593602,41.597419727889054,1005,Neutral,0.04466252751217881
SAMBHAAV.NS,1,0.5223285363738395,2025-09-01,272,0.16061803808839395,3.33,,2.0740720960828996,-14.938277259248462,41.78436046578704,42.857146212786745,1006,Neutral,0.04465707274767894
MTNL.NS,1,0.52220354894967,2025-09-01,272,-1.3300708038317368,-7.0,,-3.17511148630049,1.6840686797106867,34.72272825168971,51.69367807939234,1007,Neutral,0.04440709789934005
BFINVEST.NS,1,0.522128471291468,2025-09-01,272,0.041790062520565975,4.0,,3.654280861491506,9.207195346362926,36.91268940042806,51.65702015381123,1008,Neutral,0.044256942582936
GOCOLORS.NS,1,0.522101338219414,2025-09-01,272,0.8461538461538461,15.0,,3.6803544403482484,-3.763524709194863,80.39930409897967,59.88756531660679,1009,Neutral,0.044202676438827915
KOKUYOCMLN.NS,1,0.5220806923969328,2025-09-01,272,0.38509316770186336,4.0,,-9.263399465055892,1.3333366030738467,33.295892248628356,21.53231241318079,1010,Neutral,0.044161384793865555
DIVISLAB.NS,1,0.5220464852260166,2025-09-01,272,0.17744772327535666,21.0,,2.0355065809611266,5.9346945260983555,18.459522752098692,47.76615969581749,1011,Neutral,0.0440929704520332
SUNTECK.NS,1,0.522033655530761,2025-09-01,272,0.35881877022653724,8.0,,-16.03232558206282,-28.79750474591122,47.18852881626267,30.92005431488826,1012,Neutral,0.04406731106152195
CENTUM.NS,1,0.5220309926886727,2025-09-01,272,1.2322357019064125,17.0,,20.175222746417305,37.01431229740759,53.231241382736286,66.80549981773281,1013,Neutral,0.0440619853773454
TTKHLTCARE.NS,1,0.5219799493527078,2025-09-01,272,0.19447004608294932,9.0,,-0.6793291985264015,-4.009256374859795,22.775107992307152,26.943353924985473,1014,Neutral,0.0439598987054155
COMPINFO.NS,1,0.5218893965450964,2023-03-01,1187,-3.3159722222222223,14.0,,-4.999995316777831,-8.275862125664345,41.18502074373998,41.93549007332526,1015,Neutral,0.043778793090192725
DHARMAJ.NS,1,0.5218703257185001,2025-09-01,272,1.148314606741573,12.0,,9.999212665116652,19.64285610021028,40.20784774186653,61.73569841639595,1016,Neutral,0.04374065143700023
FCSSOFT.NS,1,0.5218449470070469,2025-09-01,272,0.025809809564631702,0.97,,-6.547613007749101,-4.848480294668028,25.464727557094967,31.250002328306053,1017,Neutral,0.04368989401409373
FEDFINA.NS,1,0.5217872675711737,2025-09-01,272,3.930627306273063,,,8.699161305147058,20.475370205536024,37.219743574811325,70.33247593889894,1018,Neutral,0.043574535142347326
INOXGREEN.NS,1,0.5217669935097435,2025-09-01,272,0.17288135593220338,4.0,,-4.603547978816177,-1.906003043597199,37.60240393428907,26.2701936078182,1019,Neutral,0.043533987019487075
KRITI.NS,1,0.5217289179376612,2025-09-01,272,0.9861111111111112,6.0,,-11.060133912189785,-12.598996437601695,50.379552075509956,20.480010986328125,1020,Neutral,0.04345783587532237
TATAPOWER.NS,1,0.5216594787271748,2025-09-01,272,1.8517340120903596,15.0,,-5.3537258905634335,10.796576695194208,25.51726624882789,41.62742683577556,1021,Neutral,0.04331895745434955
NEULANDLAB.NS,1,0.5215805632223618,2025-09-01,272,0.5707196029776674,19.0,,13.897220555888822,27.84677540026934,37.8390010151974,42.95731707317073,1022,Neutral,0.043161126444723585
CURAA.NS,1,0.5214992752756847,2025-09-01,272,1.4828025477707,-10.69,,-6.796429551577178,3.1785692487444193,56.36290529790392,42.18749842148725,1023,Neutral,0.042998550551369474
JGCHEM.NS,1,0.52130268540151,2025-09-01,272,0.040498442367601244,9.0,,7.650542711277359,14.895303363541167,44.11297828052134,55.70678111756514,1024,Neutral,0.04260537080302007
MARICO.NS,1,0.5212138606429493,2025-09-01,272,0.3248369887374037,43.0,,6.02580802671371,1.4006339190529267,15.569174015924187,36.64320144638762,1025,Neutral,0.042427721285898556
CYIENT.NS,1,0.5211178761518898,2025-09-01,272,0.13200723327305605,16.0,,4.186980212216805,-4.404797038346216,32.76993268876194,45.559841374428174,1026,Neutral,0.04223575230377952
WEALTH.NS,1,0.5211038323194519,2025-09-01,272,0.061224489795918366,38.0,,6.012454212166166,3.7348373945422635,36.037414138750904,59.5424484638083,1027,Neutral,0.0422076646389038
RUCHINFRA.NS,1,0.5208584122227551,2025-09-01,272,0.3832673827020915,1.75,,-2.932099639833416,5.360137067125495,39.15530513667475,50.495049037508906,1028,Neutral,0.04171682444551017
AEGISLOG.NS,1,0.5207830760736845,2025-09-01,272,0.3987640857869866,24.0,,5.46005344983649,6.556091428297337,42.613461917029575,56.69501724558864,1029,Neutral,0.04156615214736892
DPABHUSHAN.NS,1,0.5207314710253031,2025-09-01,272,0.9289940828402367,34.0,,-15.20420869342206,-21.607582488535655,46.34607069254696,27.893692429582813,1030,Neutral,0.0414629420506063
ARCHIES.NS,1,0.5206390814540681,2025-09-01,272,0.4944734418176235,4.06,,2.1045514545184743,-5.586944923243886,41.81649986387374,45.15366339651636,1031,Neutral,0.04127816290813624
GLAXO.NS,1,0.5204641439909614,2025-09-01,272,1.13572267920094,63.0,,-6.608642779963758,-16.235887615743806,22.05243583878215,14.316344989831293,1032,Neutral,0.04092828798192283
KREBSBIO.NS,1,0.5203321933212901,2025-09-01,272,-2.070063694267516,-4.0,,8.347197079162264,11.194548393862686,45.157762209098074,59.76378611441059,1033,Neutral,0.04066438664258021
NUCLEUS.NS,1,0.5201995349787516,2025-09-01,272,0.4531059683313033,23.0,,-3.590359834739848,-7.6295237914607155,40.764782512200036,39.82369286756659,1034,Neutral,0.0403990699575032
ASHAPURMIN.NS,1,0.5201786063692133,2025-09-01,272,0.8589420654911839,25.0,,17.13923876116323,39.21309921050706,54.29814305385583,70.08423289774859,1035,Neutral,0.04035721273842663
NAVNETEDUL.NS,1,0.520154244553945,2025-09-01,272,0.15269749518304432,15.0,,-0.7561978544105185,-7.401843136426148,31.699054730775096,38.29352175537422,1036,Neutral,0.04030848910788998
AFFLE.NS,1,0.51982258866441,2025-09-01,272,0.21162672106068334,9.0,,2.0863878950132264,-3.0869088725210228,37.257853295156686,44.81684775080235,1037,Neutral,0.03964517732882
MOREPENLAB.NS,1,0.5198206863921969,2025-09-01,272,0.4333612740989103,13.0,,4.545457060860653,-6.950719727541801,36.99055666818651,39.27670921010121,1038,Neutral,0.039641372784393836
VIJAYA.NS,1,0.5197783229346616,2025-09-01,272,0.5822485207100592,20.0,,17.454328140501218,29.16440607740382,38.878996484682496,53.538975093501165,1039,Neutral,0.03955664586932328
CINEVISTA.NS,1,0.5195573724915998,2025-09-01,272,1.6428571428571428,-19.0,,-2.0356275003996394,-0.3881010314919173,47.924625814268076,48.72389123779364,1040,Neutral,0.03911474498319967
ARCHIDPLY.NS,1,0.5194890299495721,2025-09-01,272,1.376,10.0,,-7.700383321222971,-5.911038430624142,49.47341007016324,28.94738376027911,1041,Neutral,0.03897805989914427
SJS.NS,1,0.519264623770927,2025-09-01,272,0.18502202643171806,19.0,,21.47720433767311,15.227145658011768,38.17948766983982,60.641929160879926,1042,Neutral,0.03852924754185394
JNKINDIA.NS,1,0.5192504075699278,2025-09-01,272,0.49034749034749037,15.0,,2.534238351370486,50.9572543373592,69.9437934383708,49.859708202651774,1043,Neutral,0.03850081513985559
AKSHOPTFBR.NS,1,0.5190537083051248,2025-09-01,272,1.75,-8.0,,-2.4000015258789062,21.03174505560546,52.682053791230175,13.017742296820757,1044,Neutral,0.03810741661024952
MOHITIND.NS,1,0.5189720079830078,2025-09-01,272,2.15625,0.0,,4.586043409522005,3.369434987184882,64.86326540132832,55.114203191503265,1045,Neutral,0.0379440159660156
VLEGOV.NS,1,0.518880114068061,2025-09-01,272,0.06666666666666667,0.0,,-5.581086364698596,-13.737252257782457,28.7907650739807,39.64912151549202,1046,Neutral,0.03776022813612201
VARROC.NS,1,0.5186737229746643,2025-09-01,272,1.3855359001040584,20.0,,9.754439991952815,3.572082639294653,30.98517125729699,52.36878328545334,1047,Neutral,0.037347445949328595
WILLAMAGOR.NS,1,0.5186315224265823,2025-09-01,272,-3.513499687375661,-52.89,,4.717335350319472,0.5753320765361889,43.78110779027761,49.72972359946512,1048,Neutral,0.03726304485316456
NEXTMEDIA.NS,1,0.5185483721488249,2025-09-01,272,-1.1755336094297546,-9.35,,-8.13953784944677,-32.3630146493516,45.33818655056674,27.77778219293735,1049,Neutral,0.03709674429764975
UNIDT.NS,1,0.5184303689840596,2025-09-01,272,0.4275092936802974,8.0,,12.74169384080362,28.518822313977875,37.4339709974069,83.72410992646982,1050,Neutral,0.03686073796811917
ZENITHEXPO.NS,1,0.5183229530988439,2025-09-01,272,0.155004743833017,-1.46,,-9.150388252679209,0.8602916808941594,48.98421141688119,43.648717579555296,1051,Neutral,0.036645906197687816
EXICOM.NS,1,0.5182599568002545,2025-09-01,272,0.7921225382932167,7.0,,38.12824245131253,68.17893643115627,87.68157005109431,70.00000340598064,1052,Neutral,0.03651991360050899
SETCO.NS,1,0.5182479797364836,2025-09-01,272,1.0322537651606023,-2.22,,8.801855253321627,90.75458458990676,39.46968819837549,63.14151280326248,1053,Neutral,0.03649595947296724
PATANJALI.NS,1,0.5181857113438495,2025-09-01,272,0.4613225460249319,16.0,,-2.1659823826591564,-14.080553019907718,20.936104571936013,46.82353642340833,1054,Neutral,0.036371422687698995
SCPL.NS,1,0.5179912402964988,2025-09-01,272,0.9420289855072463,16.0,,20.35961918140646,31.53334235529223,52.431861742281804,39.81481262042275,1055,Neutral,0.03598248059299758
UNIVASTU.NS,1,0.5178950600612612,2025-09-01,272,1.2528735632183907,12.0,,12.63896915229124,20.841177848223424,31.68881721586956,60.84452441014988,1056,Neutral,0.03579012012252236
SESHAPAPER.NS,1,0.5177893259469191,2025-09-01,272,0.24328512396694216,7.0,,-12.956896108128504,-15.314697726355453,32.09731487784402,25.23809777546124,1057,Neutral,0.03557865189383813
REDINGTON.NS,1,0.5177496167200468,2025-09-01,272,2.2460864120225423,33.0,,4.685243762883438,-8.734744082237548,28.180573645462232,51.474228645218005,1058,Neutral,0.03549923344009365
DDEVPLSTIK.NS,1,0.5177300302356452,2025-09-01,272,0.3406113537117904,34.0,,-1.9421714764153597,-11.099161387696684,34.55939750615083,48.93454397237161,1059,Neutral,0.03546006047129047
M&MFIN.NS,1,0.517621357209131,2025-09-01,272,5.088329857490441,,,-5.168650118553448,-20.134144095940457,41.52748336933299,20.482914726602075,1060,Neutral,0.0352427144182621
FINCABLES.NS,1,0.5176132826312225,2025-09-01,272,0.1318909923028916,16.0,,13.261903695801147,37.6999554070587,44.356203840796645,49.340021417078425,1061,Neutral,0.03522656526244505
AARON.NS,1,0.5176043253855818,2025-09-01,272,0.9751356238698012,18.62,,-12.762128823672422,-25.92547085359218,29.893752533593176,22.646686296656597,1062,Neutral,0.03520865077116353
RECLTD.NS,1,0.5174542426772262,2025-09-01,272,6.727564993533884,10.0,,-4.69940572118044,-3.694300126665399,21.9503136161281,34.7252711874297,1063,Neutral,0.034908485354452345
ANUHPHR.NS,1,0.5174530827915942,2025-09-01,272,0.5565749235474006,17.0,,-7.589556910512991,1.4801982157247737,34.93992059595972,27.7647006024975,1064,Neutral,0.034906165583188375
SRF.NS,1,0.51737080091833,2025-09-01,272,0.5196941997673259,14.0,,7.829744442374342,5.116889076285532,30.188503611069407,40.24533877634708,1065,Neutral,0.034741601836659974
GPPL.NS,1,0.5173632069007583,2025-09-01,272,0.24149034038638453,25.0,,0.8330682642323528,-9.951927917461777,21.008199821779964,50.46141202705106,1066,Neutral,0.03472641380151664
XCHANGING.NS,1,0.5173218574770967,2025-09-01,272,0.11148648648648649,8.0,,-2.0300728934151784,-2.7466732296848715,27.36973069036524,34.431144392649045,1067,Neutral,0.03464371495419338
LANCORHOL.NS,1,0.5172645037299146,2025-09-01,272,1.0297029702970297,12.0,,1.5282976176182612,-8.895476868979003,27.6732608869545,53.703712113528596,1068,Neutral,0.03452900745982923
ADANIGREEN.NS,1,0.5171880255529018,2025-09-01,272,2.003852392538524,9.0,,20.229800355383116,50.34392022409142,36.97810880254808,60.77131244255937,1069,Neutral,0.03437605110580355
KEYFINSERV.NS,1,0.5170086325023042,2025-09-01,272,0.05980418100026437,3.51,,-2.445511595683562,-4.8632703668394655,43.170210242031395,32.59073825915691,1070,Neutral,0.034017265004608443
HEMIPROP.NS,1,0.5170062496649762,2025-09-01,272,1.664787707973452,-0.73,,8.022262100453283,-2.2792382959230024,41.245773633182374,32.18161743329733,1071,Neutral,0.03401249932995243
TATACOMM.NS,1,0.5168513266238547,2025-09-01,272,1.002372713791399,6.0,,22.643868423711233,16.852998842088734,44.63633788167417,77.06608214755809,1072,Neutral,0.03370265324770938
ATULAUTO.NS,1,0.51678314611389,2025-09-01,272,0.25,11.0,,-2.5435727499424625,0.10409076582633577,33.12417780907816,42.79388577338323,1073,Neutral,0.03356629222777996
LLOYDSME.NS,1,0.5167026314243535,2025-09-01,272,0.5389635316698657,38.0,,1.6871699152395856,58.217732711671424,30.040096181003655,57.04194679226954,1074,Neutral,0.03340526284870693
SINDHUTRAD.NS,1,0.5166496752205828,2025-09-01,272,0.5651237890204521,6.0,,12.642225275480465,5.194804024993548,60.5378105193449,72.61580126571029,1075,Neutral,0.03329935044116561
JETFREIGHT.NS,1,0.5165669901937558,2025-09-01,272,1.5217391304347827,11.0,,10.622891647488803,25.603070914993005,58.03128849063268,69.41045528349376,1076,Neutral,0.0331339803875117
LANDMARK.NS,1,0.5164405722972829,2025-09-01,272,0.6915077989601387,10.0,,-5.739844801304753,-8.103193478346048,38.052381302959795,46.15014527421169,1077,Neutral,0.032881144594565814
KMSUGAR.NS,1,0.516430299389405,2025-09-01,272,0.2983425414364641,25.0,,-7.587147286359844,9.606813262683346,35.857234360680344,17.25667824578106,1078,Neutral,0.03286059877880998
ASTEC.NS,1,0.5163938065406932,2025-09-01,272,1.1380145278450364,-13.0,,10.072813440003682,23.27310235226399,57.32965811151206,60.80717962057683,1079,Neutral,0.032787613081386446
HILTON.NS,1,0.5161339079787385,2025-09-01,272,1.0,8.0,,-9.348088709934729,10.12667884405448,31.856009349560242,34.433000799512655,1080,Neutral,0.032267815957476964
DEEDEV.NS,1,0.5161041854465083,2025-09-01,272,1.091016548463357,7.0,,40.38325225394725,131.32701147216866,55.636513678937725,75.1570402643941,1081,Neutral,0.032208370893016536
BALUFORGE.NS,1,0.5160415969872094,2025-09-01,272,0.24908088235294118,25.0,,-12.098268851846916,3.467764162657261,48.437689722543155,34.95475786772599,1082,Neutral,0.03208319397441883
INDUSINDBK.NS,1,0.5158882576745589,2025-09-01,272,7.1592196057802395,,,-0.18558072481689286,-1.8305828195410527,30.645024215244383,46.95518462259886,1083,Neutral,0.03177651534911785
UNITECH.NS,1,0.5158568274296421,2025-09-01,272,-4.568215573944409,-19.0,,1.440322899201239,0.0,54.49828643451089,53.30578186710509,1084,Neutral,0.031713654859284235
HEXATRADEX.NS,1,0.5158239932902577,2025-09-01,272,0.16034056817918887,0.12,,-4.587148965504493,-0.988645863025317,17.698823627643087,31.38234447401399,1085,Neutral,0.031647986580515486
APLLTD.NS,1,0.5157661347390398,2025-09-01,272,0.49571836346336823,11.0,,-3.2847195903210475,-4.321830253478175,35.95640688625561,35.32967954163696,1086,Neutral,0.03153226947807952
RAJESHEXPO.NS,1,0.5157429404926986,2025-09-01,272,0.48125613346418056,3.0,,-5.2602078579342,-25.20227300018953,46.67869204242841,45.57757820729129,1087,Neutral,0.031485880985397285
INDIAMART.NS,1,0.5157352966317049,2025-09-01,272,0.8233719892952721,38.0,,-4.178557824859865,-8.915501528609354,17.464559068821174,39.41604347361204,1088,Neutral,0.03147059326340984
WENDT.NS,1,0.5155956212711245,2025-09-01,272,0.17333333333333334,21.0,,0.03636099192785979,0.6659348701061105,38.23597179096932,25.493591963976456,1089,Neutral,0.03119124254224892
VISHNU.NS,1,0.5154752569247246,2025-09-01,272,0.6048780487804878,15.0,,-2.5330384935971386,12.709223305641808,30.47760359334408,49.1014209692029,1090,Neutral,0.030950513849449246
PITTIENG.NS,1,0.5154676056863756,2025-09-01,272,1.2718340611353711,16.0,,-6.364319719368579,4.1063042771809455,43.281103338750896,39.99587827403604,1091,Neutral,0.030935211372751237
SOUTHBANK.NS,1,0.5154310500786357,2025-09-01,272,11.790428732606243,,,4.967053040920895,0.6316771683602187,34.74308471137748,58.68484784519337,1092,Neutral,0.03086210015727131
MOTHERSON.NS,1,0.5153978118456339,2025-09-01,272,0.26004759040870223,5.0,,20.237609598195082,11.122141761686292,39.53881056116861,73.65197602349406,1093,Neutral,0.03079562369126787
TORNTPOWER.NS,1,0.515390756418429,2025-09-01,272,0.8528085060680916,17.0,,-18.18548105828773,-7.880399283444596,43.81279908338089,22.405752869312593,1094,Neutral,0.030781512836858038
PRAENG.NS,1,0.5153740425591282,2025-09-01,272,0.39801980198019804,-3.0,,-3.2765400611551483,-2.078731570170519,60.50417200368714,40.350872790052506,1095,Neutral,0.03074808511825644
BLKASHYAP.NS,1,0.515358953428426,2025-09-01,272,1.4013698630136986,7.0,,3.0535729127056785,13.892337868452968,56.42957336163872,36.05150249725512,1096,Neutral,0.03071790685685194
DOMS.NS,1,0.5153254639557834,2025-09-01,272,0.30812854442344045,26.0,,-4.912963548466057,-4.912963548466057,22.323964672591064,31.420555266023726,1097,Neutral,0.03065092791156676
KARMAENG.NS,1,0.5153030843628015,2025-09-01,272,0.23071377072819038,1.38,,-9.517216632683608,1.599647295162572,55.72701719216132,25.320782140296686,1098,Neutral,0.030606168725602956
GUFICBIO.NS,1,0.5152369350342012,2025-09-01,272,1.0158982511923689,13.0,,15.419189664136775,17.760143246389994,41.04494637901513,66.45702091477887,1099,Neutral,0.03047387006840241
GOKEX.NS,1,0.5150354384613728,2025-09-01,272,0.38188976377952755,12.0,,-1.6910649719530582,-2.5427890982273533,38.743596362245775,42.04972318006474,1100,Neutral,0.03007087692274557
PEL.NS,1,0.5147486755612385,2025-06-01,364,0.39839766933721776,,,,,,,1101,Neutral,0.029497351122476978
SHREDIGCEM.NS,1,0.5147443499988864,2025-09-01,272,0.8547945205479452,9.0,,-1.7305827798774542,-1.7305827798774542,27.954618497526273,25.394613649359385,1102,Neutral,0.029488699997772816
INDRAMEDCO.NS,1,0.5147168330619967,2025-09-01,272,0.44764795144157815,39.0,,-5.397334249050467,-5.220528862876829,39.459808550857055,28.27505561870889,1103,Neutral,0.02943366612399334
NIACL.NS,1,0.5146671543359514,2025-09-01,272,2.9186208871862807,4.0,,-1.980079585128173,5.31879098368605,23.989403603221877,42.06723951017599,1104,Neutral,0.029334308671902898
HAVELLS.NS,1,0.5145579331979255,2025-09-01,272,0.5686297107295148,26.0,,-5.575572141052887,-16.289220435742386,29.137454646456558,28.420514767070088,1105,Neutral,0.029115866395851064
SJVN.NS,1,0.514521881654587,2025-09-01,272,0.8498478187352047,8.0,,-4.836666918790228,1.3074554370977574,34.20519618990903,43.586765493150146,1106,Neutral,0.02904376330917402
SHREYANIND.NS,1,0.51444838583703,2025-09-01,272,0.4601366742596811,16.0,,-13.205635899874737,-4.5478459853704685,36.54991573223258,7.962781457758297,1107,Neutral,0.028896771674060018
HINDMOTORS.NS,1,0.5143114624704899,2025-09-01,272,0.7616537180910105,3.16,,,,,,1108,Neutral,0.028622924940979733
STARPAPER.NS,1,0.5142889645870706,2025-09-01,272,0.20512820512820512,8.0,,-1.7585293620704834,-4.049433236590285,30.136586387091942,36.38225324327436,1109,Neutral,0.02857792917414126
VAKRANGEE.NS,1,0.5142395394002613,2025-09-01,272,0.5621301775147929,9.0,,-4.637683583167206,-1.6442471236705312,27.247417525028506,43.1578942084911,1110,Neutral,0.028479078800522695
ATALREAL.NS,1,0.5141734393701601,2025-09-01,272,0.38333333333333347,10.81,,12.664603007021585,15.620033104173531,28.843788834486396,55.75221328562145,1111,Neutral,0.02834687874032027
AMDIND.NS,1,0.5140508550615525,2025-09-01,272,0.6730769230769231,5.0,,3.362474735433945,6.958942142254669,34.46829984215745,33.632293899391186,1112,Neutral,0.028101710123104917
TRITURBINE.NS,1,0.5139898200204995,2025-09-01,272,0.7329749103942652,48.0,,29.350196249454864,52.99701007700328,53.56097368520594,81.17303035387035,1113,Neutral,0.027979640040999065
ACI.NS,1,0.513952217663885,2025-09-01,272,0.19493278179937953,16.0,,-13.51061904202441,-8.61244019138756,33.0737172544875,16.87961252719286,1114,Neutral,0.027904435327769983
AURIONPRO.NS,1,0.5139025824653666,2025-09-01,272,0.29329608938547486,12.0,,-8.126226999989699,-14.533041845261524,54.044186734034824,32.712991558661074,1115,Neutral,0.02780516493073315
MANCREDIT.NS,1,0.5137864890562303,2025-09-01,272,1.8481012658227849,12.0,,14.247438063146333,12.953043939566216,40.649793946293514,81.89692545269531,1116,Neutral,0.02757297811246051
ADANIPOWER.NS,1,0.5136984207035886,2025-09-01,272,1.270456538991688,24.0,,9.700242696243428,68.64389109172613,40.96864548995755,65.27339786027531,1117,Neutral,0.02739684140717724
LAL.NS,1,0.5136347896967534,2025-09-01,272,0.6970605878824234,17.01,,-3.4059944796030637,-11.706097280721703,31.135030986348927,45.3846204633536,1118,Neutral,0.027269579393506715
ESABINDIA.NS,1,0.5135237844129932,2025-09-01,272,0.53125,70.0,,5.223184419568054,18.68392271235873,52.89163393415108,36.0655737704918,1119,Neutral,0.027047568825986357
NATHBIOGEN.NS,1,0.5135181603687862,2025-09-01,272,0.462882096069869,7.0,,1.8488329510356105,19.032408001175334,49.55804089913913,54.93656840597738,1120,Neutral,0.02703632073757234
BANCOINDIA.NS,1,0.5134550671045396,2025-09-01,272,0.10993249758919961,39.0,,5.6253038618564055,1.2986616554982506,31.252538574407534,61.398801461232196,1121,Neutral,0.026910134209079173
EMBDL.NS,1,0.5134061974127448,2025-09-01,272,0.4326190897821852,4.0,,30.466730036142366,-0.951440329836152,94.95529641130436,34.21050947457395,1122,Neutral,0.026812394825489694
SURAJEST.NS,1,0.51328018429375,2025-09-01,272,0.8728024819027922,17.0,,-6.017395427939995,4.802985870055169,29.98461143181815,37.48292131613274,1123,Neutral,0.026560368587499994
SEPC.NS,1,0.5132776570929938,2025-09-01,272,0.40848094471282875,6.0,,-7.15990329879128,-6.714627488415259,46.48076501520123,44.866919807401274,1124,Neutral,0.026555314185987555
RAMASTEEL.NS,1,0.5132770534340869,2025-09-01,272,0.357487922705314,5.0,,-5.660376123920736,-25.97577217939423,31.084416975348038,43.809519484471004,1125,Neutral,0.026554106868173832
AKASH.NS,1,0.5131917255452811,2025-09-01,272,1.435585864848109,2.74,,-3.6382861134843485,-1.9410460607559792,30.431365330423965,50.400009358728724,1126,Neutral,0.026383451090562282
JINDRILL.NS,1,0.5130219942724079,2025-09-01,272,0.4918918918918919,14.0,,9.98517297236917,27.572859198022094,64.66273284636247,58.630176405151964,1127,Neutral,0.02604398854481582
SAIL.NS,1,0.512883246341383,2025-09-01,272,1.3522055276651244,7.0,,10.697649508366466,27.587716607560846,48.212445831762366,68.21190932433176,1128,Neutral,0.025766492682766096
JAMNAAUTO.NS,1,0.5128454713231931,2025-09-01,272,0.35938903863432164,22.0,,5.026325051879382,-10.657800124590313,39.76926810660832,53.54032762103135,1129,Neutral,0.025690942646386272
MANKIND.NS,1,0.5127622107756361,2025-09-01,272,0.6029658284977434,15.0,,5.2640927976678125,16.075448353121395,27.14438063049029,41.10687074471778,1130,Neutral,0.025524421551272214
DPSCLTD.NS,1,0.5127309544084445,2025-09-01,272,1.4003115264797508,3.0,,-16.551718370849848,-9.02255762328391,40.74162274693418,18.620690789149165,1131,Neutral,0.025461908816889034
TIMKEN.NS,1,0.5126851360127844,2025-09-01,272,0.2218208092485549,21.0,,5.516473850500451,12.903122448880422,28.918980842378662,52.39447486295158,1132,Neutral,0.025370272025568852
SWIGGY.NS,1,0.5126319813298518,2025-09-01,272,0.22355488922205563,-23.0,,-6.218184037642045,-19.6823453770527,39.84564422839691,36.64302817932785,1133,Neutral,0.025263962659703543
FOSECOIND.NS,1,0.5125984635016684,2025-09-01,272,0.4146341463414634,31.0,,4.428141216322466,5.445118986186091,58.36849670958715,48.48056449839049,1134,Neutral,0.025196927003336755
KNRCON.NS,1,0.5125505620185262,2025-09-01,272,0.15459297983569828,27.0,,1.222733510968421,-6.399647645126502,40.53659337517097,42.071474250599074,1135,Neutral,0.025101124037052447
INFOBEAN.NS,1,0.5124734359764078,2025-09-01,272,0.10542168674698796,21.0,,-17.109361744955574,-28.00241415676848,60.924727264858944,26.27511342879839,1136,Neutral,0.02494687195281564
TTML.NS,1,0.512464850100678,2025-09-01,272,-1.0625506482982172,50.0,,-2.482915978819133,0.2341425683961569,29.03783481987873,40.50076434344836,1137,Neutral,0.024929700201355987
STEELXIND.NS,1,0.5123124609933292,2025-09-01,272,0.8428761651131824,10.0,,28.256520820106434,66.44993622225547,58.9464808426295,75.52302465667717,1138,Neutral,0.024624921986658332
CUB.NS,1,0.5122673994015641,2025-09-01,272,7.5031231110215595,,,-7.902800791298359,-12.231572698106326,29.263448802395075,43.950603701972,1139,Neutral,0.024534798803128144
GKWLIMITED.NS,1,0.5121615112144602,2025-09-01,272,0.23585994613312813,0.0,,6.181251525878906,0.9567372901581068,31.368556129631152,40.19342341215692,1140,Neutral,0.02432302242892037
GATECH.NS,1,0.5121450384879472,2025-09-01,272,0.0988237562668722,15.12,,8.163257362146624,1.9230751596258298,55.32389630197188,30.769234296131344,1141,Neutral,0.02429007697589447
YASHO.NS,1,0.5120917771062102,2025-09-01,272,1.6518691588785046,7.0,,38.89037891445598,38.946238167534666,63.97256739097155,72.1072321694023,1142,Neutral,0.024183554212420466
HAPPYFORGE.NS,1,0.5119396126141761,2025-09-01,272,0.1739795918367347,19.0,,6.6164583382190845,4.520114426431855,34.32551796400799,40.69536480055231,1143,Neutral,0.023879225228352174
GODREJIND.NS,1,0.5118940780151169,2025-09-01,272,6.913239436619718,8.0,,15.45801187864247,5.427020598884852,72.1424504687938,44.29223662189017,1144,Neutral,0.023788156030233765
DCXINDIA.NS,1,0.5118539636428384,2025-09-01,272,0.5298634812286689,5.0,,-2.522768220840543,14.220745245651742,53.29399607361178,39.70670500441929,1145,Neutral,0.023707927285676833
SENCO.NS,1,0.5118246179640716,2025-09-01,272,1.7394167450611477,10.0,,10.571704074822746,7.199256578784487,49.764720393471144,56.46995959187396,1146,Neutral,0.023649235928143275
AGARWALEYE.NS,1,0.5116000240882143,2025-09-01,272,0.4539877300613497,6.0,,9.636512170055243,8.566946115702208,27.722281061924186,67.47629826223414,1147,Neutral,0.02320004817642851
PANACEABIO.NS,1,0.5113989554295993,2025-09-01,272,1.9143835616438356,-2.0,,11.355362401487694,21.426472383386947,51.65153922264739,60.092130374985395,1148,Neutral,0.02279791085919869
ENDURANCE.NS,1,0.5112785387677484,2025-09-01,272,0.28258007898200965,22.0,,16.995401289284022,6.5680305942178965,36.94571943195887,62.605760864936876,1149,Neutral,0.02255707753549685
OPTIEMUS.NS,1,0.5112650094966897,2025-09-01,272,0.01238390092879257,7.0,,-3.809189053768227,-1.5545358815399124,41.34387413263588,20.576129103153804,1150,Neutral,0.022530018993379475
ALEMBICLTD.NS,1,0.5111924479848479,2025-09-01,272,0.0757396449704142,18.0,,-5.995928098257891,-7.513721597796138,25.936021193429422,26.567575058465664,1151,Neutral,0.02238489596969573
FLUOROCHEM.NS,1,0.5111755383489531,2025-09-01,272,0.3868741741300837,11.0,,7.960971780527057,3.750927707140698,30.90321908349527,37.40787130377081,1152,Neutral,0.022351076697906258
GALAPREC.NS,1,0.5109601954842623,2025-09-01,272,0.2647058823529412,17.0,,24.280414639155712,23.497884722421077,43.42316057140997,62.635572120914965,1153,Neutral,0.021920390968524606
RACLGEAR.NS,1,0.5108452955781847,2025-09-01,272,0.9785932721712538,13.0,,3.893345843123809,-11.68683108004767,59.95258842421457,55.166274787059685,1154,Neutral,0.0216905911563694
HITECHGEAR.NS,1,0.5107752869912686,2025-09-01,272,0.3903966597077244,13.0,,-6.652184235843937,-14.094309051230223,25.2228495561111,35.29413329106531,1155,Neutral,0.021550573982537236
KDDL.NS,1,0.5106300694720134,2025-09-01,272,0.6638176638176638,15.0,,10.76555023923445,11.781750144090323,74.19861646462041,62.58407968463734,1156,Neutral,0.021260138944026785
NEOGEN.NS,1,0.5105434270081658,2025-09-01,272,1.3510253317249699,11.0,,12.210879170886123,33.97504815611691,51.575361814863605,56.40220948606797,1157,Neutral,0.02108685401633159
RAILTEL.NS,1,0.5104001164141723,2025-09-01,272,1.3937529578797918,22.0,,-2.549837833799877,-2.1789938602862198,32.02448133933283,35.93002979953482,1158,Neutral,0.020800232828344534
KSOLVES.NS,1,0.5103071095266808,2025-09-01,272,0.6470588235294118,157.0,,-15.391235805262484,-8.938547486033519,51.02354722802841,40.2542268774448,1159,Neutral,0.020614219053361582
PAKKA.NS,1,0.5102426412760157,2025-09-01,272,0.7525354969574036,14.0,,-5.683336441751007,1.4534619193485023,22.06192747745586,34.859175928945646,1160,Neutral,0.020485282552031414
ROML.NS,1,0.5101727313009972,2025-09-01,272,42.0,14.0,,2.6268930393491305,5.251139902108596,32.321201333979296,51.549582176543964,1161,Neutral,0.020345462601994324
ICRA.NS,1,0.5100564905559409,2025-09-01,272,0.18385093167701863,24.0,,-2.26384216746977,-6.072520751419834,14.51883518886619,43.60189573459716,1162,Neutral,0.020112981111881867
63MOONS.NS,1,0.5100540673089039,2025-09-01,272,0.06618156618156618,1.0,,-18.174513864581005,1.6640319156121315,46.438129143261214,28.72082722784151,1163,Neutral,0.020108134617807805
ROLTA.NS,1,0.5100519313680653,2025-09-01,272,-1.2532223853809756,-3.0,,,,,,1164,Neutral,0.020103862736130518
GSPL.NS,1,0.5098602175500514,2025-09-01,272,0.12914928351169963,10.0,,,,,,1165,Neutral,0.019720435100102796
NAZARA.NS,1,0.5098278871843112,2025-09-01,272,0.03041144901610018,1.0,,4.54698910742952,1.8892126856845135,46.683852101922945,55.45617167013333,1166,Neutral,0.019655774368622314
EASEMYTRIP.NS,1,0.5095180369475621,2025-09-01,272,0.28040540540540543,20.0,,-9.367091633191995,-21.66302430565156,47.20848244754773,38.50574917389367,1167,Neutral,0.019036073895124295
UNICHEMLAB.NS,1,0.5095091626236009,2025-09-01,272,0.2674370614940157,7.0,,-6.9144637712507,-2.074279999014541,37.76309431887166,23.257555165571716,1168,Neutral,0.019018325247201817
GLAND.NS,1,0.5094080285979324,2025-09-01,272,0.07711442786069651,16.0,,28.512676333657172,24.833553568744907,56.56165347775725,71.28521495316242,1169,Neutral,0.018816057195864877
SANGHIIND.NS,1,0.5093438698151398,2025-09-01,272,7.957142857142857,-4.0,,,,,,1170,Neutral,0.018687739630279587
OFSS.NS,1,0.5092055615176438,2025-09-01,272,0.13085139805215207,62.0,,5.376614387356709,58.807813277622415,37.92290354600127,64.62749848576621,1171,Neutral,0.01841112303528769
SECMARK.NS,1,0.5090623972591433,2025-09-01,272,0.635880077369439,22.26,,7.615124952353088,9.188199365312443,44.964718214341474,38.95389655766187,1172,Neutral,0.018124794518286524
MRF.NS,1,0.50898005739866,2025-09-01,272,0.5616718168962447,27.0,,-4.849279161205767,-14.261896491837444,17.622343738200456,33.6217183770883,1173,Neutral,0.01796011479732007
AETHER.NS,1,0.5089628902815814,2025-09-01,272,0.18996105581999134,10.0,,-6.0011965628861725,13.394610538274868,36.50095846786132,25.086347888831682,1174,Neutral,0.01792578056316274
CRISIL.NS,1,0.5089430469595372,2025-09-01,272,0.3294710327455919,39.0,,-7.934811888709178,-11.582763854387023,18.230322464483034,38.48406654848814,1175,Neutral,0.017886093919074364
MOTILALOFS.NS,1,0.5088607828341758,2025-09-01,272,1.8632087150284724,18.0,,9.903155263980008,18.33961054282115,29.193337319754235,56.84631808610092,1176,Neutral,0.01772156566835159
WOCKPHARMA.NS,1,0.5088505954333241,2025-09-01,272,1.0589050589050588,4.0,,45.55747061841175,49.148313099417216,65.57677377690293,80.98657375301075,1177,Neutral,0.01770119086664823
THEMISMED.NS,1,0.5088159926597952,2025-09-01,272,0.6847457627118644,11.0,,16.839075909996737,22.72880214911856,52.910454963395615,63.12812418003111,1178,Neutral,0.017631985319590315
GREENPANEL.NS,1,0.5085821823561716,2025-09-01,272,0.5422382671480145,4.0,,-16.455064197928454,-12.992306645571839,49.01252986935161,25.121672362292855,1179,Neutral,0.017164364712343172
360ONE.NS,1,0.5084240709542526,2025-09-01,272,0.2014211533205794,11.0,,5.512031761602334,-1.4187944697729478,27.57037950669409,45.963088845273326,1180,Neutral,0.016848141908505143
SUPRIYA.NS,1,0.5084013787333627,2025-09-01,272,0.11182994454713494,27.0,,38.73254739807107,44.72249907218534,71.97441855712253,85.26246111574602,1181,Neutral,0.016802757466725327
TATATECH.NS,1,0.5083136873150148,2025-09-01,272,1.9263224181360201,67.0,,21.32106603807855,23.271861871414725,36.33065058581522,72.46070261296211,1182,Neutral,0.016627374630029612
HERITGFOOD.NS,1,0.5081955617057883,2025-09-01,272,0.5926660059464817,25.0,,-10.428593254230474,-2.3291289784579075,34.315730878851,15.814521425798034,1183,Neutral,0.016391123411576558
PEARLPOLY.NS,1,0.5081105233836704,2025-09-01,272,0.1778230500582072,-14.49,,-6.785369590089865,3.0867477139224873,65.8671339654105,40.81148268206625,1184,Neutral,0.016221046767340708
MAHESHWARI.NS,1,0.5079975630067252,2025-09-01,272,2.004830917874396,13.0,,9.801981708790997,27.941856409127077,22.937937512358626,56.21986318603785,1185,Neutral,0.015995126013450323
SEMAC.NS,1,0.5079028123284329,2025-09-01,272,2.15625,-2.0,,5.857976191336592,13.316929410454298,71.13606914163613,49.03269404548333,1186,Neutral,0.015805624656865858
MOLDTECH.NS,1,0.5078721200472348,2025-09-01,272,0.16535433070866143,11.0,,-6.1037990009807706,-9.645201317969908,52.37890150665719,37.61063776725548,1187,Neutral,0.01574424009446962
SUNTV.NS,1,0.5078619849125453,2025-09-01,272,0.07310813048517967,20.0,,-17.08223016180969,-14.50976429262068,38.78979991457841,28.797685163357713,1188,Neutral,0.01572396982509061
SOLARINDS.NS,1,0.5078132180685107,2025-09-01,272,0.3588352840422495,37.0,,18.187706457672128,37.41245575721063,33.34403889594728,71.23287671232876,1189,Neutral,0.015626436137021305
LLOYDSENGG.NS,1,0.5077179582394684,2025-09-01,272,0.3613518197573657,23.0,,27.41907569166232,50.59328764697568,46.38960098243146,65.12383290039159,1190,Neutral,0.015435916478936829
ADANIENSOL.NS,1,0.5077116868668277,2025-09-01,272,0.587431421446384,5.0,,12.743531296563607,45.916506070029115,43.50093648713413,72.9006728905839,1191,Neutral,0.015423373733655321
SMSPHARMA.NS,1,0.5074818506964706,2025-09-01,272,0.7171052631578947,12.0,,-5.381165919282512,-0.8591789776214267,47.7357313760933,32.03661178080884,1192,Neutral,0.01496370139294112
WALCHANNAG.NS,1,0.5073766913267422,2025-09-01,272,1.478510028653295,0.0,,7.803589483654716,49.66918858540171,71.73179082867368,55.84664490460854,1193,Neutral,0.01475338265348447
MAHASTEEL.NS,1,0.5073684526783492,2025-09-01,272,0.7746478873239436,7.0,,11.1195853293175,26.805572968663192,42.78938571594019,73.36350740803854,1194,Neutral,0.01473690535669836
STAR.NS,1,0.5073393872447314,2025-09-01,272,0.6413727959697733,5.0,,5.53895299832141,27.099176773721062,35.60607692145212,36.89715805235051,1195,Neutral,0.014678774489462754
EMUDHRA.NS,1,0.5073148137064871,2025-09-01,272,0.10669077757685352,5.0,,-4.867660601195994,0.6113203584970899,34.28161354055018,27.378796686567924,1196,Neutral,0.014629627412974244
MGEL.NS,1,0.5072737593523302,2025-09-01,272,1.995433789954338,18.0,,10.051356376054422,36.23977918412255,49.31645663510395,61.92660600626757,1197,Neutral,0.014547518704660423
HERCULES.NS,1,0.5072354383846022,2025-09-01,272,0.10599628856413823,0.72,,0.0,0.0,0.0,100.0,1198,Neutral,0.014470876769204333
LXCHEM.NS,1,0.5070284043206023,2025-09-01,272,0.6474226804123712,9.0,,2.591108208433753,11.902062859568291,45.25006452406936,27.435629623467577,1199,Neutral,0.01405680864120451
DIFFNKG.NS,1,0.5069996025599361,2025-09-01,272,0.20107238605898123,14.0,,9.788270544891231,20.341902340619438,35.7887916346669,57.63026769149218,1200,Neutral,0.013999205119872293
MOSCHIP.NS,1,0.5068869567059572,2025-09-01,272,0.41208791208791207,11.0,,9.168983814957794,10.48533514868772,52.14218704964056,46.173786335907664,1201,Neutral,0.013773913411914362
KSHITIJPOL.NS,1,0.5067070269950567,2025-09-01,272,0.26932709968275165,-15.5,,51.437686831037865,71.11912648940604,56.19791840351633,58.33332636202904,1202,Neutral,0.013414053990113306
BROOKS.NS,1,0.5066589916986777,2025-09-01,272,0.20240080026675558,4.29,,10.924227384470928,-10.524873477728274,64.3708412272615,77.11863813187642,1203,Neutral,0.013317983397355349
TEXMOPIPES.NS,1,0.5066059293665792,2025-09-01,272,0.4727272727272727,9.0,,-7.783165236416689,-6.839972434687231,37.660911617303256,38.91462597519713,1204,Neutral,0.013211858733158444
SUPREME.NS,1,0.5064600214768653,2025-09-01,272,0.03927914544425587,2.43,,-11.454331405125323,-20.307370665722313,46.14461089472339,34.960209753811256,1205,Neutral,0.012920042953730615
ASHIMASYN.NS,1,0.5064229400234971,2025-09-01,272,0.9756944444444444,2.0,,0.6257846328807339,5.304515007598167,57.99427153890847,42.796608799663794,1206,Neutral,0.012845880046994163
SIS.NS,1,0.5063140940793893,2025-09-01,272,1.27551867219917,12.0,,13.161953639346455,35.7142871831719,47.538063330293916,57.48359656951022,1207,Neutral,0.012628188158778642
GUJGASLTD.NS,1,0.5062672911913825,2025-09-01,272,0.5391896571626458,20.0,,5.5519028499508325,-1.0483473270809183,38.88170404201676,60.52082714107105,1208,Neutral,0.012534582382764947
DCBBANK.NS,1,0.5062013714404314,2025-09-01,272,12.216619199195845,,,-9.150734835714026,-7.81323961280753,33.57256793390912,42.85345044262324,1209,Neutral,0.01240274288086285
AMBER.NS,1,0.5060699092664317,2025-09-01,272,1.1274845784784098,12.0,,-5.0972083748753745,-3.9662021565041927,60.51073797760177,36.24460645737242,1210,Neutral,0.012139818532863389
NAVA.NS,1,0.5059722707675129,2025-09-01,272,0.06759283996794016,14.0,,-10.463096253602306,2.5969530183555634,45.79956298330748,20.730679040322585,1211,Neutral,0.011944541535025888
WABAG.NS,1,0.5057623650731712,2025-09-01,272,1.368088467614534,23.0,,1.2056222533471694,19.76170787062173,31.114482984320475,60.68763994227103,1212,Neutral,0.011524730146342366
KIRLOSBROS.NS,1,0.505735893437119,2025-09-01,272,0.5937315198107629,21.0,,-5.601481186572252,4.318383450341425,36.18796515239931,45.33047359187077,1213,Neutral,0.011471786874238
EIEL.NS,1,0.5056966139296705,2025-09-01,272,0.26394052044609667,33.0,,-10.342548795150364,18.458948902415475,55.99187715793911,32.72080478151072,1214,Neutral,0.011393227859340938
HINDPETRO.NS,1,0.5056902923734454,2025-09-01,272,2.575132825132825,12.0,,5.152855143387402,-11.900231102140264,38.99930537136571,56.5217456002488,1215,Neutral,0.011380584746890854
ODIGMA.NS,1,0.5056797046958552,2025-09-01,272,0.25934028946482657,0.97,,-14.488531640776046,-15.13728499950249,38.440810191267296,18.68263174870323,1216,Neutral,0.011359409391710429
MATRIMONY.NS,1,0.5056630574084379,2025-09-01,272,0.8825910931174089,19.0,,-1.8232437135063129,-7.818117226103481,24.884966944389948,35.647265799602025,1217,Neutral,0.011326114816875732
ASIANPAINT.NS,1,0.5056457850854102,2025-09-01,272,0.3995275590551181,27.0,,9.290247398496625,10.712361258908032,23.51733534941314,66.85845279002774,1218,Neutral,0.011291570170820497
MIRZAINT.NS,1,0.5054649036706647,2025-09-01,272,0.29313929313929316,1.0,,-3.412150239015162,-8.115030070612091,34.33070640903525,42.63839957081295,1219,Neutral,0.010929807341329312
RBZJEWEL.NS,1,0.5054648097972021,2025-09-01,272,0.7638376383763837,20.0,,-11.368499095294126,-5.05459470480296,40.39699922495937,12.237100105511104,1220,Neutral,0.010929619594404194
AARTIIND.NS,1,0.5054250594844986,2025-09-01,272,1.0082124759741395,6.0,,-6.403940886699508,5.6024928614782805,36.146807769409264,44.658936065699116,1221,Neutral,0.010850118968997124
UBL.NS,1,0.5053393898248482,2025-09-01,272,0.8803596127247579,14.0,,-10.17963922640181,-19.18697316822229,18.030495002088635,21.28883176355731,1222,Neutral,0.010678779649696324
KOTAKBANK.NS,1,0.505249560431292,2025-09-01,272,4.648641306519012,,,0.23480940326787303,-10.170680093163877,19.651732122346832,52.861058231210755,1223,Neutral,0.010499120862583977
VIDHIING.NS,1,0.5052035180774336,2025-09-01,272,0.3311897106109325,19.0,,1.6236944719560122,-2.254065456497979,35.37927036544499,52.46457540279745,1224,Neutral,0.010407036154867155
UEL.NS,1,0.5050734824525096,2025-09-01,272,0.3217894856364256,9.98,,-13.863336964763883,-22.056519054524347,33.59950114522426,18.058553598676454,1225,Neutral,0.010146964905019207
MBAPL.NS,1,0.50507059448991,2025-09-01,272,1.6296296296296295,18.0,,1.0299493686417587,13.865003935402974,37.824389723432496,40.57772118600193,1226,Neutral,0.01014118897981997
VASCONEQ.NS,1,0.5049437451016695,2025-09-01,272,0.9468864468864469,8.0,,-19.337943372234037,-11.681876715743469,46.37946617185158,24.95680461190034,1227,Neutral,0.009887490203339011
MINDTECK.NS,1,0.5049187015395524,2025-09-01,272,0.14213197969543148,14.0,,4.317419858938274,-0.8813638516615646,53.58369470569584,45.981523559314546,1228,Neutral,0.009837403079104856
VASWANI.NS,1,0.5048940586678106,2025-09-01,272,2.3092105263157894,11.0,,-2.429358761493221,-7.042017777040832,36.088939665326,48.680632135851795,1229,Neutral,0.009788117335621127
PRECOT.NS,1,0.5048462025818415,2025-09-01,272,1.082004555808656,13.0,,45.932193440781695,61.55781470188685,61.77617182633074,69.46727605800208,1230,Neutral,0.009692405163683082
DOLLAR.NS,1,0.5048455911113833,2025-09-01,272,0.6445182724252492,13.0,,-11.207463960652477,-9.701484657462945,69.3269389582415,35.66486845062083,1231,Neutral,0.009691182222766548
TVSSCS.NS,1,0.5047825874180433,2025-09-01,272,0.3711144806671721,4.0,,-0.06821369826046288,-4.217405882359911,41.05777627726059,39.78820452850413,1232,Neutral,0.009565174836086543
DIGIDRIVE.NS,1,0.5047580127802425,2025-09-01,272,0.12285937611028203,2.71,,-20.501042551154768,-11.359397945568816,48.78473497012909,23.743027921346908,1233,Neutral,0.00951602556048492
MONARCH.NS,1,0.5046711504858371,2025-09-01,272,0.41391509433962265,33.0,,13.360326220973423,17.647056309311463,36.124468232400915,62.57281629627303,1234,Neutral,0.009342300971674211
PIONEEREMB.NS,1,0.5045858015975409,2025-09-01,272,0.9493670886075949,6.0,,-1.6942728337319783,-3.86597659410736,44.77547305594713,43.97164137513087,1235,Neutral,0.009171603195081701
BHAGYANGR.NS,1,0.5045702148185606,2025-09-01,272,0.057482265510640736,0.51,,8.383862233638174,91.7091719148892,69.97666605872821,42.98886032401384,1236,Neutral,0.009140429637121139
ROHLTD.NS,1,0.5045505146538589,2025-09-01,272,0.888,11.0,,-0.8242620576770526,-7.151718828861782,30.425731634519966,47.70700337326016,1237,Neutral,0.009101029307717834
ACCELYA.NS,1,0.5045093661873261,2025-09-01,272,0.6472868217054264,57.0,,-1.4068640688145324,-1.9316620069372994,21.905045780562578,44.63277355678417,1238,Neutral,0.009018732374652227
MCLEODRUSS.NS,1,0.5044991349788561,2025-09-01,272,-77.5111111111111,-1.0,,35.516769503941674,86.4241585876442,55.35755271339069,83.22148853785107,1239,Neutral,0.008998269957712246
KANANIIND.NS,1,0.5044447053588302,2025-09-01,272,0.31889157686386627,0.1,,-6.024097942928766,-0.6369496393919112,44.90762517487402,42.5925864604257,1240,Neutral,0.008889410717660473
COLPAL.NS,1,0.5043934963030319,2025-09-01,272,1.008849557522124,105.0,,-3.4044557880613473,-6.1976371923698235,28.389237763414627,27.22758424318593,1241,Neutral,0.008786992606063748
MANINDS.NS,1,0.5043050292547673,2025-09-01,272,1.1349831271091113,17.0,,-4.9653514102000385,17.103417676047123,41.831765119098655,41.45004259214081,1242,Neutral,0.008610058509534557
SRGHFL.NS,1,0.5040914543416751,2025-09-01,272,2.5107142857142857,,,2.4730469697176396,7.021834890024693,52.230098496428724,42.40687837766544,1243,Neutral,0.008182908683350254
IFCI.NS,1,0.5039042837138065,2025-09-01,272,3.062571103526735,15.0,,16.766059606124863,16.70639876474492,41.550702045358676,65.19580892336495,1244,Neutral,0.0078085674276129335
DREDGECORP.NS,1,0.503885366777854,2025-09-01,272,1.3160621761658031,0.0,,21.410651850754075,24.415991603153238,63.74545878761101,68.99076469702568,1245,Neutral,0.007770733555708009
VENUSREM.NS,1,0.5036901314681654,2025-09-01,272,0.2692307692307692,12.0,,37.15311963682087,71.28998658337309,53.82666783072968,81.73455171464369,1246,Neutral,0.0073802629363308725
SANDUMA.NS,1,0.5035173314432145,2025-09-01,272,0.45311942959001783,22.0,,7.454535351001051,16.020711776443484,49.383214990947735,44.54324577587302,1247,Neutral,0.007034662886429066
TPLPLASTEH.NS,1,0.5034441818301714,2025-09-01,272,0.6339869281045751,20.0,,9.32215405782631,2.713342302403983,32.73349906580803,68.74248482345503,1248,Neutral,0.006888363660342733
CEIGALL.NS,1,0.5034243044116884,2025-09-01,272,0.9873949579831933,22.0,,4.784185538038831,20.831886058639213,40.956886351244755,36.96703215332894,1249,Neutral,0.0068486088233767894
BLUEJET.NS,1,0.5034225968043087,2025-09-01,272,0.2157643312101911,40.0,,0.785017371781169,14.805828592413722,58.92498656698923,39.71471412989703,1250,Neutral,0.00684519360861735
NAHARSPING.NS,1,0.5034102304026838,2025-09-01,272,0.61628664495114,4.0,,9.336966348442076,25.408169543193832,37.30362107999204,37.53293885889926,1251,Neutral,0.00682046080536769
STYLAMIND.NS,1,0.5033974420013269,2025-09-01,272,0.18672199170124482,27.0,,26.545384587768133,27.900245133235085,48.46621346243484,71.30606542725201,1252,Neutral,0.006794884002653712
FDC.NS,1,0.5033699746199528,2025-09-01,272,0.18096019696347967,16.0,,11.493461803165864,8.245357906393782,41.423469353736806,60.173700308280566,1253,Neutral,0.006739949239905618
BOHRAIND.NS,1,0.5030360467125576,2025-09-01,272,0.08313444709626089,-7.01,,-5.599574478889792,-5.798621581112643,31.67186201468482,27.950318898429146,1254,Neutral,0.006072093425115277
SSWL.NS,1,0.5030267591403929,2025-09-01,272,1.0770642201834861,17.0,,-6.374985185813439,-7.312485846669325,26.061613174046812,36.63232751433717,1255,Neutral,0.006053518280785708
PRESTIGE.NS,1,0.5030250077108348,2025-09-01,272,1.4328282400744943,4.0,,-3.1957064806268183,-3.9562307365277176,29.10897926115201,30.86475490148314,1256,Neutral,0.006050015421669608
ELDEHSG.NS,1,0.5029963063999493,2025-09-01,272,1.2623906705539358,10.0,,-8.012309749566967,-14.310125080184136,38.5329573099311,35.11216310602602,1257,Neutral,0.0059926127998986
EVEREADY.NS,1,0.5029062563761605,2025-09-01,272,1.466950959488273,17.0,,-3.1207012441666704,-3.209536969553596,39.35748802962676,35.11841829018546,1258,Neutral,0.005812512752320975
GLOSTERLTD.NS,1,0.5028365161388472,2025-09-01,272,0.340153452685422,5.0,,7.033762057877814,14.42935956831002,39.547888634081545,50.16393429500648,1259,Neutral,0.005673032277694334
NAVKARURB.NS,1,0.5028361204764094,2025-09-01,272,0.35843678743349383,0.96,,22.784810413097148,-26.51515226773538,48.67990076808045,65.7142920396783,1260,Neutral,0.005672240952818708
ADROITINFO.NS,1,0.5028254360484273,2025-09-01,272,0.3273809523809525,-1.07,,-8.980821426358057,-4.347824328140006,50.46860266136588,30.479437514329632,1261,Neutral,0.005650872096854664
CORALFINAC.NS,1,0.5027033559337923,2025-09-01,272,0.07009345794392523,10.0,,-6.757534939938985,-5.635451089355281,31.935925013885015,32.4615478515625,1262,Neutral,0.005406711867584679
JPPOWER.NS,1,0.5026118969996748,2025-09-01,272,0.41953210865127966,10.0,,10.902645034185742,51.98054424912863,73.17545019872182,67.69547030355287,1263,Neutral,0.00522379399934958
MAHABANK.NS,1,0.5024811718883702,2025-09-01,272,10.824247793210365,,,1.1483907935981623,10.311711619506193,34.98925488592066,41.10833939667777,1264,Neutral,0.004962343776740319
KILITCH.NS,1,0.5022189051947759,2025-09-01,272,0.40634920634920635,13.0,,18.60450047955344,16.22749456279547,53.96663390999862,67.06421969117041,1265,Neutral,0.004437810389551711
JSFB.NS,1,0.5021544839234531,2025-09-01,272,8.857009345794392,,,6.2426271553223955,30.931923331130207,59.080427256538414,63.7860135709044,1266,Neutral,0.004308967846906153
NITINSPIN.NS,1,0.5021267623314675,2025-09-01,272,0.8531775018261505,13.0,,6.046157364487605,26.84033737349799,38.44633236381736,54.14868177119788,1267,Neutral,0.004253524662934938
SHEMAROO.NS,1,0.5020340424338754,2025-09-01,272,1.063660477453581,-10.0,,0.2220324018386554,8.586966878006454,35.16757370855466,50.66079009609484,1268,Neutral,0.0040680848677507875
CHAMBLFERT.NS,1,0.5019803071920997,2025-09-01,272,0.4085542667771334,28.0,,3.5179239891132403,2.5618458266045905,30.22575342961165,54.31948368303382,1269,Neutral,0.003960614384199479
RATEGAIN.NS,1,0.5019658894148413,2025-09-01,272,0.040396881644223954,7.0,,28.465713430665353,39.31504837873511,45.11686577370035,70.59366841017533,1270,Neutral,0.003931778829682653
ASHIANA.NS,1,0.5019033839234992,2025-09-01,272,3.8251572327044023,4.0,,7.144953648008053,12.071351910434215,38.97124707984357,44.85436749375205,1271,Neutral,0.0038067678469984045
ZENSARTECH.NS,1,0.5016451375111295,2025-09-01,272,0.13929573075724525,25.0,,-5.189949669418284,-13.314620738848221,30.35624966713293,29.09696101954472,1272,Neutral,0.0032902750222589816
ICDSLTD.NS,1,0.5016084351736096,2025-09-01,272,0.10190587320108897,10.47,,-10.527404991154794,-1.6818219965154475,45.013725387714494,36.003000359483494,1273,Neutral,0.0032168703472192917
SANOFICONR.NS,1,0.5015120722425478,2025-09-01,272,0.642023346303502,111.0,,-4.174670170006189,12.573601570166831,38.24854380364787,43.88228038006334,1274,Neutral,0.003024144485095581
BTML.NS,1,0.5014723453700388,2025-09-01,272,0.5194871143836487,23.07,,-5.900622842617306,-15.244757175515486,46.170594902453196,45.614029217148484,1275,Neutral,0.002944690740077638
SADBHIN.NS,1,0.5014359515611188,2025-09-01,272,1.2901554404145077,-2.0,,-2.456138090707146,-23.835619212225843,48.59723041018049,48.31460674157303,1276,Neutral,0.002871903122237507
CREATIVEYE.NS,1,0.5012794466264708,2025-06-01,364,0.37618809404702347,0.72,,-5.655170309132543,0.5882347166332156,42.55526151401316,45.789476854319695,1277,Neutral,0.002558893252941674
VAIBHAVGBL.NS,1,0.5011379886355729,2025-09-01,272,0.34652114597544337,21.0,,1.3010055891049623,-5.1171685824454745,37.88277799847727,40.632095948705775,1278,Neutral,0.0022759772711458126
GTPL.NS,1,0.5011309035694144,2025-09-01,272,1.8558659217877096,8.0,,-0.9864519832270139,-3.8048970430122777,24.206005538433452,42.2480491783306,1279,Neutral,0.002261807138828731
HINDOILEXP.NS,1,0.5010992199414066,2025-09-01,272,0.5252854812398042,14.0,,1.4564927299473447,21.258483317727666,47.057157362512946,46.12689225778073,1280,Neutral,0.002198439882813208
AAKASH.NS,1,0.5008770921262968,2025-09-01,272,0.7410918600849951,4.6,,6.490384394953229,2.9036005803568115,19.572928842889098,82.60870646889943,1281,Neutral,0.0017541842525936602
ENIL.NS,1,0.5008507220668081,2025-09-01,272,0.5364238410596026,2.0,,-5.867635764579359,2.8471732363111997,22.059685636683852,0.6574426667305602,1282,Neutral,0.001701444133616281
ENGINERSIN.NS,1,0.5008376941960359,2025-09-01,272,1.0085438335809807,24.0,,-7.6708508603689145,7.556811303831119,52.57304027350392,38.81608079035143,1283,Neutral,0.0016753883920717083
RKSWAMY.NS,1,0.5008238825446542,2025-09-01,272,0.48,7.0,,15.426029878936943,-5.482071872789018,48.30455939459834,57.837096591422394,1284,Neutral,0.0016477650893083062
SHRIRAMPPS.NS,1,0.5006538217779277,2025-09-01,272,0.589058524173028,-1.0,,3.4218821586416723,9.197797912900443,50.61691443806053,37.757374193560864,1285,Neutral,0.0013076435558554422
GILLETTE.NS,1,0.5005706875116596,2025-09-01,272,0.8478073946689596,56.0,,-0.6075258818424152,-7.033515017975183,24.21983130027181,45.448251990308066,1286,Neutral,0.0011413750233191244
MAZDA.NS,1,0.5005658869001789,2025-09-01,272,0.22127659574468084,15.0,,3.9597945008719613,9.729383379603314,45.65687722008164,56.92116423725743,1287,Neutral,0.0011317738003577826
SUNPHARMA.NS,1,0.5005461506188301,2025-09-01,272,0.9073195313484231,17.0,,1.1525271581917917,3.8619119354644584,29.378225454840397,41.59474267694186,1288,Neutral,0.0010923012376602426
HBSL.NS,1,0.5003865691041309,2025-09-01,272,0.1595744680851064,-9.0,,-13.910059559612852,-10.39675816833249,46.18019380953996,18.501330084601264,1289,Neutral,0.0007731382082618588
CONCORDBIO.NS,1,0.5003427289384244,2025-09-01,272,0.1073972602739726,28.0,,-7.34244590816439,-4.375520378401295,43.91507398201912,31.01208649260495,1290,Neutral,0.0006854578768487052
JUBLCPL.NS,1,0.5003257475487332,2025-09-01,272,1.225181598062954,33.0,,4.1906758060132825,-3.159319686992832,37.729477178459504,47.00795804003128,1291,Neutral,0.0006514950974663147
VIKASECO.NS,1,0.5002918536845721,2025-09-01,272,0.18575063613231552,3.0,,-7.142858967489158,-10.958909702068233,29.846106749312828,33.33333333333333,1292,Neutral,0.0005837073691441486
PCBL.NS,1,0.5001627601786718,2025-09-01,272,1.2226502311248073,13.0,,-0.25121498467977177,-6.650561641379831,42.29453597350544,47.29219787391545,1293,Neutral,0.0003255203573435672
LODHA.NS,0,0.49987496122059644,2025-09-01,272,1.6178274633953305,15.0,,2.782947632211128,-12.564082930442908,38.713191717966154,44.805192060035374,1294,Neutral,0.0002500775588071269
SIL.NS,0,0.49973347919705763,2025-09-01,272,0.2430939226519337,-6.0,,4.241638020174624,-2.112253397198626,34.63502330870561,49.3643926533182,1295,Neutral,0.0005330416058847431
CAMPUS.NS,0,0.4996896649565994,2025-09-01,272,0.929471032745592,20.0,,-0.35811406868034323,-5.926062533880862,27.85945932692922,52.48440314457812,1296,Neutral,0.0006206700868012227
DHRUV.NS,0,0.49948111182764054,2025-09-01,272,0.4152046783625731,11.32,,-12.781333910219264,16.691449199966506,46.340610544453085,49.87633677594432,1297,Neutral,0.0010377763447189103
AUBANK.NS,0,0.49944378742590323,2025-09-01,272,8.123284651419123,,,-3.237853035576061,1.0881877514387217,24.702965684987277,33.231234178447636,1298,Neutral,0.001112425148193541
CORDSCABLE.NS,0,0.4993706800348133,2025-09-01,272,1.2894736842105263,16.0,,32.80557722933198,41.961054558453604,79.32284809539539,59.86571895174836,1299,Neutral,0.0012586399303734508
PRUDENT.NS,0,0.4993360917333453,2025-09-01,272,0.3967479674796748,45.0,,-3.250823136639032,4.804467392482181,28.84216206401816,39.87352088771483,1300,Neutral,0.0013278165333093783
SANDESH.NS,0,0.499287398768683,2025-09-01,272,0.06236711552090716,8.0,,-0.3581731438720924,1.560315744305059,30.281748347236988,29.055087657399028,1301,Neutral,0.001425202462634001
ISGEC.NS,0,0.4992063300594844,2025-09-01,272,1.560392156862745,17.0,,-13.28514919160935,6.879702827303872,36.7883678681551,19.44132701598484,1302,Neutral,0.0015873398810312134
SALZERELEC.NS,0,0.49904689190513823,2025-09-01,272,1.355475763016158,13.0,,-3.270118068939761,-4.859133271700021,52.300948365528924,30.47326266386449,1303,Neutral,0.0019062161897235308
LAXMICOT.NS,0,0.49875498778861876,2025-09-01,272,0.8125,0.0,,-11.620401661277288,-23.647521765900564,35.341150448569856,43.12667985530881,1304,Neutral,0.0024900244227624713
ZENTEC.NS,0,0.4985621428382952,2025-09-01,272,0.07110352673492605,33.0,,-0.38298273637509095,25.637732163915096,43.26499587461753,54.87931302442432,1305,Neutral,0.002875714323409606
BFUTILITIE.NS,0,0.4985209921833344,2025-09-01,272,0.2645711303137505,2.73,,-0.8973730954830583,12.12419911286348,44.37189100860307,44.38871137472496,1306,Neutral,0.0029580156333312013
TECILCHEM.NS,0,0.4984872042280923,2025-09-01,272,-1.2395663956639569,,,-7.453416379015641,-11.899480328546094,64.68692056367978,36.906852981263725,1307,Neutral,0.0030255915438154313
RAMCOSYS.NS,0,0.498350513855472,2025-09-01,272,0.2289308176100629,-1.0,,10.516086895681543,-1.7170652714970303,66.00506929577553,66.0197014654448,1308,Neutral,0.003298972289055957
KHAICHEM.NS,0,0.4981822540834603,2025-09-01,272,1.631578947368421,2.0,,1.7174520387249177,-6.770480494293839,46.644860986133324,34.482756648555906,1309,Neutral,0.0036354918330794295
SIYSIL.NS,0,0.49813057908175096,2025-09-01,272,0.6086956521739131,20.0,,-0.09645011898136854,5.34337984815893,42.79635961621821,45.91384702528558,1310,Neutral,0.0037388418364980858
PFIZER.NS,0,0.4980884333856173,2025-09-01,272,0.19667446089893478,22.0,,-3.453705647701029,-9.326629202405599,27.418788624888762,36.624499324728156,1311,Neutral,0.003823133228765374
STERTOOLS.NS,0,0.4980854012786786,2025-09-01,272,0.3772455089820359,12.0,,-7.586233231682005,2.4074875284142636,48.71163915544344,39.15152404925546,1312,Neutral,0.003829197442642762
GPIL.NS,0,0.4980465904178599,2025-09-01,272,0.15858245891902595,23.0,,-2.7843403104574054,7.23725978241753,33.73690314146122,46.853142511696774,1313,Neutral,0.003906819164280151
VEEDOL.NS,0,0.49781548874900405,2025-09-01,272,0.32138114209827356,19.0,,0.06263217912752263,1.8487019891805483,23.234795461750394,28.379809389339925,1314,Neutral,0.004369022501991893
TCIEXP.NS,0,0.4977410058170675,2025-09-01,272,0.1891891891891892,16.0,,-5.540057544584372,-13.42560345119797,36.04709968708666,12.218335235396339,1315,Neutral,0.004517988365865033
MITTAL.NS,0,0.4977099559452829,2025-09-01,272,0.1330251669234722,4.27,,3.1578980390385336,-1.0101000370632516,57.00281230781924,53.06122722053728,1316,Neutral,0.004580088109434222
MUFIN.NS,0,0.49689275798052945,2025-09-01,272,2.8589341692789967,13.0,,6.953127038561689,5.524149392115129,23.546151515282475,59.103105915545015,1317,Neutral,0.006214484038941093
SILGO.NS,0,0.49682090614434504,2025-09-01,272,0.03999292160679522,10.48,,7.479809294957033,11.79181989913233,41.84633542754732,55.35367277959065,1318,Neutral,0.006358187711309915
KOTHARIPET.NS,0,0.4967798480963216,2025-09-01,272,0.21726190476190477,30.0,,-9.169310542236687,2.922346596302246,46.54645595062414,25.211476731774894,1319,Neutral,0.006440303807356829
LATENTVIEW.NS,0,0.4966924198164847,2025-09-01,272,0.04143426294820717,10.0,,10.330077324766629,-6.561420513646538,38.081124477095806,57.48633128893285,1320,Neutral,0.006615160367030581
KIRLPNU.NS,0,0.496591025562559,2025-09-01,272,0.4421052631578947,28.0,,4.037807271202457,37.42144573832775,48.18724639457071,56.476441771347865,1321,Neutral,0.006817948874881963
ANANDRATHI.NS,0,0.4964805470212656,2025-09-01,272,0.3441247002398082,54.0,,-3.398353802022925,14.584399230454368,15.055936123075005,34.229717782928304,1322,Neutral,0.007038905957468811
SPAL.NS,0,0.4964258201458148,2025-09-01,272,0.5,13.0,,-2.3292149531328215,6.575361243207468,33.22388658775626,41.598240101825546,1323,Neutral,0.007148359708370355
RPTECH.NS,0,0.4962995006565136,2025-09-01,272,1.6046002190580504,14.0,,18.51608850756956,57.511599423847926,41.88656165925486,49.56156149447915,1324,Neutral,0.007400998686972748
STOVEKRAFT.NS,0,0.49619658003213396,2025-09-01,272,1.3137651821862348,11.0,,12.621798179336743,23.822513175240726,36.97533569105176,69.23301227956513,1325,Neutral,0.007606839935732079
GEEKAYWIRE.NS,0,0.49618811757088777,2025-09-01,272,0.975,25.0,,-14.396747709452217,-9.3296787407342,55.544395050905884,13.554191430139,1326,Neutral,0.007623764858224469
SURYODAY.NS,0,0.4960982149061515,2025-09-01,272,7.339527875439478,,,9.045455058636284,33.980342655420486,42.49259775938766,23.914443619469665,1327,Neutral,0.007803570187696951
NRL.NS,0,0.4959800208886218,2025-09-01,272,0.05128205128205128,10.0,,19.59096098818587,26.971435546875,47.157466877005625,78.06603922119028,1328,Neutral,0.008039958222756383
KOPRAN.NS,0,0.49597958262006564,2025-09-01,272,0.2644230769230769,9.0,,25.293080334468048,60.37164679140705,63.6642334430343,77.82684351611428,1329,Neutral,0.00804083475986872
MVGJL.NS,0,0.4959430838977624,2025-09-01,272,1.0830090791180285,16.0,,-15.473286295266867,-3.8577881623383576,44.54838187066695,28.177838014599033,1330,Neutral,0.008113832204475147
GANESHBE.NS,0,0.49594193358159555,2025-09-01,272,0.2743362831858407,16.0,,-4.457900922708296,9.676322885653772,48.178347777652384,51.20368885672311,1331,Neutral,0.008116132836808898
AHLEAST.NS,0,0.4959354975010318,2025-09-01,272,0.9743589743589743,15.0,,-3.953349719496544,0.018683843892017646,37.176225459707474,43.54456505428245,1332,Neutral,0.008129004997936451
THOMASCOOK.NS,0,0.4957699503758058,2025-09-01,272,1.2596439169139466,11.0,,-4.385778385190694,-16.84046476775326,41.957243856813975,35.12964730642115,1333,Neutral,0.00846009924838842
REFEX.NS,0,0.49575649494013135,2025-09-01,272,0.3410620792819746,25.0,,23.09710264959391,37.92957814468591,47.03410886905131,89.59108698372114,1334,Neutral,0.008487010119737293
BAJAJHCARE.NS,0,0.4957283891068423,2025-09-01,272,0.7227926078028748,11.0,,-6.742779326965184,-13.210797928590972,44.391851055981896,34.33652249034792,1335,Neutral,0.008543221786315391
ZIMLAB.NS,0,0.49560752424669274,2025-09-01,272,0.8934426229508197,8.0,,18.858940061999693,44.518229273334114,51.27872539792494,48.5598129234333,1336,Neutral,0.008784951506614513
EMAMILTD.NS,0,0.495516375895262,2025-09-01,272,0.1333758774728781,34.0,,-10.21372191147005,-15.925848780164797,28.413662232853433,21.717478057523493,1337,Neutral,0.00896724820947603
BIRLACORPN.NS,0,0.49540016335314246,2025-09-01,272,0.47297065385275444,4.0,,8.461118846434882,-2.6644532933310603,35.91386167469119,50.54579647062334,1338,Neutral,0.009199673293715072
BIKAJI.NS,0,0.4953500289850353,2025-09-01,272,0.2930474333983106,20.0,,-3.374212145229469,2.3136873804826212,30.5979304323419,41.32693610923679,1339,Neutral,0.009299942029929453
DHAMPURSUG.NS,0,0.4952638311344103,2025-09-01,272,0.6255585344057194,6.0,,-0.7228899102419838,23.907198438247494,47.33635326392548,39.889997565576095,1340,Neutral,0.009472337731179392
CESC.NS,0,0.4952496851818145,2025-09-01,272,2.1041157493401115,10.0,,-2.9008705150201393,16.93423767690132,39.61080371255182,50.0962485639817,1341,Neutral,0.009500629636370994
URAVIDEF.NS,0,0.4952409453415061,2025-09-01,272,0.5711177052423344,7.33,,-17.34024074205257,-23.70233647642448,26.19396451786711,22.159331229517022,1342,Neutral,0.009518109316987822
OCCL.NS,0,0.4951180594592536,2025-09-01,272,0.13623006699839352,-0.62,,,,,,1343,Neutral,0.009763881081492842
VENKEYS.NS,0,0.4950801408088624,2025-09-01,272,0.4527911784975879,11.0,,-8.120063191153239,6.372080915228158,40.19556778392077,23.645437709561833,1344,Neutral,0.009839718382275153
YESBANK.NS,0,0.49504573853640776,2025-09-01,272,7.72075533060959,,,16.15654422503077,11.191162141492656,31.19689899268404,56.44696838449923,1345,Neutral,0.009908522927184471
ABCAPITAL.NS,0,0.4949910647207041,2025-09-01,272,4.698408566966609,9.0,,5.151950157154486,4.008016172132776,27.742105759634665,58.66106743593096,1346,Neutral,0.010017870558591824
BODALCHEM.NS,0,0.4948646689268544,2025-09-01,272,1.016295025728988,5.0,,2.947580511600346,47.18705464179857,62.005022717375894,46.452222317392525,1347,Neutral,0.010270662146291243
BLUECHIP.NS,0,0.4948644280857128,2025-09-01,272,-8.432835820895523,-17.91,,15.656562615822661,-17.028986602689862,27.44117006595556,100.0,1348,Neutral,0.010271143828574414
ARTEMISMED.NS,0,0.4948037498535272,2025-09-01,272,0.5963923337091319,15.0,,13.516875596100908,13.990237327270455,36.81450168729069,54.50390629887342,1349,Neutral,0.010392500292945583
VIMTALABS.NS,0,0.494740990734183,2025-09-01,272,0.24519230769230768,25.0,,2.7452736471847494,1.6116846310505677,34.068084942925935,38.652690937817646,1350,Neutral,0.010518018531634032
INOXINDIA.NS,0,0.49456586556924476,2025-09-01,272,0.8804780876494024,37.0,,-0.60557502373251,30.673663655812554,39.221736534713315,51.59902058417357,1351,Neutral,0.010868268861510488
JASH.NS,0,0.4945119444779202,2025-09-01,272,0.4975609756097561,22.0,,-3.5778418065471143,1.6132930253163758,35.981074548814576,41.740463519442415,1352,Neutral,0.010976111044159631
SMARTLINK.NS,0,0.4945071573731131,2025-09-01,272,0.135,0.0,,17.873412326162068,27.853445137939815,87.64163221278011,56.074553881253046,1353,Neutral,0.010985685253773747
NIBL.NS,0,0.4944295714550042,2025-09-01,272,-5.21875,-19.0,,-4.832000732421875,-3.1901027478549002,47.36824810082809,32.41894781452871,1354,Neutral,0.011140857089991574
WESTLIFE.NS,0,0.4942395100055126,2025-09-01,272,0.0019646365422396855,0.0,,-6.504575543751311,-10.840271808441056,31.261209383765486,20.010849953876118,1355,Neutral,0.011520979988974833
SEQUENT.NS,0,0.4942175683642606,2025-09-01,272,0.04403048264182896,2.0,,,,,,1356,Neutral,0.011564863271478765
AKSHARCHEM.NS,0,0.49416771231617973,2025-09-01,272,0.6297709923664122,3.0,,-3.9303700333391456,-13.528607492730767,40.77495834733254,30.84767795434358,1357,Neutral,0.01166457536764054
PRIVISCL.NS,0,0.4940977639579213,2025-09-01,272,1.1192,18.0,,-1.8808821029532212,8.695068054564956,37.6461049063021,35.83343861333603,1358,Neutral,0.011804472084157358
NKIND.NS,0,0.4936868801002897,2025-09-01,272,-1.8255035485446656,,,-4.980624819723108,1.3316930855709037,34.84634897818869,49.14234826778233,1359,Neutral,0.012626239799420569
RAJRATAN.NS,0,0.49364499939794415,2025-09-01,272,0.9501246882793017,16.0,,-6.317712723417969,-3.7041350943930786,36.04380881272875,41.76844403986276,1360,Neutral,0.012710001204111698
SATIA.NS,0,0.49362416703363626,2025-09-01,272,0.42924976258309594,10.0,,-15.70150891104569,-11.633624912136506,49.93568626896503,14.200134211498295,1361,Neutral,0.012751665932727474
YUKEN.NS,0,0.49358497849643723,2025-09-01,272,0.5284090909090909,7.0,,-3.4819971472614912,-6.935523980628766,27.56977990199083,39.95550212982918,1362,Neutral,0.012830043007125536
LALPATHLAB.NS,0,0.49339607848426004,2025-09-01,272,0.21913712088850917,31.0,,14.994989860077629,15.143268224503045,54.29006501603186,44.018055658409814,1363,Neutral,0.013207843031479927
AFIL.NS,0,0.4932569202877147,2025-09-01,272,0.9776119402985075,14.0,,14.043032636830667,71.25849487813647,39.41077788520524,64.15770560312723,1364,Neutral,0.013486159424570654
PNCINFRA.NS,0,0.49319141892253415,2025-09-01,272,0.4463397299218195,18.0,,-5.268513465480652,-5.839079056663075,30.637749036237587,26.09949639762769,1365,Neutral,0.013617162154931695
RICOAUTO.NS,0,0.49286498119557154,2025-09-01,272,1.5982142857142858,6.0,,3.2968899461514085,-5.3652333924069175,41.190787017975616,39.9619111503696,1366,Neutral,0.014270037608856923
GOKULAGRO.NS,0,0.4928410821649183,2025-09-01,272,3.7621407333994052,35.0,,0.27138015362312745,31.897749592085674,45.96132661693729,41.94193921534086,1367,Neutral,0.014317835670163426
SALASAR.NS,0,0.49271292438074676,2025-09-01,272,1.2928759894459103,13.0,,-6.200524998974612,-11.677019067680902,24.88222466192365,24.778755833874868,1368,Neutral,0.014574151238506472
MAXESTATES.NS,0,0.492617719701727,2025-09-01,272,0.07487520798668885,3.0,,10.709391226612638,5.250679999053763,33.347413737094634,65.73303851276235,1369,Neutral,0.014764560596545961
UCOBANK.NS,0,0.4925724188865142,2025-09-01,272,10.380717695980286,,,-4.326380571131834,-12.342804079239988,21.550082295920458,35.660850133989854,1370,Neutral,0.014855162226971586
APOLLOPIPE.NS,0,0.492558461189356,2025-09-01,272,0.24821852731591448,7.0,,13.216151359035411,54.220332558809346,57.32172232256748,53.33333333333333,1371,Neutral,0.014883077621288043
OSWALSEEDS.NS,0,0.492499947090327,2025-09-01,272,0.9583333333333334,9.0,,-11.92954202099855,-14.728679648959128,38.735899381842394,22.699368555928217,1372,Neutral,0.015000105819345966
JAICORPLTD.NS,0,0.4924500023205291,2025-09-01,272,0.02459016393442623,5.0,,-0.04311351121790012,2.7019871775071818,31.107331974998527,48.44366742001764,1373,Neutral,0.015099995358941798
TATAELXSI.NS,0,0.4924482628462238,2025-09-01,272,0.27905255366395265,36.0,,3.7652244286054617,-4.726547302273232,29.33996738829255,53.348827622248805,1374,Neutral,0.015103474307552434
GFLLIMITED.NS,0,0.4923893767736392,2025-09-01,272,0.06916276052163844,0.08,,-2.7553383435710574,-1.6963379545361583,36.2159255585223,37.298804042779075,1375,Neutral,0.015221246452721604
ZEEMEDIA.NS,0,0.4922981491756384,2025-09-01,272,1.4634760705289673,-17.0,,-1.5204691408286928,-10.042730928015825,39.3641206374692,51.77866000024125,1376,Neutral,0.015403701648723178
SHANTI.NS,0,0.49223673899678516,2025-09-01,272,0.3601419278533412,-16.79,,-7.093188106023382,-3.3285097561850816,33.35788149013296,42.1052576542323,1377,Neutral,0.015526522006429677
ORIENTALTL.NS,0,0.49220582476883357,2025-09-01,272,0.25252525252525254,-5.0,,-7.582256800080114,-7.449856439907827,22.94987538104014,29.10445981949205,1378,Neutral,0.015588350462332867
SANSTAR.NS,0,0.4919654657627159,2025-09-01,272,0.15477996965098634,12.0,,31.26873897595212,36.5588963278913,54.42128748331617,69.09862595353934,1379,Neutral,0.016069068474568238
VRLLOG.NS,0,0.4919186968703834,2025-09-01,272,1.2673357664233578,16.0,,-7.624810516652249,-17.420495778006295,27.528684072777654,18.153852991707666,1380,Neutral,0.01616260625923316
PDSL.NS,0,0.49187375391598664,2025-09-01,272,0.17435158501440923,15.0,,6.633739843132753,-1.1287360570409641,33.23403087236909,51.17336705590236,1381,Neutral,0.01625249216802671
HIRECT.NS,0,0.491791148815008,2025-09-01,272,1.6578947368421053,22.0,,18.291381196985146,57.593547378773735,64.36890098649577,69.53428821080772,1382,Neutral,0.016417702369983966
HCLTECH.NS,0,0.4917796277094221,2025-09-01,272,0.49376102646351244,43.0,,-1.275950885607868,-9.911601300480331,38.831006268717196,46.71792513645384,1383,Neutral,0.016440744581155853
MIDHANI.NS,0,0.4917398021713827,2025-09-01,272,1.046495489243581,11.0,,7.88663772284231,24.599123259388758,39.24829150078971,55.71368313695553,1384,Neutral,0.01652039565723462
COFORGE.NS,0,0.4916904169759094,2025-09-01,272,0.3058745215510068,14.0,,18.889540914989393,17.290884845657885,52.41614619218794,56.02691229758626,1385,Neutral,0.016619166048181255
TALBROAUTO.NS,0,0.49154794825809134,2025-09-01,272,0.5213946117274167,18.0,,7.629261494951432,24.877968304974956,54.794868149411194,58.2435125460779,1386,Neutral,0.016904103483817323
BHARATWIRE.NS,0,0.4914053968161872,2025-09-01,272,0.2574002574002574,13.0,,0.4639007273610439,26.64508679654325,52.975297654464924,32.36582847860578,1387,Neutral,0.017189206367625554
E2E.NS,0,0.4910303774270549,2025-09-01,272,0.1295238095238095,8.0,,36.010265098175196,60.68164947884465,56.530189863093646,60.096788672674904,1388,Neutral,0.01793924514589018
ASTRAMICRO.NS,0,0.4908865271501236,2025-09-01,272,0.519163763066202,18.0,,24.5734102380675,51.888171236273294,47.550109610557634,84.31624600670114,1389,Neutral,0.018226945699752806
NAHARINDUS.NS,0,0.49077233833939354,2025-09-01,272,0.6845771144278607,4.0,,-3.1988397958006245,10.303272148623101,33.39242875710893,38.374807559393325,1390,Neutral,0.018455323321212913
BHANDARI.NS,0,0.4906971985289702,2025-09-01,272,0.8141025641025641,9.0,,0.0,-8.034294702515856,54.31398738470732,37.59999755859282,1391,Neutral,0.018605602942059596
SATIN.NS,0,0.4905093649822604,2025-09-01,272,3.1268426465546795,,,20.044095336276555,41.230638240447774,49.80579700601525,54.871997000717755,1392,Neutral,0.018981270035479225
BBTCL.NS,0,0.4904695145030365,2025-09-01,272,2.130081300813008,3.0,,12.659936824892204,24.853224794831654,44.94697835392073,71.95394648397766,1393,Neutral,0.019060970993927007
LOVABLE.NS,0,0.4902930956646378,2025-09-01,272,0.1640533582962789,-1.74,,-3.4682071655166617,-4.022981060446012,62.440195891020956,45.9248977790947,1394,Neutral,0.019413808670724397
TATASTEEL.NS,0,0.49010587414058565,2025-09-01,272,0.9930501814466142,13.0,,-1.5802405035227112,-0.5307706137020173,22.873018577373948,44.615389596828116,1395,Neutral,0.019788251718828698
MUTHOOTFIN.NS,0,0.49001509234925184,2025-09-01,272,3.631096316301856,,,-2.3742786632626816,-3.515579720689157,30.595401731780665,43.408495978218184,1396,Neutral,0.01996981530149633
UMAEXPORTS.NS,0,0.48999200458326825,2025-09-01,272,1.30635838150289,4.0,,1.2495106880039468,-11.411001367791156,31.819662935248427,50.24712271483369,1397,Neutral,0.020015990833463504
RPOWER.NS,0,0.489863133484177,2025-09-01,272,0.7442122515877894,0.0,,-3.390427123416987,8.64779406213293,36.73267078936461,46.11972989238072,1398,Neutral,0.020273733031646035
SHARDACROP.NS,0,0.48981274850811835,2025-09-01,272,0.8735112936344969,16.0,,-21.345383347576284,-22.95905017301002,75.6601596290382,27.520478418295497,1399,Neutral,0.02037450298376331
DJML.NS,0,0.48972008960479224,2025-09-01,272,0.3220171855190872,16.05,,14.950820005656592,16.349555895821293,31.28120290319871,68.9853736590193,1400,Neutral,0.020559820790415517
EPL.NS,0,0.4896671017826035,2025-09-01,272,0.7142857142857143,20.0,,-5.518954016206584,-0.6602563720536356,30.76295593759197,24.45819827516975,1401,Neutral,0.02066579643479305
HONASA.NS,0,0.48965055319489253,2025-09-01,272,0.4675118858954041,7.0,,17.405749259674312,32.50732889510053,32.84100425811162,71.42207453497791,1402,Neutral,0.02069889361021493
GMDCLTD.NS,0,0.4896343401558315,2025-09-01,272,0.2304932735426009,14.0,,-8.985943383852295,19.46153680403214,40.80337201007468,51.99882020252471,1403,Neutral,0.02073131968833697
DATAMATICS.NS,0,0.4893596650817702,2025-09-01,272,0.22120866590649943,8.0,,4.557863669547263,-3.960889454680937,41.565305769958414,44.87993954102527,1404,Neutral,0.021280669836459598
RSSOFTWARE.NS,0,0.4892728594705222,2025-09-01,272,0.1891891891891892,9.0,,-21.24938372373936,-13.224934597069776,58.19727741245837,34.79657951679978,1405,Neutral,0.021454281058955638
CENTURYPLY.NS,0,0.48919918989686856,2025-09-01,272,0.4939334637964775,15.0,,-6.038516851242924,3.3683018578541306,26.72199910303512,32.80753909040324,1406,Neutral,0.021601620206262884
GHCL.NS,0,0.48905085703623374,2025-09-01,272,0.17543376480308456,24.0,,-10.38871254235157,-7.136283563564613,34.27893080833833,30.35143967252914,1407,Neutral,0.021898285927532513
ADL.NS,0,0.48891363066310045,2025-09-01,272,0.4841379310344826,3.21,,-4.105345136536713,4.004481494925523,49.433713848422705,50.56354654036598,1408,Neutral,0.022172738673799097
BRITANNIA.NS,0,0.4888297077113714,2025-09-01,272,1.6260709914320686,57.0,,-8.83692415484323,-14.993875051041242,23.40087073666983,21.499548328816616,1409,Neutral,0.022340584577257183
CIGNITITEC.NS,0,0.48867193800034103,2025-09-01,272,0.374167776298269,31.0,,,,,,1410,Neutral,0.022656123999317934
UNITEDTEA.NS,0,0.48867093098314174,2025-09-01,272,0.0603448275862069,10.0,,-4.922730968404944,-1.6934512053918362,20.14465669280565,28.7333516709771,1411,Neutral,0.022658138033716524
HEUBACHIND.NS,0,0.4884693603978968,2025-09-01,272,0.3435251798561151,15.0,,,,,,1412,Neutral,0.02306127920420642
NGLFINE.NS,0,0.4882562744544912,2025-09-01,272,0.6122448979591837,8.0,,22.057149533615235,23.256327548625535,70.17505093365148,67.15301311337427,1413,Neutral,0.023487451091017575
JTEKTINDIA.NS,0,0.4881162496006489,2025-09-01,272,0.5562390158172232,11.0,,-4.74051045712547,-4.317442789264301,35.445048634141344,30.374240933924625,1414,Neutral,0.023767500798702157
MAANALU.NS,0,0.4880058470705834,2025-09-01,272,0.6310160427807486,12.0,,-7.206176069421858,-3.5395190797173695,53.25711405144779,31.942493848600947,1415,Neutral,0.02398830585883316
HINDZINC.NS,0,0.4878267366684495,2025-09-01,272,1.6055086301872934,61.0,,6.2085744176721835,7.895646126729241,33.869631088519554,51.630680651931016,1416,Neutral,0.024346526663100998
CGCL.NS,0,0.4877514880986381,2025-09-01,272,2.1078758949880667,11.0,,7.986280131726153,14.97131050472958,30.165034896268324,50.44776046190507,1417,Neutral,0.024497023802723783
INDOSTAR.NS,0,0.48769770739914803,2025-09-01,272,1.563157894736842,8.0,,12.77194095140003,2.5510822525438432,57.26421880795473,60.33609316442636,1418,Neutral,0.024604585201703943
DHANBANK.NS,0,0.48764891714550507,2025-09-01,272,12.613540197461212,,,8.122332236424928,38.500427064522135,64.1420737939786,55.78636397595116,1419,Neutral,0.024702165708989865
ORCHPHARMA.NS,0,0.48743984505059934,2025-09-01,272,0.23139880952380953,-2.0,,29.313866618384303,19.119196534032397,37.81796245169161,71.19733229423916,1420,Neutral,0.02512030989880132
ASAL.NS,0,0.48721549768236283,2025-09-01,272,17.8125,24.0,,-3.1598122283695083,7.804982460467941,51.58464030652596,35.705210494549206,1421,Neutral,0.02556900463527434
INGERRAND.NS,0,0.4872140827485454,2025-09-01,272,0.5138461538461538,60.0,,-1.4872035766984066,10.037926675094818,27.98021760790494,45.00375694058179,1422,Neutral,0.02557183450290923
EMSLIMITED.NS,0,0.4870661639106912,2025-09-01,272,0.1267056530214425,28.0,,-7.4105636567023865,5.0072513031021115,44.7102749015727,31.747575260621517,1423,Neutral,0.02586767217861763
LTIM.NS,0,0.48693408409343375,2025-09-01,272,0.37449365679946583,28.0,,,,,,1424,Neutral,0.0261318318131325
CASTROLIND.NS,0,0.4868636413989325,2025-09-01,272,0.7987905442550852,55.0,,-0.8657104426518226,0.8358686798951727,8.471694692102288,52.297175552479594,1425,Neutral,0.026272717202134976
KALYANKJIL.NS,0,0.4868504309258002,2025-09-01,272,1.7020470053070509,16.0,,-13.979409377839188,-12.742690312427554,38.44947208839194,28.989547897882957,1426,Neutral,0.02629913814839957
DCMSRIND.NS,0,0.4867658113098948,2025-09-01,272,1.1333333333333333,14.0,,-3.6952648607857506,5.460081225135217,60.72514911053998,23.960873696421388,1427,Neutral,0.02646837738021035
JINDALPOLY.NS,0,0.48649909085962967,2025-06-01,364,0.2271396029938171,6.0,,-4.464476128724913,27.689407169117647,32.491696493214675,37.66732704326183,1428,Neutral,0.027001818280740664
SHRIRAMFIN.NS,0,0.4864805061796385,2025-09-01,272,3.9497880935037415,,,-1.0137379337795487,-11.040662360172906,31.635245190694306,35.69406005304697,1429,Neutral,0.02703898764072299
SUNDRMBRAK.NS,0,0.48646921417065575,2025-09-01,272,1.105263157894737,8.0,,21.715130594315177,9.193705318056274,67.9981857977086,65.45832229495369,1430,Neutral,0.0270615716586885
LAXMIDENTL.NS,0,0.48625415475580736,2025-09-01,272,0.11666666666666667,17.0,,16.871046358944426,23.98699407058223,75.82559588786462,58.295833599732696,1431,Neutral,0.02749169048838529
MSUMI.NS,0,0.48620556056865083,2025-09-01,272,1.1672095548317047,43.0,,-3.872717462674966,-10.639759974107994,30.02453629892124,25.824211141138036,1432,Neutral,0.02758887886269834
ONELIFECAP.NS,0,0.4859828601819813,2025-09-01,272,0.26103872602243944,0.65,,52.85319290174628,67.00968152589734,64.26194250167033,81.19334589052197,1433,Neutral,0.02803427963603744
ONESOURCE.NS,0,0.48582251440070096,2025-09-01,272,0.32843301035750083,6.0,,3.5234028701241136,37.809665829753584,39.01500812968266,48.410320550114946,1434,Neutral,0.02835497119859809
LORDSCHLO.NS,0,0.48580068935897913,2025-09-01,272,1.0696517412935322,5.0,,-2.368513979369828,17.81180893561981,29.92621415456074,46.869129857348966,1435,Neutral,0.028398621282041736
BEML.NS,0,0.4857256045033907,2025-09-01,272,1.1271613832853027,16.0,,-4.6342922486736065,1.4429589285420288,39.66499989127685,30.789631714088813,1436,Neutral,0.02854879099321861
KESORAMIND.NS,0,0.48558022591218125,2025-09-01,272,0.13538461538461538,-3.0,,24.975024403963094,38.53821261150359,56.416879275111185,54.62184683138427,1437,Neutral,0.028839548175637497
SDBL.NS,0,0.4855512968310658,2025-09-01,272,0.43070652173913043,13.0,,-4.01891210315855,3.5965965670877758,55.49639224443846,27.80921572013618,1438,Neutral,0.028897406337868414
EIFFL.NS,0,0.4854910203414642,2025-09-01,272,1.1388888888888888,10.0,,-5.242016515176635,-0.27753796112474866,38.50945171162677,40.80360691111494,1439,Neutral,0.02901795931707163
OBEROIRLTY.NS,0,0.48543820904013796,2025-09-01,272,0.4315609370887076,15.0,,-0.06362969234143333,12.211909887129025,23.225696999827434,51.07711557502679,1440,Neutral,0.029123581919724084
ELECTHERM.NS,0,0.48541014416006223,2025-09-01,272,-18.91743119266055,33.0,,5.348834297666965,21.139599670651222,100.46460191473041,64.92520440602425,1441,Neutral,0.029179711679875542
BECTORFOOD.NS,0,0.4853408358346934,2025-09-01,272,0.36846767050487156,16.0,,-12.486621049724707,-20.754101662354564,35.9948362812456,19.623797507239587,1442,Neutral,0.029318328330613208
RALLIS.NS,0,0.48514260295953676,2025-09-01,272,0.621832358674464,10.0,,-8.578089295045217,-10.129387762101432,21.29792018114251,18.831168831168824,1443,Neutral,0.029714794080926477
BATAINDIA.NS,0,0.4851152611249008,2025-09-01,272,1.4303630363036304,15.0,,-6.889832160756634,-16.281831872031262,19.36516589210172,29.07486986324288,1444,Neutral,0.029769477750198448
3MINDIA.NS,0,0.48484826001721987,2025-09-01,272,0.6509316770186335,38.0,,-1.3529765484064944,-9.226725688200304,25.503654040307826,56.31709331131297,1445,Neutral,0.030303479965560265
DEEPAKFERT.NS,0,0.48482527354514443,2025-09-01,272,0.30303030303030304,15.0,,13.745263460967728,41.00999755859375,42.42649392491656,56.52924175709196,1446,Neutral,0.03034945290971114
THOMASCOTT.NS,0,0.48481813509871985,2025-09-01,272,0.4094488188976378,20.0,,17.501794964037533,-1.4497429415522027,83.96286439140319,56.928834028360775,1447,Neutral,0.030363729802560302
SOMANYCERA.NS,0,0.4847874978893206,2025-09-01,272,0.8024096385542169,13.0,,6.322151501762365,22.079857150512815,48.38904188275816,56.768556546608984,1448,Neutral,0.030425004221358853
FINEORG.NS,0,0.48477028420735074,2025-09-01,272,0.06949152542372881,26.0,,-2.0374490283548727,-0.47552657678859606,21.745386647159467,47.94638823564181,1449,Neutral,0.030459431585298513
MANALIPETC.NS,0,0.4846164211755426,2025-09-01,272,0.308994708994709,0.0,,11.741714479927374,8.805944430662812,50.16309213796754,58.45532278389362,1450,Neutral,0.0307671576489148
EQUITASBNK.NS,0,0.48456901008981595,2025-09-01,272,8.4624445203141,,,4.931991095125352,5.658393241400943,36.50484470036781,44.22084637542404,1451,Neutral,0.03086197982036809
MARKSANS.NS,0,0.48451816526703295,2025-09-01,272,0.2153846153846154,19.0,,33.3423581923571,41.43160342543013,60.53470357579105,76.28323970194975,1452,Neutral,0.030963669465934096
MPSLTD.NS,0,0.48435343780751,2025-09-01,272,0.1901840490797546,39.0,,7.954678763528224,13.58947412948652,49.46990788908052,64.86716133021062,1453,Neutral,0.03129312438498
CONSOFINVT.NS,0,0.4842653220984941,2025-09-01,272,0.0953757225433526,8.0,,2.2963481313676417,-4.0375010172526045,20.173394574302915,54.647214666545366,1454,Neutral,0.0314693558030118
ATGL.NS,0,0.48421523288403234,2025-09-01,272,0.9350736278447122,17.0,,21.83708412167604,49.24248795847041,55.974737737830104,73.91984140800463,1455,Neutral,0.031569534231935314
ELECON.NS,0,0.48412893097558907,2025-09-01,272,0.34371754932502596,29.0,,4.45468509984639,19.620028778931125,56.73867558761933,37.87839924279782,1456,Neutral,0.031742138048821866
DREAMFOLKS.NS,0,0.48412028031117166,2025-09-01,272,0.41935483870967744,35.0,,-5.61825588771487,-8.901380555873521,28.068559796004365,34.136316833920034,1457,Neutral,0.031759439377656684
SHRIPISTON.NS,0,0.48394474270213195,2025-09-01,272,0.37551945598791087,27.0,,-2.4509508189582974,15.54449855464726,26.956807528573957,32.04914517978662,1458,Neutral,0.032110514595736106
EIMCOELECO.NS,0,0.4838686289894903,2025-09-01,272,0.11358574610244988,16.0,,-3.103592785416096,-2.5262213263377973,30.67597281384949,48.92325642765207,1459,Neutral,0.03226274202101942
KEI.NS,0,0.48361983711210166,2025-09-01,272,0.29411764705882354,21.0,,6.733258865630649,10.529403531952466,30.254965001496174,57.98837957574533,1460,Neutral,0.032760325775796684
SONAMLTD.NS,0,0.4835421563574958,2025-09-01,272,0.5384615384615384,13.0,,12.12416816960671,25.63990692505684,41.59685744847923,72.14666394456846,1461,Neutral,0.03291568728500838
SHANKARA.NS,0,0.483536940854445,2025-09-01,272,0.03829787234042553,20.0,,-3.6848426793364606,14.961527977817573,39.65937754373305,63.915797400091655,1462,Neutral,0.03292611829111003
ANIKINDS.NS,0,0.48351760151241935,2025-09-01,272,0.09059233449477352,2.0,,0.5426219329656862,-5.9632049909694365,41.323916223351645,40.20537293788642,1463,Neutral,0.032964796975161303
GULPOLY.NS,0,0.4834832299858739,2025-09-01,272,1.0171875,6.0,,-3.3800461663287704,13.631953605235193,46.40516900554046,42.23487469426354,1464,Neutral,0.033033540028252206
SHANTIGEAR.NS,0,0.48344410103470153,2025-09-01,272,0.2175925925925926,35.0,,-7.4085752215988006,-2.12175476139641,20.14008734587077,21.926466970630415,1465,Neutral,0.03311179793059693
ASTRAZEN.NS,0,0.4833932499166808,2025-09-01,272,1.0212765957446808,33.0,,3.1365754570438527,-2.666892196662156,23.936015207849376,54.373223871171454,1466,Neutral,0.03321350016663838
KINGFA.NS,0,0.48334874989554827,2025-09-01,272,0.33976833976833976,31.0,,17.515454044627372,35.312729353368354,36.92956690534995,55.023973254355575,1467,Neutral,0.03330250020890346
SPECIALITY.NS,0,0.4830777015359316,2025-09-01,272,0.5838323353293413,8.0,,9.67039927794497,8.830179460509395,36.70559083353193,54.206145266937945,1468,Neutral,0.033844596928136794
TPHQ.NS,0,0.4830371209053528,2025-09-01,272,0.10144927536231885,4.0,,-8.77193202602569,-8.77193202602569,34.35078625320645,30.76921666161556,1469,Neutral,0.03392575818929444
ONEPOINT.NS,0,0.4829610471542574,2025-09-01,272,0.21176470588235294,11.0,,16.063809816218768,30.51731641052732,32.62976343351699,57.78364390519017,1470,Neutral,0.034077905691485166
BLSE.NS,0,0.4829296428453539,2025-09-01,272,0.07857142857142857,9.0,,20.49291494714343,35.49844943650253,41.88792884401795,73.79339370641301,1471,Neutral,0.03414071430929222
PRIMESECU.NS,0,0.48288668608487667,2025-09-01,272,0.09743589743589744,-30.0,,-3.0968900370350343,0.12512533809918158,21.37003029795498,41.833799112280126,1472,Neutral,0.03422662783024666
ADANIENT.NS,0,0.482872544404876,2025-09-01,272,0.8869040010226256,13.0,,21.964790792642045,34.55794330479844,38.29369192072376,77.12831500864854,1473,Neutral,0.03425491119024804
SANOFI.NS,0,0.48282522592356714,2025-09-01,272,0.5843989769820972,49.0,,-9.101310693813817,-23.073435794776582,16.402757970411873,28.294156080578958,1474,Neutral,0.03434954815286573
CYBERTECH.NS,0,0.48269231442468036,2025-09-01,272,0.8161764705882353,16.0,,8.95394765608679,18.506633816255512,54.46325668180291,46.14048010846656,1475,Neutral,0.034615371150639285
WANBURY.NS,0,0.48261534779312515,2025-09-01,272,3.2710280373831777,6.0,,18.780060283519276,14.327515094597484,36.946235331182095,81.02678377561404,1476,Neutral,0.0347693044137497
HAL.NS,0,0.4825807968509704,2025-09-01,272,2.327173854228667,34.0,,-0.8066746928997997,8.885283063153766,29.16588763577798,20.397779833487505,1477,Neutral,0.03483840629805923
APCOTEXIND.NS,0,0.4824836142012645,2025-09-01,272,0.6224137931034482,13.0,,19.18489398061239,29.81458661713587,66.0231335956613,42.528741592411265,1478,Neutral,0.03503277159747098
IIFLCAPS.NS,0,0.48247647720591935,2025-09-01,272,2.386390768006367,34.0,,8.72264681985873,8.760752002138855,35.17404594139272,28.653225475013528,1479,Neutral,0.035047045588161296
SWELECTES.NS,0,0.48233000231717843,2025-09-01,272,0.569811320754717,4.0,,-1.8623012870546967,20.5852786700802,38.76091668603452,44.41509713729446,1480,Neutral,0.03533999536564314
BIRLANU.NS,0,0.4822715541681791,2025-09-01,272,0.5724409448818898,3.0,,-4.840202065507157,-15.09589450383565,60.52924799571575,22.790188193779628,1481,Neutral,0.035456891663641854
ANDHRAPAP.NS,0,0.4819407751653243,2025-09-01,272,0.3307372793354102,4.0,,-3.9872609004281876,-7.29028825285407,22.792134464067992,16.985487022767117,1482,Neutral,0.036118449669351405
MINDACORP.NS,0,0.481746382162035,2025-09-01,272,1.185700575815739,12.0,,20.100018290588377,7.04612334668545,36.78374279610788,75.49882066812688,1483,Neutral,0.03650723567592995
HITECH.NS,0,0.48168510711081336,2025-09-01,272,0.40589198036006546,11.0,,-5.934687348779967,0.4169569441984965,48.801971553453015,46.81449236053392,1484,Neutral,0.03662978577837328
METROBRAND.NS,0,0.48159570610556046,2025-09-01,272,1.079685746352413,20.0,,-2.0745651215941683,-1.1293389162041505,27.847536689643714,48.38711143084321,1485,Neutral,0.03680858778887908
SPANDANA.NS,0,0.4814091521885649,2025-09-01,272,1.4137779727950857,,,9.931345124290702,0.23126069537367272,50.117195659048456,22.08709612977185,1486,Neutral,0.037181695622870214
SGLTL.NS,0,0.48109845543238455,2025-09-01,272,0.172859450726979,8.0,,,,,,1487,Neutral,0.037803089135230894
NTPC.NS,0,0.4810883458854722,2025-09-01,272,1.4855205857296898,12.0,,-3.069021717980263,1.084257059826094,19.35215423299065,43.38795371997852,1488,Neutral,0.03782330822905555
INDIANB.NS,0,0.4810472268630741,2025-09-01,272,11.238942754681897,,,-2.212828094873362,-15.504384984651596,23.12667083369848,47.142232140327906,1489,Neutral,0.03790554627385179
VISHWARAJ.NS,0,0.4810032198655036,2025-09-01,272,1.556,0.0,,-3.23679831217514,1.0676146619453566,35.85385230723437,44.28570309463889,1490,Neutral,0.03799356026899281
IITL.NS,0,0.48098671070108573,2025-09-01,272,0.009124824751087213,0.97,,-11.158693226084942,15.353726860360272,68.91702260531925,40.66543300632018,1491,Neutral,0.03802657859782854
ASHOKLEY.NS,0,0.4809306472867939,2025-09-01,272,1.0268019776216497,36.0,,-4.102655343776976,-26.044339205404594,35.62032802593129,42.47151635294443,1492,Neutral,0.03813870542641218
SAKUMA.NS,0,0.4808995142483106,2025-09-01,272,0.3220675944333996,3.0,,3.092780464424631,5.263159215615413,32.197517946145645,59.25926416499277,1493,Neutral,0.038200971503378756
RPPL.NS,0,0.4807239909670692,2025-09-01,272,0.9329608938547486,11.0,,5.489701329206575,-5.213006150343975,33.4708359888354,32.409959639220375,1494,Neutral,0.038552018065861615
INDOWIND.NS,0,0.48065350032203447,2025-09-01,272,0.13568376068376056,1.48,,-12.813622981432063,-5.258041786347991,38.84188846504649,28.855734375889625,1495,Neutral,0.03869299935593107
NUVAMA.NS,0,0.4805625084438338,2025-09-01,272,0.3812405446293495,31.0,,18.316424881330846,23.01829275655216,43.029909811183586,45.07970515068463,1496,Neutral,0.038874983112332395
KANORICHEM.NS,0,0.48055987073005746,2025-09-01,272,0.7014925373134329,4.0,,10.27848611520223,33.027515947667624,58.688884328197645,54.17077367694959,1497,Neutral,0.03888025853988508
MUTHOOTMF.NS,0,0.4805097713091644,2025-09-01,272,3.253515914137676,6.0,,-6.547588582029917,-0.4590464256743961,52.46007947676984,33.809134300946866,1498,Neutral,0.03898045738167122
DTIL.NS,0,0.48047186352690174,2025-09-01,272,0.35304347826086957,-3.0,,-4.5135427490416795,-4.170263859216279,41.39070571267339,28.886383521634684,1499,Neutral,0.03905627294619651
MANINFRA.NS,0,0.48041384782198354,2025-09-01,272,0.032116788321167884,13.0,,-3.663172012098407,7.144784029453163,42.85206814791181,16.33060125873149,1500,Neutral,0.039172304356032916
JUBLINGREA.NS,0,0.4803757719033633,2025-09-01,272,0.8318725099601594,13.0,,-8.046956640763964,6.178119968686135,39.75462121287974,26.314484000526676,1501,Neutral,0.03924845619327344
ITDC.NS,0,0.4802648401124412,2025-09-01,272,0.8539603960396039,27.0,,-8.116333787364423,2.142861731966635,26.356332138902328,25.642529842687438,1502,Neutral,0.03947031977511761
TEXRAIL.NS,0,0.4801311611377288,2025-09-01,272,0.6823654390934845,11.0,,-1.0429491432537983,-2.1836872242746033,62.77992726814067,43.43876020663223,1503,Neutral,0.0397376777245424
AROGRANITE.NS,0,0.4800236573613225,2025-09-01,272,1.2021857923497268,2.0,,-3.382192804342877,-10.41812403826766,58.59766885878012,34.741785719189465,1504,Neutral,0.03995268527735496
PDMJEPAPER.NS,0,0.47983283452426073,2025-09-01,272,0.3370253164556962,22.0,,-5.33753743076895,-3.293156648652034,31.784881736675135,36.96635900006246,1505,Neutral,0.040334330951478536
LCCINFOTEC.NS,0,0.47971047494795865,2025-09-01,272,10.191489361702155,-26.46,,-9.484537055507877,-7.578950179250617,60.57773261656097,38.888885209588764,1506,Neutral,0.04057905010408269
COMPUSOFT.NS,0,0.47961935703609704,2025-09-01,272,0.4663625997719498,3.86,,-2.5787940952257467,-8.540682675611238,29.024140266501725,34.21054612896182,1507,Neutral,0.040761285927805924
AUTOAXLES.NS,0,0.47948464461114154,2025-09-01,272,0.32007952286282304,9.0,,-8.86782645677001,-14.152489973358165,34.95532319667095,36.77817775439567,1508,Neutral,0.04103071077771692
DANGEE.NS,0,0.47924377272036284,2025-09-01,272,1.4465573770491804,2.64,,-8.4699501073307,4.361366505354094,85.1872619775593,39.42307758437094,1509,Neutral,0.041512454559274325
PFC.NS,0,0.47913072244656135,2025-09-01,272,5.115652396821328,,,-4.415697605370549,3.004478348755856,25.111366111553572,34.692319574294075,1510,Neutral,0.041738555106877295
DLF.NS,0,0.4791206455655195,2025-09-01,272,0.522885743872972,8.0,,0.6132837454748723,-3.4415185135143496,26.42594586043725,50.19540781413153,1511,Neutral,0.04175870886896105
KUANTUM.NS,0,0.47860499405694823,2025-09-01,272,0.7908713692946058,11.0,,-6.886776474056017,-16.82623578010452,29.586822517717238,39.91478340028321,1512,Neutral,0.04279001188610354
RAMRAT.NS,0,0.47860482101474516,2025-09-01,272,2.2217898832684826,21.0,,-0.9197839317156684,33.28112764291308,67.32180561648568,43.073048467488405,1513,Neutral,0.042790357970509674
HESTERBIO.NS,0,0.4784838673200575,2025-09-01,272,0.5603448275862069,11.0,,21.35781473787435,26.76340385942429,63.70978652923453,70.5795578111021,1514,Neutral,0.043032265359885025
ESAFSFB.NS,0,0.478390904133813,2025-09-01,272,14.51114922813036,,,8.371215999071758,6.436017498505094,46.363977716917944,37.729357647660976,1515,Neutral,0.043218191732373956
GOODLUCK.NS,0,0.478150387435748,2025-09-01,272,0.9792626728110599,16.0,,1.4845919516695454,6.907656731457188,48.21295501379326,39.987275070558105,1516,Neutral,0.04369922512850399
INDIAGLYCO.NS,0,0.4780536104252909,2025-09-01,272,1.9033889731917046,12.0,,-6.434436513248913,5.880418306659635,44.32196635817286,25.93903750440137,1517,Neutral,0.04389277914941825
JAIBALAJI.NS,0,0.4779533721568181,2025-09-01,272,0.7757766771724448,36.0,,-11.191551547754122,16.350485303694974,55.71583961106247,32.28571629253963,1518,Neutral,0.0440932556863638
GUJRAFFIA.NS,0,0.47789877602058317,2025-09-01,272,0.3677419354838708,3.97,,8.960041023380334,4.523813156854539,53.872571724116455,61.19874576261669,1519,Neutral,0.04420244795883366
SHYAMCENT.NS,0,0.4778497117919983,2025-09-01,272,0.04995871180842279,-5.67,,-13.620688549545271,-7.904408526023607,39.41933113702441,19.841296572488858,1520,Neutral,0.04430057641600338
RANASUG.NS,0,0.4778052081323311,2025-09-01,272,1.0071556350626119,8.0,,-7.0751295720631715,16.240873419487134,41.5515863788128,39.2435043077657,1521,Neutral,0.044389583735337745
ALIVUS.NS,0,0.47757646610749455,2025-09-01,272,0.20623342175066314,25.0,,1.6712397223830844,19.454507601142843,29.139313008850564,33.04472508038208,1522,Neutral,0.04484706778501091
ASALCBR.NS,0,0.4775720490235675,2025-09-01,272,0.3219761499148211,20.0,,-5.605529772878249,1.6406329328518705,42.417849729382624,39.68468258079325,1523,Neutral,0.04485590195286504
SONATSOFTW.NS,0,0.4774258370239109,2025-09-01,272,0.45012468827930174,31.0,,3.9485579627568996,-1.8693273762959242,46.66309422747542,24.25856243940001,1524,Neutral,0.045148325952178214
SPCENET.NS,0,0.4774065343058433,2025-09-01,272,0.22058720482096575,3.4,,-12.322269392442763,-29.389308982848057,38.71320922935601,33.69565189222753,1525,Neutral,0.04518693138831342
JINDALSAW.NS,0,0.47709112650780483,2025-09-01,272,0.5800685602350637,21.0,,8.5145724761231,39.07780006616663,46.13758877980916,53.89368056703106,1526,Neutral,0.04581774698439034
21STCENMGM.NS,0,0.47704361179125987,2025-09-01,272,0.4722222222222222,7.0,,-3.1649066495298297,-4.281003340791395,26.701590423771123,51.49544518346258,1527,Neutral,0.04591277641748026
INDOTECH.NS,0,0.4769959509671806,2025-09-01,272,0.5692307692307692,38.0,,-2.2108211300171936,61.35401782548939,72.29273588476505,35.57805386102274,1528,Neutral,0.04600809806563877
ATLANTAA.NS,0,0.4769667416989735,2025-09-01,272,0.03470031545741325,13.0,,-2.3343590710416082,4.306217889441598,64.74578186095289,46.89623297343471,1529,Neutral,0.046066516602052965
HINDCOPPER.NS,0,0.47691024913389946,2025-09-01,272,0.2928380187416332,24.0,,0.7198348689977909,-4.392581322885123,37.24892341905869,39.40520628850857,1530,Neutral,0.04617950173220109
SPLPETRO.NS,0,0.47662838667669644,2025-09-01,272,0.4783783783783784,23.0,,-14.059772138039769,2.5575898518295266,29.672772742889876,21.40933994652788,1531,Neutral,0.04674322664660713
JBMA.NS,0,0.4764076014576606,2025-09-01,272,2.303204601479047,14.0,,-1.3806255447059377,11.671161223186209,33.03635912466428,28.606944131749287,1532,Neutral,0.04718479708467882
AKUMS.NS,0,0.4762675953997391,2025-09-01,272,0.14707121786767804,16.0,,-1.6316601665142503,9.647746066192681,29.391725215918736,34.535083706358904,1533,Neutral,0.04746480920052176
ZEEL.NS,0,0.47592356433210303,2025-09-01,272,0.17925772418990205,10.0,,3.755296218858718,5.7587456180160475,57.246935094353304,53.87223981736038,1534,Neutral,0.048152871335793934
VISASTEEL.NS,0,0.4759190423359271,2025-09-01,272,-1.3841684822076978,-5.0,,28.965346667832115,39.66701443183441,60.56884097341781,54.00696827061655,1535,Neutral,0.04816191532814584
TIPSFILMS.NS,0,0.47589302338332085,2025-09-01,272,5.416666666666667,-27.0,,-3.958828250627527,-4.337539501772451,37.639566796233424,41.64515277135819,1536,Neutral,0.04821395323335831
CAPLIPOINT.NS,0,0.47581435227686675,2025-09-01,272,0.07650569723277266,29.0,,16.87449815654232,19.64423079073443,39.07784861710027,67.57208552576205,1537,Neutral,0.048371295446266505
NARMADA.NS,0,0.4754319816545088,2025-09-01,272,0.22099447513812148,13.05,,11.906202943510479,14.031868617335835,31.378557751017595,51.48809979967178,1538,Neutral,0.04913603669098243
BANKA.NS,0,0.47540966765055814,2025-09-01,272,1.1944706251963555,0.87,,19.031656258109305,45.6828671495945,39.53439273935429,63.805520916956354,1539,Neutral,0.049180664698883714
GODREJPROP.NS,0,0.47524035246234264,2025-09-01,272,1.9210871923713813,6.0,,-5.348230416410319,-3.6618025790014506,34.31805032653988,35.40405142311997,1540,Neutral,0.04951929507531472
LLOYDSENT.NS,0,0.4751828866994715,2025-09-01,272,0.18019573978123202,1.0,,4.34404880691555,35.32393907717136,36.995809108042735,51.13146073327699,1541,Neutral,0.049634226601056985
RAJMET.NS,0,0.4748443711681493,2025-09-01,272,1.0727272727272728,8.0,,-2.756889594809717,-2.26700034057223,17.046469486197047,30.434802890047578,1542,Neutral,0.05031125766370137
GRINFRA.NS,0,0.4747684673702589,2025-09-01,272,0.18924496236950716,13.0,,-4.001280357614432,-8.75253425892178,29.565595636970986,19.38902755377478,1543,Neutral,0.05046306525948219
BIRLACABLE.NS,0,0.47475858955994304,2025-09-01,272,0.5940959409594095,5.0,,23.659209668473345,39.263139911057614,71.1375630613455,60.74946744540686,1544,Neutral,0.05048282088011391
RKDL.NS,0,0.4747021694506497,2025-09-01,272,2.1117464855849417,0.33,,-3.89493031396358,8.154935808777516,31.81512971790903,41.525425920537934,1545,Neutral,0.05059566109870062
FCL.NS,0,0.47467647584355455,2025-09-01,272,0.08955223880597014,25.0,,73.6430763619384,64.29745861860629,92.43734376573262,74.14356566457462,1546,Neutral,0.05064704831289091
RANEENGINE.NS,0,0.47441240613092506,2024-12-01,546,2.1048387096774195,13.0,,,,,,1547,Neutral,0.051175187738149885
PRAKASH.NS,0,0.4743944584095857,2025-09-01,272,0.3318751822688831,11.0,,2.391489417352159,6.6753111531676135,40.86373783050313,45.29657080068389,1548,Neutral,0.051211083180828565
SHARDAMOTR.NS,0,0.4743123801927888,2025-09-01,272,0.6471095772217429,35.0,,-2.8008285473449495,-13.316543253747026,29.32500472399685,31.437385035396616,1549,Neutral,0.05137523961442236
GRAPHITE.NS,0,0.47421688681887075,2025-09-01,272,0.2578975548813136,10.0,,2.9203825664045433,6.450665400580416,33.893871383867,48.819397244267,1550,Neutral,0.051566226362258494
PATELENG.NS,0,0.47398542371819236,2025-09-01,272,1.4124236252545825,16.0,,-3.3474238325705397,-3.1426532459006147,34.288722723327794,45.19867837222397,1551,Neutral,0.05202915256361529
DAVANGERE.NS,0,0.4739320711080226,2025-09-01,272,0.536779324055666,7.0,,9.83606247687063,-6.293705905066944,36.14556836131807,61.64383047135834,1552,Neutral,0.0521358577839548
IGARASHI.NS,0,0.4738795275873923,2025-09-01,272,0.728448275862069,8.0,,-2.271840169658444,2.365972032843792,49.56805604114122,20.367675631877887,1553,Neutral,0.05224094482521535
SURAJLTD.NS,0,0.4738697767464429,2025-09-01,272,0.5303030303030303,12.0,,-4.923941737148339,-1.5921074047423247,32.86748294689429,32.204245387467424,1554,Neutral,0.052260446507114255
SURANASOL.NS,0,0.4738568626934077,2025-09-01,272,0.2639789658194565,0.27,,-2.980837982580181,19.128537009626502,54.77194782250411,46.581876138267816,1555,Neutral,0.05228627461318458
VTL.NS,0,0.47362881691044184,2025-09-01,272,0.2830553295362083,11.0,,-5.19096108187885,7.657162972868785,31.87871584996604,48.6051135205397,1556,Neutral,0.05274236617911632
PANSARI.NS,0,0.47348960339553425,2025-09-01,272,1.0070921985815602,7.0,,3.382805447024036,1.3022175487896759,70.95997910279154,41.27367942238729,1557,Neutral,0.053020793208931494
SAKHTISUG.NS,0,0.473400897786992,2025-09-01,272,7.5,12.0,,-5.206078980573903,6.390743868274767,35.739367567756425,36.170197223954844,1558,Neutral,0.05319820442601597
KAJARIACER.NS,0,0.4731165256459756,2025-09-01,272,0.25396825396825395,17.0,,-12.665394759271068,7.788162184846426,32.641626690794034,36.07431264152451,1559,Neutral,0.05376694870804877
FIVESTAR.NS,0,0.4730105729699267,2025-09-01,272,1.2678518953864237,,,-10.639365783273181,2.2510595280980774,35.065889362636135,26.66666666666667,1560,Neutral,0.053978854060146575
HARIOMPIPE.NS,0,0.4728323740429224,2025-09-01,272,0.8892561983471075,14.0,,19.24939687603074,6.113658215278055,75.3884058166109,63.87721886740794,1561,Neutral,0.054335251914155225
PONNIERODE.NS,0,0.4724432489320995,2025-09-01,272,0.09497206703910614,5.0,,-0.5586532230194212,14.729860134034361,24.38758706440734,28.80294734983569,1562,Neutral,0.05511350213580102
PRITIKAUTO.NS,0,0.472393774399078,2025-09-01,272,0.4755784061696658,7.0,,0.0,0.07320811854716443,43.2363519312367,39.06882364433421,1563,Neutral,0.05521245120184404
MKPL.NS,0,0.47232958213172144,2025-09-01,272,0.08108108108108109,13.0,,-4.905664519340065,-3.816790419867876,27.56296658638081,41.463416525230876,1564,Neutral,0.055340835736557126
AXISCADES.NS,0,0.4723098588392079,2025-09-01,272,0.7424242424242424,10.0,,-7.204378948064476,26.39360366783795,38.772381029434385,30.429892664326246,1565,Neutral,0.05538028232158421
SCILAL.NS,0,0.47212370504266726,2025-09-01,272,0.18397328881469116,2.0,,1.5412075489253878,0.48628956198861745,49.26759936041583,18.30508463617646,1566,Neutral,0.055752589914665474
CYBERMEDIA.NS,0,0.4720622198944525,2025-09-01,272,-1.6666666666666667,,,6.823811518941615,11.168493013550549,94.78265505235983,41.7284042481547,1567,Neutral,0.055875560211094966
SPIC.NS,0,0.47205585044138954,2025-09-01,272,0.8261253309796999,16.0,,-1.5229144069047211,-0.2450953971300013,39.171375735411004,51.738159107536255,1568,Neutral,0.05588829911722093
NAGREEKEXP.NS,0,0.47200791522191754,2025-09-01,272,1.4166666666666667,6.0,,3.1430596903645545,9.976888458894578,55.84669610121035,53.48027154287333,1569,Neutral,0.05598416955616492
DBREALTY.NS,0,0.4719762130659271,2025-09-01,272,0.3458005249343832,-3.0,,15.511111851298775,2.710565097101091,80.16020623433607,26.768646910209654,1570,Neutral,0.05604757386814585
FAZE3Q.NS,0,0.47176112412713994,2025-09-01,272,0.7311320754716981,12.0,,18.781281347762512,6.011462304491292,36.779051285225165,76.32628696055451,1571,Neutral,0.05647775174572012
NTPCGREEN.NS,0,0.4716535528318856,2025-09-01,272,0.6193627581790041,6.0,,-5.762405024107429,15.15016116353102,35.245544969625726,38.12601427274334,1572,Neutral,0.056692894336228816
SUPERSPIN.NS,0,0.47150738473717924,2025-09-01,272,0.7857142857142857,4.0,,-4.3636322021484375,-23.768113678529797,33.188890117859906,33.636370729812654,1573,Neutral,0.05698523052564153
DPWIRES.NS,0,0.4714982078933461,2025-09-01,272,0.07874015748031496,12.0,,-0.734109502214495,14.189733636634264,46.62628020934768,51.96959883419759,1574,Neutral,0.057003584213307756
OAL.NS,0,0.47140547156814017,2025-09-01,272,0.6516690856313497,9.0,,6.840259973259576,18.208039981492494,41.8823705981959,56.1628703769579,1575,Neutral,0.05718905686371967
MODISONLTD.NS,0,0.4711291554739028,2025-09-01,272,0.5663716814159292,15.0,,71.72510314391093,104.80713324196654,93.60615057914698,90.27564837412787,1576,Neutral,0.057741689052194345
AUTOIND.NS,0,0.4707572046407794,2025-09-01,272,2.596590909090909,15.0,,25.187264245405515,5.98493675938731,82.1210516468565,53.46224564270055,1577,Neutral,0.05848559071844117
INNOVACAP.NS,0,0.4707472889934848,2025-09-01,272,0.7016509433962265,12.0,,18.061924035251764,27.020167948328975,42.93406553817896,41.15801942223781,1578,Neutral,0.05850542201303044
INDGN.NS,0,0.4707113788371835,2025-09-01,272,0.14322120285423037,17.0,,5.267933180518569,7.936666932348115,27.25243510189142,43.80950933056223,1579,Neutral,0.058577242325632994
AVANTEL.NS,0,0.4706994159623328,2025-09-01,272,0.1893491124260355,37.0,,19.25507485003065,22.762819668661784,41.0923723071583,60.20314052032039,1580,Neutral,0.05860116807533444
KROSS.NS,0,0.47068818560244996,2025-09-01,272,0.32450331125827814,22.0,,2.327200498715043,-5.064421150180694,55.26414476436805,23.91271726840553,1581,Neutral,0.05862362879510008
BAYERCROP.NS,0,0.4706512947599805,2025-09-01,272,0.661651728553137,25.0,,-3.723390891775527,-5.836291501357277,21.236857939031655,43.995701213322036,1582,Neutral,0.05869741048003896
MOKSH.NS,0,0.4705686838826848,2025-09-01,272,0.36,13.0,,-11.127823117939897,-7.8721764215731085,56.132428755510766,18.84058822330205,1583,Neutral,0.058862632234630397
JCHAC.NS,0,0.47040812705995316,2025-09-01,272,1.528301886792453,14.0,,,,,,1584,Neutral,0.059183745880093674
IL&FSTRANS.NS,0,0.47035462539680295,2018-06-01,2921,-1.2014804845222073,13.0,,-7.407409951120268,-10.358565396459229,44.99820978103205,30.120484696398336,1585,Neutral,0.0592907492063941
TI.NS,0,0.47027558813557135,2025-09-01,272,0.16650099403578528,28.0,,-1.8853695076333068,2.383362811358207,27.959999664797554,46.638061358792875,1586,Neutral,0.05944882372885729
KALYANI.NS,0,0.47026142281556416,2025-09-01,272,6.380952380952381,15.0,,0.0,0.0,0.0,100.0,1587,Neutral,0.05947715436887169
ISFT.NS,0,0.47023194412164193,2025-09-01,272,0.13716529810781872,2.53,,13.6041695256929,5.171347532457726,37.07947179539774,62.656654748627155,1588,Neutral,0.05953611175671614
MUNJALSHOW.NS,0,0.4701892096042125,2025-09-01,272,0.26686656671664166,0.0,,7.426358008569525,7.226861607015832,33.447838642121525,48.12307504507212,1589,Neutral,0.05962158079157498
DEEPINDS.NS,0,0.47014473455766276,2025-09-01,272,0.3360938578329883,12.0,,-1.314292907737493,29.918252804623634,35.71602293481748,57.561891944804714,1590,Neutral,0.059710530884674484
BALAXI.NS,0,0.47001518111807156,2025-09-01,272,0.446272180336608,5.06,,-1.243413035685385,30.398002920615674,35.21737100118993,30.52208476437616,1591,Neutral,0.05996963776385689
HDFCAMC.NS,0,0.469901925179651,2025-09-01,272,0.08923037190082644,43.0,,-1.4119312633372365,-0.26478159820246067,25.59933257266886,42.411000209423236,1592,Neutral,0.06019614964069797
MIRCELECTR.NS,0,0.46978683798402543,2025-09-01,272,2.082802547770701,5.0,,24.859418418428135,44.387404579529814,80.58097382484527,48.776063489274755,1593,Neutral,0.06042632403194914
QUADFUTURE.NS,0,0.46965768959659854,2025-09-01,272,0.2222222222222222,-7.0,,-6.9453292052149935,-1.1981059531629827,34.09948388387975,32.09876543209876,1594,Neutral,0.060684620806802925
IMPEXFERRO.NS,0,0.4696483089936947,2025-06-01,364,-1.5262523397100345,,,9.883718270750075,7.386363405457212,42.99544556727833,67.74194788859077,1595,Neutral,0.06070338201261061
TIRUPATIFL.NS,0,0.46956109423576453,2025-09-01,272,0.40336134453781514,12.0,,-0.5299219995919984,18.834079183294545,44.894837274296044,53.763986657485006,1596,Neutral,0.06087781152847094
WAAREERTL.NS,0,0.4692542799440906,2025-09-01,272,1.1424242424242423,82.0,,-6.44510394385258,11.377930245854774,34.53761813070151,35.58150027908279,1597,Neutral,0.06149144011181884
SALONA.NS,0,0.4692279041287545,2025-09-01,272,3.176470588235294,7.0,,4.163543079292244,12.71207350576834,39.13086255144629,33.59607499081467,1598,Neutral,0.06154419174249104
SUTLEJTEX.NS,0,0.46916119793443867,2025-09-01,272,1.309048178613396,-3.0,,-7.532471495789367,13.592847162706331,33.974694277156516,36.36362867428139,1599,Neutral,0.061677604131122665
UMANGDAIRY.NS,0,0.46911909736329166,2025-03-01,456,2.108695652173913,7.0,,,,,,1600,Neutral,0.06176180527341668
TNPETRO.NS,0,0.46875618245833167,2025-09-01,272,0.6858108108108109,7.0,,1.365184217760102,-3.3936948594691723,20.90230083816601,52.857146317184046,1601,Neutral,0.06248763508333666
BOROSCI.NS,0,0.4687095581074594,2025-09-01,272,0.1697674418604651,12.0,,31.934915156701866,36.16229191253696,64.23855150994898,77.54450252570791,1602,Neutral,0.0625808837850812
IDEA.NS,0,0.4686109604574634,2025-09-01,272,-3.2891812865497077,-2.0,,36.88844819556332,28.230980447141267,40.43043642463303,80.26753260671259,1603,Neutral,0.06277807908507316
SNOWMAN.NS,0,0.46842422662705885,2025-09-01,272,0.9556650246305419,4.0,,-10.002424258998076,-7.354776160681779,28.34677004249398,17.329560540429824,1604,Neutral,0.0631515467458823
GRSE.NS,0,0.4683940061099021,2025-09-01,272,3.78397212543554,37.0,,-9.417223809258433,9.870462905286514,48.23160410878282,28.41661758010541,1605,Neutral,0.06321198778019577
JYOTHYLAB.NS,0,0.4682027421889483,2025-09-01,272,0.4756606397774687,37.0,,-22.930560178821207,-18.787466940400392,41.00318033185626,8.044296648810317,1606,Neutral,0.06359451562210339
COCHINSHIP.NS,0,0.4681660723015951,2025-09-01,272,1.3783128356140655,20.0,,-15.345563416033492,-1.510168442936206,39.8170794085638,19.480520645916812,1607,Neutral,0.06366785539680975
QUICKHEAL.NS,0,0.4679746461033478,2025-09-01,272,0.2214765100671141,0.0,,12.283458881168876,1.4562302045618076,71.13050875667287,28.114934337301392,1608,Neutral,0.06405070779330435
RKFORGE.NS,0,0.46796103614486695,2025-09-01,272,1.0228907782864618,7.0,,-5.179319831932585,4.294895259463939,37.04984719173729,25.63768779561353,1609,Neutral,0.0640779277102661
NRAIL.NS,0,0.4679223832062375,2025-09-01,272,1.376590330788804,6.0,,-8.197057461753527,-0.9046791688175543,28.734116279357718,16.050130391604526,1610,Neutral,0.06415523358752495
WINSOME.NS,0,0.46791749227233387,2025-03-01,456,-9.3,-8.0,,32.41758331730231,40.11628172924993,18.940187970536883,87.75511395678006,1611,Neutral,0.06416501545533226
MOTISONS.NS,0,0.46778900253684624,2025-09-01,272,0.2398190045248869,15.0,,-17.334298908351965,-29.851667692249656,32.349382641999156,20.307693571734376,1612,Neutral,0.06442199492630751
CHENNPETRO.NS,0,0.46766603908329807,2025-09-01,272,0.9039046060322656,4.0,,-6.217044882518343,16.36297496432776,43.937340444471474,51.63932737695848,1613,Neutral,0.06466792183340386
WINDLAS.NS,0,0.46761471672832006,2025-09-01,272,0.5214953271028038,17.0,,-2.6240444775114464,6.7529407384940825,32.160137761823364,52.5344471854878,1614,Neutral,0.06477056654335989
TANLA.NS,0,0.46743722449138775,2025-09-01,272,1.2964426877470356,41.0,,2.6272120102210486,18.979725639706725,71.1674130901763,39.39262549805934,1615,Neutral,0.0651255510172245
IRFC.NS,0,0.4672963102042901,2025-09-01,272,7.968857885183471,6.0,,-6.4293225286483,-9.95471819984272,21.960948087295783,33.06991445340853,1616,Neutral,0.06540737959141985
AVADHSUGAR.NS,0,0.4672935296896993,2025-09-01,272,0.7122641509433962,9.0,,-3.89861333313056,38.02252115400602,31.775048703177088,9.909320869087068,1617,Neutral,0.06541294062060143
MASKINVEST.NS,0,0.46728575500232916,2025-09-01,272,0.010190518387239717,0.04,,-4.449193498277453,2.7364885484850086,86.63519271541502,48.58664604420736,1618,Neutral,0.06542848999534168
ARVINDFASN.NS,0,0.467142316532475,2025-09-01,272,0.22317596566523606,3.0,,4.22455946343113,1.5518420647107023,41.99970933108502,50.6172928955455,1619,Neutral,0.06571536693504998
TMB.NS,0,0.46703135964379094,2025-09-01,272,6.311447633167425,,,-6.367881439388251,0.0,46.56625591129979,54.52690774728453,1620,Neutral,0.06593728071241811
UNITEDPOLY.NS,0,0.4669988199842153,2025-09-01,272,1.2131147540983607,15.0,,8.959073880529905,48.159517201743995,55.326572138902264,52.612487241660055,1621,Neutral,0.06600236003156945
THEINVEST.NS,0,0.4665032950008448,2025-09-01,272,0.1049586776859504,0.94,,-8.360876163917155,5.501849641766024,80.18174202577481,23.07898617925703,1622,Neutral,0.06699340999831038
KSL.NS,0,0.46641547447757753,2025-09-01,272,0.4319796954314721,16.0,,1.8364484947820523,11.859469666358786,39.24894400557383,40.83438685208597,1623,Neutral,0.06716905104484494
VALIANTORG.NS,0,0.4657633996988573,2025-09-01,272,0.5718518518518518,3.0,,7.900090608753882,20.665858109866626,58.64053707714656,49.7757938903417,1624,Neutral,0.06847320060228534
ORIENTLTD.NS,0,0.46570702593642405,2025-09-01,272,1.5,2.0,,-8.890525761117559,-1.1952191235059761,40.9387661477343,33.33331721715503,1625,Neutral,0.06858594812715191
DEEPAKNTR.NS,0,0.4655735212480095,2025-09-01,272,0.14375987361769352,10.0,,-2.4418523393128506,4.045529221931247,37.49201822362671,24.84764030566957,1626,Neutral,0.06885295750398102
TECHNOE.NS,0,0.46554616629077217,2025-09-01,272,0.5185469429521616,17.0,,-16.827874797850892,-6.977552173312378,60.7771544362557,35.39546861466398,1627,Neutral,0.06890766741845566
PANACHE.NS,0,0.46545579679298604,2025-09-01,272,0.8055555555555556,13.0,,2.2449846474100155,-0.5859947470063176,51.909275396851214,53.284072578725585,1628,Neutral,0.06908840641402791
PREMEXPLN.NS,0,0.4654490081317591,2025-09-01,272,0.8152173913043478,17.0,,23.809948506135143,46.675872068338634,77.71586778417317,69.37535437264422,1629,Neutral,0.0691019837364818
GENUSPOWER.NS,0,0.46537367141703906,2025-09-01,272,1.8970117395944504,19.0,,0.400576846306214,21.410580357913673,38.259230401521144,41.16541173672132,1630,Neutral,0.06925265716592188
ALKALI.NS,0,0.46513765108223004,2025-09-01,272,0.9902264600715135,-4.87,,25.104479495850835,23.784401765911717,67.87415574155736,75.40767691183335,1631,Neutral,0.06972469783553992
CENTENKA.NS,0,0.46499316596674845,2025-09-01,272,0.21736111111111112,6.0,,15.462085308056873,10.512589418270165,65.401437480897,63.50752099737911,1632,Neutral,0.07001366806650311
KARURVYSYA.NS,0,0.46474838086436177,2025-09-01,272,9.167161613004064,,,-1.6183986371379897,-14.075283294492777,35.00312631498198,43.64641602580531,1633,Neutral,0.07050323827127647
JAIPURKURT.NS,0,0.4645999061507222,2025-09-01,272,0.6932812500000001,11.18,,-0.7720815063411977,-9.949549346123689,49.22925737216777,47.49755357612141,1634,Neutral,0.07080018769855556
AHLADA.NS,0,0.46457154045668914,2025-09-01,272,0.572463768115942,6.0,,-12.51111348470052,-15.077656571268516,33.69904389880774,19.301655451980352,1635,Neutral,0.07085691908662173
SPENCERS.NS,0,0.46456384078968316,2025-09-01,272,-4.659217877094972,-7.0,,10.682487811929317,9.288010752237488,63.132494418055686,39.96372115335827,1636,Neutral,0.07087231842063368
LAOPALA.NS,0,0.4644219875022102,2025-09-01,272,0.09725685785536159,15.0,,0.23475387644534615,-14.560006502196854,25.605354897206894,44.06204997459332,1637,Neutral,0.0711560249955796
EPACK.NS,0,0.46437959650903216,2025-09-01,272,1.048603929679421,10.0,,-20.16481061765856,-8.092113199353422,70.60614606924277,28.35294326729391,1638,Neutral,0.07124080698193569
GOKUL.NS,0,0.46437745901368355,2025-09-01,272,0.046948356807511735,2.0,,0.8100098251391161,3.816982480068063,42.476236054681046,54.299462409495504,1639,Neutral,0.0712450819726329
VHLTD.NS,0,0.4641939705993581,2025-09-01,272,0.2682926829268293,10.0,,0.545463645193569,0.5887786603535214,18.459057645627595,55.34107467587302,1640,Neutral,0.07161205880128385
RAJSREESUG.NS,0,0.46412196050688886,2025-09-01,272,1.6790123456790123,4.0,,6.740562995814918,30.560644458764507,53.48796504264624,47.63014646710899,1641,Neutral,0.07175607898622227
MAGADSUGAR.NS,0,0.46409373060348486,2025-09-01,272,0.5198511166253101,13.0,,-7.933379228498071,9.135515444746641,31.961728399075618,24.902722019242873,1642,Neutral,0.07181253879303029
BBOX.NS,0,0.46353841148151226,2025-09-01,272,0.3978494623655914,4.0,,62.15604502860236,99.97107405629991,45.458047435483245,97.99577870476058,1643,Neutral,0.07292317703697548
NAHARPOLY.NS,0,0.46297710877149867,2025-09-01,272,0.3058823529411765,10.0,,2.328885392263273,7.546537753233346,41.06531413389945,44.33119243692481,1644,Neutral,0.07404578245700266
DODLA.NS,0,0.4629148257465354,2025-09-01,272,0.1927797833935018,27.0,,-5.733095121391763,-7.0261497945863685,32.31693764584605,40.685469104397676,1645,Neutral,0.07417034850692916
BAJAJHLDNG.NS,0,0.462843481508819,2025-09-01,272,0.06175009888805872,7.0,,0.9155546897827993,-8.55251544571933,19.724974793087355,48.1838819523269,1646,Neutral,0.07431303698236202
INTELLECT.NS,0,0.46276608869491886,2025-09-01,272,0.38058943089430897,14.0,,-3.8237071085425964,2.8479161529322097,39.78527071045052,32.55813270526322,1647,Neutral,0.07446782261016227
PHOENIXLTD.NS,0,0.4626111994488465,2025-09-01,272,0.2043687523139578,6.0,,0.5278351001161535,2.1924764061011492,24.046731775390548,40.41568364643652,1648,Neutral,0.07477760110230702
PTL.NS,0,0.4625810159905258,2025-09-01,272,0.25251396648044694,7.0,,-2.820067573549782,2.258394837977553,20.160030793051927,35.59867633633304,1649,Neutral,0.07483796801894838
ACMESOLAR.NS,0,0.46250316633475275,2025-09-01,272,1.1507145950627977,8.0,,2.393924336762904,33.89464504802895,29.41140975031211,68.88677372690059,1650,Neutral,0.0749936673304945
DALBHARAT.NS,0,0.46226694529686024,2025-09-01,272,0.023276748971193417,3.0,,-8.89097838831311,-15.545896078653382,33.53743753785822,38.924791567825224,1651,Neutral,0.07546610940627951
GICRE.NS,0,0.462152879063287,2025-09-01,272,2.1739992009588494,16.0,,-3.0884580795599637,-1.2561528171059677,22.198037172511572,41.846928640631766,1652,Neutral,0.075694241873426
JWL.NS,0,0.46204134295254784,2025-09-01,272,0.4162491052254832,21.0,,2.474179234430771,2.358744057371545,39.054135092753825,50.30599773489958,1653,Neutral,0.07591731409490432
AKG.NS,0,0.46198190430481284,2025-09-01,272,0.0,2.96,,0.26086724322775134,-19.59553967724044,31.504904264800366,50.370343683176536,1654,Neutral,0.07603619139037432
ROSSARI.NS,0,0.4617816358429768,2025-09-01,272,0.41858407079646015,15.0,,11.102778498059422,1.9451740134508793,51.02807293759719,42.32529179342743,1655,Neutral,0.07643672831404635
CREST.NS,0,0.46153813738217764,2025-09-01,272,0.22887323943661972,10.0,,-5.348392548427967,2.1592262735911687,23.139260803298704,15.322562120786202,1656,Neutral,0.07692372523564472
UGARSUGAR.NS,0,0.4615368443152916,2025-09-01,272,3.584795321637427,3.0,,-2.495295161755109,15.311804789441869,38.06291555735519,33.529397575086435,1657,Neutral,0.07692631136941686
AJMERA.NS,0,0.4615171951008176,2025-09-01,272,0.5794556628621598,13.0,,-3.862001219149787,-11.121905046296085,58.869196081323985,41.49896644722232,1658,Neutral,0.07696560979836475
GATECHDVR.NS,0,0.4614530992798436,2025-09-01,272,0.0988237562668722,,,4.255321442460307,2.083337601895229,71.97139877739424,48.00000095367478,1659,Neutral,0.07709380144031275
HISARMETAL.NS,0,0.46145095832306043,2025-09-01,272,1.3125,9.0,,-7.082152702385712,-12.997340752292056,32.97357487783149,39.553215917434855,1660,Neutral,0.07709808335387913
GRWRHITECH.NS,0,0.4613775489679152,2025-09-01,272,0.13107390771743568,21.0,,52.9857439945924,54.38325999195768,65.97795540784924,71.15507296353478,1661,Neutral,0.07724490206416956
PROTEAN.NS,0,0.46137214011070826,2025-09-01,272,0.2847424684159378,12.0,,17.05820573574974,4.436022825915404,73.00616558126522,62.8714893131174,1662,Neutral,0.07725571977858348
STEELCITY.NS,0,0.46100032860312573,2025-09-01,272,0.7586206896551724,21.0,,-5.624844047136813,-8.935133101078275,16.1262843040748,30.16829601318271,1663,Neutral,0.07799934279374854
ASHOKAMET.NS,0,0.460630578613598,2025-09-01,272,0.446196896464004,0.05,,-5.003013357878614,-1.4999985694885254,42.516504212102475,25.738393738099177,1664,Neutral,0.07873884277280396
SUMIT.NS,0,0.46059297597290855,2025-09-01,272,0.618421052631579,14.0,,-21.806169544669523,-8.662094700678761,65.92301368114508,25.4080833699732,1665,Neutral,0.0788140480541829
KAMOPAINTS.NS,0,0.46042163751883053,2025-09-01,272,0.00012913223140502474,-0.34,,-6.630822412508926,15.265488056020349,34.565054510686515,42.6829310842118,1666,Neutral,0.07915672496233894
GAYAPROJ.NS,0,0.46034148967856675,2023-03-01,1187,-3.657037037037037,-16.0,,9.666078781656736,47.40157161024156,52.8800273441463,46.57097070349218,1667,Neutral,0.0793170206428665
KECL.NS,0,0.4601066513105168,2025-09-01,272,2.962025316455696,13.0,,-7.533388638950809,28.322244387637767,50.690833918781856,41.60750842867311,1668,Neutral,0.07978669737896638
MSPL.NS,0,0.4600883474718443,2025-09-01,272,0.6472527472527473,6.0,,20.473779818594252,34.72091597007237,36.36871985063002,53.117789624194884,1669,Neutral,0.07982330505631141
KERNEX.NS,0,0.45985558493893763,2025-09-01,272,1.5376344086021505,22.0,,25.289143181918973,53.16776485317818,67.77320462223048,65.63188910097892,1670,Neutral,0.08028883012212473
TOLINS.NS,0,0.45976223975308433,2025-09-01,272,0.07641196013289037,14.0,,-2.6387183279478514,-9.041789244749824,58.84945138551936,50.02130021173435,1671,Neutral,0.08047552049383133
GIPCL.NS,0,0.4596701333450812,2025-09-01,272,1.4264705882352942,6.0,,4.089996088180188,18.94713916386979,30.669274722667883,59.127524613768145,1672,Neutral,0.08065973330983756
AKSHAR.NS,0,0.4596191531717884,2025-09-01,272,0.12941176470588237,-6.0,,-2.127657550770317,0.0,32.987492302384396,25.00000931322421,1673,Neutral,0.08076169365642316
NILKAMAL.NS,0,0.4595699007771362,2025-09-01,272,0.7341411261582323,9.0,,-2.9291316000918166,-8.7524125191075,27.1169445692895,47.10662497122856,1674,Neutral,0.08086019844572756
PPL.NS,0,0.45938369613662733,2025-09-01,272,0.22489082969432314,27.0,,-3.752380886242763,0.4897180372066148,38.39528625174148,44.62063238256194,1675,Neutral,0.08123260772674534
GANDHITUBE.NS,0,0.45933611347337994,2025-09-01,272,0.08710801393728224,28.0,,-1.9913769585673622,-6.647153646176507,49.40468754663302,43.213539186413975,1676,Neutral,0.08132777305324013
RELIABLE.NS,0,0.4593028985217591,2025-09-01,272,1.1555555555555554,18.0,,4.7938365705975094,-8.057507727089396,47.25718972445292,58.714922060710606,1677,Neutral,0.08139420295648181
JAYNECOIND.NS,0,0.4591900096916804,2025-09-01,272,1.1888111888111887,13.0,,-7.627046220605672,31.949457915565933,47.89253478147014,37.78442342325056,1678,Neutral,0.08161998061663922
VSSL.NS,0,0.45857025180109057,2025-09-01,272,0.2905629139072848,17.0,,-8.554671351529421,6.513109196389642,38.37141285701807,43.5114726105183,1679,Neutral,0.08285949639781887
NELCAST.NS,0,0.4583720165891925,2025-09-01,272,1.0407079646017698,10.0,,-2.9612710918244822,19.601838298508724,55.3893321819638,23.602149192412114,1680,Neutral,0.08325596682161496
RHIM.NS,0,0.45833969067723845,2025-09-01,272,0.20792801556420235,8.0,,-0.744535051485796,-11.31951884328994,24.996056451727565,48.00621035360264,1681,Neutral,0.08332061864552309
BANSWRAS.NS,0,0.458286015996936,2025-09-01,272,1.25,7.0,,0.7727464204129255,6.779359767660154,31.39258728701787,45.16393196579529,1682,Neutral,0.08342796800612795
CONFIPET.NS,0,0.45815134067346003,2025-09-01,272,0.711755233494364,10.0,,24.007309699661526,114.86998946059892,58.4084972099712,69.88260361044415,1683,Neutral,0.08369731865307994
NDL.NS,0,0.45810810432949556,2025-09-01,272,0.9280125195618153,9.0,,-6.09319278201842,-5.415165935028613,41.88186949693356,28.205164257828983,1684,Neutral,0.08378379134100888
RPEL.NS,0,0.4579416857297709,2025-09-01,272,0.08421052631578947,16.0,,37.49821085867479,40.59289947173404,48.34760988425874,78.1260332783594,1685,Neutral,0.0841166285404582
KSB.NS,0,0.45763779953215794,2025-09-01,272,0.6580732700135685,24.0,,-18.883974452227857,11.740064681463606,30.846114313356317,5.123361634954264,1686,Neutral,0.08472440093568412
RTNPOWER.NS,0,0.4575833958570715,2025-09-01,272,1.1436394271272114,8.0,,-2.5691722512057336,17.942584468911186,42.26686097329922,52.04677808129334,1687,Neutral,0.08483320828585705
GODREJCP.NS,0,0.45747089519788353,2025-09-01,272,0.6111938446264582,19.0,,-5.103773857768417,-15.412842140806887,29.753201469221242,47.516601654174245,1688,Neutral,0.08505820960423294
JSWINFRA.NS,0,0.45744085633311976,2025-09-01,272,0.8285108024691358,9.0,,1.2206694141237877,7.32942993877924,28.55133460726509,38.42457822142092,1689,Neutral,0.08511828733376048
VPRPL.NS,0,0.4572167983472832,2025-09-01,272,1.5651074589127687,11.0,,-11.762104242022682,-10.755816730756763,64.16710329107444,31.326174283753218,1690,Neutral,0.08556640330543364
LTTS.NS,0,0.4568322756833013,2025-09-01,272,0.5644352188202733,28.0,,-4.279729493459291,10.242774504830797,36.00709281203546,30.542528245576634,1691,Neutral,0.08633544863339737
PLASTIBLEN.NS,0,0.45678263201808805,2025-09-01,272,0.20919540229885059,10.0,,2.87047184351027,16.57631276671342,58.5599875459207,49.639681654650666,1692,Neutral,0.0864347359638239
NITCO.NS,0,0.45675090996214296,2025-09-01,272,1.65625,-45.0,,11.11738345994542,25.9121722002486,44.832311643225594,35.70314867830878,1693,Neutral,0.08649818007571408
IMFA.NS,0,0.4566226409324909,2025-09-01,272,0.36257545271629776,21.0,,-12.558200022747487,17.120172820237336,50.158548894101585,37.29108502571882,1694,Neutral,0.08675471813501823
RVTH.NS,0,0.4564233414938259,2025-09-01,272,0.7874015748031497,26.0,,29.70183167456504,29.457939336113544,71.06797683568097,65.53901887651146,1695,Neutral,0.08715331701234819
LOKESHMACH.NS,0,0.4563776745610934,2025-09-01,272,1.0309734513274336,5.0,,-5.712459942164537,38.795395298850195,48.624162050035046,36.13174827539634,1696,Neutral,0.08724465087781319
ORTINGLOBE.NS,0,0.4563410998817486,2025-09-01,272,1.9461538461538446,-25.11,,-1.2101884247869554,-22.060298863325624,49.246031114623214,54.333337148030594,1697,Neutral,0.08731780023650282
MITCON.NS,0,0.4563373070814884,2025-09-01,272,0.2450879671246949,7.37,,6.204094312758988,44.27244261091688,50.971910398885065,49.612894556405074,1698,Neutral,0.0873253858370232
RPSGVENT.NS,0,0.4563125181785624,2025-09-01,272,0.22288313505948215,7.0,,7.287168667944583,32.856111671298805,57.55125885033803,20.530735703136813,1699,Neutral,0.08737496364287523
SUMICHEM.NS,0,0.4560243295467339,2025-09-01,272,0.3778960551033187,25.0,,14.928963063170478,21.617360624612843,46.974329203435374,55.555557910307954,1700,Neutral,0.08795134090653223
DMART.NS,0,0.455217363376509,2025-09-01,272,0.1569862668514552,18.0,,-11.587690827533404,5.330838037277602,19.482368914771094,12.226435959937305,1701,Neutral,0.08956527324698205
ZYDUSWELL.NS,0,0.45490097923677997,2025-09-01,272,0.05839780384327427,1.0,,-0.2949562552365357,27.080197441846803,27.391972613891152,47.68946291294645,1702,Neutral,0.09019804152644006
SYMPHONY.NS,0,0.4546611297447514,2025-09-01,272,0.36222509702457956,43.0,,-19.08054930931941,-17.790501364029087,37.15169927851975,21.997167133877127,1703,Neutral,0.09067774051049715
LATTEYS.NS,0,0.45460321704116025,2025-09-01,272,1.4428969359331476,12.91,,10.448476286814287,5.275124417853165,71.28557591306294,54.95495534196681,1704,Neutral,0.09079356591767951
DYNPRO.NS,0,0.45450639246794605,2025-09-01,272,0.7801724137931034,10.0,,13.365944859771043,14.42996432262813,48.11503673229937,61.158173457214566,1705,Neutral,0.0909872150641079
JUBLPHARMA.NS,0,0.4543567671929209,2025-09-01,272,0.058823529411764705,3.0,,5.575891252832295,14.033581332888076,19.86338859324313,44.27580241567708,1706,Neutral,0.09128646561415821
NORTHARC.NS,0,0.45427378911146016,2025-09-01,272,2.900655021834061,10.0,,7.427612580790726,10.909812080706317,43.87089760477801,29.938061703061635,1707,Neutral,0.09145242177707968
WINDMACHIN.NS,0,0.45424487461480306,2025-09-01,272,0.360056258790436,2.0,,-0.6130468987906595,18.329901941043815,47.14283056760095,33.24912603183758,1708,Neutral,0.09151025077039388
TRIDENT.NS,0,0.4542057055771097,2025-09-01,272,0.5601128472222222,9.0,,-5.511934513260537,-5.146696980267185,22.7678725750023,31.60720769480119,1709,Neutral,0.09158858884578058
AUSOMENT.NS,0,0.4541449773143687,2025-09-01,272,0.025974025974025976,16.0,,-7.84432916270093,31.466644842438672,57.38733790621264,36.72624803551194,1710,Neutral,0.0917100453712626
INTERARCH.NS,0,0.45405127874657286,2025-09-01,272,0.5605493133583022,25.0,,-16.431608700823322,-9.794614720074222,58.82577160608856,27.249206679169916,1711,Neutral,0.09189744250685428
SHAKTIPUMP.NS,0,0.4539367597758725,2025-09-01,272,0.8621142481943532,58.0,,-6.470009550443782,-5.739179361675558,45.34690098809723,36.542550946532515,1712,Neutral,0.092126480448255
GREENPLY.NS,0,0.4536885288737059,2025-09-01,272,0.540162980209546,17.0,,-7.200299068834346,10.729272876402309,48.563278262959436,32.96813590645337,1713,Neutral,0.09262294225258816
CCL.NS,0,0.45365871571295535,2025-09-01,272,1.0822134387351778,10.0,,-7.162358250941338,-0.7487592344596186,33.604926404909385,36.96902552545609,1714,Neutral,0.0926825685740893
URJA.NS,0,0.4535229387640348,2025-09-01,272,0.6422483766233765,1.43,,-5.23604872661963,14.88033669368744,63.90046397872597,47.05881986284549,1715,Neutral,0.09295412247193036
HLEGLAS.NS,0,0.4532713585421395,2025-09-01,272,1.402116402116402,8.0,,-1.4789671771704622,0.2822624680120562,44.45051634890947,36.765886884581406,1716,Neutral,0.09345728291572097
PKTEA.NS,0,0.4532235910860037,2025-09-01,272,0.28299725022914757,1.2,,1.8575867391853969,4.235096407213183,55.096984172983646,38.01438318136793,1717,Neutral,0.09355281782799263
AARTIPHARM.NS,0,0.4529781160264853,2025-09-01,272,0.6258539148712559,17.0,,-10.696654660474609,-7.81045603540732,49.90285596803284,21.204262331750243,1718,Neutral,0.0940437679470294
BOMDYEING.NS,0,0.45269595990694905,2025-09-01,272,0.2568493150684932,3.0,,12.276671840205141,10.507529734679458,53.886977027277695,48.101667675042805,1719,Neutral,0.0946080801861019
SULA.NS,0,0.4526786094236949,2025-09-01,272,0.8087431693989071,9.0,,-9.454261663549305,-9.252826939776213,26.19350175422201,17.4881750998572,1720,Neutral,0.09464278115261016
LOTUSEYE.NS,0,0.4522436303230485,2025-09-01,272,0.17964368195315078,2.99,,-9.652990472557734,-7.607865099893386,46.214499007379295,37.07865310184283,1721,Neutral,0.09551273935390303
HMAAGRO.NS,0,0.4521711501150935,2025-09-01,272,1.0157958687727826,10.0,,-4.713113264382679,-16.004336186179273,33.81900246371764,36.01694470059863,1722,Neutral,0.09565769976981298
GRAVITA.NS,0,0.45215773488394495,2025-09-01,272,0.29359953024075164,21.0,,-2.153603462400989,1.3191783201165261,32.927742068598086,29.239277140899574,1723,Neutral,0.0956845302321101
BHARATFORG.NS,0,0.4519481332610517,2025-09-01,272,0.5316455696202531,15.0,,4.0178558974733924,5.322063162303522,27.867915390980937,45.092220151084085,1724,Neutral,0.09610373347789658
AGIIL.NS,0,0.4519392492485967,2025-09-01,272,2.7537091988130564,22.0,,-8.160940073068662,31.34869187119001,63.945001037949986,46.83887901948748,1725,Neutral,0.09612150150280663
LIKHITHA.NS,0,0.4518338736956017,2025-09-01,272,0.13032581453634084,28.0,,-15.11528189412495,22.70414550984377,47.63392494893864,28.965728519444596,1726,Neutral,0.09633225260879663
KALAMANDIR.NS,0,0.4517739675115887,2025-09-01,272,0.5181128896377422,12.0,,8.268381853949675,-2.340688180074352,51.67388617361765,42.14373146317465,1727,Neutral,0.09645206497682257
SCI.NS,0,0.4514223191900143,2025-09-01,272,0.5492904684164259,10.0,,-4.000270216065608,12.466331149430106,42.63608299341429,27.522083741582136,1728,Neutral,0.0971553616199714
MUFTI.NS,0,0.45113869691051744,2025-09-01,272,0.8677884615384616,19.0,,8.997065692323549,-4.07133774530693,46.16938807708231,54.18577477462895,1729,Neutral,0.09772260617896511
IPL.NS,0,0.4507906454024821,2025-09-01,272,0.3146417445482866,13.0,,9.974557109014228,6.682247495984152,46.78469637209519,37.18523337050486,1730,Neutral,0.09841870919503581
MOTOGENFIN.NS,0,0.4507889327022778,2025-09-01,272,1.242941478439425,1.74,,9.123652291027975,26.074902985789944,43.99783477427063,70.60809591724518,1731,Neutral,0.09842213459544435
GSFC.NS,0,0.4507716994409105,2025-09-01,272,2.107713520966826,6.0,,-4.272550504944219,-4.775522795495071,26.108819848424424,36.88829059965507,1732,Neutral,0.098456601118179
ALPSINDUS.NS,0,0.45073082863725134,2025-09-01,272,-1.009698275862069,,,0.0,0.0,0.0,100.0,1733,Neutral,0.09853834272549733
SIGNPOST.NS,0,0.4506364082657005,2025-09-01,272,1.6454183266932272,15.0,,12.282762576441273,22.08224582033814,50.16933756976778,50.16555622174765,1734,Neutral,0.09872718346859899
MCL.NS,0,0.4506225960092858,2025-09-01,272,1.148936170212766,8.0,,6.576272996805482,0.9147804241078821,26.606901343304436,55.718088816495325,1735,Neutral,0.09875480798142844
JMA.NS,0,0.4505013742906347,2025-09-01,272,0.2557077625570776,13.0,,-2.749867928486751,-3.049657840603363,43.92648896433952,45.86614091927448,1736,Neutral,0.09899725141873061
NFL.NS,0,0.4498699419943114,2025-09-01,272,4.051398337112623,6.0,,-2.45155124160042,-1.834149060358544,22.71537472921686,47.816599099686876,1737,Sell,0.10026011601137719
TBZ.NS,0,0.4497506083318674,2025-09-01,272,1.9105113636363635,12.0,,14.036666938644357,8.008095662906841,69.59360339764908,58.79290484663132,1738,Sell,0.10049878333626516
BPCL.NS,0,0.44858215323141076,2025-09-01,272,1.1016242868518942,20.0,,-0.7821620928729752,-20.38990615957095,33.115379622190154,52.38717774407782,1739,Sell,0.10283569353717847
PARADEEP.NS,0,0.44845521818635625,2025-09-01,272,1.8139173656415035,14.0,,-3.913339992927576,7.1999992208277925,32.92015813820273,52.0300781639895,1740,Sell,0.1030895636272875
ARVEE.NS,0,0.4484430712751727,2025-09-01,272,0.29071246819338414,10.0,,1.2004602215893496,-1.278603962526302,42.51441990280762,47.4072738753655,1741,Sell,0.10311385744965462
PFOCUS.NS,0,0.448310258955398,2025-09-01,272,0.10057836084073918,-2.0,,-25.739738160528873,-12.282018312153504,46.52109208744085,21.129176260514072,1742,Sell,0.103379482089204
ANMOL.NS,0,0.4482249837801142,2025-09-01,272,2.7130434782608694,10.0,,-7.285827574764174,-4.847988076328424,35.996892185466336,40.217396374688434,1743,Sell,0.10355003243977157
AUROPHARMA.NS,0,0.4481412866393126,2025-09-01,272,0.30810130124527774,11.0,,2.1191276167817312,23.9701073075093,27.370146355423685,35.96126842802833,1744,Sell,0.10371742672137485
RACE.NS,0,0.4480754727500956,2025-09-01,272,1.2285714285714286,9.0,,-9.33668457471791,-6.203754277538383,25.81195010080135,23.669188767381,1745,Sell,0.10384905449980875
TEAMLEASE.NS,0,0.4478445305551668,2025-09-01,272,1.2339955849889626,12.0,,12.636556586099529,6.203393777951769,26.263175518437766,55.93440543200406,1746,Sell,0.10431093888966636
IRISDOREME.NS,0,0.4478443113070652,2025-09-01,272,0.36363636363636365,18.0,,1.1877776066054675,8.753790637828947,36.46922780765613,40.87160159669016,1747,Sell,0.1043113773858696
VCL.NS,0,0.44740676848561656,2025-09-01,272,1.638568129330254,1.77,,-6.08108325802206,-33.17307515962583,47.48763120683683,36.11110835163693,1748,Sell,0.10518646302876689
COUNCODOS.NS,0,0.447390516790242,2025-09-01,272,0.6175314465408805,4.26,,-6.831122102795777,-4.101563336735144,30.96846009801461,29.16663355294355,1749,Sell,0.105218966419516
AXITA.NS,0,0.44729422820567954,2025-09-01,272,0.48484848484848486,2.0,,-0.12165728171503587,-13.029656746937961,31.345853613458868,51.14502844280208,1750,Sell,0.10541154358864091
TTL.NS,0,0.4472834422125503,2025-09-01,272,0.7380952380952381,1.0,,-8.198761597656782,-24.821974325108062,39.2560989659177,30.057813027569722,1751,Sell,0.10543311557489943
CERA.NS,0,0.4468742045056627,2025-09-01,272,0.32408759124087594,22.0,,5.938009681774976,11.41255380919011,37.97525208769271,26.969815758526067,1752,Sell,0.10625159098867465
SEJALLTD.NS,0,0.4467244470735654,2025-09-01,272,5.488433575677463,10.81,,-11.563900526186298,26.31791497945785,51.87571305397951,42.51604010098725,1753,Sell,0.1065511058528692
SERVOTECH.NS,0,0.44645779974331756,2025-09-01,272,0.9132231404958677,21.0,,2.7177939774156097,30.903483598644875,55.35310399861899,51.34273054367894,1754,Sell,0.10708440051336487
IDEAFORGE.NS,0,0.44642814666118497,2025-09-01,272,0.20408163265306123,-8.0,,38.706497548925554,106.65199623698626,93.7801108775028,56.011585182107076,1755,Sell,0.10714370667763007
ARENTERP.NS,0,0.44621318573366525,2025-09-01,272,0.0136443661971832,0.87,,-1.5915806156962462,-0.3718431465332639,47.43788947665088,53.23058603631401,1756,Sell,0.1075736285326695
GATEWAY.NS,0,0.446192170917277,2025-09-01,272,0.27849308536003814,12.0,,-2.963089779241992,-7.3154556486185145,22.302981933922375,29.288702427999567,1757,Sell,0.10761565816544605
KHAITANLTD.NS,0,0.4460760766730332,2025-09-01,272,1.422328439740526,21.03,,-0.5993329047816818,44.266473791163385,87.52965953957307,55.913449200629714,1758,Sell,0.10784784665393365
BANARBEADS.NS,0,0.44602883039682956,2025-09-01,272,0.31008849557522117,7.76,,-3.487011207400575,-14.122353643446099,40.82667390729814,35.14394744523828,1759,Sell,0.10794233920634089
SHREEPUSHK.NS,0,0.4459072281308058,2025-09-01,272,0.47391304347826085,9.0,,-4.513343654907046,14.674002264581699,55.635814113296945,34.1883334912598,1760,Sell,0.1081855437383884
PIDILITIND.NS,0,0.4453876420117751,2025-09-01,272,0.3911892407074023,31.0,,6.753063270563355,0.12154279730756247,24.375033755531696,52.009462575355755,1761,Sell,0.10922471597644978
HATSUN.NS,0,0.4451496933399283,2025-09-01,272,1.3894566971490048,13.0,,-6.2700799737764195,0.731750445036048,29.901115762035495,27.973891247731473,1762,Sell,0.10970061332014336
APEX.NS,0,0.445095768352377,2025-09-01,272,0.23968565815324164,2.0,,-8.676092771870898,-1.2737378776020336,49.85761556634759,27.266653347433817,1763,Sell,0.10980846329524596
HEG.NS,0,0.4448634473618359,2025-09-01,272,0.2928125722209383,5.0,,-4.898920024334191,0.3718416265493581,40.28247622362062,39.6281986090067,1764,Sell,0.11027310527632816
MODIRUBBER.NS,0,0.44476246372451544,2025-09-01,272,0.1518324607329843,1.0,,0.7078865042042396,8.213298062869717,48.56462216856035,39.589505573545964,1765,Sell,0.11047507255096911
PROZONER.NS,0,0.44468420002227904,2025-09-01,272,0.11928077779079307,0.82,,-14.782609550306766,2.3597628394628583,56.71440949812217,51.582640140298494,1766,Sell,0.11063159995544192
BALAMINES.NS,0,0.44455776423041815,2025-09-01,272,0.10532544378698225,13.0,,33.138375366959195,64.08834817914882,77.3180792463402,69.23732064259848,1767,Sell,0.1108844715391637
MEDICO.NS,0,0.44451930551946445,2025-09-01,272,1.044776119402985,21.0,,17.413793006250277,0.020978433833851607,30.885853977670298,78.78510781787685,1768,Sell,0.1109613889610711
CALSOFT.NS,0,0.4444476524440613,2025-09-01,272,0.11760513186029925,3.88,,67.8093614616223,43.562234277539154,105.3531584830539,34.645062409746785,1769,Sell,0.11110469511187737
JOCIL.NS,0,0.4443107759465636,2025-09-01,272,0.38095238095238093,1.0,,13.987640616115499,9.992537872176186,43.41213311578898,59.335197756860374,1770,Sell,0.11137844810687281
BSHSL.NS,0,0.4442276644707775,2025-09-01,272,0.3697478991596639,21.0,,-3.163850443508201,3.9496519585588787,27.689670516885705,44.555291518185285,1771,Sell,0.11154467105844501
GOLDTECH.NS,0,0.4442130483137011,2025-09-01,272,0.059233449477351915,3.0,,12.98343049539142,11.527024066162776,45.823219186238966,55.54195480340282,1772,Sell,0.11157390337259776
SHREECEM.NS,0,0.4441543694580435,2025-09-01,272,0.3323148485954031,7.0,,2.9321930360415394,-4.80225988700565,18.473927846530795,47.142857142857146,1773,Sell,0.11169126108391303
BHAGCHEM.NS,0,0.444037722332399,2025-09-01,272,0.3089887640449438,7.0,,-7.803131900567747,20.58135554032665,44.19524592603118,41.3023248419758,1774,Sell,0.11192455533520196
KRONOX.NS,0,0.44366405754418886,2025-09-01,272,0.1188118811881188,44.0,,2.691710052984322,16.39426532465373,31.77179191240615,46.339519375107926,1775,Sell,0.11267188491162228
ZODIACLOTH.NS,0,0.4436190693648367,2025-09-01,272,1.0251572327044025,-8.0,,-2.986593980169027,-6.2183846092008705,37.55477425309929,32.224183882162635,1776,Sell,0.11276186127032661
SSDL.NS,0,0.44361245574617325,2025-09-01,272,1.0052910052910053,29.0,,-1.5411768668530432,-5.354939903215013,29.24098559850192,37.78502266140231,1777,Sell,0.1127750885076535
SUPRAJIT.NS,0,0.4432248971433424,2025-09-01,272,0.4630969609261939,20.0,,9.754919364524614,10.404830886518127,36.595937923163724,54.75977859007153,1778,Sell,0.1135502057133152
JAYBARMARU.NS,0,0.4429131261172082,2025-09-01,272,2.046744574290484,8.0,,20.734990488129135,7.607336588717524,77.74320019380941,66.61013506199188,1779,Sell,0.11417374776558364
FEDERALBNK.NS,0,0.4425800155598809,2025-09-01,272,9.157462345960749,,,0.6969855078998993,-2.266186987238357,17.034965947263572,45.165755637310276,1780,Sell,0.11483996888023817
TITAN.NS,0,0.44253572952584186,2025-09-01,272,1.8993382682817408,17.0,,-8.218836848420327,-4.629397896574935,29.481996364072522,25.73505529939075,1781,Sell,0.11492854094831628
TITAGARH.NS,0,0.44253334542706757,2025-09-01,272,0.48363496341933,17.0,,7.515616627424865,12.56983198408412,50.160226129347876,52.3041061920934,1782,Sell,0.11493330914586486
WIPL.NS,0,0.4424602094818095,2025-09-01,272,0.6226415094339622,8.0,,-4.711318171984789,2.707438300198802,32.50628341593777,40.9448768441735,1783,Sell,0.11507958103638105
LAMBODHARA.NS,0,0.4424562139930743,2025-09-01,272,0.5901639344262295,9.0,,-5.986570586378457,-9.99821217985675,42.35522382594707,31.680968649420237,1784,Sell,0.11508757201385145
IVC.NS,0,0.44215287760470223,2025-09-01,272,0.02727272727272727,-2.0,,-4.895961953881384,3.462047192019715,26.901952656859596,44.44444444444444,1785,Sell,0.11569424479059554
MTARTECH.NS,0,0.44198504571973496,2025-09-01,272,0.571619812583668,11.0,,22.028462945154622,109.60576990706979,78.36402714960019,67.54872854008002,1786,Sell,0.11602990856053008
ORICONENT.NS,0,0.4419829199528974,2025-09-01,272,0.08940092165898618,-1.0,,0.1854469916239363,0.16996385704080405,20.179111538950913,51.57293678869831,1787,Sell,0.1160341600942052
BOSCHLTD.NS,0,0.44168728209919955,2025-09-01,272,0.4497539405177947,21.0,,-1.862272240085745,4.00397557858867,27.23119835336409,40.674846625766875,1788,Sell,0.1166254358016009
TRIVENI.NS,0,0.441504111429337,2025-09-01,272,0.38780804150453957,9.0,,-8.594317655023039,-1.3881581881670124,27.759911995873487,35.0634480200015,1789,Sell,0.11699177714132603
XPROINDIA.NS,0,0.4411227960140825,2025-09-01,272,0.33620689655172414,9.0,,8.291171201479099,29.704532081712482,44.52815418059626,44.77343621092,1790,Sell,0.117754407971835
HARSHA.NS,0,0.4408182958774113,2025-09-01,272,0.15730337078651685,13.0,,0.8762970745448989,7.584992675863798,42.592185660186225,27.64477821850869,1791,Sell,0.11836340824517744
RIIL.NS,0,0.44078214502958424,2025-09-01,272,0.15492957746478872,3.0,,-5.874611988869254,4.310103656398854,24.754227432000654,27.604166666666657,1792,Sell,0.11843570994083152
EUROTEXIND.NS,0,0.44067708757149654,2025-09-01,272,-2.1220400728597455,-18.07,,0.32154463100685254,26.21359882515963,55.48846242117534,37.79263718013205,1793,Sell,0.11864582485700692
MEGASTAR.NS,0,0.44067197306928185,2025-09-01,272,2.6597938144329896,9.0,,-5.513539667514873,28.79203841114486,48.48598227791836,34.59608667740251,1794,Sell,0.1186560538614363
LINC.NS,0,0.440587544672977,2025-09-01,272,0.4090909090909091,22.0,,-2.80657411170266,-8.539614369800207,47.401238093456314,36.903770418591705,1795,Sell,0.11882491065404599
ALLDIGI.NS,0,0.4405789991032965,2025-09-01,272,0.510989010989011,34.0,,-2.157419267484768,-4.027203954451223,21.382460189757413,42.22320953230866,1796,Sell,0.11884200179340698
RATNAVEER.NS,0,0.4404927972907833,2025-09-01,272,1.2085308056872037,14.0,,-2.702220775462963,3.0244132972925772,56.45446212911346,40.48796036751538,1797,Sell,0.11901440541843344
MANAKALUCO.NS,0,0.4403794976755815,2025-09-01,272,2.869565217391304,11.0,,-7.254150809446573,26.736481175400783,72.26851178085629,48.7027036723995,1798,Sell,0.11924100464883702
PLATIND.NS,0,0.4402097546085824,2025-09-01,272,0.20698254364089774,19.0,,-6.442377657108694,-1.9591414842452655,43.57269794533927,17.092662353202755,1799,Sell,0.11958049078283517
GODREJAGRO.NS,0,0.43983092338446617,2025-09-01,272,1.1728713601179506,24.0,,-3.3707824915998614,-9.736032859069068,23.487275152707063,46.833573938207394,1800,Sell,0.12033815323106767
NIBE.NS,0,0.4397956977642226,2025-09-01,272,0.670995670995671,17.0,,34.341972796182304,40.68838326460729,60.97964487122026,84.18641799861021,1801,Sell,0.12040860447155477
EKC.NS,0,0.4397479248616518,2025-09-01,272,0.2931258106355383,12.0,,-2.950631976450179,0.9083876394003919,34.814824728173626,36.16283103966693,1802,Sell,0.12050415027669636
MGL.NS,0,0.4397251747770872,2025-09-01,272,0.3920811202317721,23.0,,-3.3539276257722856,-3.396559329510366,30.521828572994103,36.656374948091845,1803,Sell,0.12054965044582555
SVPGLOB.NS,0,0.4397036678427023,2025-09-01,272,-3.724106491611962,-5.85,,12.994351500110856,29.03226203402433,68.89428928038832,42.62295103325145,1804,Sell,0.12059266431459537
LTF.NS,0,0.43927224298815754,2025-09-01,272,3.8644295302013423,9.0,,3.5107974599191296,-2.655648144760209,26.826439943448637,44.48137247371376,1805,Sell,0.12145551402368493
OCCLLTD.NS,0,0.43926294538467503,2025-09-01,272,0.38686131386861317,15.0,,14.045730712856205,25.566378360676378,72.91912550042886,62.39637403433408,1806,Sell,0.12147410923064994
ABSLAMC.NS,0,0.43918655943938767,2025-09-01,272,0.10938383267382702,36.0,,3.896106372938223,15.771722336357143,36.63418216680533,48.634585758403844,1807,Sell,0.12162688112122466
ECOSMOBLTY.NS,0,0.4391389087852821,2025-09-01,272,0.5739130434782609,34.0,,-0.00724764849767865,-9.799173288424361,67.59606914926167,39.800554946407395,1808,Sell,0.12172218242943578
AYMSYNTEX.NS,0,0.4390392041098724,2025-09-01,272,0.8730434782608696,8.0,,-5.3678634807495715,16.66579952555407,65.79424455170172,45.84610654642023,1809,Sell,0.12192159178025519
NECCLTD.NS,0,0.4388248143366727,2025-09-01,272,0.6322869955156951,7.0,,-3.324967044688258,6.34920697602572,29.402216374961643,27.091643154100836,1810,Sell,0.1223503713266546
SARVESHWAR.NS,0,0.43868129065234734,2025-09-01,272,0.7885117493472585,8.0,,-5.92593176919764,-3.5443064104839954,23.947427977990547,39.06249359715835,1811,Sell,0.12263741869530531
ORIENTELEC.NS,0,0.43848571238823775,2025-09-01,272,1.0521861777150916,18.0,,1.2301953370975232,5.865169910902387,33.8119119514025,50.15528906891954,1812,Sell,0.1230285752235245
ONGC.NS,0,0.43844205993937596,2025-09-01,272,0.3875651183063141,15.0,,-11.400432411329902,-4.0144687535318715,31.84373451937374,37.83149807158259,1813,Sell,0.12311588012124808
CHEMCON.NS,0,0.4383614005956784,2025-09-01,272,0.0682261208576998,7.0,,19.032568391518147,13.492257350993524,51.64879666156409,58.94807291506759,1814,Sell,0.12327719880864318
POLYMED.NS,0,0.4383173671968605,2025-09-01,272,0.1754932502596054,18.0,,-10.740032209254725,4.863645153706074,53.12852864454519,27.613367511823128,1815,Sell,0.12336526560627903
GESHIP.NS,0,0.43814912413464285,2025-09-01,272,0.17012874180554458,15.0,,-9.396161171165266,7.968665051729361,56.12543574409015,39.4614484726721,1816,Sell,0.1237017517307143
CLEAN.NS,0,0.4379527539560373,2025-09-01,272,0.10089974293059126,29.0,,-3.0100334448160537,9.464005677346151,42.76421543818806,31.657715935892,1817,Sell,0.12409449208792545
DIAMINESQ.NS,0,0.43786459233169683,2025-09-01,272,0.14557993730407523,4.22,,-7.838789835038791,3.4642995580752936,56.95584067115534,35.25887060126301,1818,Sell,0.12427081533660633
UNIMECH.NS,0,0.43772905301153986,2025-09-01,272,0.053703703703703705,8.0,,-15.428266350967471,3.488182648996484,50.82815184623247,29.423300438045118,1819,Sell,0.12454189397692028
ENTERO.NS,0,0.43769122822266215,2025-09-01,272,0.0933572710951526,5.0,,0.025098187212463405,10.804309018883572,43.189227908807005,46.76259762813611,1820,Sell,0.12461754355467569
SPLIL.NS,0,0.4376126608060203,2025-09-01,272,0.06391300200324337,4.55,,0.030983332480237633,9.64673299497332,60.72158537742399,45.398140857427336,1821,Sell,0.12477467838795941
IRIS.NS,0,0.4374475647866622,2025-09-01,272,0.2894736842105263,28.0,,10.163755801784374,-2.818211259790487,37.69830435302558,59.5365715724992,1822,Sell,0.12510487042667562
IGPL.NS,0,0.4374032651647823,2025-09-01,272,0.6844961240310078,11.0,,0.5677771060268857,15.000679865440306,39.38080269672167,35.4430315480156,1823,Sell,0.12519346967043543
SRD.NS,0,0.43703524704897706,2025-09-01,272,0.1810344827586207,14.0,,-7.411581348871472,-22.320924980816564,36.68641492438162,39.08818478871055,1824,Sell,0.12592950590204588
QUESS.NS,0,0.4364047666880879,2025-09-01,272,1.924507658643326,13.0,,4.380327117604231,4.077834226907983,41.82424472966366,36.16412858377538,1825,Sell,0.12719046662382416
ZEELEARN.NS,0,0.4363762615731113,2025-09-01,272,5.7727272727272725,28.0,,33.01708262339338,18.813561280888035,69.99392939742538,68.46474588920674,1826,Sell,0.12724747685377735
INDIGOPNTS.NS,0,0.436226027850876,2025-09-01,272,0.30818767249310025,20.0,,13.051913795101255,4.2065410635200795,34.52923959386027,54.09635216400694,1827,Sell,0.127547944298248
MCX.NS,0,0.43599411268850985,2025-09-01,272,0.26641111643507426,32.0,,-0.5721016321723035,23.319974112412094,36.95358902656098,38.04548987674428,1828,Sell,0.1280117746229803
PRUDMOULI.NS,0,0.4358777095598055,2025-09-01,272,0.8374196360466385,4.97,,-9.679335508737672,-11.415259344425282,39.330222986132505,31.4671876159299,1829,Sell,0.12824458088038904
SCHAND.NS,0,0.43545354414994014,2025-09-01,272,0.1674698795180723,4.0,,1.1951715732985222,1.595683290484489,29.26804091064304,34.25647098163432,1830,Sell,0.12909291170011972
RAYMOND.NS,0,0.43535311836853247,2025-09-01,272,0.055865921787709494,1.0,,16.015465559490476,34.77989972850431,72.0877340412262,63.51200391497204,1831,Sell,0.12929376326293507
TFCILTD.NS,0,0.43532651746130163,2025-09-01,272,0.8458466453674122,,,-0.17764041114492107,-6.764512476811168,43.52746824199439,23.160061396402995,1832,Sell,0.12934696507739674
SUPREMEIND.NS,0,0.435306654171667,2025-09-01,272,0.3459405940594059,24.0,,-3.225807740109169,-9.937575190366612,19.65420836327851,40.689295155735785,1833,Sell,0.12938669165666605
ETHOSLTD.NS,0,0.4349973925494329,2025-09-01,272,0.35804195804195804,14.0,,-7.961352657004831,-3.27363204010169,42.59099570245785,46.935516885781944,1834,Sell,0.13000521490113415
VALIANTLAB.NS,0,0.43489845775761427,2025-09-01,272,0.10094637223974763,-1.0,,-2.7380058150894317,32.830194605180466,51.31030420016472,44.74512323236979,1835,Sell,0.13020308448477147
FILATFASH.NS,0,0.43486403272796786,2025-09-01,272,0.08297320656871218,1.0,,-14.814816654464272,4.545457008456409,49.020361931288214,0.0,1836,Sell,0.13027193454406427
SYNCOMF.NS,0,0.43475185324434423,2025-09-01,272,0.19946808510638298,19.0,,9.243089366225798,17.082687879795973,47.08718932204966,57.407410269084025,1837,Sell,0.13049629351131153
CAMS.NS,0,0.4344569882860492,2025-09-01,272,0.4033687943262411,55.0,,7.16220229659451,11.604623008515059,35.27760904984756,39.049762183701006,1838,Sell,0.13108602342790165
COALINDIA.NS,0,0.43421856486994176,2025-09-01,272,0.436140350877193,97.0,,-4.891477352464992,6.253621284620402,19.640471254109286,42.26681472652763,1839,Sell,0.13156287026011648
BHAGERIA.NS,0,0.43413903905488566,2025-09-01,272,0.3008695652173913,10.0,,-10.254094101935546,0.897063066428449,34.40461526598654,36.02551885510002,1840,Sell,0.1317219218902287
RELAXO.NS,0,0.4339492425800308,2025-09-01,272,0.36018957345971564,11.0,,13.529506730974825,-3.223094280673802,49.7506176462267,69.47073526766542,1841,Sell,0.13210151483993837
TATAINVEST.NS,0,0.4339443482561883,2025-09-01,272,0.125035765379113,1.0,,-4.079218288525017,3.5950182780225526,24.240788304610113,46.40493362359177,1842,Sell,0.13211130348762345
BVCL.NS,0,0.4335089127065436,2025-09-01,272,0.8245614035087719,12.0,,-4.618784867597548,-0.5759041715705138,51.72894224524205,36.26693416258051,1843,Sell,0.13298217458691275
KRIDHANINF.NS,0,0.43341855778285016,2025-09-01,272,-1.1254107729675669,,,16.165406558787343,-10.95101185325096,58.10872975928449,52.98507037792886,1844,Sell,0.1331628844342997
GRPLTD.NS,0,0.4331555360590275,2025-09-01,272,1.375,20.0,,-7.730811298581964,-0.3177938921421387,52.50555204796176,42.4999944590961,1845,Sell,0.13368892788194497
ULTRACEMCO.NS,0,0.4328136118164899,2025-09-01,272,0.7534203980099502,12.0,,-2.966280740302544,-11.51356350184957,19.754871370396717,37.11453744493393,1846,Sell,0.13437277636702016
MANORAMA.NS,0,0.4325722089358914,2025-09-01,272,0.8038528896672504,23.0,,-5.473822106423956,0.7985336034965368,51.53395020475161,34.0381839583152,1847,Sell,0.13485558212821724
INDOFARM.NS,0,0.4323877514442211,2025-09-01,272,0.30916030534351147,7.0,,-6.650086915596985,-9.695685974343853,45.287444133140006,24.06575197491992,1848,Sell,0.13522449711155782
BALMLAWRIE.NS,0,0.43212039934720664,2025-09-01,272,0.6845998655010087,22.0,,-0.6870458374503584,3.530969927732002,28.63168324665747,32.97643708769397,1849,Sell,0.13575920130558672
QPOWER.NS,0,0.4319460373989885,2025-09-01,272,0.10393258426966293,18.0,,-23.72436979210043,20.521983045212767,66.63156043021371,29.182001389455067,1850,Sell,0.13610792520202297
ARIHANTSUP.NS,0,0.43193944340950463,2025-09-01,272,2.260869565217391,5.0,,-7.926808693947033,-0.1914608507317032,43.63461626423178,45.46657365300519,1851,Sell,0.13612111318099074
FOCUS.NS,0,0.43146489939871,2025-09-01,272,0.44537815126050423,16.0,,4.203377807410306,28.992054685368014,35.735969045180475,41.21520949150395,1852,Sell,0.13707020120257996
PVSL.NS,0,0.4314345607021826,2025-09-01,272,2.251732101616628,1.0,,-5.813052129187548,8.558711821927465,45.613671520444946,29.77903967264963,1853,Sell,0.13713087859563478
RPGLIFE.NS,0,0.4313863611672179,2025-09-01,272,0.2743682310469314,33.0,,9.564144357147255,16.561876748892615,53.615879798363544,23.0072208373208,1854,Sell,0.1372272776655642
ALLCARGO.NS,0,0.4313134598716194,2025-09-01,272,0.216289592760181,5.0,,-5.991734560131528,4.718076189692306,29.9768030402234,33.6734773317348,1855,Sell,0.1373730802567612
OSIAHYPER.NS,0,0.4310135044072403,2025-09-01,272,1.0185185185185186,15.0,,-44.25727430396199,-65.1340972106578,75.24939948857873,19.999998297010123,1856,Sell,0.13797299118551942
VARDHACRLC.NS,0,0.4308648513051331,2025-09-01,272,0.47391304347826085,7.0,,16.565106952069435,15.763421175967848,58.955899322204374,53.65104106649684,1857,Sell,0.13827029738973384
DBSTOCKBRO.NS,0,0.4306561264132111,2025-09-01,272,0.8180274515353048,12.37,,22.072726162997157,33.37306155370937,44.30019189675006,73.12000217285222,1858,Sell,0.1386877471735778
CROMPTON.NS,0,0.4305268325900022,2025-09-01,272,0.533480907581627,20.0,,3.227349470435506,7.133331457212942,32.277458351841126,42.16449873306013,1859,Sell,0.13894633481999563
SUNDRMFAST.NS,0,0.4304423185220143,2025-09-01,272,0.3309950636528969,17.0,,3.1285502162335437,-6.798027009877247,28.492085780209646,55.21920845403036,1860,Sell,0.13911536295597138
BCLIND.NS,0,0.4303059961336946,2025-09-01,272,0.7360594795539034,10.0,,-5.88235552934204,15.213552691667498,39.537720814507146,25.783453335144685,1861,Sell,0.13938800773261084
SUNFLAG.NS,0,0.4301601793792609,2025-09-01,272,0.2726099706744868,4.0,,27.72974905519718,56.49861340662391,72.14596164217664,46.28854137334006,1862,Sell,0.13967964124147825
MANAKSTEEL.NS,0,0.4299970816082027,2025-09-01,272,0.79375,4.0,,-3.232257674514221,12.879554908698967,96.00236864684213,52.845871062954686,1863,Sell,0.14000583678359457
OSWALAGRO.NS,0,0.42993792576210305,2025-09-01,272,0.008310249307479225,22.0,,-9.466607924055216,-7.8341943612370475,33.74017750923295,36.99524884120565,1864,Sell,0.1401241484757939
RADIANTCMS.NS,0,0.4299277164431491,2025-09-01,272,0.575187969924812,26.0,,-5.270527238654768,6.11285325811829,34.466900022636416,26.009490533930872,1865,Sell,0.14014456711370182
STYRENIX.NS,0,0.4296565548222651,2025-09-01,272,0.4567627494456763,39.0,,1.110181730302616,19.323517159231855,30.42811663157065,49.542895541029225,1866,Sell,0.14068689035546977
KRITIKA.NS,0,0.4293351168494457,2025-09-01,272,0.7525773195876289,15.0,,-6.422019552656749,-6.1349708057911725,32.905176681054655,42.06348515542423,1867,Sell,0.1413297663011086
JKPAPER.NS,0,0.42916466854684227,2025-09-01,272,0.6619516195161952,9.0,,1.0124453593825704,8.781490277586302,40.43357635406245,39.89119358638125,1868,Sell,0.14167066290631547
NAGREEKCAP.NS,0,0.4287536939838348,2025-09-01,272,3.7777777777777777,29.0,,-13.800490167582872,3.414098065308486,91.56078904590045,37.91281680058838,1869,Sell,0.14249261203233043
PYRAMID.NS,0,0.42874077367053864,2025-09-01,272,0.8625954198473282,14.0,,-5.567449210590107,7.264004342917121,49.51299589362324,36.347107506838974,1870,Sell,0.1425184526589227
SURYAROSNI.NS,0,0.42818924581034373,2025-09-01,272,0.37455125648185084,21.0,,-5.8651840937674935,5.729935949950569,56.170326314907996,41.28595862794498,1871,Sell,0.14362150837931253
INDOBORAX.NS,0,0.4280924611895659,2025-09-01,272,0.06406685236768803,19.0,,22.447529254154098,40.742564459899015,71.58750746192317,82.97963508433784,1872,Sell,0.1438150776208682
HEXT.NS,0,0.428066861922377,2025-09-01,272,0.6581347455133862,32.0,,14.059019516147545,2.7493452455537497,37.50441582521082,61.67537881717138,1873,Sell,0.14386627615524605
IEX.NS,0,0.4279620843826112,2025-09-01,272,0.5291666666666667,54.0,,4.113408248038044,3.7487709872927892,32.131878609159095,48.73263861267998,1874,Sell,0.14407583123477763
RITCO.NS,0,0.427819654016788,2025-09-01,272,1.0888888888888888,16.0,,28.2489324505527,20.997172421481487,59.42647752989273,64.86359897724464,1875,Sell,0.14436069196642398
ALPHAGEO.NS,0,0.4273134392457057,2025-09-01,272,0.10300429184549356,-6.0,,0.40856814121653307,8.837708565690356,34.92678314453341,49.80502266563911,1876,Sell,0.1453731215085886
GULFOILLUB.NS,0,0.42713786132100695,2025-09-01,272,0.68863361547763,28.0,,-1.0424082301685242,-9.247338919437462,32.37027114790034,47.87088823930412,1877,Sell,0.1457242773579861
NATCOPHARM.NS,0,0.4271276466055284,2025-09-01,272,0.19622778382299602,32.0,,-7.287243950347936,7.519717485737792,48.11550163118009,24.61950418934093,1878,Sell,0.14574470678894325
KMEW.NS,0,0.42712613526031806,2025-09-01,272,1.0710900473933649,24.0,,8.415283280182546,22.371783535598926,73.66100996080208,36.23089362192105,1879,Sell,0.14574772947936387
ORIENTCER.NS,0,0.42710986391597483,2025-09-01,272,0.3531468531468531,6.0,,2.82457723589838,3.4654683831884747,30.75190951710746,50.29412457687686,1880,Sell,0.14578027216805034
CARERATING.NS,0,0.4269533713648731,2025-09-01,272,0.1453551912568306,24.0,,-3.1250043390353803,1.0490774635750015,39.20595129524735,51.740885746141196,1881,Sell,0.1460932572702538
MSTCLTD.NS,0,0.42672096573136065,2025-09-01,272,1.396694214876033,28.0,,1.6968731864445448,-2.759381898454746,26.903749370575465,51.36612047894263,1882,Sell,0.1465580685372787
ACEINTEG.NS,0,0.42627521557661513,2025-09-01,272,0.02616279069767438,-10.3,,-4.18743855907889,-0.05200327155427989,73.09923522998955,34.054036777835975,1883,Sell,0.14744956884676974
MMFL.NS,0,0.4261899424510692,2025-09-01,272,1.5909558067831449,12.0,,-9.395222949614084,-2.830799955090835,31.943057484512742,37.1299649989756,1884,Sell,0.14762011509786155
VOLTAMP.NS,0,0.42616705904432267,2025-09-01,272,0.15562310030395138,29.0,,-19.46917663020436,14.545893137136654,69.0040299973515,49.00523560209424,1885,Sell,0.14766588191135466
BHARATSE.NS,0,0.42606835956469746,2025-09-01,272,2.347826086956522,16.0,,2.267297527228184,-8.683570736863306,44.31323095955103,35.007516961348685,1886,Sell,0.14786328087060507
ASTERDM.NS,0,0.425681939507584,2025-09-01,272,0.38038331454340474,139.0,,3.8941570884144814,14.661482409737836,26.742490860572353,44.9825415795876,1887,Sell,0.14863612098483203
GOLDIAM.NS,0,0.42536871827365325,2025-09-01,272,0.1891891891891892,28.0,,8.432773078301015,15.590104281691698,43.9191330084628,46.53607343113732,1888,Sell,0.1492625634526935
RAMCOIND.NS,0,0.4253260272814687,2025-09-01,272,0.3158289572393098,9.0,,9.888054223003758,-5.092966855295069,35.92526357462083,54.37112419712746,1889,Sell,0.14934794543706265
ALKYLAMINE.NS,0,0.42527170645157103,2025-09-01,272,0.22453222453222454,19.0,,8.917622545962763,10.373643190616619,58.0120319313417,50.55973941109093,1890,Sell,0.14945658709685794
AAATECH.NS,0,0.42481816091475744,2025-09-01,272,0.11107512953367873,16.02,,-4.331471481772729,-11.710615926312807,28.253317758802797,37.93102601572743,1891,Sell,0.15036367817048513
SAKAR.NS,0,0.4247743729387438,2025-09-01,272,0.48184818481848185,9.0,,27.307595128113825,56.25306522805297,77.81159653666944,78.97713500392902,1892,Sell,0.15045125412251237
PARACABLES.NS,0,0.42442121551554324,2025-09-01,272,0.3431241655540721,16.0,,67.05554713864814,87.8243607635486,90.13578427088413,59.03990663978621,1893,Sell,0.15115756896891352
ELECTCAST.NS,0,0.4242823097067692,2025-09-01,272,0.6115586690017513,14.0,,-5.927553039367918,11.122306849153656,54.35439065443164,28.71434483366859,1894,Sell,0.15143538058646155
FMNL.NS,0,0.42422021793398657,2025-09-01,272,1.588235294117647,16.0,,20.69740301298853,25.350455797253307,75.14387661645397,55.49374136271446,1895,Sell,0.15155956413202687
KCPSUGIND.NS,0,0.423813357278769,2025-09-01,272,0.28534031413612565,1.0,,-12.485683051099391,3.289768024637546,38.39311675029066,18.960244024004595,1896,Sell,0.15237328544246198
LUMAXIND.NS,0,0.4237818341458799,2025-09-01,272,3.5834683954619124,13.0,,10.506422031750438,-8.461726583516754,43.749296085153894,46.11896505734863,1897,Sell,0.15243633170824022
VISAKAIND.NS,0,0.42344908218466926,2025-09-01,272,0.7774968394437421,4.0,,7.584768941328433,15.651474372887852,37.92674312449893,46.65717665529554,1898,Sell,0.1531018356306615
BALRAMCHIN.NS,0,0.4232589120998058,2025-09-01,272,0.3435466377440347,10.0,,-1.1995010356824616,12.660022768470197,36.42615615337606,44.349667267690904,1899,Sell,0.15348217580038837
GENESYS.NS,0,0.4230343409585494,2025-09-01,272,0.3119143239625167,15.0,,-4.121343522049769,-16.313529141734094,101.46375121079747,49.832086298765454,1900,Sell,0.15393131808290117
AARVI.NS,0,0.4221816915338677,2025-09-01,272,0.7657657657657657,10.0,,0.8065207983985548,2.362396787038957,41.818778986260774,52.35133027474171,1901,Sell,0.1556366169322646
HNDFDS.NS,0,0.42210830575468394,2025-09-01,272,1.1315261044176708,15.0,,5.737870678000926,6.170690446143127,28.997180557544393,37.21496210550756,1902,Sell,0.1557833884906321
CLSEL.NS,0,0.42154640528338433,2025-09-01,272,0.2789473684210526,17.0,,0.03891358118534828,4.089966408646122,53.285852943402425,46.777340577682295,1903,Sell,0.15690718943323134
ESSENTIA.NS,0,0.42137089680705486,2025-09-01,272,0.4941860465116279,5.0,,24.06014458024842,19.565216076772167,71.91817924323631,44.168877655694246,1904,Sell,0.15725820638589028
IGL.NS,0,0.42133922195485796,2025-09-01,272,0.5571311977147521,21.0,,-3.3429724785752435,-5.6946416507182915,28.740693448334504,49.718236203188866,1905,Sell,0.1573215560902841
NITIRAJ.NS,0,0.42125891908399526,2025-09-01,272,0.11852116024726579,7.96,,-4.060061714963931,-2.6707429149890434,33.10508841968464,32.029357298449554,1906,Sell,0.15748216183200947
CARRARO.NS,0,0.42092782037038845,2025-09-01,272,1.3511904761904763,22.0,,-3.5232580335327177,3.238364253175451,37.50224740496795,39.74032059398607,1907,Sell,0.1581443592592231
PRAJIND.NS,0,0.42080369310312143,2025-09-01,272,1.102919708029197,24.0,,-12.067891386517225,13.883944025228523,46.275138984255385,26.718248811106676,1908,Sell,0.15839261379375713
COFFEEDAY.NS,0,0.4205894785141033,2025-09-01,272,0.21120689655172414,0.0,,30.45761057149059,9.924144912201678,74.19484993450835,81.69542881516699,1909,Sell,0.15882104297179345
SASTASUNDR.NS,0,0.41962361683202454,2025-09-01,272,0.0012527172911831984,-0.26,,12.91804230357576,7.844860155257245,47.03285661226906,53.07340009496846,1910,Sell,0.16075276633595093
WEBELSOLAR.NS,0,0.41925481000085507,2025-09-01,272,0.8132992327365729,59.0,,-1.26513779102492,78.82161189006828,65.4558968781923,47.91304961254813,1911,Sell,0.16149037999828986
DAMODARIND.NS,0,0.41923221966259394,2025-09-01,272,1.3716216216216217,3.0,,3.20284625042161,27.14228547041268,53.23047006923014,56.965520652381805,1912,Sell,0.16153556067481212
CAPITALSFB.NS,0,0.4189969124261413,2025-09-01,272,7.21998562185478,,,3.9671347753543853,4.152438825393864,33.85868126187928,31.174860102094,1913,Sell,0.16200617514771742
TAINWALCHM.NS,0,0.41837941068734563,2025-09-01,272,0.09539588419951184,4.24,,-5.504852122744914,6.077675111222102,36.001714687076245,41.31950664564845,1914,Sell,0.16324117862530874
SANWARIA.NS,0,0.41837503776164114,2025-09-01,272,-1.6013107222484968,-1.13,,15.000000372529025,-11.538456688971031,41.313030297789396,40.0,1915,Sell,0.1632499244767177
SPARC.NS,0,0.4182467456334352,2025-09-01,272,-1.9169054441260744,-298.0,,48.28719978059089,66.3607847924326,83.6394003466637,68.65492923219435,1916,Sell,0.16350650873312955
AMBICAAGAR.NS,0,0.4181070728562454,2025-09-01,272,1.0,7.0,,2.9736568749625256,-3.1175086825527,24.625239295263533,46.315785246878356,1917,Sell,0.16378585428750925
GLOBAL.NS,0,0.41802999925499484,2025-09-01,272,0.11607142857142858,36.0,,-2.702698323941298,-3.5037297193111696,53.96890973547984,30.235984748403112,1918,Sell,0.1639400014900103
NHPC.NS,0,0.41794214050700434,2025-09-01,272,1.3491752654967237,7.0,,-5.204320144811782,4.091337258623597,24.947047879681353,48.92617453100942,1919,Sell,0.1641157189859913
KRN.NS,0,0.4177918715306898,2025-09-01,272,0.2822429906542056,21.0,,-13.687736553449604,20.228018330958196,62.0618655438762,31.180497332317074,1920,Sell,0.1644162569386204
TVTODAY.NS,0,0.41774979999771555,2025-09-01,272,0.2161547212741752,12.0,,2.685157473360545,-7.659712044799131,33.527498724591844,35.76331758819262,1921,Sell,0.1645004000045689
MANYAVAR.NS,0,0.4177230077497558,2025-09-01,272,0.5223707147007554,26.0,,-7.0558779035719565,-4.075641439041767,30.394651552887602,24.43066275224767,1922,Sell,0.16455398450048841
CHEVIOT.NS,0,0.4176975759313852,2025-09-01,272,0.09312320916905444,10.0,,-7.9815792174633735,0.4467957311412568,46.03259157701949,18.924156639103487,1923,Sell,0.16460484813722964
DCMFINSERV.NS,0,0.41735082784015043,2025-09-01,272,-1.4057142857142857,-3.31,,22.040814340536656,34.08071676963569,35.40766840785818,87.24832042939659,1924,Sell,0.16529834431969914
TASTYBITE.NS,0,0.41657214120896696,2025-09-01,272,0.4702194357366771,11.0,,9.273470558703293,2.1727467811158796,49.44529436045212,23.69621903520209,1925,Sell,0.16685571758206608
RESPONIND.NS,0,0.41643549526358087,2025-09-01,272,0.2765072765072765,6.0,,22.171204970186388,6.508751819809569,58.79772473781467,64.28230581022657,1926,Sell,0.16712900947283826
KRBL.NS,0,0.41622791303650425,2025-09-01,272,0.14142152384432669,12.0,,-5.517329563254876,-2.5326957681893862,46.005894898294194,45.83175440402205,1927,Sell,0.1675441739269915
GARUDA.NS,0,0.4162215170259879,2025-09-01,272,0.4806201550387597,30.0,,1.086574695449299,-5.594745836167238,59.20809252590108,32.528470227678085,1928,Sell,0.16755696594802416
MANORG.NS,0,0.4161948608568478,2025-09-01,272,1.1806020066889633,6.0,,25.795212290645424,37.5744597618073,79.15415138489499,42.8482523664682,1929,Sell,0.16761027828630437
ROUTE.NS,0,0.41615909874825646,2025-09-01,272,0.16021671826625386,16.0,,-3.718113575519525,2.5975288596839174,39.28625702177813,36.287966102505486,1930,Sell,0.16768180250348708
VRAJ.NS,0,0.4160324879509722,2025-09-01,272,0.1275,18.0,,-1.81761633357989,-0.6855696862212398,26.782962447178214,39.32300860278213,1931,Sell,0.1679350240980556
TECHM.NS,0,0.41580418202431574,2025-09-01,272,0.6748080303450829,18.0,,1.6509093560644894,2.9842459068238143,34.043202698954914,52.898756101401354,1932,Sell,0.16839163595136852
ROTO.NS,0,0.41569618928467733,2025-09-01,272,0.3422222222222222,17.0,,-4.675280541087766,-6.48765752008792,29.265087795772633,35.91021661027591,1933,Sell,0.16860762143064534
NOIDATOLL.NS,0,0.4153946154634582,2025-09-01,272,-3.8125,-9.0,,57.95148445446616,50.256410005608345,107.24990925751703,68.4210568143617,1934,Sell,0.16921076907308363
HUDCO.NS,0,0.4145985962301248,2025-09-01,272,7.275544713644176,,,-7.8598274976828915,7.8265417343821575,33.594523452642136,24.101186382941805,1935,Sell,0.1708028075397504
DVL.NS,0,0.414136654652852,2025-09-01,272,0.04089026915113872,4.0,,-1.771954911892278,-0.8010845082672762,35.19033416819493,36.024640713086306,1936,Sell,0.17172669069429602
UNIVPHOTO.NS,0,0.4135813613395825,2025-09-01,272,0.02564102564102564,4.0,,-10.148488674036788,10.580839444846644,42.93866792772914,24.230951431856127,1937,Sell,0.17283727732083498
GODFRYPHLP.NS,0,0.4129134691435901,2025-09-01,272,0.44497907949790794,29.0,,1.4127076334129276,6.275607487342877,36.769100037211444,37.84204789064244,1938,Sell,0.17417306171281977
IKIO.NS,0,0.4125459288518998,2025-09-01,272,0.04722792607802875,7.0,,-6.889167593349671,3.675475920618984,50.948582102958916,20.41053039423346,1939,Sell,0.17490814229620044
VIPCLOTHNG.NS,0,0.4120949535828927,2025-09-01,272,0.7142857142857143,6.0,,23.463691913108015,20.49068687861143,50.155393464979404,69.05222315826988,1940,Sell,0.17581009283421456
TEJASNET.NS,0,0.41159904008472104,2025-09-01,272,1.96996996996997,15.0,,25.352290031304133,64.1640455564866,66.97611482700209,66.5533719543618,1941,Sell,0.17680191983055793
PRITI.NS,0,0.4113718300256778,2025-09-01,272,0.10251075045082536,8.58,,-5.679606949744817,-10.23313962090709,31.191155214918293,40.924941614450326,1942,Sell,0.17725633994864443
PIXTRANS.NS,0,0.4110867326539294,2025-09-01,272,0.2235494880546075,27.0,,3.4459852654826366,2.0877133565858905,35.300844852902394,54.43623872842238,1943,Sell,0.17782653469214116
TERASOFT.NS,0,0.41090235315383966,2025-09-01,272,1.164179104477612,11.0,,12.49109341877733,-5.18028552715595,51.81078096862722,63.65242938755052,1944,Sell,0.17819529369232068
STLTECH.NS,0,0.41063833030830976,2025-09-01,272,1.7578125,0.0,,81.86907958442262,224.72292558422328,49.672253996619496,87.29237911886679,1945,Sell,0.17872333938338048
SHAH.NS,0,0.4096813488707275,2025-09-01,272,0.04838709677419355,7.0,,-7.692309035889419,3.7037000698281886,35.17368281068952,33.013552688630384,1946,Sell,0.18063730225854502
SETUINFRA.NS,0,0.409216931845231,2023-09-01,1003,-3.7828316242143565,0.39,,-15.384610446952324,30.95238787922481,33.73660392941556,0.0,1947,Sell,0.181566136309538
JAYAGROGN.NS,0,0.40869145768173726,2025-09-01,272,0.2644135188866799,17.0,,9.743819589692686,27.185672975344467,49.83718044868149,60.153542149590095,1948,Sell,0.18261708463652548
ATAM.NS,0,0.4082760239073264,2025-09-01,272,0.5217853347502657,20.27,,2.9062961255121382,5.468278939604662,56.2027378998736,31.86814568782239,1949,Sell,0.18344795218534715
NIITLTD.NS,0,0.4082253980203377,2025-09-01,272,0.065279091769158,4.0,,-3.93044857450708,-7.726782303865816,40.49171767257151,34.14076025461539,1950,Sell,0.1835492039593246
SANGINITA.NS,0,0.4079439391118567,2025-09-01,272,0.8214285714285714,4.0,,38.66279886416646,87.67213665071081,40.99189898743683,75.97402340044061,1951,Sell,0.18411212177628655
ARMANFIN.NS,0,0.4077875984238727,2025-09-01,272,0.7569331158238173,,,10.680054389158451,6.3181757758592365,58.70154430508116,32.703708664823566,1952,Sell,0.18442480315225462
DALMIASUG.NS,0,0.40773096032930534,2025-09-01,272,0.31286821705426354,9.0,,-8.888597219205968,19.71110815091864,40.46145932465355,20.658509214763157,1953,Sell,0.18453807934138933
BANSALWIRE.NS,0,0.4074171036978211,2025-09-01,272,0.6016064257028112,15.0,,4.118954454966305,17.478777102375606,40.388766564584635,49.418998314963694,1954,Sell,0.18516579260435784
AJOONI.NS,0,0.4073211686053166,2025-09-01,272,0.16853932584269662,7.0,,-4.37788134885581,-13.721410712340198,24.30756652700176,39.72602113368358,1955,Sell,0.18535766278936683
GLOBALE.NS,0,0.40673112379068216,2025-09-01,272,1.4898746383799424,-0.47,,-7.512398949214442,13.67596438242275,39.751417903032035,37.26541979945228,1956,Sell,0.18653775241863568
KANSAINER.NS,0,0.4066639234031253,2025-09-01,272,0.2642623970153894,14.0,,9.34162641880041,9.748852422959589,28.64659187649064,45.83483663838418,1957,Sell,0.1866721531937494
WSTCSTPAPR.NS,0,0.40574643104674,2025-09-01,272,0.2667390517553384,14.0,,2.8429160366360398,18.53623507979861,39.8690678575102,39.13380167834776,1958,Sell,0.18850713790651996
JAGSNPHARM.NS,0,0.40557211683281424,2025-09-01,272,0.18181818181818182,23.0,,-1.0678521802356487,18.64017849295843,36.47655751035558,39.47884516268674,1959,Sell,0.1888557663343715
GULFPETRO.NS,0,0.40516790748356013,2025-09-01,272,0.17647058823529413,11.0,,10.42109244568563,10.42109244568563,38.05200169574247,56.14755806996954,1960,Sell,0.18966418503287974
EMIL.NS,0,0.4050754117435434,2025-09-01,272,1.361592806679512,10.0,,-10.349168986404127,11.111112763568258,51.120376160172775,41.71681837240466,1961,Sell,0.18984917651291322
SEYAIND.NS,0,0.40492815734575593,2025-09-01,272,0.9600370840245923,-0.51,,12.125747958005494,1.4905102299660231,23.854535578792216,44.36858446382823,1962,Sell,0.19014368530848813
OSWALGREEN.NS,0,0.4049085396176399,2025-09-01,272,0.017508953442101075,0.0,,-13.923597239063506,-10.901695912092231,31.841157949123243,25.88558463956727,1963,Sell,0.1901829207647202
SUKHJITS.NS,0,0.4042518566177517,2025-09-01,272,0.9721254355400697,9.0,,-2.193979200349625,5.451146544508198,49.779991928311404,43.28767097257218,1964,Sell,0.1914962867644966
BALAJEE.NS,0,0.4034179870126697,2025-09-01,272,0.6614173228346457,11.0,,-9.98789664941663,-9.577378160492401,27.695683304567105,24.074060397480125,1965,Sell,0.19316402597466065
NORBTEAEXP.NS,0,0.4033977762502336,2025-09-01,272,0.5814999999999999,3.9,,26.562242675986752,-19.558229338032337,59.444323767609816,52.039629280780616,1966,Sell,0.1932044474995328
AGI.NS,0,0.402640577297718,2025-09-01,272,0.5173658096526839,20.0,,-7.495098046721874,3.7639653282087635,64.66957236713523,33.82778392515843,1967,Sell,0.19471884540456397
COASTCORP.NS,0,0.40132966990910146,2025-09-01,272,1.0666666666666667,6.0,,7.608498292243411,28.028045562690934,49.98964825696736,44.24634754403237,1968,Sell,0.19734066018179708
LINCOLN.NS,0,0.4005542771850243,2025-09-01,272,0.19273743016759776,17.0,,-5.992867416825887,2.278425656839301,67.29150571980759,40.04778551783107,1969,Sell,0.19889144562995142
PETRONET.NS,0,0.40055123196156867,2025-09-01,272,0.3459128660935451,26.0,,-2.063167282546275,-11.982472138775249,24.22572162913105,44.68324557805939,1970,Sell,0.19889753607686267
FACT.NS,0,0.4005172231937274,2025-09-01,272,3.856,9.0,,-3.6529627621402447,13.176943337019214,30.025683234410057,42.43138531454248,1971,Sell,0.1989655536125452
YATHARTH.NS,0,0.4002912077045499,2025-09-01,272,0.03560076287349015,10.0,,-2.8658536585365857,13.12313984064111,39.33229881730875,35.47526597051488,1972,Sell,0.1994175845909002
ITC.NS,0,0.4002403084111933,2025-09-01,272,0.2535102427644529,37.0,,-6.409616978981749,-8.897653681697507,18.524573680494118,34.4645075499099,1973,Sell,0.19951938317761342
TATACHEM.NS,0,0.3998096320772615,2025-09-01,272,0.21263940520446098,4.0,,-6.30407911001236,6.760563380281689,42.26032383613037,48.88742128879613,1974,Sell,0.200380735845477
FSL.NS,0,0.3995828103525653,2025-09-01,272,0.5722983257229832,17.0,,22.805463208445296,15.283026776062167,74.62671430857544,50.97285891365206,1975,Sell,0.20083437929486936
AJAXENGG.NS,0,0.3987399588772512,2025-09-01,272,0.16533546325878595,34.0,,11.795357650402654,20.79025186919771,35.89364932364078,62.46438529696381,1976,Sell,0.20252008224549756
SUVEN.NS,0,0.3980111086818428,2025-09-01,272,0.010280373831775701,-6.0,,31.838771899400882,87.52684193581331,70.85894253430516,78.83193416871713,1977,Sell,0.2039777826363144
DWARKESH.NS,0,0.3973374057425136,2025-09-01,272,0.3615894039735099,7.0,,1.7988901483333046,23.98876764485081,53.18684453907334,35.01237808164463,1978,Sell,0.20532518851497283
SAHYADRI.NS,0,0.39675867279655175,2025-09-01,272,0.27692307692307694,7.0,,7.054685388571176,6.918599217398512,53.06051212053682,39.049166390549445,1979,Sell,0.2064826544068965
PREMIERPOL.NS,0,0.39607549269584846,2025-09-01,272,0.2878787878787879,30.0,,1.9435637229478893,7.977036307959027,40.97985338580407,44.834499711219365,1980,Sell,0.20784901460830307
OLAELEC.NS,0,0.39478845218730335,2025-09-01,272,0.04941965904969169,1.0,,13.484683041553176,65.03581020590869,49.9580255643984,66.25899712964565,1981,Sell,0.2104230956253933
GAEL.NS,0,0.3945378297092883,2025-09-01,272,0.21809369951534732,12.0,,-0.5521673260684189,7.353757069669466,31.624487284713815,23.02254563304365,1982,Sell,0.2109243405814234
JTLIND.NS,0,0.39449743431754536,2025-09-01,272,0.2056,13.0,,-14.392057932663112,6.415798730818849,48.89089624611987,23.122864200327626,1983,Sell,0.21100513136490928
GEOJITFSL.NS,0,0.39383873143853176,2025-09-01,272,0.16297786720321933,-3.0,,13.828625959970624,10.785353602666522,34.73406687811543,54.88917492189077,1984,Sell,0.21232253712293647
EPIGRAL.NS,0,0.39305243621652536,2025-09-01,272,0.5404761904761904,25.0,,-2.8169550369750174,20.425317067432267,42.01212468449118,24.41501528705696,1985,Sell,0.21389512756694928
AMNPLST.NS,0,0.39296676783895684,2025-09-01,272,0.4,20.0,,12.696235953720572,15.37197177913529,69.9104432144026,60.12168823001957,1986,Sell,0.21406646432208631
SADHNANIQ.NS,0,0.39252711043561583,2025-09-01,272,1.421875,5.0,,3.3898375288438505,10.909091106131052,43.45291852057833,28.57145289982641,1987,Sell,0.21494577912876833
DCMNVL.NS,0,0.3917527793139728,2025-09-01,272,0.6543909348441926,8.0,,7.122642323981057,10.474871248050773,73.06692559758814,45.037841796875,1988,Sell,0.21649444137205442
SUBEXLTD.NS,0,0.3916998725606118,2025-09-01,272,0.893491124260355,-23.0,,14.775161583466922,10.401650102100117,55.59101022007683,45.06578627468142,1989,Sell,0.21660025487877643
DYCL.NS,0,0.3915845797931418,2025-09-01,272,0.48048780487804876,26.0,,-14.291113835574478,14.044542730146006,79.46149856925557,25.63968987128753,1990,Sell,0.21683084041371636
CCHHL.NS,0,0.39152286700152494,2025-09-01,272,0.6591032167226254,0.93,,-3.021583365614181,-2.5307330686950302,35.88867280726054,36.267603505489326,1991,Sell,0.2169542659969501
VIKASLIFE.NS,0,0.39093731732409404,2025-06-01,364,0.27155963302752295,-2.0,,-4.402518929722526,-3.797472174628627,25.379521423588347,36.666662693024634,1992,Sell,0.21812536535181193
IFBAGRO.NS,0,0.389631490362219,2025-09-01,272,0.4324734446130501,7.0,,19.996551757516446,16.223285400627443,77.4768672288596,43.40503694971573,1993,Sell,0.220737019275562
HPAL.NS,0,0.3886571302466033,2025-09-01,272,0.23404255319148937,14.0,,-4.789630403388832,-3.7967965928022993,55.92122449897392,24.140230395446594,1994,Sell,0.22268573950679338
EVERESTIND.NS,0,0.3886352273654766,2025-09-01,272,0.9691056910569106,3.0,,-2.8465723938168286,-3.9621481910488963,46.40085671300637,40.26390090013807,1995,Sell,0.22272954526904676
GUJALKALI.NS,0,0.3880608676699067,2025-09-01,272,0.4438466711499664,1.0,,-15.157003878374717,43.00293988563872,52.02274126326226,37.91544398900232,1996,Sell,0.22387826466018657
IFGLEXPOR.NS,0,0.387693732640242,2025-09-01,272,0.6017191977077364,11.0,,-7.975556678929376,4.348604396419704,43.19061071492503,41.13126799463255,1997,Sell,0.22461253471951603
SUPREMEENG.NS,0,0.3876326727531973,2025-03-01,456,-1.3370786516853932,-22.0,,-8.571426462964851,7.8651678620858325,52.01985737529581,38.23529566448052,1998,Sell,0.2247346544936054
ICIL.NS,0,0.3876136523757754,2025-09-01,272,0.6098099867432611,14.0,,15.268132237724217,10.807357113409434,38.38057415905675,54.64231517252175,1999,Sell,0.22477269524844923
APLAPOLLO.NS,0,0.38706285286585246,2025-09-01,272,0.8006970849176173,15.0,,-6.890064155504148,-16.445358175407826,27.41537407359054,23.642906509207577,2000,Sell,0.22587429426829508
PRECAM.NS,0,0.3869077313912616,2025-09-01,272,0.1997677119628339,8.0,,-3.5353848384661135,8.038470058965514,49.26362223521676,36.97189781728739,2001,Sell,0.22618453721747678
NIPPOBATRY.NS,0,0.3868594596252721,2025-09-01,272,1.2422907488986785,-1.0,,15.863806458119184,8.764177030535917,80.19405714665588,29.735883045509567,2002,Sell,0.22628108074945585
ONWARDTEC.NS,0,0.38679262366139794,2025-09-01,272,0.47783251231527096,16.0,,11.82083023480769,-9.677751025682012,50.6129642270104,41.94916240512833,2003,Sell,0.22641475267720412
GRMOVER.NS,0,0.38663235569226295,2025-09-01,272,0.9004629629629629,12.0,,-3.25252691113077,0.7301590594584709,29.026424922572858,48.99525836779397,2004,Sell,0.2267352886154741
DHUNINV.NS,0,0.3855986730103512,2025-09-01,272,0.013975067423570842,3.16,,-9.902010006580337,-15.745241377486135,45.650895634894326,21.87932362226826,2005,Sell,0.22880265397929755
HINDCON.NS,0,0.3854829161540278,2025-09-01,272,0.2900997697620873,11.15,,-2.7729609695149,6.653990292828768,35.993809620046996,40.19471407008115,2006,Sell,0.2290341676919444
SCHAEFFLER.NS,0,0.38528684702115723,2025-09-01,272,0.3325463131129677,26.0,,-4.5784325209681755,5.378733694674806,26.299949892092663,40.870110918049,2007,Sell,0.22942630595768554
BLISSGVS.NS,0,0.38506666779973,2025-09-01,272,0.18297101449275363,9.0,,59.07984966654396,88.96342202553622,69.73278215395884,91.31934931049071,2008,Sell,0.22986666440054004
OILCOUNTUB.NS,0,0.38409688029547273,2025-09-01,272,0.5753424657534246,-8.0,,-6.890129872780136,10.887100185489661,87.48779109959244,35.65506800976006,2009,Sell,0.23180623940905454
RADHIKAJWE.NS,0,0.38388524775252864,2025-09-01,272,0.16408668730650156,26.0,,-11.291055644808013,-14.843060848617393,50.20082019155703,28.158298308425785,2010,Sell,0.23222950449494273
CHEMBOND.NS,0,0.383730886009758,2025-09-01,272,0.22023809523809523,11.0,,9.179181089313921,12.485636541052159,70.08061039707546,34.88656046689877,2011,Sell,0.23253822798048396
SWARAJENG.NS,0,0.38365342513814843,2025-09-01,272,0.7117346938775511,56.0,,-4.206309464196294,7.620035861222152,20.58621128104902,34.05156270302909,2012,Sell,0.23269314972370314
VINYLINDIA.NS,0,0.3834629696936305,2025-09-01,272,0.7107438016528925,21.0,,1.6946184623430032,20.97948589365375,45.64598912291028,55.37049990932273,2013,Sell,0.23307406061273905
EMAMIREAL.NS,0,0.3824897104223284,2025-09-01,272,-15.36774193548387,-2.0,,-3.8030408729409,30.432188723254338,91.34290544587473,14.059968010960603,2014,Sell,0.23502057915534325
SOMATEX.NS,0,0.3823275665348537,2025-09-01,272,0.020392937080328282,-1.74,,-4.955081525449911,-12.8192626051851,64.29477180087942,33.452188583663855,2015,Sell,0.23534486693029255
ARVSMART.NS,0,0.3822474901187693,2025-09-01,272,1.6996336996336996,3.0,,-5.810546875,4.072873958895331,30.29312601758737,36.26905919944061,2016,Sell,0.2355050197624614
KAKATCEM.NS,0,0.3811906806464816,2025-09-01,272,0.19270833333333334,-3.0,,-7.689498022173938,10.536903626657622,73.14623671880176,37.88660953796717,2017,Sell,0.2376186387070368
ARROWGREEN.NS,0,0.380778333985764,2025-09-01,272,0.0945273631840796,53.0,,-2.7049331249205997,24.835291245404413,54.67896952044759,39.915801349429906,2018,Sell,0.238443332028472
VIJIFIN.NS,0,0.3807109325711125,2025-09-01,272,0.6431297709923662,2.32,,2.077926340423345,77.82805424982729,54.140905951516686,33.14607215640787,2019,Sell,0.23857813485777501
ELGIRUBCO.NS,0,0.38035860352408396,2025-09-01,272,0.6369426751592356,2.0,,-11.955515610243017,21.421271208893394,60.18488894938711,35.282939568368036,2020,Sell,0.23928279295183208
APTECHT.NS,0,0.3800475506513729,2025-09-01,272,0.2886178861788618,15.0,,2.0990524457275166,21.267925823322553,66.00822559192025,49.15917230672718,2021,Sell,0.23990489869725418
ROLEXRINGS.NS,0,0.3799936342338612,2025-09-01,272,0.17253218884120172,23.0,,-3.641484399034789,1.1809602126539285,55.09564735598834,29.74080206059378,2022,Sell,0.24001273153227765
PAGEIND.NS,0,0.3779912172004909,2025-09-01,272,0.9630943931866572,59.0,,2.2401204891588824,17.12021575785263,25.293933647955384,55.6394258452663,2023,Sell,0.24401756559901822
KAMDHENU.NS,0,0.3777403326812586,2025-09-01,272,0.17032967032967034,29.0,,3.9792389398738885,11.554532559725681,42.20513172821777,26.259004158430656,2024,Sell,0.24451933463748277
DELTACORP.NS,0,0.37707273257390767,2025-09-01,272,0.08790212958767558,9.0,,-2.2197272046650993,12.294286847633986,95.88728163758414,42.45023312286497,2025,Sell,0.24585453485218467
SMLT.NS,0,0.3759431936504554,2025-09-01,272,0.05737704918032787,6.0,,2.4505738564592408,3.1254427535025444,36.94588710582529,49.71461642069289,2026,Sell,0.24811361269908916
BEPL.NS,0,0.37541614204742363,2025-09-01,272,0.12716763005780346,25.0,,-0.6241532209133195,15.976685193519582,29.548623676953994,46.914240760556154,2027,Sell,0.24916771590515274
HITECHCORP.NS,0,0.3747307807796579,2025-09-01,272,0.6923076923076923,7.0,,74.230210558116,58.411816418648144,93.38619125034819,92.31794528855286,2028,Sell,0.25053843844068424
PILITA.NS,0,0.3740875390645536,2025-09-01,272,0.30120481927710846,9.0,,-0.3690004003555223,-7.5342446366163465,70.30025263082148,28.846175712935377,2029,Sell,0.2518249218708928
PODDARMENT.NS,0,0.3739004152479372,2025-09-01,272,0.1553133514986376,9.0,,-6.033518416477538,3.994065544300898,35.62823766854289,40.861163158088104,2030,Sell,0.2521991695041256
MAHSEAMLES.NS,0,0.3721255728589438,2025-09-01,272,0.11548516069506382,17.0,,-4.325078666019708,17.649286327038478,17.92411760994431,30.282164634402477,2031,Sell,0.25574885428211236
DLINKINDIA.NS,0,0.3714600191375722,2025-09-01,272,0.6541019955654102,29.0,,3.009109188956201,13.716600403095391,27.124404626401898,42.3522897278628,2032,Sell,0.2570799617248556
SFL.NS,0,0.3702248993653374,2025-09-01,272,0.5091169109760457,5.0,,18.848838917181986,8.842318354381872,53.60151892263391,55.513485361816024,2033,Sell,0.25955020126932515
RBL.NS,0,0.36896842330657337,2024-12-01,546,0.4551971326164875,21.0,,,,,,2034,Sell,0.26206315338685326
RUCHIRA.NS,0,0.36773474296585734,2025-09-01,272,0.5691382765531062,19.0,,-0.924038950788788,11.677019629742901,33.76243633086,38.76684508228765,2035,Sell,0.2645305140682853
KRITINUT.NS,0,0.3671816540826446,2025-09-01,272,0.11790393013100436,24.0,,-4.5840073440625035,34.86513545251282,78.62115221576464,54.212950828753485,2036,Sell,0.26563669183471084
ROLLT.NS,0,0.3669119619281904,2025-09-01,272,2.684873949579831,-1.12,,11.42857415335519,63.86554234614289,77.86448480628604,37.623756416354574,2037,Sell,0.26617607614361916
SUNDARAM.NS,0,0.36627471081227986,2025-09-01,272,0.47058823529411764,-2.0,,-4.195800348274537,-14.906832758031282,22.667419089317985,26.666645473900715,2038,Sell,0.2674505783754403
LUXIND.NS,0,0.36582037468529893,2025-09-01,272,0.645287228109314,13.0,,-1.280210482681503,50.351295374059646,66.637054267033,34.10615698539834,2039,Sell,0.26835925062940214
VAISHALI.NS,0,0.3657430314192519,2025-09-01,272,0.8208955223880597,5.0,,-12.422359954114642,-8.796892971031681,80.79119580564246,34.32836936242231,2040,Sell,0.2685139371614962
EMAMIPAP.NS,0,0.36433493032064235,2025-09-01,272,2.20446735395189,7.0,,11.794937799311345,0.7760086017583131,39.414231594539885,62.817553590747465,2041,Sell,0.2713301393587153
TIIL.NS,0,0.36383681274740254,2025-09-01,272,0.4330446369087275,19.0,,-2.9405955885540016,3.522700096756241,36.139557783972165,47.28833906354131,2042,Sell,0.2723263745051949
LAGNAM.NS,0,0.36250305982298453,2025-09-01,272,3.7107438016528924,10.0,,-4.767167075211264,0.6884889012532603,41.60559363959862,34.90926155531112,2043,Sell,0.27499388035403094
MAWANASUG.NS,0,0.361898406591089,2025-09-01,272,0.2314410480349345,-16.0,,-6.143473613057234,25.411734032164397,48.3509281325264,27.545105341656182,2044,Sell,0.27620318681782197
ADSL.NS,0,0.3613623146788554,2025-09-01,272,0.5626283367556468,8.0,,3.697001793933369,-1.2231143223626497,64.12275492632463,27.28948843076907,2045,Sell,0.27727537064228924
SRHHYPOLTD.NS,0,0.3579581655466162,2025-09-01,272,0.14455445544554454,15.0,,9.856740416042763,14.416308757720703,35.51431344647809,52.590002770428974,2046,Sell,0.2840836689067676
KPRMILL.NS,0,0.356803004824835,2025-09-01,272,0.12915129151291513,21.0,,4.216085244405845,4.877653171553133,28.58237013247037,52.438195141993646,2047,Sell,0.28639399035033
ZODIAC.NS,0,0.35548887091718206,2025-09-01,272,2.267326732673267,20.0,,-14.68620594383347,13.900644547201185,71.57202941860888,38.51223088068204,2048,Sell,0.28902225816563587
GANECOS.NS,0,0.3551092674992161,2025-09-01,272,0.17214397496087636,9.0,,-12.831646351773433,21.20257285175204,43.73662306137923,29.792742154106293,2049,Sell,0.28978146500156776
POLYPLEX.NS,0,0.3497345079846294,2025-09-01,272,0.3812754409769335,14.0,,-3.01094420433511,13.72958239824919,45.032827788940345,46.17224880382775,2050,Sell,0.3005309840307412
PLAZACABLE.NS,0,0.3490476498217103,2025-09-01,272,0.4112903225806452,4.0,,14.14289999790708,20.675432504445563,83.93111368002447,21.231156942861645,2051,Sell,0.30190470035657935
GPTINFRA.NS,0,0.34837043224107683,2025-09-01,272,0.888268156424581,25.0,,2.5473037803604193,-4.474173856807105,29.91605962005643,47.3363805200841,2052,Sell,0.30325913551784633
VEDL.NS,0,0.34686549718354154,2025-09-01,272,1.2790550032418413,19.0,,29.847181717548025,-48.4263055727458,196.35459169816775,77.65306745256697,2053,Sell,0.3062690056329169
LPDC.NS,0,0.34623271714941745,2025-09-01,272,0.08642284569138266,-8.51,,-11.54344827603268,8.771932893269167,47.45996962010642,37.58866291554982,2054,Sell,0.3075345657011651
KANPRPLA.NS,0,0.3456668286104437,2025-09-01,272,0.9601769911504425,12.0,,-4.900654681673148,2.5369066886550056,43.34676616357439,36.13215071644342,2055,Sell,0.30866634277911265
BBL.NS,0,0.345305007438305,2025-09-01,272,0.4164009111617312,10.0,,-10.087837172522386,14.910642983216757,47.615423130142524,52.465254336247426,2056,Sell,0.30938998512339
GOYALALUM.NS,0,0.34391904625873476,2025-09-01,272,0.5247839927239656,14.35,,-5.485236793237309,-4.273507002136326,19.951024482000886,32.110094151182594,2057,Sell,0.3121619074825305
FAIRCHEMOR.NS,0,0.3439127419561061,2025-09-01,272,0.3197278911564626,10.0,,10.016969528411455,4.035462121411988,34.998877986468116,48.67724841437737,2058,Sell,0.3121745160877878
PTC.NS,0,0.3421369774949184,2025-09-01,272,0.9221030042918454,12.0,,-11.819934238071054,10.664648880050983,46.623034988593,21.682492954918587,2059,Sell,0.3157260450101632
ASPINWALL.NS,0,0.34165647289650825,2025-09-01,272,0.702247191011236,9.0,,3.5689734106225135,13.009041935534388,35.013952791875255,36.91035885535951,2060,Sell,0.3166870542069835
RATNAMANI.NS,0,0.3411324631170047,2025-09-01,272,0.17058064516129032,22.0,,-4.6183198969177965,1.9123243935642706,51.61296055992869,35.645013468558204,2061,Sell,0.31773507376599064
SHYAMTEL.NS,0,0.34086964522610885,2025-09-01,272,-1.410675717371182,,,-15.591641865233024,70.31835219370089,98.37152924337568,0.0,2062,Sell,0.3182607095477823
DMCC.NS,0,0.34038427070172605,2025-09-01,272,0.5982905982905983,14.0,,-5.220355981850592,10.770556583256727,55.465841147000425,27.670767385655367,2063,Sell,0.3192314585965479
JINDWORLD.NS,0,0.3343484514045942,2025-09-01,272,0.9121287128712872,10.0,,15.546217140492471,17.795948755900675,62.53861365086155,63.94780210676519,2064,Sell,0.33130309719081164
BLBLIMITED.NS,0,0.33266600606926394,2025-09-01,272,0.05128205128205128,7.0,,-2.688783327590192,-9.713375312551062,25.441474975022754,52.33160980199155,2065,Sell,0.3346679878614721
STALLION.NS,0,0.329360710434198,2025-09-01,272,0.11006289308176101,20.0,,15.635835619592392,41.77153447775085,67.10687670111781,64.94772819090431,2066,Sell,0.341278579131604
GOACARBON.NS,0,0.3289812912422016,2025-09-01,272,2.24468085106383,-2.0,,8.87509922122963,7.712835056038481,43.203065872679815,32.010581049458295,2067,Sell,0.3420374175155968
OMAXAUTO.NS,0,0.32829162040993093,2025-09-01,272,0.5394321766561514,9.0,,88.46099612521834,123.82605071953851,99.62176926621552,54.429211586425424,2068,Sell,0.34341675918013814
VSTIND.NS,0,0.3242237127207905,2025-09-01,272,0.48738170347003157,21.0,,-1.0334010215599128,7.967738450067074,18.033871381027932,40.88400708815286,2069,Sell,0.35155257455841904
IRMENERGY.NS,0,0.32134641779524437,2025-09-01,272,0.28125,8.0,,-25.85694803524922,11.727714592652612,93.06629756457887,11.093759536743164,2070,Sell,0.35730716440951127
GOPAL.NS,0,0.3109622981763655,2025-09-01,272,0.30484988452655887,16.0,,10.637971566448625,-5.314161515966153,46.01543442151322,24.826525841717697,2071,Sell,0.378075403647269
NOCIL.NS,0,0.31057426785490977,2025-09-01,272,0.16808149405772496,7.0,,-7.166912751253768,12.041855003471511,39.41194192500149,35.572088393646965,2072,Sell,0.37885146429018046
WEWIN.NS,0,0.29224612140511536,2025-09-01,272,0.6834532374100717,10.73,,-0.2951482200964251,33.52272689792264,101.40958766650434,21.132329683755586,2073,Strong Sell,0.4155077571897693
