Date,Open,High,Low,Close,Volume,ROC_1M,ROC_3M,ROC_6M,ROC_12M,Volatility_60,RSI,Volume_Ratio,Return_Next_Month,Return_Direction,Total_Revenue,Gross_Profit,Operating_Income,EBITDA,EBIT,Net_Income,Tax_Provision,Interest_Expense,Gross_Margin,Operating_Margin,Net_Margin,EBITDA_Margin,Total_Assets,Total_Debt,Total_Liabilities,Stockholders_Equity,Current_Assets,Current_Liabilities,Cash,Inventory,Debt_to_Equity,Debt_to_Assets,Current_Ratio,Quick_Ratio,Revenue_Growth_QoQ,Net_Income_Growth_QoQ,Revenue_Growth_YoY,Net_Income_Growth_YoY,EBITDA_Growth_YoY,TTM_Revenue,TTM_Net_Income,TTM_Operating_Income,TTM_EBITDA,ROE,ROA,ROIC,F_Score,Z_Score,market_cap_current,beta,dividend_yield,Ticker,Operating_Cash_Flow,Free_Cash_Flow,Capital_Expenditure,TTM_Operating_Cash_Flow,predicted_probability,ROC_3M_percentile,ROC_1M_percentile,Volume_Ratio_percentile,ROC_6M_percentile,Volatility_60_percentile,ROC_12M_percentile,market_cap_current_percentile,RSI_percentile,beta_percentile,Current_Ratio_percentile,Net_Income_Growth_QoQ_percentile,Revenue_Growth_QoQ_percentile,Tax_Provision_percentile,dividend_yield_percentile,Debt_to_Equity_percentile,composite_score,quality_quintile
2026-05-31,287.54998779296875,290.0,257.1499938964844,277.0,8022437,,,,,,,,,0,,,,,,,,,,,,,,,,,,,,,,,,,,,,,,,,,,,,,,,156286550016.0,0.74,,GSPL.NS,,,,,0.21437627317145924,,,,,,,76.31004366812228,,87.1501272264631,,,,,,,54.23067805963904,Q4 (High)
2026-05-31,1286.0,1288.0,1222.0999755859375,1260.0999755859375,157368,,,,,,,,,0,,,,,,,,,,,,,,,,,,,,,,,,,,,,,,,,,,,,,,,,,,CIGNITITEC.NS,,,,,0.21406031754283192,,,,,,,,,,,,,,,,50.00000000000001,Q3 (Medium)
2026-07-31,2295.0,2525.5,2267.10009765625,2408.89990234375,9993363,0.07877290745353793,0.18149290369319293,,,0.19927864677540535,58.635439510233915,1.4031005532512806,,0,9042300000.0,6299800000.0,1511200000.0,1859300000.0,1359200000.0,1013700000.0,333200000.0,12300000.0,0.6967032723975095,0.16712562069385,0.1121064330977738,0.20562246331132567,49686464000.0,35893000.0,8094266000.0,41592198000.0,29093736000.0,5911629000.0,1101822000.0,6834030000.0,0.0008629743491796226,0.0007223899048239778,4.9214414504022495,3.765409838810927,-0.15073446539935387,-0.4877457173177018,-0.04765766524834647,-0.30420756400576565,-0.22825004150755435,41477900000.0,7094600000.0,9249200000.0,11403900000.0,0.1705752602928078,0.14278737967749125,0.22218650382022082,1.0,2.6568778490656935,387925901312.0,0.015,0.77,JBCHEPHARM.NS,,,,,0.40803587418451776,78.06451612903226,78.6021505376344,70.11866235167206,,96.23655913978494,,87.22707423580786,68.56835306781485,12.977099236641221,87.8839590443686,26.361655773420477,11.648351648351648,72.5,55.4481546572935,8.29103214890017,56.92850453138146,Q4 (High)
2026-08-31,11250.0,12453.0,11250.0,12025.0,28491,0.08089887640449445,-0.02544776724207798,,,0.28811891524482086,70.24106400665003,1.5623763749807098,,0,331430000.0,309053000.0,300425000.0,300451000.0,300425000.0,135411000.0,76172000.0,,0.9324834806746523,0.9064508342636454,0.40856591135383036,0.9065292822013699,372026310000.0,,41911558000.0,330114752000.0,1388323000.0,84725000.0,25867000.0,,,,16.386226025376217,,0.014701740205983471,-0.5784753502821869,0.12492151039456934,0.3928020406903787,0.17382471411436984,,,,,,,,0.0,,133458714624.0,,,JSWHL.NS,,,,,0.30998104683517846,34.623655913978496,79.03225806451613,75.29665587918015,,73.44086021505376,,73.7991266375546,89.1280947255113,,96.07508532423208,23.52941176470588,36.81318681318682,49.891304347826086,,,58.77530931238303,Q5 (Highest)
2026-08-31,228.5,244.99000549316406,227.2100067138672,231.2100067138672,667014,-0.0029323932794472762,0.08912343504685705,,,0.31696477238435394,57.185478356279994,0.16726957775398738,,0,822320000.0,536080000.0,150980000.0,200730000.0,179310000.0,131890000.0,44910000.0,2510000.0,0.6519116645588092,0.1836024905146415,0.16038768362681194,0.24410205272886468,,,,,,,,,,,,,0.28081242309549403,0.5052327638351537,0.0875522403851241,0.22176933765632234,0.17813123606057046,2938450000.0,454761000.0,518680000.0,710250000.0,,,,0.0,,15243553792.0,-0.278,1.73,JAGSNPHARM.NS,,,,,0.17776738014713897,64.73118279569893,44.83870967741935,2.0496224379719528,,63.01075268817205,,43.122270742358076,65.44671689989235,2.5445292620865136,,74.07407407407408,83.51648351648352,43.369565217391305,79.34973637961336,,51.0702429127441,Q3 (Medium)
2026-08-31,57.959999084472656,66.04000091552734,57.709999084472656,65.61000061035156,2203489,-0.00771328062681953,-0.20932757343797626,,,0.38768639968588453,54.87309940535285,1.2770627473660334,,0,17451700000.0,4909700000.0,602400000.0,920300000.0,601100000.0,213700000.0,210700000.0,176700000.0,0.2813307586080439,0.03451812717385699,0.012245225393514672,0.05273411759312846,40774600000.0,4166300000.0,18199000000.0,22575600000.0,20546900000.0,16480800000.0,19400000.0,14186200000.0,0.18454880490441006,0.1021788073947997,1.2467173923595942,0.3859460705790981,0.3135603426214455,0.8502164502164502,0.09791573609809179,-0.7168786433492316,-0.39294195250659636,57842700000.0,1299500000.0,2203300000.0,3825500000.0,0.05756214674250075,0.0318703310394216,0.08239130353490216,1.0,2.36204622485567,59852820480.0,0.354,,JAIBALAJI.NS,,,,,0.4167662358459622,4.086021505376344,41.72043010752688,65.48004314994607,,39.032258064516135,,63.1004366812227,59.95694294940797,48.091603053435115,25.426621160409557,81.37254901960785,84.50549450549451,66.63043478260869,,41.793570219966156,51.41309367996787,Q3 (Medium)
2026-08-31,198.0,219.00999450683594,193.72999572753906,194.85000610351562,2249470,-0.013717308607854029,-0.026431464486186163,,,0.2310399054766618,49.22031692633029,2.1919378146777553,,0,3014844000.0,2351995000.0,1071251000.0,1146291000.0,890795000.0,503765000.0,164868000.0,222146000.0,0.7801382094728616,0.3553255160134322,0.1670948811945162,0.3802156927522618,42920996000.0,11936601000.0,14236484000.0,28684281000.0,1975367000.0,2998557000.0,108598000.0,106054000.0,0.4161373610863734,0.27810633751369607,0.6587725362566061,0.6234041907490836,0.021521159288293346,-0.22997262376245187,0.08618289456239148,-0.08328526221355226,-0.09105391155963627,10476813000.0,1416084000.0,3104818000.0,4007190000.0,0.04936794476389351,0.032992803801663875,0.07643403705512844,1.0,1.219603615442661,43354591232.0,0.319,,JUNIPER.NS,,,,,0.34180470200617274,34.30107526881721,37.8494623655914,88.3495145631068,,90.64516129032258,,58.406113537117896,45.31754574811625,41.85750636132315,7.167235494880546,33.87799564270153,39.34065934065934,62.17391304347826,,61.59052453468698,50.05844714605347,Q3 (Medium)
2026-08-31,78.9000015258789,81.13999938964844,76.8499984741211,78.0,42719012,-0.04889650081424546,-0.1819611825041617,,,0.39124522181135807,45.944143067444074,0.7675254364617489,,0,12442400000.0,4571700000.0,1475200000.0,2608300000.0,2087800000.0,912500000.0,382300000.0,648700000.0,0.3674291133543368,0.11856233524078956,0.0733379412332026,0.20962997492445187,120677600000.0,15869500000.0,43757100000.0,63820400000.0,76121500000.0,37897200000.0,1308100000.0,17902800000.0,0.24865873607811922,0.13150327815601237,2.0086312445246612,1.5362269508037534,0.030469170566068904,-0.22267654825794359,-0.023987700224345376,-0.5205947252285383,-0.10095822418309663,43971200000.0,4062500000.0,6882600000.0,10644300000.0,0.06365519489066192,0.03366407684607583,0.08636728117364936,1.0,1.5419486300688778,134802546688.0,,,INOXWIND.NS,,,,,0.19821352766354142,5.268817204301075,19.78494623655914,34.41208198489752,,38.27956989247312,,74.0174672489083,36.92142088266954,,58.36177474402731,34.31372549019608,42.637362637362635,74.23913043478261,,47.20812182741117,44.3629612389059,Q2 (Low)
2026-08-31,569.9000244140625,622.0,563.25,565.0,4208647,0.005442031460033636,-0.12335201636063087,,,0.202337303699974,43.602352980754674,2.9970675070019026,,0,19015300000.0,6553000000.0,2024000000.0,3136000000.0,2299100000.0,1240600000.0,516600000.0,531900000.0,0.34461722928378724,0.10644060309329856,0.06524219970234496,0.16491982771767996,85481100000.0,25857800000.0,46649800000.0,38856300000.0,23330200000.0,18033000000.0,734000000.0,6448500000.0,0.6654725231172294,0.30249727717589037,1.293750346586813,0.9361559363389341,0.19713548224628563,1.1795502459592409,0.0020604757538389418,-0.29386988445557516,-0.1626168224299065,,,,,,,,0.0,,70141599744.0,0.489,1.15,JKLAKSHMI.NS,,,,,0.38107972933967693,10.86021505376344,50.645161290322584,94.06688241639698,,95.59139784946237,,65.50218340611353,31.646932185145317,64.63104325699746,27.474402730375424,85.72984749455338,77.14285714285715,79.02173913043478,67.13532513181019,74.78849407783417,61.615765411071116,Q5 (Highest)
2026-08-31,2173.10009765625,2296.39990234375,1884.9000244140625,1896.0,834587,-0.11953186310800756,-0.03775884261683704,,,0.38365445170920764,28.600949470633836,3.601749606597818,,0,2078597000.0,1028605000.0,306939000.0,384913000.0,309405000.0,265445000.0,21822000.0,22138000.0,0.4948554241154009,0.1476664307703706,0.1277039272162906,0.18517923387746638,9706592000.0,1098875000.0,2796527000.0,6910065000.0,5644710000.0,2281718000.0,40509000.0,1007499000.0,0.15902527689681645,0.11320914693849293,2.4738859052696256,2.032333092871249,0.004561758937693394,0.0395746847340801,-0.06243778255796173,-0.1582634119116929,-0.23475171523943772,8222877000.0,1103924000.0,1463212000.0,1758398000.0,0.1597559501972847,0.11372930890677181,0.18269733572732472,1.0,2.3647429396434916,37979660288.0,,0.63,ANUP.NS,,,,,0.39269257290881643,30.53763440860215,4.838709677419355,96.33225458468176,,40.43010752688172,,56.659388646288214,8.288482238966631,,68.25938566552901,50.0,33.07692307692307,33.15217391304348,48.154657293497365,39.424703891708965,43.94362806156945,Q2 (Low)
2026-08-31,23.770000457763672,23.850000381469727,21.260000228881836,23.049999237060547,893631,0.10657701975447309,0.199271595241155,,,0.5871033891609675,47.204963940445225,0.48311328017941674,,0,1275993000.0,86578000.0,63853000.0,74703000.0,74703000.0,30788000.0,25068000.0,18847000.0,0.06785146940461272,0.05004181057419594,0.024128659013019665,0.05854499201798129,1924530000.0,742381000.0,1214799000.0,711848000.0,1354666000.0,1051583000.0,9583000.0,,1.042892583810027,0.3857466498313874,1.288215956324893,,0.12721424608741438,1.8483671014894996,0.1140696594210997,8.092734790313054,1.3050078681847634,4442986000.0,68085000.0,147847000.0,186297000.0,0.09564541868488778,0.03537746878458636,0.10166693141176528,1.0,3.143516962583072,1069607168.0,-0.033,,JETFREIGHT.NS,,,,,0.23967287173807383,80.96774193548387,83.76344086021506,13.700107874865155,,7.741935483870961,,10.91703056768559,39.93541442411195,9.79643765903308,27.13310580204778,91.28540305010894,66.04395604395604,34.67391304347826,,86.80203045685279,46.85070114678063,Q2 (Low)
2026-08-31,642.0,648.0,617.5999755859375,620.0,76362,-0.09369971915440478,-0.12878524734053454,,,0.38182073256887084,24.34831532181734,0.7506541866080436,,0,3716588000.0,1163942000.0,-1234918000.0,-51145000.0,-512641000.0,-964071000.0,196466000.0,291816000.0,0.31317487975530245,-0.33227196557702926,-0.25939679081996714,-0.013761277817180704,,,,,,,,,,,,,-0.09437943738086063,6.539049242631592,-0.6866112606133521,-24.482426013883813,-1.0690777122574615,31879146000.0,-2513371000.0,-1048077000.0,-139438000.0,,,,0.0,,27147575296.0,-0.158,0.95,JINDALPOLY.NS,,,,,0.20646399655554884,10.10752688172043,8.60215053763441,32.038834951456316,,40.75268817204301,,51.637554585152834,4.3057050592034445,5.216284987277354,,97.27668845315904,16.7032967032967,65.1086956521739,61.59929701230229,,39.55658153302799,Q1 (Lowest)
2026-08-31,199.85000610351562,207.35000610351562,171.47999572753906,176.25,10348743,-0.13696014618311358,0.12404334546997409,,,0.5130662429333418,35.217776129117524,1.8731628087571495,,0,3080490000.0,2595060000.0,201920000.0,387890000.0,343990000.0,319640000.0,16530000.0,6960000.0,0.8424179270181043,0.06554801346539024,0.10376271307486797,0.12591827923479706,25413070000.0,440220000.0,4934050000.0,20466490000.0,12089570000.0,4145670000.0,3444930000.0,,0.021509306187822142,0.01732258243494391,2.9161920751048687,,-0.029962464259172927,0.31750546144017155,0.274188144489806,1.0590054109765523,0.569769324160259,12242240000.0,920270000.0,868330000.0,1335280000.0,0.04496472037950816,0.03621246862342881,0.04153355549486266,1.0,2.0290021237103586,77734051840.0,,,IXIGO.NS,,,,,0.518876259629329,70.21505376344086,3.763440860215054,82.74002157497303,,14.408602150537632,,67.57641921397381,15.715823466092575,,76.10921501706484,67.53812636165577,24.395604395604394,30.434782608695656,,20.304568527918782,44.880110529344826,Q2 (Low)
2026-08-31,5461.0,5598.0,5361.0,5379.5,164061,0.0011165906764678546,0.004095319833679056,,,0.31427034142175936,46.63615560640733,0.4106991655435623,,0,40317200000.0,32507700000.0,4810000000.0,6869900000.0,5202500000.0,2774700000.0,1315300000.0,1141000000.0,0.8062985524788427,0.11930391991507347,0.06882174357346245,0.17039625767662436,,,,,,,,,,,,,0.03709839228295819,-0.16653149499864828,0.12580769467047181,-0.23001998001998003,-0.15256516214982674,147348200000.0,11094300000.0,19051800000.0,27104900000.0,,,,0.0,,415664537600.0,0.412,0.37,JKCEMENT.NS,,,,,0.41819124255730045,44.516129032258064,48.38709677419355,9.60086299892125,,63.87096774193549,,87.882096069869,38.751345532831,54.70737913486005,,36.710239651416124,43.956043956043956,89.89130434782608,29.261862917398947,,49.8356885438369,Q3 (Medium)
2026-08-31,9030.0,9050.0,8760.0,8945.0,1472380,0.01124865750946813,0.11498909317544403,,,0.15248927384726962,52.04081632653062,1.1200173018102733,,0,66055000000.0,32035000000.0,7866000000.0,10650000000.0,8406000000.0,5293000000.0,1702000000.0,1191000000.0,0.4849746423435016,0.11908258269623799,0.08013019453485731,0.16122927863144348,221969000000.0,60353000000.0,122224000000.0,94801000000.0,68998000000.0,64813000000.0,8113000000.0,5424000000.0,0.6366283056085906,0.27189832814492115,1.0645703793991945,0.9808834647370126,0.01977645351529933,0.053752737407923634,0.1951546074653061,0.421702927746441,0.2822056344810979,245172000000.0,18540000000.0,27286000000.0,38258000000.0,0.19556755730424785,0.08352517693912213,0.17586398030344044,1.0,1.8500565394266766,1286153699328.0,0.201,0.22,APOLLOHOSP.NS,,,,,0.7077219857571511,69.03225806451613,53.87096774193548,58.252427184466015,,99.13978494623656,,95.41484716157204,52.20667384284177,29.262086513994912,14.675767918088736,51.089324618736384,38.791208791208796,92.3913043478261,16.608084358523726,74.2808798646362,56.33437435697219,Q4 (High)
2026-08-31,7.739999771118164,8.09000015258789,7.489999771118164,7.829999923706055,273752,0.03434606950446284,-0.09999998903822604,,,0.3588287664313798,70.21275732300208,0.7500131612582001,,0,326957000.0,79435000.0,-34846000.0,-9016000.0,-27580000.0,-35686000.0,5865000.0,2242000.0,0.2429524371706371,-0.10657670580535054,-0.10914585098346266,-0.027575491578403277,2152167000.0,148513000.0,405493000.0,1746674000.0,634238000.0,326067000.0,37542000.0,151651000.0,0.0850261697374553,0.06900626206051853,1.945115574406487,1.480024044138168,0.4051908646283706,-5.523513753327418,0.29882970778446927,-0.487196436269579,-0.8676861214246929,1016947000.0,-19222000.0,-48804000.0,60641000.0,-0.011004915628216828,-0.008931463032376205,-0.025751548527928905,0.0,1.7382860159086166,684387136.0,0.616,,JHS.NS,,,,,0.16130389883119775,15.376344086021506,63.33333333333333,31.823085221143472,,49.032258064516135,,7.860262008733625,89.02045209903122,78.43511450381679,55.2901023890785,3.376906318082789,88.46153846153845,23.804347826086957,,31.64128595600677,45.8303353511593,Q2 (Low)
2026-08-31,325.0,326.0,310.29998779296875,320.20001220703125,1462017,0.0935045563758099,0.29818610769623644,,,0.20258388674338318,58.64572544755429,1.3707205130169846,,0,4109830000.0,2564690000.0,528290000.0,898550000.0,634150000.0,374860000.0,130410000.0,128620000.0,0.6240379772399345,0.12854302976035506,0.09121058535267883,0.21863434740609708,,,,,,,,,,,,,0.05967697853227372,-0.2593895090388225,0.16441282550367897,-0.14583238390375064,-0.015147363459999785,15578170000.0,1881320000.0,2512460000.0,3793570000.0,,,,0.0,,104971206656.0,0.092,0.06,JLHL.NS,,,,,0.23290166307470905,89.35483870967742,81.18279569892472,68.71628910463862,,95.26881720430107,,70.96069868995633,68.67599569429494,19.59287531806616,,32.46187363834422,50.21978021978022,58.80434782608695,3.3391915641476277,,55.90516691121455,Q4 (High)
2026-08-31,614.0,644.0,605.0999755859375,614.7999877929688,1574650,0.21406002212283393,0.27665892969162553,,,0.5102689547823354,63.11715401566535,0.5160437564042831,,0,5256335000.0,1864009000.0,1039913000.0,1199085000.0,1067967000.0,789393000.0,257095000.0,21479000.0,0.35462142348233133,0.19783993980596748,0.15017935500686314,0.22812187579368515,,,,,,,,,,,,,0.3220697120959153,1.272249183951918,0.3988390588669859,3.1201342421996516,1.906936151334211,15913682000.0,1611913000.0,2044997000.0,2742787000.0,,,,0.0,,31874281472.0,0.212,1.3,APCOTEXIND.NS,,,,,0.18770714084410609,88.49462365591397,94.3010752688172,15.641855447680692,,14.731182795698928,,54.14847161572053,77.93326157158235,30.279898218829516,,86.9281045751634,84.83516483516483,68.91304347826087,71.61687170474517,,59.188236877838506,Q5 (Highest)
2026-08-31,734.7999877929688,753.0,719.9500122070312,734.6500244140625,2769943,0.03530164837934291,0.0034831975319820074,,,0.25130920130343715,52.176353502642364,1.133906706808025,,0,112785400000.0,35675800000.0,10267800000.0,14821400000.0,11797800000.0,7693600000.0,2649300000.0,1461900000.0,0.31631576427445396,0.09103837908098034,0.0682145029409835,0.13141239912258146,,,,,,,,,,,,,-0.005173239577002775,-0.08796054815306553,0.10496573966850664,0.07729360367424665,0.08580889517292922,440260600000.0,32486500000.0,44689500000.0,59874300000.0,,,,0.0,,605314744320.0,0.554,0.41,JSL.NS,,,,,0.5120151716522071,44.193548387096776,63.54838709677419,58.68392664509169,,84.83870967741936,,89.95633187772926,52.31431646932185,72.7735368956743,,41.067538126361654,29.89010989010989,95.0,32.60105448154657,,57.65783063647504,Q4 (High)
2026-08-31,997.0,1083.3499755859375,968.2000122070312,984.25,691623,0.023235237570091494,0.4824158173117008,,,0.5294347582449767,32.985318305005805,1.0779958251065547,,0,1091586000.0,838281000.0,105202000.0,213591000.0,170474000.0,172971000.0,-6755000.0,4257000.0,0.7679477384283052,0.09637536575221742,0.158458426546328,0.1956703365561669,4938242000.0,52644000.0,848527000.0,4089715000.0,1964908000.0,751400000.0,102902000.0,2959000.0,0.012872290611937507,0.010660473909541088,2.614996007452755,2.611058025019963,0.8467902387526394,0.4782330017434109,0.8250192686119744,1.510719521576938,0.7661782459854136,2848821000.0,475615000.0,346142000.0,668361000.0,0.11629538977654923,0.09631261489412629,0.0835615647991881,1.0,2.145135009584382,14726915072.0,0.806,,IZMO.NS,,,,,0.30454324061958554,96.55913978494624,59.46236559139785,56.310679611650485,,12.473118279569889,,42.5764192139738,13.240043057050594,90.5852417302799,72.86689419795222,73.42047930283225,95.38461538461539,8.369565217391305,,17.089678510998308,52.55588265884388,Q4 (High)
2026-08-31,142.5,142.97000122070312,138.3699951171875,140.02000427246094,993003,0.061239970301220525,0.18721384919441775,,,0.3625049317723216,54.18447238921251,0.303290955810155,,0,1965757000.0,577838000.0,349139000.0,-1419340000.0,-1448782000.0,-1094506000.0,-356467000.0,3346000.0,0.29395189741153155,0.17761045744718193,-0.5567860116993097,-0.7220322756068018,11272164000.0,990638000.0,2450555000.0,8821621000.0,10432518000.0,1463670000.0,237390000.0,9101128000.0,0.11229659492286055,0.08788356876283915,7.127643526204677,0.9096244372023748,-0.0007609591847316244,-3.7161788573498975,0.4954715692144305,-4.290500441937792,-4.003347538860652,,,,,,,,0.0,,25996619776.0,,1.42,ARKADE.NS,,,,,0.3471607939626039,79.03225806451613,73.22580645161291,6.472491909385113,,46.98924731182795,,50.9825327510917,57.91173304628633,,92.83276450511946,4.57516339869281,31.0989010989011,1.4130434782608696,74.60456942003515,35.36379018612521,46.96682010812364,Q2 (Low)
2026-08-31,408.8999938964844,420.0,390.0,408.54998779296875,2504060,0.2361573004325832,0.4352713738035132,,,0.44489021456897426,73.05179750784197,1.195617766726178,,0,3382329000.0,679710000.0,426171000.0,430899000.0,430899000.0,319582000.0,70791000.0,33589000.0,0.20095916157180452,0.12599927446442968,0.09448578183849057,0.1273971278370614,9184118000.0,1586430000.0,4234356000.0,4941530000.0,7151005000.0,3388135000.0,1087481000.0,2925000.0,0.3210402446205932,0.17273623879832553,2.1106021454280897,2.1097388386236084,0.43653994887230696,0.8317408823343975,0.5699771767389334,0.41920385107290037,0.4040691706881552,7910474000.0,511571000.0,764924000.0,794876000.0,0.10352481923614751,0.05570170156785877,0.11717657583686175,1.0,2.2610801276725754,19852005376.0,0.838,0.24,ASIANENE.NS,,,,,0.19453980606089535,95.48387096774194,95.16129032258065,62.351672060409925,,26.021505376344095,,46.83406113537118,91.60387513455328,92.55725190839695,61.262798634812285,80.93681917211329,89.56043956043956,48.91304347826087,18.629173989455182,53.97631133671743,64.21947420514643,Q5 (Highest)
2026-08-31,875.0,932.7999877929688,875.0,898.7000122070312,2076180,0.008019768394324611,0.10534410638952263,,,0.3172642058224352,52.73233589194799,2.6375972883563144,,0,13254700000.0,9667600000.0,2119300000.0,2962800000.0,2214600000.0,1324800000.0,470100000.0,418400000.0,0.7293714682339095,0.159890453952183,0.09994945189253623,0.22352825790097097,77722500000.0,21979600000.0,38380800000.0,39320900000.0,23296900000.0,16315500000.0,2453100000.0,12265800000.0,0.5589800843826057,0.28279584418926307,1.4278998498360456,0.6761116729490362,0.08613032220000649,0.33145728643216077,0.1778500528733793,0.2569259962049335,0.3398453398453398,49122100000.0,3805600000.0,6622200000.0,9539900000.0,0.09678313568611095,0.04896394223037087,0.10802848263880392,1.0,1.5421174048698896,229103075328.0,,0.22,ASAHIINDIA.NS,,,,,0.4641483291490072,67.41935483870968,52.04301075268817,92.12513484358145,,62.795698924731184,,82.53275109170306,53.71367061356297,,35.665529010238906,68.30065359477125,57.692307692307686,77.5,16.608084358523726,69.54314720812182,59.06262286192933,Q5 (Highest)
2026-08-31,97.0,101.9800033569336,96.0999984741211,100.04000091552734,16299,-0.030244306279799127,0.05227728238831264,,,0.4019862548976748,49.73573371345849,1.0439414675720442,,0,1417700000.0,500100000.0,95200000.0,163300000.0,148900000.0,87700000.0,28800000.0,32400000.0,0.352754461451647,0.0671510192565423,0.061860760386541584,0.11518656979614869,3591800000.0,824700000.0,2589700000.0,1002100000.0,2920700000.0,1748600000.0,82600000.0,28600000.0,0.8229717593054585,0.22960632551923826,1.6703076747111976,1.6539517328148232,0.09221879815100165,-0.529001074113856,0.17807877679906925,-0.2846655791190864,-0.015078407720144793,4758800000.0,409300000.0,351200000.0,478900000.0,0.4084422712304161,0.1139540063477922,0.19224874096781258,1.0,2.243897210312378,3963271936.0,0.93,,INSPIRISYS.NS,,,,,0.2597660460977018,57.41935483870968,27.956989247311824,54.15318230852212,,35.698924731182785,,24.017467248908297,45.96340150699677,95.92875318066157,45.39249146757679,24.836601307189543,59.34065934065934,37.06521739130435,,81.04906937394247,49.25480746286438,Q3 (Medium)
2026-08-31,390.95001220703125,392.70001220703125,380.3999938964844,387.04998779296875,1153889,0.08798309990996134,-0.010355454480547643,,,0.3270543313188187,57.029786189342026,0.19824561528933554,,0,18871700000.0,7774000000.0,1909500000.0,3209000000.0,2220900000.0,1301200000.0,466200000.0,398100000.0,0.41193957089186456,0.10118325323102847,0.06894980314439081,0.1700429744008224,,,,,,,,,,,,,-0.0400722297108268,0.41465535986083935,0.12529143436391288,0.920590405904059,0.4006372484832612,72771600000.0,3286200000.0,6085500000.0,10510000000.0,,,,0.0,,70179430400.0,0.321,1.03,JKPAPER.NS,,,,,0.23410631175531643,39.462365591397855,80.21505376344086,2.373247033441208,,60.0,,65.61135371179039,65.01614639397201,42.23918575063613,,71.67755991285402,23.296703296703296,77.28260869565217,65.11423550087873,,52.81923064338445,Q4 (High)
2026-08-31,126.12000274658203,133.82000732421875,126.0999984741211,131.25,9005332,0.014767308769049636,-0.08828845596770085,,,0.24776158374736754,54.266033457754084,1.5622058702354245,,0,31889800000.0,3563400000.0,2229100000.0,3891500000.0,3451700000.0,1916000000.0,563700000.0,973400000.0,0.1117410582694153,0.06990009344680745,0.06008190706746358,0.12202961448488231,213066800000.0,57256300000.0,146359900000.0,66386400000.0,118036600000.0,71506100000.0,48093500000.0,123000000.0,0.8624703252473398,0.26872464410222524,1.6507207077438149,1.649000574776138,0.504917321051042,0.9034373137293861,-0.06538259766065757,-0.09129713066160783,0.08859236880384924,90710500000.0,5954700000.0,6030300000.0,12793300000.0,0.08969758866273815,0.02794757324932838,0.04877198572984899,1.0,1.1774648607854439,123442683904.0,0.641,1.68,IRCON.NS,,,,,0.38691658560187486,17.8494623655914,55.91397849462365,75.18878101402373,,85.48387096774194,,72.59825327510917,58.1270182992465,80.9796437659033,44.88054607508533,82.02614379084967,90.76923076923077,80.76086956521739,78.03163444639719,82.40270727580372,67.00080934032158,Q5 (Highest)
2026-08-31,1811.0,1920.0,1716.5,1772.800048828125,409338,-0.01587652670052564,-0.1250616466539708,,,0.3865672492846899,38.429138197046505,2.03856942487095,,0,5036174000.0,1422703000.0,487623000.0,578669000.0,538392000.0,366020000.0,170030000.0,2342000.0,0.2824967922077355,0.09682409702285902,0.07267818784656765,0.11490250336862864,13009709000.0,175346000.0,4198531000.0,8811178000.0,7907481000.0,4051136000.0,206050000.0,2149630000.0,0.019900403782558928,0.013478087788128082,1.9519169437905812,1.4212929410417225,-0.036180451559502225,-0.017770406985793352,0.0865283339798486,-0.05377422632173534,0.03489353635287351,18980010000.0,1345249000.0,1619030000.0,2017295000.0,0.15267527225077054,0.1034034658269451,0.18016198476741396,1.0,2.8993705239679075,29733142528.0,,0.68,INTERARCH.NS,,,,,0.2669172698261731,10.64516129032258,36.02150537634409,85.97626752966559,,39.247311827956985,,53.16593886462883,20.667384284176535,,55.80204778156996,45.751633986928105,23.846153846153847,62.82608695652174,51.14235500878734,19.96615905245347,43.67053372036727,Q2 (Low)
2026-08-31,941.25,957.9500122070312,847.1500244140625,857.75,4499280,0.27518021090860123,0.2954992170795936,,,0.4883564339195104,69.09090581011172,0.5208661630238611,,0,1332411000.0,558834000.0,-850528000.0,426950000.0,339812000.0,224976000.0,85210000.0,3226000.0,0.41941563076258004,-0.6383375700140572,0.1688488011582012,0.32043416033040856,38865852000.0,54222000.0,2370628000.0,35518342000.0,23228978000.0,2059927000.0,666176000.0,,0.0015265915283996082,0.0013951064291604877,11.276602520380576,,4.001505243954625,-2.1393035833654057,10.342950300512488,-2.3488497580804717,-3.0875096564739937,2037506000.0,167564000.0,-2882071000.0,524198000.0,0.004717675166256353,0.00431134251218782,-0.08101949018912441,1.0,2.0142984540773736,39523864576.0,0.688,0.14,63MOONS.NS,,,,,0.28017265262622254,89.13978494623656,96.98924731182795,16.50485436893204,,18.27956989247312,,57.42358078602619,87.29817007534983,84.22391857506362,95.05119453924915,8.278867102396514,98.68131868131869,51.73913043478261,9.92970123022847,9.644670050761421,54.87893386630975,Q4 (High)
2026-08-31,279.3999938964844,289.70001220703125,277.79998779296875,282.3999938964844,1399787,-0.018592549447491336,-0.002120162909949208,,,0.20642749800802127,50.650765752794406,0.618426769814012,,0,6276500000.0,1413200000.0,-161000000.0,4559600000.0,4559600000.0,3751400000.0,0.0,808200000.0,0.2251573329084681,-0.02565123874770971,0.5976897952680634,0.7264558272922808,93465300000.0,7650000000.0,74409000000.0,19056300000.0,68102100000.0,72615300000.0,244000000.0,2057100000.0,0.4014420427889989,0.08184855770002343,0.9378478089328282,0.9095190682955245,0.21956669581268828,-15.81010659297276,-0.3997800516400497,-86.64840182648402,5.510923889761531,21837100000.0,2318400000.0,-380100000.0,5028700000.0,0.12166055320287779,0.024804927604148277,-0.014232596803001539,1.0,0.6221213648273743,271909388288.0,0.071,,ITI.NS,,,,,0.30455071730127187,41.82795698924731,34.30107526881721,23.408845738942826,,94.83870967741936,,84.38864628820961,48.546824542518834,17.557251908396946,11.774744027303754,1.0893246187363834,79.01098901098901,14.728260869565219,,60.74450084602368,44.14780865241135,Q2 (Low)
2026-08-31,120.37999725341797,123.9000015258789,118.19000244140625,119.80000305175781,44429430,-0.016501063517951997,-0.039217253139010255,,,0.25428929714742365,42.222228718086626,1.8785983671277453,,0,22362600000.0,8624300000.0,8351000000.0,8450400000.0,8351000000.0,3385300000.0,752200000.0,,0.38565730281809807,0.3734360047579441,0.15138221852557396,0.37788092618926244,,,,,,,,,,,,,0.039709882139619124,-0.3128108316586484,0.18282459100501947,-0.32503239956135976,0.11868041673837348,84329300000.0,16632000000.0,31616000000.0,32049900000.0,,,,0.0,,336545939456.0,,1.0,IREDA.NS,,,,,0.4495321626437225,30.215053763440856,35.483870967741936,82.95577130528586,,83.76344086021506,,85.80786026200873,28.417653390742736,,,30.82788671023965,44.505494505494504,84.1304347826087,63.971880492091394,,54.671956469324634,Q4 (High)
2026-08-31,169.43515659402877,174.84309879894366,166.1999969482422,167.83999633789062,1334084,0.08331965998166169,0.07319710342324481,,,0.4893191093359741,49.156210895248506,0.4016092947943967,,0,1527700000.0,566500000.0,255500000.0,354300000.0,295500000.0,216200000.0,76700000.0,2600000.0,0.37081887805197356,0.1672448779210578,0.14151993192380702,0.2319172612423905,,,,,,,,,,,,,0.07721054858271037,0.008395522388059629,0.36584711667411707,-0.07289879931389365,-0.004775280898876355,,,,,,,,0.0,,,0.66,0.3,INFOBEAN.NS,,,,,0.17711892488943562,61.72043010752688,79.46236559139786,9.169363538295578,,18.064516129032256,,,45.10226049515608,82.1882951653944,,47.05882352941176,55.16483516483517,50.0,22.671353251318102,,48.04014953149122,Q3 (Medium)
2026-08-31,250.25,253.0,225.64999389648438,229.5,787802,-0.1167981735256346,0.14372568429956867,,,0.4512421058939067,24.7107064077736,0.9379259075942391,,0,3544300000.0,1218100000.0,806400000.0,870800000.0,806400000.0,114700000.0,100000.0,,0.34367858251276695,0.22752024377168975,0.0323618203876647,0.24569026323956775,,,,,,,,,,,,,0.03555776310407288,-1.0270563536432902,0.03595124660216875,-0.683061619231832,1.3682349741637205,13711600000.0,1414200000.0,2579200000.0,2855700000.0,,,,0.0,,37085446144.0,0.453,,INDOSTAR.NS,,,,,0.2991038304739705,73.54838709677419,5.268817204301075,48.22006472491909,,24.94623655913979,,56.00436681222707,4.843918191603875,60.1145038167939,,14.705882352941178,43.51648351648352,17.065217391304348,,,39.8822585110992,Q1 (Lowest)
2026-08-31,153.5,168.7100067138672,153.35000610351562,168.7100067138672,54138,0.044306461827336774,0.05706868100875173,,,0.5279024919806835,69.15477267568514,1.318883645864476,,0,1644400000.0,364900000.0,122100000.0,148200000.0,133300000.0,88600000.0,31000000.0,13700000.0,0.22190464607151544,0.07425200681099489,0.053879834590124055,0.09012405740695695,3420800000.0,653700000.0,1849900000.0,1570900000.0,2706900000.0,1836700000.0,31400000.0,738500000.0,0.41613088038703927,0.19109565014031804,1.4737845048184244,1.0717046877552132,0.13430364903083403,0.9136069114470842,0.10096411355115165,1.3133159268929502,0.7014925373134329,5945500000.0,186800000.0,286900000.0,385200000.0,0.11891272518938188,0.05460710944808232,0.12896700530432437,1.0,2.814806478016838,1742143872.0,0.312,0.95,IVP.NS,,,,,0.2705794879468642,58.70967741935483,66.77419354838709,67.09816612729233,,12.58064516129032,,16.375545851528383,87.51345532831,40.839694656488554,38.225255972696246,82.24400871459694,67.36263736263737,38.04347826086957,61.59929701230229,61.42131979695431,53.25249168084722,Q4 (High)
2026-08-31,393.95001220703125,408.54998779296875,391.04998779296875,403.8500061035156,22964892,0.013934266835658793,0.36967949039733927,,,0.6152383871331153,57.07880571313953,0.6592547147987566,,0,2932562000.0,960537000.0,606782000.0,638709000.0,638709000.0,376195000.0,180058000.0,90775000.0,0.3275419240923125,0.20691190842682952,0.12828202779685477,0.21779897577613022,23685083000.0,5432589000.0,10602879000.0,13130950000.0,16655071000.0,8743835000.0,895032000.0,7952893000.0,0.41372398798259075,0.22936753060987797,1.9047787383911063,0.9952358433113159,0.16269956280248876,0.46506501750546203,0.9762065050019038,1.0602135815991236,0.8276452123352152,8408261000.0,958123000.0,1732501000.0,1789507000.0,0.07296676935027549,0.04045259203862617,0.09332816334212997,1.0,1.6209702072819419,150070460416.0,1.334,0.06,APOLLO.NS,,,,,0.2144597038904722,92.25806451612904,55.26881720430108,25.88996763754045,,5.161290322580641,,75.43668122270742,65.1237890204521,98.85496183206108,53.412969283276446,72.87581699346404,72.52747252747253,63.80434782608696,3.3391915641476277,61.082910321489,56.33575201811389,Q4 (High)
2026-08-31,299.8999938964844,305.04998779296875,289.04998779296875,292.0,19431405,-0.14129863439802093,-0.0207186962806728,,,0.36075141307950953,21.933779393965892,0.5565480594578587,,0,14243880000.0,9527100000.0,4450770000.0,4889150000.0,4538550000.0,2313980000.0,932730000.0,1291840000.0,0.6688556769644226,0.3124689340264029,0.16245433126367254,0.343245660592479,,,,,,,,,,,,,-0.021015625805431704,-0.27741641346877466,0.2556865165072508,1.0215081944298845,0.7635463182726505,,,,,,,,0.0,,266796728320.0,0.29,1.73,ANGELONE.NS,,,,,0.48627921642555866,36.344086021505376,3.3333333333333335,18.66235167206041,,48.064516129032256,,84.27947598253274,3.013993541442411,38.42239185750636,,31.699346405228756,25.934065934065938,86.08695652173914,79.34973637961336,,43.679350251870666,Q2 (Low)
2026-08-31,18.079999923706055,18.59000015258789,17.3799991607666,18.190000534057617,408280,0.21998663448778033,0.18116889510635015,,,0.6031199994051504,56.95840445985892,0.20185697589562782,,0,83300000.0,67200000.0,46800000.0,50600000.0,49900000.0,19300000.0,900000.0,24600000.0,0.8067226890756303,0.5618247298919568,0.23169267707082833,0.6074429771908764,,,,,,,,,,,,,0.2142857142857142,-1.2780979827089336,2.0072202166064983,-1.7628458498023716,3.1818181818181817,199800000.0,-158300000.0,56600000.0,69400000.0,,,,0.0,,3486296832.0,0.217,,ASHIMASYN.NS,,,,,0.18773253207787732,77.95698924731182,94.73118279569891,2.696871628910464,,6.666666666666671,,22.707423580786028,64.69321851453176,31.170483460559794,,12.091503267973856,78.68131868131869,18.695652173913043,,,44.006087334511406,Q2 (Low)
2026-08-31,405.0,422.0,384.1499938964844,394.8999938964844,7602020,-0.014397473583317777,0.03832710367814185,,,0.38485955677977335,47.727313464671795,1.5125948335025117,,0,42234400000.0,16012800000.0,4143400000.0,4997900000.0,3770600000.0,1779900000.0,887500000.0,1005500000.0,0.3791411740192829,0.09810486238705889,0.04214337128028337,0.11833718485405262,159958600000.0,48815400000.0,99357000000.0,60608200000.0,72951700000.0,54267600000.0,2366700000.0,26629800000.0,0.8054256684739028,0.30517521408664494,1.3442956755043525,0.853582985059225,0.0001136643491768119,-0.14324909747292414,0.14964830905250315,2.3838403041825096,0.5749850313553715,160739400000.0,6498700000.0,14004200000.0,17968200000.0,0.1072247649657967,0.040627387336473315,0.1279815323202673,1.0,1.7532960403504405,113845526528.0,0.502,0.97,JKTYRE.NS,,,,,0.5945276903835098,54.086021505376344,37.31182795698925,73.67853290183388,,40.10752688172043,,71.94323144104804,40.90419806243272,66.34860050890585,30.716723549488055,37.908496732026144,32.1978021978022,85.43478260869564,62.214411247803156,80.37225042301185,54.21496040114224,Q4 (High)
2026-08-31,10.0,10.399999618530273,9.819999694824219,10.329999923706055,106367,-0.05402931762507146,-0.10017418679323842,,,0.3083699824804854,42.51206950486812,0.7445040715625757,,0,3085100000.0,38100000.0,26200000.0,52700000.0,50900000.0,25100000.0,10000000.0,15800000.0,0.01234968072347736,0.008492431363651097,0.008135878901818418,0.017082104307802017,3441900000.0,1973100000.0,2252300000.0,1189600000.0,3390300000.0,1843800000.0,1270700000.0,758400000.0,1.6586247478143914,0.5732589558092914,1.83875691506671,1.4274324764074195,0.0176474468927299,-0.1462585034013606,-0.018203226935684103,0.5687500000000001,-0.08981001727115712,14173200000.0,112400000.0,183700000.0,289000000.0,0.09448554135843981,0.03265638164967024,0.058083283270623204,1.0,5.189694645399344,587923200.0,0.619,,ANMOL.NS,,,,,0.2383345873751265,15.161290322580644,18.27956989247312,31.715210355987054,,66.34408602150538,,6.550218340611353,28.955866523143165,78.62595419847328,51.19453924914675,37.58169934640523,37.91208791208791,26.08695652173913,,94.585448392555,42.86619513844721,Q2 (Low)
2026-08-31,1070.0,1096.199951171875,1038.0,1063.0,9253,-0.07015391409845961,0.020545338820715964,,,0.35391417182216467,32.3241227879473,0.25510901849606105,,0,0.0,-500000.0,3000000.0,-42800000.0,-42900000.0,-56600000.0,300000.0,13400000.0,,,,,12426600000.0,647800000.0,2213900000.0,10212700000.0,64000000.0,,300000.0,,0.06343082632408667,0.0521301079941416,,,,-0.9515991106550368,-1.0,-1.1937029431895962,-1.141440846001322,104600000.0,-227800000.0,119900000.0,-145500000.0,-0.022305560723413005,-0.018331643410104133,0.011040007366143363,0.0,,10946206720.0,,,JINDALPHOT.NS,,,,,0.18493183217518738,49.13978494623656,14.086021505376344,4.962243797195254,,50.43010752688172,,36.681222707423586,12.16361679224973,,,16.013071895424837,,17.608695652173914,,28.59560067681895,35.31202436665206,Q1 (Lowest)
2026-08-31,79.94984883870589,81.73999786376953,78.01660595853693,79.31999969482422,298615,0.02288260851898527,0.007330217607327105,,,0.26646363214459995,51.34043762568245,1.8038595376152124,,0,2021172000.0,508913000.0,168799000.0,186282000.0,156253000.0,116814000.0,38381000.0,1058000.0,0.2517910400500304,0.08351540591300494,0.057795180222168126,0.09216533773474005,5573679000.0,583000.0,2051455000.0,3522224000.0,4513156000.0,2030033000.0,80597000.0,1477550000.0,0.00016552042118843095,0.00010459877578166953,2.2231934160676206,1.4953481051785857,0.02504892784746371,-0.13155899189651332,0.02007525001324817,-0.06226218190575583,-0.07180156657963443,7716574000.0,410461000.0,474718000.0,660759000.0,0.11653460995098551,0.07364274117687797,0.13475560824081478,1.0,2.8963042363939513,7949767680.0,,1.89,ANUHPHR.NS,,,,,0.26692021642053393,45.16129032258064,59.13978494623656,81.22977346278317,,80.0,,32.532751091703055,50.05382131324004,,64.50511945392492,38.77995642701525,40.879120879120876,40.869565217391305,81.81019332161688,6.768189509306261,51.448637729661264,Q3 (Medium)
2026-08-31,413.95001220703125,413.95001220703125,364.0,365.5,114648,0.32499543923461904,0.4802365248274503,,,0.5149510849763166,79.99366426364094,0.2294194380149881,,0,1889051000.0,683074000.0,271398000.0,325981000.0,279343000.0,192320000.0,63238000.0,25838000.0,0.36159637828729874,0.1436689639400948,0.10180773308926017,0.17256336647343032,,,,,,,,,,,,,0.3113774367254907,0.7691592997691041,0.2603941344215088,5.080111283234801,1.7156483780136291,5745037000.0,348374000.0,523312000.0,771217000.0,,,,0.0,,4308244480.0,0.273,0.41,ASAHISONG.NS,,,,,0.19597482030563962,96.45161290322581,98.06451612903226,3.559870550161812,,14.301075268817215,,25.0,96.34015069967707,36.00508905852418,,79.8474945533769,84.3956043956044,46.95652173913044,32.60105448154657,,54.23486598527311,Q4 (High)
2026-08-31,719.9000244140625,729.3499755859375,675.0,683.2999877929688,1469834,0.25009150807314473,0.2888804231371527,,,0.5925881388961662,28.585759605130463,0.05586861634816733,,0,3274700000.0,,769100000.0,2188600000.0,2083700000.0,1662200000.0,403700000.0,17800000.0,,0.2348612086603353,0.507588481387608,0.6683360307814457,,,,,,,,,,,,,0.06584429110792867,0.6621999999999999,0.1323305670816044,0.05469543147208111,0.12391516458686391,12382600000.0,5438000000.0,3136000000.0,7288000000.0,,,,0.0,,58114002944.0,0.094,,JUSTDIAL.NS,,,,,0.19263184325746074,88.9247311827957,96.23655913978494,0.3236245954692557,,7.5268817204301115,,62.66375545851528,8.180839612486544,19.974554707379134,,77.8867102396514,51.868131868131876,75.32608695652175,,,49.260791698744406,Q3 (Medium)
2026-08-31,484.0,504.95001220703125,471.04998779296875,498.8999938964844,783151,-0.005581060877852706,0.003116492960585582,,,0.26598456424188044,51.91584392239225,1.7610305264417547,,0,15853948000.0,3592988000.0,1579399000.0,2571164000.0,1912000000.0,1096441000.0,386233000.0,422845000.0,0.2266304897682268,0.09962181028977767,0.06915886188096491,0.16217815272258998,61966343000.0,6211883000.0,28284258000.0,33684666000.0,37222227000.0,22966236000.0,2031801000.0,3314236000.0,0.18441278295590047,0.10024608036010775,1.6207369374763894,1.47642787438046,0.2090827779801312,0.3234384939147523,0.0662588496781944,0.09692364640441786,0.13988477745734573,60132609000.0,4100410000.0,6656108000.0,9294445000.0,0.12172927586694789,0.06617156671646736,0.1668341790664651,1.0,2.109337493096857,37749518336.0,,0.8,JKIL.NS,,,,,0.2973320261479361,44.086021505376344,43.11827956989247,79.93527508090615,,80.32258064516128,,56.33187772925764,51.77610333692142,,44.027303754266214,67.97385620915033,78.35164835164835,74.34782608695653,56.15114235500879,41.62436548223351,57.869752007118606,Q4 (High)
2026-08-31,161.89999389648438,166.5,157.0,158.97000122070312,907553,-0.0013192075935437586,0.1703600020445406,,,0.5233010170697951,51.86546197118204,0.643260692828701,,0,1339928000.0,532383000.0,154430000.0,197940000.0,166146000.0,87184000.0,36464000.0,42498000.0,0.39732209491853293,0.11525246132628021,0.06506618266056087,0.1477243553384958,7703482000.0,1495471000.0,2138665000.0,5564817000.0,4436683000.0,1513589000.0,731704000.0,1791247000.0,0.26873677966409315,0.1941292262382128,2.9312336440077194,1.747790186107325,-0.8734387500366009,-0.8430926499172126,0.030978728380984144,-0.35471360161055143,-0.011954975416177849,13928676000.0,747010000.0,1401158000.0,2021309000.0,0.13423801717109476,0.09697043492799749,0.19845621028490623,1.0,3.3459433539274834,7638763008.0,,,INDOFARM.NS,,,,,0.2652789708507563,76.77419354838709,45.913978494623656,25.458468176914778,,13.44086021505376,,32.096069868995635,51.45317545748116,,76.45051194539249,17.75599128540305,1.098901098901099,40.65217391304348,,48.73096446700508,41.988352564746755,Q1 (Lowest)
2026-08-31,155.0,164.3000030517578,152.5500030517578,159.24000549316406,22683123,-0.05445043625403401,0.22445214730052032,,,0.5329544106487314,30.036419382896,0.5478155708241169,,0,17162600000.0,,,,,4288000000.0,1954800000.0,20487000000.0,,,0.2498455944903453,,1985994700000.0,43810000000.0,1815960300000.0,170034400000.0,,,80894000000.0,,0.2576537453597625,0.0220594747810757,,,-0.020282111440298234,-0.4630334602284112,-0.0894785985612121,-0.26311628946056953,,69590600000.0,22933800000.0,,,0.1348774130411258,0.011547764956271031,,1.0,,175352299520.0,0.476,1.35,J&KBANK.NS,,,,,0.34589229422949835,83.65591397849462,18.172043010752688,18.230852211434737,,11.935483870967744,,78.49344978165938,9.472551130247577,62.913486005089055,,27.233115468409586,26.263736263736266,93.26086956521739,73.02284710017575,48.05414551607445,46.713899593483944,Q2 (Low)
2026-08-31,82.98999786376953,89.69999694824219,82.94999694824219,87.9800033569336,1854782,0.040690825693786126,-0.058332408545869074,,,0.4612691096818118,66.92606871878428,1.3344429485997964,,0,6374080000.0,2619963000.0,258945000.0,316677000.0,100387000.0,46973000.0,38564000.0,5818000.0,0.4110339060695818,0.04062468622922837,0.007369377227772479,0.04968199332295798,21741993000.0,5603000.0,4033797000.0,16715455000.0,9778303000.0,2040187000.0,309974000.0,2987294000.0,0.0003351987726328718,0.00025770406604399144,4.79284644005672,3.3286208568136155,0.009615460766303485,-0.7898628850068222,0.2739280721337227,-0.20086764205512075,-0.05801076212374956,24659965000.0,832232000.0,1250845000.0,2048336000.0,0.04978817507510265,0.0382776316780159,0.07480657025410713,1.0,2.6528671175636935,11924404224.0,0.345,0.91,ANDHRSUGAR.NS,,,,,0.44213387499014634,25.483870967741932,65.80645161290323,67.20604099244876,,22.903225806451616,,38.1004366812227,83.96124865446717,47.07379134860051,87.37201365187714,18.627450980392158,34.83516483516483,40.97826086956522,60.19332161687171,7.4450084602368864,46.66575243186292,Q2 (Low)
2026-08-31,83.0,92.9000015258789,80.0,89.48999786376953,339163,0.11890465250913862,0.044102191339092656,,,0.2981698622408224,68.02517825676219,3.6013511634864885,,0,1791324000.0,564362000.0,84067000.0,122490000.0,87817000.0,31486000.0,11450000.0,44881000.0,0.3150529999039816,0.046930091932001136,0.01757694308790593,0.06837958962197793,3873661000.0,1824672000.0,2754906000.0,1118755000.0,2358287000.0,2056673000.0,3532000.0,803376000.0,1.6309844425276312,0.4710458659134085,1.1466514122565912,0.756032193742029,0.06627190194215671,0.9563812600969306,0.10705737302197949,-32.51751751751752,0.31359385724090605,6707018000.0,79763000.0,289877000.0,422673000.0,0.07129621767053555,0.020591115226655094,0.098482822913563,1.0,2.3040239969372642,1790065536.0,0.152,,ARCHIDPLY.NS,,,,,0.3765941240482287,55.6989247311828,85.16129032258064,96.22437971952536,,70.53763440860214,,16.70305676855895,86.32938643702907,23.791348600508904,19.283276450511945,82.78867102396515,51.978021978021985,26.847826086956523,,94.24703891708968,57.30605702963554,Q4 (High)
2026-08-31,20.119901700205165,20.32937918759937,19.59000015258789,19.68000030517578,27305268,-0.02379989596521781,-0.05020480730586474,,,0.2887449851561557,46.4385687153293,0.4727719573271546,,0,17005440000.0,9555520000.0,3824490000.0,11879490000.0,8545700000.0,3062700000.0,1102810000.0,4380190000.0,0.5619096006924843,0.22489803262955854,0.18010119114824433,0.6985699870159197,,,,,,,,,,,,,0.11405593654270962,0.03379137848976743,-0.08862192267126279,0.512578895901858,0.16740844835125968,61644740000.0,9541430000.0,14542020000.0,43153490000.0,,,,0.0,,237695041536.0,-0.079,1.02,IRB.NS,,,,,0.3441190855722455,27.419354838709676,31.290322580645164,12.405609492988134,,73.01075268817205,,82.86026200873363,38.32077502691066,7.760814249363868,,49.45533769063181,63.95604395604395,87.82608695652175,64.76274165202109,,49.27120674271612,Q3 (Medium)
2026-08-31,307.95001220703125,324.6499938964844,299.6499938964844,312.70001220703125,663447,-0.02113006649574145,0.047220381163112224,,,0.46802153843805944,58.73684251103692,1.7607931472164093,,0,1029095000.0,703001000.0,194505000.0,160857000.0,120574000.0,312984000.0,-333381000.0,140971000.0,0.683125464607252,0.1890058740932567,0.30413518674174883,0.15630918428327803,16922459000.0,3337307000.0,7716543000.0,9205916000.0,2385535000.0,3954932000.0,1835384000.0,89623000.0,0.36251764626138233,0.19721170546195443,0.6031797765423021,0.5805187042406798,0.13106752366339713,-1.5542119606117537,0.12458214538226242,-0.8203122936786882,-0.9254793137075498,3410811000.0,-1022571000.0,274905000.0,-515336000.0,-0.11107759401671707,-0.06042685640426134,0.021916615849052513,0.0,0.875387625403613,13331410944.0,-0.005,,ASIANHOTNR.NS,,,,,0.3130115661456093,56.12903225806451,32.903225806451616,79.82740021574973,,21.3978494623656,,40.8296943231441,69.10656620021528,11.259541984732824,6.313993174061433,10.675381263616558,66.7032967032967,1.6304347826086956,,58.544839255499156,40.35475036198708,Q1 (Lowest)
2026-08-31,559.0,572.0,557.3499755859375,564.4000244140625,8271054,0.05801857999586968,0.09338657630559255,,,0.27221688261357196,47.36422854435137,0.7432068005103277,,0,52071300000.0,36765300000.0,19835100000.0,31047300000.0,22150900000.0,4709700000.0,1631100000.0,15192800000.0,0.706056887383261,0.38092192820229187,0.09044713690651088,0.5962459166565843,,,,,,,,,,,,,0.15750525721449882,0.2675135236967463,0.6326413514810043,0.15419678960911654,1.0454788022531871,189308400000.0,20056000000.0,66752100000.0,109102000000.0,,,,0.0,,1034191372288.0,0.133,0.35,JSWENERGY.NS,,,,,0.42259706125991525,65.26881720430107,71.93548387096774,31.49946062567422,,77.63440860215053,,93.3406113537118,40.3659849300323,21.692111959287534,,64.59694989106754,71.20879120879121,92.06521739130434,26.713532513181022,,57.08809130336462,Q4 (High)
2026-08-31,43.5,45.790000915527344,41.29999923706055,43.0,17016,-0.0337078651685393,-0.029783386821150448,,,0.3135894246835459,53.861998304404224,0.5734511599914945,,0,80390000.0,7097000.0,-27592000.0,-8683000.0,-9520000.0,-20894000.0,12071000.0,290000.0,0.08828212464236845,-0.34322676949869385,-0.2599079487498445,-0.10801094663515362,4776284000.0,306264000.0,728139000.0,3862351000.0,3171771000.0,419123000.0,19484000.0,1512950000.0,0.07929470936225112,0.0641218152019436,7.567637662452311,3.957838152523245,-0.5149924585218704,-3.832700650759219,-0.8350751076043116,-5.865859338612017,-2.093163792018129,1440599000.0,-8367000.0,-18185000.0,16926000.0,-0.0021662971594244023,-0.001751780254272987,-0.0043623601603890024,0.0,2.1187291207976746,1193399936.0,,,ANIKINDS.NS,,,,,0.34352814767472967,33.11827956989247,25.483870967741932,20.388349514563107,,64.19354838709677,,12.336244541484715,57.050592034445636,,93.00341296928327,4.466230936819173,3.5164835164835164,27.173913043478258,,31.302876480541453,38.13558679745535,Q1 (Lowest)
2026-08-31,23.40999984741211,25.940000534057617,23.31999969482422,25.790000915527344,12881570,0.4139255065323031,0.47371433803013385,,,0.31460880972136296,91.53935512819909,1.9231759108434499,,0,1779400000.0,183300000.0,5300000.0,114600000.0,69200000.0,64600000.0,-6600000.0,10600000.0,0.10301225132066989,0.00297853208946836,0.03630437226031247,0.06440373159491963,,,,,,,,,,,,,0.012288087381954638,-0.11141678129298482,0.012288087381954638,-0.11141678129298482,-0.07131280388978933,7007500000.0,343000000.0,176900000.0,623000000.0,,,,0.0,,5483228160.0,-0.276,,3IINFOLTD.NS,,,,,0.20409142133410368,96.12903225806451,99.13978494623656,84.2502696871629,,63.763440860215056,,27.729257641921397,99.2465016146394,2.6717557251908395,,39.651416122004356,35.714285714285715,8.58695652173913,,,53.792180072764,Q4 (High)
2026-08-31,156.72000122070312,162.3699951171875,153.85000610351562,156.52000427246094,2372,-0.023885261523359014,-0.02278824959861958,,,0.3401975908888007,47.92252204320352,0.7296193820966321,,0,97795000.0,49760000.0,13216000.0,17610000.0,14581000.0,18269000.0,-4347000.0,659000.0,0.5088194692980214,0.1351398333248121,0.18680914157165499,0.18007055575438416,,,,,,,,,,,,,1.8342269236342559,179.88118811881188,0.09772250221688417,10.801679586563308,2.289744068746497,271111820.0,20752100.0,11510510.0,29636860.0,,,,0.0,,1724850432.0,0.54,,ARVEE.NS,,,,,0.18284663382876423,35.59139784946236,31.182795698924732,30.312837108953616,,54.946236559139784,,16.266375545851528,41.8729817007535,71.43765903307889,,99.89106753812636,97.6923076923077,9.565217391304348,,,49.250591741193524,Q3 (Medium)
2026-08-31,64.19999694824219,64.5,62.560001373291016,63.459999084472656,1201641,-0.005329156060403073,0.10669177774170624,,,0.23816432025111248,54.30359124613979,1.0635843566069707,,0,4720993000.0,3619669000.0,646078000.0,610421000.0,361855000.0,169813000.0,262017000.0,39212000.0,0.766717722309692,0.13685214106439048,0.03596976314093243,0.12929928089281217,27091554000.0,1098741000.0,5780727000.0,20155284000.0,15261326000.0,4282689000.0,498054000.0,423368000.0,0.05451379400062038,0.040556588226721875,3.563491535341464,3.464635886472261,-0.009676695986237438,-0.6862380269615089,-0.01851314396007353,-2.0746773999607626,-2.897497031377254,18762246000.0,1969707000.0,2260024000.0,3730528000.0,0.09772658127764411,0.07270557458608687,0.10633392969096442,1.0,2.2644743634861255,13812339712.0,0.39,11.03,JAGRAN.NS,,,,,0.34116851465243797,67.84946236559139,43.44086021505376,55.33980582524271,,88.27956989247312,,41.48471615720524,58.23466092572659,52.862595419847324,83.27645051194538,20.37037037037037,29.010989010989015,69.23913043478261,99.82425307557118,27.072758037225043,55.75237481613491,Q4 (High)
2026-08-31,579.0,593.0,543.2000122070312,549.4000244140625,2140057,0.2068094989875069,0.18930622339249759,,,0.4170020416078811,55.28819268404665,0.304523323309949,,0,10093829000.0,,,,,1552316000.0,0.0,7320621000.0,,,0.15378861678754416,,,,,,,,,,,,,,0.008187391391288212,0.11023807327080926,0.23797437273594269,0.25715488931271446,,37816503000.0,4066691000.0,,,,,,0.0,,58079539200.0,0.542,,JSFB.NS,,,,,0.21234432234136502,79.24731182795699,94.08602150537635,6.68824163969795,,32.15053763440861,,62.55458515283843,61.14101184068891,71.62849872773536,,55.55555555555556,34.065934065934066,14.728260869565219,,,50.78973058798383,Q3 (Medium)
2026-08-31,501.8999938964844,522.5,501.8999938964844,505.95001220703125,78484,-0.0009872642668544707,0.029818898388078052,,,0.35030525952906033,37.96094169534395,0.4242951677429881,,0,2533244000.0,703088000.0,92393000.0,146885000.0,98194000.0,46864000.0,15762000.0,35568000.0,0.27754452393847573,0.03647220717783206,0.018499599722727064,0.0579829657151068,,,,,,,,,,,,,-0.008710998413229532,-0.6470127444186677,0.46372416917241965,0.8461296040969075,0.3024144565920961,9707802000.0,298248000.0,422910000.0,624859000.0,,,,0.0,,8026591744.0,0.515,,ASAL.NS,,,,,0.18749942450450474,51.82795698924731,46.344086021505376,10.355987055016183,,51.505376344086024,,32.64192139737992,19.69860064585576,68.63867684478372,,21.350762527233115,29.340659340659343,29.565217391304348,,,40.75128297047141,Q1 (Lowest)
2026-08-31,5.449999809265137,5.699999809265137,5.130000114440918,5.309999942779541,45261,-0.0797227105143089,-0.06017701714140944,,,0.4625094418498522,21.000003814697266,0.574638859009509,,0,0.0,,-8000.0,24000.0,16000.0,-9278000.0,0.0,6480000.0,,,,,,,,,,,,,,,,,,0.14134579899126587,,0.021243808475509107,inf,0.0,-36834000.0,-31000.0,151000.0,,,,0.0,,266531056.0,0.597,,INFOMEDIA.NS,,,,,0.17975370261321333,24.946236559139784,11.505376344086022,20.604099244875947,,22.688172043010752,,2.5109170305676853,2.3681377825618943,76.08142493638677,,57.73420479302832,,14.728260869565219,,,35.544455306881495,Q1 (Lowest)
2026-08-31,394.0,398.29998779296875,383.1000061035156,386.0,18869739,-0.03051612227235967,-0.036926118372572425,,,0.19790245103100695,37.87878787878788,0.8263889397492443,,0,84311000000.0,52332000000.0,26272000000.0,47265000000.0,28329000000.0,17458000000.0,6016000000.0,4855000000.0,0.6207019250157156,0.31160821245151876,0.20706669355125665,0.5606030055390162,737323000000.0,214324000000.0,323490000000.0,413833000000.0,171790000000.0,93094000000.0,1583000000.0,372000000.0,0.5178997325007914,0.29067857641766226,1.8453391195995446,1.8413431585279394,0.04074805579558083,-0.026270288359640848,0.09110791888289271,-0.018717328986566195,0.02241017543100643,327360000000.0,70514000000.0,106501000000.0,186165000000.0,0.17039240466565014,0.09563515582722905,0.16954519331950452,1.0,1.4846235638926222,1017960136704.0,0.05,3.63,INDUSTOWER.NS,,,,,0.5745140318953801,30.967741935483872,27.741935483870968,39.15857605177994,,96.66666666666667,,93.23144104803494,19.590958019375673,16.157760814249365,51.5358361774744,45.20697167755991,44.94505494505495,97.3913043478261,94.72759226713534,67.34348561759728,54.97768833680728,Q4 (High)
2026-08-31,8.5,8.609999656677246,7.960000038146973,8.1899995803833,1707005,0.0086206521934451,0.06779654483922948,,,0.22551916907066372,45.53570060098467,1.7080390168135509,,0,71661000.0,49742000.0,18909000.0,19341000.0,18909000.0,26832000.0,14714000.0,,0.6941293032472335,0.263867375559928,0.37442960606187464,0.2698957591995646,,,,,,,,,,,,,-0.05409258305943854,-0.7814663387141437,,,,,,,,,,,0.0,,2571928064.0,0.162,9.52,IVC.NS,,,,,0.21107366354029236,60.752688172043015,52.58064516129032,78.64077669902912,,91.93548387096774,,19.978165938864628,35.6297093649085,24.74554707379135,,18.736383442265794,20.21978021978022,28.804347826086957,99.47275922671353,,48.76641913304942,Q3 (Medium)
2026-08-31,9.130000114440918,9.130000114440918,8.850000381469727,8.989999771118164,379328,0.01812002817605407,0.07151363566664504,,,0.351526648848331,50.60242348199163,0.5730234776247691,,0,326477000.0,260422000.0,24501000.0,30421000.0,30421000.0,18800000.0,7896000.0,3725000.0,0.7976733429920025,0.07504663421925588,0.057584454647647464,0.09317961142745125,1061143000.0,221863000.0,422383000.0,638760000.0,298798000.0,355722000.0,1144000.0,,0.34733389692529276,0.20907926641366903,0.8399761611595572,,0.04807689220901379,1.3362743879706724,0.3979190305936757,6.300970873786408,3.1948428019856587,1143792000.0,32372000.0,50615000.0,64314000.0,0.050679441417746884,0.030506727180031345,0.05881204662204008,1.0,1.9508553512580302,910237504.0,-0.112,,AAKASH.NS,,,,,0.16520090704248974,61.39784946236559,57.204301075268816,20.28047464940669,,50.96774193548387,,9.606986899563319,48.22389666307858,6.297709923664121,9.897610921501707,87.36383442265794,47.47252747252747,25.0,,56.51438240270728,42.01515438854837,Q1 (Lowest)
2026-08-31,56.54999923706055,66.44999694824219,56.54999923706055,59.45000076293945,4653863,0.2912684531005185,0.5723353240853075,,,0.7010968461440739,70.31745688144667,2.0996891573113983,,0,9366400000.0,2415900000.0,924700000.0,1051300000.0,931200000.0,637400000.0,0.0,293800000.0,0.2579326101810728,0.09872523061154766,0.06805175948069696,0.1122416296549368,,,,,,,,,,,,,-0.22055788562678913,-0.006081397162014612,-0.28265847699718927,0.20834123222748824,0.12186532920712834,45410100000.0,1612000000.0,3085200000.0,3397000000.0,,,,0.0,,15523177472.0,0.193,,INDORAMA.NS,,,,,0.23306103302816186,97.95698924731184,97.41935483870968,86.94714131607336,,2.258064516129039,,43.23144104803494,89.34337997847148,28.30788804071247,,46.07843137254902,8.571428571428571,14.728260869565219,,,50.98949198659905,Q3 (Medium)
2026-08-31,643.2999877929688,669.9000244140625,636.0999755859375,647.7000122070312,107058,-0.00887526823713658,-0.07623191948356334,,,0.26134187303819173,54.85868809584909,0.9285949135433011,,0,4262596000.0,1288663000.0,161550000.0,298266000.0,203857000.0,117099000.0,43562000.0,43196000.0,0.3023188216758051,0.03789943968417368,0.02747128745018294,0.06997285222432527,20001800000.0,1570504000.0,7797679000.0,12204121000.0,14477824000.0,7403969000.0,872264000.0,7802128000.0,0.1286863674983229,0.07851813336799689,1.9554139138075808,0.9016374865967159,0.1074088334032186,0.1164832859785283,0.18761564190398716,-0.15702140219277094,-0.048125714066878156,21400098000.0,1394110000.0,1915524000.0,2390545000.0,0.11423272515898523,0.06969922706956375,0.13906178934090765,1.0,2.382146681798638,18846668800.0,0.456,0.62,INSECTICID.NS,,,,,0.29546814594006215,20.64516129032258,41.075268817204304,47.357065803667744,,81.61290322580645,,46.17903930131004,59.84930032292788,60.87786259541985,55.972696245733786,56.10021786492375,62.527472527472526,42.82608695652174,47.45166959578208,36.54822335025381,50.60153119315643,Q3 (Medium)
2026-08-31,82.5,88.98999786376953,79.70999908447266,83.38999938964844,214455,-0.1373745632651,-0.1752546841433701,,,0.34120487301441216,27.46480706863268,0.821575417326498,,0,281303000.0,88211000.0,13223000.0,-276092000.0,-294477000.0,-223946000.0,-71166000.0,635000.0,0.31358001869869856,0.04700625304387084,-0.7961024233655525,-0.9814754908408371,1597292000.0,1565000.0,344863000.0,1252429000.0,1146559000.0,263159000.0,540973000.0,,0.0012495718320160265,0.0009797832832068275,4.356905900995216,,-0.15532487966585695,-10.665760283136951,-0.1543091293355099,-8.255896837739762,-6.652642139098745,1272750000.0,-160942000.0,61070000.0,-160416000.0,-0.12850389123854525,-0.10075928509001485,0.04870039250586526,0.0,1.9498354089296135,1947686144.0,,1.2,INTENTECH.NS,,,,,0.5592702548829356,5.698924731182796,3.655913978494624,38.83495145631068,,54.40860215053763,,17.46724890829694,7.319698600645856,,86.00682593856655,1.9607843137254901,11.20879120879121,3.4782608695652173,68.54130052724078,8.629441624365482,30.48071628718155,Q1 (Lowest)
2026-08-31,507.0,560.0,497.0,552.7999877929688,2902565,0.2415496637685992,0.42492581621047765,,,0.4108800333934862,70.86613873646783,1.4444922217063383,,0,2861690000.0,454130000.0,201710000.0,255280000.0,255280000.0,182120000.0,65080000.0,1190000.0,0.15869294018569446,0.07048632102009651,0.06364071580080302,0.08920602860547439,5692500000.0,64480000.0,281960000.0,5284180000.0,4789330000.0,256910000.0,162170000.0,918020000.0,0.012202460930551192,0.011327184892402285,18.642053637460588,15.06874002568993,0.15171991902475535,0.04062624992857544,0.27609318005475925,0.1868361029651353,0.1792858132766666,9763480000.0,658780000.0,802320000.0,926530000.0,0.12467024211892858,0.11572771190162494,0.1500039262170338,1.0,4.118166007905138,21662056448.0,0.673,0.2,JGCHEM.NS,,,,,0.38824952109355887,94.73118279569891,95.59139784946237,71.73678532901833,,33.87096774193549,,48.36244541484716,89.66630785791173,83.20610687022901,96.24573378839591,50.21786492374728,70.1098901098901,47.82608695652174,14.762741652021088,16.751269035532996,60.87191868834746,Q5 (Highest)
2026-08-31,1941.0,2090.0,1941.0,2032.0,295480,0.17797101449275354,0.14743913941292508,,,0.3962667481341125,59.705432006401644,1.023850336815809,,0,1662904000.0,720317000.0,500402000.0,504074000.0,500402000.0,410133000.0,10724000.0,,0.4331681203484988,0.3009205582523104,0.24663660680351962,0.3031287434512155,27978102000.0,17757225000.0,18644780000.0,9333322000.0,27328209000.0,19117000.0,877832000.0,,1.9025621316825885,0.634682974563464,1429.5239315792228,,0.09637082285303622,0.8489450906140115,0.11832388341052646,2.21307532609973,-0.02047185338771762,6091658000.0,566053000.0,1889108000.0,1905989000.0,0.06064860935902565,0.02023200144169894,0.06973310653343397,1.0,1.9150886575508232,21365993472.0,0.205,,ARMANFIN.NS,,,,,0.3746967512633902,74.40860215053763,91.82795698924731,52.642934196332256,,36.55913978494624,,48.14410480349345,71.68998923573736,29.51653944020356,100.0,81.26361655773421,60.0,26.521739130434785,,95.26226734348562,61.18912597547682,Q5 (Highest)
2026-08-31,494.3500061035156,523.0,493.0,519.9500122070312,7011493,0.04723063888626644,-0.026310838563611938,,,0.20407803775146335,60.174035959260884,1.469417652669317,,0,14597195000.0,4939761000.0,3848615000.0,4514595000.0,4514595000.0,3263963000.0,1202730000.0,47902000.0,0.3384048099652022,0.26365442127751254,0.22360206875362013,0.30927825517162716,75795216000.0,807259000.0,32709903000.0,43085313000.0,64164690000.0,29777745000.0,4120438000.0,135679000.0,0.01873629187746646,0.010650527072843226,2.154786737545103,2.1502303482013163,0.007069468375564103,-0.1722777354134487,0.1507174564825,-0.08886156931416234,-0.05961277566596945,52148631000.0,13934547000.0,16162102000.0,18934432000.0,0.32341756458865695,0.18384467695164297,0.36821952470682284,1.0,2.224818076908706,415960006656.0,0.171,1.83,IRCTC.NS,,,,,0.3568790511655564,34.40860215053764,68.06451612903226,72.168284789644,,95.16129032258064,,87.99126637554585,72.65877287405813,26.33587786259542,62.62798634812287,36.27450980392157,33.62637362637363,89.13043478260869,80.93145869947276,19.4585448392555,58.58919457358326,Q5 (Highest)
2026-08-31,40.16999816894531,44.0,39.939998626708984,43.58000183105469,46762,0.39011168423506093,0.29509657815435775,,,0.24961979308451018,100.0,1.2849387555294602,,0,-96252000.0,-122454000.0,-127873000.0,-127806000.0,-127843000.0,-128701000.0,858000.0,0.0,,,,,395560000.0,,64990000.0,330570000.0,186173000.0,63591000.0,34766000.0,0.0,,,2.9276627195672345,2.9276627195672345,1.8539405799679773,1.2957314354007243,0.27775491510573613,0.191025273230365,0.42740989758423886,-168779000.0,-240474000.0,-239754000.0,-239438000.0,-0.727452581903984,-0.6079330569319445,,0.0,0.048628526645768166,457590016.0,0.504,,21STCENMGM.NS,,,,,0.2819653980809215,89.03225806451613,98.9247311827957,66.12729234088457,,85.16129032258064,,4.8034934497816595,99.89235737351991,67.04834605597965,76.27986348122867,87.14596949891067,97.8021978021978,18.586956521739133,,,66.05365040627564,Q5 (Highest)
2026-08-31,263.95001220703125,268.0,257.1000061035156,260.6499938964844,4952602,-0.06744188230238146,-0.040350867731238305,,,0.32113001524285184,16.265043351970206,0.8985575862144227,,0,4409789000.0,,,,,2609410000.0,681533000.0,1696751000.0,,,0.5917312597042625,,,,,,,,,,,,,,0.019352913396856852,-5.326590916665541e-05,0.19277006106679861,0.19014465123385693,,,,,,,,,0.0,,130538135552.0,0.702,1.92,APTUS.NS,,,,,0.2545934848194814,29.89247311827957,14.838709677419354,45.19956850053937,,61.935483870967744,,73.36244541484717,0.8611410118406888,85.49618320610686,,46.2962962962963,38.57142857142858,83.26086956521739,82.42530755711776,,50.80932711933738,Q3 (Medium)
2026-08-31,727.7000122070312,764.4000244140625,715.0,721.3499755859375,3097255,-0.020116444205883877,0.006562681460407838,,,0.30364924665332244,42.32469123847417,0.9560038026991913,,0,8451690000.0,3284630000.0,1086010000.0,1939900000.0,1363950000.0,1020720000.0,333360000.0,12370000.0,0.38863588229099744,0.1284961942522738,0.12077111204977939,0.22952805888526437,,,,,,,,,,,,,-0.002184130462244638,-0.1510130751572013,0.2044780522425178,0.08027559346788449,0.10997310751273104,,,,,,,,0.0,,100501594112.0,0.645,0.55,INTELLECT.NS,,,,,0.21069024519876406,44.946236559139784,33.763440860215056,49.51456310679612,,68.27956989247312,,69.97816593886463,28.632938643702904,81.42493638676844,,37.254901960784316,30.65934065934066,72.60869565217392,43.32161687170474,,50.69229376879758,Q3 (Medium)
2026-08-31,259.25,269.54998779296875,256.1000061035156,260.0,5318129,0.03482587064676612,-0.05471728217016658,,,0.3297946037383169,60.34270038761384,0.8372726932707701,,0,7801507000.0,1629873000.0,654861000.0,628144000.0,628144000.0,288275000.0,191331000.0,164756000.0,0.20891771294956218,0.08394032076110423,0.036951194173125784,0.08051572600011767,47124600000.0,9964552000.0,17258961000.0,29784660000.0,27090268000.0,13545993000.0,2167726000.0,10785600000.0,0.3345531558862851,0.21145117412137185,1.9998731728268277,1.2036524749422208,-0.123784640463379,-0.5423821369099305,-0.2531210398529431,-0.7208374247803208,-0.5641569341445002,29157031000.0,1710831000.0,2955173000.0,3145014000.0,0.05744000435123315,0.03630441425497511,0.07434544865946022,1.0,1.8924629641418709,111116304384.0,0.349,0.69,JWL.NS,,,,,0.20010550476754832,26.129032258064516,63.44086021505376,40.56094929881338,,59.03225806451613,,71.61572052401746,72.98170075349839,47.58269720101781,57.508532423208194,24.727668845315904,14.065934065934066,65.0,51.933216168717045,54.99153976311336,49.971340638751336,Q3 (Medium)
2026-08-31,262.0,274.6499938964844,256.1000061035156,265.5,102203,0.020761221721522283,0.03751467890772586,,,0.3094236277741591,55.39214121870948,0.8616906443424741,,0,1807965000.0,581118000.0,294932000.0,314254000.0,306951000.0,119147000.0,34849000.0,152955000.0,0.3214210452082867,0.16312926411739165,0.06590116512211243,0.17381641790632008,17701519000.0,8741853000.0,13203124000.0,3634530000.0,16289506000.0,5610862000.0,144770000.0,13799882000.0,2.4052224083994354,0.4938476183880039,2.9032091682169336,0.44371506552825574,0.434494386479946,1.3762390060030714,0.18496804850073745,0.057533395464429926,0.2842051923320543,5504472000.0,325923000.0,1231638000.0,1316307000.0,0.08967404313625145,0.01841214869752138,0.09951518145487256,1.0,1.3795496928822888,11482872832.0,,0.09,ARIHANTSUP.NS,,,,,0.40631649205128917,53.65591397849462,58.387096774193544,42.394822006472495,,65.91397849462365,,37.22707423580786,61.35629709364908,,75.76791808873719,87.58169934640523,89.45054945054946,39.891304347826086,5.360281195079086,97.29272419627749,57.618643947207715,Q4 (High)
2026-08-31,0.7599999904632568,0.7799999713897705,0.7200000286102295,0.7400000095367432,580588,-0.03896100276999048,-0.0975609561079388,,,0.3522388310131285,44.44444444444444,0.728548482487094,,0,,,,,,,,,,,,,,,,,,,,,,,,,,,,,,,,,,,,,,,114707104.0,0.599,,ANTGRAPHIC.NS,,,,,0.16875366891909205,15.913978494623656,22.58064516129032,30.204962243797194,,50.75268817204301,,0.43668122270742354,33.153928955866526,76.27226463104326,,,,,,,41.954343258758094,Q1 (Lowest)
2026-08-31,451.87107446434646,465.9717953009703,441.95571405898096,458.79998779296875,858415,-0.012857770293318138,0.06599479168550104,,,0.23090724090100098,39.58155515772854,0.46372150600318707,,0,12785000000.0,7251600000.0,811100000.0,1663300000.0,877200000.0,95700000.0,120100000.0,476900000.0,0.5671959327336723,0.0634415330465389,0.007485334376222136,0.13009777082518575,,,,,,,,,,,,,-0.06322584426908173,-0.7962529274004684,0.15459988621072696,-0.23866348448687347,0.12453519031843685,,,,,,,,0.0,,61326413824.0,0.093,0.35,ARVINDFASN.NS,,,,,0.19600773889868986,60.64516129032258,38.70967741935484,12.081984897518879,,90.75268817204301,,63.64628820960698,22.92787944025834,19.783715012722645,,18.40958605664488,19.560439560439562,56.95652173913044,26.713532513181022,,42.01249828741487,Q1 (Lowest)
2026-08-31,78.0,79.69999694824219,74.25,75.47000122070312,745891,0.011391027108478946,0.08793424005481465,,,0.4362024671480249,49.81986683299781,0.3393845344856767,,0,401045000.0,57484000.0,-32991000.0,364591000.0,355561000.0,214894000.0,66661000.0,74007000.0,0.14333553591242879,-0.08226258898627337,0.5358351307209914,0.9091024697976536,,,,,,,,,,,,,0.09394307224396825,42.12542644992976,0.5657930183618411,0.6917457193465852,0.7350900403563543,1387413000.0,402494000.0,-163190000.0,823663000.0,,,,0.0,,8272448000.0,0.276,0.66,ARIHANTCAP.NS,,,,,0.18507499483261214,64.30107526881721,54.19354838709678,7.335490830636461,,28.172043010752688,,32.96943231441048,46.28632938643703,36.32315521628499,,99.34640522875817,59.67032967032967,48.15217391304348,49.82425307557118,,48.43828242014255,Q3 (Medium)
2026-08-31,315.0,337.95001220703125,315.0,330.0,11248,0.06503144585949316,-0.12117177097203724,,,0.4663929960107036,47.84614623782191,0.7080427604921719,,0,326032000.0,205640000.0,4373000.0,57339000.0,30035000.0,29435000.0,13704000.0,10746000.0,0.6307356333120675,0.01341279383618786,0.09028254895225009,0.17586923982921923,3650090000.0,579197000.0,856726000.0,2724458000.0,874795000.0,368128000.0,95568000.0,115435000.0,0.2125916420807368,0.1586801969266511,2.376333775208623,2.062760778859527,-0.0654922452068184,-0.6719676369634021,0.22631580927018802,-0.7416985503176665,-0.6559708164085702,1323074000.0,375578000.0,351898000.0,589822000.0,0.13785420806633833,0.10289554504135515,0.10651778106370066,1.0,1.6011745189844633,6817800192.0,0.213,,INNOVANA.NS,,,,,0.261567482136846,11.182795698924732,74.73118279569893,29.126213592233007,,21.827956989247312,,29.912663755458514,41.550053821313234,30.725190839694655,67.06484641638225,20.588235294117645,19.450549450549453,28.586956521739133,,43.65482233502538,37.89343116735894,Q1 (Lowest)
2026-08-31,35170.0,36660.0,35020.0,36035.0,19805,0.05214774796064936,0.17925388762383987,,,0.23413177774756516,58.28988529718457,0.9544580818240826,,0,13992400000.0,5566100000.0,2409100000.0,3097000000.0,2931400000.0,2153400000.0,738300000.0,39700000.0,0.3977945170235271,0.17217203624824906,0.15389783025070752,0.22133443869529174,31372500000.0,1697500000.0,13691000000.0,17681500000.0,25423800000.0,11650300000.0,8121400000.0,8229600000.0,0.09600429827786104,0.05410789704358913,2.1822442340540587,1.4758589907556028,0.1393970781391356,-4.470208963497862,0.2837657814636567,0.8928326565054585,0.8120521065910251,50214917000.0,4023425000.0,8953408000.0,9722530000.0,0.2275499816192065,0.12824687226073792,0.462015996697456,1.0,3.224825468164794,405936799744.0,0.273,0.44,3MINDIA.NS,,,,,0.26946626174408894,77.74193548387098,69.56989247311827,49.4066882416397,,89.56989247311827,,87.66375545851528,67.70721205597417,36.00508905852418,63.48122866894198,3.9215686274509802,68.02197802197803,83.91304347826087,34.885764499121265,33.16412859560068,57.670145142407634,Q4 (High)
2026-08-31,9.180000305175781,9.359999656677246,8.760000228881836,8.979999542236328,454880,-0.02708559180918746,-0.09109317426921082,,,0.21798509307867375,34.666653103315866,1.17550531313208,,0,52678000.0,54689000.0,-33841000.0,-44948000.0,-58286000.0,-74590000.0,15752000.0,1022000.0,1.0381753293595049,-0.6424123922700179,-1.41596112229014,-0.853259425186985,3477173000.0,95338000.0,395969000.0,3074088000.0,424760000.0,20525000.0,87345000.0,17795000.0,0.031013425770504942,0.0274182504005409,20.694762484774664,19.82777101096224,-0.14921588578257994,-18.700522069292834,-0.20538811958849967,0.7206062143895182,14.843496651392316,407543000.0,5000.0,50532000.0,124883000.0,1.6264986558615108e-06,1.4379497367545416e-06,0.01594358095125111,1.0,1.4391013619397137,1445799424.0,0.181,,INDOWIND.NS,,,,,0.4041983225298612,17.419354838709676,29.354838709677416,60.84142394822006,,93.01075268817205,,14.192139737991265,15.285252960172228,27.16284987277354,96.9283276450512,0.9803921568627451,11.868131868131867,29.456521739130437,,23.688663282571913,38.01257662983096,Q1 (Lowest)
2026-08-31,1021.0,1084.5,1021.0,1066.199951171875,113895,-0.00018761556414759184,0.0155252180005514,,,0.33929683445623965,45.087944481364,2.349549541479541,,0,1500000.0,900000.0,471500000.0,423400000.0,423400000.0,351600000.0,68600000.0,3200000.0,0.6,314.3333333333333,234.4,282.26666666666665,17898900000.0,234600000.0,1849400000.0,16049500000.0,400000.0,600000.0,400000.0,,0.0146172777968161,0.013106950706467996,0.6666666666666666,,0.0714285714285714,-0.9499180970016381,1.5,-0.4724681170292573,0.08452868852459017,113700000.0,8575100000.0,10361300000.0,10082500000.0,0.5342907878750117,0.47908530691830226,0.6362832456199605,1.0,1.3397460179117153,11207818240.0,-0.871,,JPOLYINVST.NS,,,,,0.2169396579696716,47.634408602150536,47.41935483870968,90.07551240560949,,55.376344086021504,,37.117903930131,34.33799784714747,0.5089058524173028,7.337883959044368,16.122004357298476,53.2967032967033,48.47826086956522,,17.766497461928935,40.36478516711516,Q1 (Lowest)
2026-08-31,1278.9000244140625,1335.0,1268.699951171875,1299.5,9268037,0.06012395842399654,0.043650976108141615,,,0.1821032759865191,62.50736445804773,1.0493919954390252,,0,466620000000.0,207120000000.0,72460000000.0,100090000000.0,78720000000.0,46510000000.0,14640000000.0,17120000000.0,0.4438729587244439,0.15528695726715527,0.09967425313959967,0.2145000214307145,,,,,,,,,,,,,-0.06297441664323866,-0.7158827122785583,0.05234433143140671,2.094477711244178,0.5834519854453408,1841390000000.0,253440000000.0,229050000000.0,506510000000.0,,,,0.0,,3172051189760.0,0.627,0.55,JSWSTEEL.NS,,,,,0.405019785440649,55.483870967741936,72.79569892473118,54.69255663430421,,98.17204301075269,,98.36244541484717,76.96447793326158,79.64376590330788,,19.28104575163399,19.67032967032967,98.80434782608695,43.32161687170474,,61.146146593913485,Q5 (Highest)
2026-08-31,834.0,847.0,811.5999755859375,814.7000122070312,152311,-0.11814684879942716,-0.22703983661571991,,,0.30586335049085167,21.41025714594244,1.017151975113485,,0,20482800000.0,7341800000.0,881900000.0,2185200000.0,1508800000.0,732300000.0,458000000.0,201100000.0,0.35843732302224307,0.04305563692463921,0.035751947975862675,0.10668463296033745,80771400000.0,9509100000.0,51894700000.0,27365800000.0,60343400000.0,43474500000.0,3242200000.0,16526500000.0,0.34748116261903544,0.11772855243316323,1.3880182635797997,1.0078758812637294,0.17814743235781338,0.04944110060189155,0.1739541601471828,5.329299913569576,0.4834023487882697,68189200000.0,2392100000.0,4690700000.0,7332800000.0,0.08741202522856997,0.02961568079790619,0.12720576869361003,1.0,1.6308128867396132,59904495616.0,0.341,0.61,ISGEC.NS,,,,,0.5714077497070177,3.118279569892473,5.161290322580645,52.53505933117584,,67.20430107526882,,63.20960698689956,2.798708288482239,46.24681933842239,33.95904436860068,50.65359477124183,74.94505494505495,76.73913043478261,46.57293497363796,56.683587140439926,45.321827436431995,Q2 (Low)
2026-08-31,4335.60009765625,4449.60009765625,4265.10009765625,4322.39990234375,35042,-0.002892333401629865,0.011250439952244617,,,0.39213944917773885,32.931133188338904,0.48309908734560325,,0,2996300000.0,1419500000.0,648900000.0,922100000.0,880700000.0,648100000.0,230800000.0,1800000.0,0.4737509595167373,0.21656709942262123,0.21630010346093514,0.30774622033841736,9989262000.0,90405000.0,3832093000.0,6157169000.0,6915888000.0,3706951000.0,1575160000.0,2153203000.0,0.014682884293089893,0.00905021812422179,1.865654010533185,1.284798477239111,-0.34216650566435414,-0.09848379468632629,-0.07045355835453249,-0.04212237658882645,-0.02895956192080873,13923700000.0,2560300000.0,3182600000.0,3600000000.0,0.41582422051433054,0.2563052205458221,0.509413734035003,1.0,2.9332267989366985,136449523712.0,0.22,1.74,INGERRAND.NS,,,,,0.18009037816857687,46.344086021505376,45.053763440860216,13.592233009708737,,37.956989247311824,,74.34497816593887,13.132400430570506,31.615776081424933,52.218430034129696,40.305010893246184,5.274725274725275,67.6086956521739,79.78910369068541,17.93570219966159,41.678126276129504,Q1 (Lowest)
2026-08-31,80.47000122070312,86.9000015258789,77.5,81.47000122070312,431444,-0.036086080732393055,-0.07734996143829376,,,0.33343503508828143,63.36924978955639,2.885972754057124,,0,1894724000.0,100803000.0,34941000.0,39112000.0,30648000.0,15574000.0,-2773000.0,17847000.0,0.0532019439242866,0.018441208323745305,0.00821966682218624,0.020642584355293963,2972467000.0,499616000.0,1468235000.0,1504232000.0,2629422000.0,1450766000.0,13986000.0,415362000.0,0.33214025496067096,0.16808126044797134,1.8124370160315308,1.526131712488437,0.9649452483399239,1.7346795434591749,0.7527625063252028,2.31291214635184,0.17347734773477352,4722690000.0,45220000.0,43219000.0,132688000.0,0.030061852161102808,0.01521295274262086,0.021568003161916472,1.0,2.8071431575186536,2310025216.0,1.245,,AAREYDRUGS.NS,,,,,0.2247739834954617,20.107526881720432,23.978494623655912,93.52750809061489,,57.526881720430104,,18.995633187772924,78.36383207750269,98.60050890585241,50.34129692832765,90.41394335511983,95.93406593406594,10.760869565217392,,54.82233502538071,56.22485975304406,Q4 (High)
2026-08-31,304.79998779296875,324.8999938964844,299.0,316.29998779296875,3041444,0.18220894122306208,0.19257721073997658,,,0.3739140820483974,75.98404936854831,1.6880649987678145,,0,,,,,,,,,,,,,,,,,,,,,,,,,,,,,,,,,,,,,,,,0.323,,ARTEMISMED.NS,,,,,0.1796309285290875,79.6774193548387,92.25806451612904,78.10140237324703,,43.225806451612904,,,93.54144241119484,42.87531806615776,,,,,,,58.64529687821203,Q5 (Highest)
2026-08-31,260.0,268.20001220703125,256.29998779296875,256.79998779296875,107821785,0.10039847952182468,0.11424474522847539,,,0.28013239989502997,66.1430055742257,0.9230369221093719,,0,17947100000.0,16427600000.0,14069900000.0,13974600000.0,13880100000.0,8302500000.0,1394300000.0,4183300000.0,0.9153345108680511,0.7839650974252108,0.46260955809016496,0.7786550473335525,,,,,,,,,,,,,1.0775472877549603,2.0499228565131142,4.694418885046166,1.6264591439688716,2.4149357313914277,37613800000.0,16961100000.0,30017100000.0,31570100000.0,,,,0.0,,1695686721536.0,0.502,0.23,JIOFIN.NS,,,,,0.4721876436712463,68.81720430107528,82.47311827956989,46.4940668824164,,75.3763440860215,,96.72489082969432,82.77717976318623,66.34860050890585,,91.72113289760348,96.48351648351648,90.8695652173913,17.57469244288225,,67.71068744615086,Q5 (Highest)
2026-08-31,232.32021509111766,237.5868022466581,217.55410527152648,220.6999969482422,85483,0.07729427867742666,0.07708730138221953,,,0.434265746609898,48.472499296992794,1.185342827796116,,0,6466616000.0,1085809000.0,276951000.0,346828000.0,290247000.0,176838000.0,71237000.0,18620000.0,0.16790992383033104,0.04282780978490141,0.027346296733871317,0.05363361609843541,9822655000.0,1312269000.0,3404848000.0,6100741000.0,6218414000.0,3000080000.0,119485000.0,2663447000.0,0.21509993622086235,0.1335961611193715,2.0727493933495107,1.1849574011359698,0.10106980553479206,1.5528063286753668,0.019973230224798577,0.5410718954248366,0.5113582388084417,24057355000.0,504098000.0,821499000.0,1080702000.0,0.08262897900435373,0.05131993335813993,0.1108185473916803,1.0,3.8093782485488905,6620999680.0,0.529,1.59,JAYAGROGN.NS,,,,,0.22775893745657605,62.473118279569896,78.06451612903226,61.92017259978425,,28.709677419354847,,29.03930131004367,43.164693218514536,70.35623409669212,60.580204778157,88.88888888888889,60.98901098901099,49.130434782608695,77.15289982425307,44.16243654822335,56.975439257608905,Q4 (High)
2026-08-31,1800.0,1920.0,1800.0,1852.800048828125,16227,-0.11179288167395729,0.021501818805880646,,,0.3959924112887861,37.296702571445365,0.8316756750932299,,0,4839600000.0,1797100000.0,1225100000.0,330000000.0,281500000.0,199300000.0,66600000.0,15600000.0,0.3713323415158278,0.2531407554343334,0.04118108934622696,0.06818745350855443,9354300000.0,512000000.0,4755300000.0,4599000000.0,6903300000.0,4235100000.0,56500000.0,2146600000.0,0.11132854968471406,0.05473418641694194,1.6300205426082028,1.1231612004439093,0.0764713732817297,-0.0738847583643123,0.21947286196643656,0.24484697064334782,0.19133574007220222,18865300000.0,1278600000.0,5632900000.0,1965900000.0,0.278016960208741,0.13668580225137103,1.1021130894149873,1.0,3.1466480655955014,28074539008.0,,,JUBLCPL.NS,,,,,0.24608986804247152,49.46236559139785,5.913978494623656,40.021574973031285,,36.7741935483871,,52.07423580786026,17.868675995694293,,44.36860068259386,42.26579520697168,54.83516483516484,48.04347826086956,,35.19458544839256,41.7881765896658,Q1 (Lowest)
2026-08-31,502.04998779296875,517.7999877929688,490.3999938964844,506.3999938964844,1745444,-0.04740403093825829,0.03919558091930497,,,0.3040554415172341,47.81694348650116,1.0670709456953982,,0,9370400000.0,3974600000.0,3351500000.0,3442600000.0,3351500000.0,2823600000.0,812700000.0,,0.42416545718432513,0.35766882950567747,0.3013318534961154,0.36739093315119953,,,,,,,,,,,,,0.029081005095765278,-0.09185642609031264,0.1555840568271507,0.18998651382333098,0.15318393461293667,35808100000.0,11409600000.0,13009200000.0,13349300000.0,,,,0.0,,221467508736.0,0.395,,AADHARHFC.NS,,,,,0.32688316873438994,54.516129032258064,20.32258064516129,55.663430420711975,,67.95698924731182,,82.20524017467248,41.33476856835307,53.11704834605598,,40.849673202614376,42.1978021978022,84.67391304347827,,,52.85583832522797,Q4 (High)
2026-08-31,1114.0,1128.300048828125,1092.0999755859375,1103.0,4725407,0.07108171266370977,-0.09165778172827754,,,0.22706673382024625,72.23997494710537,0.7903850587362706,,0,155528300000.0,79198000000.0,17339800000.0,26792100000.0,17527900000.0,8447900000.0,3607800000.0,5482100000.0,0.5092192224823392,0.11148967744134025,0.054317445763889916,0.1722651118799601,,,,,,,,,,,,,-0.044403496785356156,-0.19139507059105054,0.169858935418989,-3.489068945197407,1.4269085836443351,572608300000.0,35739400000.0,68904600000.0,96774100000.0,,,,0.0,,1122289451008.0,0.666,0.18,JINDALSTEL.NS,,,,,0.5828382579303736,17.096774193548388,76.66666666666667,36.03020496224379,,91.82795698924731,,94.32314410480349,91.17330462863293,82.95165394402035,,35.947712418300654,21.86813186813187,96.19565217391305,13.093145869947275,,57.144956521297054,Q4 (High)
2026-08-31,595.9000244140625,693.7999877929688,590.7000122070312,650.75,7028758,0.06837961924722835,0.09877585479105111,,,0.24463160996137123,67.83192135310475,4.549548511857513,,0,1553883000.0,1338922000.0,576438000.0,674634000.0,658045000.0,423188000.0,101399000.0,114965000.0,0.8616620427664117,0.370966153822392,0.27234225485445174,0.43416010085701434,35935589000.0,5831885000.0,26974083000.0,6491902000.0,26419262000.0,21865900000.0,1262938000.0,22221581000.0,0.8983322607149646,0.16228716885647818,1.2082403194014424,0.19197384969290082,-0.06610985634798616,0.47138506042863293,-0.04725165977088175,1.210147538843191,0.5119136195351088,5640523000.0,964435000.0,1455586000.0,1723622000.0,0.14855969791287668,0.026837879295647554,0.11811190829572112,1.0,0.6223570928529931,29847937024.0,0.293,0.99,ARVSMART.NS,,,,,0.30942160404661523,66.45161290322581,75.59139784946237,98.70550161812298,,86.45161290322581,,53.38427947598253,85.46824542518837,38.74045801526718,23.037542662116042,73.09368191721133,19.12087912087912,54.130434782608695,63.2688927943761,83.92554991539764,61.424672625537596,Q5 (Highest)
2026-08-31,506.0,511.3999938964844,490.0,498.1000061035156,332472,-0.02591180178321484,0.21458180612118172,,,0.48137138380739086,33.204406270643645,0.47744296486756693,,0,2905375000.0,1701024000.0,636726000.0,779678000.0,727189000.0,556026000.0,126845000.0,33815000.0,0.5854748526438067,0.2191544981284688,0.19137839349481564,0.26835709676031494,8805968000.0,1026880000.0,3556930000.0,5190654000.0,6175947000.0,3020385000.0,419881000.0,1948508000.0,0.19783248893106725,0.1166118250713607,2.044754890518924,1.399635808017852,0.8102182822778516,3.1456115236646687,-0.032751372283730484,0.5388230214871641,0.26145975575819147,7361852000.0,750917000.0,824893000.0,1225821000.0,0.14466712672430102,0.08527364623627975,0.13267205293931644,1.0,2.363756681832139,31333040128.0,-0.145,0.36,JASH.NS,,,,,0.1628796077337437,82.9032258064516,29.89247311827957,12.837108953613807,,19.24731182795699,,54.03930131004366,13.455328310010763,5.7251908396946565,59.89761092150171,94.0087145969499,94.94505494505493,58.26086956521739,28.031634446397184,42.978003384094755,46.4147885350178,Q2 (Low)
2026-08-31,1211.0,1224.0,1196.0,1214.5999755859375,976267,-0.042038053317931534,-0.10658332064292941,,,0.1822749102907091,21.798915963955025,0.5071125281473502,,0,5124470000.0,2388630000.0,930080000.0,1295810000.0,951090000.0,490410000.0,-6440000.0,351590000.0,0.4661223502137782,0.1814977939182003,0.09569965284214758,0.25286712577105536,,,,,,,,,,,,,0.05479316711504301,0.440856739922435,,,,18524390000.0,1558370000.0,3947600000.0,5192880000.0,,,,0.0,,138280157184.0,0.105,0.12,ANURAS.NS,,,,,0.1733705690042565,13.118279569892474,21.72043010752688,15.102481121898597,,98.06451612903226,,74.56331877729258,2.906350914962325,20.419847328244277,,72.22222222222221,48.9010989010989,8.695652173913043,7.5571177504393665,,38.88475433310153,Q1 (Lowest)
2026-08-31,34.290000915527344,35.0,34.0099983215332,34.2599983215332,11906763,0.014810427276623628,0.018127689984952067,,,0.20550093003443615,41.10574873065027,0.5027219466697271,,0,58478500000.0,,,,,17162900000.0,1998300000.0,50899500000.0,,,0.29349077011209246,,4804888800000.0,472399000000.0,4415433100000.0,389455700000.0,,,197357100000.0,,1.2129723611697043,0.09831632315819672,,,0.2283799169015801,0.10290781736979082,0.24277966447488653,0.5717805007601151,,196347800000.0,58780500000.0,,,0.15092987469434907,0.012233477702959536,,1.0,,659730726912.0,0.253,,IOB.NS,,,,,0.3913457065228678,48.38709677419355,56.02150537634408,14.670981661272922,,95.05376344086021,,90.61135371179039,25.72658772874058,34.541984732824424,,55.119825708061,80.54945054945055,93.47826086956522,,90.35532994923858,58.96774270015611,Q5 (Highest)
2026-08-31,252.0,271.8999938964844,249.8000030517578,257.45001220703125,112608,-0.011708206498920348,0.09339167954703442,,,0.4836532212511238,61.09643805718387,0.8722693987306188,,0,391545000.0,204620000.0,48212000.0,78067000.0,72667000.0,41486000.0,5138000.0,1103000.0,0.5225963810034606,0.12313271782298331,0.10595461568912896,0.1993819356651215,2527200000.0,16600000.0,519800000.0,2007300000.0,1625000000.0,461200000.0,133200000.0,,0.008269815174612664,0.006568534346312124,3.523417172593235,,0.10020709053256271,-0.2191752460898534,0.3165734691338513,0.47103042337422885,0.23429989881102964,1331652000.0,1264891000.0,82828000.0,195851000.0,0.6301454690380113,0.5005108420386198,0.0409249468847275,1.0,2.2864170227920226,5295295488.0,0.832,,IRIS.NS,,,,,0.2818328550920151,65.3763440860215,39.784946236559136,43.36569579288026,,18.494623655913983,,27.40174672489083,73.95048439181916,92.04834605597965,82.42320819112628,34.64052287581699,60.65934065934066,23.043478260869566,,14.551607445008461,48.38268962508177,Q3 (Medium)
2026-08-31,52.9900016784668,53.54999923706055,48.400001525878906,49.540000915527344,404800,-0.09878115671444998,-0.22990829309113459,,,0.3000893135871373,39.017340881139695,1.988120965085224,,0,317553000.0,100545000.0,35101000.0,72913000.0,52206000.0,14649000.0,8978000.0,28579000.0,0.3166243115322482,0.11053587905011132,0.046130882088974125,0.2296089156770681,2559913000.0,902862000.0,1138571000.0,1421342000.0,831184000.0,759094000.0,4038000.0,337778000.0,0.6352179841304908,0.352692454782643,1.0949684755774647,0.6499932814644827,0.6993712038102373,-1.2789010737948368,0.8979804077436631,-2.2606712564543887,5.758713385242863,734713000.0,-71084000.0,-11089000.0,69040000.0,-0.050011890171401396,-0.02776813118258316,-0.004771095824635015,0.0,1.1654222623971986,1353805824.0,0.831,,ISHANCH.NS,,,,,0.6156855835542552,2.903225806451613,7.419354838709677,85.22114347357066,,69.78494623655914,,13.537117903930133,21.63616792249731,91.85750636132316,15.699658703071673,11.982570806100219,93.84615384615384,25.32608695652174,,74.11167512690355,44.22170719878618,Q2 (Low)
2026-08-31,732.0,783.4000244140625,715.0,781.4000244140625,120474,0.13493104490059915,0.41750571322278907,,,0.4770199053645251,87.55759461347972,1.2850959676621247,,0,417800000.0,232000000.0,83300000.0,127500000.0,107100000.0,74000000.0,31900000.0,800000.0,0.5552896122546673,0.19937769267592148,0.17711823839157492,0.3051699377692676,2558100000.0,22600000.0,196000000.0,2343900000.0,1987300000.0,145000000.0,267900000.0,252500000.0,0.009642049575493835,0.008834681990539854,13.70551724137931,11.964137931034482,-0.2547270781305744,-0.4440270473328325,-0.270727875720021,-0.3531468531468531,-0.2837078651685393,2005100000.0,473500000.0,568100000.0,731100000.0,0.20201373778744827,0.18509831515577968,0.24005915909571096,1.0,3.068976975098706,11789715456.0,-0.25,0.51,ARROWGREEN.NS,,,,,0.39824585562910514,94.3010752688172,87.63440860215054,66.23516720604098,,19.784946236559136,,37.66375545851528,98.70828848223897,3.435114503816794,95.56313993174061,27.450980392156865,6.923076923076923,38.53260869565218,40.86115992970123,15.397631133671744,48.832756850942566,Q3 (Medium)
2026-08-31,81.0,84.62999725341797,79.66999816894531,81.6500015258789,116013,-0.08842244273673883,-0.2348420745347024,,,0.247099534837025,31.987382857494936,0.757416675440358,,0,260247000.0,76075000.0,29586000.0,32498000.0,29801000.0,19717000.0,4065000.0,6019000.0,0.2923184513174023,0.1136843076000876,0.0757626408757834,0.12487367769849413,1330967000.0,370355000.0,405628000.0,925339000.0,1206918000.0,395225000.0,61230000.0,999537000.0,0.4002371022944024,0.2782600920984517,3.053749130242267,0.524716300841293,0.14151932380923138,-0.34202095708469604,0.14151932380923138,-0.34202095708469604,-0.2179144706760041,1104391000.0,131228000.0,161092000.0,170657000.0,0.14181613441128063,0.09859598322122186,0.12432873811254817,1.0,2.608810361188519,1637245824.0,0.245,,INDOUS.NS,,,,,0.5354430635767878,2.6881720430107525,9.89247311827957,33.11758360302049,,85.80645161290323,,16.048034934497817,11.6254036598493,33.71501272264631,78.15699658703072,30.174291938997822,68.24175824175825,22.39130434782609,,60.40609137055838,40.15090494535858,Q1 (Lowest)
2026-08-31,121.91999816894531,122.80000305175781,118.0,118.33000183105469,4103978,-0.06965956789279237,-0.06995206548026778,,,0.3248115330368477,32.83290720918396,1.3529465387657122,,0,19543031000.0,4660955000.0,2225613000.0,2828406000.0,2419476000.0,1431437000.0,127213000.0,824191000.0,0.23849703763965785,0.11388269301727046,0.07324539371605152,0.14472708967201658,130501460000.0,16084636000.0,64740325000.0,65792798000.0,101424039000.0,45571985000.0,5909223000.0,4403997000.0,0.24447411402080818,0.12325253679154241,2.2255786970876956,2.1289404444419087,0.06948365686763336,-0.9322046942844171,-0.27468402988372764,-0.6688242430860692,-0.662744145998899,75198838000.0,25500099000.0,17217057000.0,42049295000.0,0.3875819204405929,0.19540087137722445,0.21027841444078474,1.0,1.8568029108639856,33217980416.0,0.512,,ASHOKA.NS,,,,,0.33147986640044347,22.795698924731184,14.301075268817204,68.06903991370011,,60.752688172043015,,54.80349344978166,12.809472551130247,68.19338422391857,64.67576791808874,16.33986928104575,52.85714285714286,58.47826086956521,,46.86971235194585,46.063040385460695,Q2 (Low)
2026-08-31,1153.5999755859375,1197.0,1136.5999755859375,1168.0999755859375,6068498,0.06171607655657407,0.08348019853268784,,,0.27563265128422565,58.7837813456091,0.865279731635526,,0,8983200000.0,5577600000.0,4027700000.0,8196100000.0,7775000000.0,3305300000.0,929800000.0,3539900000.0,0.620892332353727,0.44835915931961884,0.3679423813340458,0.9123808887701487,,,,,,,,,,,,,0.10810677455962892,0.14473228510078262,0.24572886620812073,0.324238782051282,0.4580175756928879,31789100000.0,12312200000.0,13146300000.0,29354600000.0,,,,0.0,,475287257088.0,0.47,1.54,360ONE.NS,,,,,0.33409140284554445,63.87096774193548,73.44086021505376,42.82632146709817,,77.09677419354838,,88.8646288209607,69.32185145317546,61.895674300254456,,58.27886710239652,62.637362637362635,85.97826086956522,76.6256590509666,,64.05581519015449,Q5 (Highest)
2026-08-31,430.0,435.0,401.0,403.0,1835978,-0.20895084828022714,0.14602589789502907,,,0.7194991266824251,28.090634672120572,0.6954280859960221,,0,3384400000.0,804820000.0,431710000.0,523120000.0,493070000.0,330400000.0,96090000.0,66580000.0,0.23780286018201158,0.1275587991963125,0.09762439427963597,0.15456801796477956,10615620000.0,907090000.0,4935710000.0,5676500000.0,9689020000.0,4760490000.0,320950000.0,249450000.0,0.15979741037611203,0.08544861251627318,2.0352988872994167,1.9828988192391959,0.6701951785229601,0.8175816921553527,0.7724568459862577,1.4954682779456192,0.898733258320932,8186220000.0,653680000.0,834590000.0,1113280000.0,0.11515546551572271,0.06157718531748499,0.12676822220095724,1.0,2.2301746859816007,22549428224.0,1.613,0.07,JNKINDIA.NS,,,,,0.32303762210314224,73.87096774193549,1.0752688172043012,28.58683926645092,,1.5053763440860166,,49.23580786026201,7.965554359526372,99.36386768447836,59.55631399317406,80.71895424836602,93.2967032967033,53.15217391304348,4.042179261862917,39.59390862944163,46.130927694435655,Q2 (Low)
2026-08-31,142.52000427246094,145.1999969482422,141.60000610351562,143.3800048828125,48757088,0.03703175596266517,0.041627397314940806,,,0.2697739598808963,52.346400635451204,0.7957001998073772,,0,2664072800000.0,164377400000.0,-2776000000.0,7969400000.0,7969400000.0,-16307400000.0,2085000000.0,17295300000.0,0.061701542089990936,-0.001042013566596228,-0.0061212291195646,0.0029914347685994166,,,,,,,,,,,,,0.27902552440773953,-1.112790909996348,0.36430011959320585,-1.200740062336588,-0.9347802781008093,8721945600000.0,326479700000.0,474731800000.0,532035000000.0,,,,0.0,,,0.777,5.75,IOC.NS,,,,,0.30907378438094774,54.73118279569893,64.51612903225806,36.67745415318231,,79.13978494623656,,,52.85252960172229,88.99491094147582,,13.83442265795207,83.2967032967033,93.69565217391305,97.71528998242532,,61.03027063877118,Q5 (Highest)
2026-08-31,86.4800033569336,93.44000244140625,86.19999694824219,92.37000274658203,21209273,0.044200810564960724,-0.1083976437542542,,,0.43524760477212315,67.92779164328263,0.7368988015552933,,0,21065600000.0,13470100000.0,3187600000.0,4073500000.0,3305000000.0,1939200000.0,710500000.0,655300000.0,0.6394358575117728,0.15131778824244266,0.09205529393893362,0.193372132766216,,,,,,,,,,,,,0.06702325958343458,0.01597946246136117,0.2574450685561134,0.9079102715466352,0.18357207194119196,74573800000.0,5519000000.0,10940700000.0,14072700000.0,,,,0.0,,89691111424.0,0.904,,JAYNECOIND.NS,,,,,0.3292090888864868,12.473118279569892,66.55913978494624,31.06796116504854,,28.49462365591397,,69.43231441048034,86.0064585575888,94.40203562340967,,48.03921568627451,52.087912087912095,83.47826086956522,,,54.80273600804729,Q4 (High)
2026-08-31,257.6000061035156,315.0,257.6000061035156,294.25,2258641,0.11988582302568984,0.00856898029134534,,,0.3542773449515223,82.56263164022396,4.5164344998474295,,0,2796720000.0,725210000.0,178780000.0,354120000.0,232420000.0,127560000.0,44570000.0,55230000.0,0.25930733144540746,0.06392488343488086,0.045610572384793616,0.12661975456963873,12963100000.0,731480000.0,2987790000.0,9975360000.0,3418000000.0,1867340000.0,392480000.0,37400000.0,0.07332868187213294,0.056427860619759164,1.8304111731125559,1.810382683389206,0.055178892800144874,-0.08742309343253685,0.04409376504978324,1.90503302209064,0.34728351849033623,10666570000.0,532120000.0,678310000.0,1376950000.0,0.05334343823180316,0.04104882319815476,0.06335295941659724,1.0,2.102880638118968,12081809408.0,2.061,0.51,IRMENERGY.NS,,,,,0.21795578713019037,45.376344086021504,85.26881720430107,98.59762675296656,,50.21505376344086,,38.318777292576414,97.52421959095801,99.87277353689568,51.02389078498294,41.17647058823529,49.01098901098901,43.26086956521739,40.86115992970123,30.287648054145517,58.05297601069543,Q5 (Highest)
2026-08-31,147.10000610351562,171.0,146.47999572753906,167.85000610351562,14259650,-0.001784048788924908,0.5878347134350745,,,0.6097559721345089,64.18455511524238,0.8290366817370227,,0,6194500000.0,2471900000.0,721800000.0,943000000.0,740100000.0,531600000.0,176500000.0,32000000.0,0.39904754217450966,0.11652272176931149,0.08581806441197837,0.15223181854871257,25869500000.0,1354200000.0,7884000000.0,17985500000.0,12276300000.0,6901800000.0,653500000.0,3710700000.0,0.0752939868227183,0.05234735885888788,1.778709901764757,1.2410675475962791,0.06729957442409407,1.5830903790087465,0.17368979499033688,0.6919159770846595,0.4016052318668253,23190600000.0,1376400000.0,1886400000.0,2791300000.0,0.07652831447554975,0.053205512282804075,0.0975402927656582,1.0,2.213495815535669,49268596736.0,0.482,0.6,IOLCP.NS,,,,,0.22992189235102448,98.06451612903226,45.806451612903224,39.59007551240561,,5.806451612903231,,60.1528384279476,80.30139935414424,63.8676844783715,49.48805460750853,89.10675381263616,52.197802197802204,63.3695652173913,46.04569420035149,30.456852791878177,54.95027599701837,Q4 (High)
2026-08-31,14400.0,16695.0,14321.0,16631.0,1039161,0.1820184790334045,0.3348583353399148,,,0.4696968474862818,77.53507014028057,1.4229373864081252,,0,65666200000.0,15003200000.0,7118700000.0,7914800000.0,7457700000.0,4674500000.0,1551500000.0,1231700000.0,0.22847675059619713,0.10840736939247284,0.07118578507664522,0.12053080580268083,,,,,,,,,,,,,-0.0006954600308315406,0.8444207702020201,0.2655568232627701,0.8698747949917998,0.6651518976689388,236830500000.0,11927300000.0,19831900000.0,22114600000.0,,,,0.0,,668295430144.0,0.152,0.38,APARINDS.NS,,,,,0.5128144605979942,91.29032258064517,92.15053763440861,71.08953613807982,,21.07526881720429,,90.82969432314411,94.6178686759957,23.791348600508904,,81.15468409586056,31.208791208791208,91.52173913043478,30.316344463971877,,61.26974237793634,Q5 (Highest)
2026-08-31,975.0,975.8499755859375,925.2000122070312,944.5,110520,-0.04677799538575811,0.08332858455978864,,,0.2798497815271748,39.76503738160175,0.5792508418775043,,0,4478020000.0,1511460000.0,537050000.0,666560000.0,552680000.0,380830000.0,125920000.0,45930000.0,0.33752863988995135,0.11993023702439917,0.08504428296434585,0.1488515013331785,18373790000.0,3436900000.0,7465870000.0,10907920000.0,9229610000.0,4945820000.0,31990000.0,2832560000.0,0.31508298557378495,0.18705449447283332,1.8661435313052235,1.2934255593612385,-0.0055319536390749935,-0.09646729459773662,0.4227634785426748,0.2877624860514658,0.3053167531577401,16300180000.0,1409170000.0,1932690000.0,2503410000.0,0.1291877828220229,0.07669457417331971,0.13473086452113028,1.0,2.097316884540424,54048944128.0,-0.028,0.42,INNOVACAP.NS,,,,,0.1914006187512451,63.763440860215056,20.64516129032258,20.927723840345198,,75.6989247311828,,61.35371179039302,23.2508073196986,10.178117048346055,52.389078498293514,40.631808278867105,29.78021978021978,58.152173913043484,33.567662565905096,53.63790186125211,42.93178211853896,Q2 (Low)
2026-08-31,916.2000122070312,957.0,912.0,931.7000122070312,5056872,0.07795693856298369,0.12627194620210314,,,0.29974926448030015,57.51398469283393,1.0375352553589052,,0,35357500000.0,11125700000.0,2277100000.0,5934900000.0,4356900000.0,3143300000.0,1065800000.0,147800000.0,0.3146630842112706,0.06440217775578025,0.08890051615640246,0.167854062080181,114567200000.0,4061600000.0,33577600000.0,80989600000.0,45327900000.0,27624400000.0,2260000000.0,25147000000.0,0.050149648843802165,0.03545168250598775,1.6408645979641188,0.7305461838085171,0.03683122443294273,1.2428112736353905,0.08045299116569438,0.05349063243623697,0.07604025020397054,134070500000.0,7808500000.0,8627300000.0,17011200000.0,0.09641361359977084,0.06815650552688728,0.10143654645672254,1.0,2.470846018755804,170524737536.0,0.822,1.14,ARE&M.NS,,,,,0.377263964718044,70.43010752688173,78.38709677419354,53.5059331175836,,70.10752688172043,,77.9475982532751,65.9849300322928,91.47582697201018,44.53924914675768,86.49237472766885,43.84615384615385,87.28260869565217,66.95957820738137,25.888324873096447,64.1898206036445,Q5 (Highest)
2026-08-31,14.180000305175781,14.5,14.010000228881836,14.229999542236328,53969,-0.028005518543134822,-0.10503145385913615,,,0.15866286581226646,43.99998982747396,0.9415352659230551,,0,103469000.0,40211000.0,20150000.0,51830000.0,47867000.0,22229000.0,22456000.0,3182000.0,0.3886284780948883,0.19474431955464921,0.2148372942620495,0.5009229817626536,2083814000.0,577284000.0,746183000.0,1219712000.0,1284501000.0,303874000.0,17876000.0,509829000.0,0.4732953352922657,0.2770324030839605,4.22708425202551,2.5493197838577832,0.5466680618254656,-0.5049330749871941,0.594185258227536,3.1126734505087885,7.72412051843124,277025000.0,107997000.0,56348000.0,160969000.0,0.08854303310945534,0.05182660256625592,0.03135677541853182,1.0,1.5929134270141192,355693056.0,1.009,,ASHOKAMET.NS,,,,,0.366961258761947,13.333333333333334,28.49462365591398,48.43581445523193,,98.9247311827957,,3.384279475982533,32.400430570505925,96.7557251908397,85.6655290102389,25.59912854030501,91.42857142857143,33.58695652173913,,64.63620981387479,51.50968887862216,Q3 (Medium)
2026-08-31,147.5,156.0,144.1999969482422,147.0,37182,0.02047897872783966,0.10567885200649929,,,0.3809759931420268,61.52035582271685,2.62998744663206,,0,2652560000.0,464111000.0,32164000.0,53407000.0,38999000.0,26238000.0,12139000.0,622000.0,0.17496720149591338,0.012125644660252738,0.009891576439364237,0.020134134571885273,3006355000.0,0.0,872418000.0,2133937000.0,2550813000.0,826805000.0,140279000.0,1001024000.0,0.0,0.0,3.0851446229763972,1.8744310931840036,0.00963403164298482,0.6577999620900992,0.4889709184314994,4.779295154185022,1.580048309178744,10437085000.0,83001000.0,101626000.0,170916000.0,0.0388957124788595,0.02760851596035731,0.04762371147789274,1.0,5.196360077236387,1305529088.0,,2.38,JOCIL.NS,,,,,0.3807586744237281,67.52688172043011,58.27956989247311,92.01725997842503,,41.397849462365585,,12.991266375545852,74.91926803013995,,78.32764505119454,77.77777777777779,35.05494505494505,27.282608695652172,87.34622144112478,5.245346869712352,53.87777602331909,Q4 (High)
2026-08-31,1210.699951171875,1300.0,1185.0,1209.199951171875,5025,-0.0006611973786156966,0.05422837940006531,,,0.4668132456165665,51.24603561776884,0.2168091630949016,,0,1823522000.0,275629000.0,44834000.0,110051000.0,70845000.0,27087000.0,20915000.0,22843000.0,0.15115200145652205,0.02458648702894728,0.014854221665546124,0.060350793683871105,3850995000.0,907691000.0,2280212000.0,1570783000.0,2609989000.0,1716970000.0,290513000.0,38974000.0,0.5778589404137936,0.23570298065824546,1.520113339196375,1.497414049168011,0.12981326552676786,2.580568407138136,0.32084718630710496,0.25478297123268634,1.0453295171542205,6316593000.0,105035000.0,161909000.0,365268000.0,0.06686792510486808,0.027274769247947608,0.0653260837111868,1.0,2.550276097476107,3144403456.0,-0.332,0.37,APOLSINHOT.NS,,,,,0.22240558354056772,57.8494623655914,46.55913978494623,3.2362459546925564,,21.72043010752688,,21.83406113537118,49.730893433799785,2.035623409669211,39.59044368600683,93.24618736383442,66.48351648351648,32.71739130434783,29.261862917398947,71.2351945854484,42.366696835476674,Q2 (Low)
2026-08-31,367.0,405.8999938964844,360.79998779296875,380.6499938964844,9175773,0.0026340050469555454,-0.08464593408775634,,,0.30237722603143113,54.90354332736883,4.204551835696156,,0,3648100000.0,1297400000.0,491700000.0,678400000.0,565000000.0,417000000.0,133100000.0,14900000.0,0.3556371809983279,0.13478248951509006,0.11430607713604342,0.185959814698062,9913600000.0,368600000.0,2509900000.0,7403700000.0,4165900000.0,1695500000.0,49300000.0,78600000.0,0.04978591785188487,0.0371812459651388,2.457033323503391,2.4106753170156296,-0.018298754070127266,0.017073170731707332,0.12273412735050626,0.27095397744590066,0.18353105373342649,14352300000.0,1751700000.0,2132500000.0,2846600000.0,0.23659791725758741,0.17669665913492577,0.27437180757304785,1.0,2.9803966268560362,34895327232.0,0.436,1.22,INDRAMEDCO.NS,,,,,0.4024261434796155,18.27956989247312,49.13978494623656,97.84250269687162,,69.03225806451613,,55.24017467248908,60.06458557588805,58.206106870229014,67.91808873720136,48.25708061002179,26.813186813186814,59.45652173913043,69.33216168717048,25.719120135363788,53.68674282938522,Q4 (High)
2026-08-31,82.9000015258789,91.80000305175781,82.1500015258789,87.0199966430664,296243,0.06083137800837002,-0.03504106954330988,,,0.3004375773905716,66.58593919577336,1.7378646725440643,,0,1776800000.0,615600000.0,-319900000.0,-202000000.0,-255400000.0,-341600000.0,13300000.0,72900000.0,0.3464655560558307,-0.180042773525439,-0.19225574065736156,-0.11368752814047726,9558387000.0,4194085000.0,5597090000.0,3961297000.0,3756797000.0,4922763000.0,17760000.0,2695519000.0,1.058765601266454,0.43878585372197215,0.7631480532375823,0.2155858407158744,-0.3980418064166412,21.773333333333333,0.10004952947003476,-2.0858232676414494,-1.423391322573884,9301200000.0,-250600000.0,-39200000.0,314100000.0,-0.06326210834481737,-0.026217812691618367,-0.004806641798017554,0.0,1.3187409758571191,2512918784.0,0.363,0.57,JAYSREETEA.NS,,,,,0.3748426283569547,31.397849462365592,73.01075268817205,79.18015102481122,,69.56989247311827,,19.65065502183406,83.42303552206674,49.23664122137404,8.532423208191126,98.91067538126362,4.5054945054945055,28.26086956521739,44.81546572934973,86.97123519458545,51.83100939985624,Q3 (Medium)
2026-08-31,622.9000244140625,642.4000244140625,607.0,636.0499877929688,1150018,0.024647584040223602,0.11236446549779044,,,0.5000460671750198,62.02706224061115,0.38798083508357617,,0,2628700000.0,857800000.0,403700000.0,583700000.0,583700000.0,453800000.0,114800000.0,15100000.0,0.3263209951687146,0.1535740099669038,0.17263286034922204,0.22204892152014305,25570100000.0,931800000.0,7367800000.0,18202300000.0,7352400000.0,4656800000.0,600000.0,633700000.0,0.051191332963416714,0.0364409994485747,1.5788524308538052,1.442771860505068,0.08812815630432991,-2.359089547768793,0.07289498387820914,-0.3662896243541405,-0.37431664701468537,9965700000.0,2106200000.0,2321300000.0,2784000000.0,0.11571065195057767,0.08236964266858557,0.12131743849985105,1.0,1.5881772069722058,18433431552.0,,0.16,JINDRILL.NS,,,,,0.20296310274139184,68.17204301075269,60.43010752688171,8.30636461704423,,16.129032258064512,,45.74235807860262,75.8880516684607,,41.63822525597269,7.625272331154684,58.24175824175825,56.19565217391305,11.599297012302284,26.22673434856176,41.746326434897945,Q1 (Lowest)
2026-08-31,141.1460615828114,143.7899932861328,137.46572317847165,139.8000030517578,878766,-0.0302438686714932,0.03655682764678603,,,0.39000275397539685,67.44393871424747,0.7553413395416027,,0,7803281000.0,2109680000.0,416119000.0,726168000.0,431292000.0,274911000.0,109636000.0,46746000.0,0.2703580711754453,0.05332615857355387,0.03523018074063974,0.09305931697192502,19712068000.0,3397684000.0,7853957000.0,11858111000.0,7033686000.0,5738086000.0,367827000.0,2211489000.0,0.28652826744495813,0.17236567974501713,1.2257895751301044,0.8403842326517936,0.14733311631389245,0.35051581843191193,0.20200801895170128,0.11546124038871186,0.23467302336494678,26655751000.0,768908000.0,1011202000.0,2194114000.0,0.06484236823217458,0.03900696771135327,0.06628314027554776,1.0,2.3455220426390575,38780088320.0,0.821,0.54,JTEKTINDIA.NS,,,,,0.2596337357356095,53.44086021505377,28.064516129032256,32.68608414239482,,38.494623655913976,,56.87772925764192,84.82238966630786,91.34860050890585,24.061433447098977,69.38997821350763,69.56043956043956,55.65217391304348,42.44288224956063,51.09983079526227,53.19610278361086,Q4 (High)
2026-08-31,165.0,165.1199951171875,139.32000732421875,139.32000732421875,2533005,-0.25549081553508257,0.5942328446877361,,,0.7888526543873036,30.462865724900354,0.6224313398461746,,0,7660147000.0,1860845000.0,660927000.0,928308000.0,679857000.0,795911000.0,-233411000.0,117357000.0,0.24292549477183661,0.08628124238346863,0.10390283632938115,0.12118670829685123,18310490000.0,5312059000.0,11349329000.0,6961161000.0,4910465000.0,5772605000.0,47746000.0,2686095000.0,0.763099574912863,0.29011014997414053,0.8506497499828933,0.38533209876650143,0.1867102467055093,3.3332807038557446,0.2544062219974743,2.8708423914365055,0.5560990410033508,25509924000.0,1396743000.0,1943056000.0,2879428000.0,0.2006479953559471,0.07628102797904371,0.15831672535813748,1.0,1.9914545978835083,15081391104.0,,0.5,JAYBARMARU.NS,,,,,0.5385319301581512,98.27956989247312,0.7526881720430108,23.948220064724918,,0.8602150537634401,,42.79475982532751,9.903121636167922,,10.238907849829351,94.11764705882352,76.26373626373626,1.956521739130435,40.070298769771526,78.68020304568529,41.85772595809841,Q1 (Lowest)
2026-08-31,1820.300048828125,1996.0,1820.300048828125,1970.0,6647841,0.10308526405129492,0.04720393957739999,,,0.2367683642199096,70.73235035577564,2.138709559744246,,0,54382100000.0,7213700000.0,3518500000.0,4508000000.0,3913700000.0,2631100000.0,893200000.0,389400000.0,0.13264842659625134,0.06469959784561465,0.0483817285467093,0.08289492314566742,,,,,,,,,,,,,-0.10496578329750916,-0.2574855368985466,0.021384769971921402,-0.10235065333833715,0.004881745837141294,221655200000.0,11646700000.0,15338700000.0,18924000000.0,,,,0.0,,546987048960.0,0.301,0.29,APLAPOLLO.NS,,,,,0.5073840848833459,56.02150537634408,83.22580645161291,87.48651564185545,,88.70967741935485,,89.62882096069869,89.55866523143165,39.63104325699746,,32.6797385620915,15.714285714285714,85.54347826086956,21.79261862917399,,59.332810366981064,Q5 (Highest)
2026-08-31,37.90999984741211,42.400001525878906,37.630001068115234,38.93000030517578,166978070,0.35833916651925635,0.3382605741139024,,,0.6923347030564211,67.34023217672808,1.1341145587295485,,0,5547165000.0,1209601000.0,260385000.0,518098000.0,477299000.0,323961000.0,73136000.0,80109000.0,0.21805751226076744,0.046940193774657864,0.05840118330714879,0.09339870005669562,,,,,,,,,,,,,-0.13349984887074817,0.2396577520462555,0.027447992896428186,0.8575851925756455,0.20401385980771947,23003585000.0,847673000.0,1079268000.0,1603133000.0,,,,0.0,,39031296000.0,,,JINDWORLD.NS,,,,,0.22947587007107006,91.61290322580645,98.38709677419355,58.791801510248106,,2.4731182795699027,,57.20524017467249,84.71474703982777,,,62.63616557734205,13.076923076923078,49.56521739130435,,,54.564214203325854,Q4 (High)
2026-08-31,77.4000015258789,80.5,75.30000305175781,77.30999755859375,21598150,-0.03675560053723259,0.03383255978331623,,,0.4286214806389828,55.96234142666522,1.9596588078642925,,0,6926818000.0,1084716000.0,523344000.0,590982000.0,536874000.0,344126000.0,116856000.0,41421000.0,0.15659657868880053,0.0755533060057302,0.049680242789690736,0.0853179627355591,19962762000.0,2440552000.0,4745206000.0,14866047000.0,12553752000.0,3897101000.0,347523000.0,2710428000.0,0.16416953343414023,0.12225522700716464,3.2213052728168963,2.525806747117922,0.47217136210352395,0.29921132014210583,0.4754573888979299,1.0461037185021347,1.216321020063754,21363635000.0,988647000.0,1336772000.0,1671051000.0,0.0665036912637233,0.04952455977785038,0.07724059475810355,1.0,2.721856133935775,30389139456.0,,0.16,JTLIND.NS,,,,,0.339860858186932,52.473118279569896,23.333333333333332,84.89751887810141,,30.107526881720432,,53.82096069868996,62.8632938643703,,79.69283276450511,66.55773420479304,90.10989010989012,56.630434782608695,11.599297012302284,39.93231810490694,53.467883927652764,Q4 (High)
2026-08-31,82.5,85.0,76.5,77.9000015258789,54163,0.021639364273821737,-0.001025927514884839,,,0.3007227162599574,65.03739458027562,0.7897846639593137,,0,1360474000.0,274967000.0,38490000.0,42370000.0,40758000.0,31493000.0,6125000.0,3137000.0,0.20211117595779118,0.02829161012999881,0.023148549696649843,0.031143557318993233,3231469000.0,172915000.0,568357000.0,2663112000.0,228857000.0,204934000.0,25560000.0,122943000.0,0.06492967625845252,0.05350971957335812,1.1167351439975797,0.5168200493817522,-0.004531462309399492,0.20418307651129886,0.046196554906182685,0.33887424538729705,0.12232464505191776,5342198000.0,132770000.0,161986000.0,171785000.0,0.049855206990918895,0.04108657703354109,0.05711722772738059,1.0,2.857450837374581,1270679680.0,0.386,,ISFT.NS,,,,,0.248020926326059,42.04301075268817,58.924731182795696,35.92233009708738,,69.46236559139786,,12.77292576419214,81.70075349838535,51.972010178117046,16.89419795221843,60.56644880174292,30.32967032967033,24.130434782608695,,29.103214890016922,44.25480625472806,Q2 (Low)
2026-08-31,0.9900000095367432,0.9900000095367432,0.9200000166893005,0.9599999785423279,2438938,-0.09433959399563019,-0.23200001716613772,,,0.32080703991011716,46.66666136847834,2.5116539316466233,,0,45000000.0,28294000.0,17191000.0,-539000.0,-539000.0,-644000.0,0.0,105000.0,0.6287555555555555,0.3820222222222222,-0.014311111111111111,-0.011977777777777778,,,,,,,,,,,,,0.0,-0.9573933178961297,,,,180000000.0,-979360000.0,35111000.0,-978807000.0,,,,0.0,,252936880.0,0.411,,ARSHIYA.NS,,,,,0.5848737506743455,2.795698924731183,8.279569892473118,91.04638619201725,,62.04301075268817,,2.1834061135371177,38.85898815931109,54.4529262086514,,15.795206971677562,31.868131868131865,14.728260869565219,,,38.136772396852265,Q1 (Lowest)
2026-08-31,224.27000427246094,237.6999969482422,222.1999969482422,228.41000366210938,1372607,-0.030435512833076772,0.6580285479815056,,,0.5236381910509482,45.75342306678449,0.4560598462225679,,0,1697868000.0,1083149000.0,124530000.0,205694000.0,124530000.0,151121000.0,-31489000.0,,0.6379465305901283,0.07334492434040808,0.08900633029187192,0.12114840494078456,16733498000.0,205013000.0,2893838000.0,13840235000.0,9767526000.0,2572853000.0,4298486000.0,1479303000.0,0.014812826516312765,0.012251652344297648,3.796379350083351,3.2214133493052266,0.1255086063688322,0.5843598964176007,0.3182348255338179,-3.7515567532136482,1.2212935065496051,6156503000.0,2549094000.0,-95686000.0,613825000.0,0.18417996515232582,0.15233479574922112,-0.006812695653362618,1.0,2.0663574705061665,19862890496.0,0.707,,INDSWFTLAB.NS,,,,,0.2982806811199673,98.70967741935483,27.8494623655914,11.542610571736784,,13.225806451612897,,46.943231441048034,36.27556512378902,85.87786259541986,84.64163822525597,76.03485838779956,65.49450549450549,5.543478260869565,,18.104906937394247,48.01624021829185,Q3 (Medium)
2026-08-31,53.2599983215332,54.79999923706055,52.79999923706055,54.52000045776367,2285062,0.21560763238871172,0.49862558705494364,,,0.34632124114331964,94.09234430430368,0.5923653927640072,,0,604785000.0,261491000.0,95331000.0,110365000.0,97618000.0,64334000.0,24349000.0,8935000.0,0.4323701811387518,0.15762791735906148,0.10637499276602429,0.1824863381201584,2037229000.0,343131000.0,619636000.0,1417593000.0,1591260000.0,499195000.0,1775000.0,760125000.0,0.24205184421762804,0.16843025501796804,3.18765211991306,1.6649505704183736,0.24267485822306245,1.136490435706695,0.8120518820579044,1.7099410278011793,0.8208740987609511,1867491000.0,165568000.0,256320000.0,306164000.0,0.11679515911830829,0.08127117766338492,0.14557647876668917,1.0,2.6922543317417924,9305387008.0,0.01,,IRISDOREME.NS,,,,,0.25989361112130965,96.88172043010753,94.51612903225806,22.006472491909385,,53.01075268817204,,34.27947598253275,99.56942949407966,12.404580152671755,79.35153583617748,84.85838779956427,81.42857142857143,34.34782608695652,,46.7005076142132,59.2903592691476,Q5 (Highest)
2026-08-31,420.70001220703125,436.0,368.5,371.6000061035156,3968123,-0.07608156433313173,-0.0546934613741481,,,0.5044318259527862,25.934502119060156,0.7310047351759997,,0,8632700000.0,2741600000.0,2700000.0,628700000.0,432700000.0,241400000.0,81900000.0,107900000.0,0.3175831431649426,0.00031276425683737417,0.02796344133353412,0.07282773639765079,33799300000.0,4821900000.0,20396100000.0,13390300000.0,23567200000.0,16134200000.0,1845600000.0,4413900000.0,0.3601039558486367,0.14266271786693807,1.4606983922351278,1.1871242453917765,0.17541255922880028,0.18916256157635458,0.2501918871558704,-0.5028830313014827,-0.2549182270680256,30154600000.0,1564900000.0,1652400000.0,2990100000.0,0.11686818069796794,0.04629977543913631,0.09073038951911357,1.0,1.7529513924844595,,,0.34,IONEXCHANG.NS,,,,,0.22681627964209808,26.236559139784948,12.043010752688172,30.528586839266453,,15.591397849462368,,,5.920344456404736,,37.54266211604095,59.694989106753816,74.06593406593407,51.08695652173913,25.57117750439367,58.37563451776649,39.77715019134899,Q1 (Lowest)
2026-08-31,709.6500244140625,751.9500122070312,700.7999877929688,738.3499755859375,3908181,0.15892325204828484,0.1384627083234713,,,0.4702101493728438,67.05398754014949,1.5280882674530016,,0,19686300000.0,14235400000.0,926100000.0,1805800000.0,1805800000.0,1107300000.0,261200000.0,338100000.0,0.7231120119067574,0.04704286737477332,0.05624723792688316,0.09172876568984523,46980700000.0,14437400000.0,30532400000.0,16492900000.0,25879400000.0,19022600000.0,3158000000.0,5847500000.0,0.8753706140217912,0.30730491457130266,1.360455458244404,1.0530579416063,1.0497381381256314,0.3149269682935518,2.5455478711908364,0.28026361429066937,0.584452048784768,52371300000.0,4014100000.0,4221200000.0,5624600000.0,0.24338351654348234,0.08544146851792332,0.1364745896418722,1.0,1.9082018786437835,70531694592.0,,0.14,ASHAPURMIN.NS,,,,,0.4230222165236515,72.15053763440861,90.53763440860216,74.21790722761597,,20.86021505376344,,65.93886462882097,84.28417653390743,,31.91126279863481,67.21132897603485,96.37362637362638,69.02173913043478,9.92970123022847,83.07952622673434,61.03443468152082,Q5 (Highest)
2026-08-31,13.880000114440918,14.949999809265137,13.770000457763672,14.0600004196167,57980,0.02852965187608736,-0.04418760141703948,,,0.30975318899610393,51.12782790545426,0.8298503552229795,,0,100632000.0,53381000.0,-49514000.0,-31177000.0,-45307000.0,-42703000.0,-12074000.0,9470000.0,0.5304575085459894,-0.49203036807377376,-0.4243481198823436,-0.30981198823435885,1854317000.0,432646000.0,602636000.0,1251681000.0,739511000.0,445189000.0,2013000.0,658061000.0,0.3456519672344631,0.2333182514100879,1.6611169638063834,0.1829560029560479,-0.25586210466380244,56.242627345844504,-0.4446296316736388,2.8662743322770483,-3.2603494526208947,552387000.0,-42969000.0,-69934000.0,42777000.0,-0.03432903431465365,-0.023172413346801004,-0.04152044110199504,0.0,1.3527426540338032,474946816.0,0.843,,ARCHIES.NS,,,,,0.23721130569423682,29.139784946236556,61.72043010752688,39.69795037756203,,65.59139784946237,,5.240174672489083,49.6232508073197,93.06615776081425,45.22184300341297,99.56427015250546,6.813186813186813,7.391304347826087,,56.17597292724196,47.28304825103895,Q2 (Low)
2026-08-31,22.209999084472656,23.850000381469727,22.049999237060547,23.469999313354492,89193,0.016457304385249838,0.030742153777697734,,,0.366672261492799,67.51915151846273,0.9012518258233817,,0,18239700000.0,7858800000.0,1658700000.0,2207000000.0,1466100000.0,-120100000.0,488400000.0,1168100000.0,0.43086234970969917,0.09093899570716624,-0.006584538122885793,0.12099979714578639,121554400000.0,43057600000.0,61576200000.0,58501100000.0,57480000000.0,49408300000.0,1220700000.0,20826200000.0,0.7360135108570608,0.3542249396155137,1.1633672884920145,0.7418551134121191,0.14170808347625785,-0.7130912565695174,0.04302550994150045,-1.4154271878242821,-0.018674966651845315,,,,,,,,0.0,,17215485952.0,0.245,,JISLDVREQS.NS,,,,,0.3222065277257179,51.935483870967744,56.666666666666664,45.415318230852215,,45.26881720430107,,45.08733624454149,85.03767491926803,33.71501272264631,20.733788395904437,19.553376906318082,68.4065934065934,78.09782608695653,,76.90355329949239,51.788096530300564,Q3 (Medium)
2026-08-31,353.75,372.3999938964844,348.1000061035156,367.54998779296875,162919,-0.027902719228358075,0.20055526741981566,,,0.3651642092295254,42.64178290946119,0.5744295487486186,,0,461551000.0,240579000.0,-183257000.0,261130000.0,238998000.0,115694000.0,38791000.0,84513000.0,0.5212403396374399,-0.3970460469157255,0.2506635236409411,0.5657662966822735,,,,,,,,,,,,,-0.06822880076229232,0.06579335249465701,0.08153624444939123,0.1492857568593169,0.22547915376095817,1845949000.0,462727000.0,-513693000.0,1040525000.0,,,,0.0,,17230469120.0,0.662,,5PAISA.NS,,,,,0.18634925034276031,81.18279569892472,28.602150537634408,20.496224379719525,,46.02150537634409,,45.19650655021834,29.38643702906351,82.50636132315522,,52.28758169934641,18.791208791208792,41.19565217391305,,,46.37776157063521,Q2 (Low)
2026-08-31,30.06999969482422,32.400001525878906,30.049999237060547,30.90999984741211,12146376,-0.032247985893025244,-0.04303403784770288,,,0.3915562960682752,51.55554789476867,1.417350147418094,,0,18239700000.0,7858800000.0,1658700000.0,2207000000.0,1466100000.0,-120100000.0,488400000.0,1168100000.0,0.43086234970969917,0.09093899570716624,-0.006584538122885793,0.12099979714578639,121554400000.0,43057600000.0,61576200000.0,58501100000.0,57480000000.0,49408300000.0,1220700000.0,20826200000.0,0.7360135108570608,0.3542249396155137,1.1633672884920145,0.7418551134121191,0.14170808347625785,-0.7130912565695174,0.04302550994150045,-1.4154271878242821,-0.018674966651845315,,,,,,,,0.0,,22672801792.0,0.245,,JISLJALEQS.NS,,,,,0.3765568225789002,29.56989247311828,26.451612903225808,70.65803667745415,,38.17204301075269,,49.56331877729257,50.80731969860065,33.71501272264631,20.733788395904437,19.553376906318082,68.4065934065934,78.09782608695653,,76.90355329949239,47.50882495722369,Q3 (Medium)
2026-08-31,3.390000104904175,3.640000104904175,3.390000104904175,3.549999952316284,66375,0.3759690144551895,-0.15274465302244766,,,0.27846449485613245,97.3684235292789,0.6595273188401765,,0,2343900000.0,942700000.0,82000000.0,1787800000.0,1696200000.0,1654700000.0,26500000.0,27500000.0,0.40219292631938225,0.034984427663296215,0.7059601518836128,0.762745850932207,,,,,,,,,,,,,,,,,,,,,,,,,0.0,,558787328.0,0.039,,ANSALAPI.NS,,,,,0.23148916184533494,7.634408602150537,98.81720430107526,25.997842502696873,,76.12903225806451,,6.222707423580786,99.67707212055974,14.75826972010178,,,,35.65217391304348,,,47.659247389418205,Q3 (Medium)
2026-08-31,89.5,90.8499984741211,88.5,88.75,38469401,0.007149310415136112,-0.10678341933550861,,,0.2277026816817307,50.15673356410212,0.9896358741005056,,0,82420300000.0,18159200000.0,17958900000.0,17970400000.0,17958900000.0,19272100000.0,0.0,,0.22032436183804233,0.21789413530404525,0.2338271032743147,0.21803366403665117,,,,,,,,,,,,,0.12354292335480355,0.14421335739857866,0.22672439583075965,0.1458733433618531,0.06613193163143616,291359700000.0,71594000000.0,70881000000.0,70943500000.0,,,,0.0,,1159829913600.0,0.33,3.27,IRFC.NS,,,,,0.4851424479003893,13.010752688172042,51.3978494623656,51.1326860841424,,91.50537634408602,,94.75982532751091,47.68568353067815,43.95674300254453,,58.16993464052288,65.38461538461539,14.728260869565219,92.79437609841827,,54.968406895508096,Q4 (High)
2026-08-31,33.0,33.0,31.450000762939453,32.119998931884766,8302,-0.015629853494820267,-0.04119406173478313,,,0.2958730323959976,56.99657458894416,0.526281466464072,,0,10500000.0,,6200000.0,6400000.0,6200000.0,4600000.0,1600000.0,,,0.5904761904761905,0.4380952380952381,0.6095238095238096,,,,,,,,,,,,,0.03960396039603964,0.09523809523809534,0.15384615384615374,0.2432432432432432,0.4222222222222223,39400000.0,16500000.0,22000000.0,22700000.0,,,,0.0,,,,,3PLAND.NS,,,,,0.2081957404145476,29.78494623655914,36.236559139784944,17.044228694714132,,71.18279569892474,,,64.90850376749194,,,54.57516339869281,44.395604395604394,19.565217391304348,,,45.84620124820509,Q2 (Low)
2026-08-31,89.0,90.98999786376953,86.0,88.41000366210938,44472,-0.0020317494437491757,0.035003577116103024,,,0.2502937103003343,47.39705660923186,1.4032754854249088,,0,1726275000.0,246014000.0,105875000.0,108462000.0,105875000.0,95551000.0,30178000.0,,0.14251147702422848,0.06133147963099738,0.0553509724696239,0.06283008211322066,3528771000.0,,749819000.0,2746779000.0,2771047000.0,733682000.0,118843000.0,994077000.0,,,3.776904708034271,2.4219893632391143,0.023951669587963575,0.08847853823020135,0.0856583852806665,-0.030116323920501786,-0.053279332437197735,6218995000.0,297061000.0,317006000.0,326956000.0,0.10814885362091381,0.08418256667831378,,1.0,3.643963039823213,2019377664.0,0.123,2.24,JMA.NS,,,,,0.371267455066612,53.118279569892465,45.69892473118279,70.22653721682848,,84.94623655913978,,17.5764192139738,40.47362755651238,21.310432569974555,84.47098976109216,54.03050108932462,40.43956043956044,37.391304347826086,86.55536028119508,,52.415878222433506,Q3 (Medium)
2026-08-31,163.58999633789062,172.2100067138672,162.8000030517578,170.64999389648438,12197106,-0.06395701726868763,0.11741395275969446,,,0.32564266562972055,55.53503535277466,0.7406386040180303,,0,9288000000.0,6218100000.0,1880200000.0,3545000000.0,2502000000.0,1802500000.0,662900000.0,20000000.0,0.6694767441860465,0.20243324720068906,0.19406761412575366,0.3816752799310939,,,,,,,,,,,,,-0.25330417725182497,-0.4293899775238216,0.14818340276661757,0.35424492862509394,0.210310686241038,42289900000.0,,,,,,,0.0,,355459891200.0,,0.59,ITCHOTELS.NS,,,,,0.214885802156022,69.6774193548387,15.806451612903224,31.175836030204962,,60.64516129032258,,86.68122270742357,61.786867599569426,,,27.995642701525053,7.032967032967033,82.93478260869566,45.782073813708266,,49.301228316810565,Q3 (Medium)
2026-08-31,1145.0999755859375,1185.800048828125,1138.0999755859375,1175.0999755859375,43892488,0.11829075083926233,0.05281797005275557,,,0.38050360356166035,66.0349911294355,0.5928659686059421,,0,5082000000.0,1600000000.0,1072000000.0,1307000000.0,1176000000.0,819000000.0,343000000.0,13000000.0,0.3148366784730421,0.2109405745769382,0.16115702479338842,0.25718221172766625,16359000000.0,923000000.0,6685000000.0,9619000000.0,10405000000.0,5588000000.0,2287000000.0,,0.09595592057386422,0.05642154165902561,1.8620257695060844,,0.008333333333333304,-0.10881392818280744,0.02853673345476615,0.012360939431396822,0.01870615744349191,20297000000.0,3324000000.0,4135000000.0,5129000000.0,0.3455660671587483,0.20319090408949203,0.39224056156327075,3.0,2.654489883244697,4759299817472.0,0.107,4.25,INFY.NS,1036000000.0,955000000.0,-81000000.0,4092000000.0,0.4811230237367074,57.52688172043011,85.05376344086022,22.114347357065803,,41.50537634408602,,99.45414847161572,82.45425188374597,20.610687022900763,51.877133105802045,39.760348583878,34.285714285714285,73.15217391304348,95.60632688927943,32.99492385786802,55.75973845841932,Q4 (High)
2026-08-31,18.59000015258789,19.280000686645508,17.8799991607666,17.940000534057617,468278421,0.05529414906221275,0.023972606468045443,,,0.6033640070067463,61.33910728652625,1.2865693297560181,,0,17757000000.0,8930900000.0,6417600000.0,5961800000.0,4789200000.0,4688400000.0,-921400000.0,1021200000.0,0.502950948921552,0.36141240074336883,0.2640310863321507,0.3357436503913949,,,,,,,,,,,,,0.2807714778243402,-36.06656694091249,0.12161752444478124,0.6856865494552906,-0.08149996918715718,,,,,,,,0.0,,122951057408.0,0.331,,JPPOWER.NS,,,,,0.3192766857049763,50.215053763440864,70.86021505376344,66.34304207119742,,6.55913978494624,,72.48908296943232,74.48869752421959,44.211195928753185,,0.6535947712418301,83.40659340659342,0.8695652173913043,,,48.00641203273197,Q3 (Medium)
2026-08-31,1019.0,1038.0,1004.4000244140625,1022.0,5472236,0.00674774705333947,0.14650314598646652,,,0.28181941611387995,47.17669338679901,0.5028912812249114,,0,64712500000.0,,,,,10370500000.0,3521300000.0,66252200000.0,,,0.1602549739231215,,,,,,,,,,,,,,0.06345129282152917,0.745375902519481,0.7223780727996678,-1.445301798726421,,256219800000.0,23632700000.0,,,,,,0.0,,796273672192.0,0.494,0.15,INDUSINDBK.NS,,,,,0.42586324868512315,74.08602150537634,51.182795698924735,14.778856526429344,,74.83870967741936,,92.13973799126637,39.720129171151775,65.20356234096693,,79.41176470588235,51.318681318681314,95.97826086956522,10.984182776801406,,56.64284683883102,Q4 (High)
2026-08-31,46.439998626708984,48.5,45.54999923706055,47.0,67178,-0.05356423390224252,0.1711935895596881,,,0.7475550856401519,40.382000263333616,0.5799009409633288,,0,174645000.0,51335000.0,13560000.0,19686000.0,18407000.0,6834000.0,10164000.0,2151000.0,0.2939391336711615,0.07764321910160611,0.0391308082109422,0.11272008932405737,506292000.0,56170000.0,155659000.0,351030000.0,425467000.0,149078000.0,34474000.0,108318000.0,0.16001481354869954,0.11094388218656427,2.853989186868619,2.1274031044151385,1.3657261287132738,0.13276976628543014,0.654822479320049,-1.409884243987285,-1.7350733729136327,408842000.0,44114000.0,56143000.0,74480000.0,0.12567017064068597,0.08713153674164316,0.13787573673870335,1.0,2.5532576062825405,1493207680.0,0.772,0.27,AARTECH.NS,,,,,0.27554650258611596,76.88172043010752,18.602150537634408,21.035598705501616,,1.0752688172043037,,14.737991266375547,24.542518837459635,88.42239185750637,75.25597269624573,57.29847494553377,96.7032967032967,26.304347826086953,20.38664323374341,39.76311336717428,44.06729928159135,Q2 (Low)
2026-08-31,517.7999877929688,562.0999755859375,516.5,560.5499877929688,4207074,0.051491302690195306,0.2682126420655402,,,0.36652070577543205,62.213115861294035,1.7723030472297245,,0,25530900000.0,13002200000.0,2286500000.0,3408100000.0,2632500000.0,1597100000.0,581400000.0,405500000.0,0.5092730769381416,0.0895581432695283,0.06255556991723754,0.13348922286327547,88364700000.0,16595200000.0,46950000000.0,40441900000.0,44412700000.0,38931100000.0,880000000.0,21735300000.0,0.41034669488822234,0.1878035007191786,1.1408025974092693,0.5825008797593697,0.07605452154562009,0.6365406291628242,0.1496832065709306,0.0574020127118644,0.24197368900550265,93031900000.0,4139400000.0,7140900000.0,10502200000.0,0.10235424151684268,0.046844497859439345,0.12519745919760997,1.0,1.8663078129615105,146942377984.0,0.17,0.71,ARVIND.NS,,,,,0.4170070860614895,87.63440860215054,69.13978494623656,80.2588996763754,,45.376344086021504,,75.10917030567686,76.10333692142089,26.14503816793893,18.771331058020476,77.45098039215686,54.72527472527473,81.52173913043478,52.98769771528998,60.913705583756354,60.40918075405026,Q5 (Highest)
2026-08-31,102.1500015258789,105.80000305175781,102.1500015258789,103.73999786376953,1292096,-0.04930356256778057,-0.07234198189057528,,,0.28011371443799205,40.38352637023497,0.8355296769993433,,0,1206200000.0,444900000.0,128100000.0,302300000.0,271200000.0,207400000.0,61900000.0,600000.0,0.3688443044271265,0.10620129331785773,0.17194495108605537,0.2506217874316034,15588700000.0,5000000.0,485100000.0,14914800000.0,8549900000.0,330200000.0,63600000.0,2407300000.0,0.00033523748223241345,0.00032074515514443153,25.893095093882497,18.60266505148395,0.038842476961502115,0.18514285714285705,-0.10896062643126248,-0.10795698924731179,0.01374916163648554,5143400000.0,1692700000.0,427200000.0,2050500000.0,0.11349129723496125,0.10858506482259586,0.028633091596402097,1.0,2.3595758466068366,18206887936.0,0.033,0.48,JAICORPLTD.NS,,,,,0.37265289400410284,21.612903225806452,19.67741935483871,40.23732470334412,,75.48387096774194,,45.633187772925766,24.65016146393972,14.376590330788805,97.26962457337885,59.47712418300654,44.175824175824175,46.630434782608695,38.576449912126535,7.614213197969544,42.36100857628665,Q2 (Low)
2026-08-31,74.0,76.3499984741211,73.55000305175781,74.83999633789062,153544,-0.06426615157921689,-0.07764361719432733,,,0.24391340101434844,31.7325748965866,0.6135500533006985,,0,970300000.0,367200000.0,182300000.0,81800000.0,77800000.0,39900000.0,19500000.0,18400000.0,0.3784396578377821,0.18788003710192724,0.04112130268988973,0.0843038235597238,5687100000.0,733700000.0,1443800000.0,4243300000.0,4983200000.0,1012500000.0,93900000.0,271400000.0,0.17290787830226476,0.12901127112236466,4.921679012345679,4.65362962962963,1.7456140350877192,-0.8655660377358491,0.777106227106227,-0.693783576362241,-0.31776480400333607,2131300000.0,683800000.0,386500000.0,989900000.0,0.16114816298635495,0.12023702765908811,0.07765722322684349,1.0,2.3023157672627526,4773369856.0,0.803,1.0,INTLCONV.NS,,,,,0.32813884201022353,20.0,15.698924731182796,23.085221143473568,,86.7741935483871,,26.637554585152838,11.194833153928956,90.20356234096693,88.05460750853243,17.647058823529413,97.58241758241758,32.391304347826086,63.971880492091394,40.609137055837564,47.59004635422177,Q3 (Medium)
2026-08-31,1908.0,1991.9000244140625,1824.0,1954.699951171875,999610,-0.025670422317534913,0.38660241017271724,,,0.5301900854008463,44.108385933646076,0.6727045752938705,,0,3707903000.0,2266913100.0,663720100.0,866767000.0,771771000.0,580720000.0,175136000.0,15915000.0,0.6113733557754882,0.17900147333951294,0.15661682627619977,0.2337620482520713,,,,,,,,,,,,,-0.19507764512806258,-0.22814675206779633,0.0037696488717582355,-0.11358321681737416,-0.08563384085330028,15996295000.0,2551225000.0,3052619100.0,3806174000.0,,,,0.0,,177415421952.0,0.512,0.1,INOXINDIA.NS,,,,,0.17207882667569138,93.01075268817203,30.107526881720432,26.968716289104638,,12.365591397849457,,78.7117903930131,32.508073196986004,68.19338422391857,,34.0958605664488,9.340659340659341,63.15217391304348,6.151142355008787,,43.64037808306165,Q2 (Low)
2026-08-31,3510.0,3976.800048828125,3351.10009765625,3792.60009765625,118141,0.2051477908027486,0.4299827190557368,,,0.45876278327228437,72.40536955809552,1.2768228865635813,,0,2389900000.0,619500000.0,310700000.0,336700000.0,323800000.0,239200000.0,79500000.0,5100000.0,0.25921586677266834,0.1300054395581405,0.10008786978534667,0.14088455583915646,5545600000.0,52000000.0,1808500000.0,3737100000.0,4446500000.0,1726000000.0,626300000.0,1965800000.0,0.013914532659013674,0.009376803231390653,2.5761877172653533,1.4372537659327926,0.21747325522159966,-0.03935742971887546,0.15980782296418528,0.14013346043851294,0.2940046118370485,7820800000.0,927700000.0,1154900000.0,1307300000.0,0.24824061438013434,0.16728577611079054,0.30479533398432346,1.0,3.1350764570109635,40277413888.0,0.862,,INDOTECH.NS,,,,,0.3508990976602757,95.16129032258065,93.97849462365592,65.37216828478964,,23.44086021505376,,57.751091703056765,91.28094725511302,93.76590330788804,71.160409556314,44.66230936819172,78.9010989010989,50.32608695652174,,17.428087986463623,62.215249898715186,Q5 (Highest)
2026-08-31,340.0,355.54998779296875,330.0,333.45001220703125,122641,0.1282355810503748,0.05538850870033474,,,0.5578409997211411,27.843292219835774,0.36654951916804657,,0,8983258000.0,2634874000.0,1301021000.0,1394755000.0,1103145000.0,-178251000.0,142208000.0,1039317000.0,0.29330939843874015,0.14482729985045514,-0.019842578271713894,0.15526159885422416,50329583000.0,39460335000.0,54767710000.0,-5132781000.0,25030851000.0,17032706000.0,2004223000.0,637596000.0,-7.687905445410587,0.7840385842259014,1.4695757092267077,1.4321420800664322,0.09285151113434442,13.264644686299615,0.14069670021401248,-0.3968164268045493,-0.018998203642512146,28080229000.0,-481311000.0,4559121000.0,5592157000.0,0.09377197273758611,-0.009563182750788934,0.13281228834422634,0.0,0.678179433753703,8570900992.0,0.064,,JITFINFRA.NS,,,,,0.2288807378832235,58.17204301075268,87.09677419354838,7.766990291262135,,10.107526881720432,,33.07860262008734,7.534983853606028,17.048346055979643,38.05460750853242,98.47494553376906,59.56043956043956,60.54347826086956,,0.8460236886632826,41.8856507639487,Q1 (Lowest)
2026-08-31,936.0,945.0,910.5999755859375,932.0,653217,-0.03340383354724785,-0.05189247251740847,,,0.22306476768673575,22.563535390109777,0.8862185351932366,,0,22722000000.0,15589000000.0,2225000000.0,3493000000.0,2325000000.0,1194000000.0,567000000.0,565000000.0,0.6860751694393099,0.09792271807059237,0.052548191180353844,0.15372766481823782,155227000000.0,36147000000.0,84271000000.0,70928000000.0,41093000000.0,25389000000.0,12652000000.0,12315000000.0,0.509629483419806,0.23286541645461165,1.6185355862775217,1.1334830044507465,0.07376778035064513,1.1359570661896243,0.2527981474334233,0.18334985133795834,0.25919250180245124,81830000000.0,4318000000.0,8330000000.0,12749000000.0,0.06087863749154072,0.027817325594129888,0.07779593742703712,1.0,1.3376957616909428,147616841728.0,0.506,0.54,JUBLPHARMA.NS,,,,,0.38502375231828434,26.881720430107524,25.591397849462368,44.336569579288025,,92.04301075268818,,75.21834061135371,3.3369214208826694,67.23918575063614,43.85665529010239,84.74945533769062,54.065934065934066,81.08695652173913,42.44288224956063,66.66666666666666,53.834379768407466,Q4 (High)
2026-08-31,373.95001220703125,387.70001220703125,370.95001220703125,376.75,291867,-0.03086816720257235,-0.17776082504823065,,,0.3854865017731993,27.401861953552128,0.5181632779226344,,0,1587079000.0,464053000.0,75588000.0,169281000.0,117186000.0,77867000.0,32802000.0,6517000.0,0.29239439246565546,0.04762711875086243,0.049063090117127124,0.10666198721046652,5925848000.0,56771000.0,645925000.0,5279923000.0,3177854000.0,533213000.0,184570000.0,1671908000.0,0.01075224013683533,0.009580232230053826,5.959820934598369,2.82428597952413,-0.3698231383707383,-0.2282755203171457,-0.1488403996979526,2.9637057775515396,1.180163820415733,8818671000.0,388476000.0,376843000.0,728698000.0,0.0735760729843977,0.06555618706385989,0.07061356712601471,1.0,3.3363741695703295,11773437952.0,-0.097,0.52,APEX.NS,,,,,0.37256848146418114,5.483870967741936,27.311827956989248,15.965480043149945,,39.89247311827957,,37.55458515283843,7.21205597416577,6.870229007633588,90.78498293515358,33.98692810457516,4.945054945054945,39.23913043478261,41.65202108963093,16.243654822335024,31.142819636822047,Q1 (Lowest)
2026-08-31,133.5,136.85000610351562,128.00999450683594,134.24000549316406,77029,0.13589444192347755,-0.0008930866079368549,,,0.5344457991239918,63.87116868280014,0.2587191238086936,,0,273269000.0,92599000.0,41262000.0,51379000.0,41854000.0,23220000.0,12843000.0,5791000.0,0.33885658453758016,0.15099407543482796,0.08497121883565278,0.18801620381382447,911784000.0,277476000.0,425662000.0,486122000.0,356003000.0,259440000.0,115000.0,244213000.0,0.5707949856208935,0.3043220762812245,1.3721978106691335,0.43088960838729573,0.17809181795058615,0.14853835880694466,0.13325675137681636,-0.1566790150359555,0.007688234255790682,920050000.0,67974000.0,138077000.0,178889000.0,0.13982909639966923,0.0745505514463952,0.18082420331116636,1.0,2.0340503891272492,2811855360.0,0.149,0.37,AARON.NS,,,,,0.3104585660430467,42.1505376344086,87.74193548387098,5.070118662351672,,11.612903225806448,,20.633187772925766,79.44025834230355,23.282442748091604,32.42320819112628,58.496732026143796,74.72527472527473,27.82608695652174,29.261862917398947,70.89678510998309,44.23742225308048,Q2 (Low)
2026-08-31,707.0,730.2000122070312,700.0,701.75,787071,-0.03619005146200205,0.23525793021944086,,,0.7192681939611704,19.773789116676,0.0484557246387267,,0,1420096000.0,742870000.0,286619000.0,403261000.0,385022000.0,282937000.0,96484000.0,5588000.0,0.5231125219703456,0.2018307213033485,0.19923793884357113,0.28396742192077157,7622170000.0,6349000.0,3513046000.0,4227439000.0,6543099000.0,3389570000.0,547534000.0,179601000.0,0.0015018549055350059,0.0008329648905757809,1.930362553362226,1.8773761863599217,-0.23144955592152439,0.008314207922909045,-0.2897357245281188,0.12665103073694595,0.09699243211481856,5330235000.0,827107000.0,843430000.0,1213181000.0,0.19565202478379937,0.10851332363355842,0.19921403716955124,1.0,2.1389521619171443,60188676096.0,0.731,0.41,ITDC.NS,,,,,0.17487225108213866,84.73118279569893,23.870967741935484,0.2157497303128371,,1.6129032258064484,,63.31877729257642,1.7222820236813776,87.02290076335878,54.09556313993175,46.949891067538125,7.802197802197802,53.2608695652174,32.60105448154657,9.475465313028765,37.77865366285537,Q1 (Lowest)
2026-08-31,520.0,543.3499755859375,510.0,517.3499755859375,2757997,0.062270286921289,0.08815210242691762,,,0.43316923747757147,61.31006328726169,2.29448635296277,,0,2954349000.0,740673000.0,-118212000.0,52641000.0,-96015000.0,-85691000.0,-15217000.0,30351000.0,0.2507059930969564,-0.04001287593307358,-0.029005036304106252,0.01781813861530916,,,,,,,,,,,,,-0.14865264405204992,-9.626900231551394,-0.06145086875429473,-1.8764908045741873,-0.8078444971710166,11646373000.0,-27038000.0,-34818000.0,610522000.0,,,,0.0,,22721677312.0,0.084,0.14,APOLLOPIPE.NS,,,,,0.2429116393799485,64.40860215053763,73.76344086021506,89.5361380798274,,29.24731182795699,,49.672489082969435,74.3810548977395,18.638676844783713,,2.178649237472767,11.978021978021978,6.630434782608696,9.92970123022847,,42.02430139815745,Q1 (Lowest)
2026-08-31,144.00999450683594,152.47999572753906,142.39999389648438,145.2899932861328,1565730,-0.07334651758682809,-0.13497268707755228,,,0.3174999338945128,37.35073014925685,0.7911084729524452,,0,2664900000.0,1219600000.0,366300000.0,459200000.0,407300000.0,306100000.0,72500000.0,28600000.0,0.4576531952418477,0.13745356298547787,0.11486359713310068,0.17231415812976097,13368000000.0,1102600000.0,3263400000.0,10099500000.0,8512200000.0,2666800000.0,272900000.0,2874200000.0,0.10917372147135997,0.08248055056852184,3.1919154042297886,2.114144292785361,0.1823505923066684,0.3490524460114588,0.285900405327157,0.4060633899862196,0.311250713877784,10574200000.0,1198100000.0,1522700000.0,1944800000.0,0.11862963513045201,0.0896244763614602,0.13592987029217735,1.0,2.473972920406942,16732104704.0,0.368,0.52,IPL.NS,,,,,0.2795138617175851,9.56989247311828,13.010752688172042,36.461704422869474,,62.68817204301075,,44.43231441048035,18.191603875134554,49.80916030534351,79.5221843003413,69.28104575163398,75.71428571428571,49.34782608695652,41.65202108963093,34.85617597292725,45.635809275593644,Q2 (Low)
2026-08-31,25.5,26.899999618530273,24.899999618530273,25.329999923706055,84473,0.00996810210368837,-0.019736850846371223,,,0.256779109401407,52.64270425552162,1.931008923282775,,0,115189000.0,46428000.0,-52934000.0,-3142000.0,-28105000.0,-64073000.0,180000.0,35788000.0,0.4030593199003377,-0.4595404075041888,-0.556242349529903,-0.027276910121626197,3942603000.0,1515904000.0,2203193000.0,1739410000.0,2627308000.0,1790529000.0,31940000.0,2125802000.0,0.8715047056185719,0.38449318889068973,1.4673361894724968,0.28008817505887923,-0.21593198649531697,1.154221161281646,-0.5704099024006385,-285.7688888888889,-1.0537342021103757,735158000.0,-118175000.0,-83271000.0,133192000.0,-0.06793970369263141,-0.02997385230011746,-0.025580020852059127,0.0,1.035285647578516,387548992.0,0.496,,AROGRANITE.NS,,,,,0.3559442149334133,36.666666666666664,53.2258064516129,84.35814455231932,,83.33333333333334,,3.711790393013101,53.498385360602796,65.52162849872774,37.883959044368595,85.07625272331155,8.68131868131868,17.282608695652176,,82.91032148900169,50.8100143926619,Q3 (Medium)
2026-08-31,797.0499877929688,851.8499755859375,792.5499877929688,830.0999755859375,1153728,0.03127157746275966,0.09672036826255437,,,0.29088715725510844,49.92079944055299,2.1787449389794737,,0,21497700000.0,15296900000.0,2341500000.0,3471800000.0,2494700000.0,1730700000.0,495000000.0,276100000.0,0.7115598412853468,0.10891862850444466,0.08050628671904436,0.1614963461207478,,,,,,,,,,,,,0.16347173814214266,-0.14617661568820917,0.21480640130195972,0.10312958123526039,0.216212429061865,75845200000.0,6631200000.0,7944400000.0,11292700000.0,,,,0.0,,163167043584.0,0.301,1.45,APLLTD.NS,,,,,0.3123298082512296,66.23655913978494,62.25806451612903,88.02588996763754,,72.36559139784946,,77.51091703056768,46.82454251883746,39.63104325699746,,37.690631808278866,72.74725274725274,78.69565217391305,75.39543057996485,,61.1587716758142,Q5 (Highest)
2026-08-31,256.75,273.54998779296875,253.25,271.3999938964844,7127073,-0.0033051558458704333,0.19279036093126667,,,0.41400486761196753,55.58972480969551,0.7888727896406305,,0,44523100000.0,17665900000.0,2330000000.0,4150000000.0,2513000000.0,1041700000.0,520800000.0,1084300000.0,0.3967805476258392,0.05233238476206733,0.023396843436328557,0.09321004152900404,,,,,,,,,,,,,-0.03910020114471202,-0.25288675320949583,-0.1177587242078314,-0.6423716012084593,-0.4567351747610944,181138800000.0,9256300000.0,15216400000.0,22497700000.0,,,,0.0,,173050363904.0,0.441,0.74,JINDALSAW.NS,,,,,0.2732501133253242,79.78494623655914,44.40860215053763,35.706580366774546,,33.01075268817203,,78.05676855895196,61.89451022604951,58.524173027989825,,33.11546840958606,23.406593406593405,79.23913043478261,53.69068541300527,,52.05588072793346,Q3 (Medium)
2026-08-31,739.9000244140625,769.7000122070312,733.6500244140625,740.25,1522110,0.038074480956596934,0.04295763056860791,,,0.33846822920050373,51.53860841292498,0.4904550569048566,,0,12887300000.0,6601600000.0,1481000000.0,2093000000.0,1582900000.0,1058200000.0,350400000.0,174300000.0,0.5122562522793758,0.11491933919440069,0.08211184654660014,0.16240795201477423,,,,,,,,,,,,,0.10520989665966307,0.22420175844516432,0.24135971333898443,0.4290344361917624,0.3496259994841373,45239200000.0,3142600000.0,4450600000.0,6574000000.0,,,,0.0,,116749672448.0,0.285,0.68,JUBLINGREA.NS,,,,,0.2026652660988779,55.053763440860216,65.05376344086021,14.347357065803667,,55.806451612903224,,72.0524017467249,50.59203444564048,37.531806615776084,,61.6557734204793,61.86813186813187,73.26086956521739,51.14235500878734,,53.22431388207898,Q4 (High)
2026-08-31,439.95001220703125,495.29998779296875,439.95001220703125,486.5,28646417,0.1363306820001906,0.10343452790157648,,,0.35657396300848015,74.51291408945883,2.262017855449428,,0,24994660000.0,13365350000.0,2155000000.0,5088780000.0,2394790000.0,797910000.0,283980000.0,1174930000.0,0.5347282179473536,0.0862184162537118,0.03192321879953558,0.20359468782531948,95605450000.0,49022160000.0,71729230000.0,22920950000.0,12999270000.0,35356920000.0,1288230000.0,3085200000.0,2.1387490483596885,0.5127548691000356,0.3676584385744007,0.28039970676178805,0.025540175093005546,0.12535435736146572,0.19305341820778454,0.662139360483283,0.2622109116885436,95376970000.0,4284810000.0,9130930000.0,19296030000.0,0.18693858675142175,0.044817633304377526,0.12691875566680394,1.0,1.13529016389756,,0.151,0.25,JUBLFOOD.NS,,,,,0.41519843607646545,67.20430107526882,87.95698924731182,89.21251348435814,,49.46236559139785,,,92.2497308934338,23.536895674300254,3.0716723549488054,56.42701525054466,40.989010989010985,70.32608695652173,19.420035149384884,96.1082910321489,56.39766051324204,Q4 (High)
2026-08-31,193.02999877929688,199.8000030517578,187.89999389648438,189.07000732421875,620120,-0.01913025360821674,0.08920634658318849,,,0.47057231468389116,25.760972641239633,0.5860909165990549,,0,2447203000.0,1142742000.0,270377000.0,280842000.0,280842000.0,177791000.0,64317000.0,39085000.0,0.466958401080744,0.11048409143009387,0.0726506955083007,0.11476040197727773,,,,,,,,,,,,,-0.06260167553233253,0.009201339615144466,-0.009890562939964376,0.0546700281773691,0.018780040991783542,9513879000.0,677472000.0,1028419000.0,1083658000.0,,,,0.0,,6671619584.0,0.717,0.66,20MICRONS.NS,,,,,0.17740040497694864,64.94623655913978,34.086021505376344,21.467098166127293,,20.537634408602145,,29.257641921397383,5.81270182992465,86.25954198473282,,47.167755991285404,19.78021978021978,47.17391304347826,49.82425307557118,,41.754201217723676,Q1 (Lowest)
2026-08-31,28.600000381469727,38.29999923706055,28.1200008392334,31.700000762939453,1213511,-0.0006304713382077054,0.0566666920979817,,,0.5199807828752588,59.45252733471944,4.710117551409234,,0,1065300000.0,473400000.0,75600000.0,120200000.0,87800000.0,-9000000.0,44400000.0,52400000.0,0.4443818642635877,0.07096592509152351,-0.00844832441565756,0.11283206608467099,4389800000.0,1017700000.0,2550600000.0,1839200000.0,3861800000.0,2180700000.0,500000.0,747300000.0,0.5533384080034798,0.23183288532507176,1.77089925253359,1.4282111248681617,0.050591715976331386,-1.3515625,0.18988048698760185,-0.5852534562211982,1.6073752711496745,3776700000.0,-49100000.0,182100000.0,358500000.0,-0.026696389734667248,-0.011185019818670554,0.06374041793552453,0.0,1.9724452139049613,1606155648.0,0.522,,INDTERRAIN.NS,,,,,0.33660743585955166,58.27956989247311,46.666666666666664,98.92125134843582,,13.655913978494624,,15.611353711790393,70.72120559741658,69.40203562340967,48.97610921501707,11.437908496732026,47.91208791208791,43.15217391304348,,69.03553299492386,49.58478729003274,Q3 (Medium)
2026-08-31,132.99000549316406,148.89999389648438,132.49000549316406,144.6999969482422,20880954,0.06303263399082581,0.20583330790201826,,,0.3816801802675502,66.84209258272122,2.2255568872767224,,0,8396005000.0,3084861000.0,1200218000.0,1381887000.0,1212809000.0,872656000.0,286612000.0,53541000.0,0.3674201003929845,0.14295108209201876,0.10393705101414304,0.1645886347137716,16482956000.0,119128000.0,5011906000.0,11471032000.0,6025500000.0,4585073000.0,1023175000.0,3290069000.0,0.010385116177864381,0.007227344415649717,1.314155739723228,0.5965948633751306,0.25729013704693937,0.4985849704629757,0.31657946711179874,0.7342475009439775,0.6222320310198006,26115873000.0,2309791000.0,3353635000.0,3935296000.0,0.20135860487530677,0.1401320855312603,0.28935191576302655,1.0,2.9064022193591974,57877843968.0,,1.45,JAMNAAUTO.NS,,,,,0.31554597216973135,81.82795698924731,73.9784946236559,88.67313915857605,,40.86021505376344,,62.33624454148472,83.63832077502691,,28.83959044368601,73.8562091503268,82.19780219780219,70.65217391304348,75.39543057996485,16.07445008460237,61.88866850074534,Q5 (Highest)
2026-08-31,169.27999877929688,178.14999389648438,169.1300048828125,177.5,119002901,0.1437592448457956,0.15760159181364353,,,0.39341666838381906,81.58039199869235,1.351122046464972,,0,171389000000.0,64069800000.0,32007700000.0,34944000000.0,31803900000.0,12907000000.0,5584600000.0,12406100000.0,0.3738267916844138,0.18675469254152835,0.07530821698008623,0.20388706393059064,1010407400000.0,639357000000.0,824945000000.0,142416900000.0,437423200000.0,331176800000.0,62808900000.0,46718000000.0,4.489333779909547,0.6327714939538249,1.320814743061712,1.1797480982967405,0.16101870010398356,0.586620609964474,0.17093383525939498,0.14212142395738403,0.1596973317403425,560760300000.0,34710300000.0,108416800000.0,109970000000.0,0.24372318172913468,0.03435277690959112,0.13868050596214584,1.0,0.9823686069599251,,0.446,1.97,ASHOKLEY.NS,,,,,0.5564826275504856,75.59139784946237,89.03225806451613,67.85329018338727,,37.74193548387097,,,97.09364908503767,58.842239185750635,29.01023890784983,76.1437908496732,72.19780219780219,97.17391304347827,83.21616871704745,98.64636209813875,68.83620304440097,Q5 (Highest)
2026-08-31,170.0,180.5,165.0,179.42999267578125,2770597,-0.06886354168456554,0.004141195502068706,,,0.37464898243049005,37.460556377995474,0.4097770136344283,,0,686700000.0,250600000.0,-32900000.0,480100000.0,475200000.0,277900000.0,170900000.0,17500000.0,0.36493374108053006,-0.047910295616717634,0.40468909276248727,0.6991408184068735,21128600000.0,882800000.0,3977500000.0,17071100000.0,10409400000.0,3631000000.0,868900000.0,1016200000.0,0.05171312920667092,0.04178222882727677,2.8668135499862295,2.5869457449738364,-0.1604108081672576,0.1255569056298096,0.06399132321041212,3.9982014388489207,1.698707138842046,2925300000.0,1024100000.0,23000000.0,2005600000.0,0.059990275963470424,0.04846984655869296,0.001281058711477729,1.0,1.728797932659996,72039710720.0,,,INOXGREEN.NS,,,,,0.34450557645504026,44.623655913978496,14.623655913978496,9.492988133764833,,43.01075268817204,,66.15720524017468,18.83745963401507,,75.42662116040955,56.5359477124183,10.989010989010989,62.93478260869565,,26.39593908629442,41.93520127206084,Q1 (Lowest)
2026-08-31,61.896694542201615,64.44999694824219,59.70000076293945,59.849998474121094,1612207,-0.0074574249365747525,-0.08079425640756432,,,0.19111355129202226,47.49410853592826,1.3552674552752038,,0,5270477000.0,1435240000.0,-19950000.0,425706000.0,154682000.0,77247000.0,40376000.0,37059000.0,0.27231690793831376,-0.0037852361370707055,0.014656548164426105,0.08077181628911387,25380949000.0,2321529000.0,5987439000.0,19393510000.0,10400160000.0,3531438000.0,161693000.0,2630681000.0,0.11970648943899273,0.09146738366638694,2.9450212632927437,2.20008931205928,0.25881316365335194,-0.21567890830448067,0.2937749771707432,-0.01647547140983685,0.12175494071146242,17012338000.0,186167000.0,-400106000.0,1508930000.0,0.009599448475288899,0.007334910920785507,-0.0184252950224957,1.0,2.084877480349533,11901184000.0,,0.84,ANDHRAPAP.NS,,,,,0.34982731353518376,19.35483870967742,42.04301075268817,68.17691477885653,,97.20430107526882,,37.882096069869,40.58127018299246,,76.79180887372013,34.85838779956427,82.74725274725274,41.84782608695652,56.854130052724074,35.87140439932318,52.28088276859288,Q3 (Medium)
2026-08-31,92.0999984741211,99.98999786376953,90.4800033569336,96.2699966430664,498733,-0.03546739807752397,0.006909188900451557,,,0.5056472442342018,53.14107422000072,1.47161517758136,,0,1110023000.0,922173000.0,9883000.0,68592000.0,49311000.0,17817000.0,28295000.0,3199000.0,0.8307692723484108,0.008903419118342594,0.01605101876267429,0.0617933141925888,4277521000.0,125798000.0,1791356000.0,2486165000.0,2753710000.0,1633922000.0,270982000.0,4327000.0,0.05059921606168537,0.02940908998459622,1.6853374885704457,1.6826892593404092,-0.19042902725863797,-0.7918064011030743,-0.06475628137951484,-0.6396092074922124,-0.39672292632301076,5034250000.0,235239000.0,234715000.0,452648000.0,0.0946192227788582,0.05499423614752563,0.08986153326061663,1.0,2.3427945532003234,5583930880.0,,4.67,APTECHT.NS,,,,,0.24481136152908922,45.053763440860216,24.408602150537632,72.27615965480044,,15.376344086021504,,28.056768558951966,54.467168998923576,,46.2457337883959,18.51851851851852,9.670329670329672,36.73913043478261,96.48506151142355,26.057529610829107,41.557007361624976,Q1 (Lowest)
2026-08-31,432.25,451.79998779296875,430.95001220703125,445.0,6014195,0.017957237133976678,0.12236962898769321,,,0.3062815731055254,67.87277927911649,1.6666758596429356,,0,73356740000.0,34461190000.0,6720840000.0,6481450000.0,2514250000.0,6309730000.0,-4693200000.0,897720000.0,0.46977537442367256,0.09161857519840713,0.08601431852069762,0.08835520771506476,292397170000.0,36752150000.0,125245500000.0,167151670000.0,106983270000.0,80837520000.0,10292520000.0,54522780000.0,0.2198730649834369,0.12569256398753792,1.3234358253444687,0.6489621403526481,-0.05261512961836745,0.3410177719024565,0.14199029296248344,2.4177219989383483,-0.13159199314003966,284706000000.0,13724160000.0,26002180000.0,32437170000.0,0.08210602981112902,0.04693670598795467,0.12752178943974665,1.0,1.9096979050789034,281498681344.0,,2.47,APOLLOTYRE.NS,,,,,0.46185292574537534,70.0,56.98924731182796,77.45415318230853,,66.88172043010752,,84.71615720524017,85.68353067814854,,29.522184300341298,68.95424836601308,20.549450549450547,0.32608695652173914,87.69771528998243,45.008460236886634,56.2521969671219,Q4 (High)
2026-08-31,123.69000244140625,131.64999389648438,117.69999694824219,127.45999908447266,44045117,0.024104130018222536,-0.04643635314653505,,,0.4080448634286549,58.112869884936835,3.015141666185338,,0,9645300000.0,,,,,2919200000.0,868000000.0,2465600000.0,,,0.3026551792064529,,,,,,,,,,,,,,0.3311206182721502,0.7653604257377842,-0.10259583178265719,-0.35673519754963534,,,,,,,,,0.0,,121974112256.0,0.403,1.37,JMFINANCIL.NS,,,,,0.3054387434082684,28.387096774193548,60.10752688172043,94.28263214670982,,34.516129032258064,,72.37991266375546,66.95371367061357,53.68956743002544,,79.62962962962963,85.16483516483517,85.21739130434783,73.4622144112478,,62.25270994062245,Q5 (Highest)
2026-08-31,101.1500015258789,109.94999694824219,101.1500015258789,102.13999938964844,43265,-0.017979066514513975,-0.10685555400038182,,,0.37492669340689055,51.47794813329619,1.462032658280099,,0,1240400000.0,1071800000.0,51600000.0,141100000.0,56700000.0,-8900000.0,-8800000.0,49000000.0,0.864076104482425,0.041599484037407285,-0.007175104804901644,0.11375362786198001,9145800000.0,2773300000.0,4697800000.0,3690400000.0,1076200000.0,1154200000.0,5000000.0,463600000.0,0.7514903533492304,0.303232084672746,0.9324207243112113,0.5307572344481026,0.5483709898889026,-0.9545222278998468,-0.10679052351119755,-0.9314857582755967,-4.074074074074074,4552100000.0,-287800000.0,-8700000.0,352000000.0,-0.07798612616518534,-0.03146799623871067,-0.0013459783096368952,0.0,1.0728607666907213,3000338432.0,0.647,,APCL.NS,,,,,0.3397669685818988,12.903225806451612,34.73118279569892,72.06040992448759,,42.903225806451616,,21.2882096069869,50.3767491926803,81.55216284987277,11.604095563139932,15.904139433551197,91.53846153846153,8.043478260869565,,77.66497461928934,44.704687693196085,Q2 (Low)
2026-08-31,284.45001220703125,292.54998779296875,283.0,286.1000061035156,88429709,0.014359221718951654,-0.02263287607824005,,,0.15752444358319106,56.463847222270566,1.0632062659616883,,0,190008900000.0,101101300000.0,47531300000.0,63283600000.0,59006300000.0,43941300000.0,13520600000.0,397800000.0,0.5320871811794079,0.25015301914805044,0.2312591673337407,0.3330559779041929,,,,,,,,,,,,,0.07782679454009878,-0.184455370018764,-0.046055776012338456,-0.10891083085421571,-0.1215942545982508,779209500000.0,199574900000.0,241006200000.0,287239200000.0,,,,0.0,,3584681050112.0,-0.078,5.59,ITC.NS,,,,,0.42757076349541817,35.6989247311828,55.80645161290323,55.124056094929884,,99.03225806451613,,98.7991266375546,63.72443487621098,7.951653944020356,,36.0566448801743,55.38461538461539,98.58695652173914,97.53954305799648,,60.24697772038955,Q5 (Highest)
2026-08-31,1746.8353571137438,1778.8242415514064,1676.6788670699252,1735.800048828125,904293,-0.01613962392008994,0.1542153976026348,,,0.27124515773601654,34.14726744004052,0.7780061832877176,,0,23884800000.0,16968600000.0,3767300000.0,5317900000.0,4246500000.0,2990700000.0,950500000.0,202000000.0,0.7104350884244373,0.15772792738478028,0.12521352491961416,0.22264787647374062,123701900000.0,8087600000.0,28461300000.0,80638100000.0,63768600000.0,23069300000.0,4371200000.0,27310000000.0,0.10029502183211161,0.06537975568685687,2.7642191137138967,1.5803947237237368,-0.0016802507836990443,-0.08336653691727713,0.06311062051284333,3.4097611324093187,1.1303128630372954,96463300000.0,11411200000.0,15604400000.0,20665800000.0,0.14151127072686484,0.09224757259185186,0.1758723797050911,1.0,2.2005260226399113,440379801600.0,0.035,0.35,IPCALAB.NS,,,,,0.5827371638151965,74.94623655913979,35.80645161290323,34.95145631067961,,78.38709677419355,,88.42794759825327,14.747039827771799,14.50381679389313,74.9146757679181,41.394335511982575,30.76923076923077,86.30434782608695,26.713532513181022,33.67174280879864,49.035860711602155,Q3 (Medium)
2026-08-31,0.9100000262260437,0.949999988079071,0.8899999856948853,0.8999999761581421,6746417,0.0,-0.08163269526359607,,,0.2276189595655274,50.0,1.3603423771647634,,0,106110000.0,64813000.0,-80201000.0,-69678000.0,-72180000.0,-53390000.0,-22974000.0,4184000.0,0.6108095372726416,-0.7558288568466686,-0.5031571011214777,-0.6566581849024598,3763352000.0,366276000.0,1004406000.0,2758946000.0,3311398000.0,3623000.0,51919000.0,39609000.0,0.13275939434842146,0.0973270637452994,913.9933756555341,903.0607231576042,-0.12759292602915429,-2.7347369789128244,-0.3965982951669861,1.3353162452978742,274.40711462450594,445510000.0,38471000.0,63799000.0,82638000.0,0.013944093142816133,0.010222535654384707,0.020414229773116917,1.0,2.1361728586642967,945000000.0,,,INVENTURE.NS,,,,,0.3973878849150742,19.032258064516128,47.795698924731184,68.39266450916936,,91.61290322580645,,10.152838427947598,47.30893433799785,,99.82935153583618,6.209150326797386,13.736263736263737,6.304347826086956,,36.88663282571912,43.150736249391464,Q2 (Low)
2026-08-31,317.70001220703125,341.3999938964844,314.3999938964844,335.75,14320183,0.03658538538689449,0.23787046588284433,,,0.3815809671511369,41.87978885897837,0.736424817106176,,0,14448300000.0,12226900000.0,5080400000.0,5575800000.0,5575800000.0,3466300000.0,1051900000.0,947900000.0,0.8462518081712035,0.3516261428680191,0.2399105777150253,0.3859139137476381,,,,,,,,,,,,,-0.05091503869043712,-0.17131655071840113,0.12597609064979198,-0.31949270667687535,-0.17439587775408671,55406800000.0,15087000000.0,20364900000.0,22244000000.0,,,,0.0,,777315614720.0,0.554,0.27,JSWINFRA.NS,,,,,0.5099654175393586,84.83870967741936,64.19354838709678,30.960086299892126,,40.96774193548387,,91.92139737991266,27.771797631862217,72.7735368956743,,36.38344226579521,20.659340659340657,86.95652173913044,20.38664323374341,,51.85418440702341,Q3 (Medium)
2026-08-31,214.89999389648438,215.0,99.58999633789062,99.58999633789062,3469231,-0.5402124029013395,-0.6453979199801627,,,0.7067618522477159,4.215517725320694,0.30402723667080966,,0,31450000.0,-300000.0,120396000.0,159833000.0,157866000.0,110261000.0,38688000.0,8917000.0,-0.009538950715421303,3.8281717011128777,3.5059141494435613,5.082130365659777,,,,,,,,,,,,,0.061746733736200765,-0.5788430320276542,0.14131223689940486,0.2862625697020602,0.5556734344279846,,,765279000.0,,,,,0.0,,12809084928.0,1.469,0.2,INDOTHAI.NS,,,,,0.684633203120368,0.10752688172043011,0.10752688172043011,6.580366774541532,,1.9354838709677438,,39.737991266375545,0.32292787944025836,99.10941475826972,,23.420479302832245,50.879120879120876,41.08695652173913,14.762741652021088,,31.870035777916595,Q1 (Lowest)
2026-08-31,15.760000228881836,17.950000762939453,15.760000228881836,17.389999389648438,4664273,0.28244829288434503,0.07678017339984367,,,0.5343614516587396,78.12865435761161,2.1889042875470777,,0,922429000.0,423315000.0,-42886000.0,101669000.0,90272000.0,60023000.0,1292000.0,22439000.0,0.4589133689422167,-0.04649246717091505,0.06507059079885823,0.11021878106607663,4606685000.0,966490000.0,4286449000.0,494736000.0,3205575000.0,3839938000.0,35224000.0,,1.9535469422075613,0.20980162524678808,0.8347986347696239,,-0.1534878983042759,-10.307334470460537,0.017505755279027646,0.49582575323348377,-0.05949991211922179,3864379000.0,43729000.0,39048000.0,197839000.0,0.0883885547039229,0.00949250925557098,0.026722765677588547,1.0,0.8886371436293126,3087113472.0,0.048,,A2ZINFRA.NS,,,,,0.2221082177175484,62.365591397849464,97.09677419354838,88.24163969795038,,11.72043010752688,,21.50655021834061,95.04843918191604,15.903307888040713,9.556313993174061,2.0697167755991286,11.428571428571429,19.23913043478261,,95.93908629441624,45.34103677411439,Q2 (Low)
2026-08-31,397.0,399.0,375.0,375.8500061035156,189095,0.00548426532234747,0.07431756337402207,,,0.3038654260779743,51.501001644977926,0.08686777974532292,,0,3228500000.0,729200000.0,169900000.0,325900000.0,293200000.0,209800000.0,77300000.0,6200000.0,0.2258634040576119,0.052625058076506116,0.06498373857828713,0.10094471116617625,42837100000.0,3230000000.0,34242400000.0,8594700000.0,40783600000.0,30715700000.0,3254800000.0,27013900000.0,0.3758130010355219,0.07540192963575966,1.3277770000358122,0.44829517152466003,-0.10777946662981897,-0.6296557811120918,0.48021640456650316,0.03146509341199599,0.8045404208194906,11432800000.0,1178900000.0,1164500000.0,1739300000.0,0.13716592783924977,0.027520537104519214,0.09848029971162059,1.0,0.8524017732292802,37782265856.0,0.414,0.67,ASHIANA.NS,,,,,0.28210737001037134,61.935483870967744,50.752688172043015,0.5393743257820928,,68.06451612903226,,56.4410480349345,50.48439181916039,55.025445292620866,29.692832764505116,21.78649237472767,15.494505494505495,50.10869565217392,50.43936731107206,59.22165820642979,44.665766629863654,Q2 (Low)
2026-08-31,334.1000061035156,348.8999938964844,333.45001220703125,339.25,44150,-0.013951425558128894,-0.027519007984958987,,,0.2594496101967595,41.16806763604241,0.6722153993471653,,0,1792177000.0,545976000.0,-27229000.0,3099000.0,-27229000.0,-44191000.0,-13096000.0,33745000.0,0.3046440167461138,-0.015193253791338691,-0.024657720749680416,0.0017291818832626464,6388425000.0,557277000.0,3007384000.0,3343722000.0,4174683000.0,2467319000.0,247604000.0,1438901000.0,0.1666636759874176,0.0872322990408434,1.691991590872522,1.1088075761585754,-0.10809941917725319,-1.2563535847502365,0.4109907845892824,0.19619413691362375,-0.6782933665524759,7397935000.0,428537000.0,780064000.0,888578000.0,0.12816167133511697,0.06708022712953506,0.1999651884043036,1.0,2.1974315891632132,4411722240.0,0.073,0.35,ARIES.NS,,,,,0.18936585865651087,33.655913978494624,37.634408602150536,26.860841423948216,,82.58064516129032,,25.327510917030565,25.941872981700755,17.87531806615776,46.58703071672355,12.200435729847495,15.274725274725276,6.8478260869565215,26.713532513181022,40.27072758037225,33.18471926883859,Q1 (Lowest)
2026-08-31,765.0,793.1500244140625,723.0,732.9000244140625,184628,-0.10572871047469945,-0.1492744928449652,,,0.3625449812782808,31.877819381062167,1.0111756079432206,,0,2808555000.0,1028556000.0,227926000.0,329621000.0,258971000.0,178312000.0,62230000.0,18429000.0,0.3662224880766088,0.08115418782968466,0.06348887595222455,0.11736319922522435,,,,,,,,,,,,,0.17760551386159418,-0.2413611184384068,0.05312584954300448,-0.24600298533969867,-0.1532373250580571,10335686000.0,826370000.0,1097250000.0,1430105000.0,,,,0.0,,14716046336.0,0.411,0.24,ASALCBR.NS,,,,,0.31008770165661553,7.956989247311828,6.666666666666667,51.995685005393746,,46.881720430107535,,42.467248908296945,11.517761033369215,54.4529262086514,,33.44226579520697,74.61538461538461,46.84782608695652,18.629173989455182,,39.69824319912004,Q1 (Lowest)
2026-08-31,26.5,28.700000762939453,26.15999984741211,27.579999923706055,418381,-0.015000002724783745,-0.13488078263039538,,,0.35591151896006623,57.1045567496517,3.610270501338655,,0,268656000.0,64322000.0,12826000.0,18400000.0,13211000.0,2322000.0,1261000.0,9628000.0,0.23942141623488775,0.04774134953248764,0.00864302304806146,0.06848907152641295,,,,,,,,,,,,,0.35841271767489835,-0.6605263157894736,,,,,,,,,,,0.0,,476075104.0,0.552,,JAIPURKURT.NS,,,,,0.2588929554598407,9.67741935483871,36.98924731182795,96.5480043149946,,49.67741935483871,,5.349344978165939,65.33907427341227,72.45547073791349,,20.915032679738562,86.04395604395604,19.130434782608695,,,47.475026922153,Q2 (Low)
2026-08-31,89.37999725341797,95.19999694824219,88.0,91.94999694824219,238153,-0.03717280682468915,-0.07345829375706558,,,0.2689931300709819,47.71731252513907,2.6893451424367325,,0,33768000.0,2289000.0,-10185000.0,-3891000.0,-4695000.0,-3493000.0,-1202000.0,0.0,0.06778606965174129,-0.30161691542288555,-0.10344112769485904,-0.115227434257285,326454000.0,,16814000.0,309640000.0,317142000.0,16814000.0,38690000.0,,,,18.861781848459618,,-0.2944568646706086,-1.786003600360036,-0.5132470377951395,-1.6310749774164408,-1.4506079907353793,229808000.0,19075000.0,11206000.0,29222000.0,0.061603797958920035,0.058430896849173235,,1.0,3.088349660289045,1179424256.0,0.323,1.63,AAATECH.NS,,,,,0.4237769837258834,21.29032258064516,23.118279569892472,92.4487594390507,,79.46236559139786,,12.008733624454148,40.796555435952634,42.87531806615776,96.41638225255973,10.021786492374728,5.824175824175824,11.41304347826087,77.41652021089631,,44.20614950438788,Q2 (Low)
2026-08-31,663.0,670.9500122070312,647.0,648.6500244140625,824073,-0.03186563520289176,-0.012784359690990565,,,0.3275546765739884,39.51729982766898,0.5064393341608882,,0,14424500000.0,4565900000.0,1193500000.0,1869400000.0,1429000000.0,422000000.0,157600000.0,828800000.0,0.31653783493361987,0.08274116953793892,0.029255780096363825,0.12959894623730459,,,,,,,,,,,,,-0.22125284110847776,-0.43157327586206895,-0.12350367624718961,-0.3638830268314742,-0.07285622179239204,61625800000.0,2083500000.0,5387400000.0,8002300000.0,,,,0.0,,153402015744.0,0.142,0.13,JBMA.NS,,,,,0.21231875274032533,38.60215053763441,26.666666666666668,14.994606256742179,,59.89247311827957,,75.87336244541486,22.712594187298173,22.519083969465647,,27.77777777777778,8.461538461538462,61.84782608695652,8.699472759226714,,37.86983681780007,Q1 (Lowest)
2026-08-31,37.02000045776367,45.91999816894531,37.02000045776367,42.4900016784668,21952,0.04500742346095121,0.06437884838183061,,,0.44605763298499107,60.53290153029414,3.947088973165884,,0,25000000.0,107329000.0,155000.0,2217000.0,1087000.0,688000.0,0.0,399000.0,4.29316,0.0062,0.02752,0.08868,,,,,,,,,,,,,-0.6298818582891659,-0.8414381193823461,-0.4444444444444444,-0.7525179856115107,-0.5181482286459465,196785000.0,12045000.0,27976000.0,35680000.0,,,,0.0,,1060380480.0,0.709,,ARTNIRMAN.NS,,,,,0.2277423308120796,60.215053763440864,67.20430107526882,97.51887810140238,,25.6989247311828,,10.807860262008735,73.30462863293864,86.00508905852418,,17.86492374727669,2.417582417582418,14.728260869565219,,,47.05103351061272,Q2 (Low)
2026-08-31,41.2599983215332,41.9900016784668,36.599998474121094,37.90999984741211,14588,0.10945279130467789,-0.07174339603889834,,,0.8206750639516189,55.18821122851689,0.09611371482835258,,0,1118000.0,184000.0,-1093000.0,-2214000.0,-2214000.0,-4377000.0,2151000.0,0.0,0.16457960644007155,-0.9776386404293381,-3.915026833631485,-1.9803220035778175,206016000.0,0.0,1596000.0,204420000.0,59759000.0,1569000.0,1023000.0,0.0,0.0,0.0,38.08731676226896,38.08731676226896,0.6465390279823269,-5.752442996742671,0.5702247191011236,0.5320266013300665,-0.36652360515021454,5739000.0,-1765000.0,-3565000.0,420000.0,-0.00863418452206242,-0.008567295744019881,-0.017439585167791802,0.0,1.720491612301957,122594912.0,0.088,,ARENTERP.NS,,,,,0.3060602570685152,21.72043010752688,83.97849462365592,0.7551240560949299,,0.5376344086021447,,0.7641921397379913,60.92572658772875,19.083969465648856,97.44027303754265,2.941176470588235,92.85714285714286,20.217391304347824,,5.245346869712352,37.09779346188863,Q1 (Lowest)
2026-08-31,1213.7696402941008,1294.5471835798712,1213.0989372745544,1275.4000244140625,9671208,0.18660780765828844,0.3182310272430091,,,0.4487626261602572,62.66926997847799,0.8520928381284545,,0,273692700000.0,20257800000.0,14000000000.0,14323800000.0,14323800000.0,10313500000.0,3488900000.0,521400000.0,0.07401658867773966,0.0511522594501059,0.03768277341704766,0.0523353381365305,,,,,,,,,,,,,0.6274453955802708,-0.2746421915110595,0.5867052927917482,1.19468857063818,1.1459197890605104,746819900000.0,34146900000.0,45543900000.0,46988600000.0,,,,0.0,,189921591296.0,0.038,4.86,CHENNPETRO.NS,,,,,0.4053916087942707,90.32258064516128,93.11827956989247,41.53182308522114,,25.376344086021504,,79.91266375545851,77.28740581270182,14.631043256997456,,31.917211328976038,92.52747252747253,95.86956521739131,96.66080843585237,,62.6103465147431,Q5 (Highest)
2026-08-31,378.1499938964844,422.3500061035156,373.0,400.3999938964844,1365784,0.007064097669422731,0.5497279771325978,,,0.6553205906804539,41.11475661784433,0.2893956441050769,,0,630107000.0,302504000.0,121893000.0,181430000.0,175089000.0,145323000.0,29119000.0,647000.0,0.4800835413667837,0.19344809691052473,0.23063225769591514,0.2879352237001017,4048722000.0,14300000.0,182892000.0,3865830000.0,3244631000.0,155632000.0,136092000.0,318275000.0,0.0036990762656402376,0.0035319787330421798,20.848096792433434,18.80304821630513,0.5359397623841538,0.567348655615354,0.25728201833324693,0.41903134459525426,0.30041500318957537,2154511000.0,502698000.0,410018000.0,697417000.0,0.1300362406003368,0.12416214301698165,0.1056712017380861,1.0,2.9271620773172375,12848835584.0,0.809,2.5,INDOBORAX.NS,,,,,0.32284538947107116,97.74193548387096,51.29032258064517,5.609492988133765,,3.8709677419354875,,39.8471615720524,25.834230355220665,90.83969465648855,97.09897610921502,75.70806100217865,91.20879120879121,37.173913043478265,88.04920913884007,11.16751269035533,54.362684571413695,Q4 (High)
2026-08-31,60.0,66.66000366210938,57.0,63.02000045776367,655177,0.06219448024317353,0.2609043824521786,,,0.7247111047091762,58.208414177733125,1.621285590153834,,0,863353000.0,396423000.0,-293891000.0,-1879522000.0,-1935756000.0,-2040479000.0,35134000.0,69589000.0,0.4591667602938775,-0.34040653127978937,-2.363435350314414,-2.177002917694153,4340473000.0,3127788000.0,3583540000.0,756933000.0,2299499000.0,2663981000.0,45406000.0,826264000.0,4.132186071950886,0.7206099427412634,0.863181456624503,0.5530200853534616,-0.13744744876754367,6.118339025504882,-0.11200148933500365,10.988642839936311,29.737763095491193,3664990000.0,-2402377000.0,-618791000.0,-1912424000.0,-3.1738304447025034,-0.55348276558799,-0.15928840192127053,0.0,-0.4839742120271223,3154150912.0,0.37,,ELGIRUBCO.NS,,,,,0.35805215832263176,86.98924731182795,73.65591397849462,76.69902912621359,,1.397849462365599,,21.943231441048034,67.06135629709364,50.06361323155216,10.750853242320819,96.73202614379085,12.857142857142856,40.108695652173914,,98.30795262267344,52.43779409111316,Q4 (High)
2026-08-31,633.0,647.7999877929688,570.25,593.9000244140625,11829826,0.033768536839099195,0.33520692606334346,,,0.4806250901070713,51.43979925495531,1.765372895027712,,0,2931130000.0,1560020000.0,913690000.0,1133120000.0,1066060000.0,782640000.0,276820000.0,6600000.0,0.5322247733809146,0.3117193710275559,0.26700965156782536,0.38658128435108646,,,,,,,,,,,,,0.24905398264782597,0.21633718761656096,-0.13902979923335634,-0.2891230301103592,-0.25547167083900046,10749530000.0,2739440000.0,3123840000.0,3968460000.0,,,,0.0,,103021117440.0,0.636,0.2,BLUEJET.NS,,,,,0.23380600458518486,91.39784946236558,63.11827956989248,80.04314994606257,,19.354838709677423,,70.41484716157204,50.269106566200215,80.53435114503816,,61.22004357298475,81.86813186813187,69.67391304347827,14.762741652021088,,58.84381684649497,Q5 (Highest)
2026-08-31,570.0499877929688,599.7000122070312,569.6500244140625,588.4500122070312,1333888,0.004237390531560692,0.13049918758120826,,,0.25943361435258455,50.216040501807036,1.0746549203711715,,0,11126000000.0,5538000000.0,1492000000.0,1949000000.0,1699000000.0,1280000000.0,358000000.0,61000000.0,0.4977530109653065,0.13410030559050873,0.11504583857630775,0.1751752651447061,35455000000.0,5331000000.0,13136000000.0,22319000000.0,24902000000.0,11959000000.0,1635000000.0,7107000000.0,0.2388547874008692,0.15035961077422083,2.0822811271845474,1.4880006689522536,0.10882997807454653,0.34453781512605053,0.12055594722529972,0.2549019607843137,0.1621943947525344,39507000000.0,4302000000.0,4933000000.0,6886000000.0,0.1927505712621533,0.12133690593710338,0.17840867992766726,1.0,2.5917895924411223,185503842304.0,0.093,0.46,ELGIEQUIP.NS,,,,,0.20420805767323993,71.07526881720429,49.78494623655914,55.87918015102481,,82.68817204301075,,79.47598253275109,47.79332615715823,19.783715012722645,60.92150170648464,69.17211328976035,62.857142857142854,73.58695652173914,36.99472759226713,46.36209813874789,57.091675403771525,Q4 (High)
2026-08-31,5764.1836075676665,5764.1836075676665,5506.0,5620.0,434605,-0.003264873550991032,0.024298814574109207,,,0.1856132284495533,48.580246877005294,0.679766612844096,,0,36033200000.0,23554500000.0,4116300000.0,5824900000.0,4767300000.0,2364600000.0,1711700000.0,538800000.0,0.6536888203101584,0.11423631539802183,0.06562281451550236,0.1616536971459654,208729700000.0,20471600000.0,65240400000.0,138201000000.0,122105200000.0,47827000000.0,2479100000.0,33332200000.0,0.14812917417384824,0.09807708246598351,2.5530599870366113,1.8561272921153324,-0.03572556344699507,-0.62821923838873,0.1461852882703778,-0.22690119662590724,0.08420660772452293,147122700000.0,23018000000.0,26231500000.0,34137300000.0,0.1665545111829871,0.11027659216680712,0.1653183977573948,1.0,2.134195708612622,671955288064.0,0.295,0.36,ALKEM.NS,,,,,0.6243900982314005,50.32258064516129,44.516129032258064,27.615965480043148,,97.63440860215054,,90.93886462882097,43.37997847147471,39.12213740458015,70.30716723549489,22.004357298474943,23.956043956043956,92.71739130434783,28.031634446397184,38.578680203045685,51.275022580552886,Q3 (Medium)
2026-08-31,1010.4000244140625,1064.9000244140625,961.4000244140625,995.2999877929688,153543,-0.1106246005663164,0.37843640276931656,,,0.8213938497312954,24.512515402247843,1.6584420994216125,,0,11399900000.0,2905800000.0,134500000.0,327500000.0,217000000.0,136300000.0,42800000.0,38500000.0,0.25489697278046297,0.011798349108325511,0.011956245230221318,0.028728322178264723,20126800000.0,10635500000.0,21665600000.0,-1538800000.0,11223800000.0,21264400000.0,340000000.0,5709800000.0,-6.911554458019236,0.5284247868513624,0.5278211470815071,0.25930663456293146,0.2613438962590868,-1.3848108413325804,-0.01816412305784265,-0.926522911051213,-0.8113913844736236,36920900000.0,-156600000.0,-97900000.0,442500000.0,0.10176761112555238,-0.007780670548721108,-0.010762144513944617,0.0,1.1643162350696583,12682923008.0,0.695,,ELECTHERM.NS,,,,,0.4230898188528603,92.79569892473118,6.129032258064516,77.34627831715211,,0.43010752688171294,,39.519650655021834,4.628632938643703,85.1145038167939,5.290102389078498,11.220043572984748,82.96703296703298,42.608695652173914,,1.015228426395939,39.937667162997,Q1 (Lowest)
2026-08-31,70.9800033569336,74.1500015258789,70.9800033569336,71.9800033569336,6556658,-0.046874913181790046,-0.15327606695522733,,,0.3798769200726385,40.68480152434222,1.371211971451424,,0,14927354000.0,6749846000.0,174095000.0,992656000.0,548858000.0,159807000.0,66740000.0,322226000.0,0.45217966961860756,0.011662817134235578,0.010705648167786467,0.06649912636894656,94614405000.0,15610588000.0,35370780000.0,59233224000.0,47015496000.0,23469246000.0,2944145000.0,23981900000.0,0.2635444594405329,0.1649916627388821,2.0032810598176014,0.9814374096210845,0.01422021652310157,-1.7302391679842077,-0.12227227012981146,-0.9050537925724186,-0.499284480258263,59180244000.0,1614359000.0,1864173000.0,5351678000.0,0.02725428215759453,0.01706250755368593,0.02490751005574115,1.0,1.8197386433915639,44496928768.0,,1.25,ELECTCAST.NS,,,,,0.35431723766551854,7.526881720430108,20.537634408602152,68.82416396979504,,41.82795698924732,,59.06113537117904,25.080731969860064,,57.84982935153583,10.239651416122005,36.37362637362637,48.26086956521739,70.298769771529,48.39255499153977,42.95158705991227,Q2 (Low)
2026-08-31,1683.4000244140625,1737.5999755859375,1497.0,1514.0,6340089,-0.05829099851454822,-0.06695382211748957,,,0.2810183117441108,25.65037380875357,3.008093348379322,,0,40720600000.0,8745800000.0,2780300000.0,3713800000.0,3231500000.0,2270500000.0,729100000.0,230600000.0,0.21477581371590793,0.06827748117660348,0.055758019282623535,0.0912019960413157,85759800000.0,8099900000.0,51421170000.0,34314130000.0,63882700000.0,48662600000.0,3669900000.0,21662000000.0,0.2360514458620982,0.0944486810836779,1.3127679162231365,0.8676211299848343,0.3920097357203167,1.8149020580213242,0.45049441468140894,0.7126800935354907,0.6153979991300564,139985800000.0,6223100000.0,8555200000.0,10645900000.0,0.18135677634840225,0.0725643016891364,0.20170684087317334,1.0,2.5297826254258986,311267262464.0,,0.56,BLUESTARCO.NS,,,,,0.47338630639790386,23.655913978494624,17.419354838709676,94.1747572815534,,75.16129032258064,,85.48034934497817,5.597416576964478,,28.498293515358363,90.95860566448802,87.47252747252747,83.69565217391305,44.200351493848856,46.02368866328257,55.48921342177995,Q4 (High)
2026-08-31,425.20001220703125,452.0,422.45001220703125,437.8500061035156,2835293,-0.14540835958315734,-0.12530436090443753,,,0.36954602468806297,41.868190162201806,0.8806361524755564,,0,5205600000.0,2367800000.0,793600000.0,1310300000.0,1012700000.0,703500000.0,228100000.0,81100000.0,0.45485630859074844,0.1524512063931151,0.13514292300599354,0.25170969724911635,,,,,,,,,,,,,-0.30183339815721355,10.725,-0.347317476835889,-0.5197296559257236,-0.39450092421441774,23084800000.0,3237800000.0,3979000000.0,5706900000.0,,,,0.0,,98253512704.0,0.53,0.46,ELECON.NS,,,,,0.33444749155064907,10.53763440860215,2.6881720430107525,43.90507011866235,,44.40860215053763,,69.75982532751091,27.664155005382128,70.48346055979644,,98.0392156862745,5.714285714285714,67.3913043478261,36.99472759226713,,45.17243019694372,Q2 (Low)
2026-08-31,510.0,534.7999877929688,507.04998779296875,514.5499877929688,292821,-0.019250998096061567,0.23496938756899954,,,0.7189188101932225,54.42379055633897,0.2344180165611181,,0,4053834000.0,1086730000.0,191619000.0,388515000.0,255272000.0,157480000.0,46593000.0,51200000.0,0.2680746177569185,0.047268585738833906,0.03884717529134148,0.09583890213560792,12020654000.0,3413620000.0,5130549000.0,6890105000.0,4407412000.0,3831588000.0,432834000.0,1176779000.0,0.49543802307802276,0.2839795571854909,1.1502833811986048,0.8431577194625309,-0.0074814091011364825,4.629110666285388,-0.5076951587717766,-0.4843180017158837,-0.3326399469568011,16522281000.0,435656000.0,652585000.0,1348615000.0,0.06322922509889181,0.03624228764924105,0.06333486190673761,1.0,2.3045180736422495,7696529920.0,0.185,0.64,AGARIND.NS,,,,,0.28921128848750155,84.6236559139785,33.97849462365591,3.8834951456310676,,1.7204301075268802,,32.20524017467249,58.55758880516685,27.608142493638677,19.453924914675767,95.64270152505446,29.560439560439562,43.47826086956522,48.59402460456942,66.32825719120136,43.04231039531841,Q2 (Low)
2026-08-31,796.7999877929688,850.0,701.5499877929688,759.5999755859375,124207,-0.07252750233707261,-0.06694509474806742,,,0.3280133632016994,47.90011467120844,3.832442663564387,,0,601099000.0,318999000.0,63585000.0,107564000.0,105381000.0,48469000.0,54064000.0,2848000.0,0.5306929474179795,0.10578124402136753,0.08063397210775596,0.1789455647073111,10531557000.0,1541771000.0,6535360000.0,3996197000.0,10342815000.0,5318951000.0,2533201000.0,6726607000.0,0.3858095584376846,0.14639535255803107,1.9445215795370177,0.6798724034118757,0.39530872794800365,-0.6454534149677777,0.6369397264228274,0.4976670889596144,0.625791629509832,1649287000.0,242836000.0,298854000.0,415214000.0,0.06076677401039038,0.02305793910624991,0.053964558841799015,1.0,1.2932899570310445,7469146624.0,0.499,1.18,ELDEHSG.NS,,,,,0.30996889738168865,23.763440860215056,13.225806451612904,97.30312837108953,,59.784946236559136,,31.33187772925764,41.65769644779333,65.64885496183206,55.11945392491467,21.459694989106755,87.58241758241758,44.78260869565218,68.10193321616872,59.390862944162436,51.2768481607188,Q3 (Medium)
2026-08-31,107.69999694824219,114.56999969482422,105.91999816894531,112.68000030517578,857812,-0.011752292381532081,-0.02627031527358359,,,0.3494229615047921,50.0,1.0475029889038907,,0,3582000000.0,1851600000.0,250900000.0,413200000.0,267800000.0,459000000.0,-229300000.0,40100000.0,0.5169179229480737,0.07004466778336126,0.12814070351758794,0.11535455053042992,18939300000.0,2668900000.0,4941500000.0,13999100000.0,10279100000.0,2751200000.0,355700000.0,5264600000.0,0.19064797022665741,0.14091861895635002,3.7362241930793836,1.8226592032567608,-0.018925803182602507,0.28607453068086297,-0.1514060316031366,2.4433608402100524,0.22502223539875477,14705700000.0,1468500000.0,1528900000.0,2242500000.0,0.1048996006886157,0.07753718458443554,0.09172666186705064,1.0,2.3349152291795368,12643561472.0,0.626,0.62,EKC.NS,,,,,0.3258824480920113,34.516129032258064,39.67741935483871,54.36893203883495,,51.935483870967744,,39.41048034934498,47.30893433799785,79.38931297709924,84.30034129692832,66.12200435729847,26.593406593406595,2.1739130434782608,47.45166959578208,42.63959390862944,47.72584138379098,Q3 (Medium)
2026-08-31,70.66000366210938,76.0,67.87000274658203,68.9800033569336,2037659,0.1593277875114889,-0.005622017791654943,,,0.49633356542637036,56.785871715062314,1.9929413836129684,,0,5880180000.0,2650940000.0,539630000.0,711490000.0,538980000.0,320600000.0,40100000.0,178280000.0,0.4508263352482407,0.09177100020747664,0.05452214047869283,0.12099799665996619,23557740000.0,8131860000.0,11982300000.0,11575440000.0,9343940000.0,7615550000.0,167660000.0,3235940000.0,0.702509796603844,0.3451884603531578,1.2269553742014694,0.8020431879509687,0.2010932064734492,131.4793388429752,0.3041736715800867,1.2104247104247103,0.4343110573530895,20122420000.0,478280000.0,985620000.0,2028190000.0,0.04131851575404477,0.020302456857066935,0.05001293936764549,1.0,1.7056278743207116,8687622144.0,,,BODALCHEM.NS,,,,,0.3971289439266271,40.86021505376344,90.75268817204301,85.32901833872708,,16.666666666666657,,33.29694323144105,64.26264800861141,,24.40273037542662,99.78213507625271,77.58241758241759,41.73913043478261,,75.97292724196278,56.70983467880634,Q4 (High)
2026-08-31,1793.0,1921.300048828125,1773.800048828125,1849.0,116483,0.036551154494422367,0.18707536039751926,,,0.43453689968548626,53.51037515944871,0.5056062525975493,,0,775231000.0,401393000.0,121396000.0,220065000.0,198990000.0,153785000.0,42400000.0,2805000.0,0.5177721221158597,0.15659332508632912,0.19837313007348778,0.283870227067803,,,,,,,,,,,,,0.15908873432332382,1.4164074039156533,0.20587013770822282,0.03400861982020742,-0.013422457735397408,2750332000.0,487406000.0,435570000.0,724896000.0,,,,0.0,,10665743360.0,0.177,0.22,EIMCOELECO.NS,,,,,0.198021756444146,78.92473118279571,64.08602150537635,14.886731391585762,,28.6021505376344,,35.80786026200873,56.08180839612486,26.78117048346056,,88.01742919389977,71.86813186813187,42.391304347826086,16.608084358523726,,48.27036156849119,Q3 (Medium)
2026-08-31,327.54998779296875,333.29998779296875,304.3500061035156,306.54998779296875,1717881,-0.060725745921322405,-0.031327236836649175,,,0.2860991006609454,29.68456307425707,1.7097376651711964,,0,8952200000.0,6527400000.0,2960100000.0,4124000000.0,3744600000.0,2376200000.0,1192400000.0,61200000.0,0.7291392060052277,0.33065615156051026,0.2654319608587833,0.4606688858604589,65557630000.0,2524230000.0,11464550000.0,52622830000.0,15572040000.0,5796910000.0,1727230000.0,637920000.0,0.04796834377778618,0.03850398496711977,2.6862656139218997,2.5762207796912495,0.025581688414347825,-0.022260626260132477,0.08190222974197847,-0.06056772357080731,0.04717891422477272,29396300000.0,6282800000.0,8812200000.0,11143300000.0,0.11939304670615396,0.09583628938385967,0.15979455659104946,1.0,1.9396002875637817,191705382912.0,,0.49,EIHOTEL.NS,,,,,0.5092359345205019,32.58064516129032,16.559139784946236,78.74865156418555,,73.97849462365592,,80.34934497816593,9.14962325080732,,73.89078498293516,45.53376906318083,41.098901098901095,88.91304347826086,39.36731107205624,25.549915397631136,50.38130829706777,Q3 (Medium)
2026-08-31,14.960000038146973,15.59000015258789,13.449999809265137,13.850000381469727,75170,-0.024647847358916453,-0.30749998092651365,,,0.48987582824474246,56.369986324011904,0.8233189215233196,,0,0.0,0.0,-12501000.0,-9181000.0,-12483000.0,-10343000.0,-2146000.0,6000.0,,,,,800252000.0,11807000.0,62379000.0,737873000.0,580307000.0,48458000.0,162999000.0,24886000.0,0.01600139861466675,0.014754102457725817,11.975463287795616,11.46190515497957,,0.7149726413530095,,1.3804372842347528,8.406762295081966,0.0,-42610000.0,-47023000.0,-33706000.0,-0.05774706487430764,-0.05324572759580732,-0.0627240956141287,0.0,2.036917246067489,142615552.0,-1.341,,BOHRAIND.NS,,,,,0.5575023138460701,1.0752688172043012,30.752688172043012,39.05070118662351,,17.956989247311824,,1.3100436681222707,63.40150699677072,0.38167938931297707,95.39249146757679,79.08496732026144,,11.195652173913045,,18.781725888324875,37.22558095516432,Q1 (Lowest)
2026-08-31,313.0,319.95001220703125,296.29998779296875,302.54998779296875,158443,-0.035990926568918336,-0.036598059214001055,,,0.23634520650047644,42.84431623890804,1.5912562186128392,,0,1271905000.0,1009803000.0,452592000.0,549787000.0,505786000.0,376349000.0,128367000.0,1070000.0,0.7939295780738341,0.3558378966982597,0.29589395434407445,0.43225476745511654,7242320000.0,42890000.0,1218230000.0,6024090000.0,2598360000.0,743960000.0,45640000.0,141790000.0,0.0071197475469324,0.005922135448309381,3.49260712941556,3.3020189257486963,-0.017579837255197295,-0.07289957678683157,-0.0909165632078176,-0.1867173200389841,-0.17198633097534122,3837275000.0,871741000.0,1018232000.0,1345799000.0,0.14470915939170895,0.12036764462216527,0.16783177132609634,1.0,2.232071325210706,18436276224.0,-0.039,1.16,EIHAHOTELS.NS,,,,,0.3787869154495086,31.0752688172043,24.086021505376344,75.72815533980582,,89.03225806451613,,45.851528384279476,29.81700753498385,9.414758269720101,82.25255972696246,42.37472766884531,27.142857142857142,58.69565217391305,67.31107205623901,14.04399323181049,46.455057327767555,Q2 (Low)
2026-08-31,325.0,325.0,247.0,269.29998779296875,105677,-0.14845853662302366,0.09342642873883866,,,0.6747873619438165,26.72725426538878,1.5136529284483342,,0,600200000.0,174900000.0,83200000.0,95400000.0,86100000.0,46500000.0,26600000.0,13000000.0,0.29140286571142954,0.13862045984671775,0.07747417527490837,0.15894701766077973,1553700000.0,592300000.0,783100000.0,770600000.0,1048000000.0,558500000.0,8100000.0,780000000.0,0.7686218531014793,0.38121902555190834,1.8764547896150403,0.4798567591763653,0.7158376214979989,0.8023255813953489,,,,,,,,,,,0.0,1.2553066872626633,6678639616.0,0.004,,EIFFL.NS,,,,,0.512190151258244,65.59139784946237,2.5806451612903225,73.7864077669903,,3.4408602150537604,,29.366812227074234,6.673842841765339,11.768447837150127,52.901023890784984,80.50108932461873,94.28571428571428,35.76086956521739,,79.01861252115059,45.711714899084825,Q2 (Low)
2026-08-31,223.0,228.83999633789062,212.14999389648438,213.16000366210938,4370226,-0.06668416203966832,0.04989412866925291,,,0.5165517087045763,31.27457977453848,0.5273234916216942,,0,4273137000.0,1112893000.0,713142000.0,912382000.0,826429000.0,519236000.0,166627000.0,115895000.0,0.2604393446781603,0.1668895708234957,0.12151166695568151,0.2135157379695526,20422288000.0,4222966000.0,8048012000.0,12327072000.0,13639637000.0,5337738000.0,519643000.0,333935000.0,0.34257656643848594,0.2067822175458499,2.555321561305557,2.4927604164910306,0.7091331097225877,0.2849354730941982,0.7268479266769852,0.4147040552764367,0.5391864284400838,13111680000.0,2074710000.0,2887485000.0,3451868000.0,0.1683051741727476,0.1015904780110828,0.17446999215349235,1.0,2.1084354162471906,37415976960.0,,,EIEL.NS,,,,,0.3135174614677631,56.666666666666664,15.161290322580644,17.15210355987055,,14.193548387096783,,56.11353711790393,10.656620021528525,,70.64846416382252,65.79520697167756,94.06593406593406,62.60869565217392,,56.0067681895093,47.93792234125097,Q3 (Medium)
2026-08-31,122.30000305175781,125.4800033569336,119.02999877929688,120.2300033569336,3182294,-0.04319261414130526,0.0006990827531350163,,,0.2883660730828884,40.96124247563227,1.525686887652001,,0,3958400000.0,1055100000.0,-102900000.0,402500000.0,315200000.0,210400000.0,72000000.0,32900000.0,0.26654708973322555,-0.025995351657235245,0.053152789005658854,0.1016824979789814,29633800000.0,31500000.0,7047300000.0,22852200000.0,17201300000.0,6638900000.0,222800000.0,4622800000.0,0.0013784230839919132,0.0010629753862143904,2.5909864586000695,1.8946662850773472,0.22165298438368009,-3.136040609137056,0.10255696061500763,0.8232235701906412,0.7120374308804764,14603300000.0,269200000.0,-892000000.0,779900000.0,0.011780047435257875,0.009084221395838536,-0.03897971044892216,1.0,2.035223967226613,24831690752.0,0.325,0.33,BOMDYEING.NS,,,,,0.36578564168699895,43.01075268817204,21.50537634408602,74.00215749730313,,73.33333333333333,,50.545851528384276,25.618945102260493,43.320610687022906,71.50170648464163,5.664488017429194,79.78021978021978,49.23913043478261,24.604569420035148,9.30626057529611,44.76222679286444,Q2 (Low)
2026-08-31,5560.0,5745.0,5013.5,5089.5,769803,0.05007431812590579,-0.015094339622641506,,,0.24689639489470155,57.98344835918269,3.6269542322568595,,0,16577200000.0,2769000000.0,1242300000.0,1396400000.0,1396400000.0,884900000.0,305500000.0,206000000.0,0.16703665275197258,0.07494027941992616,0.053380546775088675,0.08423617981323746,,,,,,,,,,,,,0.08102538686769223,0.8114636642784032,0.16961589478734518,0.6045330915684497,0.38161670129613134,62492700000.0,2545000000.0,4173000000.0,4210100000.0,,,,0.0,,120763318272.0,0.227,0.49,BLUEDART.NS,,,,,0.3135185720667494,38.064516129032256,68.60215053763442,96.76375404530745,,86.0215053763441,,72.27074235807859,66.63078579117331,32.44274809160305,,80.61002178649237,56.26373626373626,71.52173913043478,39.36731107205624,,60.57060070545952,Q5 (Highest)
2026-08-31,100.5999984741211,105.11000061035156,96.0199966430664,96.48999786376953,1585735,-0.03277871093061402,-0.18415489471119162,,,0.43395547318494065,29.54653107112489,0.5151079280531193,,0,3166630000.0,659230000.0,-5250000.0,70700000.0,5870000.0,-7630000.0,-9460000.0,22960000.0,0.20818030524563969,-0.0016579139337402854,-0.002409501583702548,0.02232657430770251,7658100000.0,165230000.0,2093090000.0,5565010000.0,4724530000.0,1934190000.0,41450000.0,1603670000.0,0.02969087207390463,0.02157584779514501,2.442640071554501,1.6135229734410788,0.10213422061966182,-1.2082992082992083,0.02357371432265576,-1.044301225105963,-0.7754486263299984,12591390000.0,225910000.0,311950000.0,622060000.0,0.04059471591246017,0.02949948420626526,0.05443925559836935,1.0,3.101315339313929,4796442624.0,,,ELIN.NS,,,,,0.30358211164876286,5.161290322580645,26.129032258064516,15.53398058252427,,29.032258064516128,,26.746724890829693,8.934337997847146,,67.74744027303754,12.636165577342048,61.31868131868132,7.934782608695652,,23.181049069373945,32.29038286423286,Q1 (Lowest)
2026-08-31,399.5,416.20001220703125,389.54998779296875,412.54998779296875,5181196,-0.006143142069506391,-0.045906582756029546,,,0.25718694592280633,53.91948601186887,1.6851525888805852,,0,10392100000.0,6839900000.0,1834200000.0,2430800000.0,2003200000.0,1373500000.0,557700000.0,56100000.0,0.6581826579805814,0.17649945631777986,0.1321677043138538,0.23390844968774357,,,,,,,,,,,,,0.12334882715382123,-0.040717977371141245,0.14945414726409978,-0.16382564227444296,0.04013692768506627,39146300000.0,7483600000.0,8000100000.0,10439200000.0,,,,0.0,,180078067712.0,0.156,2.91,EMAMILTD.NS,,,,,0.21602719113721802,28.70967741935484,42.68817204301075,77.99352750809061,,83.2258064516129,,78.93013100436681,57.26587728740581,24.173027989821882,,44.55337690631808,65.27472527472527,80.54347826086956,90.68541300527241,,58.26954754338993,Q5 (Highest)
2026-08-31,201.07000732421875,204.4600067138672,201.0,201.0399932861328,22849,-0.00014927158199951052,-0.0003977815880915614,,,0.029122031233376727,48.95391078394443,0.5679965546918754,,0,87082830000.0,627045000.0,148965000.0,165281000.0,158271000.0,-38748000.0,78686000.0,116491000.0,0.007200558364949784,0.0017106127579914433,-0.0004449556818491085,0.0018979746064752374,29071043000.0,7537319000.0,15554422000.0,12499839000.0,28579254000.0,14643460000.0,3326295000.0,1167000.0,0.6029932865535308,0.25927239693464044,1.9516735798779796,1.951593885598076,0.34084680993532124,-1.1208752129073316,7.190927629091334,-1.136660377025764,-0.6608075882760971,239283888000.0,963191000.0,1564725000.0,1638831000.0,0.0770562724847896,0.033132316580454305,0.07809116442561365,1.0,9.426180880403912,10220824576.0,-0.078,,AFSL.NS,,,,,0.3080366049735746,42.365591397849464,47.52688172043011,19.741100323624593,,99.56989247311827,,35.37117903930131,44.67168998923574,7.951653944020356,55.631399317406135,13.616557734204793,85.38461538461539,50.21739130434783,,72.08121827411168,48.27527806015105,Q3 (Medium)
2026-08-31,108.0,114.9000015258789,101.0,102.08000183105469,164338,-0.032417044255405814,-0.1526521059459246,,,0.2423150250426648,29.728019874078726,1.2645517439356033,,0,1413687000.0,763991000.0,-2563000.0,204090000.0,-10958000.0,82484000.0,-130368000.0,36742000.0,0.5404244362436664,-0.0018129897212041987,0.058346720313619635,0.1443671760439192,12064361000.0,1707643000.0,4475531000.0,7579684000.0,5397728000.0,2907901000.0,363740000.0,,0.22529210980299444,0.1415444216233251,1.8562282553635767,,-0.1323459281504381,-2.2840374856004235,-0.09792834918795579,-0.31613812544045106,-0.5030025861691092,5571766000.0,-76617000.0,-292035000.0,679748000.0,-0.01010820503862694,-0.006350688610859705,-0.03144446189953256,0.0,1.586072780812842,4866195968.0,0.307,1.82,ENIL.NS,,,,,0.2553949039233221,7.741935483870968,26.236559139784948,64.83279395900755,,87.31182795698925,,26.965065502183407,9.257265877287406,40.458015267175576,51.70648464163823,7.952069716775599,13.186813186813188,2.5,80.66783831282952,45.346869712351946,37.6109025837805,Q1 (Lowest)
2026-08-31,1785.9000244140625,1998.9000244140625,1785.9000244140625,1893.9000244140625,1991136,-0.031054922710555544,0.1959004404800766,,,0.42407580405707723,59.42462759810702,2.1848665372453366,,0,5280100000.0,2599600000.0,1157600000.0,1429000000.0,1250600000.0,946300000.0,300400000.0,3900000.0,0.4923391602431772,0.21923827200242418,0.17922009052858848,0.27063881365883224,,,,,,,,,,,,,0.36468429350494946,1.085739475424289,0.3677243880326382,1.0562798783137768,0.8527161934396474,16744500000.0,2317000000.0,2767100000.0,3815600000.0,,,,0.0,,96865746944.0,0.273,0.76,ALKYLAMINE.NS,,,,,0.2090572706681795,80.3225806451613,27.204301075268816,88.13376483279396,,30.53763440860216,,69.65065502183407,70.50592034445641,36.00508905852418,,84.31372549019608,86.26373626373626,71.30434782608695,55.18453427065027,,59.9617526158207,Q5 (Highest)
2026-08-31,222.3800048828125,245.75,222.3800048828125,240.60000610351562,16698718,0.013949230523983669,0.015404132527044201,,,0.41646557362636916,62.26758030239386,2.1014229963375906,,0,9262906000.0,5134227000.0,,2531721000.0,2423597000.0,1955340000.0,464724000.0,3533000.0,0.554278214633723,,0.21109358121522553,0.2733182221648368,58694423000.0,168016000.0,27237096000.0,31457327000.0,34781838000.0,26768084000.0,877946000.0,5207000.0,0.0053410768181288894,0.002862554760952331,1.2993771986071174,1.2991826759061276,-0.2346232110902181,-0.4367739644131845,-0.08308113601688505,-0.3011900932775812,-0.3249069844895487,39281803000.0,6915894000.0,,9296557000.0,0.21985002095060396,0.11782880973205921,,1.0,1.7196938063434066,135227400192.0,0.92,1.25,ENGINERSIN.NS,,,,,0.21420829476012251,47.52688172043011,55.483870967741936,87.05501618122977,,32.36559139784946,,74.235807860262,76.31862217438106,95.29262086513995,27.986348122866893,27.66884531590414,7.472527472527473,77.06521739130436,70.298769771529,13.028764805414554,52.78659226977205,Q4 (High)
2026-08-31,55.0,57.849998474121094,52.900001525878906,55.97999954223633,2493800,0.06163474356560106,0.013212661397942638,,,0.36772454847120983,38.52273362726709,0.7199167943734696,,0,3637127000.0,643552000.0,228889000.0,50319000.0,10012000.0,-125204000.0,16934000.0,118282000.0,0.17693965594272623,0.06293126415437239,-0.034423873568341166,0.01383482072525925,16616425000.0,2991157000.0,11348819000.0,5267606000.0,12612931000.0,9682189000.0,247044000.0,2034390000.0,0.5678399257651389,0.18001206637408468,1.3026941531506977,1.0925774119881362,0.1230095605317143,-2.058038128718226,0.23634089864602115,2.835906862745098,-0.7810551506581094,13791366000.0,15473000.0,869816000.0,859719000.0,0.0029373874963313507,0.0009311870634026272,0.10532037303891637,1.0,1.4874405535486726,12622504960.0,0.321,,BLKASHYAP.NS,,,,,0.2591639078671254,46.666666666666664,73.33333333333333,29.665587918015103,,44.73118279569892,,39.19213973799127,20.990312163616792,42.23918575063613,28.327645051194537,8.714596949891067,65.16483516483517,30.978260869565215,,70.21996615905245,43.34824750403311,Q2 (Low)
2026-08-31,16.75,17.40999984741211,16.399999618530273,16.5,111977,-0.020771535522018714,-0.02135234859544033,,,0.34851569131299875,38.46153846153846,0.9475852681960838,,0,41660000.0,37848000.0,-23245000.0,-54255000.0,-75608000.0,-137550000.0,31988000.0,29954000.0,0.9084973595775324,-0.5579692750840134,-3.3017282765242437,-1.3023283725396064,1804478000.0,1374832000.0,1831524000.0,39070000.0,368535000.0,1033011000.0,63812000.0,2861000.0,35.188942922958795,0.7619001173746646,0.35675805969152313,0.35398848608582095,-0.6259550894708961,-11.590545118570988,0.4776193516350997,-0.4899642919384324,1.303137071783334,462541000.0,-2424000.0,184333000.0,233196000.0,-0.06204248784233427,-0.0013433247731476914,0.1303718362375893,0.0,-0.293513470377583,783750016.0,0.256,,ENERGYDEV.NS,,,,,0.3413118542493559,36.12903225806451,33.33333333333333,48.651564185544764,,52.1505376344086,,8.73362445414847,20.882669537136707,34.86005089058524,2.901023890784983,1.5250544662309369,2.6373626373626373,38.69565217391304,,99.83079526226734,35.35538004825204,Q1 (Lowest)
2026-08-31,2771.89990234375,2959.89990234375,2731.39990234375,2904.5,744794,0.07745670980086472,0.130936800967427,,,0.2716524952438689,65.5334073043233,1.0001164659863764,,0,40859500000.0,17034800000.0,3559400000.0,5978000000.0,3859400000.0,2764500000.0,942600000.0,152300000.0,0.41691161174267916,0.08711315605917841,0.06765868402697048,0.1463062445698063,116273900000.0,13266600000.0,47865700000.0,68408200000.0,53478100000.0,34436400000.0,8747700000.0,11659600000.0,0.19393289108615633,0.11409783278964583,1.5529526895958927,1.2143690978151027,0.1324004633863789,0.2472929074174337,0.3787675300660034,0.12776893893036356,0.2738663484486874,145958800000.0,9517100000.0,12314200000.0,20686600000.0,0.13912221049523302,0.08185069908208119,0.15077110687751913,1.0,2.385026562280959,408555257856.0,0.723,0.4,ENDURANCE.NS,,,,,0.3198971840058159,71.18279569892472,78.17204301075269,51.67206040992449,,78.17204301075269,,87.77292576419214,82.02368137782562,86.64122137404581,40.61433447098976,63.0718954248366,67.03296703296702,86.19565217391305,31.72231985940246,42.8087986463621,64.47218255032594,Q5 (Highest)
2026-08-31,462.8999938964844,546.9000244140625,462.8999938964844,538.8499755859375,1752974,0.23887794105739912,0.146690265868334,,,0.27392472976073945,85.04346764605978,0.8151831269281548,,0,1907150000.0,1457170000.0,376260000.0,513470000.0,393690000.0,321460000.0,61580000.0,11960000.0,0.7640563143958262,0.19728914872978004,0.16855517395065936,0.269234197624728,,,,,,,,,,,,,-0.013862747936875586,0.10986051650324535,0.2984674251244239,0.3456402528360334,0.47625208441147726,7194200000.0,1146610000.0,1305570000.0,1786540000.0,,,,0.0,,44209152000.0,0.15,0.23,EMUDHRA.NS,,,,,0.20800320027129293,74.19354838709677,95.3763440860215,38.07982740021575,,77.41935483870968,,58.842794759825324,98.27771797631863,23.40966921119593,,55.446623093681914,27.802197802197803,46.52173913043478,17.57469244288225,,54.196300608572024,Q4 (High)
2026-08-31,240.0,262.6000061035156,239.4199981689453,254.3300018310547,8631616,0.0841005763607412,-0.06081974410761659,,,0.2840133774086998,69.09878879075566,1.216861753076591,,0,8145642000.0,4227785000.0,1788070000.0,2343116000.0,2092071000.0,1777956000.0,166557000.0,56513000.0,0.5190241604038086,0.21951247059470574,0.21827082506203932,0.2876527104923099,37701002000.0,4305752000.0,9864357000.0,24634645000.0,18290031000.0,6277088000.0,4941641000.0,8701000.0,0.17478441438876022,0.11420789293610817,2.9137764198940657,2.9123902675890476,0.10605760849950152,0.09295176201339239,0.17580925243479428,0.31563131516809495,0.1778790881264305,29982151000.0,6866978000.0,7252232000.0,9140293000.0,0.27875287019561273,0.18214311651451598,0.25059200120855285,1.0,2.2755368650414116,104662450176.0,,1.18,BLS.NS,,,,,0.36125157764666516,24.731182795698924,79.6774193548387,62.7831715210356,,74.6236559139785,,70.74235807860262,87.40581270182992,,75.93856655290102,54.13943355119826,62.08791208791209,62.5,68.10193321616872,40.77834179357022,60.90065250451564,Q5 (Highest)
2026-08-31,414.0,419.0,398.20001220703125,404.3999938964844,868983,-0.035535402647904,0.21660650217226585,,,0.6837197756639283,37.24239756099022,0.3135063727433618,,0,1204996000.0,428070000.0,157587000.0,213749000.0,188229000.0,55869000.0,90538000.0,40598000.0,0.35524599251781747,0.1307780274789294,0.046364469259648995,0.17738565107270066,13306806000.0,1542452000.0,2724035000.0,10554074000.0,8122876000.0,1580199000.0,172430000.0,2255749000.0,0.14614754454062004,0.11591451772874722,5.140413327688474,3.712903881093457,-0.39856893870274135,-0.7032270059228174,-0.5534448600776898,-0.8801194749795618,-0.6813022312675657,7322139000.0,905305000.0,1291194000.0,1526438000.0,0.08577777643022022,0.06803323051376867,0.10674089403850329,1.0,2.2973364682704474,22456657920.0,0.342,0.37,EMSLIMITED.NS,,,,,0.3500930163493976,83.22580645161291,24.301075268817204,6.903991370010787,,3.0107526881720474,,49.12663755458515,17.653390742734125,46.50127226463104,88.56655290102388,20.043572984749456,4.395604395604396,52.391304347826086,29.261862917398947,38.40947546531303,37.5860866234986,Q1 (Lowest)
2026-08-31,477.8999938964844,553.0,477.3500061035156,546.25,1288333,0.12489702045752349,0.21334958949045668,,,0.2653892604846777,77.34341530288751,2.2912288264300216,,0,6140200000.0,3956400000.0,921000000.0,1768200000.0,985100000.0,452300000.0,201200000.0,233700000.0,0.6443438324484545,0.14999511416566236,0.07366209569720857,0.2879710758607211,,,,,,,,,,,,,0.08847565191186124,0.1390078065978344,0.25973493086044885,0.5051580698835274,0.25182300884955744,,,,,,,,0.0,,173175554048.0,,,AGARWALEYE.NS,,,,,0.20734442944406545,82.68817204301075,86.66666666666667,89.42826321467098,,80.53763440860214,,78.16593886462883,94.40258342303552,,,57.62527233115469,58.46153846153847,65.54347826086956,,,66.23463651161184,Q5 (Highest)
2026-08-31,9.34000015258789,9.489999771118164,8.800000190734863,9.119999885559082,1972048,-0.06938778489195019,-0.010846028044850797,,,0.33771157658780276,31.874985098824595,0.6333823082586478,,0,410701000.0,189888000.0,149950000.0,152584000.0,149950000.0,115741000.0,25721000.0,,0.4623509560483174,0.3651074626066165,0.2818132899603361,0.37152088745827255,,,,,,,,,,,,,0.013153447846283361,-0.05699992667247855,0.34168659427391646,0.20394237270505022,0.16608967451528844,1530318000.0,442819000.0,585206000.0,596547000.0,,,,0.0,,4010519552.0,0.84,,AFIL.NS,,,,,0.19027448320243956,39.35483870967742,14.408602150537634,24.919093851132686,,56.12903225806451,,24.126637554585155,11.410118406889127,92.8117048346056,,43.68191721132897,36.043956043956044,35.108695652173914,,,41.86630644486341,Q1 (Lowest)
2026-08-31,245.89999389648438,260.0,237.8800048828125,238.86000061035156,134623,-0.09335597308759735,0.14398531681535953,,,0.6578942854755259,48.19583973860806,0.7655474529046904,,0,840459000.0,232665000.0,84009000.0,160288000.0,130155000.0,91069000.0,7169000.0,42856000.0,0.2768308745578309,0.09995609541928875,0.10835626723016828,0.19071483558388927,,,,,,,,,,,,,-0.4296845842431908,0.6098746663366861,0.25609996682120206,0.9040142170186076,0.5116660693739743,3869145000.0,195248000.0,203187000.0,530056000.0,,,,0.0,,6598646272.0,0.385,0.63,EMKAY.NS,,,,,0.24463645860068287,73.65591397849462,8.817204301075268,34.088457389428264,,3.7634408602150557,,28.93013100436681,42.518837459634014,51.781170483460556,,76.90631808278867,4.175824175824175,24.565217391304348,48.154657293497365,,39.82381149467261,Q1 (Lowest)
2026-08-31,306.1000061035156,324.8999938964844,290.0,310.54998779296875,3833733,0.18825322571435477,0.6324974755177966,,,0.37541420202627895,68.52816551919477,0.759225391336769,,0,3233729000.0,261277000.0,186599000.0,259703000.0,241644000.0,147396000.0,57826000.0,1414000.0,0.08079743231421062,0.05770396962763422,0.04558081397668141,0.08031068775398309,7619204000.0,61320000.0,1921064000.0,5224725000.0,5337567000.0,1871061000.0,879312000.0,1981000.0,0.011736502878141911,0.008048084813059212,2.852695342375262,2.851636584804023,0.15212002149094106,0.1652410391006689,0.35186061541986025,0.11695791212621809,0.021784975173705368,11177913000.0,574964000.0,685950000.0,998682000.0,0.11004674887195019,0.07546247613267738,0.12976620516851445,1.0,3.077717882340465,28152623104.0,-0.067,0.47,BLSE.NS,,,,,0.2998368613111708,98.49462365591398,93.2258064516129,33.441208198489754,,42.795698924731184,,52.183406113537124,86.75995694294942,8.396946564885496,75.0853242320819,59.25925925925925,70.21978021978022,45.76086956521739,37.96133567662566,16.412859560067684,54.666471691010116,Q4 (High)
2026-08-31,130.5,172.0,130.5,165.8300018310547,86001321,0.25619277881620883,0.4606712200660672,,,0.4462422263434601,79.88361718735533,4.969502002184131,,0,19132450000.0,2823450000.0,880290000.0,1342600000.0,935750000.0,397340000.0,137400000.0,401010000.0,0.14757388625084608,0.04601031232278145,0.020767857749530248,0.07017397144641695,37970850000.0,19969850000.0,21709500000.0,16261350000.0,16794670000.0,9217820000.0,497470000.0,12406720000.0,1.2280560962035747,0.5259258088770729,1.8219785155275325,0.47602903940411073,-0.013614806359694254,0.3403272052622701,0.1496312097222432,0.49028580001500255,0.22527948893451977,71832620000.0,1071380000.0,2831000000.0,4542950000.0,0.06588505874358525,0.028215855057234694,0.0781370752279803,1.0,2.812123115495176,63802888192.0,0.478,,EMIL.NS,,,,,0.43468778733038843,95.80645161290322,96.45161290322581,99.46062567421791,,25.591397849462368,,64.30131004366812,96.1248654467169,63.48600508905853,50.68259385665529,68.73638344226579,27.912087912087912,60.0,,90.86294416243655,65.96108519951322,Q5 (Highest)
2026-08-31,1966.0,2009.199951171875,1912.5,1978.4000244140625,814049,0.09334071534349953,0.19360484127545252,,,0.2469881645012631,65.61833343581765,1.07528097051686,,0,24697030000.0,14666130000.0,3792070000.0,4938440000.0,3875770000.0,2434030000.0,974400000.0,464010000.0,0.593841850619285,0.1535435637402554,0.09855557530601858,0.19996088598507594,96124810000.0,15212410000.0,46358080000.0,49500320000.0,56121030000.0,39122410000.0,1366580000.0,23978740000.0,0.3073194274299641,0.15825685377167456,1.4344982837202513,0.8215825661046955,0.044944357425793724,0.05579051014786951,0.1670213042440738,0.28813962965119044,0.2455867330853143,92035400000.0,9243610000.0,13735610000.0,18458620000.0,0.18673838876193125,0.09616258279210123,0.2122551467076107,1.0,2.023663120894595,375263199232.0,,0.18,EMCURE.NS,,,,,0.43386774386081883,80.10752688172043,81.0752688172043,55.98705501618123,,85.91397849462365,,86.8995633187773,82.13132400430571,,36.3481228668942,51.19825708061002,46.15384615384615,86.6304347826087,13.093145869947275,52.96108291032149,60.56664041313603,Q5 (Highest)
2026-08-31,1.7300000190734863,1.7300000190734863,1.649999976158142,1.659999966621399,213949,-0.2751091728062055,-0.10752690652985541,,,0.21930014490555222,0.0,4.493198087227132,,0,1750000.0,1619000.0,835000.0,835000.0,835000.0,885000.0,0.0,,0.9251428571428572,0.47714285714285715,0.5057142857142857,0.47714285714285715,35279000.0,,42156000.0,-6877000.0,1844000.0,42157000.0,211000.0,63000.0,,,0.04374125293545556,0.0422468391963375,inf,-1.8460803059273423,inf,-1.0350995478702307,-2.3688524590163933,1750000.0,-2808000.0,-3537000.0,-3537000.0,0.40831758034026466,-0.079594092803084,,0.0,-1.5164233680092971,91805200.0,0.311,,BLUECHIP.NS,,,,,0.3902605314483484,12.795698924731184,0.5376344086021506,98.48975188781014,,92.79569892473118,,0.10917030567685589,0.16146393972012918,40.64885496183206,0.5119453924914675,9.694989106753813,99.78021978021978,14.728260869565219,,,38.016912566808934,Q1 (Lowest)
2026-08-31,62.0,63.5,59.810001373291016,63.040000915527344,9342703,-0.012067081040464833,-0.07348618360848602,,,0.42968122625932503,45.5457988997198,0.9287122868046731,,0,3424630000.0,-232660000.0,-2737190000.0,-1923220000.0,-2049360000.0,-3237790000.0,-193040000.0,1399380000.0,-0.06793726621562038,-0.7992659060978851,-0.9454422813559421,-0.5615847551414314,215378570000.0,53221370000.0,115738690000.0,98679300000.0,149476330000.0,60139260000.0,7790430000.0,124325230000.0,0.539336720061857,0.24710615359736116,2.4855033134760887,0.4182143245527132,0.6123189770437467,0.3887988127101778,0.052805838554379925,14.283408071748878,-2.965156438395357,21246750000.0,-5932320000.0,-4611950000.0,-215580000.0,-0.06011716743025133,-0.027543687377996798,-0.030361617233156377,0.0,1.2064309183592405,,0.998,,EMBDL.NS,,,,,0.3800051930302403,21.182795698924732,39.56989247311828,47.46494066882416,,29.892473118279568,,,35.737351991388586,96.56488549618321,68.60068259385666,70.58823529411765,92.41758241758242,2.282608695652174,,68.69712351945854,51.53323813115907,Q3 (Medium)
2026-08-31,76.8499984741211,81.5,73.7300033569336,74.7300033569336,87812,-0.05834169881311768,-0.2611231579206226,,,0.29666077593314577,44.23908240492643,2.0994942854086727,,0,730891000.0,-131396000.0,-560888000.0,-515841000.0,-521579000.0,-658486000.0,109040000.0,246357000.0,-0.1797750964234065,-0.7674030737825476,-0.9009359808781336,-0.7057700806276175,23017116000.0,20022719000.0,25497551000.0,-2480435000.0,20295866000.0,17426648000.0,98105000.0,12801568000.0,-8.072261115489823,0.8699056389167088,1.164645432672996,0.4300481653155558,13.942979228001308,0.7664862138714368,4.353140220456293,-0.17360240457320708,-0.0797706566861176,931563000.0,-1894707000.0,-1484215000.0,-1191497000.0,0.7638607744206157,-0.0823173068250601,-0.08460785380056554,0.0,-0.03559069259589256,3888492544.0,0.448,,EMAMIREAL.NS,,,,,0.5590529001078383,1.5053763440860215,17.311827956989248,86.83926645091694,,70.96774193548387,,23.689956331877728,32.83100107642626,59.28753180661578,21.160409556313994,79.73856209150327,99.23076923076923,55.434782608695656,,0.5076142131979695,46.5669893068584,Q2 (Low)
2026-08-31,114.9800033569336,119.75,107.47000122070312,110.88999938964844,270354,0.2728420097989377,0.40705497810990043,,,0.5869533290749416,63.21931991661464,0.15517349619649623,,0,5601600000.0,1666700000.0,700100000.0,831500000.0,702200000.0,386100000.0,146500000.0,169600000.0,0.29753998857469294,0.12498214795772636,0.06892673521850899,0.1484397315052842,,,,,,,,,,,,,0.12842207046594556,0.22571428571428576,0.21837480424569344,5.118858954041205,1.1168533604887982,20076300000.0,936800000.0,1866100000.0,2598000000.0,,,,0.0,,6708739584.0,0.545,2.89,EMAMIPAP.NS,,,,,0.20947357724547094,93.76344086021506,96.7741935483871,1.7259978425026967,,7.849462365591393,,29.475982532751093,78.04090419806244,72.01017811704835,,61.87363834422658,66.26373626373626,60.97826086956522,90.42179261862917,,57.278505837381026,Q4 (High)
2026-08-31,24.739999771118164,26.690000534057617,23.450000762939453,25.059999465942383,7710,-0.08972034722473854,-0.2163852462585132,,,0.4549370516921881,32.8723436634465,0.5671317233290136,,0,12337000.0,10103000.0,5534000.0,6596000.0,6042000.0,-1403000.0,2932000.0,4513000.0,0.8189186998459917,0.4485693442490071,-0.11372294723190403,0.5346518602577612,69173000.0,184736000.0,285760000.0,-216587000.0,22934000.0,199569000.0,1746000.0,,-0.8529413122671259,2.670637387419947,0.11491764753042807,,11.337,-0.6280487804878049,inf,-0.9557049946328219,-2.2167496771813315,20382000.0,-20930000.0,-4512000.0,2104000.0,0.0966355321418183,-0.30257470400300696,0.14165960252425355,0.0,-6.864863458285748,493169664.0,0.607,,BLUECOAST.NS,,,,,0.28054921696731305,3.655913978494624,9.35483870967742,19.525350593311757,,24.19354838709677,,5.567685589519651,13.02475780409042,77.48091603053436,1.1945392491467577,22.113289760348582,99.12087912087912,20.76086956521739,,3.2148900169204735,29.94716525368249,Q1 (Lowest)
2026-08-31,88.0,89.9000015258789,83.0,83.81999969482422,61830,-0.052988389201342634,0.04305623516915391,,,0.41131643002235235,30.104121012053326,1.8461985368825655,,0,1170130000.0,501680000.0,77590000.0,108880000.0,78670000.0,24260000.0,9090000.0,45320000.0,0.42873868715441876,0.06630887166383223,0.02073273909736525,0.09304949022758155,4603490000.0,1764760000.0,2612880000.0,1990610000.0,2725420000.0,1975170000.0,35190000.0,1511580000.0,0.886542316174439,0.3833526302870214,1.3798407225707154,0.6145496337024154,0.0425528123524328,1.1718889883616832,0.08832091669224407,0.6537150647580094,0.10437164012577349,4555380000.0,78870000.0,311410000.0,424450000.0,0.03962102069214964,0.01713265370403759,0.08292391961377973,1.0,1.8468911630089346,1612717696.0,0.471,0.36,EMMBI.NS,,,,,0.4420023472275328,55.16129032258065,18.817204301075268,82.09277238403452,,33.655913978494624,,15.72052401746725,9.68783638320775,62.213740458015266,33.44709897610921,85.29411764705883,45.38461538461539,25.43478260869565,28.031634446397184,83.58714043993231,45.23524475651225,Q2 (Low)
2026-08-31,473.5,511.95001220703125,462.54998779296875,477.54998779296875,1314873,-0.0889059132892096,0.7475709007512328,,,0.6389567044465425,48.07331706947275,0.9400310901042662,,0,2569932000.0,1435352000.0,357695000.0,556271000.0,469564000.0,355751000.0,79512000.0,20075000.0,0.5585175016303934,0.13918461655794784,0.13842817630972337,0.2164535870988026,14924133000.0,217503000.0,2606540000.0,11928996000.0,9463364000.0,2355417000.0,351416000.0,1507340000.0,0.018233135462531802,0.0145739119317685,4.017702173330667,3.377756040650127,0.17750727485075735,0.5290727161756741,0.2980385461987678,1.2893925645629412,0.6778144746565322,9271128000.0,1291292000.0,1188339000.0,2350784000.0,0.108248171095036,0.08652375317212732,0.09783386966071458,1.0,2.4156056502578744,50647146496.0,1.191,0.42,BLISSGVS.NS,,,,,0.3486916420247271,99.24731182795699,9.56989247311828,48.327939590075516,,4.408602150537632,,60.480349344978166,42.30355220667384,98.34605597964376,85.15358361774744,74.7276688453159,74.3956043956044,50.43478260869565,33.567662565905096,19.120135363790187,53.33887606466953,Q4 (High)
2026-08-31,761.2000122070312,828.0,761.2000122070312,805.0999755859375,1611074,0.07461287035251551,0.0011813108786102866,,,0.2787204508100237,65.02978751827199,1.183531031024318,,0,78823300000.0,20671500000.0,3858300000.0,1819300000.0,-437300000.0,-3333000000.0,1248300000.0,1186100000.0,0.26225113640256115,0.04894872455225802,-0.04228445142489594,0.02308073881707566,292539000000.0,85501700000.0,143343200000.0,87661200000.0,187465300000.0,132073400000.0,12216000000.0,86606700000.0,0.9753653840011316,0.29227453433559286,1.4194023929118202,0.763655664198847,-0.2358810653400003,-2.435709670471678,0.15727369360692522,-2.1632695797850063,-0.8129446843512236,385460300000.0,5695400000.0,26866000000.0,33205100000.0,0.06497059132204441,0.019468857143833812,0.15514870679573972,1.0,1.959441886380961,143272132608.0,0.022,,EIDPARRY.NS,,,,,0.5067642911571806,43.44086021505376,77.41935483870968,61.81229773462783,,76.0215053763441,,74.89082969432314,81.59311087190527,13.549618320610687,35.32423208191126,7.18954248366013,7.362637362637363,89.23913043478261,,84.94077834179356,53.518926517090634,Q4 (High)
2026-08-31,236.60000610351562,255.0,231.47000122070312,244.2100067138672,468768,0.05773562694535017,0.03181516930499906,,,0.38005748104519216,59.854496598058205,0.8778272929944911,,0,2841198000.0,1779637000.0,91741000.0,378512000.0,168194000.0,105892000.0,41664000.0,20638000.0,0.6263685248264993,0.0322895482820979,0.03727019377037433,0.1332226757867632,12817355000.0,1480770000.0,3948136000.0,8869219000.0,5860336000.0,2652842000.0,28433000.0,3661354000.0,0.1669560758393721,0.11552851582873377,2.209078414771781,0.8289155554684372,-0.16126203996613397,-0.5578880566480456,0.05157931320111975,-0.04983579491412882,-0.04086519578652892,11959163000.0,746646000.0,818979000.0,1943085000.0,0.08418396253379243,0.05825273623146117,0.07912848989501342,1.0,2.245401067536945,29204496384.0,0.074,,BOROLTD.NS,,,,,0.24766137099154137,52.1505376344086,71.82795698924731,43.581445523193096,,41.72043010752689,,52.838427947598255,72.01291711517761,18.12977099236641,64.3344709897611,24.074074074074073,10.87912087912088,42.06521739130435,,40.4399323181049,45.60362013079222,Q2 (Low)
2026-08-31,66.01000213623047,74.0,66.0,70.11000061035156,498939,0.03133270297493618,-0.10253458595251941,,,0.3025265471564554,59.12807332532743,2.0268422458521784,,0,526390000.0,-135850000.0,-229300000.0,-161830000.0,-161830000.0,-130870000.0,-49240000.0,17510000.0,-0.2580786109158609,-0.4356085791903342,-0.24861794486977337,-0.3074336518550884,3837120000.0,123500000.0,641650000.0,3137800000.0,3443800000.0,493580000.0,111030000.0,,0.039358786410861116,0.032185597531481945,6.977187082134608,,-0.015173058933582784,0.6643774640722371,-0.8324457841679903,-1.8760878296960772,-1.7004718001991084,6605600000.0,115590000.0,-7390000.0,183460000.0,0.03683791191280515,0.030124155616712535,-0.0022659675589488852,1.0,3.6498063651905595,3734750208.0,0.685,,DREAMFOLKS.NS,,,,,0.3852488909148623,14.193548387096774,62.365591397849464,85.86839266450917,,68.9247311827957,,23.253275109170303,69.7524219590958,83.96946564885496,92.66211604095564,77.99564270152506,27.362637362637365,4.565217391304348,,25.211505922165824,52.408303051197365,Q3 (Medium)
2026-08-31,5422.0,5660.0,5363.5,5510.0,2567669,0.044813113346753086,0.05019981705113574,,,0.16698075175097885,60.33326819120021,1.8526774946476998,,0,46859500000.0,19548900000.0,7676400000.0,8890200000.0,8037900000.0,6783400000.0,1054300000.0,186800000.0,0.4171811478995721,0.1638173689433306,0.1447604007725221,0.18972033419050566,97319400000.0,13976100000.0,45960600000.0,51065600000.0,46776600000.0,41799900000.0,2200000000.0,13459300000.0,0.27368913710991355,0.14361062645269082,1.1190600934451995,0.7970665001590913,-0.040792347545560825,-0.0023824930878286743,0.04988461452288662,0.16615379325757695,-0.018015530248638667,184816100000.0,24389700000.0,30623400000.0,35985600000.0,0.4776150676776538,0.2506149852958403,0.47082717702643073,1.0,2.9675999852033614,1327184216064.0,0.421,1.64,BRITANNIA.NS,,,,,0.5602456709553688,56.88172043010753,67.0967741935484,82.30852211434735,,98.81720430107526,,95.63318777292577,72.8740581270183,56.04325699745547,17.064846416382252,46.187363834422655,23.076923076923077,87.06521739130434,77.68014059753953,49.746192893401016,62.03169387643006,Q5 (Highest)
2026-08-31,13.210000038146973,13.960000038146973,13.0,13.319999694824219,318561,-0.03408268805866277,-0.11259163945952277,,,0.28692503617114373,50.24271243501069,1.2508555474005139,,0,271990000.0,98230000.0,62690000.0,81600000.0,63650000.0,58180000.0,2070000.0,3400000.0,0.36115298356557224,0.2304864149417258,0.21390492297510938,0.3000110298172727,1539990000.0,4170000.0,414530000.0,1125460000.0,191790000.0,395080000.0,31220000.0,,0.003705151671316617,0.0027078097909726687,0.48544598562316493,,0.0005886031710995443,0.066544454628781,0.6066513084056944,0.32017245291581564,0.32899022801302924,955060000.0,199210000.0,213460000.0,283270000.0,0.17700318092157874,0.12935798284404446,0.1889645282083514,1.0,1.6213098786355755,1919163264.0,,,DRCSYSTEMS.NS,,,,,0.26717104235331374,12.258064516129032,25.161290322580644,63.86192017259978,,73.87096774193549,,17.139737991266376,47.90096878363832,,3.754266211604096,52.614379084967325,32.30769230769231,20.108695652173914,,11.336717428087987,37.354313347511685,Q1 (Lowest)
2026-08-31,166.97999572753906,171.0,162.0500030517578,167.02999877929688,27908,-0.07539438459650316,-0.03467606797855394,,,0.4378099336125728,38.30628997873666,0.7626956704903974,,0,1292616000.0,159085000.0,94570000.0,135440000.0,132349000.0,93907000.0,36160000.0,2282000.0,0.12307212660217728,0.07316171237242924,0.07264879902461366,0.10477976444667249,2885600000.0,24726000.0,225383000.0,2660217000.0,1474574000.0,219165000.0,294768000.0,107020000.0,0.009294730467476902,0.008568755198225673,6.728145461182215,6.239837565304679,0.35657156650277333,1.7671793965110796,-0.062116082558303254,1.3259851881207738,0.8526776554271254,4807306000.0,175771000.0,144519000.0,277348000.0,0.06607393306636263,0.06091315497643471,0.0538257236745808,1.0,3.630043075963404,2589170944.0,0.372,,DPWIRES.NS,,,,,0.3205479985334902,31.61290322580645,12.150537634408602,33.980582524271846,,27.52688172043011,,20.087336244541483,20.129171151776106,50.25445292620865,92.32081911262799,90.74074074074075,85.93406593406593,40.32608695652174,,15.228426395939088,44.686133637822586,Q2 (Low)
2026-08-31,7.5,7.699999809265137,7.210000038146973,7.389999866485596,350988,-0.013351122521815473,-0.23578078508993827,,,0.29145188506611686,50.96153802067548,0.8583114854021362,,0,1660779000.0,259552000.0,-117301000.0,190223000.0,101190000.0,41351000.0,-4416000.0,64255000.0,0.1562832863373152,-0.07063010791923549,0.02489855664119067,0.11453841841689955,18572167000.0,1267158000.0,9666650000.0,8905517000.0,4840468000.0,5773742000.0,38775000.0,111071000.0,0.14228910011625379,0.06822887173047712,0.8383589013849251,0.8191216372328379,0.06923321077255773,1.2363980530016225,0.2147087821746838,-3.2159048282514333,0.7324025755216159,6830128000.0,128136000.0,-324282000.0,717001000.0,0.014388384189261555,0.006899356440204312,-0.0318777509357175,1.0,0.9967522906723809,7196305408.0,0.474,0.68,DPSCLTD.NS,,,,,0.4512402486397295,2.5806451612903225,38.494623655913976,42.07119741100323,,72.25806451612902,,30.786026200873362,49.192680301399356,62.531806615776084,9.726962457337883,86.38344226579521,52.74725274725275,9.347826086956522,51.14235500878734,38.07106598984771,43.02226322789085,Q2 (Low)
2026-08-31,17.549999237060547,18.719999313354492,17.200000762939453,17.790000915527344,172377,-0.024670990199427756,-0.1355684654286572,,,0.20876229433666565,57.52688999022742,1.1853445540602858,,0,489029000.0,489029000.0,-616289000.0,-880709000.0,-1101077000.0,-630382000.0,595000.0,224000.0,1.0,-1.260229965912042,-1.2890482977492133,-1.800934095932961,14355071000.0,4343087000.0,9011128000.0,4026269000.0,7921927000.0,5002490000.0,1259757000.0,,1.0786877379529287,0.30254723226377633,1.583596768809133,,0.16301452611752176,-4.423812032566248,0.034714846113807596,9.960115446136728,-8.845400773218834,1543011000.0,-296441000.0,-899915000.0,64994000.0,-0.07362672489095984,-0.020650611898749924,-0.10752499953401433,0.0,0.4910848507819988,1493470592.0,-0.087,,BRNL.NS,,,,,0.28722800025464185,9.13978494623656,30.64516129032258,62.02804746494067,,94.51612903225806,,14.847161572052403,66.20021528525297,7.251908396946565,42.66211604095563,4.030501089324619,72.63736263736263,18.369565217391305,,87.64805414551607,43.99840047457067,Q2 (Low)
2026-08-31,114.88999938964844,114.88999938964844,107.0999984741211,111.4000015258789,18961,-0.010393516675110237,-0.009337442871132917,,,0.675533884835426,54.915548142415986,1.6313959664671003,,0,2040000.0,1783000.0,-285000.0,-128000.0,-285000.0,-285000.0,0.0,0.0,0.8740196078431373,-0.13970588235294118,-0.13970588235294118,-0.06274509803921569,,,,,,,,,,,,,1.5692695214105794,-0.8934579439252337,1.5692695214105794,-0.8934579439252337,-0.949003984063745,3668000.0,-8656000.0,-10398000.0,-8024000.0,,,,0.0,,661716032.0,,,AGRITECH.NS,,,,,0.22906843482114367,39.784946236559136,40.215053763440864,76.91477885652644,,3.3333333333333286,,7.20524017467249,60.17222820236814,,,16.884531590413943,97.36263736263736,14.728260869565219,,,43.77340069263447,Q2 (Low)
2026-08-31,1329.9000244140625,1512.9000244140625,1329.9000244140625,1443.4000244140625,234108,0.253985459523308,0.5137913208327871,,,0.5430779077910814,50.7220976811994,0.2282261495750461,,0,8523997000.0,1211991000.0,902633000.0,939924000.0,914915000.0,644495000.0,217628000.0,52792000.0,0.1421857609757488,0.10589316256211728,0.07560948226518616,0.11026798812810469,,,,,,,,,,,,,-0.3613674204216999,0.27367281077758876,0.5774336234055404,0.7694434377711155,0.701327685916755,43771568000.0,2398662000.0,3323113000.0,3484198000.0,,,,0.0,,32949819392.0,-0.525,,DPABHUSHAN.NS,,,,,0.18138396677253266,97.09677419354838,96.34408602150538,3.4519956850053934,,11.075268817204304,,54.58515283842795,48.762109795479006,1.3994910941475827,,65.0326797385621,5.164835164835164,66.95652173913044,,,46.657927672523044,Q2 (Low)
2026-08-31,84.94999694824219,85.55000305175781,82.01000213623047,84.4800033569336,89452,-0.00035497312198051745,-0.06351841021718108,,,0.2336330860487136,45.73549396483677,1.3371203888592735,,0,2389703000.0,1095036000.0,43376000.0,175255000.0,137105000.0,51387000.0,21121000.0,64439000.0,0.45823100192785465,0.018151209585458947,0.02150350901346318,0.07333756537946347,8524316000.0,4270850000.0,5755532000.0,2768784000.0,7175263000.0,5385988000.0,41163000.0,4151747000.0,1.5425002455951782,0.5010196712557348,1.3322092436893658,0.5613670138143643,0.008674411772651158,-0.585240847162136,-0.03318176540294426,-0.5287930749903718,-0.35034437253026696,9298603000.0,279434000.0,588324000.0,893046000.0,0.10092300446694288,0.03278081197365278,0.08357309485123801,1.0,1.850527021757523,4392960000.0,0.268,0.24,DONEAR.NS,,,,,0.395529418098476,24.516129032258064,47.204301075268816,67.4217907227616,,89.6774193548387,,25.218340611353714,36.167922497308936,35.49618320610687,30.034129692832767,23.311546840958606,34.505494505494504,32.826086956521735,18.629173989455182,93.90862944162437,43.92780986178558,Q2 (Low)
2026-08-31,61.15999984741211,62.400001525878906,59.2599983215332,60.0099983215332,92995,-0.14891509710084094,0.20477809008276004,,,0.4760218832456622,17.369271717017384,0.8447875454728256,,0,202095000.0,77906000.0,2652000.0,20249000.0,16122000.0,15230000.0,0.0,892000.0,0.385491971597516,0.013122541379054406,0.07536059773868725,0.10019545263366239,1481739000.0,85171000.0,255168000.0,1226571000.0,374153000.0,218142000.0,65879000.0,110219000.0,0.06943829586709616,0.05748043346365318,1.7151809371877034,1.2099183100915918,0.21991633617645467,-0.7230304793773187,-0.13326071013479612,-2.044581618655693,-4.194352421517589,857384000.0,245835000.0,54698000.0,270087000.0,0.20042459833144596,0.16590978573149523,0.04169874868686068,1.0,1.899794228268271,1767729408.0,1.078,,BROOKS.NS,,,,,0.34679386255879874,81.61290322580645,2.4731182795698925,40.99244875943905,,19.892473118279568,,16.593886462882097,1.3993541442411195,97.83715012722645,47.098976109215016,19.172113289760347,79.23076923076923,14.728260869565219,,29.610829103214893,40.04281884799796,Q1 (Lowest)
2026-08-31,1182.800048828125,1377.9000244140625,1172.9000244140625,1329.800048828125,1858288,0.16353138544194334,0.21022933175727698,,,0.3410117954858733,74.0560006185285,2.426573916355643,,0,6404140000.0,3853700000.0,1911290000.0,2341150000.0,2135300000.0,1600760000.0,521470000.0,13070000.0,0.6017513670844172,0.29844600524036013,0.2499570590274416,0.3655682105637916,,,,,,,,,,,,,-0.07067450084673577,-0.01589194705553265,-0.014057532580498688,0.12834465841486442,0.12274601956646847,26042660000.0,5945330000.0,7523210000.0,8722630000.0,,,,0.0,,163261480960.0,0.047,0.38,ALIVUS.NS,,,,,0.21307360896125876,82.36559139784946,90.86021505376344,90.61488673139159,,54.623655913978496,,77.62008733624454,91.92680301399353,15.585241730279897,,45.86056644880174,18.461538461538463,79.34782608695652,30.316344463971877,,58.5055171092513,Q5 (Highest)
2026-08-31,2282.60009765625,2324.699951171875,2175.0,2260.60009765625,544778,-0.026484646403517775,-0.0003536768028825632,,,0.26419231240208046,48.77732325639164,1.9193701256705396,,0,6705082000.0,2558086000.0,591772000.0,865449000.0,631542000.0,444891000.0,158641000.0,20150000.0,0.3815144990023985,0.08825723533284156,0.06635131382434994,0.12907358925662654,,,,,,,,,,,,,0.11014379207898495,-0.21585212811709054,0.1924869085924168,-0.22328176639320652,-0.16160353861936883,24345962000.0,2173930000.0,2953299000.0,4044936000.0,,,,0.0,,137192054784.0,-0.285,0.14,DOMS.NS,,,,,0.24531441564083975,42.473118279569896,29.462365591397848,83.92664509169363,,81.3978494623656,,74.45414847161572,44.13347685683531,2.4173027989821882,,34.749455337690634,63.07692307692307,61.95652173913043,9.92970123022847,,48.53183386242886,Q3 (Medium)
2026-08-31,404.0,418.3999938964844,390.1499938964844,411.04998779296875,119029,0.06586281420583195,0.004030273378317517,,,0.28469887918113995,67.51457145999237,0.9881254382053519,,0,428465000.0,276229000.0,204181000.0,204518000.0,204518000.0,148141000.0,16760000.0,39617000.0,0.6446944324507252,0.47654067426744307,0.34574819413487684,0.477327202922059,,,,,,,,,,,,,-0.05532270475375756,-0.4770306669632046,1.6057592896673358,0.30721105483295985,0.5399756035118894,1428238000.0,720195000.0,638687000.0,813198000.0,,,,0.0,,16443882496.0,-0.005,,DOLPHIN.NS,,,,,0.19054450683025473,44.40860215053763,75.05376344086021,50.916936353829556,,74.51612903225806,,44.32314410480349,84.93003229278796,11.259541984732824,,26.797385620915033,20.10989010989011,30.76086956521739,,,47.53841964372216,Q3 (Medium)
2026-08-31,3660.0,3671.39990234375,3415.5,3457.10009765625,21096088,-0.08920616957910132,-0.10013030692507752,,,0.3048692779306467,37.31721091460268,1.6171735264232798,,0,15660200000.0,11350900000.0,10034200000.0,10460200000.0,10034200000.0,8740200000.0,2910000000.0,,0.7248247148823131,0.6407453289230023,0.5581154774523952,0.6679480466405282,,,,,,,,,,,,,0.0016053622938132506,0.09618351247287826,0.6347617307792681,0.6203259116442039,0.6723209004140753,54420200000.0,28315900000.0,33451000000.0,35197800000.0,,,,0.0,,1404028846080.0,0.471,0.29,BSE.NS,,,,,0.6419325853069681,15.268817204301074,9.46236559139785,76.48327939590077,,67.63440860215053,,96.06986899563319,17.976318622174382,62.213740458015266,,54.79302832244009,32.527472527472526,95.32608695652173,21.79261862917399,,49.969867020345426,Q3 (Medium)
2026-08-31,267.95001220703125,287.70001220703125,264.54998779296875,279.5,993947,0.057562107116047256,0.02535219467085681,,,0.26859617935236674,69.21917580204524,1.3518362473064012,,0,6215465000.0,1744178000.0,468336000.0,592073000.0,483697000.0,325794000.0,95865000.0,57774000.0,0.2806190687261532,0.07535011459319617,0.052416673571486605,0.09525803781374362,15446096000.0,2914281000.0,5904013000.0,9486602000.0,12368850000.0,5363655000.0,1282000.0,5066880000.0,0.3071996695971856,0.18867427730605843,2.3060487671186904,1.3613795070712043,0.6001456628612738,0.7746607764420066,0.13188321077494058,0.11389418836030929,0.009694946008445005,18809611000.0,1074300000.0,1600263000.0,2062968000.0,0.11324392021505698,0.06955155529267719,0.1290442785404878,1.0,2.725173267083152,15852155904.0,0.289,1.07,DOLLAR.NS,,,,,0.3210980265496357,50.53763440860215,71.72043010752688,67.96116504854369,,79.56989247311827,,43.66812227074236,87.62109795479009,38.104325699745544,66.04095563139933,80.06535947712419,92.08791208791209,53.04347826086957,65.90509666080844,52.79187817258884,63.27448988358476,Q5 (Highest)
2026-08-31,67.7699966430664,71.9800033569336,64.95999908447266,71.01000213623047,1145351,-0.0009848015337787785,-0.07127906112346483,,,0.2423975816379104,63.36054212228554,2.29851101587643,,0,1258920000.0,906630000.0,756070000.0,764050000.0,756350000.0,467150000.0,177120000.0,111080000.0,0.7201649032504052,0.6005703301242334,0.3710720299939631,0.6069090966860483,15360070000.0,2837120000.0,4048520000.0,11303230000.0,6703070000.0,3994550000.0,82060000.0,,0.25100082011955877,0.18470749156742125,1.678053848368402,,0.16386698346075979,0.20127031475005142,0.1052271170965533,0.17761980387708287,0.11333731621664933,4035770000.0,1289200000.0,2244930000.0,2276580000.0,0.11405589375780198,0.08393190916447646,0.15876056816132555,1.0,1.6670803583577418,12497760256.0,0.072,0.14,DOLATALGO.NS,,,,,0.2176841618595188,22.1505376344086,46.45161290322581,89.85976267529665,,87.09677419354838,,38.864628820960704,78.14854682454252,17.68447837150127,45.90443686006826,60.348583877995644,72.85714285714285,63.47826086956522,9.92970123022847,47.377326565143825,52.01011957890855,Q3 (Medium)
2026-08-31,1026.0999755859375,1059.0,1026.0999755859375,1041.5999755859375,75163,-0.06983396127194685,-0.050009196202881134,,,0.23674297649977927,39.650718050918925,0.6111246905735193,,0,11979400000.0,2783400000.0,420700000.0,784800000.0,556500000.0,406400000.0,140600000.0,9500000.0,0.23234886555253184,0.03511862029817854,0.03392490441925305,0.06551246306158906,,,,,,,,,,,,,0.1149103931977753,-0.41714711872185406,0.31696318144989744,-0.40204517030824694,-0.28210100714422925,43043230000.0,2419730000.0,1959790000.0,3406390000.0,,,,0.0,,62837444608.0,0.352,0.48,DODLA.NS,,,,,0.19159213716307286,27.526881720430108,14.193548387096774,22.761596548004313,,88.81720430107526,,64.08296943231441,23.03552206673843,47.96437659033079,,28.540305010893245,64.06593406593407,60.380434782608695,38.576449912126535,,45.32968152117018,Q2 (Low)
2026-08-31,86.0,91.0,85.3499984741211,91.0,39119,0.03409090909090917,-0.013015151713245965,,,0.25171562909617184,67.25734770732957,1.7682467152641999,,0,664276000.0,141511000.0,60510000.0,68060000.0,63104000.0,44112000.0,-2156000.0,21148000.0,0.2130304271116223,0.09109165467365975,0.06640613239075324,0.10245741228043764,2539001000.0,1082682000.0,1228852000.0,1310149000.0,2432635000.0,1203230000.0,2122000.0,2320746000.0,0.8263808162277726,0.4264204700982788,2.0217539456296802,0.09299053381315293,1.4740997869582708,0.9659506194848027,,,,2921303000.0,231390000.0,305782000.0,333368000.0,0.17661349968591358,0.0911342689506621,0.12779088870045566,1.0,2.53605288064085,9549292544.0,0.891,,BSHSL.NS,,,,,0.363425541453046,38.494623655913976,63.2258064516129,80.15102481121899,,84.51612903225806,,34.825327510917035,84.60710441334768,94.27480916030534,59.21501706484642,83.00653594771242,97.03296703296704,11.08695652173913,,81.38747884940778,64.12158536348312,Q5 (Highest)
2026-08-31,29.329999923706055,29.719999313354492,27.110000610351562,28.399999618530273,127752,-0.04889487481507793,-0.07037642134936895,,,0.4109298212049925,35.458164303189264,2.015382635015712,,0,322312000.0,82306000.0,12300000.0,15048000.0,10299000.0,-2868000.0,5076000.0,8091000.0,0.25536126486137656,0.03816178113132617,-0.008898210429645809,0.04668768150115416,1538560000.0,298808000.0,833068000.0,705492000.0,1264174000.0,798346000.0,1123000.0,460915000.0,0.423545554024709,0.19421277038269552,1.5834913684041756,1.00615397333988,0.07057991184569334,-1.1162357137067358,,,,,,,,,,,0.0,1.027369163373544,575784896.0,0.152,3.52,AGROPHOS.NS,,,,,0.2969392123275747,22.58064516129032,19.892473118279568,85.65264293419634,,33.763440860215056,,6.441048034934497,15.823466092572659,23.791348600508904,42.491467576791806,13.725490196078432,53.18681318681319,22.717391304347824,94.20035149384886,61.92893401015228,39.74636750466865,Q1 (Lowest)
2026-08-31,1145.0,1161.5,1068.199951171875,1071.300048828125,747451,0.014296627868138234,0.2039108593813339,,,0.6083401536496076,58.29856388154442,1.2453087321639729,,0,4782302000.0,2561406000.0,1094948000.0,1448382000.0,1113813000.0,869054000.0,5354000.0,239404000.0,0.5356010557258827,0.22895835520215996,0.18172294430590122,0.30286293086467564,30657088000.0,10874894000.0,18353567000.0,12303521000.0,9638524000.0,10056488000.0,1428769000.0,1762692000.0,0.8838847025985488,0.35472690687386876,0.958438373316808,0.7831592898037565,0.7322467690856582,-4.528680420491874,0.7322467690856582,-4.528694748296668,3.213499423996649,12083379000.0,47681000.0,897801000.0,2534723000.0,0.003875394693925422,0.0015553010122814012,0.038734356943734075,1.0,1.0595375040186465,29996400640.0,0.743,,DREDGECORP.NS,,,,,0.37302721560686014,81.50537634408602,55.59139784946237,63.646170442286945,,5.913978494623649,,53.60262008733624,67.81485468245425,87.27735368956743,12.286689419795222,3.812636165577342,94.3956043956044,23.369565217391305,,83.41793570219966,52.175612166025644,Q3 (Medium)
2026-08-31,579.9439704690483,588.4500122070312,564.0999755859375,581.9500122070312,1535393,0.09356366980823383,0.08321837111247721,,,0.41172529160962784,57.8505605362987,0.6145840305879867,,0,14576000000.0,8329900000.0,2845400000.0,4367600000.0,3565800000.0,1454900000.0,541900000.0,1116900000.0,0.5714805159165752,0.1952113062568606,0.09981476399560922,0.29964324917672885,262534600000.0,68736000000.0,187294400000.0,68202200000.0,161136500000.0,129800800000.0,13888700000.0,114008900000.0,1.0078267269970764,0.26181691860806156,1.2414137663250149,0.36307634467584177,-0.07460431334954387,-0.21997641003645718,-0.0019104485788042913,-0.41056597658307337,-0.10477986390095928,,,,,,,,0.0,,189810196480.0,0.16,0.34,BRIGADE.NS,,,,,0.35945752471226367,63.655913978494624,81.29032258064515,23.300970873786408,,33.44086021505376,,79.80349344978166,66.41550053821314,24.55470737913486,25.085324232081913,34.531590413943356,18.24175824175824,80.0,25.57117750439367,85.95600676818951,49.45650841169842,Q3 (Medium)
2026-08-31,1166.199951171875,1182.0,1154.4000244140625,1172.0,8601555,-0.07094728497820058,-0.07131303685197865,,,0.213558045251172,32.81777053912036,0.6328155348046242,,0,80705000000.0,37540000000.0,3033000000.0,12153000000.0,6781000000.0,4435000000.0,1178000000.0,1255000000.0,0.465150858063317,0.037581314664518924,0.054953224707267205,0.15058546558453628,575305000000.0,71952000000.0,188570000000.0,383428000000.0,299331000000.0,157341000000.0,11204000000.0,80473000000.0,0.18765452705592706,0.12506757285266076,1.9024348389803039,1.3909788294214478,0.07374737234240714,1.007695789950204,-0.0555516547301409,-0.6871914233319227,-0.50681762843925,331186000000.0,33114000000.0,36059000000.0,66677000000.0,0.08636301991508184,0.0575590339037554,0.0791844174096359,1.0,1.8438054597126738,976276094976.0,0.242,0.68,DRREDDY.NS,-927000000.0,-4629000000.0,-3702000000.0,41199000000.0,0.4309004964173662,22.043010752688172,13.655913978494624,24.811218985976268,,93.76344086021506,,93.12227074235808,12.701829924650163,33.460559796437664,53.242320819112635,83.66013071895425,53.956043956043956,88.69565217391305,51.14235500878734,41.96277495769882,51.08116817835534,Q3 (Medium)
2026-08-31,1241.0,1280.0,1210.0,1227.699951171875,95301,-0.048515922876314344,-0.09334615367625831,,,0.6746600186306642,53.18796202311633,0.5630749001311905,,0,4024485000.0,432053000.0,300392000.0,384383000.0,321695000.0,189198000.0,64405000.0,67387000.0,0.10735609649433406,0.07464110314735922,0.04701172945109747,0.09551110266282518,10129912000.0,2365440000.0,6977013000.0,3150803000.0,7778679000.0,5775232000.0,128819000.0,161631000.0,0.75074195371783,0.23351041943898426,1.3469032932356657,1.31891636561094,0.18162402635667063,-0.19417860291580946,0.22360252790626833,0.03929819164597559,0.2569628159305173,14242834000.0,846827000.0,1313979000.0,1516535000.0,0.2687654543936895,0.0835966788260352,0.23820179785408294,1.0,2.183601209961153,15637312512.0,0.767,0.04,DSSL.NS,,,,,0.2557573484432626,16.666666666666664,20.0,19.30960086299892,,3.548387096774192,,43.340611353711786,54.68245425188375,88.23155216284987,31.22866894197952,35.62091503267974,75.6043956043956,47.28260869565217,1.5817223198594026,77.32656514382403,40.96160987555171,Q1 (Lowest)
2026-08-31,116.5999984741211,124.44000244140625,115.25,118.54000091552734,22811943,0.004916936551002671,-0.002188570114069699,,,0.3593937857325609,41.7209359102471,1.7606518684762515,,0,14098300000.0,,,,,876000000.0,-1609800000.0,5614100000.0,,,0.06213515104658009,,437414500000.0,185950000000.0,377978200000.0,46231200000.0,,,34798600000.0,,4.022175500527782,0.425111650391105,,,-0.6291267907970264,-0.6679931779420125,-0.2948664085866619,-0.16840706284412377,,80393500000.0,5466300000.0,,,0.11823833255463842,0.012496842240026337,,1.0,,112201859072.0,,1.27,EDELWEISS.NS,,,,,0.3178694817182114,41.72043010752688,50.10752688172043,79.71952535059332,,48.6021505376344,,71.72489082969432,27.233584499461788,,,20.806100217864923,2.5274725274725274,0.6521739130434783,71.0896309314587,98.13874788494078,47.488148912094104,Q2 (Low)
2026-08-31,137.6999969482422,137.80999755859375,126.0,129.4600067138672,175926,0.022429346909501824,-0.05496750476203627,,,0.4935897642872334,45.56344144691815,0.8644584009833988,,0,2067600000.0,551110000.0,162100000.0,277710000.0,198280000.0,157370000.0,39160000.0,1750000.0,0.26654575353066357,0.07840007738440705,0.07611240085122847,0.13431514799767846,4134930000.0,77790000.0,1484210000.0,2649370000.0,3424240000.0,1349980000.0,241880000.0,500000.0,0.029361697309171614,0.018812894051410785,2.5365116520244744,2.5361412761670543,0.003343507820120273,0.12866671448038436,0.1665472435835953,-0.12901261899490812,-0.0556651251360174,8081580000.0,575730000.0,658690000.0,1052180000.0,0.2173082657386473,0.1392357307137001,0.24152964989219555,1.0,3.611701770042056,7767600640.0,,1.85,ECOSMOBLTY.NS,,,,,0.3428881870764226,25.913978494623656,59.03225806451613,42.61057173678533,,17.41935483870968,,32.4235807860262,35.952637244348765,,69.6245733788396,56.644880174291934,32.857142857142854,41.41304347826087,81.195079086116,23.011844331641285,44.53992963142016,Q2 (Low)
2026-08-31,564.0,569.0,546.0,548.6500244140625,1706295,-0.1580603025260583,0.00100355565157062,,,0.412172633179048,19.55951810581874,0.4129870145278208,,0,4056907000.0,3219138000.0,1056120000.0,1417814000.0,1202175000.0,868438000.0,312529000.0,23242000.0,0.7934956359610905,0.26032640136931906,0.21406406407640105,0.3494815138725142,,,,,,,,,,,,,-0.07781073569295238,-0.48655609146989653,0.17056440560106423,-1.5213708258839322,-1.927421997698802,16149487000.0,3824937000.0,4185539000.0,5466290000.0,,,,0.0,,77823188992.0,0.116,,BORORENEW.NS,,,,,0.32757318297110033,43.225806451612904,2.1505376344086025,9.816612729234087,,33.22580645161291,,67.68558951965066,1.6146393972012916,20.99236641221374,,26.47058823529412,17.912087912087912,71.95652173913044,,,36.336703765496445,Q1 (Lowest)
2026-08-31,1860.0999755859375,1945.0,1756.300048828125,1769.0999755859375,1509684,0.1366614930836627,0.07977291822771848,,,0.5234516357566888,42.03877811377388,0.5277743622381053,,0,11523580000.0,3954020000.0,2156300000.0,2830960000.0,2334890000.0,1643420000.0,543680000.0,148790000.0,0.34312427214459396,0.18712066909762418,0.1426136669333662,0.24566671121300845,,,,,,,,,,,,,0.04070399092556842,-0.1321324651595085,0.2330539849939437,0.15996837900026817,0.20648125261031502,,,,,,,,0.0,,162801909760.0,,0.06,ECLERX.NS,,,,,0.20213492165088687,63.01075268817205,88.06451612903226,17.25997842502697,,13.333333333333329,,77.40174672489083,27.879440258342303,,,38.67102396514161,44.83516483516484,80.1086956521739,3.3391915641476277,,46.92692290502839,Q2 (Low)
2026-08-31,6.659999847412109,6.739999771118164,6.53000020980835,6.579999923706055,86839475,-0.02518519648799189,-0.1047619035261752,,,0.5826655620021978,33.333352956239935,0.9099645442674568,,0,1519080000.0,1079470000.0,-276190000.0,-106820000.0,-142200000.0,-135840000.0,-7350000.0,19250000.0,0.7106077362614214,-0.18181399267977988,-0.08942254522474129,-0.07031887721515655,12083560000.0,354490000.0,3934380000.0,8013380000.0,6826770000.0,2748130000.0,802170000.0,30510000.0,0.04423726317733591,0.02933655313500326,2.484151040889623,2.47304894601056,0.0016484458452570294,-3.3212576896787422,0.08907895585841996,-1.8842598619971358,-1.617242574829539,5356960000.0,-391080000.0,-308820000.0,-298460000.0,-0.04880337635304952,-0.03236463426341244,-0.03690544905692847,0.0,1.7379646395598647,23930494976.0,0.446,,EASEMYTRIP.NS,,,,,0.33292140119194386,13.440860215053762,30.32258064516129,45.73894282632146,,8.172043010752688,,50.109170305676855,13.670613562970937,58.842239185750635,68.43003412969283,5.337690631808279,32.637362637362635,8.26086956521739,,25.380710659898476,34.02287449171115,Q1 (Lowest)
2026-08-31,160.00999450683594,163.5,138.2100067138672,141.85000610351562,1196572,-0.1039731647332377,0.24637561854340428,,,0.5376312435582392,25.45455142797485,2.128335297653871,,0,1431687000.0,931396000.0,273459000.0,341708000.0,294086000.0,272099000.0,19001000.0,2626000.0,0.6505583971915649,0.19100473776740307,0.19005480946603553,0.23867507353213377,5490826000.0,86298000.0,1075900000.0,4413072000.0,3354029000.0,927806000.0,131782000.0,1032487000.0,0.019555085437083283,0.015716761011913327,3.6150111122368256,2.5021847239616903,0.1803094207964544,2.1364794301061636,0.10567958555753254,2.138469168838958,0.7837332762607729,4673415000.0,346136000.0,429549000.0,632114000.0,0.07843425169587082,0.06303896717907287,0.0954686989511865,1.0,2.6833243668621076,12617139200.0,0.637,,BOROSCI.NS,,,,,0.4094290273314841,85.48387096774194,6.989247311827956,87.37864077669903,,11.397849462365599,,39.082969432314414,5.166846071044134,80.6615776081425,84.1296928327645,92.15686274509804,75.16483516483517,32.17391304347826,,19.627749576988155,51.29427033288664,Q3 (Medium)
2026-08-31,536.3499755859375,627.7000122070312,526.9000244140625,575.4500122070312,11263344,0.4469449196483013,0.6800969192135551,,,0.61196923789474,74.01726130430512,1.0338821360268498,,0,1567599000.0,1228874000.0,572578000.0,1293223000.0,686779000.0,438821000.0,147443000.0,100515000.0,0.7839211430984582,0.36525795181038007,0.279931921365094,0.8249705441251238,,,,,,,,,,,,,0.6390158370685897,5.8186493877804715,3.341152915242785,-16.443830506088545,4.0694747157977265,3662298000.0,311578000.0,312119000.0,2640810000.0,,,,0.0,,118230745088.0,0.915,,E2E.NS,,,,,0.1930828069233443,98.9247311827957,99.46236559139786,53.29018338727076,,5.483870967741936,,72.16157205240175,91.81916038751345,95.16539440203562,,96.51416122004358,92.74725274725274,61.08695652173913,,,67.7770432306795,Q5 (Highest)
2026-08-31,71.0,71.0,66.0,67.2300033569336,39481,-0.1765065671294207,0.05376182070360591,,,0.618770864812393,16.989584627283946,1.4733414065518333,,0,175652000.0,85045000.0,-10437000.0,4313000.0,-2697000.0,-6442000.0,0.0,3745000.0,0.48416755858174115,-0.05941862318675563,-0.03667478878691959,0.024554232231913102,,,,,,,,,,,,,-0.3886729150207602,-1.1604363310337957,-0.14778786393871324,-0.44128360797918476,-0.7389383209248834,899829000.0,10651000.0,28986000.0,70107000.0,,,,0.0,,684569920.0,0.791,1.49,ALKALI.NS,,,,,0.37422823561969426,57.74193548387097,1.7204301075268817,72.38403451995686,,5.053763440860209,,7.969432314410481,1.0764262648008611,89.44020356234097,,12.962962962962962,4.725274725274725,14.728260869565219,75.92267135325132,,36.2483597069881,Q1 (Lowest)
2026-08-31,710.0,735.0,703.0,709.7999877929688,462683,-0.00042245853159084135,0.2084787899835625,,,0.31082981687995986,55.41521397795261,0.7149134785295733,,0,7852700000.0,5551500000.0,1301700000.0,1837900000.0,1391300000.0,993500000.0,299200000.0,98600000.0,0.7069542959746329,0.1657646414608988,0.12651699415487666,0.23404688833140194,,,,,,,,,,,,,0.057759398698797204,-0.13893222395562488,0.1141268107203155,0.028361453265707492,-0.039659316543003476,28490100000.0,3750300000.0,4468400000.0,7143400000.0,,,,0.0,,45922197504.0,-0.185,0.99,AGI.NS,,,,,0.1749058423776786,82.15053763440861,46.98924731182796,29.23408845738943,,65.48387096774194,,59.49781659388647,61.571582346609254,4.198473282442748,,38.23529411764706,49.45054945054945,71.19565217391305,63.2688927943761,,51.418400342052806,Q3 (Medium)
2026-08-31,7900.0,8067.5,7852.0,8020.0,2750540,0.10093526437960687,0.13724169231669325,,,0.25853462999470295,72.0194191384486,0.918466293210391,,0,64887400000.0,26091600000.0,13130700000.0,22244300000.0,19468800000.0,14625100000.0,4627200000.0,216500000.0,0.4021058017427112,0.20236132130429021,0.22539198673394217,0.34281385908512285,,,,,,,,,,,,,0.08854490826095929,-0.037790716799894764,0.31201750235561976,0.21347969665289335,0.23172291591683059,245206900000.0,57725200000.0,52530500000.0,84324400000.0,,,,0.0,,2201664094208.0,0.226,1.02,EICHERMOT.NS,,,,,0.4477927797334652,71.93548387096774,82.58064516129032,46.27831715210356,,82.79569892473118,,97.27074235807859,90.95801937567278,32.31552162849873,,44.771241830065364,58.57142857142858,96.84782608695653,64.76274165202109,,64.60584444078764,Q5 (Highest)
2026-08-31,275.0,275.0,255.3000030517578,260.70001220703125,52328,0.1227390854149828,0.15810053529466828,,,0.38437956368727044,80.44924646268554,0.7884587278009555,,0,1018637000.0,483699000.0,108331000.0,147472000.0,106070000.0,60811000.0,22991000.0,22261000.0,0.4748492348108306,0.1063489741684231,0.0596984009023823,0.14477384976198587,4127611000.0,727422000.0,1673150000.0,2453720000.0,1688500000.0,1476647000.0,11215000.0,818896000.0,0.2964568084378006,0.17623317701207794,1.1434689536497213,0.588904457192545,0.14332967801387086,0.3200842269786828,0.09716907056374091,0.5440142186111463,0.15931638444727447,3717778000.0,199435000.0,361063000.0,526517000.0,0.08127862999853284,0.04831729540404849,0.11350106345457071,1.0,1.8793536018776962,3240080640.0,0.136,,DYNPRO.NS,,,,,0.22169779586952115,75.80645161290323,86.02150537634408,35.59870550161812,,40.32258064516129,,22.270742358078603,96.77072120559743,21.946564885496183,18.941979522184297,67.75599128540306,68.68131868131869,33.69565217391305,,52.45346869712352,51.351045463009434,Q3 (Medium)
2026-08-31,41054.83656174334,43650.0,40836.27481840194,42950.0,205128,0.023863453088258657,0.18413139860874894,,,0.2280343762371221,64.74827266459508,1.5959436803641267,,0,55657000000.0,19348000000.0,6658000000.0,9379000000.0,8221000000.0,5700000000.0,2399000000.0,137000000.0,0.34762922902779525,0.1196255637206461,0.10241299387318756,0.1685142929011625,216797000000.0,1188000000.0,68345000000.0,148452000000.0,129233000000.0,65709000000.0,3964000000.0,21242000000.0,0.008002586694689192,0.005479780624270631,1.9667473253283416,1.6434734967812628,0.13920501064352386,0.0702215546376268,0.13340528652303174,0.02981029810298108,0.06121294410500111,200347000000.0,27732000000.0,22584000000.0,40604000000.0,0.18680785708511843,0.12791689921908514,0.1509222133119487,1.0,2.359524808922633,,0.65,0.63,BOSCHLTD.NS,,,,,0.5170457729226464,78.38709677419354,59.67741935483871,75.94390507011866,,91.29032258064517,,,81.16254036598492,81.80661577608143,56.8259385665529,53.05010893246187,67.91208791208791,94.67391304347827,48.154657293497365,14.382402707275805,63.55113389181442,Q5 (Highest)
2026-08-31,398.0,414.95001220703125,394.6499938964844,401.8999938964844,1467452,0.11561413989308633,0.22439236684116293,,,0.6199555900912965,31.609931457997888,0.12073144129905924,,0,3491011000.0,677091000.0,351375000.0,391826000.0,363209000.0,249527000.0,85095000.0,28587000.0,0.1939526973704752,0.10065135858924536,0.07147700193439666,0.11223854636951874,,,,,,,,,,,,,-0.017882306604868337,0.03231478263747545,0.054117006921036825,0.05890615584393544,0.10000757994738962,12653616000.0,897541000.0,1249198000.0,1434844000.0,,,,0.0,,19475527680.0,0.091,0.12,DYCL.NS,,,,,0.17412986294949404,83.54838709677419,84.6236559139785,1.186623516720604,,4.946236559139777,,46.724890829694324,11.08719052744887,19.46564885496183,,49.34640522875817,27.032967032967033,51.63043478260869,7.5571177504393665,,39.14330387289942,Q1 (Lowest)
2026-08-31,37.279998779296875,42.130001068115234,37.279998779296875,40.869998931884766,7312476,-0.039206641115040686,-0.12645841999723761,,,0.367784730242371,42.11333285448287,1.2241214972396843,,0,3581314000.0,206129000.0,-333358000.0,-237612000.0,-313957000.0,-257313000.0,-86450000.0,29806000.0,0.057556807361767215,-0.09308259482413438,-0.07184876835708905,-0.066347714833159,,,,,,,,,,,,,-0.15818069203656104,-1.4482063073184752,-0.11673948837039527,1.7420104218838248,-6.366730660643704,13546054000.0,144908000.0,249411000.0,658580000.0,,,,0.0,,7573271040.0,-0.022,0.24,DWARKESH.NS,,,,,0.22690297595549586,10.32258064516129,22.473118279569892,63.21467098166127,,44.516129032258064,,31.65938864628821,27.98708288482239,10.559796437659033,,10.893246187363834,11.098901098901099,3.260869565217391,18.629173989455182,,30.307663849890506,Q1 (Lowest)
2026-08-31,324.75,329.95001220703125,317.1000061035156,321.0,23276043,0.04153143181698016,0.11516412434802281,,,0.2889445610084661,53.18948661206331,0.6613110687669176,,0,1512770300000.0,16396600000.0,-61237600000.0,-25887700000.0,-25887700000.0,-18727000000.0,-13429400000.0,6268700000.0,0.010838790264457202,-0.0404804351328156,-0.012379275293810303,-0.017112776473731668,,,,,,,,,,,,,0.27443899320712695,-1.3329516724923283,0.3440700230872191,-1.2738257820564935,-1.2688396601249088,,,,,,,,0.0,,1371499790336.0,0.873,6.23,BPCL.NS,,,,,0.32752229491939044,69.13978494623656,66.23655913978494,26.10571736785329,,72.90322580645162,,95.74235807860262,54.79009687836383,93.89312977099237,,11.655773420479303,83.1868131868132,0.21739130434782608,98.06678383128296,,58.12917558208057,Q5 (Highest)
2026-08-31,239.85000610351562,282.0199890136719,238.25,268.05999755859375,119499,0.11237448050116305,0.09340836006857867,,,0.26049814684086015,69.78245084462701,1.1817154605661417,,0,709572000.0,-60017000.0,-669067000.0,470398000.0,407825000.0,243551000.0,16440000.0,147834000.0,-0.084581973358588,-0.9429162932020992,0.34323648621986214,0.6629320209929366,48779247000.0,9518197000.0,15903476000.0,32875771000.0,9462018000.0,1832443000.0,898339000.0,471239000.0,0.2895201149807255,0.19512800187341967,5.1636083632615035,4.9064440203597055,-0.010120991536312074,3.034772956943823,-0.4710106733921139,-1.279835925247175,-1.548926938960792,3980195000.0,909736000.0,-940467000.0,2023737000.0,0.027671928971642976,0.018650062392312042,-0.022183981456984636,1.0,1.2404370838278826,9388734464.0,0.718,1.87,DVL.NS,,,,,0.3795800954580446,65.48387096774194,84.08602150537634,61.272923408845735,,81.93548387096774,,34.49781659388647,88.26695371367062,86.38676844783714,88.90784982935153,93.89978213507625,28.79120879120879,30.326086956521742,81.37082601054482,51.438240270727576,65.11092216678378,Q5 (Highest)
2026-08-31,3.0,3.3399999141693115,2.859999895095825,3.1600000858306885,1277855,0.03947372548798156,-0.033639111846312075,,,0.36369553921470044,63.46155521433153,1.2786979638737088,,0,1002428000.0,102230000.0,53633000.0,57010000.0,53631000.0,18480000.0,11739000.0,23412000.0,0.10198238676493473,0.05350309448658657,0.018435239239127398,0.056871914990403304,3052998000.0,1046176000.0,1392533000.0,1660465000.0,2896599000.0,1332356000.0,653000.0,,0.6300500161099452,0.3426716951665216,2.1740428233895446,,0.0688643313813384,-0.2008303061754022,-0.15496842600405814,-0.4877480873711054,-0.3596036979207621,4193968000.0,109845000.0,251868000.0,265202000.0,0.06615315589307814,0.03597938812930765,0.09305556222639057,1.0,2.8079588981060586,1026764928.0,-0.2,,DUCON.NS,,,,,0.2961797078901033,31.827956989247312,65.3763440860215,65.58791801510249,,46.4516129032258,,10.480349344978166,78.57911733046286,3.816793893129771,63.310580204778155,35.40305010893246,52.63736263736264,27.065217391304348,,73.9424703891709,46.965251552914424,Q2 (Low)
2026-08-31,130.8699951171875,136.0,128.1999969482422,132.91000366210938,17192,-0.023510373476545388,-0.05361719345197613,,,0.2719941343083442,37.35369235344775,0.6094658890439978,,0,439748000.0,324347000.0,-631679000.0,-194913000.0,-232175000.0,-308993000.0,15868000.0,60950000.0,0.7375747018747101,-1.4364567888881814,-0.7026592502978979,-0.4432379453687112,9653299000.0,2530272000.0,4358429000.0,5294870000.0,1420764000.0,2040537000.0,263959000.0,604394000.0,0.4778723556952295,0.2621147443998161,0.696269658428149,0.40007605841011457,-0.6885917484758808,3.3427780354457424,-0.3574740102716959,-0.26646978807855837,-0.574292846893244,4711600000.0,-25040000.0,-262768000.0,392790000.0,-0.004729105719309444,-0.0025939318775892056,-0.033579965705414674,0.0,1.0995736172680448,1396542208.0,0.435,1.5,DTIL.NS,,,,,0.28482508900539005,26.451612903225808,31.505376344086024,22.653721682847898,,77.74193548387098,,13.755458515283841,18.29924650161464,57.88804071246819,7.679180887372014,94.22657952069716,1.7582417582417582,29.782608695652176,76.18629173989456,64.9746192893401,41.526860935639675,Q1 (Lowest)
2026-08-31,53.900001525878906,54.9900016784668,52.810001373291016,53.560001373291016,133412,-0.08973485325636343,-0.028654298763993835,,,0.42111892173979076,30.814867895994126,0.42025962284674706,,0,196169000.0,69983000.0,-1228000.0,9423000.0,3407000.0,-112695000.0,16361000.0,99741000.0,0.35674851785960066,-0.006259908548241567,-0.5744791480815011,0.048035112581498604,7136642000.0,1055722000.0,3383001000.0,2410103000.0,1596254000.0,2203329000.0,10802000.0,87631000.0,0.43804019994166227,0.14792979667468256,0.7244737395096238,0.6847016491862995,0.022171389268109687,-65.5446735395189,0.04698849838550423,-0.3619063257309809,-1.060683144215041,781243000.0,-85500000.0,22668000.0,64634000.0,-0.03547566224348088,-0.011980424406884918,0.006540434095778061,2.0,0.4817588299931536,2623141376.0,0.165,,BPL.NS,99358000.0,99093000.0,-265000.0,-857870000.0,0.33801429250249476,33.44086021505376,9.247311827956988,10.248112189859762,,31.290322580645153,,20.305676855895197,10.118406889128096,25.190839694656486,8.020477815699659,0.5446623093681917,39.56043956043956,30.10869565217391,,62.605752961082906,28.71210390346398,Q1 (Lowest)
2026-08-31,315.95001220703125,324.5,300.8999938964844,302.95001220703125,5156972,-0.0937779740672694,-0.17181513855464803,,,0.4396092581403589,22.49562885492088,0.43785057858124715,,0,881217000.0,383694000.0,142810000.0,250894000.0,182772000.0,266921000.0,-128653000.0,44504000.0,0.43541375166389207,0.1620599693378589,0.30290042066823497,0.2847130729434407,15782000000.0,1856152000.0,10934243000.0,4648044000.0,12693789000.0,9669337000.0,894162000.0,10823020000.0,0.3993404537478561,0.11761196299581803,1.3127879398556488,0.19347438195607414,0.007105142857142921,0.02246644398136799,0.05817699746268179,0.6963089594163479,0.1765969320521299,3525397000.0,948605000.0,1011828000.0,1326951000.0,0.20408692344564724,0.06010676720314282,0.15556542269021414,1.0,0.9038872512989481,37867962368.0,0.139,0.03,AGIIL.NS,,,,,0.2845254198257776,6.129032258064516,8.494623655913978,11.003236245954692,,27.204301075268816,,56.55021834061136,3.229278794402583,22.264631043256998,28.668941979522184,48.80174291938998,33.73626373626374,2.608695652173913,0.7029876977152899,60.236886632825716,27.308722668757586,Q1 (Lowest)
2026-08-31,10356.0,11844.0,10356.0,11401.0,87035,0.05126786537574923,0.06016366003347584,,,0.3815565177001787,76.93050193050193,1.6579975693607842,,0,4331600000.0,2137200000.0,292600000.0,491100000.0,297600000.0,125600000.0,27200000.0,144800000.0,0.49339735894357745,0.06755009696186166,0.02899621387016345,0.11337611967864068,18495300000.0,6378900000.0,10560100000.0,7935200000.0,9251300000.0,6701900000.0,525200000.0,4118400000.0,0.8038738784151628,0.3448930268770985,1.3803995881764872,0.7658872856951013,0.01951185068373862,1.1767764298093586,0.1378884598208423,-0.21939092604101929,-0.027909738717339705,16213400000.0,324100000.0,1060600000.0,1848200000.0,0.04084333098094566,0.01752337080231194,0.07409477368468853,1.0,1.6957843343984687,77429243904.0,,0.09,DYNAMATECH.NS,,,,,0.36117874120756616,59.24731182795699,68.9247311827957,77.23840345199568,,41.075268817204304,,67.35807860262008,94.07965554359527,,33.617747440273035,85.5119825708061,38.681318681318686,36.30434782608696,5.360281195079086,80.20304568527918,55.84014485500074,Q4 (High)
2026-08-31,1264.5,1293.300048828125,1224.0999755859375,1242.699951171875,571102,0.021621116598119938,0.026770140491295003,,,0.38341670835562064,59.51182493418908,1.4283288317805904,,0,19099270000.0,2074210000.0,712500000.0,900500000.0,752580000.0,280090000.0,128190000.0,173110000.0,0.10860153293816989,0.037305090718126925,0.014664958398933572,0.047148398865506376,36002630000.0,6771520000.0,18477170000.0,16886100000.0,25084360000.0,15875700000.0,1468760000.0,8416770000.0,0.40101148281722837,0.18808403719394945,1.5800474939687699,1.0498806351845902,0.119195343969416,0.01386375153840591,0.42632346966818413,0.09043837109709574,0.6021136157418114,65912120000.0,1150350000.0,2226600000.0,2770110000.0,0.06812407838399631,0.0319518324077991,0.0941176669504371,1.0,2.8633065417720873,54086119424.0,,,ENTERO.NS,,,,,0.32313042006221526,51.075268817204304,58.817204301075265,71.30528586839266,,40.53763440860215,,61.46288209606987,70.82884822389667,,41.80887372013652,47.82135076252723,64.72527472527473,58.58695652173913,,60.575296108291035,55.16965837021397,Q4 (High)
2026-08-31,182.9499969482422,200.1999969482422,173.0,196.0500030517578,77222,0.15513788381850935,0.1407541158820944,,,0.3848887469267711,54.75159578667651,0.7273789449676235,,0,509324000.0,197842000.0,72868000.0,98303000.0,89338000.0,47843000.0,25941000.0,15553000.0,0.38844036409044147,0.14306806669232158,0.09393431293243594,0.19300680902529627,2579749000.0,688152000.0,1476283000.0,1103466000.0,2022587000.0,1160071000.0,70393000.0,840316000.0,0.623627732979539,0.2667515328041604,1.7435027683650397,1.0191367597328094,1.5558209554395823,2.657442091583212,0.47977140599260304,-3.8812405901836797,-29.19936890418818,1740443000.0,47005000.0,133391000.0,184611000.0,0.04259759702609777,0.018220764888367047,0.07445281304385198,1.0,1.7889841220987002,2323409152.0,0.311,,AFFORDABLE.NS,,,,,0.23194662177989744,72.47311827956989,90.21505376344085,29.989212513484357,,40.0,,19.104803493449783,59.311087190527445,40.64885496183206,47.95221843003413,93.4640522875817,97.25274725274726,35.32608695652174,,73.43485617597293,56.611472753677475,Q4 (High)
2026-08-31,230.72999572753906,235.00999450683594,227.10000610351562,229.47999572753906,1831813,-0.0032143405839645256,-0.05873669870782838,,,0.4340058389985141,30.00705368494509,0.8026190930995064,,0,5910468000.0,784646000.0,116975000.0,265138000.0,123662000.0,242000.0,9752000.0,113668000.0,0.1327553080399048,0.019791156977755398,4.094430424122083e-05,0.044859053462433095,25056348000.0,7389732000.0,15453048000.0,9603300000.0,13446409000.0,13176939000.0,157765000.0,8365905000.0,0.7694992346380931,0.29492454367252563,1.020450121230735,0.3855602579627939,0.3817465857664719,-0.9906534837015294,-0.08115495428913533,-0.999358345485881,-0.6529243899884805,18944553000.0,32587000.0,587283000.0,1237299000.0,0.0033933127154207408,0.0013005486673476918,0.03456022444964501,1.0,1.3218455299231955,22082510848.0,1.056,,EPACK.NS,,,,,0.2828863520898962,25.376344086021508,44.623655913978496,37.001078748651565,,28.92473118279571,,48.799126637554586,9.364908503767493,97.58269720101781,13.48122866894198,15.032679738562091,86.92307692307692,25.869565217391305,,79.18781725888326,44.14446067204285,Q2 (Low)
2026-08-31,334.0,343.0,318.6000061035156,324.3500061035156,2739445,0.004314518057022099,-0.11911998368246646,,,0.3547849017753141,55.17109877568942,2.1117287694454676,,0,2033670000.0,1464370000.0,530360000.0,705690000.0,603770000.0,429630000.0,145520000.0,5730000.0,0.7200627437096481,0.2607896069667153,0.21125846376255736,0.34700320110932453,18387610000.0,320090000.0,1556390000.0,16319570000.0,10435740000.0,1067220000.0,1087550000.0,1772770000.0,0.019613874630275186,0.017407917614089052,9.778433687524597,8.11732351342741,0.182716968403422,0.010894117647058721,0.2164625939860867,0.622347254739068,0.2984893370379229,7457580000.0,1687190000.0,1889730000.0,2752550000.0,0.10338446417399479,0.09175689499614142,0.11356782530412281,1.0,2.3678794035766475,36319465472.0,0.695,0.79,ADVENZYMES.NS,,,,,0.39628511330563687,11.612903225806452,49.89247311827957,87.16289104638619,,50.10752688172043,,55.67685589519651,60.81808396124866,85.1145038167939,94.7098976109215,47.276688453159046,75.82417582417582,60.76086956521739,55.88752196836555,19.796954314720814,56.97608971213278,Q4 (High)
2026-08-31,213.1999969482422,217.9499969482422,212.30999755859375,214.1999969482422,2144619,0.052890259426412456,-0.09036860525476986,,,0.2892342251346999,56.88525318042846,0.5593339634611507,,0,21626680000.0,7646820000.0,-340340000.0,871000000.0,-170270000.0,-303080000.0,-52590000.0,364390000.0,0.3535827043263229,-0.015737043318715588,-0.014014171384604571,0.040274327821006276,90284980000.0,15939040000.0,36730360000.0,48267060000.0,45607910000.0,21285360000.0,2462830000.0,19938350000.0,0.3302260382132245,0.1765414357958544,2.142689153483897,1.205972555784821,-0.10767439432817949,0.06590701273123734,0.12037050947643269,-0.6050663261317141,2.154197146375027,85479440000.0,-1402230000.0,-1448320000.0,3966620000.0,-0.02905148977377118,-0.015531154794518423,-0.02255735825723724,0.0,2.0122781552368956,103963951104.0,,,FIRSTCRY.NS,,,,,0.24223588934634738,17.634408602150536,70.10752688172043,18.878101402373247,,72.58064516129032,,70.52401746724891,64.47793326157158,,62.116040955631405,52.39651416122004,15.604395604395604,4.3478260869565215,,54.483925549915405,46.8767556756316,Q2 (Low)
2026-08-31,1286.0,1404.300048828125,1280.300048828125,1358.199951171875,93436,0.03120490194197556,-0.021610719676711465,,,0.251610908808727,59.44582640219173,2.0162930728910786,,0,3080200000.0,1132700000.0,433200000.0,592000000.0,524100000.0,381500000.0,133300000.0,9300000.0,0.3677358613077073,0.14064021816765146,0.12385559379261087,0.19219531199272774,14325237000.0,12263000.0,1577839000.0,12747398000.0,10603357000.0,1363040000.0,227559000.0,3305551000.0,0.0009620002450696212,0.0008560416836384627,7.779197235591032,5.3540659114919595,0.13887451009391416,-0.046964776417686704,0.004860861905849445,0.5181058495821727,0.37770537584361175,12418400000.0,1457200000.0,1727600000.0,2243200000.0,0.11431352500329871,0.1017225753402893,0.13539544663451483,1.0,3.007466305793056,22574739456.0,0.173,0.03,BHARATRAS.NS,,,,,0.40039889069509305,35.913978494623656,62.1505376344086,85.76051779935275,,84.73118279569893,,49.34497816593886,70.6135629709365,26.463104325699742,93.34470989761093,44.226579520697165,67.80219780219781,59.56521739130435,0.7029876977152899,8.460236886632826,52.60531942552115,Q4 (High)
2026-08-31,163.47999572753906,172.0,162.85000610351562,164.42999267578125,3811259,-0.016684658082495307,-0.02200685243309297,,,0.3084209280090293,49.0021367891756,1.657517190272685,,0,13138800000.0,6276300000.0,3058100000.0,3849700000.0,3587600000.0,2612500000.0,897600000.0,77500000.0,0.4776920266691022,0.2327533716930009,0.19883855451030535,0.293002405090267,75955700000.0,4456400000.0,13808600000.0,62147100000.0,39685700000.0,11196200000.0,314000000.0,10259600000.0,0.07170728803113903,0.058671041146352416,3.5445686929493934,2.6282220753469927,0.4636722144241696,1.2506030323914543,0.12123979143376484,0.5873739214971443,0.5022047059741679,41134300000.0,5990500000.0,5721100000.0,9323700000.0,0.09639226930942876,0.07886834036155285,0.08589788824911604,1.0,2.293003948354106,101669355520.0,0.605,1.2,FINPIPE.NS,,,,,0.48554437894544306,35.80645161290323,35.16129032258065,77.13052858683926,,66.23655913978494,,70.3056768558952,44.77933261571582,77.09923664122137,83.10580204778158,86.71023965141612,89.8901098901099,85.65217391304348,68.54130052724078,30.118443316412858,63.36914300806301,Q5 (Highest)
2026-08-31,160.0500030517578,166.16000366210938,153.14999389648438,154.9600067138672,1944708,0.1508356014705552,0.23101374400180652,,,0.6884985814976428,26.950603124957752,0.044351906176494746,,0,3111000000.0,,,,,71000000.0,-30000000.0,288800000.0,,,0.022822243651558983,,53119000000.0,15353000000.0,45066900000.0,8052100000.0,,,13506000000.0,,1.9067075669701072,0.28903029047986595,,,-0.14767123287671235,-0.6151761517615176,-0.285960201060387,-0.6927736910428386,,15687000000.0,673100000.0,,,0.08359309993666249,0.012671548786686497,,1.0,,12895523840.0,0.583,,FINOPB.NS,,,,,0.24517221421974644,84.08602150537634,89.78494623655914,0.10787486515641855,,2.795698924731184,,39.956331877729255,6.8891280947255105,75.25445292620864,,22.54901960784314,12.197802197802197,5.6521739130434785,,95.43147208121827,42.313661482026234,Q2 (Low)
2026-08-31,223.89999389648438,244.0,219.11000061035156,240.88999938964844,3514553,-0.010797970712365434,0.28644548754283505,,,0.5746406691368675,64.58794165979612,1.2303162899120732,,0,5742778000.0,746166000.0,203918000.0,302352000.0,209651000.0,132531000.0,52640000.0,24480000.0,0.1299311935791354,0.03550859880009292,0.023077855351538924,0.05264908377095545,7366504000.0,1100995000.0,5069905000.0,2296599000.0,3555816000.0,4055714000.0,153086000.0,602472000.0,0.4794023684587514,0.1494596351267847,0.8767422949448606,0.7281933588019274,0.16958997392709452,0.3386428831158337,0.4615920847516941,0.16372656627299476,0.2604039435562875,19509514000.0,422312000.0,638639000.0,1030664000.0,0.18388582421223731,0.05732868671489216,0.18796801501297683,1.0,3.097361149875165,15127891968.0,0.888,0.62,BHARATSE.NS,,,,,0.3577347456463982,88.81720430107526,39.89247311827957,63.43042071197411,,8.709677419354833,,42.903930131004365,80.94725511302477,94.14758269720102,10.921501706484642,68.62745098039215,73.73626373626374,44.565217391304344,47.45166959578208,65.31302876480541,55.29757837779641,Q4 (High)
2026-08-31,4800.0,5199.89990234375,4768.60009765625,5162.10009765625,111125,0.041104600967780014,0.1303843848428996,,,0.2691300217561611,63.767489757997716,2.088395227988207,,0,6253236000.0,2520649000.0,1117991000.0,1635419000.0,1454997000.0,1174888000.0,253011000.0,27098000.0,0.40309513346369785,0.1787859917649038,0.18788480076555564,0.2615316293835704,29988111000.0,682045000.0,3342883000.0,26645228000.0,23201960000.0,2733725000.0,1883261000.0,4024890000.0,0.02559726642234024,0.022743846719788387,8.487305782403132,7.014996021911494,0.12710723066163898,0.5890887499374449,0.030544699693171973,0.2097730146504606,0.12412601832783898,23657978000.0,4170743000.0,4265429000.0,6034729000.0,0.15652870375138092,0.13907988402470567,0.15608688799647152,1.0,3.0120159719296757,158269865984.0,,0.21,FINEORG.NS,,,,,0.43141868088340857,70.96774193548387,65.91397849462366,86.6235167206041,,79.35483870967742,,76.85589519650655,79.33261571582347,,94.02730375426621,76.36165577342048,65.93406593406593,68.47826086956522,15.817223198594025,21.489001692047378,63.41040653297856,Q5 (Highest)
2026-08-31,991.0,1042.8499755859375,988.0,1024.6500244140625,1344726,-0.020972627253871612,-0.04550533356864228,,,0.48159694130477043,52.23375811762486,1.2644742255667407,,0,19510800000.0,3407300000.0,1637800000.0,3204900000.0,3038200000.0,2244300000.0,789500000.0,4400000.0,0.17463661151772353,0.08394325194251388,0.11502859954486745,0.16426286979519036,69899600000.0,191400000.0,9040800000.0,60858800000.0,35319700000.0,4196100000.0,1631300000.0,10231700000.0,0.003144984784451879,0.002738213094209409,8.417268415910012,5.978885155263221,0.22047766198346075,0.3682253246357374,0.22356984284262937,0.1706744562099003,0.16805160726000445,63210100000.0,7137200000.0,5601000000.0,9896700000.0,0.11727474087560057,0.10210644982231658,0.09174417119026637,1.0,2.8009716793801394,156709306368.0,0.584,0.78,FINCABLES.NS,,,,,0.5769549854430492,28.9247311827957,33.01075268817204,64.72491909385113,,19.032258064516128,,76.63755458515283,52.529601722282024,75.50890585241731,93.85665529010238,69.6078431372549,79.45054945054945,84.56521739130434,55.711775043936726,10.829103214890017,56.29265778114834,Q4 (High)
2026-08-31,0.18000000715255737,0.1899999976158142,0.18000000715255737,0.18000000715255737,68562670,-0.05263152941442195,-0.2799999713897705,,,0.4120599463882921,0.0,0.9980653659113925,,0,229565000.0,16764000.0,-7183000.0,-658000.0,-2705000.0,3136000.0,845000.0,-6686000.0,0.0730250691525276,-0.03128961296364864,0.013660618996798293,-0.0028662905930782133,25462029000.0,529144000.0,2313542000.0,23145447000.0,3150761000.0,1784398000.0,25808000.0,295477000.0,0.022861688521288875,0.02078169025728468,1.7657277132119629,1.6001385341162677,0.026553144298318232,5.4526748971193415,-0.6566554095487083,-0.8180235594498926,-1.0200677056329868,1154422000.0,28319000.0,34382000.0,47984000.0,0.0012235235724762628,0.0011122051585127015,0.0014522742969456156,1.0,1.3820091438903002,1500133120.0,0.407,,FILATFASH.NS,,,,,0.4850425254757668,1.2903225806451613,18.9247311827957,51.56418554476807,,33.33333333333334,,15.065502183406112,0.16146393972012918,53.9440203562341,48.80546075085324,96.40522875816994,41.318681318681314,18.478260869565215,,21.150592216582066,36.69611886898363,Q1 (Lowest)
2026-08-31,197.47999572753906,208.5800018310547,197.47999572753906,201.1699981689453,943885,-0.06701603411311063,-0.13538488093822632,,,0.41825389725795326,50.43319803452917,1.167742612864265,,0,1414845000.0,680239000.0,235269000.0,301385000.0,240305000.0,164638000.0,54765000.0,20902000.0,0.48078694132572825,0.16628605960370219,0.1163646901250667,0.2130162667995434,9899239000.0,748966000.0,1790933000.0,8108306000.0,4383321000.0,667248000.0,535000.0,1171276000.0,0.0923702188841911,0.07565894711704607,6.569253111286958,4.8138698055295785,-0.009337058353989014,-0.09780476310511488,-0.17662439542187924,-0.20079804663038892,-0.191598536543496,5905431000.0,724557000.0,1069756000.0,1317721000.0,0.08935984902395148,0.07319320202290297,0.12077714221715219,1.0,2.273846858329211,13804870656.0,,,BHARATWIRE.NS,,,,,0.4439739704530678,9.247311827956988,15.053763440860216,60.73354908306364,,32.043010752688176,,41.375545851528386,48.008611410118405,,91.6382252559727,40.41394335511983,29.120879120879124,45.0,,32.31810490693739,42.99686300034166,Q2 (Low)
2026-08-31,74.12999725341797,85.37999725341797,72.69000244140625,83.33000183105469,36485515,0.3647232223533008,0.966721829873501,,,0.5315895680366562,71.04651032126844,0.8782849063778329,,0,11453000000.0,2037700000.0,578000000.0,882700000.0,686000000.0,485200000.0,167300000.0,33500000.0,0.17791844931459005,0.05046712651706976,0.04236444599668209,0.07707150964812713,,,,,,,,,,,,,0.16216298491105952,0.21057884231536916,0.09138555364970458,0.19331037875061496,0.12288512911843275,42564200000.0,1911100000.0,2678100000.0,3518300000.0,,,,0.0,,37003382784.0,0.042,0.62,FILATEX.NS,,,,,0.18877518812102245,99.46236559139786,98.49462365591398,43.689320388349515,,12.150537634408593,,55.786026200873366,89.98923573735199,14.885496183206106,,60.893246187363836,72.41758241758241,62.71739130434783,47.45166959578208,,57.19583299310518,Q4 (High)
2026-08-31,1286.5,1497.800048828125,1282.0999755859375,1371.0,9376307,0.09034524135440392,1.0921452568185184,,,0.6116215843597097,48.73603505138412,1.096642972804093,,0,25943900000.0,7393900000.0,5714800000.0,6588200000.0,6588200000.0,4103700000.0,1411400000.0,630600000.0,0.2849957022652724,0.2202752862908044,0.15817591032959577,0.2539402325787565,144905403000.0,41499368000.0,57062210000.0,60550246000.0,59188000000.0,34681803000.0,25116028000.0,1285649000.0,0.6853707580312721,0.286389376385089,1.7066010091805204,1.669531165954665,0.5036455314709634,1.3207035005372392,0.521600666260029,0.45691766961337743,0.5197342621854166,83332100000.0,8981500000.0,12525300000.0,15791100000.0,0.14833135442587633,0.06198181581952469,0.122737357928664,1.0,1.5130625653758405,481220984832.0,,0.98,AEGISLOG.NS,,,,,0.5383718324665104,99.56989247311829,80.75268817204301,57.38942826321467,,5.591397849462368,,89.08296943231441,43.70290635091496,,46.75767918088737,87.25490196078431,90.65934065934066,90.97826086956522,62.56590509666081,75.63451776649747,65.32932587165357,Q5 (Highest)
2026-08-31,2358.10009765625,2604.89990234375,2306.10009765625,2580.300048828125,780485,0.18838338214416384,0.19531021332326026,,,0.27126577544092445,80.23786100964197,2.4286270197109956,,0,7446098000.0,2882301000.0,918800000.0,1141492000.0,963177000.0,710288000.0,236397000.0,16741000.0,0.38708878126503304,0.12339348743462683,0.0953906327851178,0.15330069520975953,17005358000.0,655509000.0,4855244000.0,12150114000.0,10396878000.0,3985801000.0,2794105000.0,2667700000.0,0.053950851819168116,0.03854720376954134,2.608478948146182,1.939178097451428,0.08563959455991799,0.1209150533086727,0.17417893709032017,0.2070203105032764,0.20874666440764122,27921397000.0,2555844000.0,3234266000.0,4167034000.0,0.21035555715773532,0.15029639481862128,0.2525660797604302,1.0,3.2815147496453765,67912617984.0,0.487,1.55,FIEMIND.NS,,,,,0.31807297250576805,80.21505376344086,93.33333333333333,90.72276159654801,,78.27956989247312,,64.8471615720524,96.44779332615715,64.3765903307888,72.52559726962457,56.209150326797385,57.47252747252747,67.71739130434783,76.80140597539543,26.903553299492383,68.39012596419859,Q5 (Highest)
2026-08-31,1987.4000244140625,2031.0,1936.0,1959.9000244140625,32037111,0.02768676495965683,0.12964810536730398,,,0.18760066182589127,63.0798519732656,1.0262669823661434,,0,585391000000.0,419687000000.0,190678000000.0,339642000000.0,197292000000.0,81674000000.0,37612000000.0,59564000000.0,0.7169344933557229,0.32572759061891965,0.13952042310182425,0.5801968257113621,5715450000000.0,2014802000000.0,3708983000000.0,1618151000000.0,1076691000000.0,1888739000000.0,91125000000.0,,1.2451260729066693,0.35251852435066355,0.5700581181412572,,0.05698298400959145,0.11498819128749105,0.22271817729895016,-0.25897766245077936,0.23901766366800192,2173665000000.0,280709000000.0,696522000000.0,1230329000000.0,0.17347515775721797,0.049114068008643236,0.191723372143818,3.0,0.720097700093606,12227145891840.0,0.01,1.22,BHARTIARTL.NS,336346000000.0,194216000000.0,-142130000000.0,,0.44584692638731993,70.86021505376344,61.29032258064516,52.96655879180151,,97.41935483870968,,100.0,77.82561894510226,12.404580152671755,5.972696245733788,55.88235294117647,49.12087912087912,99.89130434782608,69.33216168717048,91.53976311336717,62.96705385458981,Q5 (Highest)
2026-08-31,29.989999771118164,30.5,28.200000762939453,29.760000228881836,94614,-0.03969020817427216,-0.19589295923942707,,,0.29720038932189324,31.272106358543567,1.1552088635567008,,0,97207000.0,74564000.0,15042000.0,27996000.0,21109000.0,-15214000.0,32878000.0,3444000.0,0.7670641003219932,0.15474194245270403,-0.15651136235044802,0.28800395033279497,2050729400.0,120198700.0,187088400.0,1863641000.0,579602700.0,187088300.0,3644300.0,227273700.0,0.0644967029594219,0.05861265752565892,3.0980168187962582,1.8832230556373648,-0.6212040324057657,-1.3874006926054185,-0.6367940037962008,-1.4160126876486834,-0.5507341731525315,845618000.0,100150000.0,129496000.0,188181000.0,0.053738890698369485,0.048836282349099785,0.06527543530860885,1.0,1.9482786856227836,856841280.0,0.213,,FIBERWEB.NS,,,,,0.39233110669737464,4.731182795698925,22.365591397849464,59.8705501618123,,70.75268817204301,,9.27947598253275,10.54897739504844,30.725190839694655,78.49829351535837,11.002178649237472,2.9670329670329667,39.34782608695652,,28.76480541455161,34.590252891854426,Q1 (Lowest)
2026-08-31,2.5,2.569999933242798,2.2300000190734863,2.259999990463257,17562,-0.08502025737430108,-0.22068968408881606,,,0.5069176362133766,37.755104771557356,1.2229840617614451,,0,,,,,,,,,,,,,,,,,,,,,,,,,,,,,,,,,,,,,,,1117129472.0,0.428,,FELDVR.NS,,,,,0.37767675098827075,3.4408602150537635,10.75268817204301,63.10679611650486,,15.053763440860209,,11.353711790393014,19.3756727664155,56.93384223918575,,,,,,,38.66782231603041,Q1 (Lowest)
2026-08-31,1633.4000244140625,1653.9000244140625,1494.5999755859375,1538.800048828125,1014520,-0.010034611505425728,0.06207715139531356,,,0.2673818029168799,41.67190019576409,1.2125917378812414,,0,25099000000.0,15379000000.0,7297000000.0,13943000000.0,8018000000.0,4824000000.0,1706000000.0,1488000000.0,0.6127335750428304,0.290728714291406,0.19219889238615084,0.5555201402446313,198605000000.0,61264000000.0,122132000000.0,76473000000.0,32958000000.0,63101000000.0,100000000.0,,0.8011193493128294,0.3084715893356159,0.5223055102137842,,0.039855823010316094,0.07991940899932848,0.09650502402795991,0.029888983774551736,0.1470055939453767,95464000000.0,17944000000.0,27531000000.0,52055000000.0,0.23464490735292196,0.09035019259333854,0.1998809325017969,3.0,0.9708416203016037,769400045568.0,0.085,1.17,BHARTIHEXA.NS,15625000000.0,11996000000.0,-3629000000.0,48990000000.0,0.7359669429866352,59.78494623655914,40.43010752688172,62.67529665587917,,79.78494623655914,,91.8122270742358,27.018299246501616,18.829516539440203,4.948805460750854,53.48583877995643,44.61538461538462,92.6086956521739,67.66256590509666,80.03384094754654,54.912698058464386,Q4 (High)
2026-08-31,815.7000122070312,824.6500244140625,792.0,810.3499755859375,47986,0.055705410795031884,0.03228276927686968,,,0.2402371856344411,50.61270839668797,0.5425311220518915,,0,1502800000.0,,253100000.0,444000000.0,283600000.0,181200000.0,65400000.0,37000000.0,,0.1684189512909236,0.12057492680330051,0.29544849614053764,,,,,,,,,,,,,-0.02838300898687529,-0.37257617728531855,0.028610540725530376,-0.06065318818040433,0.13963039014373724,6015400000.0,827300000.0,1076800000.0,1701400000.0,,,,0.0,,12348377088.0,0.339,7.4,ALLDIGI.NS,,,,,0.17103296582144997,52.25806451612903,71.18279569892472,18.015102481121897,,87.74193548387098,,38.646288209606986,48.439181916038756,45.61068702290076,,29.520697167755994,24.725274725274726,47.934782608695656,99.12126537785588,,50.8797383472117,Q3 (Medium)
2026-08-31,0.38999998569488525,0.38999998569488525,0.36000001430511475,0.3700000047683716,882176,0.0,-0.17777774539994518,,,0.2652731266520805,40.0,1.0870818595449971,,0,,,,,,,,,,,,,,,,,,,,,,,,,,,,,,,,,,,,,,,182892880.0,0.428,,FEL.NS,,,,,0.23772129493530927,5.376344086021505,47.795698924731184,56.85005393743258,,80.75268817204301,,1.7467248908296942,24.11194833153929,56.93384223918575,,,,,,,44.90448670545221,Q2 (Low)
2026-08-31,550.0,564.0,540.9500122070312,543.25,1508330,-0.008146572104545835,0.16140555442757587,,,0.3515180817798102,39.26755139057147,0.39693322202892395,,0,8211972000.0,4608172000.0,4062237000.0,4154297000.0,4062237000.0,2714086000.0,905425000.0,,0.5611529118706201,0.4946725341976324,0.3305035623599301,0.5058829961914142,,,,,,,,,,,,,0.014343899328124632,0.007950449329626519,0.1013364411905524,-0.027641129978479118,0.06159249466366856,32125109000.0,10840158000.0,16042433000.0,16413821000.0,,,,0.0,,160360857600.0,0.584,0.37,FIVESTAR.NS,,,,,0.28607700515556417,75.91397849462366,41.39784946236559,8.737864077669903,,51.075268817204304,,76.9650655021834,22.282023681377826,75.50890585241731,,46.84095860566449,36.59340659340659,85.76086956521739,29.261862917398947,,50.0225369046353,Q3 (Medium)
2026-08-31,123.90895217215308,126.25770495021622,105.19999694824219,106.25,191710,-0.11329685428713687,-0.026944261633939037,,,0.5429983180110268,36.956102261184355,1.8861538141675376,,0,2102880000.0,988707000.0,80946000.0,155416000.0,102298000.0,50672000.0,17694000.0,33932000.0,0.47016805523853,0.03849292398995663,0.024096477212204214,0.07390626188845774,4007832000.0,728931000.0,2695941000.0,1311891000.0,2596987000.0,2103848000.0,607000.0,1011974000.0,0.5556338140897377,0.1818766355475978,1.2343985877306725,0.7533876021461626,0.11058885165002885,0.9729014172247314,0.2025747892085772,1.9575672678456781,0.17249964164736586,7841748000.0,165041000.0,296956000.0,585932000.0,0.1258038968176472,0.04117962030344585,0.14550803548766134,1.0,2.646754055559215,1631474944.0,0.493,0.81,BHARATGEAR.NS,,,,,0.45202690667476625,33.97849462365591,5.591397849462366,83.06364617044228,,11.182795698924735,,15.938864628820962,17.330462863293864,64.94910941475827,24.914675767918087,83.2244008714597,63.18681318681318,31.30434782608696,56.41476274165203,69.20473773265653,44.01896729172966,Q2 (Low)
2026-08-31,263.79998779296875,263.79998779296875,248.14999389648438,252.39999389648438,867167,-0.03682501181457143,-0.22813457524010894,,,0.3328556402495292,48.81516621950955,1.3854584784336146,,0,2513294000.0,1223838000.0,292829000.0,485090000.0,398863000.0,289782000.0,102745000.0,6336000.0,0.48694581692392536,0.11651203559949612,0.11529968240882284,0.1930096518751885,13665344000.0,662898000.0,2239878000.0,11416319000.0,7993511000.0,1529978000.0,112965000.0,3539597000.0,0.058065826646925334,0.04850942647327429,5.224592118318041,2.911096760868457,-0.20890592810479114,-0.11500732958709992,-0.020434396074712646,0.05250120765489763,0.03289973788377876,11784857000.0,1329536000.0,1567292000.0,2302443000.0,0.11645925451102059,0.09729253797050408,0.12975112542476885,1.0,2.6958846480556944,26601791488.0,0.373,0.4,FLAIR.NS,,,,,0.6364107526894879,3.010752688172043,23.225806451612904,69.57928802588997,,57.8494623655914,,51.419213973799124,44.241119483315394,50.445292620865146,89.07849829351537,39.54248366013072,8.901098901098901,54.565217391304344,31.72231985940246,27.918781725888326,43.4332890293724,Q2 (Low)
2026-08-31,4.360000133514404,4.360000133514404,3.559999942779541,3.690000057220459,324910,-0.2971428462437221,-0.47435896477973416,,,0.35964534244862223,11.834332715984601,1.4798833981297381,,0,2698000.0,822000.0,-79003000.0,6941000.0,-53053000.0,-692133000.0,566806000.0,72799000.0,0.3046701260192735,-29.282060785767236,-256.5355819125278,2.572646404744255,3241441000.0,2682211000.0,4555896000.0,-1216248000.0,1034846000.0,4312889000.0,14170000.0,88245000.0,-2.205315856634502,0.8274748792280964,0.2399426463328873,0.2194818832573711,-2.0120030007501875,1.3604804632746395,-0.9955462084995114,4.9871543126043445,-1.0720499086530477,168006000.0,-1348932000.0,-540447000.0,-265011000.0,1.109092882372674,-0.416151952171889,-0.3686634655854206,0.0,-1.7410366870783702,121116160.0,0.316,,FLEXITUFF.NS,,,,,0.7430053128391116,0.3225806451612903,0.3225806451612903,72.49190938511327,,48.38709677419355,,0.6550218340611353,0.4305705059203444,41.412213740458014,2.218430034129693,87.4727668845316,0.43956043956043955,80.97826086956522,,1.5228426395939088,32.44358895982999,Q1 (Lowest)
2026-08-31,1465.300048828125,1600.0,1461.0,1499.800048828125,3145992,0.19591745317385256,0.3650679125164573,,,0.5069020121002173,58.03853890384244,0.6940247103873081,,0,14256830000.0,3662070000.0,918640000.0,1715380000.0,1392360000.0,1073510000.0,251340000.0,59760000.0,0.25686425383482864,0.06443508129086199,0.07529794491482328,0.12031987475476666,,,,,,,,,,,,,0.17864686716937017,0.6116348896562078,0.15500053874203323,0.019903853462035492,0.06274045758963154,49942350000.0,2976550000.0,3494090000.0,5126980000.0,,,,0.0,,265809592320.0,0.722,0.33,GABRIEL.NS,,,,,0.22422594533523524,92.15053763440861,93.65591397849462,28.37108953613808,,15.16129032258064,,84.17030567685589,66.84607104413348,86.51399491094148,,77.01525054466231,75.05494505494505,68.3695652173913,24.604569420035148,,60.794235556039105,Q5 (Highest)
2026-08-31,120.0,120.0,113.30999755859375,114.38999938964844,654678,-0.02960636193659516,-0.0765318733085697,,,0.361851395484695,39.86453117421818,0.7324325937550173,,0,2677700000.0,492400000.0,-151900000.0,-40300000.0,-91100000.0,-34000000.0,-91800000.0,34500000.0,0.18388915860626656,-0.05672778877394779,-0.012697464241699966,-0.015050229674720842,10581900000.0,1360600000.0,3869500000.0,6136100000.0,7832900000.0,3111000000.0,1340700000.0,478700000.0,0.22173693388308535,0.12857804364055606,2.5178077788492446,2.363934426229508,0.08224880769541665,-1.2444284687275342,0.3103498898947883,-0.5532194480946124,-1.14275593340418,9679100000.0,403700000.0,362700000.0,753100000.0,0.06579097472335849,0.03815004866800858,0.04838128776661731,1.0,2.233558245683667,6479659008.0,0.706,2.56,ADSL.NS,,,,,0.3078948349990859,20.537634408602152,28.172043010752688,30.636461704422867,,47.31182795698925,,28.82096069868996,23.57373519913886,85.75063613231552,69.11262798634812,12.309368191721132,56.59340659340659,3.152173913043478,88.57644991212655,45.17766497461929,42.6483327121451,Q2 (Low)
2026-08-31,208.86000061035156,218.08999633789062,200.39999389648438,204.99000549316406,3806216,-0.1060962892638333,0.011048115872572373,,,0.4966616803512022,35.51416297008943,1.099790868841087,,0,3720900000.0,848100000.0,576800000.0,598800000.0,576800000.0,1141900000.0,-767800000.0,,0.22792872692090624,0.15501625950710848,0.30688811846596253,0.1609288075465613,82948000000.0,55707600000.0,58388700000.0,24559300000.0,54640400000.0,35026000000.0,18748400000.0,,2.268289405642669,0.6715966629695713,1.5599954319648262,,0.010153386724582658,7.127402135231316,-0.15595227293349057,-1.1587471500861926,0.849289684990735,16124000000.0,-1285700000.0,2472300000.0,2576000000.0,-0.05235084061842153,-0.015500072334474611,0.03080099019645707,0.0,0.9156066451270675,33150232576.0,1.038,,FUSION.NS,,,,,0.3184519166509164,46.236559139784944,6.344086021505377,57.60517799352751,,16.55913978494624,,54.69432314410481,15.931108719052745,97.32824427480917,40.784982935153586,97.49455337690632,35.27472527472528,1.1956521739130435,,96.78510998307954,47.74891085476724,Q3 (Medium)
2026-08-31,291.95001220703125,316.8999938964844,272.25,285.6000061035156,1939105,-0.051410901636652406,0.16971944167436437,,,0.4775510580649427,55.88971822239405,2.1152040374095087,,0,1580965000.0,615158000.0,111819000.0,200924000.0,118555000.0,40740000.0,7363000.0,70451000.0,0.38910285806453654,0.0707283209938234,0.025769071421568472,0.12708946750876837,11201924000.0,2346390000.0,4218696000.0,6983228000.0,4364881000.0,2455429000.0,157407000.0,1457545000.0,0.3360036361407647,0.20946312437042064,1.7776449655029731,1.1840440102320207,0.3871545417375175,-0.11737943585077348,0.2892975333993355,-5.607554851843474,1.7174659850144716,5359433000.0,181732000.0,362079000.0,595042000.0,0.026024067952528544,0.016223284500055526,0.038809627575319805,1.0,1.5906665765630978,37033488384.0,0.522,0.05,BHAGCHEM.NS,,,,,0.23939671382433061,76.66666666666667,19.032258064516128,87.27076591154261,,19.677419354838705,,55.895196506550214,62.43272335844995,69.40203562340967,49.31740614334471,39.433551198257085,87.25274725274726,24.67391304347826,2.460456942003515,55.16074450084603,49.91172563777672,Q3 (Medium)
2026-08-31,304.0,341.8999938964844,275.0,279.8500061035156,50379747,0.15193053137064805,0.12348954280724733,,,0.4940374898714521,54.162990884187785,1.7732850475179127,,0,26130440000.0,11363950000.0,3143300000.0,4287090000.0,3126220000.0,2052440000.0,553580000.0,520190000.0,0.4348931743973695,0.12029265485005228,0.07854594105571892,0.16406497556106978,93200390000.0,29218950000.0,49351140000.0,43845300000.0,27622940000.0,34785200000.0,345420000.0,,0.6664100827226636,0.31350673532589296,0.794100364522843,,0.05900714382112371,0.7056193594495321,0.2515477644466797,0.2803423495358819,0.3216503172264116,94691930000.0,6555950000.0,10978400000.0,14236830000.0,0.14952457846108932,0.07034251680706487,0.15025679453357832,1.0,1.6930955331839277,193246314496.0,,1.97,FSL.NS,,,,,0.5416588962046259,70.10752688172043,89.89247311827957,80.36677454153183,,17.0967741935484,,80.56768558951966,57.80409041980624,,9.044368600682594,78.64923747276688,49.78021978021978,80.43478260869566,83.21616871704745,75.1269035532995,61.47246703180787,Q5 (Highest)
2026-08-31,5180.0,5573.5,5082.0,5500.5,35384,0.06909620991253651,0.15075455218734835,,,0.3718660351756719,71.77950868783702,2.8647274353196903,,0,2018796000.0,1006102000.0,331812000.0,518473000.0,436962000.0,338110000.0,101038000.0,1055000.0,0.49836734370387104,0.16436133219998456,0.167481013435731,0.256822878587039,,,,,,,,,,,,,0.07993965849274609,1.2272212268128162,0.35932219595474924,0.5603612584049804,0.6450321250099151,6967832000.0,870105000.0,1188270000.0,1394212000.0,,,,0.0,,41664344064.0,0.17,0.45,FOSECOIND.NS,,,,,0.2107928562835062,74.73118279569893,75.91397849462366,93.41963322545847,,43.763440860215056,,58.07860262008734,90.85037674919269,26.14503816793893,,86.27450980392157,55.824175824175825,54.02173913043479,35.9402460456942,,59.6641949144961,Q5 (Highest)
2026-08-31,222.77999877929688,224.0,203.10000610351562,207.42999267578125,148493,0.029847484204903463,0.3219567453807084,,,0.6022937587371562,48.82353011127897,0.8382755951138515,,0,2864182000.0,798753000.0,323881000.0,576427000.0,479988000.0,341518000.0,121852000.0,19026000.0,0.27887648201126886,0.11307975540660475,0.11923753448628614,0.20125362145282666,,,,,,,,,,,,,0.05861563753884558,1.8858806330857436,0.5683277070961772,1.1667586618194736,0.8965843996459699,9559981000.0,684427000.0,757743000.0,1309062000.0,,,,0.0,,9053112320.0,0.689,1.21,BHAGERIA.NS,,,,,0.19139597486538887,90.43010752688173,62.043010752688176,40.668824163969795,,6.989247311827967,,33.73362445414847,44.34876210979548,84.4147582697201,,91.39433551198258,49.67032967032967,57.173913043478265,68.89279437609842,,55.317313812728045,Q4 (High)
2026-08-31,953.7999877929688,979.5999755859375,903.3499755859375,955.1500244140625,9934863,0.004953751076127499,0.005270721741351458,,,0.19303371940762232,51.87088601764205,1.8604026047272506,,0,23646700000.0,13445200000.0,4103600000.0,5304500000.0,4084800000.0,2658500000.0,530100000.0,842800000.0,0.568586737261436,0.1735379566704868,0.11242583531740158,0.22432305564835686,159662261000.0,34725836000.0,57977221000.0,98955475000.0,18194180000.0,21149968000.0,4069744000.0,1352674000.0,0.3509238473161793,0.21749557962228783,0.8602462188122459,0.7962899045521015,0.0439998057403721,0.3722706860062974,0.17809386209645273,0.44570123443362886,0.30543387311118764,91278400000.0,10417800000.0,16355500000.0,21297500000.0,0.1052776513881622,0.06524898203715153,0.12234694496675007,1.0,1.5016006781965838,721098309632.0,0.665,0.1,FORTIS.NS,,,,,0.5671125857001514,44.73118279569893,50.215053763440864,82.41639697950379,,97.09677419354838,,91.15720524017468,51.560818083961244,82.82442748091603,10.580204778156997,69.82570806100217,45.714285714285715,79.8913043478261,6.151142355008787,57.360406091370564,57.968327325659615,Q5 (Highest)
2026-08-31,18216.0,18886.0,18103.0,18500.0,406872,0.018329938900203624,-0.06852625748955243,,,0.39788386969244527,59.67847769028871,0.8478555850782762,,0,24400100000.0,7099200000.0,2503900000.0,3707300000.0,2933300000.0,2165600000.0,767000000.0,400000.0,0.290949627255626,0.10261843189167258,0.08875373461584174,0.1519379018938447,,,,,,,,,,,,,-0.043073290873152814,-0.22246158265115612,0.06214386766786384,0.2281517609028525,0.0649182776548991,91998100000.0,12518600000.0,11858100000.0,18275600000.0,,,,0.0,,243760840704.0,0.662,0.22,FORCEMOT.NS,,,,,0.32330564039028675,23.333333333333332,57.31182795698925,41.208198489751894,,36.236559139784944,,82.96943231441048,71.47470398277717,82.50636132315522,,34.42265795206972,22.197802197802197,84.34782608695653,16.608084358523726,,50.17445247570364,Q3 (Medium)
2026-08-31,156.8000030517578,156.8000030517578,148.5,149.58999633789062,5146302,-0.03171732138678873,0.0005350935321652983,,,0.36646596789392005,34.87597217600771,0.4514358687951387,,0,6686800000.0,2753600000.0,1859700000.0,2002200000.0,1859700000.0,1143800000.0,391000000.0,,0.4117963749476581,0.27811509242088894,0.1710534186755997,0.29942573428246694,,,,,,,,,,,,,0.09013841112505916,0.13776981995424253,0.30782921629603544,0.5248633515531262,0.5228171585031944,,,6222900000.0,6786400000.0,,,,0.0,,56090374144.0,0.642,,FEDFINA.NS,,,,,0.1781850909858459,42.90322580645161,26.881720430107524,11.326860841423949,,45.483870967741936,,61.79039301310044,15.500538213132401,81.23409669211196,,57.51633986928104,59.010989010989015,74.89130434782608,,,48.435955946144404,Q3 (Medium)
2026-08-31,55.15999984741211,55.400001525878906,52.40999984741211,54.91999816894531,314797,-0.12324395427722323,-0.04900436071090364,,,0.39624139377419415,37.26936749949501,0.8156401667727838,,0,2888940000.0,951629000.0,338089000.0,452430000.0,391337000.0,194911000.0,86824000.0,109602000.0,0.3294042105408904,0.1170287371838806,0.06746799864310093,0.15660761386529315,13010572000.0,4315054000.0,7352037000.0,5658535000.0,9340500000.0,6611775000.0,15704000.0,6397169000.0,0.7625744119281758,0.3316575166718266,1.4127068752339575,0.4451650275455532,0.9199454508841969,44.39147647880764,-0.27291863918951775,-0.1641572787972092,-0.1143324165337144,8680227000.0,276876000.0,743549000.0,1119491000.0,0.048930686122821546,0.021280847606085267,0.07455179875569366,1.0,1.6269890439866903,4038353152.0,0.8,0.55,FOODSIN.NS,,,,,0.4326648823211477,27.956989247311824,4.731182795698925,38.18770226537217,,36.66666666666667,,24.23580786026201,17.761033369214207,89.82188295165395,34.8122866894198,99.45533769063181,95.82417582417582,51.95652173913044,43.32161687170474,78.34179357021996,49.53819983609749,Q3 (Medium)
2026-08-31,69.5,71.0,65.5999984741211,67.08000183105469,202322,-0.1874015826626152,-0.20038142425672745,,,0.3157984383718018,12.738921597825183,1.9542001986809274,,0,599088000.0,252710000.0,33598000.0,69879000.0,42264000.0,26043000.0,10161000.0,6060000.0,0.42182450658334003,0.05608191117164757,0.043471076035574076,0.11664229629036135,2142451000.0,196265000.0,679041000.0,1463410000.0,1360125000.0,551402000.0,96267000.0,526227000.0,0.1341148413636643,0.09160769604532379,2.4666667875705928,1.5123231326690871,0.22831139168356462,0.5222702829085808,,,,,,,,,,,0.0,1.474345410933552,4509760000.0,0.239,,FOCUS.NS,,,,,0.5913234320295452,4.408602150537634,1.3978494623655915,84.78964401294499,,63.44086021505376,,25.655021834061138,0.6458557588805167,33.20610687022901,68.08873720136519,74.61873638344227,80.43956043956044,26.195652173913043,,37.055837563451774,43.32949760438703,Q2 (Low)
2026-08-31,51.130001068115234,53.4900016784668,49.75,50.189998626708984,224483,-0.05462425160188189,-0.02290233424995447,,,0.20126268212150927,40.32257377486001,1.8425085731543092,,0,355053000.0,242073000.0,148576000.0,162904000.0,154830000.0,117109000.0,37495000.0,226000.0,0.681793985686644,0.4184614691327774,0.3298352640310038,0.4588160077509555,5438676000.0,28760000.0,287036000.0,5151640000.0,662485000.0,202298000.0,16816000.0,19010000.0,0.005582688231320512,0.005288051724353501,3.274797575853444,3.1808272943874876,-0.016231148399466933,0.08650554344296513,0.05952444898032261,0.02089580863379603,0.007408506796284575,1067065000.0,238634000.0,290868000.0,347458000.0,0.04632194796220233,0.04387722305943579,0.05614778781561269,1.0,1.7177938895422342,4639488000.0,-0.027,5.38,ADVANIHOTR.NS,,,,,0.39772300006502825,35.483870967741936,18.064516129032256,81.9848975188781,,96.02150537634408,,25.982532751091703,24.434876210979546,10.368956743002544,80.3754266211604,53.59477124183007,27.252747252747252,40.76086956521739,97.36379613356766,13.19796954314721,46.99244907031601,Q2 (Low)
2026-08-31,9.430000305175781,10.199999809265137,9.15999984741211,9.350000381469727,117249,-0.07972435808143252,-0.03309200540842805,,,0.49996517161306303,49.579842371267,0.9247838175321759,,0,254341000.0,201166000.0,31813000.0,137870000.0,56382000.0,17377000.0,-4141000.0,40989000.0,0.790930286505125,0.12508010898754035,0.06832166264974975,0.5420675392484893,3221268000.0,1455634000.0,2103612000.0,1108745000.0,886039000.0,939172000.0,50329000.0,33829000.0,1.3128663488899612,0.4518823022486797,0.9434256983811272,0.9074056722304328,0.04580143255400859,-0.1067646756451115,0.05078744711792704,-1.0588643785314562,-1.98717609067671,985360000.0,79162000.0,161806000.0,574315000.0,0.07139784170390848,0.02457479477025817,0.06309753745448703,1.0,0.8257319788356634,624233664.0,-0.06,,FMNL.NS,,,,,0.3261535143407344,32.043010752688176,11.397849462365592,46.81769147788565,,16.451612903225808,,6.6593886462882095,45.748116254036596,8.524173027989821,11.945392491467576,39.97821350762527,46.59340659340659,9.891304347826086,,92.55499153976311,34.5736767336379,Q1 (Lowest)
2026-08-31,2.8399999141693115,2.930000066757202,2.8299999237060547,2.859999895095825,345496,-0.02054800672275059,-0.21428576574969183,,,0.2317947403690102,40.740737470264015,0.7530876159009361,,0,900483000.0,212735000.0,52668000.0,72167000.0,54975000.0,18860000.0,10254000.0,25861000.0,0.2362454371709405,0.05848861111203654,0.02094431543960297,0.08014254572268438,3176860000.0,1060244000.0,1343430000.0,1833430000.0,2466155000.0,1075819000.0,191452000.0,944382000.0,0.5782844177307015,0.33373960451515017,2.2923512226499065,1.4145251199318845,0.5250120241974272,-0.14046121593291405,0.009143539790479771,-0.28918705008856893,-0.04811712721756911,2803372000.0,77684000.0,207029000.0,280305000.0,0.04237085680936823,0.024453076308052605,0.07154537795204298,1.0,2.272682680382516,952255424.0,0.51,0.61,BHANDARI.NS,,,,,0.4008810964248174,3.763440860215054,33.655913978494624,32.25458468176915,,90.3225806451613,,10.262008733624455,25.29601722282024,67.8117048346056,65.69965870307168,38.12636165577342,91.0989010989011,26.413043478260867,46.57293497363796,71.40439932318104,46.845436679301095,Q2 (Low)
2026-08-31,14.760000228881836,15.609999656677246,13.260000228881836,14.470000267028809,631114,0.09042952282364625,-0.06584890375474328,,,0.5578939946131473,60.75188569442142,0.5117180842421127,,0,367800000.0,101100000.0,86300000.0,151300000.0,137900000.0,125300000.0,1700000.0,10900000.0,0.27487765089722677,0.2346383904295813,0.3406742794997281,0.4113648722131593,,,,,,,,,,,,,-0.49051115112896526,1.5835051546391754,0.24551303758889276,0.8159420289855073,0.4193245778611632,1972400000.0,337900000.0,235300000.0,475700000.0,,,,0.0,,2530799616.0,0.409,,ALMONDZ.NS,,,,,0.2011575392588078,24.086021505376344,80.86021505376344,15.318230852211434,,10.0,,19.868995633187772,73.51991388589882,54.13486005089059,,89.2156862745098,3.626373626373627,19.67391304347826,,,42.68694732837935,Q2 (Low)
2026-08-31,472.25,501.04998779296875,465.6000061035156,492.25,292327,0.0954712213503377,0.11017141807836861,,,0.3113873989887519,53.20931732526041,0.9487377543843344,,0,4885800000.0,3092924000.0,607337000.0,928743000.0,714377000.0,491315000.0,183339000.0,23061000.0,0.633043513856482,0.12430656187318351,0.10055978550083916,0.19009026157435835,20117806000.0,10335000.0,4951182000.0,14367450000.0,13572303000.0,4558176000.0,8292592000.0,2247902000.0,0.0007193343286386937,0.0005137240114553247,2.9775732661485645,2.4844150379450025,-0.014267279677902756,0.6910641022110857,0.0650335773971702,-0.17276452879492998,-0.14642142238740952,19584021000.0,1706551000.0,2150321000.0,3356152000.0,0.11877897608831073,0.08482788828960772,0.14955857247830595,1.0,2.6281617140556977,27384915968.0,0.054,,FMGOETZE.NS,,,,,0.34291531740972,68.06451612903226,81.72043010752688,48.86731391585761,,65.26881720430109,,51.7467248908297,55.005382131324,16.539440203562343,77.3037542662116,78.43137254901961,27.582417582417584,64.34782608695652,,8.121827411167512,52.866654831880446,Q4 (High)
2026-08-31,4386.7001953125,4649.0,4376.7998046875,4518.10009765625,560446,0.16940159008615696,0.23956767502751264,,,0.2982445228132272,58.695835960367155,0.589386525841823,,0,13690000000.0,8670000000.0,1890000000.0,3100000000.0,2130000000.0,1120000000.0,620000000.0,420000000.0,0.633308984660336,0.13805697589481372,0.08181154127100074,0.2264426588750913,118830000000.0,22900000000.0,39700000000.0,78660000000.0,44080000000.0,25600000000.0,2150000000.0,19330000000.0,0.2911263666412408,0.1927122780442649,1.721875,0.966796875,0.205105633802817,0.08737864077669899,0.11755102040816334,-0.4136125654450262,-0.0662650602409639,49960000000.0,5780000000.0,8350000000.0,13120000000.0,0.07348080345792016,0.04864091559370529,0.08221740842851516,1.0,1.592939493393924,496313303040.0,-0.005,0.07,FLUOROCHEM.NS,,,,,0.40413997031096355,84.94623655913979,91.18279569892474,21.790722761596548,,70.43010752688173,,89.19213973799127,68.9989235737352,11.259541984732824,47.44027303754266,53.812636165577345,77.91208791208791,82.22826086956522,4.042179261862917,51.60744500846024,56.989556673206565,Q4 (High)
2026-08-31,2218.0,2270.0,2176.10009765625,2265.199951171875,4090601,0.06317462092660686,0.18770129826157933,,,0.21641304957958085,61.07169825840616,1.0649575012073147,,0,45280430000.0,23762900000.0,5231180000.0,7316300000.0,4765360000.0,2325650000.0,1586870000.0,844010000.0,0.5247940445795236,0.11552849652708687,0.05136104052015407,0.16157752918865834,222599550000.0,73086150000.0,127031310000.0,95798400000.0,112028560000.0,95814400000.0,8478850000.0,40527830000.0,0.7629161864916324,0.32833017856505103,1.169224667690869,0.7462420053770623,0.042623028579296784,-0.11978547692400854,0.1753201211440365,-0.17529264495721586,-0.005748376049792059,168116530000.0,10796610000.0,19557490000.0,29614420000.0,0.11270136035674917,0.04850238915577323,0.1158039027252641,1.0,1.5158025701309819,1082966343680.0,0.54,0.38,BHARATFORG.NS,,,,,0.6282354143783205,79.13978494623656,74.08602150537634,55.44768069039914,,93.33333333333333,,93.88646288209607,73.84284176533907,71.43765903307889,21.501706484641637,39.21568627450981,45.494505494505496,91.73913043478261,30.316344463971877,78.51099830795262,63.196810374414895,Q5 (Highest)
2026-08-31,1.2899999618530273,1.2899999618530273,1.149999976158142,1.190000057220459,216776,-0.10526314374246704,-0.33888883958628013,,,0.40850981050083907,32.432433303208825,1.3808210953041342,,0,,,,,,,,,,,,,,,,,,,,,,,,,,,,,,,,,,,,,,,240112112.0,0.322,,FLFL.NS,,,,,0.6305109785222839,0.6451612903225806,6.774193548387098,69.25566343042071,,34.3010752688172,,2.074235807860262,12.271259418729818,42.55725190839695,,,,,,,37.85858937819564,Q1 (Lowest)
2026-08-31,389.8999938964844,399.95001220703125,375.8999938964844,393.20001220703125,385270,0.051477468569629536,0.2264504202163815,,,0.6124954840513065,53.43811229983716,0.8311836075010989,,0,7050754000.0,628216000.0,362447000.0,390821000.0,370348000.0,202452000.0,68568000.0,99328000.0,0.0890991232994372,0.05140542415747309,0.028713524823018928,0.055429674613523605,,,,,,,,,,,,,-0.040100711937664735,0.09516390782213557,0.5533761167414668,3.4221838754068283,2.0006372556546843,25025330000.0,591442000.0,1116261000.0,1240784000.0,,,,0.0,,12580433920.0,1.28,,BHAGYANGR.NS,,,,,0.20804451323833714,83.87096774193549,69.03225806451613,39.91370010787487,,5.268817204301087,,38.97379912663755,55.43595263724435,98.72773536895674,,54.46623093681917,23.186813186813186,48.369565217391305,,,51.14972263949933,Q3 (Medium)
2026-08-31,359.45001220703125,371.70001220703125,350.8500061035156,356.25,23677359,0.08695652173913038,0.2508778626035997,,,0.23179552209231416,54.77430252013576,0.6478616297813539,,0,44055300000.0,,,,,12560900000.0,4433900000.0,45375800000.0,,,0.28511666019752446,,,,,,,,,,,,,,-0.0687577814370055,-0.0632974637762217,0.19106363651110359,0.15138321080902717,,170144000000.0,46094500000.0,,,,,,0.0,,879168978944.0,0.276,0.34,FEDERALBNK.NS,,,,,0.5189187340023725,86.23655913978494,80.0,25.5663430420712,,90.21505376344086,,92.79475982532752,59.52637244348762,36.32315521628499,,43.028322440087145,18.681318681318682,96.6304347826087,25.57117750439367,,56.97156645592036,Q4 (High)
2026-08-31,409.0,418.70001220703125,402.20001220703125,405.20001220703125,31007046,0.06527021447743109,0.03766970302576178,,,0.33491439737373807,38.35228159408143,0.4471493530301821,,0,76977200000.0,24009800000.0,4219800000.0,7294600000.0,6475800000.0,3767100000.0,1309900000.0,1398800000.0,0.3119079415723097,0.05481882947158379,0.04893786731655607,0.09476312466548537,,,,,,,,,,,,,-0.374696292637833,-0.708083101505653,-0.14406724064505294,-0.25322628605411834,-0.2638186644060271,339681000000.0,16020800000.0,19428300000.0,31704500000.0,,,,0.0,,1410932146176.0,0.845,0.35,BHEL.NS,,,,,0.43202457781628495,53.76344086021505,74.83870967741936,11.21898597626753,,56.88172043010753,,96.17903930131004,20.344456404736274,93.38422391857506,,19.934640522875817,4.835164835164836,89.78260869565217,26.713532513181022,,49.85843487570032,Q3 (Medium)
2026-08-31,409.79998779296875,425.04998779296875,367.0,369.79998779296875,3969822,-0.14417962839746412,-0.015704083636843946,,,0.3713592678841385,25.50914207311483,3.559934699073856,,0,5847871000.0,3791730000.0,920057000.0,1562511000.0,1418965000.0,1033967000.0,369536000.0,15462000.0,0.6483949457845428,0.1573319589300106,0.1768108427836387,0.2671931374683197,29189674000.0,154650000.0,4338554000.0,24851120000.0,11325227000.0,3640749000.0,486781000.0,3552526000.0,0.006223059564317423,0.005298106446820886,3.1106860154325386,2.1349181171237017,0.2583976981659655,2.6532580045649516,0.18885915997766167,1.6737321993312868,1.2301673505798396,21709331000.0,2814218000.0,2735575000.0,4388272000.0,0.11324310534092628,0.09641142275175804,0.10939775099906941,1.0,2.4119781913288927,60207165440.0,0.221,2.7,FDC.NS,,,,,0.5172995014592476,37.95698924731183,2.903225806451613,96.11650485436894,,43.97849462365592,,63.427947598253276,5.382131324004305,31.87022900763359,78.66894197952219,93.35511982570807,82.52747252747253,73.91304347826086,89.45518453427064,13.536379018612521,54.20611092170176,Q4 (High)
2026-08-31,2556.0,3090.39990234375,2555.89990234375,2782.10009765625,2252362,0.10121129084721936,0.17820693691043688,,,0.4003422290119845,58.2593058384095,3.0343158874672462,,0,4617052000.0,1355491000.0,354369000.0,732308000.0,471453000.0,281299000.0,104664000.0,80152000.0,0.2935836546783532,0.0767522219806058,0.0609261060954046,0.1586094330321599,,,,,,,,,,,,,0.11520247568779696,0.27845748307049045,0.3331827973134518,0.47903423400686673,0.44030650677859096,17276272000.0,1038760000.0,1266512000.0,2699258000.0,,,,0.0,,74442579968.0,0.062,,ETHOSLTD.NS,,,,,0.21109309080593722,77.41935483870968,82.79569892473118,94.39050701186623,,35.91397849462365,,66.70305676855895,67.491926803014,16.921119592875318,,65.46840958605664,64.17582417582418,54.891304347826086,,,58.41141203627239,Q5 (Highest)
2026-08-31,903.0,917.4500122070312,884.0,914.3499755859375,357557,-0.015375387431093457,-0.12084250986276401,,,0.30658908427020776,25.479080544863294,0.4601077214088093,,0,26464500000.0,17267500000.0,1999600000.0,3652200000.0,2229200000.0,1157300000.0,399700000.0,672200000.0,0.6524778476827449,0.07555782274367549,0.04373028018666515,0.13800374086039788,,,,,,,,,,,,,-0.0668765778598931,-0.6074021304023339,0.07832631141462465,-0.03211507903320232,-0.03551905352945839,98478400000.0,5537500000.0,9064200000.0,15513900000.0,,,,0.0,,70409830400.0,0.468,1.37,BIRLACORPN.NS,,,,,0.2625684776439606,11.29032258064516,36.666666666666664,11.758360302049622,,66.66666666666667,,65.82969432314411,5.27448869752422,61.51399491094147,,22.657952069716774,18.9010989010989,75.21739130434783,73.4622144112478,,43.282590055603286,Q2 (Low)
2026-08-31,303.5,319.70001220703125,300.04998779296875,315.0,98023389,0.07710715285251957,0.3126094074842587,,,0.3226714208709783,69.3048877717074,0.5289009740644659,,0,202110000000.0,81800000000.0,480000000.0,9690000000.0,4230000000.0,920000000.0,1800000000.0,1510000000.0,0.4047300974716738,0.0023749443372420957,0.0045519766463806835,0.047944188808074814,,,,,,,,,,,,,0.16880638445523943,-0.47126436781609193,2.464940853763072,1.358974358974359,1.2022727272727272,609850000000.0,3930000000.0,-2040000000.0,29820000000.0,,,,0.0,,2899699040256.0,0.225,,ETERNAL.NS,,,,,0.3804141363961541,90.10752688172043,77.95698924731182,17.367853290183387,,61.29032258064516,,98.14410480349345,87.72874058127019,32.12468193384224,,27.01525054466231,73.62637362637363,92.93478260869566,,,60.553108406546556,Q5 (Highest)
2026-08-31,89.38999938964844,89.68000030517578,85.0999984741211,87.3499984741211,320664,-0.023585967269675434,-0.07487820199036543,,,0.23615496815041076,45.01845974188455,1.0841785460486144,,0,3438205000.0,1429099000.0,246215000.0,433089000.0,256458000.0,78740000.0,15641000.0,162077000.0,0.41565264433039917,0.07161149495158084,0.02290148493181762,0.12596369326436324,16738593000.0,7290094000.0,8911293000.0,7827300000.0,6062969000.0,4210238000.0,11709000.0,2087143000.0,0.9313676491254966,0.43552609230656364,1.4400537451802011,0.9443233375405381,0.014279005086432761,-1.634355413048032,0.07694396685791349,3.0146841380716873,0.10710652112784058,13751949000.0,-274711000.0,246124000.0,1105594000.0,-0.03509652115033281,-0.01641183341992962,0.01628084840548576,0.0,1.659623219227566,9110171648.0,0.451,0.69,ESTER.NS,,,,,0.3282363051835882,20.967741935483872,31.397849462365592,56.74217907227616,,89.13978494623656,,33.95196506550218,34.01506996770721,59.66921119592875,36.689419795221845,10.348583877995644,36.48351648351648,29.347826086956523,51.933216168717045,84.4331641285956,45.0079685457669,Q2 (Low)
2026-08-31,134.83999633789062,138.39999389648438,132.0,132.3000030517578,165052,-0.0752778620333362,-0.043314704788373515,,,0.39510313335884023,39.04515266280457,0.21305345228435146,,0,1169471000.0,651175000.0,583870000.0,626574000.0,590723000.0,111274000.0,42744000.0,436705000.0,0.5568115840409895,0.4992599217936999,0.09514900326728923,0.5357755771626659,,,,,,,,,,,,,-0.011847143875919786,-0.4059810809079456,0.2402784995386622,0.19317170460759825,0.24957172572098663,4455226000.0,594577000.0,2290491000.0,2431346000.0,,,,0.0,,7476167168.0,0.454,,BIRLAMONEY.NS,,,,,0.20480382139793468,29.462365591397848,12.258064516129032,3.128371089536138,,37.204301075268816,,31.4410480349345,21.743810548977397,60.36895674300254,,28.86710239651416,28.24175824175824,42.5,,,36.347718549167915,Q1 (Lowest)
2026-08-31,1.1299999952316284,1.3200000524520874,1.1100000143051147,1.2400000095367432,5088705,0.01639342660450316,-0.21374575319677602,,,0.37069457825608154,61.11111663005948,0.8282187674117735,,0,1341545000.0,15585000.0,-58726000.0,-27940000.0,-27940000.0,-25350000.0,-12344000.0,9754000.0,0.011617202553771957,-0.043774901326455694,-0.018896123499398083,-0.02082673335594408,2500207000.0,436083000.0,800987000.0,1699220000.0,2208354000.0,737424000.0,441000.0,98167000.0,0.2566371629335813,0.1744187581268271,2.994686910108703,2.8615653952136086,-0.04212098645019735,-3.0382728953927796,0.34241488484537985,50.419878296146045,-2.102126148869867,4736163000.0,3432000.0,-28868000.0,65806000.0,0.0020197502383446525,0.001372686341570918,-0.013519392798118113,1.0,3.514902966034412,2176551168.0,0.781,,ESSENTIA.NS,,,,,0.3384393881204033,3.870967741935484,56.55913978494623,39.482200647249186,,44.19354838709677,,18.12227074235808,74.05812701829925,89.18575063613231,77.64505119453925,5.773420479302832,22.30769230769231,7.173913043478261,,47.88494077834179,42.41713485075812,Q2 (Low)
2026-08-31,20.200000762939453,21.34000015258789,19.75,19.860000610351562,994046,-0.11378845401264115,-0.17353308186176586,,,0.315082736569812,43.765897627167675,0.6479309695465078,,0,400000.0,-14700000.0,-38000000.0,-79500000.0,-79500000.0,-355700000.0,0.0,276200000.0,-36.75,-95.0,-889.25,-198.75,3170300000.0,16154900000.0,23901800000.0,-20731500000.0,395100000.0,8583400000.0,29600000.0,11000000.0,-0.7792441453826303,5.095700722329117,0.04603071044108395,0.04474916699676119,0.0,-0.5967120181405896,-1.0002794076557697,-3.7832550860719873,-1.2361853832442067,17800000.0,-1120600000.0,-167500000.0,-180000000.0,0.054053011118346476,-0.3534681260448538,0.03659922212996548,0.0,-12.331517522001073,4128586752.0,0.907,,ESSARSHPNG.NS,,,,,0.3258581202238479,5.913978494623656,5.483870967741936,25.674217907227614,,63.54838709677419,,24.563318777292576,31.754574811625403,94.65648854961832,0.6825938566552902,23.093681917211327,31.868131868131865,14.728260869565219,,3.7225042301184432,31.71266728977239,Q1 (Lowest)
2026-08-31,3110.0,3173.10009765625,3042.60009765625,3080.0,1062461,0.05892865866361752,0.0520658198278241,,,0.20763265106520948,63.37495959686949,1.5409567942948155,,0,32075500000.0,8755900000.0,2894900000.0,5623000000.0,4973300000.0,3859400000.0,1062100000.0,51900000.0,0.2729778179607489,0.09025268507116023,0.12032236442144316,0.17530513943664167,,,,,,,,,,,,,0.08065266023394968,0.20406826194116,0.31194578057000744,0.21204698197349403,0.34505441932783154,119562500000.0,24618700000.0,12332300000.0,21545900000.0,,,,0.0,,338884362240.0,0.289,1.07,ESCORTS.NS,,,,,0.3872852891750693,57.31182795698925,72.25806451612902,74.75728155339806,,94.6236559139785,,86.02620087336244,78.47147470398278,38.104325699745544,,60.45751633986928,56.043956043956044,87.17391304347825,65.90509666080844,,64.7422208870465,Q5 (Highest)
2026-08-31,1341.699951171875,1660.0,1334.699951171875,1641.5,628478,0.24618240353489917,0.06442243910933798,,,0.3804482376615794,88.99018225521974,3.827360033498123,,0,10101300000.0,4355400000.0,-467800000.0,415200000.0,23900000.0,-223500000.0,69200000.0,178200000.0,0.43117222535713223,-0.046310870878005804,-0.022125864987674854,0.04110362032609664,30709088000.0,11116870000.0,19605283000.0,11103805000.0,11091038000.0,12901375000.0,489305000.0,6865692000.0,1.0011766236889066,0.362005866146204,0.8596787551714449,0.3275112924010038,0.17752727781404465,-0.5782223060954896,0.08743581186551985,-0.09550789154188588,0.279506933744222,37304000000.0,-1195200000.0,-1418400000.0,1036600000.0,-0.10763877787839393,-0.03892007473487979,-0.06383244433393676,0.0,1.6527938765228067,,,0.91,BIRLANU.NS,,,,,0.34107767085838653,60.322580645161295,95.91397849462365,97.19525350593312,,41.612903225806456,,,99.03121636167921,,10.409556313993173,23.638344226579523,74.50549450549451,48.58695652173913,60.19332161687171,85.44839255499154,59.790533198191554,Q5 (Highest)
2026-08-31,271.1499938964844,287.95001220703125,268.75,274.25,5900601,-0.08040344420561885,-0.17590319726623538,,,0.35527880977750226,30.2856583239991,0.6122905495109869,,0,26138400000.0,8604200000.0,-566500000.0,2057400000.0,1061700000.0,-884000000.0,196800000.0,1750400000.0,0.32917852661218744,-0.021673093991981147,-0.03381997367857252,0.07871178036911211,191308800000.0,36269100000.0,136803000000.0,54498000000.0,129539700000.0,100114300000.0,3857000000.0,10165700000.0,0.6655124958714081,0.18958406513448414,1.2939180516669446,1.1923771129598868,-0.12162566327370727,-1.910495416623751,-0.18907196728787845,-1.7968989452808077,-0.5505995937179179,119483800000.0,2515000000.0,7631900000.0,15143200000.0,0.046148482513119746,0.013146284959186405,0.08408222803196312,1.0,1.2262639774019806,100864933888.0,,0.73,AFCONS.NS,,,,,0.3134934968154852,5.591397849462366,11.29032258064516,22.86947141316073,,50.0,,70.08733624454149,9.795479009687837,,27.64505119453925,9.25925925925926,14.175824175824175,65.43478260869566,53.339191564147626,74.95769881556683,37.62972098103536,Q1 (Lowest)
2026-08-31,41.0,44.25,39.349998474121094,40.27000045776367,31571435,0.16521987435120633,0.4075497937316832,,,0.5980049093388216,63.366338087926046,1.2616663614924497,,0,8323200000.0,,,,,800800000.0,269400000.0,5136900000.0,,,0.09621299500192233,,,,,,,,,,,,,,0.15741461786628097,2.406210123351765,0.45254009528629524,-1.9859640482639744,,27623800000.0,-51000000.0,,,,,,0.0,,20780050432.0,1.02,,ESAFSFB.NS,,,,,0.21794485448741271,93.97849462365592,90.96774193548387,64.40129449838187,,7.311827956989248,,47.81659388646288,78.2561894510226,96.94656488549617,,92.70152505446623,71.0989010989011,69.45652173913044,,,64.19571034199936,Q5 (Highest)
2026-08-31,5680.0,5712.0,5585.0,5631.5,11117,-0.0006301240907738981,-0.15846844378516245,,,0.26064173045609773,23.84438823962425,0.8275811993981351,,0,3957500000.0,1617500000.0,583300000.0,645000000.0,600700000.0,435500000.0,161400000.0,3800000.0,0.408717624763108,0.14739102969046114,0.1100442198357549,0.16298168035375868,6988700000.0,33500000.0,2694900000.0,4293800000.0,5253600000.0,2449300000.0,574600000.0,1406700000.0,0.0078019469933392335,0.004793452287263726,2.1449393704323683,1.5706120115951496,0.04466383338172797,0.012790697674418539,0.07622647666702931,-0.0818047649167194,-0.04867256637168138,15081500000.0,2066900000.0,2527800000.0,2931300000.0,0.4813684847920257,0.295748851717773,0.5841517805560049,1.0,3.783291599296006,86685794304.0,0.367,2.08,ESABINDIA.NS,,,,,0.21282789747687889,6.989247311827956,46.774193548387096,39.374325782092775,,81.82795698924731,,68.99563318777294,4.090419806243272,49.55470737913486,62.45733788395904,47.712418300653596,45.934065934065934,62.06521739130435,84.71001757469244,14.213197969543149,47.646582603928316,Q3 (Medium)
2026-08-31,1353.0,1395.0,1352.5,1382.4000244140625,345493,-0.03328669621394231,0.02373184758730651,,,0.33709609311356176,34.33990566131362,0.6518359284402065,,0,8690300000.0,6297800000.0,2241500000.0,2982100000.0,2261400000.0,1423900000.0,361700000.0,466500000.0,0.7246930485713957,0.25793125668849176,0.16384934927447845,0.34315271049330864,,,,,,,,,,,,,0.1551795185367344,-0.4943716487340648,0.126328477370522,0.20679718620222043,0.0639337828677442,32123600000.0,6439100000.0,8586400000.0,11286200000.0,,,,0.0,,191577571328.0,-0.04,1.04,ERIS.NS,,,,,0.1898529650482418,50.10752688172043,25.6989247311828,25.782092772384036,,56.45161290322581,,80.24017467248909,15.069967707212056,9.223918575063614,,26.143790849673206,70.76923076923077,73.69565217391305,65.37785588752196,,46.57071652824112,Q2 (Low)
2026-08-31,545.2000122070312,582.5,541.0,577.6500244140625,1424760,0.028670709591448684,0.08123542239412718,,,0.3088330053399222,51.41701587181779,0.5904878354110835,,0,2041680000.0,1616090000.0,271740000.0,660240000.0,434860000.0,421670000.0,450000.0,13640000.0,0.7915491164139337,0.13309627365698837,0.20653089612476,0.32338074526860233,,,,,,,,,,,,,0.10103379657342537,-0.35850118663664576,0.4216837267599749,0.25139482431149096,0.1717394005004702,7125250000.0,1688140000.0,1102510000.0,2352390000.0,,,,0.0,,105218981888.0,,,BLACKBUCK.NS,,,,,0.18500106565644955,63.33333333333333,61.82795698924731,21.898597626752967,,66.12903225806451,,71.17903930131004,50.16146393972013,,,29.73856209150327,60.879120879120876,18.043478260869566,,,49.54603897866148,Q3 (Medium)
2026-08-31,75.0,77.08999633789062,75.0,75.22000122070312,9172060,-0.0377382246046174,0.10764242621698439,,,0.3522182958568694,38.68450262180885,0.4118736954294797,,0,12846947000.0,,,,,1836069000.0,604661000.0,9308052000.0,,,0.14291870278596153,,,,,,,,,,,,,,0.033065883933961926,-0.13671056770431478,0.21786958683554047,3.3604115161835013,,47467880000.0,2625543000.0,,,,,,0.0,,86043885568.0,0.444,,EQUITASBNK.NS,,,,,0.22389538439830348,67.95698924731182,22.903225806451612,9.70873786407767,,50.86021505376344,,68.88646288209607,21.31324004305705,58.651399491094146,,38.344226579520694,43.07692307692308,82.06521739130434,,,47.58444249570667,Q3 (Medium)
2026-08-31,21.8700008392334,23.979999542236328,21.770000457763672,23.239999771118164,48925,0.00999563406990478,0.5090909316097838,,,0.44206737489431036,41.76136579148998,0.23068893430194432,,0,123669000.0,122673000.0,12624000.0,15867000.0,13671000.0,9659000.0,3216000.0,796000.0,0.9919462436018728,0.10207893651602261,0.07810364764007148,0.1283021614147442,328197000.0,111632000.0,177475000.0,93893000.0,208315000.0,60117000.0,61761000.0,,1.1889278220953639,0.34013717370969265,3.4651596054360665,,0.026503203957634724,6.284313725490196,1.166325082768406,-0.38304803270311705,-0.3166372367457686,447911000.0,14922000.0,24394000.0,32925000.0,0.1589255855069068,0.04546659475863582,0.11869115679357742,1.0,2.4446082688141573,2395932928.0,0.162,,EQUIPPP.NS,,,,,0.35897903629498085,96.98924731182795,53.333333333333336,3.7756202804746493,,26.77419354838709,,19.432314410480352,27.448869752421963,24.74554707379135,82.08191126279864,96.84095860566448,41.208791208791204,21.086956521739133,,89.84771573604061,48.90436393638338,Q3 (Medium)
2026-08-31,172.75,176.1999969482422,170.00999450683594,171.41000366210938,71052,-0.06512136375204247,-0.10444091364593389,,,0.2388547327609713,23.822683302294408,0.9539493773812746,,0,9825000.0,8354000.0,6368000.0,6594000.0,6367000.0,-4701000.0,8316000.0,2752000.0,0.8502798982188295,0.6481424936386768,-0.4784732824427481,0.6711450381679389,,,,,,,,,,,,,0.0,-1.9327380952380953,inf,-0.828530784943099,-1.266467307847733,19650000.0,-9614000.0,9919000.0,10795000.0,,,,0.0,,7138284032.0,0.609,,BLAL.NS,,,,,0.22454846424398137,13.548387096774196,15.591397849462366,49.29881337648328,,88.17204301075269,,30.567685589519648,3.982777179763186,77.86259541984732,,9.041394335511981,31.868131868131865,25.217391304347824,,,39.67670780203962,Q1 (Lowest)
2026-08-31,225.0,230.77999877929688,223.2899932861328,224.72000122070312,1352309,-0.06167273762446224,-0.01572421872138685,,,0.29695095346862777,32.09435508440869,0.7527824887840291,,0,13005000000.0,7672000000.0,1522000000.0,2491000000.0,1449000000.0,1029000000.0,123000000.0,293000000.0,0.589926951172626,0.1170319108035371,0.07912341407151095,0.19154171472510573,48998000000.0,9625000000.0,20334000000.0,28577000000.0,21191000000.0,13563000000.0,1973000000.0,9268000000.0,0.33680932218217446,0.19643658924854077,1.5624124456241244,0.879082798790828,0.1320508356545962,0.25948592411260707,0.17649719558530852,-0.09973753280839892,0.04225941422594137,47631000000.0,3889000000.0,5806000000.0,9803000000.0,0.1360884627497638,0.07937058655455324,0.15198157164546358,1.0,2.0730254296093715,71977287680.0,0.341,2.22,EPL.NS,,,,,0.2615089343717792,37.8494623655914,16.344086021505376,32.14670981661273,,70.86021505376344,,66.0480349344978,11.840688912809473,46.24681933842239,40.955631399317404,64.16122004357298,66.8131868131868,57.71739130434783,86.29173989455184,55.32994923857868,50.17367567578388,Q3 (Medium)
2026-08-31,1095.0,1137.0,1089.5,1101.199951171875,230007,0.10462425940767317,-0.11295852079614188,,,0.4230024540285098,52.72232626560404,0.2801409088526031,,0,7053600000.0,3123200000.0,1363000000.0,1838600000.0,1409600000.0,997400000.0,340000000.0,72200000.0,0.4427809912668708,0.19323466031529998,0.14140297153226722,0.2606612226380855,,,,,,,,,,,,,-0.04183873071071509,0.23211859172328597,0.1629241270155306,-0.379301761155019,0.06945090739879012,26260000000.0,2710200000.0,4132300000.0,5929500000.0,,,,0.0,,47507238912.0,0.195,0.45,EPIGRAL.NS,,,,,0.17752300944252633,12.043010752688172,83.33333333333334,5.393743257820928,,30.75268817204301,,59.82532751091703,53.60602798708288,28.56234096692112,,62.309368191721134,22.52747252747253,72.93478260869564,35.9402460456942,,44.48188942362601,Q2 (Low)
2026-08-31,15.880000114440918,16.389999389648438,15.319999694824219,15.949999809265137,233132,-0.005611041217278401,-0.0460526038104766,,,0.36280746933424834,47.03556373612414,1.1019275945510654,,0,716100000.0,87900000.0,73600000.0,72000000.0,71500000.0,43100000.0,24300000.0,4100000.0,0.12274821952241308,0.10277894148861891,0.060187124703253735,0.10054461667364893,1334374000.0,2688000.0,31148000.0,1303226000.0,582771000.0,28990000.0,104039000.0,188148000.0,0.0020625739511028786,0.0020144277391495936,20.10248361503967,13.612383580545016,-0.7417412002308137,-0.4970828471411902,0.2155830928535054,-2.427152317880795,-2.9726027397260273,7440100000.0,333200000.0,437000000.0,460500000.0,0.255673229355461,0.24970510516541838,0.334631530100757,1.0,7.6178819431433755,843200832.0,0.212,,BLBLIMITED.NS,,,,,0.4515377097998352,28.602150537634408,43.01075268817204,57.71305285868392,,46.7741935483871,,8.951965065502183,39.181916038751346,30.279898218829516,96.75767918088737,25.925925925925924,1.5384615384615385,34.23913043478261,,10.152284263959391,38.2084940199985,Q1 (Lowest)
2026-08-31,1608.699951171875,1720.0999755859375,1580.0,1645.5999755859375,1458398,0.12098090979968501,0.038036917239980594,,,0.34245006311724707,61.37215562795975,0.5186103715165571,,0,7243770000.0,2661110000.0,1277490000.0,1824520000.0,1490220000.0,1195140000.0,285000000.0,10080000.0,0.36736533600597476,0.176357062689732,0.1649886730252341,0.2518743692856068,44214920000.0,148090000.0,7692790000.0,36522130000.0,26396230000.0,7346600000.0,12074350000.0,,0.004054801842061238,0.003349321903104201,3.5929858710151636,,0.009621254568109805,0.0015923033086386873,0.2039400204762727,0.1924807678876106,0.19804847298921135,26648420000.0,4474030000.0,4788390000.0,6727970000.0,0.1225018913190441,0.10118824143524403,0.13057980017572843,1.0,2.3873544043503867,231544946688.0,0.105,,AFFLE.NS,,,,,0.3278811398916761,53.87096774193548,85.48387096774194,16.073354908306364,,54.193548387096776,,82.64192139737992,74.59634015069967,20.419847328244277,83.95904436860067,46.51416122004357,34.94505494505494,70.54347826086956,,11.6751269035533,52.32778110530177,Q3 (Medium)
2026-08-31,2.759999990463257,3.1500000953674316,2.75,2.75,483326,-0.017857126131349377,-0.051724169115389795,,,0.2890743763749404,47.27272963720926,1.9136056936989476,,0,16249000.0,13625000.0,1382000.0,4711000.0,4687000.0,-60237000.0,64528000.0,396000.0,0.838513139270109,0.0850513877777094,-3.707120438180811,0.28992553387900794,1908618000.0,4362656000.0,4434568000.0,-2525950000.0,1869348000.0,44340000.0,3590000.0,,-1.7271347413844296,2.285766979039284,42.15940460081191,,0.15437624325092347,19.227333781061116,-0.713006464375287,-2.513074275953882,-0.883790917388194,65088000.0,-88754000.0,-27594000.0,-21609000.0,0.03513687919396662,-0.046501709613971993,-0.015023634702559909,0.0,-0.6631841992478327,323697056.0,-0.576,,DNAMEDIA.NS,,,,,0.36846465073988777,26.989247311827956,34.83870967741935,83.60302049622437,,72.68817204301075,,3.056768558951965,40.25834230355221,1.0178117048346056,97.7815699658703,98.80174291938998,70.54945054945055,47.5,,1.6920473773265652,48.58512552719058,Q3 (Medium)
2026-08-31,448.5,482.20001220703125,446.1000061035156,450.54998779296875,893706,-0.0029874001366436698,-0.09799802243649902,,,0.30962220550755026,44.98238254222226,1.2754988677316212,,0,6837168000.0,4028809000.0,655225000.0,904503000.0,704192000.0,510345000.0,175416000.0,18492000.0,0.589251134387805,0.0958328067995404,0.07464274682149101,0.13229205425404203,67350940000.0,289168000.0,21347202000.0,45991727000.0,11607388000.0,10840602000.0,1258597000.0,3794165000.0,0.00628739164328402,0.004293451583600763,1.0707327877178776,0.720737003350921,0.05937596742959905,4.0917898013548974,0.1159950131575469,0.031089569396937522,0.09445032639800588,27090614000.0,1626325000.0,2438415000.0,2965821000.0,0.03536125094845862,0.02414702749508767,0.05268729137584742,1.0,1.4064096002223576,87184490496.0,-0.034,,EUREKAFORB.NS,,,,,0.3037183324368639,15.806451612903224,44.73118279569893,65.1564185544768,,65.69892473118279,,69.10480349344978,33.90742734122713,9.60559796437659,15.017064846416384,94.98910675381264,50.0,63.26086956521739,,13.705583756345177,46.065562094340464,Q2 (Low)
2026-08-31,214.0,258.0,214.0,254.2100067138672,771191,0.3698370073975723,0.3984407382666726,,,0.5715471275917204,89.29038284520067,2.5538985530742506,,0,2141043000.0,435048000.0,176327000.0,215921000.0,178909000.0,108036000.0,34935000.0,35938000.0,0.2031944243996968,0.08235565563139087,0.05045951902880979,0.10084851168332444,4644500000.0,1325712000.0,1835468000.0,2809032000.0,3015344000.0,1375893000.0,6453000.0,789682000.0,0.4719462078039695,0.2854369684573151,2.191554139747786,1.6176127068020552,0.046938682702778456,1.684324297463165,0.37044556828823194,6.279563371740449,1.383339220274626,7711140000.0,169029000.0,321673000.0,491487000.0,0.060173397811060896,0.03639336850037679,0.07779756134841721,1.0,3.0577081924857357,7626300416.0,0.639,0.49,BIRLACABLE.NS,,,,,0.24253068134957703,93.54838709677419,98.6021505376344,91.3700107874865,,9.032258064516128,,31.877729257641924,99.13885898815931,80.78880407124683,63.651877133105806,89.97821350762527,47.25274725274725,40.0,39.36731107205624,64.29780033840947,63.26040987382688,Q5 (Highest)
2026-08-31,435.70001220703125,471.95001220703125,423.0,426.1000061035156,6111246,0.0524485117923692,0.167706378959408,,,0.6123946387033199,55.860645228256516,0.8174338171395634,,0,1453763000.0,646815000.0,256489000.0,340906000.0,262465000.0,187931000.0,71009000.0,3526000.0,0.4449246541561451,0.17643109640292123,0.12927210281180632,0.23449902081701074,,,,,,,,,,,,,0.1552664181458845,0.0656705415367167,0.5854902897426921,0.6731897541822844,0.793147341623009,4764378000.0,600864000.0,795292000.0,1091266000.0,,,,0.0,,56386142208.0,0.818,0.09,AEROFLEX.NS,,,,,0.2072580184302721,76.45161290322581,69.89247311827957,38.51132686084142,,5.376344086021504,,62.00873362445415,62.32508073196986,91.22137404580153,,52.17864923747276,70.87912087912088,49.02173913043478,5.360281195079086,,52.215115720846754,Q3 (Medium)
2026-08-31,1.5199999809265137,1.5299999713897705,1.4700000286102295,1.4700000286102295,6767792,-0.013422805905036084,-0.0981594890119386,,,0.30619233131838086,16.666666666666657,1.1397109379196722,,0,161200000.0,62765000.0,1566000.0,32029000.0,23204000.0,6261000.0,3430000.0,13514000.0,0.38936104218362283,0.009714640198511166,0.038839950372208436,0.19869106699751862,,,,,,,,,,,,,-0.3978761313167911,-0.8840082996776465,0.8306116423266483,61.61,0.11747261182052893,659640000.0,28154000.0,14848000.0,131382000.0,,,,0.0,,2513043200.0,0.726,,FCSSOFT.NS,,,,,0.21015143077220338,15.698924731182796,38.27956989247312,59.00755124056095,,66.98924731182797,,19.759825327510917,0.9687836383207751,86.89567430025446,,17.10239651416122,4.615384615384616,21.41304347826087,,,38.715360069995846,Q1 (Lowest)
2026-08-31,45.45000076293945,48.45000076293945,44.29999923706055,46.849998474121094,265224,-0.004885372727022275,-0.17284606322429752,,,0.3325104087006626,45.86726707122921,1.1805750993042667,,0,869273000.0,478504000.0,22240000.0,70666000.0,29320000.0,8935000.0,5655000.0,31839000.0,0.5504645836233266,0.025584597704058448,0.010278704158532475,0.08129321858610586,3885057000.0,2015684000.0,2421542000.0,1375357000.0,1302273000.0,1263969000.0,4049000.0,229618000.0,1.4655714843491545,0.5188299682604399,1.030304540696805,0.8486402751966227,0.19381689935809576,-0.5168180834955656,0.3459113556765996,-0.11883629191321499,-0.03308521701056322,2834162000.0,-16330000.0,8839000.0,229268000.0,-0.011873280900886097,-0.004203284533534514,0.0026065742053841285,0.0,1.2618560293967374,6632823296.0,,,BIGBLOC.NS,,,,,0.35496468487691013,6.021505376344086,43.655913978494624,61.165048543689316,,57.95698924731183,,29.148471615720524,36.59849300322928,,13.651877133105803,25.272331154684096,76.92307692307693,23.695652173913043,,93.23181049069373,44.48807797601755,Q2 (Low)
2026-08-31,39.7400016784668,43.349998474121094,38.25,41.63999938964844,50069378,0.11247659765288609,0.535398160069728,,,0.8074582773879108,57.386735075720345,0.7619210515736985,,0,3766277000.0,1333999000.0,547548000.0,692325000.0,648437000.0,383977000.0,165374000.0,1010000.0,0.3541956685607564,0.14538176560035282,0.10195134346199178,0.18382211398683634,,,,,,,,,,,,,0.2004674657719816,0.21479416863871625,1.7476632718571263,0.5476141534567469,1.0160656253276024,10117812000.0,1223390000.0,1535735000.0,2027115000.0,,,,0.0,,48489816064.0,0.635,0.38,FCL.NS,,,,,0.18239626958779495,97.63440860215053,84.19354838709677,33.87270765911543,,0.6451612903225765,,59.93449781659389,65.8772874058127,80.34351145038168,,61.00217864923747,77.47252747252747,62.39130434782608,30.316344463971877,,56.91223183633577,Q4 (High)
2026-08-31,536.9500122070312,587.9500122070312,535.3499755859375,569.2000122070312,87701,-0.021488739449348926,0.26531066907677636,,,0.377247400169349,51.947038277175345,1.3724156647566792,,0,2771800000.0,1215400000.0,834500000.0,371600000.0,292000000.0,196000000.0,35400000.0,60600000.0,0.4384876253697958,0.3010678981167472,0.07071217259542535,0.1340645068186738,8189900000.0,2754900000.0,3666900000.0,4523000000.0,3950600000.0,3135500000.0,131300000.0,1882900000.0,0.6090868892328101,0.33637773354986017,1.2599585393079253,0.6594482538670069,0.2214339223549111,2.0625,0.3164568985989076,0.12449799196787148,0.15296307787775354,9230600000.0,335700000.0,1713700000.0,922400000.0,0.07422065001105461,0.04098951147144654,0.23546627461218209,1.0,2.1373301261309665,13815009280.0,0.14,,FAZE3Q.NS,,,,,0.4073284859713556,87.31182795698925,32.58064516129032,69.14778856526429,,42.25806451612903,,41.5938864628821,51.88374596340151,22.391857506361323,26.27986348122867,91.83006535947712,79.67032967032966,40.21739130434783,,72.41962774957699,53.83900624648521,Q4 (High)
2026-08-31,641.6500244140625,660.4500122070312,619.0,623.5,902274,-0.027143428819472515,-0.05086625416291457,,,0.20242076959786828,39.166149975449706,2.001316274389142,,0,7203282000.0,2481822000.0,727693000.0,1121519000.0,859123000.0,601427000.0,212710000.0,51673000.0,0.34454044697958514,0.10102242283448017,0.08349346867164162,0.15569555655324893,,,,,,,,,,,,,0.01885998232234698,0.06615010166438884,0.13071232244524422,0.004112100226390858,0.05539432402268285,30180144000.0,2585095000.0,3150161000.0,4635331000.0,,,,0.0,,156334145536.0,,0.2,BIKAJI.NS,,,,,0.2334656493135064,27.09677419354839,29.24731182795699,85.43689320388349,,95.48387096774194,,76.41921397379913,21.95909580193757,,,52.505446623093675,38.35164835164836,66.73913043478261,14.762741652021088,,50.53347513536088,Q3 (Medium)
2026-08-31,813.0,829.25,749.9500122070312,749.9500122070312,68901,0.041198552969719415,0.272046944642496,,,0.4214065728113048,58.6600990127913,0.47370931365930236,,0,1761457000.0,398993000.0,151271000.0,182146000.0,154746000.0,100138000.0,36229000.0,18379000.0,0.2265130514114168,0.08587833821660137,0.0568495285436999,0.1034064413721141,,,,,,,,,,,,,0.5064406936210535,1.7124437943550572,0.3439762984394539,7.53254942058623,2.400657182330757,5047308000.0,143807000.0,232336000.0,348982000.0,,,,0.0,,9446296576.0,0.478,0.13,FAIRCHEMOR.NS,,,,,0.19296025673232536,88.06451612903226,66.12903225806451,12.513484358144552,,31.18279569892472,,34.60698689956332,68.78363832077503,63.48600508905853,,90.0871459694989,90.87912087912088,40.43478260869565,8.699472759226714,,52.99113206467367,Q4 (High)
2026-08-31,831.0,851.4000244140625,831.0,839.4000244140625,322892,-0.012586697422853121,-0.02666975805760996,,,0.34077166275708404,53.96519105958603,0.6349598662330321,,0,14838500000.0,3567100000.0,361600000.0,826500000.0,701600000.0,31600000.0,26900000.0,643100000.0,0.24039491862385012,0.02436903999730431,0.0021295953094989384,0.055699700104457996,59670423000.0,39854509000.0,46167171000.0,13503252000.0,41786040000.0,44908134000.0,1689267000.0,12372052000.0,2.9514748743487864,0.667910616286397,0.9304782069101335,0.6549813002695681,-0.05357051739973462,-1.046539027982327,0.5629015609530028,-0.605,-0.0665236051502146,51477400000.0,102600000.0,737600000.0,3158500000.0,0.007598169685346908,0.001719444824448454,0.013823668500632927,1.0,1.1555259127289914,543152242688.0,,0.05,FACT.NS,,,,,0.47853687709588894,34.193548387096776,39.03225806451613,25.026968716289105,,54.83870967741936,,89.51965065502183,57.48116254036598,,11.433447098976108,14.37908496732026,20.439560439560438,35.97826086956522,2.460456942003515,97.80033840947546,42.172229784507344,Q1 (Lowest)
2026-08-31,6.099999904632568,6.360000133514404,5.989999771118164,6.159999847412109,1319855,-0.0638297995689624,-0.08333332742017396,,,0.519653894972212,43.181805045805284,0.7853919629768029,,0,852224000.0,188687000.0,45568000.0,77275000.0,53113000.0,20728000.0,5034000.0,27353000.0,0.2214054051516972,0.053469510363472514,0.02432224391709222,0.09067451749774708,,,,,,,,,,,,,-0.14696220194065135,9.505828687278257,0.3126223521493161,1.5609093155423772,0.2556261475716166,3252000000.0,40944000.0,160940000.0,272147000.0,,,,0.0,,2756049664.0,0.318,,EXXARO.NS,,,,,0.1843554614287137,18.494623655913976,15.913978494623656,35.49083063646171,,13.870967741935488,,20.41484716157205,30.6243272335845,41.66666666666667,,97.7124183006536,12.417582417582418,22.608695652173914,,,37.280995864077866,Q1 (Lowest)
2026-08-31,8.079999923706055,10.0,8.050000190734863,9.260000228881836,260352720,0.1766201224314261,-0.007502646880667263,,,0.3676925791699496,69.86754349954211,4.686445868585841,,0,5140000000.0,4090000000.0,80000000.0,310000000.0,310000000.0,200000000.0,-40000000.0,150000000.0,0.7957198443579766,0.01556420233463035,0.038910505836575876,0.06031128404669261,17360000000.0,6930000000.0,11620000000.0,5740000000.0,7040000000.0,6640000000.0,730000000.0,,1.2073170731707317,0.39919354838709675,1.0602409638554218,,-0.003875968992248069,inf,0.0019493177387914784,-0.19999999999999996,0.8235294117647058,53837000000.0,-839200000.0,108600000.0,-341600000.0,-0.1462020905923345,-0.048341013824884795,0.008571428571428572,0.0,3.6506912442396313,13869428736.0,,,ALLCARGO.NS,,,,,0.3004515546212657,40.53763440860215,91.61290322580645,98.8133764832794,,44.83870967741935,,41.92139737991266,88.3745963401507,,14.334470989761092,100.0,30.439560439560438,5.0,,90.18612521150592,56.403918277066545,Q4 (High)
2026-08-31,764.9500122070312,845.0499877929688,735.0,830.3499755859375,51693,0.14389027091738393,0.16254809322497366,,,0.42310450360203483,71.7213205738934,1.9666413003761387,,0,3127038000.0,1280819000.0,169342000.0,137168000.0,63352000.0,-87767000.0,26191000.0,124903000.0,0.4095949585518308,0.05415412284724394,-0.028067135736757915,0.04386515290188351,13585224000.0,5419663000.0,8712113000.0,4873111000.0,11619732000.0,7568991000.0,319855000.0,6883703000.0,1.1121566900487183,0.3989380668290784,1.5351758246244447,0.6257147088693856,-0.14550573449680138,-2.310131211655297,0.2967599227676261,-1.5884005309663318,-0.6001993640171266,13580202000.0,134396000.0,933946000.0,1055681000.0,0.027579096802843196,0.009892807067443275,0.09073802650286501,1.0,1.8750156935211373,11135334400.0,0.164,,BIL.NS,,,,,0.392431276373718,76.0215053763441,89.13978494623656,85.00539374325781,,30.645161290322577,,37.00873362445415,90.6350914962325,25.06361323155216,39.93174061433447,7.8431372549019605,12.527472527472527,35.54347826086956,,88.49407783417935,51.19061268001051,Q3 (Medium)
2026-08-31,1561.0,1619.9000244140625,1492.699951171875,1591.5999755859375,2349056,0.07120737870567351,0.37717404415571854,,,0.38100163331808906,72.42365367457094,0.9810223068626172,,0,3265570000.0,1627280000.0,813460000.0,1104530000.0,890350000.0,627490000.0,207040000.0,55820000.0,0.49831422998128966,0.24910199444507392,0.19215328411272764,0.3382349788857688,,,,,,,,,,,,,0.07025058828927455,0.1618679060121837,0.27248674156077457,0.33448884540949786,0.369891726301951,12239000000.0,2351920000.0,3104160000.0,4054110000.0,,,,0.0,,211225329664.0,-0.133,,AETHER.NS,,,,,0.20527140639755453,92.68817204301075,76.77419354838709,50.80906148867314,,41.29032258064517,,81.76855895196506,91.3885898815931,6.106870229007633,,59.150326797385624,53.07692307692308,66.19565217391305,,,57.94991138476692,Q5 (Highest)
2026-08-31,449.95001220703125,493.0,440.0,490.0,30802859,0.15239883803535137,0.421738889432961,,,0.35939892025319686,71.38276274649819,0.915728871238278,,0,55283800000.0,17077900000.0,4794100000.0,6489100000.0,5068400000.0,3504700000.0,1357300000.0,198100000.0,0.3089132802014333,0.08671798971850705,0.06339470152196484,0.1173779660587731,,,,,,,,,,,,,0.1675244396669151,0.6281997677119628,0.1774736321968342,0.2838199201435949,0.14597792494481232,188286100000.0,9316700000.0,13717000000.0,20440500000.0,,,,0.0,,416499990528.0,0.552,0.41,EXIDEIND.NS,,,,,0.4026990160121261,94.6236559139785,90.0,46.062567421790725,,48.49462365591398,,88.1004366812227,90.20452099031216,72.45547073791349,,77.34204793028321,73.4065934065934,90.43478260869566,32.60105448154657,,66.9150502552167,Q5 (Highest)
2026-08-31,160.6999969482422,173.47000122070312,157.5,158.89999389648438,6795475,-0.009351621303477331,0.39398190081894,,,0.8582615474058868,42.4054680987783,0.8227616773975285,,0,3879495000.0,1250138000.0,-347271000.0,16114000.0,-333822000.0,-543126000.0,54310000.0,154994000.0,0.32224245681461117,-0.08951448577714367,-0.13999914937382313,0.004153633398161358,19888761000.0,7129992000.0,13375824000.0,6512937000.0,10884163000.0,9027539000.0,353903000.0,4035131000.0,1.0947429707979672,0.3584935230505309,1.2056622519160538,0.7586820727110678,0.40188896605903013,-0.19970942782921075,0.46103940122728226,-0.12778305947043178,-1.123519627156841,11517253000.0,-2741266000.0,-2196277000.0,-970978000.0,-0.4208955191797495,-0.137829903029153,-0.16098280655129116,0.0,1.0941707731316193,22099775488.0,1.818,,EXICOM.NS,,,,,0.33895071536176086,93.33333333333333,40.75268817204301,38.9428263214671,,0.21505376344086358,,48.90829694323144,28.84822389666308,99.61832061068702,22.866894197952217,35.5119825708061,88.24175824175823,44.891304347826086,,88.3248730964467,52.030370366377014,Q3 (Medium)
2026-08-31,429.0,442.5,421.25,426.3500061035156,25359201,0.05649862222829216,0.060653156419088416,,,0.24262037678073192,40.84761294121856,0.7415651631467707,,0,44843000000.0,,5069000000.0,9924000000.0,4790000000.0,1259000000.0,489000000.0,2315000000.0,,0.11303882434270678,0.028075730883303972,0.2213054434359878,636506000000.0,154341000000.0,270291000000.0,340318000000.0,171798000000.0,140692000000.0,24160000000.0,60857000000.0,0.45351994311203053,0.24248161054255576,1.2210928837460553,0.7885380831888096,0.0745986101126288,-0.12447844228094573,0.02895757325439985,-0.6345428156748911,-0.12602377807133425,168299000000.0,3856000000.0,14814000000.0,33949000000.0,0.011330579046656363,0.0060580732938888245,0.029947903505243005,1.0,1.0964207721529728,,,0.12,BIOCON.NS,,,,,0.3949807556933302,59.46236559139785,71.50537634408603,31.283710895361384,,86.98924731182795,,,25.511302475780408,,23.72013651877133,39.106753812636164,54.285714285714285,78.26086956521739,7.5571177504393665,63.113367174280874,49.38639744836754,Q3 (Medium)
2026-08-31,991.2000122070312,1060.0,987.0499877929688,1029.0,45376,0.1418742408280651,0.07444918751609597,,,0.27610066495606284,75.09711913683893,0.8990515863214563,,0,2812357000.0,1201149000.0,123388000.0,245491000.0,149070000.0,122802000.0,23758000.0,2510000.0,0.4270969155053928,0.04387351961361947,0.04366515346380278,0.08729012710690713,21053204000.0,78815000.0,4023147000.0,17030057000.0,5621365000.0,2255130000.0,130843000.0,1294307000.0,0.004627993905129031,0.003743610711224762,2.492701085968436,1.9187621112751814,0.2042411139614717,0.45555186800682734,0.1347369414893831,-0.010188125675043902,-0.029986565512881258,10945215000.0,756654000.0,729437000.0,1371713000.0,0.04443050308052404,0.03594008778901302,0.042635014161073854,1.0,1.8675878407866089,12935241728.0,0.433,1.34,EXCELINDUS.NS,,,,,0.2607005542764859,62.043010752688176,88.9247311827957,45.307443365695796,,76.88172043010752,,40.06550218340612,92.78794402583424,57.63358778625955,68.77133105802048,72.54901960784314,77.80219780219781,33.91304347826087,72.58347978910369,12.351945854483926,60.10766382111313,Q5 (Highest)
2026-08-31,32.04999923706055,33.900001525878906,31.31999969482422,32.38999938964844,42119,-0.049310253015088845,-0.01669700242836647,,,0.4362655953812105,44.108769598586605,1.2810582934462,,0,75656000.0,9274000.0,3605000.0,5431000.0,4690000.0,2122000.0,2566000.0,2000.0,0.12258115681505763,0.047649888971132495,0.028048006767473828,0.07178544993126784,428481000.0,30200000.0,212838000.0,215643000.0,358626000.0,206893000.0,638000.0,39997000.0,0.14004628019458085,0.0704815382712419,1.7333887565069868,1.5400666044767102,7.83522130094593,1.6792929292929295,-0.09404861693210398,0.06259389083625444,0.5755729619959384,283953000.0,27860000.0,3776000.0,37319000.0,0.12919501212652393,0.06502038596810594,0.015359396037308364,1.0,1.8283419801578131,527108384.0,0.572,,BIOFILCHEM.NS,,,,,0.23267682981219648,37.634408602150536,19.56989247311828,65.80366774541531,,27.956989247311824,,5.895196506550218,32.61571582346609,74.30025445292621,47.781569965870304,89.86928104575163,98.9010989010989,20.652173913043477,,37.56345177664975,47.23624669689017,Q2 (Low)
2026-08-31,455.0,483.95001220703125,450.0,468.04998779296875,47143,-0.025772367809494545,0.23244282326542431,,,0.5674642048659836,44.68310529006813,0.5202745661128084,,0,4358821000.0,1894962000.0,342968000.0,1382169000.0,1283753000.0,1020934000.0,206588000.0,56231000.0,0.4347418717125571,0.0786836623940281,0.23422251108728714,0.31709698562982974,,,,,,,,,,,,,0.33229034057478213,-3.164325538996417,-0.036998963168281995,12.364934741913103,4.613393332169096,15467227000.0,185785000.0,-257800000.0,1053301000.0,,,,0.0,,7421285376.0,0.213,0.21,EVERESTIND.NS,,,,,0.17746047765430342,84.3010752688172,30.0,16.2891046386192,,9.462365591397841,,31.113537117903928,33.47685683530678,30.725190839694655,,5.446623093681917,85.27472527472527,66.08695652173913,15.817223198594025,,40.53291055869866,Q1 (Lowest)
2026-08-31,347.5397159707117,364.0,345.1565925503814,356.79998779296875,675531,0.014328328012390923,0.13351991320128986,,,0.3262676031399628,61.17108796156097,0.9511302794539812,,0,3272300000.0,1420300000.0,191100000.0,1313500000.0,1224500000.0,1417600000.0,-229400000.0,36300000.0,0.4340372215261437,0.05839929101854965,0.4332121138037466,0.40139962717354766,12135218000.0,2018032000.0,5905803000.0,6229415000.0,5746088000.0,4345954000.0,75821000.0,3018070000.0,0.3239520885990097,0.16629548805798133,1.32216953976043,0.6277144212755128,-0.10894782703409212,18.028187919463086,0.09426832530765106,12.604606525911707,4.071428571428571,14553900000.0,1715300000.0,1335500000.0,2160600000.0,0.2753549089280454,0.14134892343919986,0.16192889751216347,1.0,2.38941663841556,25934815232.0,0.511,0.7,EVEREADY.NS,,,,,0.29303961810070417,71.72043010752688,55.6989247311828,49.083063646170444,,60.32258064516129,,50.87336244541485,74.27341227125942,67.93893129770993,29.351535836177472,98.69281045751634,15.164835164835164,2.0652173913043477,52.54833040421792,54.314720812182735,52.13654368071063,Q3 (Medium)
2026-08-31,12.8100004196167,13.369999885559082,12.6899995803833,13.369999885559082,3396,-0.08173080355508289,-0.1329442399865125,,,0.7712290630550033,61.904763870695,0.6128092982532939,,0,56000.0,56000.0,-14725000.0,-8844000.0,-10462000.0,-9286000.0,-4142000.0,2966000.0,1.0,-262.94642857142856,-165.82142857142858,-157.92857142857142,310664000.0,356975000.0,579993000.0,-269329000.0,152981000.0,477017000.0,1553000.0,52413000.0,-1.3254235526066633,1.149071022068859,0.3207034550131337,0.2108268678055499,-0.6853932584269663,-0.10228151585460166,-0.9888932963109877,-1.5575837636603818,-1.3758126885649937,1083000.0,-7949000.0,-51305000.0,7364000.0,0.02951408871677391,-0.02558712950325754,-0.585366131939849,0.0,-2.573022300620606,157182400.0,,,EUROTEXIND.NS,,,,,0.27902473683943846,9.89247311827957,10.967741935483872,22.97734627831715,,0.9677419354838719,,1.5283842794759825,75.78040904198062,,2.5597269624573378,40.19607843137255,1.8681318681318682,9.782608695652174,,2.199661590524535,25.24802027581063,Q1 (Lowest)
2026-08-31,801.0,839.75,801.0,836.75,177461,0.14962784067085955,0.0751275003654519,,,0.4362285467645373,75.74866988295531,0.26895982401909047,,0,2862750000.0,982590000.0,368180000.0,573730000.0,514560000.0,416700000.0,92130000.0,5730000.0,0.34323290542310714,0.12861060169417518,0.14555933979565103,0.2004121910750153,9288270000.0,78520000.0,1525150000.0,7763120000.0,7111810000.0,1280830000.0,3542520000.0,,0.010114490050392111,0.008453673288997843,5.552501112559825,,0.024804364479892316,0.8831344902386118,0.11915354423055868,0.7307692307692308,0.28881750381885163,11079630000.0,1239820000.0,1951470000.0,1931260000.0,0.15970640670245984,0.13348233847637936,0.24885993236108772,1.0,3.299131269870492,12986141696.0,0.435,13.15,EXPLEOSOL.NS,,,,,0.3342608008269885,62.1505376344086,89.56989247311829,5.177993527508091,,28.064516129032256,,40.39301310043668,93.43379978471475,57.88804071246819,89.76109215017065,81.69934640522875,40.65934065934066,52.5,100.0,15.905245346869712,57.14685452821978,Q4 (High)
2026-08-31,289.0,293.8500061035156,246.10000610351562,266.70001220703125,422634,-0.07379753116565801,0.02655898667539991,,,0.4367733938872943,39.79639505595407,1.7861857833491417,,0,157900000.0,-360600000.0,-1031600000.0,-186000000.0,-195000000.0,-2241400000.0,0.0,2037900000.0,-2.2837238758708045,-6.53324889170361,-14.195060164661179,-1.1779607346421785,,,,,,,,,,,,,-0.6849561053471668,-0.708128239185353,-0.8218034081932062,-0.15457151478575737,-0.7697164788906772,2268700000.0,-12471600000.0,-5891800000.0,-3933200000.0,,,,0.0,,19245488128.0,0.817,,BGRENERGY.NS,,,,,0.26137858936405983,50.967741935483865,12.903225806451612,80.7982740021575,,27.741935483870975,,46.39737991266376,23.358449946178688,91.0941475826972,,19.825708061002178,1.9780219780219779,14.728260869565219,,,41.319543038539535,Q1 (Lowest)
2026-08-31,282.75,292.5,272.0,277.6499938964844,380844,0.036587595929272965,-0.09383159455842882,,,0.38981136972336144,58.02650579991344,1.8905996308203459,,0,1776408000.0,455120000.0,140172000.0,178607000.0,141803000.0,76541000.0,31573000.0,33689000.0,0.2562024039522452,0.0789075482659389,0.04308751142755493,0.10054390658001991,4455062000.0,865323000.0,1973288000.0,2481774000.0,2163062000.0,1573860000.0,21628000.0,918932000.0,0.34867115216776384,0.19423366049675628,1.3743674786829831,0.7904959780412489,0.17747248886761913,0.24079627798401604,0.4186794616645211,0.182721429012918,0.14734373996274175,5815811000.0,273288000.0,475400000.0,643239000.0,0.11011800429853806,0.0613432540332772,0.14203352935394462,1.0,2.3490777232729867,6924572160.0,0.281,0.9,DMCC.NS,,,,,0.28786232034438186,16.344086021505376,64.30107526881721,83.1715210355987,,38.60215053763441,,30.240174672489083,66.7384284176534,37.086513994910945,32.76450511945392,62.745098039215684,74.28571428571429,38.369565217391305,59.666080843585235,56.852791878172596,50.74451368880948,Q3 (Medium)
2026-08-31,3945.10009765625,4023.0,3885.5,3900.0,1918378,-0.04397703256321572,-0.0996606819141499,,,0.2378557519702474,43.31976179531401,0.5722705558954191,,0,187945300000.0,29687000000.0,12116400000.0,15251200000.0,12374200000.0,8606100000.0,3227000000.0,542800000.0,0.1579555328066198,0.06446769352572264,0.04579045073220772,0.0811470145834985,,,,,,,,,,,,,0.06280698897186476,0.310726633058682,0.263764586272329,0.5621891450353966,0.5560543606905277,709389700000.0,31460900000.0,44010300000.0,55525900000.0,,,,0.0,,2543759130624.0,0.228,,DMART.NS,,,,,0.5368512436452298,15.483870967741936,20.967741935483872,20.17259978425027,,88.49462365591398,,97.70742358078603,30.893433799784713,32.63358778625955,,66.99346405228758,51.208791208791204,95.65217391304348,,,51.347180712289514,Q3 (Medium)
2026-08-31,20.0,24.0,19.3700008392334,23.0,6619461,0.2221041643441335,0.11596309164823793,,,0.44908349035304845,78.82187934537023,4.778820408091057,,0,1422200000.0,280500000.0,66100000.0,84900000.0,61500000.0,29500000.0,16600000.0,15400000.0,0.19722964421319084,0.04647728870763606,0.020742511601743778,0.05969624525383209,1874600000.0,682300000.0,1045600000.0,829000000.0,1334900000.0,983000000.0,2800000.0,681600000.0,0.8230398069963811,0.36397098047583487,1.3579857578840284,0.6645981688708037,0.160695339916755,0.01724137931034475,0.1872443442691376,0.10486891385767794,0.22158273381294968,4785600000.0,109700000.0,258900000.0,317000000.0,0.13232810615199034,0.05851915075216046,0.1713094686693575,1.0,3.505510508908567,1840000000.0,0.118,,CENTEXT.NS,,,,,0.38314009944750543,69.46236559139784,94.94623655913979,99.24487594390507,,25.268817204301072,,16.812227074235807,95.58665231431647,21.119592875318066,31.74061433447099,48.36601307189542,72.08791208791209,30.65217391304348,,81.21827411167513,55.76705033877407,Q4 (High)
2026-08-31,330.1000061035156,334.75,315.25,316.95001220703125,1570718,-0.09713709378063817,-0.07903525256965283,,,0.3267378276248319,23.557676789314144,0.533964535654605,,0,7074100000.0,,,,,1500400000.0,517000000.0,8086600000.0,,,0.21209765199813405,,,,,,,,,,,,,,-0.08172696236873189,-0.2556801269967258,0.13345190027558806,0.2650927487352446,,29802100000.0,6646200000.0,,,,,,0.0,,53715922944.0,0.271,,CSBBANK.NS,,,,,0.23988451208731557,19.56989247311828,7.634408602150537,17.475728155339805,,60.10752688172043,,61.02620087336245,3.8751345532831003,35.68702290076336,,32.89760348583878,17.692307692307693,79.13043478260869,,,39.00641736003288,Q1 (Lowest)
2026-08-31,666.7000122070312,703.0,656.5,697.4500122070312,1034818,0.05963232949265618,0.3261694165259881,,,0.3311956554775642,57.51799439354766,0.8299087912778113,,0,11578680000.0,4974060000.0,1116030000.0,1852260000.0,1451080000.0,846130000.0,398740000.0,238920000.0,0.42958782866440737,0.0963866347459296,0.07307655104036039,0.15997160298065063,54469650000.0,1917380000.0,21158440000.0,33133480000.0,35598580000.0,10947570000.0,3858980000.0,7557130000.0,0.0578683555123096,0.03520088709951322,3.251733489715069,2.5614314409499093,-0.0014824243459093944,0.2758870274590226,0.09693646990612459,-0.4268072105516302,0.547741800710257,43590170000.0,2551880000.0,3674730000.0,6224500000.0,0.07701817014089676,0.046849575864724664,0.1048399383067919,1.0,2.2828642739580665,106781032448.0,,0.14,AKUMS.NS,,,,,0.34665297643061976,90.86021505376344,72.47311827956989,39.80582524271845,,58.387096774193544,,71.2882096069869,66.09257265877288,,80.03412969283276,65.25054466230938,30.98901098901099,75.10869565217392,9.92970123022847,27.749576988155667,55.86457978871443,Q4 (High)
2026-08-31,126.94999694824219,131.8300018310547,120.83999633789062,123.6500015258789,3379577,-0.04635201269847544,0.056747280304445535,,,0.5998272465242124,39.516133373907216,1.6050960702783352,,0,4311300000.0,1252600000.0,1057900000.0,1100700000.0,1087700000.0,556000000.0,284100000.0,218300000.0,0.2905388165982418,0.2453784241412103,0.12896342170575,0.2553058242293508,25935100000.0,7112300000.0,10748400000.0,13984700000.0,22368700000.0,3563300000.0,330300000.0,14952300000.0,0.5085772308308365,0.2742345315807535,6.2775236438133195,2.081329105043078,1.3721045392022009,1.1769772905246674,1.8478102913006142,1.199367088607595,1.4106438896189224,10904300000.0,1497900000.0,2941200000.0,3063300000.0,0.10710991297632412,0.057755705588179725,0.13941318670901076,1.0,2.1838654950241176,24333783040.0,0.56,0.69,AJMERA.NS,,,,,0.4728894955442972,58.387096774193544,20.75268817204301,76.1596548004315,,7.096774193548384,,50.32751091703057,22.604951560818083,73.47328244274809,91.29692832764505,85.62091503267973,96.81318681318682,70.43478260869566,51.933216168717045,66.49746192893402,58.09322998271143,Q5 (Highest)
2026-08-31,114.58999633789062,116.0,110.62000274658203,111.80999755859375,50404,-0.012104636357024079,-0.15237666246300974,,,0.3374780677627899,48.6284216751939,0.7684359444102351,,0,116207000.0,78951000.0,45066000.0,68750000.0,45066000.0,22154000.0,9152000.0,13760000.0,0.6793996919290576,0.3878079633757003,0.19064256025884843,0.5916166840207561,2145799000.0,579329000.0,1372016000.0,773783000.0,608919000.0,840895000.0,1541000.0,,0.7486969861059237,0.26998288283292143,0.7241320259961113,,0.3668999588307946,0.3288147792706333,0.04316017199436262,-0.3192809955446305,-0.05504776304034087,397190000.0,88897000.0,141617000.0,237525000.0,0.11488621486902659,0.04142839100959596,0.10466022029218572,1.0,0.6295243869532979,1254882048.0,0.47,,CROWN.NS,,,,,0.25908627839201426,7.849462365591398,39.462365591397855,34.51995685005394,,56.236559139784944,,12.663755458515283,43.59526372443487,61.895674300254456,7.849829351535837,68.1917211328976,86.37362637362638,25.65217391304348,,77.15736040609137,44.76318324048184,Q2 (Low)
2026-08-31,261.5,271.0,248.3000030517578,249.9499969482422,30031472,-0.023335876244588105,-0.10315187140619575,,,0.3007800527708681,43.558644456458715,1.688291078054918,,0,22832700000.0,7213700000.0,2260400000.0,-4295200000.0,-4742000000.0,-5339300000.0,474700000.0,94000000.0,0.31593723037573307,0.09899836637804552,-0.23384444240059213,-0.1881161667257924,60825500000.0,1991700000.0,26468900000.0,29663000000.0,33177200000.0,23273000000.0,1531800000.0,7441800000.0,0.06714425378417557,0.032744490386433324,1.4255661066471876,1.1058050100975378,0.20279723963546337,-6.43108534228461,0.29044965411222146,-5.860979606700655,-3.1271790808240887,82407300000.0,-1438500000.0,7578000000.0,2571100000.0,-0.048494757779051344,-0.023649620636081906,0.23939572954411192,0.0,1.9756835537726776,160946520064.0,,1.2,CROMPTON.NS,,,,,0.3268099786830576,14.086021505376344,31.61290322580645,78.20927723840344,,69.35483870967742,,77.18340611353712,31.539289558665228,,35.49488054607509,2.6143790849673203,77.6923076923077,77.6086956521739,68.54130052724078,29.441624365482234,49.558594947980865,Q3 (Medium)
2026-08-31,31.110000610351562,31.729999542236328,31.09000015258789,31.360000610351562,25525250,-0.009162685992859299,-0.09180417842487576,,,0.31222776380070644,39.941711875829945,0.5457049157606768,,0,49204400000.0,,,,,13231300000.0,4622700000.0,57939500000.0,,,0.2689048133906724,,5586024400000.0,288185700000.0,5175517000000.0,409580700000.0,,,371056000000.0,,0.703611522710909,0.05159048356466184,,,-0.05058281669975828,0.7742986643780507,-0.04246259710740585,0.19785800937913045,,207320000000.0,46151200000.0,,,0.1126791374691239,0.008261904477180587,,1.0,,283851948032.0,0.378,4.42,CENTRALBK.NS,,,,,0.3895216640361732,16.881720430107528,40.96774193548387,18.12297734627832,,64.83870967741936,,84.93449781659389,23.896663078579117,51.01781170483461,,79.95642701525054,20.98901098901099,96.73913043478261,96.04569420035149,76.14213197969542,54.70216777389251,Q4 (High)
2026-08-31,4359.7998046875,4617.7001953125,4309.89990234375,4607.0,335088,0.1388320000782144,0.14552769547978373,,,0.2712364621244883,67.83007208781855,0.7970866593347458,,0,10753900000.0,4984500000.0,2654000000.0,3290100000.0,2865400000.0,2164600000.0,633800000.0,67000000.0,0.46350626284417745,0.24679418629520453,0.20128511516752062,0.30594482001878387,50236700000.0,3346600000.0,17523100000.0,32713600000.0,25436200000.0,13616400000.0,3975800000.0,,0.10229996087254231,0.06661663684119379,1.868056167562645,,0.016763421137227397,-0.07202263568550116,0.32245013404166367,0.3542292292292293,0.25294184850908263,40576400000.0,8627900000.0,10561000000.0,13610600000.0,0.2637404626821872,0.1717449593623785,0.2928713651061281,1.0,2.1899332559662557,336909991936.0,0.166,0.87,CRISIL.NS,,,,,0.245421922134512,73.76344086021506,88.49462365591397,36.78532901833872,,78.49462365591398,,85.91703056768559,85.36060279870829,25.508905852417303,52.55972696245734,42.48366013071895,37.582417582417584,82.6086956521739,58.34797891036907,34.01015228426396,58.79447919543957,Q5 (Highest)
2026-08-31,376.54998779296875,395.0,372.1000061035156,377.0,23167,0.021126726801392604,0.03457740481492677,,,0.26500722973149304,49.77658628645609,0.7000157595814912,,0,313336000.0,169607000.0,86002000.0,102098000.0,86002000.0,83516000.0,25715000.0,,0.5412943294099625,0.2744721321520668,0.266538157122067,0.32584190772844485,19252186000.0,2820409000.0,5922181000.0,13070325000.0,11754915000.0,57215000.0,1290211000.0,5910636000.0,0.21578721263625808,0.1464981171488786,205.45162981735558,102.14592327186926,-0.097121089439,-0.24353504886642574,-0.33099753823423284,0.07978537720602485,-0.404249111607742,1565924000.0,485107000.0,663714000.0,716264000.0,0.03711514442066284,0.02519750224727727,0.04176735951907571,1.0,1.7756646232277207,10656574464.0,0.007,0.27,CREST.NS,,,,,0.3293791586148728,52.795698924731184,58.602150537634415,28.802588996763756,,80.96774193548387,,35.69868995633188,46.178686759956946,12.213740458015266,98.97610921501706,33.33333333333333,16.373626373626372,35.0,20.38664323374341,44.33164128595601,44.24404340070624,Q2 (Low)
2026-08-31,23.809999465942383,25.75,23.399999618530273,25.1299991607666,2281419,0.031609135103545016,0.05677032948444083,,,0.5547867560122631,63.5477595891725,1.42021114816898,,0,9950090000.0,7735420000.0,2172179000.0,5030759000.0,4420738000.0,135791000.0,544149000.0,4189331000.0,0.7774221137698252,0.21830747259572528,0.013647213241287265,0.5055993463375709,214826665000.0,160577027000.0,201650325000.0,3116573000.0,71298275000.0,111709041000.0,9872132000.0,,51.5235892116116,0.7474725123159176,0.63824981721936,,0.14821710038684754,-1.1396383148507683,-0.08598212399298188,-1.6623014305293398,0.004924184616073024,35038305000.0,-1382455000.0,7633079000.0,16615347000.0,-0.44358178037222296,-0.006435211383093435,0.04663028365189598,0.0,0.02558818012652203,11924372480.0,0.013,,CENTRUM.NS,,,,,0.2862108797833196,58.49462365591398,62.473118279569896,70.87378640776699,,10.322580645161295,,37.99126637554585,78.79440258342304,12.72264631043257,6.996587030716723,13.398692810457517,69.67032967032966,80.21739130434783,,100.0,50.13036167157769,Q3 (Medium)
2026-08-31,1602.0,1606.0,1507.5,1523.5999755859375,1267162,-0.014552745847805193,0.09548455715809645,,,0.33789700712279397,53.49917724325935,0.5401463468082908,,0,17486100000.0,9559700000.0,8367300000.0,8529400000.0,8367300000.0,4933900000.0,1666400000.0,,0.5467028096602444,0.47851150342271864,0.2821612595147002,0.48778172376916523,,,,,,,,,,,,,0.11143527258166008,0.45307024002356067,0.2363259707570915,7.197208838677522,0.3781102565759711,,,,,,,,0.0,,244171423744.0,0.113,,CREDITACC.NS,,,,,0.3295113254870857,66.02150537634408,37.096774193548384,17.90722761596548,,55.913978494623656,,83.07860262008734,55.97416576964478,20.865139949109416,,72.4400871459695,63.29670329670329,92.17391304347827,,,54.317873167031614,Q4 (High)
2026-08-31,6.099999904632568,6.71999979019165,5.760000228881836,6.269999980926514,63664,-0.047112453856221315,-0.0779412051385654,,,0.46465289223969536,55.458513101564186,0.32255457825657524,,0,4216000.0,4216000.0,-2044000.0,176000.0,34000.0,-1368000.0,0.0,1402000.0,1.0,-0.484819734345351,-0.32447817836812143,0.04174573055028463,226632000.0,66843000.0,79274000.0,147358000.0,211518000.0,77933000.0,906000.0,127788000.0,0.4536095766772079,0.29494069681245366,2.714100573569605,1.0743844071189355,inf,-0.9628371954035478,-0.6481095067189717,-1.59375,-0.9609236234458259,4216000.0,-51789000.0,-18536000.0,-44267000.0,-0.35145020969339974,-0.2285158318331039,-0.0865355437182833,0.0,1.6367123795404004,125765224.0,0.144,,CREATIVEYE.NS,,,,,0.2991314166067985,19.78494623655914,20.43010752688172,7.119741100323624,,22.043010752688176,,0.9825327510917031,61.67922497308934,23.02798982188295,74.40273037542661,15.686274509803921,99.78021978021978,14.728260869565219,,63.28257191201354,38.196507373969716,Q1 (Lowest)
2026-08-31,9934.5,10762.0,9922.5,10483.0,222640,0.1307074853363206,0.20807921159340959,,,0.3033771359510286,74.53276289124071,0.6285823676317219,,0,24315800000.0,10812500000.0,2634800000.0,4075700000.0,2871800000.0,1505500000.0,504700000.0,861600000.0,0.44466972092219875,0.10835752884955462,0.06191447536169898,0.16761529540463402,,,,,,,,,,,,,0.09215774344232841,0.29316268682356994,0.3629932735426009,1.1630747126436782,0.5563235069497481,87168500000.0,4649400000.0,8941500000.0,14328100000.0,,,,0.0,,274176917504.0,0.325,0.11,CRAFTSMAN.NS,,,,,0.2498285753445474,82.04301075268818,87.31182795698925,24.487594390507013,,68.49462365591398,,84.49781659388647,92.35737351991389,43.320610687022906,,66.33986928104575,59.120879120879124,78.91304347826087,6.6783831282952555,,59.57100217102686,Q5 (Highest)
2026-08-31,3600.0,3864.0,3577.199951171875,3851.800048828125,161736,0.08417767212767324,0.3138268668519091,,,0.41299983663009543,57.3621387391076,0.9919138085980033,,0,3388570000.0,1034220000.0,437130000.0,561650000.0,511730000.0,16400000.0,112120000.0,49640000.0,0.3052083917404687,0.1290013191405224,0.004839799679510826,0.16574838353641802,13027120000.0,1229800000.0,9776370000.0,3432100000.0,11226350000.0,9706850000.0,374320000.0,4562100000.0,0.35832289268960693,0.094403060691849,1.1565389389966878,0.6865512498905412,0.04585816622890815,-1.0265587044534412,0.2729987828151532,-0.9238095238095239,0.13705840672132807,12133420000.0,-514030000.0,848860000.0,892170000.0,-0.1497712770606917,-0.03945845282763957,0.18208455779832258,0.0,1.5698380762593729,56779317248.0,0.144,0.13,CENTUM.NS,,,,,0.2749556252201791,90.21505376344085,79.78494623655914,51.34843581445523,,33.11827956989248,,62.117903930131,65.76964477933261,23.02798982188295,19.965870307167236,14.814814814814813,46.81318681318681,55.869565217391305,8.699472759226714,58.206429780033844,47.31677290716767,Q2 (Low)
2026-08-31,3.930000066757202,4.050000190734863,3.799999952316284,3.859999895095825,990883,0.03763437242173873,-0.08313542514959205,,,0.3881112708907829,29.26829622871206,0.48197847728378596,,0,292744000.0,65748000.0,9411000.0,23143000.0,19333000.0,15438000.0,3680000.0,215000.0,0.2245921351078075,0.032147541879594455,0.05273549585986391,0.07905542043560244,950511000.0,19396000.0,69723000.0,880788000.0,620039000.0,54812000.0,68301000.0,239870000.0,0.02202119011612329,0.020405865897396243,11.312103189082682,6.935871706925491,-0.13986355062201405,1.109016393442623,,,,,,,,,,,0.0,2.0780133002143057,664860288.0,0.332,,AJOONI.NS,,,,,0.36458645424200653,18.602150537634408,64.73118279569893,13.160733549083064,,38.9247311827957,,7.423580786026202,8.719052744886975,44.465648854961835,95.22184300341297,84.53159041394336,12.747252747252746,21.73913043478261,,20.642978003384094,38.72732500359086,Q1 (Lowest)
2026-08-31,112.5,117.0,109.0,116.12999725341797,110184,0.007460749851624815,0.21742318897656054,,,0.3495761593774259,67.65936341967198,0.9358138870153759,,0,137402000.0,119285000.0,107840000.0,148972000.0,142159000.0,91374000.0,31286000.0,19499000.0,0.8681460240753409,0.7848502932999519,0.6650121541171162,1.0842054700804937,6625232000.0,772069000.0,896056000.0,5729176000.0,4499904000.0,9501000.0,29680000.0,26668000.0,0.134760915007673,0.1165346360701029,473.62425007893904,470.81738764340594,-0.09002284843869002,-0.26883837050195647,0.0020346696032029765,0.0629951488500331,0.05224792512802412,585704000.0,425782000.0,456156000.0,635738000.0,0.07431819165618232,0.06426673058392521,0.07016440697128011,1.0,2.183192784796064,2113450496.0,-0.237,5.25,CPCAP.NS,,,,,0.36591043258089134,83.33333333333334,51.82795698924731,48.004314994606254,,51.82795698924731,,17.79475982532751,85.14531754574811,3.5623409669211195,99.48805460750853,32.24400871459695,16.923076923076923,38.15217391304348,97.18804920913884,37.22504230118444,50.84775908753201,Q3 (Medium)
2026-08-31,5.949999809265137,6.489999771118164,5.800000190734863,6.190000057220459,207649,0.20898441319877836,0.21372552411183232,,,0.5734683495563677,35.664344058943726,0.1173028759118639,,0,36759000.0,39194000.0,2998000.0,3376000.0,3008000.0,1792000.0,1216000.0,0.0,1.0662422808019805,0.08155825784161702,0.04874996599472238,0.09184145379362878,449921000.0,0.0,192984000.0,256937000.0,443981000.0,192984000.0,7929000.0,429440000.0,0.0,0.0,2.3006104132985117,0.07534821539609501,-0.17001964370385425,1.5490753911806543,0.4051605504587157,1.020293122886133,0.776842105263158,174835000.0,5941000.0,8652000.0,10218000.0,0.023122399654389985,0.013204540352639686,0.03367362427365463,1.0,1.8795957512541093,480327264.0,0.6,,COUNCODOS.NS,,,,,0.30045743888565213,82.79569892473118,94.19354838709677,1.0787486515641855,,8.817204301075265,,5.458515283842795,16.146393972012916,76.52671755725191,65.8703071672355,88.67102396514161,10.54945054945055,19.021739130434785,,5.245346869712352,41.62497965063665,Q1 (Lowest)
2026-08-31,802.0,827.9000244140625,756.2000122070312,781.9500122070312,625700,0.01079373950958229,0.01407085587423218,,,0.19845231012699185,43.77959467221019,1.2623927028088606,,0,15613845000.0,7353746000.0,1436679000.0,1999542000.0,1458381000.0,803013000.0,329768000.0,295570000.0,0.47097598317390754,0.09201314602521032,0.05142954858332461,0.1280621141045015,,,,,,,,,,,,,0.046359535359214776,0.028506985537094742,0.33524717240603175,0.5485380725930553,0.5376704032925987,57892045000.0,2911405000.0,5205218000.0,7228686000.0,,,,0.0,,173728169984.0,0.211,0.13,CENTURYPLY.NS,,,,,0.2745528120567847,46.98924731182796,53.5483870967742,64.5091693635383,,96.45161290322581,,78.27510917030568,31.86221743810549,30.025445292620866,,48.910675381263616,47.03296703296703,72.17391304347827,8.699472759226714,,51.89854778622226,Q3 (Medium)
2026-08-31,896.75,943.0,862.0,892.5,1144991,0.09683317952771886,0.17562528294778468,,,0.36115538748071474,64.21408029988632,1.7733578952554283,,0,10206800000.0,3681600000.0,861000000.0,1304400000.0,933800000.0,369100000.0,208000000.0,356700000.0,0.3607007093310342,0.08435552768742408,0.03616216639887134,0.12779715483795118,46949700000.0,16803800000.0,30783500000.0,16166200000.0,19182400000.0,15431100000.0,517000000.0,7103800000.0,1.0394403137410153,0.357910700174868,1.2430999734302803,0.7827439391877442,0.1353756479565731,0.251186440677966,0.3684605690075886,0.36199261992619935,0.5288326300984529,36387200000.0,1559700000.0,2520300000.0,4786200000.0,0.09647907362274374,0.03322065955693008,0.07644222020018199,1.0,1.4186028877713808,23167653888.0,0.501,0.44,COSMOFIRST.NS,,,,,0.37002878399615446,77.20430107526882,82.15053763440861,80.47464940668824,,47.74193548387097,,49.78165938864629,80.40904198062432,65.9033078880407,25.25597269624573,63.61655773420479,67.47252747252747,66.30434782608695,34.885764499121265,86.63282571912013,61.85556192032361,Q5 (Highest)
2026-08-31,214.99000549316406,225.99000549316406,211.5,216.77000427246094,78182,-0.04384456859882513,-0.04422397991329807,,,0.2579181043567005,53.766316511590226,0.5573871163977782,,0,682691000.0,368827000.0,327347000.0,332972000.0,327347000.0,194162000.0,107674000.0,,0.5402546686568301,0.4794951156526159,0.28440685463848214,0.48773456805494725,14876008000.0,8556991000.0,8660312000.0,6215696000.0,14717690000.0,25555000.0,763318000.0,,1.3766746314491571,0.5752209194832377,575.9221287419292,,0.07992362765476146,-0.0719188558754923,0.2297459416227745,0.023181547509261602,0.31867487772519354,2516711000.0,861102000.0,1182425000.0,1203395000.0,0.1385366980624535,0.05788528750455095,0.08004129512796149,1.0,2.0119303848182923,4874612224.0,0.448,1.38,CSLFINANCE.NS,,,,,0.4079590493611711,29.03225806451613,21.182795698924732,18.77022653721683,,82.90322580645162,,27.074235807860266,56.727664155005385,59.28753180661578,99.65870307167235,42.592592592592595,55.714285714285715,55.326086956521735,73.90158172231986,93.06260575296108,54.3489195791296,Q4 (High)
2026-08-31,36.47999954223633,40.97999954223633,34.0,37.65999984741211,204468,0.28400954467692685,0.18539500487193394,,,0.46307367469975613,72.15761990542116,1.9193843014348662,,0,398799000.0,97375000.0,45184000.0,65454000.0,58220000.0,38412000.0,1839000.0,17970000.0,0.24417062229343603,0.1133001838018651,0.09631919839317551,0.164127793700586,1849502000.0,808656000.0,1045756000.0,803746000.0,995401000.0,431365000.0,128255000.0,,1.0061088950987003,0.43722904868445667,2.3075608823154403,,-0.14740447293087933,2.066826347305389,-0.21075380325396653,-1.6163572471558543,2.4782654904878307,1810251000.0,4766000.0,46039000.0,198920000.0,0.005929734020449246,0.002576909892500792,0.028553053146795897,1.0,2.057021079187803,724984064.0,0.765,,CTE.NS,,,,,0.3719300970561841,78.49462365591397,97.31182795698925,84.03451995685005,,22.58064516129032,,8.296943231441048,91.06566200215285,88.04071246819338,66.21160409556313,91.93899782135077,12.307692307692308,19.891304347826086,,85.78680203045685,59.730755669047994,Q5 (Highest)
2026-08-31,615.0,631.2999877929688,600.0999755859375,610.25,456158,0.1825404794793306,0.40919066436216256,,,0.5110274592860287,75.51361659787736,0.21799783279560078,,0,5542900000.0,1722800000.0,713100000.0,946100000.0,801900000.0,617000000.0,180300000.0,4600000.0,0.3108120298038933,0.12865106713092425,0.1113135723177398,0.17068682458640783,,,,,,,,,,,,,0.1463404545736562,0.5659898477157361,0.3804447986451822,3.011703511053316,1.8199701937406854,18581700000.0,1471600000.0,1574800000.0,2480400000.0,,,,0.0,,13334321152.0,0.219,1.8,CENTENKA.NS,,,,,0.17587683569993676,94.08602150537635,92.68817204301075,3.344120819848975,,14.623655913978496,,40.93886462882096,93.21851453175456,31.361323155216287,,75.59912854030502,69.34065934065934,63.91304347826087,80.4920913884007,,57.307039689708816,Q4 (High)
2026-08-31,208.5,215.0,200.74000549316406,212.0,16873818,-0.06592986072883333,0.16717057220763376,,,0.36607282449752476,43.018097016786726,0.888588199334443,,0,10637234000.0,,,,,3825732000.0,1200000000.0,11648510000.0,,,0.3596547749161107,,,,,,,,,,,,,,-0.011693663550648159,0.06398928260238979,0.22384729685496452,0.2505677962445034,,,,,,,,,0.0,,210046894080.0,0.344,0.94,CUB.NS,,,,,0.32056905730097196,76.34408602150538,15.268817204301074,44.55231930960086,,45.59139784946237,,81.6593886462882,30.139935414424112,46.75572519083969,,51.9607843137255,28.46153846153846,89.02173913043478,61.072056239015815,,51.38851918540909,Q3 (Medium)
2026-08-31,29.399999618530273,29.399999618530273,27.31999969482422,28.489999771118164,17843,-0.09526833984773553,-0.048430218339175934,,,0.3648344894520784,42.12859250788421,1.1575953723399333,,0,1115009000.0,244096000.0,22022000.0,95943000.0,52734000.0,9150000.0,5163000.0,38421000.0,0.2189184123177481,0.019750513224556933,0.008206211788425026,0.08604683908381008,3421782000.0,1675418000.0,1943033000.0,1478749000.0,2029697000.0,1444376000.0,3276000.0,1130901000.0,1.132996877766274,0.48963317943691326,1.4052414329786704,0.6222728707760307,0.19521894840876364,-0.07463592233009708,-0.07287863455665244,-0.4300485860221751,-0.24704525121250642,3932905000.0,74353000.0,68074000.0,448612000.0,0.05028101456028034,0.021729321154883626,0.02158224342591879,1.0,2.010519957145137,663817024.0,0.908,,DAMODARIND.NS,,,,,0.3925614880280531,28.064516129032256,8.064516129032258,60.19417475728155,,46.12903225806452,,7.314410480349346,28.202368137782564,94.78371501272265,34.641638225255974,42.15686274509804,77.03296703296704,23.152173913043477,,89.00169204737732,45.9158711245338,Q2 (Low)
2026-08-31,155.6999969482422,156.30999755859375,151.22000122070312,152.02000427246094,1000134,0.0032337193764369054,-0.027507694794558835,,,0.3933496791630604,24.372949579607408,0.29192966004917986,,0,248400000.0,54700000.0,-20100000.0,60400000.0,24200000.0,2500000.0,-400000.0,22100000.0,0.22020933977455717,-0.08091787439613526,0.010064412238325281,0.2431561996779388,4531500000.0,33200000.0,1212400000.0,3319100000.0,3341600000.0,43600000.0,216200000.0,,0.01000271157843994,0.0073264923314575745,76.64220183486239,,-0.6237503786731293,-0.9875373878364905,-0.24750075734625876,-0.9705882352941176,-0.5420773313115996,2213900000.0,726900000.0,906900000.0,1208100000.0,0.2190051519990359,0.1604104601125455,0.2705306804283626,1.0,2.4049652432969215,10745686016.0,,0.68,DAMCAPITAL.NS,,,,,0.30432411436291845,33.763440860215056,49.354838709677416,5.825242718446602,,37.8494623655914,,36.135371179039296,4.413347685683531,,98.46416382252559,15.14161220043573,2.7472527472527473,12.228260869565217,51.14235500878734,15.736040609137056,34.18675925175714,Q1 (Lowest)
2026-08-31,1341.9000244140625,1362.0,1312.5,1328.0,7166804,-0.004742828510837072,0.13338439599510932,,,0.27770431722890854,32.47549991248633,0.7841705850443472,,0,2927600000.0,1984800000.0,1187200000.0,1858900000.0,1667100000.0,1175100000.0,490000000.0,400000.0,0.6779614701461948,0.4055198797649952,0.4013868014756114,0.6349569613335155,,,,,,,,,,,,,0.11379961042123199,0.46485397583632926,0.30411444633267926,0.17151633154181356,0.3133538318929703,11188030000.0,4334170000.0,4769010000.0,6624481000.0,,,,0.0,,277552005120.0,0.388,0.96,CDSL.NS,,,,,0.19458619324609683,71.61290322580646,43.97849462365591,35.382955771305284,,76.34408602150538,,84.60698689956332,12.378902045209902,52.2264631043257,,72.76688453159042,63.84615384615384,78.3695652173913,62.038664323374334,,56.90347064065879,Q4 (High)
2026-08-31,351.0,427.0,351.0,404.3999938964844,15196951,0.12161976865381208,0.0946249841605662,,,0.49093444452213325,66.05221362480182,4.396628397735876,,0,9907300000.0,3290800000.0,1332800000.0,2044800000.0,1676100000.0,1044700000.0,391400000.0,249500000.0,0.332159114996013,0.13452706590090135,0.10544749830932747,0.20639326557185106,55210100000.0,18031700000.0,22860200000.0,32424200000.0,24146000000.0,15278200000.0,3275700000.0,16929200000.0,0.5561185780990742,0.3266014732811569,1.5804217774345146,0.47235930934272363,0.41989251164457175,0.5018688901667625,-0.02441113912084447,-0.47439122559871205,-0.04144009000562532,36200700000.0,2357200000.0,2850100000.0,5180600000.0,0.07269878670869288,0.042695086587417885,0.05648695197192003,1.0,1.7708185639946312,32731854848.0,,1.48,DALMIASUG.NS,,,,,0.39222675502715837,65.6989247311828,85.80645161290322,98.27400215749729,,17.74193548387096,,54.47598253275109,82.56189451022605,,41.979522184300336,73.96514161220044,89.01098901098901,75.0,75.7469244288225,69.37394247038917,65.30904738234219,Q5 (Highest)
2026-08-31,3453.859612953134,3527.89990234375,3403.10009765625,3489.199951171875,413942,0.06456763401506427,0.1389087715120818,,,0.2829883316390223,53.93167748230026,0.7297454266638971,,0,16259600000.0,12981100000.0,8725000000.0,4944800000.0,4499800000.0,3342200000.0,1125800000.0,31800000.0,0.798365273438461,0.5366060665699033,0.20555241211345912,0.3041157224039952,,,,,,,,,,,,,0.14372133592189296,0.25316835395575543,0.3892225801214959,0.4837077155287224,0.5684831567595001,57250900000.0,11300300000.0,30003700000.0,16742100000.0,,,,0.0,,435925385216.0,0.216,1.83,AJANTPHARM.NS,,,,,0.36581654203686564,72.25806451612902,74.6236559139785,30.42071197411003,,74.73118279569893,,88.31877729257643,57.37351991388589,31.043256997455472,,63.725490196078425,68.79120879120879,88.04347826086956,80.93145869947276,,62.01738702343093,Q5 (Highest)
2026-08-31,1799.699951171875,1850.0,1794.0,1827.4000244140625,646342,0.048843467371292304,0.028944284096888984,,,0.25175155134886207,45.76762764585004,0.48391258934288384,,0,38900000000.0,26610000000.0,4440000000.0,7620000000.0,4010000000.0,1880000000.0,620000000.0,1470000000.0,0.6840616966580977,0.1141388174807198,0.04832904884318766,0.19588688946015423,,,,,,,,,,,,,-0.08362779740871618,-0.5142118863049095,0.0698569856985698,-0.5216284987277353,-0.19620253164556967,,,,,,,,0.0,,343055597568.0,0.184,0.55,DALBHARAT.NS,,,,,0.2923473788797191,51.50537634408602,68.27956989247312,13.915857605177994,,84.3010752688172,,86.1353711790393,36.38320775026911,27.417302798982192,,25.49019607843137,17.36263736263736,82.22826086956522,43.32161687170474,,49.08936480141225,Q3 (Medium)
2026-08-31,423.79998779296875,426.20001220703125,405.3500061035156,410.0,14732033,-0.06280262119043478,-0.12241095037112848,,,0.23105689847865474,36.54159601489139,1.4072294813183155,,0,37643900000.0,17824300000.0,6202200000.0,9134500000.0,7922800000.0,5908800000.0,1694900000.0,366300000.0,0.47349769816623677,0.16475976187376973,0.15696567040078208,0.24265551656443674,,,,,,,,,,,,,0.23909322519272425,0.603038524145415,0.3301073445129923,0.8457501639958767,0.6081016847701706,137656400000.0,20333600000.0,21304600000.0,32201100000.0,,,,0.0,,727320494080.0,0.429,2.01,DABUR.NS,,,,,0.5350046883990542,10.967741935483872,16.236559139784944,70.3344120819849,,90.53763440860214,,91.48471615720524,16.89989235737352,57.25190839694656,,76.68845315904139,81.20879120879121,92.28260869565217,83.74340949033392,,59.17574180207999,Q5 (Highest)
2026-08-31,3481.89990234375,3790.0,3451.10009765625,3723.10009765625,690637,-0.037712163337216165,0.1967360185428022,,,0.3512772552767359,80.61308500245198,0.6818476166349081,,0,43180000000.0,14640000000.0,1790000000.0,3640000000.0,1780000000.0,40000000.0,330000000.0,1460000000.0,0.33904585456229736,0.04145437702640111,0.0009263547938860583,0.08429828624363131,,,,,,,,,,,,,0.023491961155659435,-0.9835964732417469,0.2623442533809661,-0.9597949542667605,0.023737203284958985,162229400000.0,5156200000.0,11988900000.0,18729300000.0,,,,0.0,,150599745536.0,0.469,0.94,CEATLTD.NS,,,,,0.26880532829650516,80.86021505376344,23.010752688172044,27.831715210355988,,51.29032258064516,,75.54585152838428,96.87836383207751,61.704834605597966,,15.468409586056644,40.21978021978022,72.28260869565217,61.072056239015815,,53.744327349300086,Q4 (High)
2026-08-31,672.0,697.4000244140625,650.0,685.5499877929688,2247332,0.2735463558223832,0.643019743062837,,,0.5015167337441742,71.4525181510639,0.34632878772770503,,0,3738000000.0,1418350000.0,280680000.0,394280000.0,283330000.0,162850000.0,59250000.0,61230000.0,0.3794408774745853,0.07508828250401284,0.043566078116639914,0.1054788657035848,,,,,,,,,,,,,0.012796787662195053,-0.27431932623323385,-0.1267477310158741,-0.47526985661350085,-0.3507870644800105,13246510000.0,574220000.0,915080000.0,1486560000.0,,,,0.0,,54408261632.0,0.398,,CYIENTDLM.NS,,,,,0.1811242592424881,98.6021505376344,96.88172043010753,7.5512405609492985,,16.02150537634408,,61.572052401746724,90.41980624327233,53.43511450381679,,32.02614379084967,35.934065934065934,46.08695652173913,,,52.56871708670173,Q4 (High)
2026-08-31,2083.0,2129.89990234375,2043.0,2069.300048828125,559498,0.02830496103874669,0.10605800406570798,,,0.3033464419886082,58.4807556082283,0.7889448874785916,,0,81647700000.0,19826600000.0,5528900000.0,8054600000.0,6027000000.0,3808200000.0,1321200000.0,890200000.0,0.24283109015930637,0.0677165431481842,0.04664185274049361,0.09865066621594974,,,,,,,,,,,,,0.3599654210931331,1.721503608947331,0.6367545440512872,-0.3430400055203823,-0.0868732215533562,299901800000.0,15316400000.0,21905700000.0,30358100000.0,,,,0.0,,609401896960.0,0.143,0.53,COROMANDEL.NS,,,,,0.3887296621437228,67.74193548387096,61.61290322580645,35.81445523193096,,68.6021505376344,,90.06550218340611,68.2454251883746,22.709923664122137,,90.19607843137256,86.15384615384616,90.0,42.00351493848858,,61.5430490025902,Q5 (Highest)
2026-08-31,847.7000122070312,879.4500122070312,845.0,857.5,1654001,0.03232405320745935,-0.050860602785073095,,,0.26079320227683,52.907612269588114,0.6267563055394303,,0,20757000000.0,6529000000.0,1871000000.0,2695000000.0,1928000000.0,1041000000.0,624000000.0,217000000.0,0.31454449101507925,0.09013826660885485,0.05015175603410898,0.12983571807101218,,,,,,,,,,,,,0.07722248170636781,0.8996350364963503,0.08720930232558133,-0.3890845070422535,-0.20618556701030932,75629000000.0,4045000000.0,7005000000.0,9683000000.0,,,,0.0,,89257566208.0,0.6,3.73,CYIENT.NS,,,,,0.24485252661825896,27.204301075268816,62.58064516129033,24.271844660194176,,81.72043010752688,,69.32314410480349,54.03659849300323,76.52671755725191,,81.91721132897604,55.27472527472528,82.3913043478261,95.2548330404218,,60.70011701008587,Q5 (Highest)
2026-08-31,138.3300018310547,143.35000610351562,137.0,138.24000549316406,50703,-0.0056821786166227906,0.01363836738347235,,,0.3497322002800857,39.412434902716726,0.8045957665434074,,0,684473000.0,138515000.0,48429000.0,139044000.0,130284000.0,94772000.0,31381000.0,4131000.0,0.202367368763998,0.07075370394449453,0.13845980776451372,0.20314022613017607,,,,,,,,,,,,,0.09807856745227705,0.34097404986275004,0.1761896824592184,0.15951745907455894,0.16071190062775487,2474055000.0,317335000.0,159678000.0,465490000.0,,,,0.0,,4185989120.0,0.756,2.89,CYBERTECH.NS,,,,,0.1912534815747023,46.88172043010753,42.795698924731184,37.2168284789644,,51.61290322580645,,24.67248908296943,22.497308934337997,87.72264631043257,,68.84531590413944,60.21978021978022,38.26086956521739,90.42179261862917,,51.40982357967439,Q3 (Medium)
2026-08-31,16.399999618530273,17.0,15.3100004196167,16.010000228881836,44106,-0.012337993021998117,-0.08041353422173492,,,0.33342810394752365,55.81947070885362,1.1334234483259589,,0,504057000.0,63569000.0,16504000.0,24374000.0,23628000.0,7274000.0,4495000.0,2873000.0,0.12611470528134716,0.03274232874456659,0.014430907615606964,0.048355642318229884,,,,,,,,,,,,,0.7872206897040783,-0.5605895855986469,0.9502849647711575,1.588612099644128,0.538082917902442,1278303000.0,35148000.0,55018000.0,69634000.0,,,,0.0,,333483808.0,0.195,,CYBERMEDIA.NS,,,,,0.2077874474391858,19.462365591397848,39.13978494623656,58.57605177993528,,57.634408602150536,,3.1659388646288207,62.21743810548978,28.56234096692112,,23.856209150326798,94.61538461538461,22.5,,,43.9819948414981,Q2 (Low)
2026-08-31,71.11000061035156,77.9000015258789,71.0,72.91999816894531,2364,-0.027733357747395826,-0.2521025828826122,,,0.6107399654457255,48.48652610021858,0.6796384513734489,,0,482000.0,128000.0,-2383000.0,-1321000.0,-2383000.0,-2778000.0,0.0,395000.0,0.26556016597510373,-4.943983402489627,-5.763485477178423,-2.740663900414938,,,,,,,,,,,,,-0.8939260563380281,-0.812081444902929,-0.6571834992887624,28.870967741935484,15.5125,7425000.0,-17528000.0,-11505000.0,-4563000.0,,,,0.0,,721907968.0,0.089,,CURAA.NS,,,,,0.44153495635496937,2.1505376344086025,28.70967741935484,27.508090614886733,,5.6989247311827995,,8.187772925764191,43.27233584499462,19.27480916030534,,18.191721132897605,0.9890109890109889,14.728260869565219,,,27.914076088158062,Q1 (Lowest)
2026-08-31,7.119999885559082,7.380000114440918,6.900000095367432,6.989999771118164,121906,-0.05795152301272655,-0.08267718161451054,,,0.30383385388448086,42.574257893183834,1.0140505292813042,,0,434900000.0,189700000.0,47000000.0,59300000.0,49500000.0,-16200000.0,0.0,65700000.0,0.4361922280984134,0.10807082087836284,-0.03724994251552081,0.13635318464014717,1116000000.0,582200000.0,1019800000.0,96200000.0,842200000.0,865600000.0,3700000.0,271900000.0,6.051975051975052,0.52168458781362,0.9729667282809612,0.6588493530499075,-0.041648303217276306,-0.5263157894736843,-0.15569792273344985,-0.24651162790697678,-0.3088578088578089,1720600000.0,-157200000.0,-50100000.0,-4700000.0,-1.634095634095634,-0.14086021505376345,-0.0738502358490566,0.0,1.783646953405018,451192896.0,0.123,,CELEBRITY.NS,,,,,0.35104778271585174,18.70967741935484,17.634408602150536,52.103559870550164,,68.17204301075269,,4.585152838427948,29.278794402583426,21.310432569974555,12.798634812286688,24.94553376906318,22.747252747252748,14.728260869565219,,98.98477157360406,35.73323483237107,Q1 (Lowest)
2026-08-31,580.5,620.4500122070312,555.0,565.4000244140625,621363,0.056032870063522644,0.08919293200864353,,,0.3939917795698117,37.372416774938806,1.5210438850698154,,0,7576640000.0,1958180000.0,1127790000.0,1146560000.0,1127790000.0,949630000.0,309920000.0,,0.2584496557840943,0.14885094184229422,0.12533656079739833,0.1513282932803987,17516860000.0,18330000.0,3594660000.0,13922200000.0,14395610000.0,3435540000.0,1659040000.0,1652420000.0,0.0013166022611368893,0.0010464204200981227,4.190202995744483,3.709224750694214,0.747589655586002,1.4832771109542113,0.00252993045337635,0.04414610546686015,0.034428004330566475,21025370000.0,2251450000.0,2554330000.0,2986550000.0,0.16171653905273592,0.12853045580086842,0.18323047975937787,1.0,3.276285875436579,64685608960.0,,,AJAXENGG.NS,,,,,0.39684068149743523,64.83870967741936,71.3978494623656,73.89428263214671,,37.634408602150536,,64.51965065502183,18.406889128094726,,85.49488054607508,88.34422657952071,94.5054945054945,71.73913043478261,,9.137055837563452,58.66083853737567,Q5 (Highest)
2026-08-31,231.5,267.0,229.0,262.1300048828125,173804797,0.24817871405772562,1.1913559510455913,,,0.4673735439286766,86.97763366923387,0.8748832863403102,,0,1199617000.0,652961000.0,362421000.0,495975000.0,483239000.0,362625000.0,111891000.0,8724000.0,0.5443078916020697,0.30211392469429826,0.30228397896995457,0.4134444576894125,5532242000.0,563785000.0,1024184000.0,4508058000.0,3853941000.0,825979000.0,1686674000.0,700416000.0,0.12506161189585405,0.10190895481434109,4.665906760341365,3.8179239423762588,0.28307595881722514,0.10442256326540567,1.1239000881699948,2.1503023247732562,1.750587856873489,3577088000.0,1082336000.0,1115805000.0,1503963000.0,0.2400891913990459,0.19564147772277496,0.21999990930318625,1.0,2.7324568050349205,352475938816.0,,,CUPID.NS,,,,,0.3549827246592984,99.89247311827957,96.12903225806451,43.47357065803668,,21.612903225806463,,86.46288209606988,98.60064585575888,,86.86006825938567,55.22875816993464,83.62637362637363,55.760869565217384,,36.209813874788495,64.2571593805144,Q5 (Highest)
2026-08-31,5526.0,5595.0,5175.0,5426.0,3391177,-0.012899476676604182,0.06027221334351074,,,0.33014868583738355,44.35825105782793,1.5292842155776394,,0,29632000000.0,10371700000.0,5910600000.0,9052500000.0,8541600000.0,6494600000.0,2022700000.0,24300000.0,0.350016873650108,0.19946679265658748,0.21917521598272138,0.3054974352051836,113042100000.0,365100000.0,28290500000.0,84751600000.0,81101800000.0,24397000000.0,5000100000.0,11684500000.0,0.004307883273000156,0.003229770147582184,3.324252981924007,2.8453211460425463,-0.014316887540582246,0.33617248899312835,-0.029143390724571172,0.16294810729506137,0.1819582446565433,112562800000.0,22689200000.0,22294800000.0,31632500000.0,0.2677141198514246,0.20071460102032782,0.26193214727544656,1.0,2.896691409660648,1504087244800.0,0.546,1.22,CUMMINSIND.NS,,,,,0.6707006485766108,59.354838709677416,38.60215053763441,74.32578209277239,,58.924731182795696,,96.2882096069869,32.93864370290635,72.13740458015268,80.88737201365188,68.51851851851852,27.472527472527474,93.58695652173913,69.33216168717048,11.844331641285956,58.94757521785461,Q5 (Highest)
2026-08-31,345.0,408.79998779296875,342.6000061035156,373.1499938964844,39494468,0.04547303345452769,-0.06684408315674872,,,0.3744637444895747,53.62587418285725,4.302359663811887,,0,6535922000.0,3049911000.0,1092504000.0,1365556000.0,1168669000.0,901225000.0,263662000.0,3782000.0,0.4666382187547526,0.16715376958292955,0.13788796745126394,0.208930889934121,30031783000.0,381135000.0,3022297000.0,27009486000.0,21702101000.0,2678673000.0,1263763000.0,5347104000.0,0.014111153392552528,0.012691054673643586,8.101810486013036,6.105634021024589,0.18048421020311034,0.41615872102981366,0.11000075744529658,-0.06273042391239914,-0.07866545221468813,23237079000.0,3124458000.0,3936128000.0,5189576000.0,0.11568002441808778,0.10403837827411047,0.1437034961711894,1.0,2.9214076533517837,82423250944.0,,0.4,CELLO.NS,,,,,0.4162552529520103,23.870967741935484,67.41935483870968,97.95037756202805,,43.11827956989247,,68.3406113537118,56.6200215285253,,93.68600682593856,71.78649237472767,75.27472527472527,69.34782608695652,31.72231985940246,17.59729272419628,57.7822850493833,Q4 (High)
2026-08-31,77.5,82.19999694824219,76.66000366210938,80.06999969482422,215383,-0.014280482754779555,-0.16051581043681684,,,0.41011472107407804,55.1126525630863,1.0896572856521218,,0,894011000.0,23512000.0,-31725000.0,27125000.0,22679000.0,13720000.0,-957000.0,9917000.0,0.02629945269129798,-0.035486140550843336,0.015346567324115698,0.03034078999027976,2075927000.0,434194000.0,1242845000.0,833082000.0,1727098000.0,1185813000.0,39877000.0,881060000.0,0.5211899909012558,0.20915668036496465,1.4564674193991802,0.7134666258507876,0.19150311466277148,-0.5585727614941605,0.06145436455403441,-0.4046689230235182,-0.25124906837441685,2880055000.0,74541000.0,52936000.0,148026000.0,0.08947618601770294,0.03590733200155882,0.041771484664745485,1.0,2.2981311481569437,1146520320.0,0.923,,CUBEXTUB.NS,,,,,0.35067535180936066,6.881720430107527,37.526881720430104,57.17367853290184,,33.97849462365592,,11.681222707423581,60.60279870828849,95.41984732824427,37.37201365187713,23.965141612200437,76.70329670329672,11.630434782608695,,67.68189509306261,44.70782839293983,Q2 (Low)
2026-08-31,342.75,349.45001220703125,329.3999938964844,333.3500061035156,595510,-0.09636754779384549,-0.04974339309199627,,,0.3539803355276419,43.11532275601395,0.46351950183645363,,0,13865100000.0,2693370000.0,2072420000.0,2358490000.0,2195440000.0,1266050000.0,468980000.0,436120000.0,0.19425536058160417,0.14947025264873676,0.09131199919221643,0.17010263178772603,55233560000.0,13111390000.0,33769480000.0,21381380000.0,36255050000.0,25613150000.0,2802730000.0,991950000.0,0.6132153303481814,0.23738086047685503,1.41548579538245,1.376757642070577,0.39890146921430025,0.7082698042178834,0.37059194514903915,0.7085464433678359,0.560880211780278,40224010000.0,3118870000.0,5237380000.0,6396880000.0,0.1458685080195946,0.05646693785444936,0.15183993631129075,1.0,1.6325794317802438,58071191552.0,,,CEIGALL.NS,,,,,0.30336841569068224,27.741935483870968,7.741935483870968,11.974110032362459,,50.32258064516129,,62.44541484716157,30.462863293864373,,35.153583617747444,78.9760348583878,87.91208791208791,77.39130434782608,,72.7580372250423,49.52532584982554,Q3 (Medium)
2026-08-31,7.900000095367432,8.170000076293945,7.619999885559082,8.079999923706055,554725,-0.001236122211769941,-0.09619683412114588,,,0.24429752720365744,60.97560975609756,1.224524835320198,,0,1009222000.0,354617000.0,11549000.0,77468000.0,43519000.0,21393000.0,13867000.0,5794000.0,0.35137660494915884,0.011443468335014497,0.021197516502811077,0.07676011819005135,4615155000.0,175304000.0,1207950000.0,3172035000.0,2122687000.0,1084066000.0,363695000.0,333591000.0,0.055265468382284556,0.03798442305838049,1.958079120643946,1.6503570815799038,0.40752083969646624,-0.7140011497172498,-0.010706331655138901,-0.4927082592302767,-0.5157099811205161,3434944000.0,190976000.0,-43222000.0,391424000.0,0.06020614526636686,0.04138019199788523,-0.0129123461949925,1.0,2.007679243709041,2190957568.0,,,ALANKIT.NS,,,,,0.2407527950377007,16.021505376344088,46.12903225806452,63.32254584681769,,86.55913978494624,,18.231441048034934,73.73519913885899,,56.14334470989761,19.389978213507625,88.57142857142857,28.695652173913043,,27.411167512690355,48.28069564230025,Q3 (Medium)
2026-08-31,6200.0,6439.0,5962.0,6062.0,81660,-0.03640120807502778,0.034672988115530545,,,0.3076728822166369,44.68365553602812,1.5348410829120975,,0,6438158000.0,2928166000.0,879822000.0,1148646000.0,1049217000.0,773359000.0,261712000.0,14146000.0,0.45481424966582057,0.13665741039595486,0.12012115887805176,0.1784122104490135,19582029000.0,466986000.0,4858644000.0,14723385000.0,15590842000.0,3660302000.0,105775000.0,3957656000.0,0.03171729870542678,0.023847681974120252,4.259441434067462,3.1782038749808077,0.2902769257531792,2.2675161926812883,0.11391904405322317,-0.09636165210766645,-0.041554611926935436,20528909000.0,2042115000.0,2321340000.0,3157980000.0,0.13869874352942616,0.10428515860128693,0.15281654411205625,1.0,3.00891762033444,78169341952.0,-0.107,1.24,CERA.NS,,,,,0.37819374038811887,52.903225806451616,23.655913978494624,74.54153182308522,,66.55913978494624,,67.79475982532752,33.58449946178686,6.488549618320611,85.83617747440273,92.37472766884531,83.84615384615385,69.1304347826087,69.77152899824253,24.027072758037225,56.70091438844686,Q4 (High)
2026-08-31,34.7400016784668,35.95000076293945,32.40999984741211,32.81999969482422,794238,-0.04314867566052927,-0.010253321898444634,,,0.31620636173097993,61.111127300046704,2.3842745187874543,,0,30487000.0,30487000.0,21880000.0,27086000.0,27013000.0,26912000.0,2000.0,99000.0,1.0,0.7176829468297963,0.8827369042542723,0.8884442549283301,2231247000.0,0.0,159580000.0,2071667000.0,1472702000.0,32373000.0,37278000.0,61010000.0,0.0,0.0,45.49167516139993,43.60707997405245,-0.22334029653028986,-0.28293943673230126,-6.55974285808103e-05,0.14689963775836357,-0.05131168785681761,153964000.0,147863000.0,121574000.0,173080000.0,0.07137392254643242,0.06626922075413434,0.05868414180464331,1.0,2.183458622017194,1322718976.0,0.453,1.22,CORALFINAC.NS,,,,,0.4082357970181398,39.56989247311828,21.612903225806452,90.29126213592234,,63.333333333333336,,13.209606986899564,74.16576964477933,60.1145038167939,97.95221843003414,31.48148148148148,8.241758241758241,16.73913043478261,69.33216168717048,5.245346869712352,46.085957917439494,Q2 (Low)
2026-08-31,440.0,466.1499938964844,439.75,450.70001220703125,2813065,-0.006940605605645689,0.03871864150003845,,,0.293225732334891,54.7770663494396,1.2431250620705614,,0,50270200000.0,20483500000.0,7616500000.0,8525500000.0,7634900000.0,5236100000.0,2231200000.0,167700000.0,0.407468042697264,0.15151123329527236,0.10415912409339927,0.16959351663609853,,,,,,,,,,,,,0.8050146677055543,2.0935247548150775,1.0529090589815944,3.0166462104940166,2.419226758642817,194079200000.0,18282400000.0,23360800000.0,28574000000.0,,,,0.0,,180573995008.0,0.305,2.66,CHAMBLFERT.NS,,,,,0.4324742522484942,54.3010752688172,42.473118279569896,63.53829557713053,,71.82795698924731,,79.03930131004367,59.6340150699677,40.13994910941476,,92.0479302832244,94.83516483516483,94.45652173913044,89.27943760984182,,65.43818440477017,Q5 (Highest)
2026-08-31,4.28000020980835,5.0,4.0,4.480000019073486,1662617,-0.034482726727597,-0.0588235706606518,,,0.299099286385465,42.1487551195975,2.671833960369443,,0,365787000.0,43992000.0,-19492000.0,22254000.0,16779000.0,7645000.0,3700000.0,5434000.0,0.12026671259503481,-0.05328784237821464,0.020900141339085316,0.06083868480837209,1601446000.0,214494000.0,598239000.0,1003207000.0,1240498000.0,553966000.0,46931000.0,513799000.0,0.21380831672825248,0.13393770380019057,2.2393034951603528,1.3118115552218006,0.43103556198896764,-0.6875127733496833,0.5228434637801831,4.722305389221557,0.41528873060290006,1073275000.0,41924000.0,-53415000.0,76218000.0,0.04178997953562924,0.026178840872561424,-0.04386544808618865,1.0,2.0962142338861254,462362656.0,0.073,,AKI.NS,,,,,0.25379846156106073,25.268817204301076,24.946236559139784,92.23300970873787,,70.21505376344086,,5.021834061135371,28.31001076426265,17.87531806615776,64.84641638225256,20.26143790849673,89.34065934065934,21.84782608695652,,43.9932318104907,43.610656777068755,Q2 (Low)
2026-08-31,288.0,303.0,274.1499938964844,278.1000061035156,708755,-0.036716334102245174,0.024875621331016173,,,0.4576378109799289,60.10407209877851,2.2506402695423984,,0,4283699000.0,1058205000.0,507386000.0,559572000.0,547264000.0,382650000.0,132719000.0,31895000.0,0.24703066205165208,0.11844576381300367,0.08932700453509922,0.13062822574601998,10397022000.0,827335000.0,2015010000.0,8382012000.0,8719642000.0,1256971000.0,3165000.0,4272481000.0,0.09870362867531089,0.07957422808184882,6.937027186784739,3.5379980922392003,-0.006073955242806184,0.0646881895153324,0.16502783453592929,0.5585478805948265,0.5368761621216325,14395773000.0,1147786000.0,1520905000.0,1674508000.0,0.13693442576794213,0.110395649831269,0.16514797411803464,1.0,3.548301253955219,13828695040.0,0.533,0.85,CLSEL.NS,,,,,0.48524045447402814,50.43010752688172,23.440860215053764,88.9967637540453,,23.655913978494624,,41.81222707423581,72.55113024757804,70.73791348600508,92.4914675767918,52.069716775599126,29.67032967032967,59.34782608695652,57.46924428822495,33.33333333333333,53.06712226756865,Q4 (High)
2026-08-31,57.4900016784668,60.0,55.0,58.70000076293945,93928,0.008764429425443865,0.3959572372882356,,,0.4147758512486649,51.79487340000379,0.8844070633476416,,0,1176419000.0,241349000.0,-94328000.0,111887000.0,-17087000.0,-102896000.0,30823000.0,40400000.0,0.20515564607508038,-0.08018231599455636,-0.08746543535934051,0.09510812049108354,8979415000.0,2731028000.0,6472987000.0,2529666000.0,4465403000.0,4140899000.0,455095000.0,117782000.0,1.0796002318092586,0.30414319863821865,1.0783655916263595,1.0499220096892004,-0.023304488459421346,-0.40809259195342795,0.2070998570670739,-0.3731548775807346,5.449561909153793,5481166000.0,-263146000.0,65230000.0,646379000.0,-0.10402400949374345,-0.029305472572545094,0.012399504704132192,0.0,1.0419070841474638,3182946560.0,,,CLEDUCATE.NS,,,,,0.2701836887251841,93.44086021505376,52.795698924731184,44.228694714131606,,32.9032258064516,,22.161572052401745,51.1302475780409,,15.187713310580206,28.75816993464052,25.71428571428571,37.71739130434783,,87.81725888324873,46.12367456252758,Q2 (Low)
2026-08-31,165.5,180.39999389648438,161.60000610351562,177.05999755859375,21600,-0.015403460180483552,0.0015238022573333954,,,0.4216605242936199,42.265194265859606,1.1918135371595047,,0,864822000.0,377848000.0,101511000.0,141129000.0,129338000.0,95275000.0,32374000.0,1506000.0,0.43690840427278677,0.11737791129272844,0.11016717891080477,0.16318849427974774,,,,,,,,,,,,,0.20526467624666056,1.7340162993572084,0.6564424933345592,1.8387759966628927,1.6519034912999362,2865121000.0,208658000.0,263097000.0,344123000.0,,,,0.0,,2381153792.0,1.032,1.13,CHEMBOND.NS,,,,,0.19471545932198236,43.655913978494624,36.55913978494624,62.24379719525351,,31.075268817204304,,19.323144104803493,28.525296017222818,97.20101781170484,,90.30501089324619,78.02197802197803,38.91304347826087,66.78383128295255,,52.8404960924045,Q4 (High)
2026-08-31,757.5499877929688,803.0,735.0,795.1500244140625,6032963,0.040159607190531244,-0.016998392366176507,,,0.3368647205244634,69.90558976557512,2.989931758912417,,0,2684320000.0,1635250000.0,753390000.0,1186440000.0,976030000.0,733500000.0,242010000.0,520000.0,0.6091859390832688,0.28066325922393753,0.27325356142337726,0.44198903260416045,,,,,,,,,,,,,0.076945914392204,0.25875205930807255,0.018010262322561532,-0.010014576472493708,0.012657795682863737,9802240000.0,2475690000.0,2843930000.0,4124870000.0,,,,0.0,,84510547968.0,0.252,0.75,CLEAN.NS,,,,,0.21864543135947764,37.41935483870968,65.59139784946237,93.95900755124056,,56.55913978494624,,68.66812227074236,88.48223896663079,34.35114503816794,,63.9433551198257,55.05494505494506,67.82608695652173,54.48154657293497,,59.0890893336085,Q5 (Highest)
2026-08-31,1475.0,1488.0999755859375,1443.5,1463.800048828125,4960081,0.015610906291368076,0.14333569759405096,,,0.21632612275512564,55.686499149196685,0.7166529030623757,,0,70770200000.0,44098400000.0,8880600000.0,14032000000.0,10989600000.0,7890500000.0,2948300000.0,170300000.0,0.6231210311684862,0.12548502053124055,0.1114946686599727,0.19827554535666142,,,,,,,,,,,,,0.09479197928301142,0.4226345016587336,0.07264630811856221,-0.3542116807437963,-0.23198598834186257,273412900000.0,33171100000.0,40042400000.0,57285000000.0,,,,0.0,,1182535516160.0,0.086,0.89,CIPLA.NS,,,,,0.4939872014966676,73.22580645161291,56.236559139784944,29.341963322545844,,93.44086021505376,,94.97816593886463,62.10979547900969,18.956743002544528,,72.00435729847494,59.78021978021978,95.43478260869566,59.05096660808435,,60.97068132299274,Q5 (Highest)
2026-08-31,184.0,202.9499969482422,177.0,190.0500030517578,170134,0.039035587155955564,0.18598125243585684,,,0.5082964561843853,59.208390028314916,2.297674271756514,,0,754217000.0,230191000.0,56492000.0,130437000.0,98047000.0,63713000.0,24213000.0,10121000.0,0.3052052658584996,0.07490152038471687,0.08447568803142862,0.17294359580863333,5679649000.0,531368000.0,848247000.0,4831402000.0,3460099000.0,784922000.0,103862000.0,672658000.0,0.10998215424839415,0.09355648562085439,4.408207439720125,3.5512331161567645,0.31568600087221976,0.25091787249916564,0.3741118212492438,0.6146224024328435,0.4551204819277108,2399789000.0,235982000.0,186194000.0,456247000.0,0.04884337920959589,0.041548694294312905,0.03471974371453559,1.0,2.235616901678255,6961664512.0,0.345,6.84,CHEMCON.NS,,,,,0.3659659113416703,78.81720430107528,65.26881720430107,89.75188781014025,,14.83870967741936,,30.349344978165938,69.96770721205597,47.07379134860051,86.17747440273038,63.50762527233116,84.61538461538461,34.130434782608695,98.59402460456941,35.025380710659896,59.87451912800283,Q5 (Highest)
2026-08-31,249.92999267578125,286.5,241.1999969482422,278.2300109863281,58616,0.1853698429590298,0.32572553227997014,,,0.6058104746097279,87.92136471886695,2.8511982182370637,,0,1057866000.0,365405000.0,10709000.0,53871000.0,11529000.0,48350000.0,-58358000.0,21537000.0,0.3454170944146045,0.010123210312081115,0.04570522164432925,0.05092421913550488,4516077000.0,1084648000.0,1900786000.0,2615291000.0,1513098000.0,1534630000.0,1533000.0,730095000.0,0.41473319795005603,0.24017482429993997,0.9859692564331467,0.5102226595335684,0.31610240026275616,-2.0475344483924083,0.16584672353369045,2.485689568163795,-0.12728421461897355,3724300000.0,-4386000.0,4792000.0,189012000.0,-0.001677060028883975,-0.0009711969038614709,0.0012951564877150678,0.0,1.6381285571525905,2235049216.0,0.616,0.27,AKSHARCHEM.NS,,,,,0.3146968200234715,90.75268817204301,92.90322580645162,93.31175836030205,,6.236559139784944,,18.66812227074236,98.81593110871906,78.43511450381679,12.969283276450511,8.823529411764707,84.72527472527473,4.130434782608695,20.38664323374341,61.25211505922166,51.42737865672824,Q3 (Medium)
2026-08-31,15.489999771118164,15.489999771118164,14.300000190734863,14.699999809265137,64295,-0.05038758113932784,-0.020000012715657545,,,0.4115457038488636,39.01097720666796,0.8959349289829059,,0,72976000.0,44742000.0,30514000.0,31686000.0,31147000.0,8152000.0,17417000.0,5578000.0,0.6131056785792589,0.4181374698531024,0.11170795878096909,0.4341975443981583,1384881000.0,153606000.0,818688000.0,566193000.0,1053467000.0,665781000.0,2902000.0,994620000.0,0.2712961834568778,0.11091638920600398,1.5823025889894726,0.08838792335617868,-0.11591393680945916,-0.7683827707694056,-0.363999233062,-1.031515910663682,-1.2099036136597,239729000.0,60993000.0,105920000.0,108732000.0,0.10772475110077306,0.04404205126649871,0.14715219109779257,1.0,1.15562817310657,844316160.0,0.355,,CINEVISTA.NS,,,,,0.2373160743006586,36.55913978494624,19.247311827956988,44.87594390507012,,33.54838709677419,,9.06113537117904,21.52852529601722,48.346055979643765,42.32081911262799,18.845315904139433,14.395604395604394,31.19565217391304,,49.06937394247039,34.599550986022855,Q1 (Lowest)
2026-08-31,89.75,92.9000015258789,87.9000015258789,90.83000183105469,127193,0.1359430073917156,0.07047735373569242,,,0.38450217161248357,74.53394398850754,0.7337999598814962,,0,592746000.0,404134000.0,26718000.0,110730000.0,21646000.0,-12098000.0,-2715000.0,36459000.0,0.6817996241223053,0.04507495622070836,-0.020410091337604977,0.18680851494569342,,,,,,,,,,,,,-0.04745176562093223,-1.364881167812764,0.30878475948226747,-0.4123761414416165,0.49987809172920117,2506810000.0,123648000.0,240079000.0,608762000.0,,,,0.0,,3112420096.0,0.178,,CINELINE.NS,,,,,0.1667071853564771,61.18279569892473,87.8494623655914,30.74433656957929,,40.21505376344086,,21.61572052401747,92.57265877287406,26.97201017811705,,11.328976034858387,21.208791208791208,10.869565217391305,,,43.637291355572394,Q2 (Low)
2026-08-31,409.45001220703125,422.0,408.0,410.5,1873634,-0.11118329636225321,-0.11281610293901356,,,0.34772449483089,20.585500857101692,0.6238417728158334,,0,26205510000.0,13259570000.0,2925840000.0,4192630000.0,3221870000.0,2356150000.0,775570000.0,101730000.0,0.5059840468664796,0.11164980189280804,0.08991048065845694,0.1599903989657137,113126640000.0,5133880000.0,35688110000.0,77438530000.0,39152450000.0,28294510000.0,1896720000.0,12166730000.0,0.06629619647996934,0.0453817067315002,1.3837472357711795,0.9537440302023255,0.003292173822489808,-0.055143844790388474,0.1530928070938138,0.14156766604003956,0.12675424216201114,99945050000.0,8928190000.0,10889220000.0,15695190000.0,0.1152938982700214,0.0789220823671595,0.1318747993427829,1.0,2.050981899577323,155728248832.0,,1.71,CIEINDIA.NS,,,,,0.464281877743336,12.150537634408602,6.021505376344086,24.05609492988134,,52.58064516129032,,76.2008733624454,2.2604951560818085,,33.78839590443686,43.89978213507625,32.747252747252745,84.45652173913044,78.8224956063269,29.272419627749578,41.750467958694955,Q1 (Lowest)
2026-08-31,375.0,379.3999938964844,358.0,369.0,10558,0.016528925619834656,-0.14265798040706223,,,0.3135290246660135,46.71593235830894,0.8168451192513322,,0,731598000.0,240914000.0,23480000.0,122105000.0,44312000.0,57304000.0,-35067000.0,22075000.0,0.3292983305039106,0.03209412819608583,0.07832716874567727,0.1669017684575409,,,,,,,,,,,,,-0.021609961524933885,10.825010317787866,-0.20079658382209487,1.2493327052912546,-0.03541409928271244,2926416000.0,-2436000.0,-37598000.0,354581000.0,,,,0.0,,5303896064.0,0.052,0.34,CHEMFAB.NS,,,,,0.20144051629773835,8.817204301075268,56.774193548387096,38.295577130528585,,64.3010752688172,,27.510917030567683,38.966630785791175,16.412213740458014,,98.14814814814815,25.82417582417583,5.434782608695652,25.57117750439367,,40.403739726069226,Q1 (Lowest)
2026-08-31,0.38999998569488525,0.4699999988079071,0.38999998569488525,0.4099999964237213,8756186,-0.06818182126057049,-0.16326532970612717,,,0.3149193916160809,46.15385144419701,2.392731673703182,,0,344002000.0,66872000.0,-5393000.0,24273000.0,6838000.0,-3897000.0,9884000.0,851000.0,0.19439421863826373,-0.01567723443468352,-0.011328422509171458,0.07056063627537049,957622000.0,50343000.0,148986000.0,808636000.0,518310000.0,115712000.0,201000.0,388150000.0,0.062256689041793836,0.05257084736983904,4.4793107024336285,1.1248617256637168,0.0014264421621370538,-0.8973122529644268,0.12479605015776474,-0.6589357605461228,161.90604026845637,1172812000.0,-73894000.0,-115022000.0,-8392000.0,-0.0913810416553307,-0.07716405846983465,-0.1339054854658845,0.0,2.9349632736090023,322862080.0,,,AKSHAR.NS,,,,,0.4772307816374067,6.666666666666667,14.731182795698924,90.39913700107874,,63.655913978494624,,2.947598253275109,37.67491926803014,,86.51877133105802,16.775599128540307,32.417582417582416,25.97826086956522,,28.25719120135364,40.40152152742292,Q1 (Lowest)
2026-08-31,1552.7741841053844,1658.0,1540.483903714228,1628.0,1029099,-0.013869267604771474,-0.05031172228314973,,,0.30263353406304216,62.79147343417413,0.9273421752369246,,0,108405100000.0,40177200000.0,19862100000.0,20704500000.0,19862100000.0,6871400000.0,5165700000.0,,0.3706209394207468,0.18322108461686765,0.06338631669543222,0.19099193672622414,2683327200000.0,2104000300000.0,2344527600000.0,154541500000.0,747939600000.0,881269800000.0,84750100000.0,,13.61446795844482,0.7841012829147336,0.8487067184192627,,0.03630728698147645,0.09814137087881347,0.13874132984864063,0.11990481933601704,0.12315695826236017,409287000000.0,24412900000.0,65625500000.0,68951200000.0,0.15796986569950466,0.00909799595069882,0.02905657978081256,1.0,0.19796087111553148,305701683200.0,0.411,0.08,CHOLAHLDNG.NS,,,,,0.4644559503943495,27.311827956989248,37.74193548387097,47.14131607335491,,68.81720430107526,,85.26200873362446,77.502691065662,54.4529262086514,10.06825938566553,54.90196078431373,43.73626373626374,96.95652173913044,4.569420035149385,99.49238578680203,53.863648086036875,Q4 (High)
2026-08-31,1870.4000244140625,1952.5,1859.4000244140625,1866.199951171875,8766336,0.04187336039257761,0.19598525850308035,,,0.3481520027827944,58.2402396339468,1.108419674832911,,0,49493100000.0,,,,,16562200000.0,5673400000.0,40073700000.0,,,0.334636545296213,,,,,,,,,,,,,,0.028851350789519614,0.006698273766107432,0.31204867186257346,0.3149403750575608,,180078000000.0,57292200000.0,,,,,,0.0,,1593759105024.0,0.477,0.08,CHOLAFIN.NS,,,,,0.4126883552210697,80.53763440860216,66.34408602150538,58.036677454153185,,52.365591397849464,,96.50655021834062,67.27664155005382,63.167938931297705,,46.73202614379085,41.97802197802198,97.28260869565217,4.569420035149385,,58.31981312229445,Q5 (Highest)
2026-08-31,194.2100067138672,203.0,182.60000610351562,183.61000061035156,2760724,-0.07505916230314169,-0.21878057454797872,,,0.44397247796065376,35.882170247571494,0.9789861420593879,,0,12555500000.0,5311400000.0,1397500000.0,511900000.0,-34000000.0,-453800000.0,-156400000.0,576200000.0,0.42303373023774443,0.111305802238063,-0.03614352275895026,0.04077097686272948,63152300000.0,19518400000.0,45606000000.0,17546300000.0,14814500000.0,29378000000.0,4303900000.0,6016800000.0,1.1123940659854215,0.30906871167004213,0.5042719041459596,0.2994655864932943,0.5034006274397107,-0.6192953020134229,0.09094779646878903,-0.1622669374192357,0.011260371394705704,42237900000.0,-2798700000.0,-152400000.0,761300000.0,-0.15950371303351704,-0.04431667571885743,-0.0041117289496475085,0.0,0.7792957659499338,29030498304.0,-0.112,,CHEMPLASTS.NS,,,,,0.5359774866384757,3.5483870967741935,12.365591397849462,50.5933117583603,,26.344086021505376,,52.7292576419214,16.361679224973088,6.297709923664121,4.436860068259386,22.440087145969496,90.54945054945055,2.391304347826087,,88.66328257191202,35.1147338498977,Q1 (Lowest)
2026-08-31,828.0,843.9500122070312,821.0,841.1500244140625,2723857,0.012884595158948242,0.2722528826335946,,,0.2848959339163473,65.76089400300016,0.6383686893632282,,0,3067106000.0,2156455000.0,1054429000.0,1226389000.0,1125784000.0,603072000.0,188532000.0,258854000.0,0.7030911223805112,0.34378629235507346,0.19662574426837545,0.3998521733516872,35659864000.0,9076512000.0,17422329000.0,16715079000.0,26531553000.0,12854347000.0,1944477000.0,,0.5430134072354669,0.25453019114150294,2.064014064658438,,0.011030298874884492,-0.08099953369723234,0.21229342415799501,0.1668469291210608,0.2477301769464928,,,,,,,,0.0,,187388461056.0,-0.274,,CHOICEIN.NS,,,,,0.25198618643610293,88.27956989247312,54.73118279569893,25.13484358144552,,74.3010752688172,,79.58515283842796,82.2389666307858,2.7989821882951653,60.40955631399317,41.830065359477125,35.604395604395606,64.67391304347827,,68.8663282571912,55.23026878496527,Q4 (High)
2026-08-31,1150.0,1280.0,1100.0,1165.5999755859375,125673,0.05980852269145287,-0.019009261093298813,,,0.27072683438722694,61.498460024783,3.3764940569648054,,0,1406084000.0,522537000.0,153132000.0,-62566000.0,-83534000.0,-90539000.0,5091000.0,1914000.0,0.3716257350200984,0.10890672250022047,-0.06439088987571155,-0.04449663035778801,7703889000.0,85861000.0,645379000.0,7058510000.0,2073413000.0,402997000.0,29496000.0,1308419000.0,0.012164181959082017,0.011145150196219079,5.144983709556151,1.898262269942456,0.012577973207894555,-1.5265272891163386,0.050987016675760666,-1.9728472266993315,-1.4157154057753385,5474051000.0,516915000.0,675383000.0,779414000.0,0.07323287776032052,0.06709792937047769,0.09453358455209003,1.0,2.217685379423302,6809289216.0,,2.14,CHEVIOT.NS,,,,,0.4287585732202121,36.88172043010753,72.58064516129032,95.68500539374327,,78.70967741935485,,29.80349344978166,74.70398277717976,,88.73720136518772,10.784313725490197,35.824175824175825,22.82608695652174,85.58875219683657,16.58206429780034,53.24714126649798,Q4 (High)
2026-08-31,267.70001220703125,280.5,267.5,273.1499938964844,2743862,0.05913144769643153,-0.08599635831404095,,,0.2682193868141076,45.21667005196728,0.8388722085151089,,0,6329340000.0,5859220000.0,1018720000.0,1728260000.0,1135020000.0,790600000.0,281230000.0,63190000.0,0.9257236931496807,0.16095201079417443,0.12491033820271939,0.2730553264637387,32381660000.0,2213820000.0,8058250000.0,24323410000.0,15664870000.0,6119070000.0,1122550000.0,691850000.0,0.09101602119110766,0.06836647657964416,2.5600083019151603,2.4469437349139658,0.02379727670642584,0.37727993310454155,0.08846178980350605,-0.15165302114965717,0.009609711358153028,24976290000.0,3276030000.0,4186090000.0,6600940000.0,0.1346862960415501,0.10116930385903626,0.15774404487582164,1.0,2.2923343028121472,43721318400.0,0.329,2.01,CMSINFO.NS,,,,,0.3093745437680285,18.064516129032256,72.36559139784946,40.77669902912621,,79.67741935483872,,58.624454148471614,34.8762109795479,43.765903307888046,70.81911262798634,70.1525054466231,40.32967032967033,70.1086956521739,83.74340949033392,31.979695431472084,54.35225888833426,Q4 (High)
2026-08-31,415.95001220703125,417.6000061035156,411.70001220703125,415.25,23106169,-0.02117370283096065,-0.09124841249614646,,,0.18765766564925054,39.15541233315375,0.6877844955511003,,0,462548000000.0,392747600000.0,97658500000.0,120466400000.0,120466400000.0,88521100000.0,28695500000.0,3272800000.0,0.8490958776170257,0.21113160147703589,0.19137711113225006,0.2604408623537449,,,,,,,,,,,,,-0.005059794540894003,-0.18332290819047192,0.05216466385633267,-0.09224397127047346,-0.09502553415898041,1664822000000.0,356457900000.0,368864000000.0,488515400000.0,,,,0.0,,2559073058816.0,-0.04,5.06,COALINDIA.NS,,,,,0.41473689296721805,17.311827956989248,32.795698924731184,28.155339805825243,,97.31182795698925,,97.92576419213974,21.85145317545748,9.223918575063614,,36.165577342047925,30.0,99.78260869565217,97.01230228471002,,51.169087927307054,Q3 (Medium)
2026-08-31,49.0099983215332,56.68000030517578,37.02000045776367,43.33000183105469,2770877,-0.13201114943129522,-0.25549826008513854,,,0.5583550284388451,17.117107828830783,3.6264030594423886,,0,3246738000.0,970404000.0,120840000.0,279574000.0,238910000.0,98980000.0,30439000.0,109491000.0,0.29888583556788384,0.03721889477992989,0.03048598316217693,0.08610919636878615,8409657000.0,4809100000.0,5572740000.0,2836917000.0,4778220000.0,4232371000.0,285850000.0,2577239000.0,1.6951853015086449,0.5718544763478463,1.1289700264934242,0.5200349874810124,0.07277411970574477,0.3955783655744176,1.0669761969789282,-10.592944369063773,2.136452875910116,9706643000.0,264121000.0,446681000.0,851192000.0,0.09310141960445088,0.03140686950728193,0.058420089832392476,1.0,1.7981409467710752,2902123520.0,0.338,0.65,COASTCORP.NS,,,,,0.7156234490091473,1.935483870967742,3.978494623655914,96.65587918015103,,9.892473118279568,,21.069868995633186,1.1840688912809472,45.41984732824427,18.088737201365188,70.91503267973856,53.62637362637363,37.5,49.12126537785589,94.75465313028765,40.2761452015889,Q1 (Lowest)
2026-08-31,811.4000244140625,869.0,807.9500122070312,859.7000122070312,558988,0.049630700225756774,0.13245074696609094,,,0.27168515163674833,51.04697637450946,1.0241285394852504,,0,5122730000.0,3948350000.0,1727970000.0,2332090000.0,1719890000.0,861250000.0,464060000.0,394580000.0,0.7707511424572445,0.3373142835948801,0.1681232467844294,0.4552435908197387,,,,,,,,,,,,,-0.08230491009768603,-0.4717067934365895,-0.018585216888197476,-0.30457988146569126,-0.09203851290057585,25467170000.0,5763910000.0,8884250000.0,11545180000.0,,,,0.0,,,-0.058,0.23,CHALET.NS,,,,,0.221299342780463,71.3978494623656,68.38709677419355,52.75080906148867,,77.95698924731182,,,49.51560818083961,8.651399491094146,,26.906318082788673,17.47252747252747,76.95652173913044,17.57469244288225,,47.837987463641475,Q3 (Medium)
2026-08-31,571.0499877929688,580.0,561.2999877929688,579.2000122070312,81561,-0.095423983680745,-0.08142435559871453,,,0.44185043114353756,32.78918716491188,0.19985079084307963,,0,1155629000.0,619642000.0,105036000.0,154677000.0,106715000.0,39198000.0,58986000.0,8531000.0,0.5361945745563671,0.09089076165447561,0.03391919032838393,0.13384658917351502,,,,,,,,,,,,,-0.17378292255874928,-0.6496863102579227,0.0384409399290111,-0.5423253858907596,-0.3231002853291789,4862337000.0,389565000.0,663346000.0,874989000.0,,,,0.0,,9263847424.0,0.292,1.73,CONTROLPR.NS,,,,,0.2160005829049749,19.13978494623656,7.956989247311828,2.5889967637540456,,27.096774193548384,,34.1703056768559,12.594187298170075,38.54961832061068,,21.241830065359476,10.219780219780219,45.97826086956522,79.34973637961336,,33.259084265387045,Q1 (Lowest)
2026-08-31,2.950000047683716,3.0899999141693115,2.7100000381469727,2.809999942779541,701066,-0.11912229079143755,-0.33726412866326794,,,0.4352642048389749,26.66665253815229,1.8721099801016947,,0,11421000.0,4769000.0,-332931000.0,-331938000.0,-332871000.0,-311494000.0,-41814000.0,20437000.0,0.4175641362402592,-29.15077488836354,-27.2737938884511,-29.06382978723404,1887276000.0,440991000.0,976722000.0,931575000.0,476800000.0,976722000.0,2948000.0,0.0,0.47338217534820065,0.23366534624506433,0.48816346923689646,0.48816346923689646,0.40100588812561333,0.8601432009411372,-0.5472528343772298,3.0331723486074607,5.468634902075417,59543000.0,-716461000.0,-689261000.0,-782923000.0,-0.769085688216193,-0.3796270391823983,-0.502169658872506,0.0,-0.17730989002138534,340534016.0,0.531,,CEREBRAINT.NS,,,,,0.7100473614632398,0.7526881720430108,5.053763440860215,82.63214670981661,,28.387096774193537,,3.2751091703056767,6.566200215285253,70.61068702290076,3.9249146757679183,81.48148148148148,88.02197802197801,4.891304347826087,,64.80541455160744,39.36018563893773,Q1 (Lowest)
2026-08-31,26.549999237060547,27.389999389648438,26.0,26.31999969482422,34188,-0.030570900013551672,0.00958956666384747,,,0.26449178116045813,31.796111785473215,0.9238865320189159,,0,376006000.0,97862000.0,31135000.0,33459000.0,30347000.0,6468000.0,-57000.0,24062000.0,0.26026712339696706,0.08280452971495136,0.017201853161917628,0.08898528214975293,2198070000.0,923203000.0,1344589000.0,852666000.0,2077020000.0,1202572000.0,9414000.0,352549000.0,1.0827252405983117,0.4200061872460841,1.727148145807486,1.433985657407623,2.4543817582155096,-0.2927282668124658,0.858251294824655,-0.728918692372171,-0.27077566854826407,817601000.0,6487000.0,56034000.0,74984000.0,0.0076079027426917455,0.0029512253931858403,0.03155300306497833,1.0,1.4379961056745236,443821888.0,0.599,,AKASH.NS,,,,,0.2792639984012803,45.69892473118279,27.63440860215054,46.601941747572816,,81.29032258064515,,4.475982532751091,11.302475780409042,76.27226463104326,47.610921501706486,31.154684095860567,98.35164835164835,12.717391304347824,,87.9864636209814,48.073161965353286,Q3 (Medium)
2026-08-31,301.0,320.0,292.0,296.25,63834,0.13314717424084832,0.3225446428571428,,,0.36105029626794194,59.156506835975534,0.3875380195712073,,0,3000000.0,2000000.0,131200000.0,134600000.0,134600000.0,119600000.0,15000000.0,0.0,0.6666666666666666,43.733333333333334,39.86666666666667,44.86666666666667,,,,,,,,,,,,,-0.9253731343283582,-0.23870146403564607,-0.6808510638297872,-0.21419185282523,-0.2156177156177156,158434000.0,632632000.0,697381000.0,697105000.0,,,,0.0,,9576685568.0,0.591,0.39,CONSOFINVT.NS,,,,,0.1822702107760634,90.53763440860216,87.52688172043011,8.198489751887811,,47.8494623655914,,34.93449781659388,69.86006458557588,75.95419847328245,,33.551198257080614,0.8791208791208791,29.02173913043478,31.107205623901578,,47.29469953416677,Q2 (Low)
2026-08-31,80.02999877929688,84.79000091552734,77.7699966430664,81.27999877929688,12571606,0.12389379317314764,0.4294758689204017,,,0.5875077607035204,59.269648129574726,0.9507883604641609,,0,12156900000.0,1687300000.0,502200000.0,562500000.0,562500000.0,313500000.0,82300000.0,136300000.0,0.1387936069228175,0.04130987340522666,0.025787824198603263,0.046270019495101546,27362400000.0,7613000000.0,11949700000.0,14184800000.0,13917500000.0,6439300000.0,548400000.0,2092900000.0,0.5367012576842818,0.27822851796626025,2.161337412451664,1.8363176121628126,-0.1278374035067581,0.489311163895487,0.3145294709183508,0.375,0.030408499725224303,47045700000.0,928900000.0,1759400000.0,3340400000.0,0.06548559020923805,0.0339480454930854,0.0807145675251631,1.0,2.8409244072157414,27004553216.0,0.585,0.12,CONFIPET.NS,,,,,0.25043516749604056,95.05376344086022,86.45161290322581,48.975188781014026,,7.634408602150529,,51.52838427947598,70.18299246501614,75.69974554707379,62.96928327645052,73.63834422657952,13.626373626373626,51.19565217391304,7.5571177504393665,68.52791878172589,54.20271905695322,Q4 (High)
2026-08-31,166.0,169.10000610351562,162.11000061035156,163.94000244140625,3952153,0.00650784336208976,-0.09174513882877422,,,0.2359470883215528,43.53214690527604,0.7547069470765178,,0,40960000000.0,16150000000.0,9790000000.0,13390000000.0,10350000000.0,4390000000.0,1940000000.0,3820000000.0,0.394287109375,0.239013671875,0.107177734375,0.326904296875,464700000000.0,216710000000.0,332810000000.0,125300000000.0,97450000000.0,105840000000.0,42080000000.0,6980000000.0,1.7295291300877893,0.4663438777706047,0.92072940287226,0.8547808012093726,0.022721598002496846,0.5403508771929824,0.15023869699522607,0.6566037735849057,0.2850287907869482,171800000000.0,14850000000.0,36770000000.0,47870000000.0,0.11851556264964086,0.03195610071013557,0.10751147627262361,1.0,0.7990251775338928,217314017280.0,0.389,3.66,CESC.NS,,,,,0.5705584046099433,16.989247311827956,50.967741935483865,32.47033441208199,,89.24731182795699,,82.09606986899564,31.43164693218515,52.54452926208651,11.262798634812286,74.94553376906318,39.89010989010989,93.15217391304348,94.90333919156416,94.9238578680203,57.654979654482084,Q4 (High)
2026-08-31,5.699999809265137,6.900000095367432,5.46999979019165,6.789999961853027,1283524,0.06929134863442465,-0.03960398911030749,,,0.4057410052376501,76.72413651356355,1.7458077521313462,,0,408301000.0,113791000.0,-10943000.0,75498000.0,48560000.0,22426000.0,3514000.0,22620000.0,0.27869390474184486,-0.026801305899324272,0.054925165502901045,0.18490770289565786,2941343000.0,1022395000.0,3070347000.0,-129004000.0,1810554000.0,2859488000.0,1699000.0,168688000.0,-7.925296890018914,0.3475946191926613,0.6331741906243356,0.5741818115690641,0.5463545434231805,-1.3862955179660317,0.23791347057575107,-1.3371671703276051,3.1242215666994424,1253696000.0,-130730000.0,-105110000.0,68747000.0,1.0133794300951908,-0.04444568348540106,-0.11765285300613057,0.0,-0.008629527396158854,1104719232.0,0.324,,AKSHOPTFBR.NS,,,,,0.2531945896725697,30.107526881720432,76.0215053763441,79.28802588996764,,34.83870967741936,,11.244541484716157,93.8643702906351,43.12977099236641,6.655290102389079,11.11111111111111,91.31868131868131,21.521739130434785,,0.676818950930626,43.318539413781075,Q2 (Low)
2026-08-31,1444.4000244140625,1469.5999755859375,1356.4000244140625,1365.0,930006,0.051917426107609854,0.2182159789311806,,,0.414969944106927,55.9503318458716,1.2764060809986375,,0,2574890000.0,2031980000.0,642763000.0,964790000.0,783795000.0,576969000.0,206462000.0,364000.0,0.7891521579562623,0.24962736272229105,0.2240752032125644,0.3746917344041881,,,,,,,,,,,,,-0.21034925214579503,-0.3501906172394569,0.2622777070763125,0.3095728792631498,0.260064753998801,11083921000.0,2731917000.0,3135970000.0,4393012000.0,,,,0.0,,142801125376.0,0.355,0.55,CONCORDBIO.NS,,,,,0.2010198632176623,83.44086021505376,69.35483870967742,65.26429341963322,,32.795698924731184,,74.78165938864629,62.755651237890206,48.346055979643765,,30.065359477124183,8.791208791208792,65.97826086956522,43.32161687170474,,52.32636692565858,Q3 (Medium)
2026-08-31,525.3938680013022,530.0795560337604,505.20001220703125,505.20001220703125,6821035,0.10860723899145519,-0.017937256974324467,,,0.32248190366466684,54.19688177133808,0.46167293499843265,,0,21597600000.0,6944800000.0,2945500000.0,3800500000.0,3800500000.0,2667400000.0,876500000.0,199400000.0,0.3215542467681594,0.13638089417342666,0.12350446345890284,0.17596862614364558,,,,,,,,,,,,,-0.04574736004948532,0.015572054064344254,0.002846357080835693,0.000750356419299214,0.037537537537537524,90851000000.0,12420000000.0,13578500000.0,17123500000.0,,,,0.0,,384769392640.0,0.228,1.27,CONCOR.NS,,,,,0.3703484765283542,37.096774193548384,83.87096774193549,11.86623516720604,,61.39784946236559,,87.117903930131,58.019375672766415,32.63358778625955,,47.930283224400874,21.53846153846154,85.32608695652173,71.0896309314587,,53.192477107003704,Q4 (High)
2026-08-31,204.85000610351562,229.6999969482422,204.0,218.6300048828125,131370,0.0696184511313378,0.06146527934688795,,,0.5453772846010274,64.91904917833494,2.253380619851466,,0,2668968000.0,457929000.0,139793000.0,189076000.0,167926000.0,82811000.0,27709000.0,57406000.0,0.1715753055113437,0.05237717349927013,0.03102734839833224,0.07084236304069588,4899973000.0,1032508000.0,2882688000.0,2017285000.0,3852981000.0,2555849000.0,6101000.0,1164819000.0,0.5118305048617324,0.21071707946145826,1.5075151153295832,1.0517687077757722,0.132813706997978,0.6841430924732057,0.14427809077762532,0.8444251414316897,0.2216579440460038,9538999000.0,206435000.0,485212000.0,632827000.0,0.1023330863016381,0.04212982398066275,0.15909669934975915,1.0,2.9538759091121523,2826400512.0,0.756,0.46,CORDSCABLE.NS,,,,,0.3384768236373144,59.67741935483871,76.23655913978494,89.10463861920172,,10.967741935483872,,20.851528384279476,81.3778256189451,87.72264631043257,38.907849829351534,78.21350762527233,67.14285714285714,36.52173913043478,36.99472759226713,66.83587140439933,56.70366080583656,Q4 (High)
2026-08-31,290.0,290.04998779296875,274.20001220703125,275.95001220703125,329117,-0.13630669105780513,-0.024566920605859743,,,0.5701389061644783,14.614604462474645,0.399789819213482,,0,2060440000.0,744530000.0,134410000.0,284010000.0,233380000.0,141550000.0,30990000.0,55540000.0,0.36134514957970143,0.06523363941682359,0.06869891867756402,0.137839490594242,9518360000.0,1673590000.0,3802680000.0,5715680000.0,6990920000.0,3488140000.0,532360000.0,2196500000.0,0.29280680513954593,0.1758275585289903,2.0041970792456727,1.3744918495243883,0.6539755167569736,-2.731074966369084,-0.00458469610083434,-0.6996668859137298,-0.533698918022559,5578560000.0,145880000.0,130030000.0,580340000.0,0.02552277244352378,0.015326169634264726,0.017597137470954507,1.0,1.9492855912152933,5711125504.0,,,CEWATER.NS,,,,,0.3219950622229427,34.946236559139784,3.870967741935484,9.06148867313916,,9.13978494623656,,28.27510917030568,0.7534983853606028,,58.02047781569966,6.318082788671024,92.96703296703296,37.93478260869565,,51.776649746192895,35.5376074268273,Q1 (Lowest)
2026-08-31,13.430000305175781,13.670000076293945,12.899999618530273,13.140000343322754,156960,-0.027387111716555834,-0.03168749898096701,,,0.22807301142331773,52.86343686364861,1.3866617747616352,,0,79305000.0,23734000.0,-40829000.0,40959000.0,24392000.0,10861000.0,3986000.0,9545000.0,0.2992749511380115,-0.5148351301935565,0.13695227287056302,0.5164743710989219,2031652000.0,485752000.0,610216000.0,1421436000.0,782343000.0,345837000.0,88305000.0,312000.0,0.3417332894340653,0.2390921279825482,2.2621726420250003,2.261270482915362,-0.1146327576390207,-5.580767608603964,-0.17446520585020564,0.27701352145796587,0.08849557522123885,341401000.0,28767000.0,-34452000.0,132276000.0,0.02023798468590918,0.014159413127838822,-0.018064291511901292,1.0,1.4449877242756142,1039704960.0,0.583,1.9,COMPUSOFT.NS,,,,,0.2151615972267425,32.47311827956989,28.9247311827957,69.68716289104638,,91.18279569892474,,10.58951965065502,53.92895586652314,75.25445292620864,65.18771331058021,3.2679738562091507,14.725274725274726,22.17391304347826,82.16168717047452,55.83756345177665,47.026324136901145,Q2 (Low)
2026-08-31,1.0800000429153442,1.190000057220459,1.0700000524520874,1.1200000047683716,109207,-0.0743801905299355,-0.1703703814900296,,,0.3725204924438478,47.05882352941176,1.416570541988611,,0,,,,,,,,,,,,,,,,,,,,,,,,,,,,,,,,,,,,,,,97796256.0,0.494,,COMPINFO.NS,,,,,0.2610136425200726,6.236559139784946,12.580645161290322,70.55016181229773,,43.655913978494624,,0.21834061135371177,39.28955866523143,65.20356234096693,,,,,,,42.515649447294656,Q2 (Low)
2026-08-31,232.3800048828125,243.8699951171875,225.10000610351562,230.25,16645849,-0.08862412699390565,0.23293172690763053,,,0.36017679764929245,37.97591818575474,0.7580908933284205,,0,14917080000.0,5596200000.0,4426270000.0,4714410000.0,4426270000.0,3533810000.0,1165880000.0,,0.3751538504854838,0.296724962258029,0.23689689939317882,0.316041075062948,,,,,,,,,,,,,0.1501608381471693,0.24951293248236484,0.6880043362592523,0.9881794296195026,1.2642028672285859,47664500000.0,10665390000.0,12354670000.0,13477540000.0,,,,0.0,,221535961088.0,-0.03,0.09,CGCL.NS,,,,,0.298264296218549,84.40860215053763,9.78494623655914,33.22545846817692,,48.27956989247312,,82.31441048034934,19.806243272335845,9.923664122137405,,63.18082788671025,69.89010989010988,88.47826086956522,5.360281195079086,,47.64349163093559,Q3 (Medium)
2026-08-31,10.0600004196167,10.6899995803833,8.0600004196167,8.699999809265137,952535,-0.19815672779850668,-0.239510478288528,,,0.46412348504316536,36.477991822395104,3.222205503988301,,0,163943000.0,16000000.0,2254000.0,3190000.0,2351000.0,693000.0,113000.0,1544000.0,0.09759489578695034,0.01374868094398663,0.0042270789237722865,0.019457982347523224,618653000.0,57883000.0,83698000.0,534955000.0,609391000.0,79380000.0,379000.0,24824000.0,0.1082016244357002,0.09356295047466028,7.676883345930965,7.364159737969262,-0.09857536385679955,-0.3239024390243902,-0.4454603264803577,-0.7472647702407003,-0.49834879698065737,863684000.0,3615000.0,787000.0,14104000.0,0.0067575777401837536,0.00584334028930596,0.00132751274378498,3.0,3.6472667230256697,276456192.0,0.544,,AKG.NS,26609000.0,26609000.0,,,0.7680757306486937,2.4731182795698925,1.2903225806451613,94.92988133764833,,22.258064516129025,,2.6200873362445414,16.68460710441335,71.81933842239185,93.1740614334471,30.718954248366014,16.263736263736263,17.17391304347826,,34.686971235194584,36.939537053417624,Q1 (Lowest)
2026-08-31,2076.10009765625,2116.60009765625,2009.199951171875,2030.0,1818519,-0.015996122152205472,-0.033535466621971155,,,0.2402760027190499,37.69616380341796,0.9377034218477356,,0,15905600000.0,11090300000.0,4437600000.0,5024300000.0,4632200000.0,3430800000.0,1191100000.0,10300000.0,0.6972575696609999,0.27899607685343525,0.21569761593401066,0.31588245649331054,,,,,,,,,,,,,0.004921751107236139,-0.028982225744367707,0.09541190892687434,-0.03357746478873236,-0.028313381166960028,60668900000.0,13408800000.0,17391200000.0,19557800000.0,,,,0.0,,552130838528.0,0.522,2.36,COLPAL.NS,,,,,0.5244852935771304,31.93548387096774,35.913978494623656,48.11218985976268,,87.63440860215054,,89.73799126637554,19.268030139935412,69.40203562340967,,44.989106753812635,33.18681318681318,88.80434782608695,87.17047451669596,,55.743657342708936,Q4 (High)
2026-08-31,1739.0,1813.9000244140625,1719.0,1776.0,10135977,0.21491416725642098,0.3512744236554608,,,0.4303350141891489,77.65298262085673,0.5678854095176342,,0,55277000000.0,20694000000.0,8822000000.0,10298000000.0,7887000000.0,5186000000.0,1704000000.0,866000000.0,0.37436908660021345,0.15959621542413663,0.0938184054851023,0.1862980986667149,,,,,,,,,,,,,0.24206812870753192,-0.15302956067287277,0.6152475016071532,0.9854517611026035,0.8441977077363896,178706000000.0,16985000000.0,26163000000.0,30421000000.0,,,,0.0,,786218876928.0,0.294,0.9,COFORGE.NS,,,,,0.5177399735924767,91.93548387096774,94.40860215053763,19.633225458468175,,29.677419354838705,,92.03056768558952,94.72551130247578,38.93129770992366,,37.145969498910674,81.31868131868131,92.5,59.666080843585235,,62.131522612931896,Q5 (Highest)
2026-08-31,865.5499877929688,891.9500122070312,826.0999755859375,879.0,17986107,-0.035020335447440765,0.054336076681883894,,,0.37976038228157877,43.51869525491551,0.8127983061907754,,0,32808100000.0,10100000000.0,3428100000.0,4808600000.0,4263900000.0,3130100000.0,1146000000.0,35100000.0,0.3078508051365364,0.10448944010777826,0.09540631734236363,0.14656746352272762,,,,,,,,,,,,,-0.04676386499930263,-0.14358805986483902,0.19182132906127292,0.15089899621281755,0.1497226472838562,127759700000.0,12325600000.0,14443000000.0,18720400000.0,,,,0.0,,1384820637696.0,0.42,0.15,CGPOWER.NS,,,,,0.5592304041488142,57.95698924731183,24.623655913978496,37.86407766990291,,41.93548387096774,,95.96069868995633,31.32400430570506,55.85241730279898,,37.79956427015251,21.428571428571427,88.15217391304347,10.984182776801406,,46.92545462594602,Q2 (Low)
2026-08-31,30.989999771118164,35.0,30.989999771118164,32.400001525878906,2767013,0.011235973784791575,0.3085622466224869,,,0.6469438479940613,56.27426750863119,1.6678165788555632,,0,2805100000.0,1069800000.0,71000000.0,2095100000.0,1658700000.0,1320600000.0,80600000.0,257400000.0,0.38137677801147907,0.025311040604613026,0.4707853552458023,0.7468895939538698,45377300000.0,8267700000.0,13814300000.0,27940900000.0,34170800000.0,9693300000.0,256000000.0,372400000.0,0.29589955942721957,0.18219902902993346,3.5251978170488893,3.4867795281276757,-0.020531443136981076,1.3880650994575046,0.04656195202029623,-4.999394306480921,1.3668097605061003,11157500000.0,2030800000.0,60800000.0,4344500000.0,0.07268198232698303,0.04475365436021976,0.0016791590948006827,1.0,1.8758601767844276,6844555776.0,0.561,,COFFEEDAY.NS,,,,,0.37356443097068376,89.89247311827957,53.76344086021505,77.56202804746493,,4.3010752688172005,,30.021834061135372,63.18622174381054,73.66412213740458,82.5938566552901,87.69063180827887,26.153846153846157,50.76086956521739,,52.28426395939086,56.12497755861004,Q4 (High)
2026-08-31,1430.0,1524.699951171875,1415.5999755859375,1519.699951171875,7780639,0.0803298527918932,-0.05964979015553262,,,0.32131585589245587,70.40406729107518,1.5061771744331025,,0,14842781000.0,3309304000.0,2777674000.0,4348235000.0,4348235000.0,2764844000.0,1260934000.0,322457000.0,0.2229571399052509,0.18713972806039514,0.18627533479069724,0.2929528502778556,145306510000.0,16717533000.0,86578938000.0,58727572000.0,106215989000.0,79811888000.0,1053870000.0,22883629000.0,0.284662423980341,0.11505013092668732,1.3308291742202616,1.0441096193589607,0.09913153035978195,0.9111093907468055,-0.15553304697764503,-0.03726968903275141,0.09850905917834551,50218699000.0,7165128000.0,6815864000.0,10914107000.0,0.12200620178882927,0.049310440392519236,0.09034203080504692,1.0,1.228240885422133,399803842560.0,0.582,0.87,COCHINSHIP.NS,,,,,0.2939048077180342,25.161290322580644,78.81720430107528,73.35490830636462,,61.82795698924731,,87.44541484716157,89.45102260495156,75.06361323155217,29.86348122866894,82.13507625272331,60.43956043956044,89.34782608695652,58.34797891036907,50.930626057529615,64.14573063858273,Q5 (Highest)
2026-08-31,215.0,227.0,204.49000549316406,224.8300018310547,3767652,0.1779221856898825,0.4693811509222039,,,0.7048436143274573,57.71377015071588,0.5948169216755472,,0,1005550000.0,496969000.0,91470000.0,133107000.0,105615000.0,63427000.0,17867000.0,24321000.0,0.4942260454477649,0.09096514345383123,0.06307692307692307,0.13237233354880415,3583355000.0,1285163000.0,1808275000.0,1775080000.0,1783364000.0,1399539000.0,4715000.0,825397000.0,0.7240028618428466,0.35864797096575696,1.2742510212291334,0.6844875348239671,0.03152165215803504,0.056623575664689785,0.028316936984844387,-0.21405913112438357,-0.023906076983434388,3870041000.0,263221000.0,371389000.0,506291000.0,0.14828683777632556,0.07345657909975428,0.12135931689084821,1.0,1.9993197715548696,9069462528.0,0.079,0.18,COMSYN.NS,,,,,0.31087555468209,96.02150537634408,91.72043010752688,22.43797195253506,,2.0430107526881613,,33.84279475982533,66.30785791173305,18.384223918575064,26.96245733788396,51.307189542483655,42.857142857142854,31.521739130434785,13.093145869947275,76.48054145516075,44.86533406481872,Q2 (Low)
2026-08-31,2.950000047683716,3.119999885559082,2.9000000953674316,2.950000047683716,297347,-0.06349207670750456,-0.14492753422878746,,,0.29031220055114,33.33333333333333,1.2000900576314124,,0,70493000.0,30157000.0,-5867000.0,7581000.0,-4690000.0,-10626000.0,563000.0,5373000.0,0.4278013419772176,-0.08322812194118565,-0.1507383711857915,0.1075425928815627,403715000.0,227573000.0,259429000.0,144286000.0,40515000.0,94583000.0,1590000.0,22843000.0,1.5772354906227908,0.5636971626023308,0.42835393252487236,0.1868411871055052,-0.1940249019585425,-5.6,0.08345757189185865,5.389657245941071,-0.37336749876012565,289372000.0,-13946000.0,1985000.0,54506000.0,-0.09665525414801159,-0.03454417101172857,0.0053380447965492295,0.0,1.0180790904474692,454226272.0,0.202,,DANGEE.NS,,,,,0.44200015707675827,8.494623655913978,16.021505376344088,62.56742179072277,,72.47311827956989,,4.6943231441048034,13.562970936490851,29.389312977099237,3.242320819112628,3.159041394335512,9.45054945054945,18.15217391304348,,94.07783417935703,32.35234639444291,Q1 (Lowest)
2026-08-31,1156.5,1197.0999755859375,1106.0,1130.0,962958,-0.06549781208237704,0.03234060405959083,,,0.2940250119493813,27.987607019463994,1.026212159118721,,0,12004462000.0,4220120000.0,1545409000.0,1966927000.0,1576837000.0,1168805000.0,121504000.0,286662000.0,0.35154595016419726,0.12873621491741988,0.09736421340664829,0.16384965856862224,,,,,,,,,,,,,-0.0195987761953631,0.020567561667758083,0.4362022454811141,0.1473675840594335,0.17719367439900746,45310935000.0,4041219000.0,5773239000.0,7394578000.0,,,,0.0,,150664183808.0,0.047,0.51,CCL.NS,,,,,0.2205499463277203,52.365591397849464,15.483870967741936,52.85868392664509,,71.72043010752688,,75.65502183406113,7.642626480086114,15.585241730279897,,48.5838779956427,26.373626373626376,57.065217391304344,40.86115992970123,,44.279689875631014,Q2 (Low)
2026-08-31,833.7000122070312,887.5499877929688,820.0499877929688,865.1500244140625,862203,0.001562904190984149,0.1557678692439477,,,0.34564580565692316,56.829514226113545,1.3561487416825144,,0,5192600000.0,2126400000.0,879800000.0,1015600000.0,789400000.0,442100000.0,288900000.0,51800000.0,0.40950583522705386,0.16943342448869544,0.08514039209644494,0.19558602626815083,23550700000.0,2209300000.0,8191200000.0,15439300000.0,11230300000.0,5648600000.0,1414200000.0,40700000.0,0.14309586574520866,0.0938103750631616,1.9881563573274794,1.9809510321141521,0.017957263281709546,0.21522814733369988,0.22043857381248966,-0.4050598842686045,0.014788169464428513,19940700000.0,1758300000.0,2731900000.0,3408300000.0,0.11388469684506422,0.0746602011829797,0.15479414797774327,1.0,2.1595443022925007,51135893504.0,0.225,0.58,DATAMATICS.NS,,,,,0.2996235945120441,75.16129032258064,48.60215053763441,68.28478964401295,,53.225806451612904,,60.58951965065502,64.3702906350915,32.12468193384224,57.16723549488054,61.111111111111114,38.13186813186813,70.76086956521739,45.342706502636204,38.24027072758037,54.20750604724822,Q4 (High)
2026-08-31,125.25,133.8000030517578,125.25,126.58000183105469,2325645,-0.020960566136627556,0.05977896218774026,,,0.5264570751573439,54.83752729665943,0.8002114679172285,,0,4248112000.0,2060235000.0,3712000.0,427127000.0,218981000.0,882019000.0,-62366000.0,271608000.0,0.4849766202021039,0.0008737999374781079,0.207626117202183,0.1005451362864256,23239028000.0,7200926000.0,13230962000.0,10408801000.0,12364913000.0,9744218000.0,1085551000.0,5037419000.0,0.6918112854689027,0.30986347621768,1.2689487242588373,0.7519837918240335,-0.07083493822243248,-3.4345057535350634,-0.015693345585867102,-122.82582872928177,-0.32950358773748845,17653768000.0,276273000.0,1486130000.0,1119836000.0,0.02654225015926426,0.011888319941780698,0.08439256326915233,1.0,1.5531441633445253,24314957824.0,0.681,,CAMLINFINE.NS,,,,,0.29278627679120417,59.13978494623656,33.225806451612904,36.89320388349515,,12.688172043010752,,50.21834061135371,59.74165769644779,83.7150127226463,26.621160409556317,5.119825708061002,18.35164835164835,3.804347826086957,,75.80372250423012,41.02151221029239,Q1 (Lowest)
2026-08-31,322.0,366.20001220703125,306.75,364.04998779296875,10977582,0.5219481289196732,1.1443716712683312,,,0.6026557310490785,86.9691623073394,0.2540270816044967,,0,6958657000.0,1298047000.0,695198000.0,847213000.0,765648000.0,606148000.0,15850000.0,143649000.0,0.18653699988374192,0.09990404757699654,0.0871070380390929,0.12174949850236906,24036095000.0,25365014000.0,30078132000.0,-6042037000.0,10487248000.0,5139602000.0,358076000.0,3692308000.0,-4.198089816398013,1.0552884734396333,2.0404786207181025,1.322075133444185,0.4678215054570889,0.2191304452762184,1.0846267153932363,6.9090292275574114,5.055067968381481,19101021000.0,1581691000.0,1929128000.0,2316238000.0,-0.26178108475668055,0.06580482395330856,0.09983596212943792,1.0,0.8148571055323255,191843811328.0,0.506,,DIACABS.NS,,,,,0.2294696695460077,99.78494623655914,100.0,4.746494066882416,,6.881720430107535,,80.45851528384279,98.4930032292788,67.23918575063614,59.72696245733788,61.328976034858385,90.0,29.67391304347826,,1.353637901861252,56.64582362898952,Q4 (High)
2026-08-31,866.5499877929688,937.0,865.0,928.5,2731,-0.03311463938061043,0.03835829492812337,,,0.3619762915218,45.880490029053945,0.3524723062402897,,0,1077853000.0,305467000.0,-868965000.0,233156000.0,169806000.0,-49688000.0,-13036000.0,147845000.0,0.2834032098996802,-0.8061999177995515,-0.04609905061265312,0.2163152118145981,50963547000.0,9518197000.0,15899660000.0,27424698000.0,4951635000.0,1657633000.0,951120000.0,471239000.0,0.3470666112713438,0.18676480661756137,2.987172070054107,2.702887792412434,0.2382311787316853,0.5168203187007754,-0.11043940217996828,-0.9146202950349248,-1.2157050315384743,3975349000.0,-106760000.0,-1120202000.0,1581702000.0,-0.003892841408864375,-0.0020948306443427105,-0.030322528865157967,0.0,0.9199337793344721,5661229568.0,0.724,0.32,DHUNINV.NS,,,,,0.28888348458001806,54.19354838709678,26.021505376344084,7.659115426105717,,47.204301075268816,,28.16593886462882,36.706135629709365,86.76844783715013,77.47440273037543,74.40087145969498,81.0989010989011,6.956521739130435,24.077328646748683,56.34517766497462,47.138146395741934,Q2 (Low)
2026-08-31,24.600000381469727,25.700000762939453,23.600000381469727,24.1299991607666,11405,-0.08146179138587062,-0.1956666946411133,,,0.43213982151910957,33.5144853046107,0.5162707476689592,,0,83222000.0,-15539000.0,-97154000.0,-84239000.0,-94446000.0,-740000.0,-96045000.0,2339000.0,-0.1867174545192377,-1.1674076566292566,-0.008891879551080244,-1.0122203263560117,1186628000.0,280558000.0,464556000.0,722072000.0,845221000.0,370800000.0,7270000.0,0.0,0.38854574059096597,0.23643298489501344,2.279452535059331,2.279452535059331,-2.463784430295142,-0.9976140192490609,-0.6984633668245209,-1.03628518191625,-2.7752839771553814,429041000.0,-284844000.0,-373607000.0,-319551000.0,-0.3944814367542295,-0.24004490033944925,-0.37262699101363417,0.0,1.4305875135257216,457663264.0,0.163,1.41,DHRUV.NS,,,,,0.305851238762307,4.838709677419355,11.0752688172043,15.74973031283711,,29.462365591397855,,4.912663755458515,13.993541442411194,24.93638676844784,65.35836177474403,14.923747276688454,0.32967032967032966,3.0434782608695654,74.2530755711775,59.56006768189509,28.162471150681405,Q1 (Lowest)
2026-08-31,223.89999389648438,233.5500030517578,216.99000549316406,224.3699951171875,6942640,-0.009350004160183611,-0.07266602356730445,,,0.28477037758736057,50.76850452852727,0.398936051226778,,0,4556300000.0,2344500000.0,1735600000.0,885100000.0,646400000.0,441400000.0,146400000.0,58600000.0,0.5145622544608563,0.3809231174417839,0.09687685183152997,0.19425849922085903,14671900000.0,2361600000.0,5609400000.0,9062500000.0,8793400000.0,3714800000.0,39600000.0,4494500000.0,0.2605903448275862,0.16096074809670186,2.36712609023366,1.1572359211801442,-0.22592208763017962,-0.3068467336683417,0.12304355327697114,0.2600628033114474,0.1533750325775345,17741200000.0,1500900000.0,7100600000.0,3140100000.0,0.16561655172413794,0.10229758926928346,0.6215456797472011,1.0,2.6347057981583846,68585357312.0,,0.67,CAMPUS.NS,,,,,0.2652789708507563,21.397849462365592,40.86021505376344,8.95361380798274,,74.40860215053763,,65.06550218340611,48.86975242195909,,66.89419795221842,30.93681917211329,8.131868131868131,60.86956521739131,50.43936731107206,48.223350253807105,45.00338020789899,Q2 (Low)
2026-08-31,270.3999938964844,277.70001220703125,260.20001220703125,265.54998779296875,629596,0.02390584747847857,0.01239039325676683,,,0.222689775597653,56.96671282568448,3.3035887717664694,,0,2337790000.0,494980000.0,58210000.0,149970000.0,101920000.0,39680000.0,12700000.0,49540000.0,0.21172988164035264,0.024899584650460476,0.016973295291707127,0.0641503300125332,8414030000.0,1319050000.0,3923600000.0,4490430000.0,5126800000.0,3310820000.0,2750000.0,2073980000.0,0.2937469240139586,0.1567679221490772,1.5484985592693048,0.9220736856730357,0.23340192043895747,4.248677248677248,0.1136151442399298,-2.6169519152404237,1.8021300448430493,11379650000.0,546450000.0,813500000.0,1088220000.0,0.12169213193391279,0.06494509765237348,0.14002974448659777,1.0,2.398584744765588,8974871552.0,,,DHARMAJ.NS,,,,,0.319234953324525,46.45161290322581,59.78494623655914,95.14563106796116,,92.15053763440861,,33.51528384279476,64.80086114101185,,40.1023890784983,95.31590413943356,80.76923076923077,27.717391304347828,,51.945854483925544,59.179976173426496,Q5 (Highest)
2026-08-31,144.10000610351562,145.8000030517578,140.25999450683594,143.22999572753906,15203,0.011368455485536,-0.08572710085936608,,,0.2448310108229494,28.608405502627463,0.926174215989645,,0,343320000.0,240858000.0,101380000.0,116273000.0,103705000.0,74955000.0,28745000.0,5000.0,0.7015554002097169,0.2952930210881976,0.21832401258301293,0.3386723756262379,7022236000.0,4291183000.0,5189841000.0,1832395000.0,840369000.0,3676916000.0,51127000.0,11101000.0,2.34184387099943,0.6110849877446443,0.2285526783859082,0.22553357215666608,-0.07033672267428481,-1.1424117372122982,-0.018109434523469026,-0.25457962885613705,-0.5317256072267127,1222874000.0,-586404000.0,324857000.0,-244319000.0,-0.32002051959321,-0.08350673489184926,0.05305019385725143,0.0,0.10347090300012697,2476689664.0,-0.257,0.7,AHLEAST.NS,,,,,0.3110282169696237,18.172043010752688,54.086021505376344,46.92556634304207,,86.23655913978494,,19.541484716157207,8.396124865446716,3.307888040712468,2.04778156996587,13.28976034858388,18.571428571428573,36.95652173913043,52.54833040421792,96.95431472081218,37.13558833169409,Q1 (Lowest)
2026-08-31,1019.0,1049.5,943.2999877929688,1020.5999755859375,482806,-0.014299733814223559,-0.03984457452074086,,,0.2962210841044771,52.960512776754385,2.064085308765192,,0,4619281000.0,1624262000.0,405255000.0,638775000.0,493883000.0,363044000.0,122692000.0,8147000.0,0.35162658431041544,0.08773118587070153,0.07859318365780302,0.13828450791367747,,,,,,,,,,,,,-0.0442933466463441,-0.6286777415705744,0.045031346770938674,-0.519161667922699,-0.4716693519838815,18834696000.0,2295738000.0,2593087000.0,3673142000.0,,,,0.0,,45496635392.0,0.327,0.2,DHANUKA.NS,,,,,0.24753996131933087,30.0,37.41935483870968,86.40776699029125,,71.0752688172043,,59.388646288209614,54.14424111948332,43.63867684478372,,21.895424836601308,21.978021978021978,57.391304347826086,14.762741652021088,,46.54009651421016,Q2 (Low)
2026-08-31,32.599998474121094,33.65999984741211,31.860000610351562,32.79999923706055,4594524,-0.03216288498726938,0.04993596278398904,,,0.4559111579465168,43.82715933098675,0.40685298444146956,,0,2125100000.0,,,,,249100000.0,106300000.0,2717400000.0,,,0.11721801326996377,,221262400000.0,8587100000.0,206130300000.0,15132100000.0,,,9993700000.0,,0.5674757634432762,0.0388095763220502,,,-0.17098384957478352,-0.42722464934467697,0.1984547710354161,-0.14044168391994483,,8507200000.0,1044600000.0,,,0.0690320576787095,0.004721091337705819,,1.0,,12946121728.0,0.668,,DHANBANK.NS,,,,,0.27975804100750534,56.774193548387096,26.559139784946233,9.277238403451996,,23.978494623655905,,40.28384279475983,32.07750269106566,83.07888040712467,,28.104575163398692,10.329670329670328,55.21739130434783,,70.05076142131979,42.382112698141874,Q2 (Low)
2026-08-31,810.0,830.5,778.0499877929688,787.5,9838535,0.020474261426770557,0.008834337523204727,,,0.27775151004526605,56.57432244495163,1.6297541260343813,,0,3950295000.0,2713646000.0,1581917000.0,1990757000.0,1745284000.0,1280159000.0,459528000.0,14804000.0,0.6869476836540056,0.40045540902641447,0.3240666836274253,0.503951477041588,,,,,,,,,,,,,-0.0004825158228248805,0.012517271952879439,0.11542391838078525,0.1734834838963979,0.19085068582469455,,,,,,,,0.0,,195534323712.0,0.21,1.63,CAMS.NS,,,,,0.2218652906785754,45.59139784946237,58.17204301075268,76.80690399137,,76.23655913978494,,80.78602620087337,63.93972012917115,29.898218829516537,,47.60348583877996,31.428571428571427,76.84782608695652,77.41652021089631,,57.64848484774235,Q4 (High)
2026-08-31,139.5,154.82000732421875,138.4600067138672,150.88999938964844,3839249,0.06402934904009827,0.008672847121714566,,,0.2744125553750644,58.22556574541823,2.4679134052494156,,0,5526200000.0,942700000.0,182200000.0,371200000.0,240600000.0,60300000.0,21500000.0,158200000.0,0.17058738373565924,0.032970214614020485,0.010911657196626977,0.06717093120046325,,,,,,,,,,,,,0.12630184449200033,-0.8678790534618755,0.05983660005369962,6.094117647058823,0.20246193715581473,19986400000.0,702800000.0,1203900000.0,2029400000.0,,,,0.0,,9703208960.0,0.284,2.65,DHAMPURSUG.NS,,,,,0.26539901343298405,45.483870967741936,74.3010752688172,90.83063646170443,,77.20430107526882,,35.043668122270745,67.16899892357372,37.404580152671755,,17.429193899782135,65.71428571428571,33.04347826086956,89.103690685413,,55.51518530215994,Q4 (High)
2026-08-31,125.94999694824219,132.47999572753906,125.5,131.9499969482422,105026725,0.05729161635932889,0.04840193864294018,,,0.2850647376129424,59.07242566764883,0.8822751258812046,,0,169583100000.0,,,,,51807100000.0,17028100000.0,227374000000.0,,,0.30549683311603576,,19323181900000.0,1536989100000.0,18086206400000.0,1236237900000.0,,,1968510700000.0,,1.2432793882148412,0.07954120123456479,,,0.16838956998152166,0.13258624948898512,-0.09314965644807582,0.021797999680485347,,613024900000.0,182035600000.0,,,0.1472496515436066,0.009420580986198758,,1.0,,1196872433664.0,0.503,3.18,CANBK.NS,,,,,0.42343222570808725,56.236559139784944,71.61290322580646,44.01294498381877,,74.19354838709677,,95.08733624454149,69.53713670613563,66.85750636132316,,57.18954248366013,73.51648351648352,99.23913043478261,92.09138840070298,91.37055837563452,69.39633588398473,Q5 (Highest)
2026-08-31,24.979999542236328,27.600000381469727,23.239999771118164,25.81999969482422,365210,-0.007686424266752034,-0.10347220906872778,,,0.45885957190857657,53.02491296447512,2.5635213485669577,,0,1183500000.0,,47500000.0,75400000.0,56000000.0,9000000.0,13000000.0,34000000.0,,0.04013519222644698,0.0076045627376425855,0.063709336713139,2527000000.0,980700000.0,2157700000.0,369300000.0,1538200000.0,1027500000.0,98100000.0,,2.655564581640942,0.3880886426592798,1.4970316301703164,,-0.07640081161229906,-1.1236263736263736,0.03344393992315742,-0.8553054662379421,-0.5116580310880829,4887300000.0,8100000.0,280200000.0,246900000.0,0.021933387489845652,0.0032053818757419865,0.20755555555555555,1.0,2.454277799762564,1498138880.0,0.051,,DGCONTENT.NS,,,,,0.3036720334122454,13.978494623655912,41.82795698924731,91.47788565264293,,23.33333333333333,,14.956331877729257,54.251883745963404,16.28498727735369,38.56655290102389,13.507625272331156,18.13186813186813,28.043478260869563,,97.46192893401016,40.12148846666858,Q1 (Lowest)
2026-08-31,114.5,135.97999572753906,112.55000305175781,134.72999572753906,48492278,0.20499059716850576,0.18101326757572922,,,0.28854461885576277,78.51498797935474,1.92141669142346,,0,15805160000.0,8613670000.0,744210000.0,2734200000.0,930660000.0,146470000.0,58180000.0,701440000.0,0.544991002938281,0.0470865211108271,0.009267226652561569,0.17299413609226355,,,,,,,,,,,,,0.0999775900538813,-2.458428756347705,0.30342052678932974,-1.9938254851404533,0.3742184515791802,58152440000.0,-20970000.0,2367180000.0,9490300000.0,,,,0.0,,166113968128.0,0.316,,DEVYANI.NS,,,,,0.2625482186095342,77.84946236559139,93.87096774193549,84.14239482200647,,73.11827956989248,,77.72925764192141,95.26372443487621,41.412213740458014,,7.080610021786492,60.54945054945055,45.869565217391305,,,60.45906174035399,Q5 (Highest)
2026-08-31,27.299999237060547,29.200000762939453,26.399999618530273,26.90999984741211,158605,-0.02605860786188008,-0.0577730969672422,,,0.4839323467530021,49.65276972930874,0.43809693826919743,,0,538650000.0,80415000.0,22693000.0,50354000.0,44023000.0,90865000.0,-55330000.0,9793000.0,0.14928989139515456,0.04212939756799406,0.16869024412884062,0.09348185278009839,1888997000.0,306127000.0,795981000.0,1093432000.0,1078865000.0,601843000.0,61754000.0,64624000.0,0.27996894182720095,0.162057959859121,1.792602057347182,1.685225216543185,0.22021112722000735,-2.2505160881891495,0.04484502386859379,6.419368008491875,0.6852074966532797,1895006000.0,757788000.0,-348000.0,1007747000.0,0.6930362381931386,0.40115892190405805,-0.00024864975324370036,1.0,2.1934990367904237,1516747520.0,-0.372,0.74,DEVIT.NS,,,,,0.17290379166757916,25.591397849462368,29.78494623655914,11.11111111111111,,18.38709677419355,,15.174672489082969,45.85575888051668,1.9083969465648856,50.170648464163826,8.061002178649238,79.34065934065934,4.239130434782608,53.69068541300527,50.42301184433165,32.915901197538844,Q1 (Lowest)
2026-08-31,824.5999755859375,825.25,803.2999877929688,811.2999877929688,1061011,-0.11439798120935296,-0.015781888849423442,,,0.25168777653187613,22.262559456599362,0.8091366211379608,,0,4335423000.0,,,,,2678209000.0,706884000.0,6594647000.0,,,0.6177503325511721,,,,,,,,,,,,,,-0.009170053481313278,-0.22521533456340326,0.2205307875948741,0.14494917172940092,,16704997000.0,11021450000.0,,,,,,0.0,,108028321792.0,0.417,1.97,CANFINHOME.NS,,,,,0.305040333729523,37.74193548387097,5.376344086021505,37.648327939590075,,84.6236559139785,,71.39737991266377,3.1216361679224973,55.6615776081425,,34.20479302832244,29.230769230769234,83.36956521739131,83.21616871704745,,48.372810220381346,Q3 (Medium)
2026-08-31,88.95837482291437,89.75690620140709,84.01000213623047,84.75,2061546,-0.019507891175532865,-0.03761491313467602,,,0.23180029562954285,38.457392437721225,1.827641904637081,,0,600400000.0,420200000.0,168800000.0,223500000.0,190100000.0,671300000.0,88300000.0,5700000.0,0.6998667554963358,0.2811459027315123,1.1180879413724183,0.37225183211192536,25895081000.0,106385000.0,1444225000.0,24450856000.0,1972425000.0,1013037000.0,14118000.0,522411000.0,0.004350972415853253,0.00410830921903662,1.9470414209944948,1.431353445135765,-0.19235942964756525,0.1164144353899883,-0.0038161606105856505,-0.01928414901387876,-0.2621327170683394,2399900000.0,3173900000.0,780900000.0,1634200000.0,0.12980731635734963,0.12256767993890423,0.031799174834013316,1.0,1.4832814772813416,21762258944.0,0.641,2.83,ALEMBICLTD.NS,,,,,0.22698523428066414,30.752688172043012,33.87096774193548,81.55339805825243,,90.10752688172043,,48.580786026200876,20.775026910656617,80.9796437659033,55.460750853242324,55.99128540305011,9.56043956043956,52.06521739130435,89.98242530755711,12.013536379018612,50.77957949675495,Q3 (Medium)
2026-08-31,358.75,372.0,330.6000061035156,333.8500061035156,1786581,0.013048151933928276,0.24640656522700644,,,0.5239896869916342,46.31410366136163,0.9640284743378332,,0,553120000.0,146270000.0,105420000.0,125730000.0,124460000.0,91100000.0,32550000.0,810000.0,0.264445328319352,0.19059155336997397,0.1647020538038762,0.22731052936071738,4840650000.0,120980000.0,250740000.0,4589890000.0,3758810000.0,236550000.0,265760000.0,1187960000.0,0.0263579301464741,0.024992511336287482,15.890128936799831,10.868103994927077,0.03348281016442445,-0.36347121296813867,0.02142118481311872,-0.3360058309037901,-0.35779957094698134,2503790000.0,609000000.0,737450000.0,834870000.0,0.13268291832701873,0.1258095503703015,0.15654220982536135,1.0,2.802736409366511,8913795072.0,,0.75,DENTA.NS,,,,,0.4225618711012011,85.59139784946237,54.83870967741935,49.730312837108954,,13.11827956989248,,33.4061135371179,37.997847147470395,,95.90443686006826,29.629629629629626,43.18681318681319,39.130434782608695,54.48154657293497,21.658206429780034,47.24491520535374,Q2 (Low)
2026-08-31,824.0,848.0,810.0,822.2999877929688,89720,-0.016564056947554695,0.013371095474417505,,,0.31147242154400095,41.377959082413106,0.5192121488970423,,0,13222987000.0,2603385000.0,948786000.0,1509645000.0,1221811000.0,820212000.0,278456000.0,123143000.0,0.19688327607067904,0.0717527741651716,0.062029252543317176,0.11416822840406635,42648552000.0,731399000.0,22059515000.0,20589037000.0,31791209000.0,16793095000.0,3080746000.0,3422296000.0,0.03552371099240824,0.017149445073774135,1.893111960600473,1.68932010448342,0.24660438320975064,0.5170906023882451,0.08756310368427056,-0.015734576227253716,0.06454267492927235,45651981000.0,2658634000.0,3367488000.0,5075681000.0,0.12912862315998558,0.062338200837393026,0.15794648852396828,1.0,2.262828194026376,55083868160.0,0.559,0.07,AHLUCONT.NS,,,,,0.19405538056893368,46.774193548387096,35.26881720430107,16.181229773462782,,65.05376344086022,,61.68122270742358,26.264800861141012,73.2824427480916,53.07167235494881,74.50980392156863,81.64835164835165,69.78260869565217,4.042179261862917,24.534686971235196,48.80638487581911,Q3 (Medium)
2026-08-31,243.39999389648438,287.6000061035156,238.50999450683594,260.7900085449219,280748,-0.02311201343889202,-0.018848681257085498,,,0.432831197618341,56.94603294413492,3.864926764659053,,0,92872000.0,24416000.0,-40721000.0,-21967000.0,-31541000.0,-24157000.0,-8428000.0,972000.0,0.2628994745456112,-0.43846369196313206,-0.26011068998191056,-0.23652984753208717,1744418000.0,81857000.0,169434000.0,1574984000.0,726485000.0,141819000.0,1695000.0,283550000.0,0.051973226394680834,0.04692510625320307,5.122621087442444,3.123241596683096,0.215808972730962,-0.2901472187123505,-0.48212254366203466,-2.9102482998576624,-1.8395245738744936,384792000.0,-127831000.0,-175865000.0,-98659000.0,-0.08116336419925536,-0.0732800280666675,-0.10614476585260746,0.0,1.8271328890208653,2621824256.0,,0.38,DIAMINESQ.NS,,,,,0.40148053925638705,36.98924731182795,31.827956989247312,97.41100323624595,,29.354838709677423,,20.19650655021834,64.58557588805166,,88.39590443686008,31.372549019607842,78.79120879120879,8.152173913043478,30.316344463971877,26.56514382402707,46.26389687559918,Q2 (Low)
2026-08-31,1199.0,1239.0,1102.0999755859375,1227.4000244140625,1162044,0.024284381540663258,0.25874274961038535,,,0.4340899937351722,64.06435197623149,4.719622031879064,,0,4180624000.0,1182348000.0,45735000.0,219315000.0,50537000.0,11371000.0,26739000.0,12427000.0,0.2828161537607783,0.010939754448139799,0.0027199288909980903,0.052459872019105284,9274699000.0,451590000.0,2277894000.0,6996805000.0,3319874000.0,1711982000.0,328825000.0,1296579000.0,0.06454231609999135,0.04869052893252924,1.939199127093626,1.18184361751467,-0.08968468379212113,-0.6499722957581727,0.04902427702151679,-1.0952432803692131,2.0416903596244262,17160463000.0,97157000.0,169923000.0,886412000.0,0.013885909354341017,0.010475488207218369,0.022813371202789326,1.0,3.1324178283306012,29339213824.0,0.079,0.04,DIAMONDYD.NS,,,,,0.2730362066851827,86.88172043010752,60.215053763440864,99.02912621359224,,28.81720430107528,,52.94759825327511,79.8708288482239,18.384223918575064,54.778156996587036,21.13289760348584,17.032967032967033,35.869565217391305,1.5817223198594026,28.934010152284262,45.69833833672432,Q2 (Low)
2026-08-31,21.31999969482422,22.399999618530273,21.110000610351562,22.010000228881836,187145,0.028985547308310933,-0.16974726371738724,,,0.5611805508017753,38.12786292866907,0.43192464942232595,,0,66288000.0,59456000.0,55286000.0,56392000.0,55286000.0,41939000.0,13260000.0,87000.0,0.8969345884624668,0.8340272749215545,0.6326786145305334,0.8507120444122617,,,,,,,,,,,,,-0.527405463982205,-0.5440124382977798,3.287987580050456,20.707556935817806,13.041832669322709,247405000.0,146275000.0,195916000.0,202226000.0,,,,0.0,,1360843648.0,0.655,,CALSOFT.NS,,,,,0.15900759715788043,6.344086021505377,61.935483870967744,10.679611650485436,,9.78494623655915,,13.646288209606988,20.021528525296016,81.93384223918575,,24.618736383442265,3.296703296703297,28.152173913043477,,,34.0275600231197,Q1 (Lowest)
2026-08-31,510.3999938964844,529.9500122070312,503.1499938964844,519.25,5633,0.004546286467293825,-0.023966165413533802,,,0.3385089097182198,54.9504906980526,0.6636402354627089,,0,2397617000.0,595628000.0,41290000.0,106697000.0,61267000.0,42365000.0,15483000.0,3419000.0,0.24842499865491444,0.017221265948648177,0.01766962780127101,0.044501269385393914,,,,,,,,,,,,,0.03755439051252041,-0.07020893687999297,0.1457850072208411,0.6372314113464215,0.29771707269609204,9188785000.0,190255000.0,230605000.0,458776000.0,,,,0.0,,4766183936.0,0.104,0.58,DICIND.NS,,,,,0.19639170416739005,35.053763440860216,50.0,26.21359223300971,,55.6989247311828,,26.31004366812227,60.279870828848225,20.229007633587788,,42.810457516339866,44.065934065934066,29.239130434782606,45.342706502636204,,42.349562070353585,Q2 (Low)
2026-08-31,452.8500061035156,459.20001220703125,435.0,444.95001220703125,475346,-0.14193419596670076,0.009799195007007322,,,0.24411536311381726,47.19191367117462,0.5250500351961377,,0,4437141000.0,635155000.0,332121000.0,389770000.0,371354000.0,276118000.0,92234000.0,3002000.0,0.14314510176710635,0.07485022450266962,0.06222880904618537,0.08784259954777186,8114471000.0,148053000.0,3057591000.0,5056853000.0,7595669000.0,2963264000.0,307922000.0,1040506000.0,0.029277695040769425,0.01824555168168079,2.5632778584695797,2.2121427587957063,0.12272994104400192,0.03440163335643498,0.2000212573075375,0.0065910830811855,0.002417508937067714,15657016000.0,1040580000.0,1247535000.0,1485519000.0,0.2057762011274601,0.1282375647161719,0.23968444386891904,1.0,3.6380639477299255,15797882880.0,0.362,9.21,DLINKINDIA.NS,,,,,0.48131030493579363,46.02150537634409,3.118279569892473,16.828478964401295,,86.66666666666667,,43.5589519650655,39.82777179763186,49.10941475826972,70.98976109215018,49.56427015250544,65.05494505494505,52.60869565217391,99.29701230228471,22.84263959390863,49.69922619641597,Q3 (Medium)
2026-08-31,303.95001220703125,331.0,303.1000061035156,318.5,8652832,0.17592760872330615,-0.025320576697179797,,,0.3954331818855991,66.91589048045144,0.675985783586411,,0,13793960000.0,5394790000.0,2034430000.0,2517870000.0,2324700000.0,1609970000.0,671770000.0,42960000.0,0.3910979878149567,0.1474870160563029,0.11671557696267061,0.18253423962371937,,,,,,,,,,,,,0.02281657243488744,-0.08489075324557216,0.047466451209214444,0.31851275541542123,0.3015880400731987,53604510000.0,5632520000.0,7960760000.0,9066560000.0,,,,0.0,,89046097920.0,0.377,2.04,BSOFT.NS,,,,,0.2578191791820995,34.73118279569892,91.50537634408602,27.292340884573896,,36.98924731182795,,69.21397379912663,83.745963401507,50.82697201017812,,41.28540305010893,40.0,83.15217391304348,84.3585237258348,,56.20674381573238,Q4 (High)
2026-08-31,668.25,670.9000244140625,635.0499877929688,642.0,20931557,-0.01446290690365093,0.1420595126675599,,,0.32921895287053665,43.418954695149395,0.9215573144009304,,0,12803400000.0,5660000000.0,1151600000.0,4755200000.0,4403800000.0,7939000000.0,1146900000.0,176200000.0,0.44207007513629193,0.0899448583969883,0.6200696689941734,0.3714013465173313,,,,,,,,,,,,,-0.294212980827536,-0.37417228984044903,-0.5906291765518388,-0.38082982374044616,-0.6031314159809044,78313200000.0,40284900000.0,11670900000.0,26113100000.0,,,,0.0,,1589150089216.0,0.386,1.25,DLF.NS,,,,,0.5331516058402638,72.79569892473118,37.204301075268816,46.38619201725998,,59.13978494623656,,96.39737991266377,31.10871905274489,51.972010178117046,,29.411764705882355,5.934065934065933,88.26086956521739,70.298769771529,,52.59397040558113,Q4 (High)
2026-08-31,114.30000305175781,116.0,100.25,112.87999725341797,2720792,-0.018861414522202247,0.21226112476056547,,,0.49997649262220056,60.01932420345422,1.2561346384113543,,0,528608000.0,143852000.0,87394000.0,113054000.0,88759000.0,56223000.0,16538000.0,15998000.0,0.2721336037290393,0.16532856105091107,0.10636047884254494,0.21387114837459895,1397312000.0,394781000.0,475934000.0,902974000.0,1083968000.0,273601000.0,12372000.0,267346000.0,0.4372008496368666,0.2825288840287638,3.9618568645582437,2.9847186231044476,0.9151353544722045,1.9072340865608357,0.9065494717935216,1.2899560117302054,0.9309956103643227,1378970000.0,113914000.0,180215000.0,262541000.0,0.12615424142887835,0.08152366830027939,0.13886673524663745,1.0,2.7971410107406216,4055693312.0,-0.073,0.13,DJML.NS,,,,,0.4562517862386193,82.58064516129032,34.193548387096776,64.18554476806904,,16.236559139784944,,24.344978165938866,72.33584499461787,8.142493638676845,84.81228668941979,91.50326797385621,95.71428571428572,30.543478260869566,8.699472759226714,62.43654822335025,51.71526359176552,Q3 (Medium)
2026-08-31,13875.0,14445.0,13579.0,14200.0,1873687,0.053646954069896946,0.4006707437364372,,,0.37099643137767996,41.59827213822895,0.6257157091272643,,0,155476600000.0,9066300000.0,3561700000.0,10000500000.0,8931000000.0,6634200000.0,1511500000.0,241200000.0,0.05831295513279812,0.022908270440696543,0.04267008668828621,0.06432157636583255,,,,,,,,,,,,,0.479248866134945,1.5873405873405875,0.5105756207894261,0.6551569282969911,0.41210110138378986,495654200000.0,14320600000.0,13646600000.0,25428500000.0,,,,0.0,,863386861568.0,-0.156,0.06,DIXON.NS,,,,,0.4318681037784864,93.65591397849462,70.43010752688173,24.163969795037758,,44.08602150537635,,92.68558951965066,26.80301399354144,5.407124681933842,,89.32461873638344,90.21978021978022,91.41304347826087,3.3391915641476277,,55.43522499996591,Q4 (High)
2026-08-31,6.949999809265137,8.390000343322754,6.5,8.010000228881836,9058496,0.33500003814697266,0.27142856926604475,,,0.606191183506692,70.29914292610665,2.582851770111575,,0,349619000.0,59613000.0,31364000.0,60685000.0,43595000.0,18710000.0,10976000.0,11743000.0,0.170508467789222,0.08970908331641014,0.05351539819060177,0.17357466270425806,1691872000.0,363593000.0,817619000.0,829636000.0,1247945000.0,805306000.0,31202000.0,250578000.0,0.4382560544624389,0.21490573754988557,1.5496531753147251,1.2384944356555148,-0.10389027866062461,0.2940037346981119,-0.13046538465364754,-0.1554953735048522,0.5884878150930555,1156019000.0,69149000.0,120830000.0,180932000.0,0.08334860107324175,0.040871295228007795,0.10126304338898903,1.0,1.768774292617881,1455399168.0,-0.092,,BTML.NS,,,,,0.26008642385611586,87.95698924731182,98.27956989247312,91.69363538295578,,6.1290322580645125,,14.301310043668122,89.23573735199139,7.124681933842239,40.44368600682594,66.4488017429194,16.043956043956044,26.73913043478261,,62.77495769881557,50.47809920250711,Q3 (Medium)
2026-08-31,2.200000047683716,2.2799999713897705,2.0,2.0399999618530273,1961145,-0.16393446147009283,-0.17408909383662885,,,0.39996902307453674,25.714301284461655,4.726406348418574,,0,2095950000.0,1517210000.0,-2178860000.0,-1701850000.0,-2139750000.0,-1942640000.0,-575630000.0,378520000.0,0.7238770008826546,-1.0395572413464063,-0.9268541711395787,-0.8119707054080488,,,,,,,,,,,,,,,,,,,,,,,,,0.0,,261336240.0,0.295,,AGSTRA.NS,,,,,0.36451811114331867,5.806451612903226,2.043010752688172,99.13700107874865,,36.02150537634409,,2.292576419213974,5.705059203444564,39.12213740458015,,,,1.3043478260869565,,,36.095472644933984,Q1 (Lowest)
2026-08-31,8380.0,8585.0,8105.0,8275.0,3669371,0.2195983771120349,0.2506206169389904,,,0.2623831549807588,76.7873872675284,1.247088152421178,,0,28310000000.0,17120000000.0,8140000000.0,10890000000.0,9690000000.0,7510000000.0,2120000000.0,60000000.0,0.6047333097845284,0.2875309078064288,0.26527728717767574,0.38466972801130345,200330000000.0,70000000.0,32720000000.0,167610000000.0,110960000000.0,20430000000.0,1280000000.0,39540000000.0,0.0004176361792255832,0.0003494234513053462,5.431228585413607,3.4958394517865883,0.08717357910906287,0.288164665523156,0.22078482104355324,0.2750424448217317,0.32000000000000006,104300000000.0,25410000000.0,29820000000.0,38130000000.0,0.1516019330588867,0.12684071282384066,0.17783874045801526,1.0,2.3938850896021564,2196752433152.0,0.22,0.36,DIVISLAB.NS,,,,,0.7265891782709852,86.12903225806451,94.6236559139785,63.75404530744336,,81.50537634408602,,97.16157205240175,93.97201291711518,31.615776081424933,89.419795221843,66.23093681917211,58.02197802197803,93.80434782608695,28.031634446397184,7.7834179357022,66.13690540971292,Q5 (Highest)
2026-08-31,984.8499755859375,1052.0,955.2000122070312,1047.25,327908,0.06894966515392276,0.4572461760560784,,,0.4500920904643463,77.2198412263347,1.4386937777759703,,0,1076220000.0,669710000.0,141220000.0,278490000.0,202980000.0,154810000.0,47330000.0,840000.0,0.6222798312612663,0.1312185240935868,0.1438460537808255,0.25876679489323745,7314190000.0,17700000.0,959630000.0,6354560000.0,4502290000.0,892910000.0,315200000.0,587830000.0,0.0027854013495820324,0.002419953542360808,5.042266297835168,4.383935671008277,0.18760552189889768,0.31562845245177185,0.8485400206114737,1.8925635276532136,0.9170510084669925,3528880000.0,469260000.0,407760000.0,922960000.0,0.07384618289857992,0.06415748018577587,0.06398985603223974,1.0,2.3825405137137534,32027971584.0,0.406,0.25,DIVGIITTS.NS,,,,,0.30871035491213955,95.6989247311828,75.80645161290323,71.62891046386191,,25.05376344086021,,54.25764192139738,94.29494079655544,53.81679389312977,88.22525597269625,67.3202614379085,76.37362637362637,43.69565217391304,19.420035149384884,10.65989847715736,58.41681042963848,Q5 (Highest)
2026-08-31,906.4000244140625,935.2999877929688,867.0,887.7999877929688,34324,0.0020315889311159907,0.241591501222453,,,0.43012586138622505,51.89040029350376,0.7244528353723846,,0,352710000.0,163423000.0,51473000.0,56922000.0,51473000.0,63896000.0,22093000.0,,0.46333531796660143,0.14593575458592045,0.18115732471435456,0.16138470698307392,,,,,,,,,,,,,0.6055407109334814,-11.022901960784314,-0.15959999332845676,0.9665148344207806,1.326385483079941,1149248000.0,121959000.0,78074000.0,99261000.0,,,,0.0,,4713005056.0,-0.156,0.45,DENORA.NS,,,,,0.1775105643705544,85.16129032258064,48.817204301075265,29.88133764832794,,29.784946236559136,,26.200873362445414,51.66846071044133,5.407124681933842,,1.6339869281045754,92.3076923076923,33.369565217391305,35.9402460456942,,42.6781818508164,Q2 (Low)
2026-08-31,723.4000244140625,755.0,658.0999755859375,681.75,362020,-0.05476603119584056,-0.03789158412507054,,,0.4366249983464684,27.321247964436992,1.1819025476219338,,0,2181690000.0,832967000.0,130040000.0,221553000.0,156486000.0,114397000.0,39190000.0,2899000.0,0.3817989723562926,0.059605168470314294,0.05243503889186823,0.10155109112660368,5592216000.0,76445000.0,1869638000.0,3722578000.0,3788887000.0,1803279000.0,130067000.0,1443218000.0,0.02053549986058049,0.013669894009816502,2.1011097007174153,1.3007798571380247,-0.10799569389356334,0.06239900443916113,0.16558212591357857,0.26650429006365894,0.20736013776416606,9431131000.0,456378000.0,562949000.0,870020000.0,0.12259729681956967,0.0816095086455888,0.1481825722034323,1.0,3.136837632881133,12189384704.0,0.023,,BUTTERFLY.NS,,,,,0.2939369161609806,30.430107526881724,17.956989247311828,61.596548004315,,27.849462365591393,,38.53711790393013,7.104413347685684,13.740458015267176,61.092150170648466,51.85185185185185,15.384615384615385,41.52173913043478,,20.135363790186126,35.81338778258131,Q1 (Lowest)
2026-08-31,0.8100000023841858,0.8199999928474426,0.7699999809265137,0.7699999809265137,640877,-0.09411769490753352,-0.2222222489807606,,,0.21729746276630046,19.999976158147774,1.125797300027228,,0,,,,,,,,,,,,,,,,,,,,,,,,,,,,,,,,,,,,,,,125306800.0,0.014,,DIL.NS,,,,,0.4132609133733864,3.3333333333333335,8.38709677419355,58.46817691477886,,93.2258064516129,,0.8733624454148471,1.829924650161464,12.849872773536896,,,,,,,38.59783822286879,Q1 (Lowest)
2026-08-31,42.41999816894531,43.38999938964844,39.25,41.369998931884766,118938,-0.0388011605046249,-0.027503572131224896,,,0.3903559703089683,45.82278456563381,1.7475072241062801,,0,596470000.0,317119000.0,21546000.0,44723000.0,30575000.0,14527000.0,6989000.0,9059000.0,0.5316595972974333,0.03612252083088839,0.024354954985162706,0.07497946250440089,2099473000.0,293809000.0,846167000.0,1253306000.0,765713000.0,661275000.0,2578000.0,305054000.0,0.2344271869758862,0.13994416694094183,1.1579342935994859,0.6966224339344448,0.2517365701742236,-1.6297741362119045,0.02916487653713884,0.2279797125950973,-0.09657805429864252,2121718000.0,2943000.0,55383000.0,123888000.0,0.002348189508388215,0.001401780351545364,0.035797597463666245,1.0,1.9540949085794386,916759168.0,0.695,,BVCL.NS,,,,,0.33569442762657414,33.87096774193548,22.688172043010752,79.39590075512406,,38.38709677419355,,9.716157205240176,36.490850376749194,85.1145038167939,20.13651877133106,10.457516339869281,82.08791208791209,24.347826086956523,,45.854483925549914,42.56986039497773,Q2 (Low)
2026-08-31,679.9500122070312,753.0,661.2000122070312,742.75,374299,0.18253467420868552,0.021328080610385713,,,0.30514444893721243,82.31937449109769,3.3710324449197087,,0,4949285000.0,2228965000.0,187970000.0,461981000.0,193122000.0,79391000.0,19723000.0,94008000.0,0.45036101174210014,0.037979223261541815,0.016040902877890444,0.09334297782406954,14415889000.0,3543979000.0,8132903000.0,6282986000.0,7514743000.0,6755013000.0,188112000.0,1609399000.0,0.5640596684442716,0.24583839401094168,1.1124690655665652,0.8742165263042425,0.1507660907897279,1.4077578624935554,0.16583048448785687,-0.15848552621816137,-0.032334348516394384,17711443000.0,344375000.0,901479000.0,1911352000.0,0.05481072216299702,0.023888571839031224,0.09173524073811191,1.0,1.9462276658761732,12134188032.0,0.549,0.67,ALICON.NS,,,,,0.3641153278220576,49.354838709677416,92.58064516129032,95.57713052858684,,67.31182795698925,,38.427947598253276,97.41657696447793,72.264631043257,16.21160409556314,87.7995642701525,70.0,32.608695652173914,50.43936731107206,69.88155668358715,62.65829239833871,Q5 (Highest)
2026-08-31,49.0099983215332,52.5,47.0,47.810001373291016,60599,0.09505271507977087,0.0510002112381196,,,0.4377445722535553,61.574388643143294,0.3016234873247332,,0,82058000.0,29392000.0,11347000.0,12449000.0,12326000.0,-7278000.0,0.0,1000.0,0.35818567354797826,0.13828024080528406,-0.08869336323088547,0.15170976626288724,750222000.0,601321000.0,706052000.0,44170000.0,216036000.0,435184000.0,10394000.0,107947000.0,13.61378763866878,0.8015240822050006,0.4964245009007684,0.24837539983087614,0.17546448165709294,-2.420929324482624,0.32691903429763425,-1.1991898845038043,-0.021458890111617723,332794000.0,-9980000.0,31415000.0,34171000.0,-0.2259452116821372,-0.013302729058865242,0.04866837802541012,0.0,0.22970560714028654,956200000.0,0.177,,DIGJAMLMTD.NS,,,,,0.30135988207672465,57.204301075268816,81.61290322580645,6.3646170442286945,,27.634408602150543,,10.37117903930131,75.02691065662002,26.78117048346056,4.09556313993174,7.298474945533768,74.17582417582418,14.728260869565219,,99.32318104906938,42.30778628711738,Q1 (Lowest)
2026-08-31,17.950000762939453,18.3799991607666,16.530000686645508,17.549999237060547,578289,-0.13886163102273663,-0.12468828404636467,,,0.24630859388146145,26.610628693486746,1.3031306817267434,,0,1071723000.0,216985000.0,-6599000.0,86430000.0,67982000.0,27019000.0,18250000.0,5200000.0,0.20246369630958747,-0.006157374620121057,0.025210805404008312,0.08064583852357372,8061612000.0,836498000.0,5696728000.0,2346616000.0,6478064000.0,5520892000.0,2149947000.0,5042000.0,0.3564699124185636,0.10376311834407312,1.1733727086130286,1.1724594503931611,-0.01795625293795855,0.14657330787184386,-0.0824760714346866,-1.2188996281323168,-2.245730099018463,4646456000.0,189740000.0,125716000.0,410208000.0,0.08085685940946452,0.02353623568090352,0.039494658375414764,1.0,1.1541941487632994,3660987136.0,,,DIGISPICE.NS,,,,,0.35825860047893887,10.75268817204301,3.5483870967741935,66.99029126213593,,86.12903225806451,,23.034934497816593,6.458557588805166,,21.843003412969285,58.387799564270146,26.923076923076923,31.84782608695652,,58.03722504230119,39.596854793680905,Q1 (Lowest)
2026-08-31,17.6299991607666,18.59000015258789,17.0,17.649999618530273,164344,-0.03234649999952943,-0.2042380804471141,,,0.33776431982648536,34.68635387568173,1.7570025603684354,,0,96800000.0,29400000.0,-20000000.0,-18700000.0,-20400000.0,-19900000.0,-800000.0,300000.0,0.3037190082644628,-0.2066115702479339,-0.20557851239669422,-0.19318181818181818,3088100000.0,8700000.0,369400000.0,2718700000.0,309500000.0,66200000.0,28300000.0,59100000.0,0.003200058851657042,0.002817266280237039,4.675226586102719,3.782477341389728,-0.17476555839727193,-1.347902097902098,-0.07279693486590033,-1.391732283464567,-1.2799401197604792,461500000.0,53800000.0,-22500000.0,82400000.0,0.019788869680361938,0.01742171561801755,-0.008249615017965829,1.0,1.454719730578673,678978112.0,0.795,,DIGIDRIVE.NS,,,,,0.5052684981434423,4.301075268817205,26.344086021505376,79.6116504854369,,56.02150537634409,,7.751091703056769,15.392895586652314,89.56743002544529,87.03071672354949,11.546840958605664,10.10989010989011,11.73913043478261,,10.998307952622675,37.36097470978057,Q1 (Lowest)
2026-08-31,35.4900016784668,35.529998779296875,33.5,33.619998931884766,92728,-0.02096683801700172,-0.04379979869768669,,,0.3283006575683246,54.75175286426516,0.8652742085973271,,0,278106000.0,192139000.0,40432000.0,122507000.0,43753000.0,16765000.0,253000.0,26735000.0,0.69088405140486,0.14538341495688695,0.06028276987911084,0.4405046996468972,3440619000.0,1051887000.0,1125918000.0,2314701000.0,792116000.0,313905000.0,39654000.0,116057000.0,0.4544375277843661,0.3057260917294243,2.5234258772558578,2.153705738997467,0.013842054033954332,0.06121027978225091,0.039077591006063894,1.1812386156648453,0.10092922103598267,1066850000.0,67045000.0,173202000.0,486596000.0,0.028964864144440255,0.019486319176869046,0.051447340749744254,1.0,1.4606875972027127,1757629952.0,0.524,,BYKE.NS,,,,,0.342627232063087,29.24731182795699,33.11827956989247,42.71844660194174,,59.56989247311828,,16.48471615720524,59.41872981700753,69.8473282442748,69.28327645051195,51.74291938997821,36.26373626373626,17.5,,63.45177664974619,46.576427563024644,Q2 (Low)
2026-08-31,385.1000061035156,453.8999938964844,385.1000061035156,441.0,1546227,0.10194899187524786,0.45137400408595063,,,0.3920900720542383,71.23500143076998,2.9290635348102354,,0,1415740000.0,407310000.0,188340000.0,236440000.0,217900000.0,159850000.0,51670000.0,6540000.0,0.2877011315637052,0.1330329015214658,0.11290914998516677,0.16700806645287977,5104310000.0,286240000.0,1048450000.0,4050530000.0,3236910000.0,986540000.0,975600000.0,736740000.0,0.07066729539097352,0.05607809870482004,3.281073245889675,2.5342814280211647,0.40416964214869466,0.32534615703507175,0.3808325530586767,0.22734950859950853,0.19868187579214203,4066290000.0,503230000.0,502970000.0,740280000.0,0.12423806267327979,0.09858923145341877,0.11597802050835068,1.0,2.5775366308080816,16372680704.0,,0.34,DIFFNKG.NS,,,,,0.3464349690069799,95.59139784946237,82.9032258064516,93.85113268608414,,38.064516129032256,,44.213973799126634,90.09687836383208,,80.71672354948805,68.08278867102396,88.35164835164835,44.23913043478261,25.57117750439367,29.949238578680205,62.10878878160041,Q5 (Highest)
2026-08-31,37.939998626708984,39.22999954223633,36.0,38.20000076293945,43098,0.004998749008063186,-0.11327764300598131,,,0.2594540012135157,47.130659812935235,0.9722554737074788,,0,256529000.0,84222000.0,-7483000.0,18982000.0,-6469000.0,-10352000.0,-4870000.0,8753000.0,0.3283137578987171,-0.029170191284416187,-0.04035411201072783,0.07399553266882107,2264664000.0,383575000.0,892115000.0,1372549000.0,1566829000.0,809192000.0,11096000.0,393101000.0,0.279461789706597,0.16937391153831208,1.9362882974621598,1.45049382593995,0.08434534502800384,-3.35005675368899,,,,,,,,,,,0.0,1.240530736568427,493582208.0,0.799,4.19,AHLADA.NS,,,,,0.2159634426948151,11.935483870967742,50.32258064516129,50.26968716289104,,82.47311827956989,,5.676855895196507,39.504843918191604,89.69465648854961,54.60750853242321,5.228758169934641,57.14285714285714,8.91304347826087,95.43057996485061,50.25380710659898,46.76358537703021,Q2 (Low)
2026-08-31,2.8499999046325684,2.890000104904175,2.740000009536743,2.890000104904175,3755945,-0.013651863802616737,-0.1972221718158238,,,0.3357227161911799,45.098043798896256,1.1478242779419194,,0,2430700000.0,2005500000.0,-1730000000.0,-1327200000.0,-2356800000.0,-3039500000.0,0.0,682700000.0,0.8250709672110914,-0.7117291315258979,-1.250462829637553,-0.5460155510758218,17529200000.0,187400000.0,57955800000.0,-40425900000.0,4751700000.0,57836000000.0,272000000.0,228600000.0,-0.004635642001785983,0.010690733176642403,0.08215817138114669,0.07820561587938309,-0.18719277712757065,0.10035115664482497,-0.29270208927428276,-0.24426266192595536,-0.42637334140121885,11626100000.0,-8073600000.0,-4207400000.0,-1209800000.0,0.1997135499766239,-0.4605800606987199,0.10456155174770432,0.0,-6.643130319695137,5321230336.0,0.906,,DISHTV.NS,,,,,0.31191318497590287,4.516129032258064,38.064516129032256,59.331175836030205,,56.666666666666664,,27.62008733624454,34.55328310010764,94.529262086514,0.8532423208191127,55.010893246187365,9.89010989010989,14.728260869565219,,4.39932318104907,36.67752997963893,Q1 (Lowest)
2026-08-31,245.5500030517578,253.5,225.1300048828125,227.69000244140625,2066963,-0.09900678092573523,0.04077340583600364,,,0.36539108031959916,21.036839794731918,1.8772791902717434,,0,2534624000.0,1659655000.0,493477000.0,815420000.0,527879000.0,292346000.0,93261000.0,142272000.0,0.6547933736917192,0.19469436097819637,0.11534097365131869,0.32171241178178694,11497583000.0,5441070000.0,6717426000.0,4780157000.0,3806096000.0,1573647000.0,250729000.0,2950216000.0,1.1382617767575416,0.4732359835975961,2.418646621510415,0.5438830944932377,-0.04150429382799803,-0.3516648259772287,0.15331699490645145,0.2984556893435013,0.31770781992091357,8525536000.0,957530000.0,1646075000.0,2738596000.0,0.20031350434724216,0.08328098175068621,0.16104475519426387,1.0,1.7080716268801885,19043545088.0,,0.66,CANTABIL.NS,,,,,0.5140850780358132,54.623655913978496,7.311827956989248,82.84789644012946,,45.80645161290322,,46.288209606986904,2.4757804090419806,,67.57679180887372,29.847494553376908,22.857142857142858,52.71739130434783,49.82425307557118,89.17089678510999,46.75651948829679,Q2 (Low)
2026-08-31,27.489999771118164,27.8700008392334,27.239999771118164,27.31999969482422,1388810,-0.038366777840274424,0.04354466678226365,,,0.41855197058421983,55.89351930082335,0.5945008038027233,,0,2427740000.0,776100000.0,-73160000.0,669040000.0,469040000.0,367060000.0,119030000.0,4120000.0,0.31968003163435954,-0.030135022696005338,0.15119411469102953,0.27558140492804006,,,,,,,,,,,,,0.009157379734049398,-0.04408968983567285,-0.02145137366180838,-0.4097005564311216,-0.29930248633250245,9756280000.0,1673180000.0,-258940000.0,2984650000.0,,,,0.0,,13025245184.0,0.602,,DEN.NS,,,,,0.18409597078102752,55.376344086021504,22.795698924731184,22.330097087378643,,31.827956989247312,,40.50218340611353,62.540365984930034,76.84478371501272,,44.33551198257081,34.72527472527472,56.84782608695652,,,46.541736199215805,Q2 (Low)
2026-08-31,56.7599983215332,59.79999923706055,56.7599983215332,58.59000015258789,21350,-0.0020439266522915833,-0.03476112988189328,,,0.35918541312358515,49.93757654106649,0.19867197013353954,,0,184851000.0,109951000.0,6991000.0,19814000.0,11098000.0,-26191000.0,-4269000.0,1966000.0,0.5948087919459456,0.037819649339197514,-0.14168708851994308,0.1071890333295465,684511000.0,399498000.0,661456000.0,23055000.0,291640000.0,580054000.0,5493000.0,81402000.0,17.32804163955758,0.5836253909725336,0.502780775582963,0.36244556541287537,0.1901070672083336,-0.4960555683829755,0.1859686266961793,6.01607286364854,-0.05571176666825528,624827000.0,-124084000.0,-16423000.0,1790000.0,-5.3820863153328995,-0.181273931317393,-0.03886613040257672,0.0,0.5078524669435552,635767104.0,0.382,,DELTAMAGNT.NS,,,,,0.30409978081362893,31.505376344086024,45.59139784946237,2.481121898597627,,48.817204301075265,,6.768558951965066,46.93218514531755,51.653944020356235,4.266211604095563,26.034858387799563,76.5934065934066,9.67391304347826,,99.66159052453469,39.99865124427832,Q1 (Lowest)
2026-08-31,5.050000190734863,5.889999866485596,4.699999809265137,5.289999961853027,145681,-0.007504683381911681,0.10208328159319247,,,0.34968279232590216,53.55191399216737,2.8495617516073275,,0,0.0,-895000.0,-1497000.0,-1497000.0,-1497000.0,-1259000.0,570000.0,,,,,,203069000.0,693016000.0,712579000.0,-509787000.0,148490000.0,681167000.0,1723000.0,0.0,-1.3594226608367808,3.412711935352023,0.21799353168899843,0.21799353168899843,,-0.5142746913580247,,-0.8453886773916247,-0.8300987402110998,0.0,-10238000.0,-15484000.0,-13268000.0,0.020082897366939526,-0.05041636094135491,-0.08450627357023179,0.0,-6.686664631233718,117041536.0,-0.26,,DCMFINSERV.NS,,,,,0.3023679182534334,66.98924731182797,41.935483870967744,93.20388349514563,,51.72043010752688,,0.5458515283842794,56.40473627556513,3.11704834605598,1.7064846416382253,25.381263616557735,,18.26086956521739,,2.030456852791878,37.41971704077859,Q1 (Lowest)
2026-08-31,89.80000305175781,89.80000305175781,79.47000122070312,82.48999786376953,39784,-0.17559464444855166,0.018646510795762294,,,0.45693911188729086,18.400005653781065,0.6668738700317786,,0,188700000.0,188700000.0,-1100000.0,4000000.0,-3500000.0,-15100000.0,9100000.0,2500000.0,1.0,-0.005829358770535241,-0.0800211976682565,0.021197668256491786,1292700000.0,10400000.0,826300000.0,466400000.0,586500000.0,603100000.0,143200000.0,75600000.0,0.022298456260720412,0.008045176761816354,0.9724755430276902,0.8471231968164483,0.06730769230769229,4.033333333333333,0.13469633193024655,-2.6063829787234045,-0.863013698630137,717800000.0,28800000.0,-24200000.0,102900000.0,0.06174957118353345,0.02227895103272221,-0.05075503355704698,1.0,1.03604084474356,1540727424.0,0.564,,DCM.NS,,,,,0.40755249633979496,48.60215053763441,1.827956989247312,26.64509169363538,,23.763440860215056,,15.393013100436681,1.5069967707212055,73.79134860050891,12.627986348122866,94.880174291939,52.307692307692314,25.543478260869566,,20.812182741116754,36.5134341668093,Q1 (Lowest)
2026-08-31,345.0,367.0,315.0,354.04998779296875,400195,0.2409744232091915,0.32429392074105157,,,0.5197844781304891,81.99998544546617,2.161663604577838,,0,2394606000.0,217245000.0,99711000.0,108470000.0,105926000.0,56631000.0,17319000.0,31975000.0,0.09072264915397356,0.04163983553035447,0.023649402031064817,0.04529763977873604,3726959000.0,871893000.0,2649073000.0,1077886000.0,3641122000.0,2639669000.0,975000.0,1154973000.0,0.8088916638679786,0.23394220328154938,1.379385824510573,0.9418411929677547,0.2217458585184493,-0.12763990942280146,0.3864084145388984,0.5238133677752663,0.3842168397947985,7369745000.0,212092000.0,347109000.0,371698000.0,0.19676663394830252,0.05690752165505443,0.17802479152765519,1.0,2.7985509902309094,5806419968.0,-0.312,,DCI.NS,,,,,0.32348162896307897,90.64516129032259,95.48387096774194,87.8101402373247,,13.763440860215056,,28.38427947598253,97.20129171151775,2.1628498727735366,33.27645051194539,38.88888888888889,79.8901098901099,31.08695652173913,,80.5414551607445,55.27565969262041,Q4 (High)
2026-08-31,2746.0,2868.0,2727.699951171875,2793.0,1322627,0.021131928144178636,0.47605965123836014,,,0.5759055774598968,51.828087379751715,0.2965925377752283,,0,2011632000.0,,522062000.0,884766000.0,777057000.0,512416000.0,177643000.0,31885000.0,,0.25952162224502295,0.25472651061426743,0.4398249779283686,,,,,,,,,,,,,-0.009746331526889196,-0.2068686374632972,0.1867069229761824,0.22526589639605166,0.3382673249355648,7870178000.0,2145768000.0,2162908000.0,3371447000.0,,,,0.0,,134976012288.0,0.004,,CARTRADE.NS,,,,,0.19629662716817708,96.34408602150538,58.70967741935483,6.256742179072276,,8.602150537634415,,74.12663755458514,51.34553283100107,11.768447837150127,,35.18518518518518,28.901098901098898,63.69565217391304,,,45.66234737603336,Q2 (Low)
2026-08-31,189.0,196.75999450683594,187.16000366210938,192.6199951171875,6227135,0.0355357282165214,0.11533220146822032,,,0.27933763691542396,53.388778170126244,0.8187313064381041,,0,8802800000.0,,,,,2132000000.0,737700000.0,13003600000.0,,,0.24219566501567683,,,,,,,,,,,,,,0.015633472938516135,0.036712861658157125,0.13324235948402374,0.20404359857683407,,34096600000.0,7608500000.0,,,,,,0.0,,62038556672.0,0.455,0.75,DCBBANK.NS,,,,,0.2893866219086254,69.24731182795699,63.87096774193548,38.727076591154265,,75.91397849462365,,63.75545851528385,55.328310010764255,60.62340966921119,,49.673202614379086,37.252747252747255,83.80434782608695,54.48154657293497,,56.8452238078052,Q4 (High)
2026-08-31,15.399999618530273,15.399999618530273,14.920000076293945,15.09000015258789,231109,-0.0363984483000116,-0.059813029913169835,,,0.23718398316294667,40.74074074074074,1.1484472173456246,,0,309707000.0,85549000.0,37143000.0,26112000.0,12599000.0,4709000.0,7684000.0,206000.0,0.2762255938677524,0.11992948173596335,0.01520469346834266,0.08431194645261489,1928716000.0,10253000.0,276631000.0,1560832000.0,969762000.0,181675000.0,57826000.0,,0.006568932466786945,0.005315971869368015,5.337894591991193,,0.05709263430950928,-0.9391712093419795,0.13388470297065957,-1.1364690198806005,-2.2959452081989182,1122374000.0,121153000.0,90545000.0,214875000.0,0.0776207817369198,0.06281536524817546,0.05763214593736176,1.0,2.2267767260706086,1886551808.0,0.642,,AIRAN.NS,,,,,0.4365987842890083,25.053763440860216,23.763440860215056,59.43905070118662,,88.6021505376344,,17.03056768558952,25.403659849300325,81.23409669211196,89.24914675767917,16.23093681917211,49.23076923076923,24.891304347826086,,13.874788494077833,44.266911694428174,Q2 (Low)
2026-08-31,187.3000030517578,200.0,185.85000610351562,193.0399932861328,1061985,0.001088997837909611,0.104158275263734,,,0.49254875920777047,52.53265270863775,1.015186555100119,,0,8514000000.0,7164900000.0,741600000.0,1782200000.0,894300000.0,217400000.0,243900000.0,433000000.0,0.8415433403805497,0.08710359408033827,0.02553441390650693,0.2093258163025605,119233100000.0,30760600000.0,52464100000.0,66769000000.0,28421000000.0,23170500000.0,7877600000.0,10191200000.0,0.4607018227021522,0.25798708580083884,1.2266027923437128,0.7867676571502558,0.18282856348985832,-2.6761757902852734,0.2477650438197967,3.695464362850972,0.2058186738836265,29955900000.0,752700000.0,2357800000.0,6096800000.0,0.011273195644685407,0.006312844336010722,0.024175224752280334,1.0,1.1128142269218866,30265405440.0,0.624,,DCAL.NS,,,,,0.35247414041864783,67.31182795698925,48.27956989247312,52.21143473570658,,17.52688172043011,,53.7117903930131,53.39074273412271,79.26208651399492,24.2320819112628,6.427015250544662,75.93406593406593,67.93478260869566,,63.95939086294417,50.67877803428287,Q3 (Medium)
2026-08-31,34.459999084472656,35.97999954223633,32.0,32.38999938964844,101785,-0.23427896042914353,0.1921236399961952,,,0.6263586001799745,28.642197388234777,0.2940401163825557,,0,47344000.0,32696000.0,-4821000.0,11879000.0,8654000.0,2313000.0,3426000.0,2915000.0,0.6906049340993579,-0.10182916525853329,0.048855187563366,0.25090824602906386,1159841000.0,20098000.0,402876000.0,756965000.0,987343000.0,379398000.0,70590000.0,,0.026550765226925947,0.017328237232517217,2.6023937922709135,,0.6047725577926921,-0.7404914170313026,0.3879393743953563,-0.7762406887878495,-0.2662754786905497,123718000.0,34741000.0,-91506000.0,73224000.0,0.04589512064626502,0.029953243591147406,-0.11775879175819721,1.0,1.673989107127615,1133649920.0,0.017,,DBSTOCKBRO.NS,,,,,0.4556496458953608,79.46236559139786,0.8602150537634409,6.0409924487594395,,4.731182795698928,,11.462882096069869,8.503767491926803,13.16793893129771,72.01365187713311,19.06318082788671,92.1978021978022,21.304347826086957,,21.99661590524535,33.386996202871224,Q1 (Lowest)
2026-08-31,1170.0999755859375,1228.0,1168.0,1183.9000244140625,307559,-0.002275367628034708,0.3283590736763675,,,0.4705065013602665,51.27029779333072,0.49158197820852784,,0,2337200000.0,1292800000.0,339700000.0,496500000.0,385900000.0,271000000.0,64500000.0,47600000.0,0.5531405100119802,0.14534485709395858,0.11595071025158309,0.21243368132808488,10421800000.0,2825400000.0,4278300000.0,6084200000.0,5213200000.0,3616800000.0,76300000.0,2591100000.0,0.46438315637224287,0.2711047995547794,1.4413846494138465,0.7249778809997788,0.05009659882284234,0.28557874762808355,0.1446762660397689,0.45855758880516695,0.33396023643202577,9239500000.0,981900000.0,1376100000.0,1891600000.0,0.16138522731008184,0.09421597036980175,0.1544513782885876,1.0,2.009876412903721,33673201664.0,0.56,0.2,CARYSIL.NS,,,,,0.335007002103106,90.96774193548387,45.483870967741936,14.455231930960085,,20.75268817204301,,55.021834061135365,49.83853606027987,73.47328244274809,36.86006825938566,65.9041394335512,47.8021978021978,47.391304347826086,14.762741652021088,64.12859560067682,48.456148844403394,Q3 (Medium)
2026-08-31,538.9000244140625,554.8499755859375,498.45001220703125,502.04998779296875,1288903,-0.10508023566315727,-0.13506765917010488,,,0.38117556887887644,21.0982455026231,2.096651754461535,,0,6067240000.0,1571870000.0,521530000.0,709620000.0,596770000.0,416840000.0,132040000.0,47820000.0,0.25907496654162354,0.0859583599791668,0.06870339726135771,0.11695927637607874,12688290000.0,1549240000.0,7041030000.0,5645920000.0,8510630000.0,5237990000.0,904090000.0,3174140000.0,0.27439992065066454,0.12209998352811924,1.6247892798573498,1.0188049232625491,0.06520174302036907,0.48531927023945265,0.36565272782111946,0.7572614982504953,0.45137340723620967,22554910000.0,1305570000.0,1732380000.0,2379620000.0,0.23124132116643523,0.10289566206320946,0.24077018440173673,1.0,2.865296032798746,28542312448.0,,0.85,CARRARO.NS,,,,,0.25982873190133554,9.35483870967742,6.881720430107527,86.73139158576052,,41.182795698924735,,52.62008733624454,2.583423035522067,,44.19795221843004,73.52941176470588,51.758241758241766,59.130434782608695,57.46924428822495,49.91539763113367,45.69032928263878,Q2 (Low)
2026-08-31,113.30000305175781,117.31999969482422,110.0,117.31999969482422,1675485,0.055605545610173834,-0.09096542759842785,,,0.40902771473957167,57.093632584591674,0.9269452111688693,,0,869125000.0,1666451000.0,1226196000.0,-281736000.0,-320373000.0,-592520000.0,1506000.0,267155000.0,1.9173893283474759,1.410839637566518,-0.6817431324608083,-0.3241605062562922,63588693000.0,7467542000.0,23033679000.0,40917144000.0,27963748000.0,19239541000.0,543213000.0,14556055000.0,0.182503989036967,0.11743506034948697,1.453451930064236,0.6968821657439749,-0.8357598576210639,-1.9531285690846092,-0.8381795226554254,24.134470179010776,2.613436109222896,15932693000.0,254766000.0,3769700000.0,1578115000.0,0.006226387648170166,0.00400646699877917,0.07791101506786673,1.0,1.2994214568932874,63635165184.0,-0.426,,DBREALTY.NS,,,,,0.2706827247430045,17.526881720430108,70.96774193548387,47.03344120819849,,34.19354838709677,,64.19213973799127,65.23143164693218,1.653944020356234,37.20136518771331,8.932461873638346,1.208791208791209,19.456521739130434,,41.455160744500844,37.27022862735086,Q1 (Lowest)
2026-08-31,185.5399932861328,195.0,184.97999572753906,192.0800018310547,31913265,0.04675750316651062,0.059459451725543566,,,0.08140977208652447,74.88850074592175,3.316949371093061,,0,18714700000.0,9208000000.0,4637300000.0,4777300000.0,4777300000.0,3477000000.0,1283300000.0,17000000.0,0.4920196423132618,0.24778917107941886,0.18578978022623927,0.25526992150555444,38795200000.0,531500000.0,19706000000.0,19089200000.0,28744800000.0,19017800000.0,4922800000.0,10418300000.0,0.02784296879911154,0.013700148471975914,1.5114682034725362,0.9636498438305167,0.21111930832750891,0.43570897679412,0.3160829817158932,0.4893343613466976,0.5163624821456911,63534600000.0,10785500000.0,14316300000.0,14693300000.0,0.5650053433354986,0.2780111972615169,0.7296528666153603,1.0,3.0338023776137257,189990633472.0,0.314,6.51,CASTROLIND.NS,,,,,0.35144651748604855,59.03225806451613,67.84946236559139,95.2535059331176,,99.46236559139786,,80.02183406113537,92.68030139935415,41.221374045801525,39.249146757679185,72.1132897603486,78.46153846153847,89.56521739130436,98.24253075571178,22.504230118443317,69.04380364706265,Q5 (Highest)
2026-08-31,426.8999938964844,474.70001220703125,425.8999938964844,448.95001220703125,3485841,0.05884436841280949,-0.04346435204261001,,,0.36716352616779313,62.70492154769103,0.561200431217871,,0,22998066000.0,5757189000.0,3245255000.0,4567966000.0,3890689000.0,620534000.0,292541000.0,2359826000.0,0.2503336150091925,0.14110990898104214,0.026982007965365436,0.19862391907215154,189081814000.0,80414269000.0,119466726000.0,68291075000.0,94020711000.0,60154895000.0,856996000.0,34413928000.0,1.1775223775581216,0.4252882247046773,1.562976894897747,0.9908883225546317,0.07573316561710719,-0.9252235158133054,-0.2571933630136455,-0.6367577503043926,-0.38813888761268045,89839312000.0,13023715000.0,14678615000.0,31616257000.0,0.19070888838695246,0.06887872886601352,0.09870939809668172,1.0,1.2636068210134688,72929607680.0,0.63,0.22,DBL.NS,,,,,0.28542165276768433,29.354838709677416,72.15053763440861,19.093851132686083,,45.053763440860216,,66.37554585152839,77.3950484391819,79.89821882951654,41.12627986348123,16.44880174291939,54.61538461538461,70.97826086956522,16.608084358523726,89.67851099830794,51.918475099069425,Q3 (Medium)
2026-08-31,7.349999904632568,7.599999904632568,7.050000190734863,7.260000228881836,704564,-0.08793967410935988,-0.07137370457101311,,,0.46179704446230885,35.714298984336835,0.9105779669618009,,0,2362466000.0,398211000.0,250376000.0,288573000.0,269121000.0,145131000.0,53852000.0,70138000.0,0.1685573464337688,0.10598078448536402,0.06143199521178294,0.12214905949969226,8712585000.0,1515932000.0,4436829000.0,4275756000.0,6699915000.0,2653730000.0,67546000.0,3873363000.0,0.3545412787820446,0.17399336706614627,2.5247161542432726,1.065124183696156,0.41993808079308526,1.8090777121842638,0.053164040071183694,0.29605551040820144,0.18870745833367653,5542811000.0,396521000.0,738210000.0,866289000.0,0.09273705047715539,0.045511291998872896,0.12746024993059019,1.0,1.9824645268884034,3381770496.0,,1.38,DBEIL.NS,,,,,0.33044119325245996,21.935483870967744,10.21505376344086,45.84681769147789,,22.795698924731184,,22.59825327510917,16.254036598493002,,69.45392491467577,90.84967320261438,89.12087912087912,44.67391304347826,73.90158172231986,57.69881556683587,47.689608779668205,Q3 (Medium)
2026-08-31,210.0,213.8000030517578,207.85000610351562,210.41000366210938,590040,0.06953904452010384,-0.007613195245529503,,,0.19825454645382487,53.488283128579546,0.16250046754058595,,0,6037390000.0,4256220000.0,1120110000.0,1647260000.0,1403110000.0,1007250000.0,334840000.0,61020000.0,0.7049768194534393,0.1855288460742142,0.1668353377866926,0.27284306629189103,,,,,,,,,,,,,0.04744695874848848,0.6195812966297916,0.10240351168705963,0.9246570107387166,0.6195495079194975,23448500000.0,3392690000.0,3971480000.0,5799380000.0,,,,0.0,,37506568192.0,0.189,3.33,DBCORP.NS,,,,,0.1642534387151361,40.32258064516129,76.12903225806451,1.8338727076591153,,96.55913978494624,,56.222707423580786,55.86652314316469,27.989821882951656,,77.23311546840958,47.36263736263736,72.71739130434783,92.97012302284709,,56.34712966691801,Q4 (High)
2026-08-31,15.649999618530273,16.600000381469727,15.300000190734863,15.350000381469727,832105,-0.06913277170840948,-0.011590428499449024,,,0.5834700414263133,34.09091303171752,0.5855400734245485,,0,1202673000.0,97807000.0,-106620000.0,-36246000.0,-43186000.0,-54916000.0,-10002000.0,21732000.0,0.08132468260283551,-0.08865252649722742,-0.04566162207017203,-0.03013786789925441,,,,,,,,,,,,,0.16539888215321175,1.743056943056943,1.674817849422189,-1.0981975538230455,-1.0597878082092358,3489143000.0,739595000.0,-413836000.0,658194000.0,,,,0.0,,6857757696.0,6.497,,CCCL.NS,,,,,0.17885973815844786,39.03225806451613,14.516129032258066,21.35922330097087,,7.956989247311824,,30.131004366812224,14.639397201291713,100.0,,90.52287581699346,73.07692307692307,7.717391304347826,,,43.263479427428344,Q2 (Low)
2026-08-31,88.0,93.0,86.04000091552734,89.2699966430664,8801,0.007903318851237406,0.054826888103922666,,,0.5253052389802251,47.75908246518827,0.7504779100455726,,0,554585000.0,215096000.0,48746000.0,54082000.0,42380000.0,27809000.0,6082000.0,8489000.0,0.38785037460443395,0.08789635493206632,0.05014380122073262,0.09751796388290343,2164750000.0,902843000.0,1440694000.0,733100000.0,1567481000.0,1164054000.0,3175000.0,849402000.0,1.231541399536216,0.41706571197597875,1.3465706917376685,0.6168777393488618,0.027186163542980646,1.5494132746607994,,,,,,,,,,,0.0,0.7623542672364014,1339228544.0,-0.558,,AIROLAM.NS,,,,,0.28540032900437096,58.06451612903226,51.935483870967744,31.93096008629989,,12.795698924731184,,13.318777292576419,41.1194833153929,1.1450381679389312,31.058020477815703,88.77995642701525,41.53846153846154,24.02173913043478,,91.20135363790186,42.46063259990457,Q2 (Low)
2026-08-31,3.25,3.2899999618530273,3.059999942779541,3.109999895095825,23228859,-0.12885155371113222,-0.12640450980804496,,,0.3386054784083885,31.999991099042546,0.5176379853165708,,0,838238000.0,170149000.0,52708000.0,91130000.0,59360000.0,19499000.0,-5420000.0,45281000.0,0.2029841166828514,0.06287951631875434,0.023261889821267947,0.10871614028474014,8393526000.0,2500445000.0,3345391000.0,5048135000.0,4772679000.0,2429200000.0,65670000.0,2104522000.0,0.495320549074064,0.29790162084444605,1.9647122509468138,1.0983685987156266,0.013759265462998105,-0.2565295306363671,0.47299888062783246,0.003809523809523707,-0.11086610792932206,2387726000.0,85067000.0,359098000.0,509385000.0,0.016851173750305808,0.010134834871542663,0.0475715962472412,1.0,1.4848560426214203,4447271424.0,0.601,,DAVANGERE.NS,,,,,0.40849201867659324,10.43010752688172,4.408602150537634,15.857605177993527,,55.59139784946237,,25.54585152838428,11.733046286329387,76.7175572519084,56.655290102389074,32.78867102396514,36.15384615384615,8.804347826086957,,66.15905245346869,36.723025022083554,Q1 (Lowest)
2026-08-31,4300.7001953125,4625.0,4236.10009765625,4380.7001953125,4201010,0.024801391824981422,0.08067680386051257,,,0.5832896031543916,60.546688258703504,0.7613818769938112,,0,1160300000.0,915100000.0,254500000.0,386800000.0,327600000.0,220600000.0,74200000.0,32800000.0,0.7886753425838146,0.219339825907093,0.19012324398862362,0.3333620615358097,,,,,,,,,,,,,-0.6635348702334348,-0.8405838994074288,0.16812644719621472,-0.1349019607843137,-0.09265775275627497,9414700000.0,2679300000.0,3499000000.0,3952600000.0,,,,0.0,,245248983040.0,0.538,0.23,DATAPATTNS.NS,,,,,0.18306229867529142,63.2258064516129,60.64516129032258,33.76483279395901,,8.064516129032256,,83.29694323144105,73.41227125941873,71.11959287531806,,17.973856209150327,2.197802197802198,49.78260869565217,17.57469244288225,,45.40387223843943,Q2 (Low)
2026-08-31,13.010000228881836,13.470000267028809,12.609999656677246,12.6899995803833,120132,-0.01014041478436245,-0.0682819613061697,,,0.27011720949244333,56.462561202120924,1.2221784942945773,,0,183260000.0,74305000.0,-250860000.0,-145095000.0,-171940000.0,-168406000.0,-3535000.0,0.0,0.4054621848739496,-1.3688748226563352,-0.9189457601222307,-0.7917439703153989,5194684000.0,235484000.0,2212277000.0,2982407000.0,518514000.0,701970000.0,12439000.0,207751000.0,0.07895770094423732,0.04533172758920466,0.7386554980982093,0.4427012550393892,0.1538558404271395,11.843654667480171,0.4284155390659101,-2.854344450928791,-2.1607414281371495,783152000.0,-177596000.0,-295994000.0,-53416000.0,-0.05954787525646232,-0.03418802760668407,-0.09198384904895784,0.0,0.8029309578792472,2074367488.0,0.333,,CCHHL.NS,,,,,0.326656254822396,23.440860215053764,40.32258064516129,62.99892125134844,,78.81720430107526,,17.685589519650655,63.61679224973089,44.720101781170484,8.19112627986348,98.25708061002179,70.43956043956044,10.326086956521738,,31.1336717428088,46.66330506613113,Q2 (Low)
2026-08-31,97.55000305175781,116.2300033569336,97.01000213623047,113.69999694824219,1165623,0.050058798951271966,0.029157001197389176,,,0.369688079564787,59.31386425924052,2.2177150267996213,,0,5328900000.0,1007400000.0,-39400000.0,101500000.0,-27300000.0,-137500000.0,-45400000.0,155600000.0,0.18904464335979282,-0.0073936459682110755,-0.025802698493122406,0.01904708288765036,,,,,,,,,,,,,-0.012618121178432418,-1.2971687918737844,0.08205409356725135,-0.024130589070262554,-0.003925417075564264,21166200000.0,334300000.0,810100000.0,1698800000.0,,,,0.0,,7480162816.0,0.516,1.32,DBOL.NS,,,,,0.2707787734526107,51.72043010752688,68.49462365591398,88.45738942826321,,44.3010752688172,,31.55021834061135,70.29063509149623,68.8295165394402,,11.87363834422658,28.13186813186813,4.673913043478261,72.05623901581723,,49.35863646449727,Q3 (Medium)
2026-08-31,126.94999694824219,128.0,122.69999694824219,123.52999877929688,15885,-0.027322844257504975,-0.013181031489506112,,,0.3762777758284391,35.639600865932124,1.1556304254580914,,0,1478070000.0,537025000.0,59240000.0,103384000.0,61839000.0,-9924000.0,-4627000.0,76390000.0,0.3633285297719323,0.040079292591013956,-0.006714161034321785,0.06994526646234617,6401158000.0,4392889000.0,5202056000.0,1199102000.0,3887050000.0,3669020000.0,896000.0,2221107000.0,3.6634823392838975,0.6862647352244703,1.0594245874920278,0.45405666908329745,-0.11430125993367757,-1.838813287127039,-0.04947878148693574,-4.5030003529827045,-0.17214650630194905,6570357000.0,23762000.0,323506000.0,498312000.0,0.0198164960111817,0.0037121408345177544,0.057851666785586744,1.0,1.3614418672371467,1271391488.0,0.555,0.65,BSL.NS,,,,,0.37181498086816084,38.387096774193544,29.03225806451613,59.978425026968715,,42.58064516129032,,12.882096069868995,16.03875134553283,73.09160305343512,14.163822525597269,9.803921568627452,14.945054945054945,9.130434782608695,49.12126537785589,97.96954314720813,37.808327856183865,Q1 (Lowest)
2026-08-31,141.75,166.99000549316406,138.3000030517578,156.9199981689453,66612,0.0619205091150532,0.028646312879488045,,,0.37259754642471826,61.80286901766828,1.5496097641841176,,0,2630400000.0,715400000.0,107600000.0,179600000.0,111100000.0,44200000.0,21300000.0,50100000.0,0.2719738442822384,0.04090632603406326,0.01680352798053528,0.0682785888077859,7337900000.0,3278600000.0,4004600000.0,3281900000.0,4261900000.0,3224400000.0,7400000.0,2390100000.0,0.9989944849020385,0.44680358140612436,1.3217652896662946,0.5805111028408386,-0.034821854474736735,-5.0181818181818185,-0.06501261863292218,-0.19927536231884058,-0.14353838817358133,10270700000.0,23300000.0,257100000.0,553100000.0,0.007099545994698193,0.003175295384237997,0.03918908619769835,1.0,2.2454639610787828,2930912256.0,,,DCMNVL.NS,,,,,0.3699580265041809,51.3978494623656,73.54838709677419,74.9730312837109,,43.44086021505377,,21.17903930131004,75.56512378902045,,29.180887372013654,3.594771241830065,24.065934065934066,32.93478260869565,,85.27918781725889,47.677323616931155,Q3 (Medium)
2026-08-31,1045.9000244140625,1045.9000244140625,1006.5,1016.7999877929688,392956,-0.024312633657901594,-0.14474066816725395,,,0.21865999888365,46.18862691076315,0.3939039565464907,,0,35481200000.0,11547000000.0,2082000000.0,4436000000.0,3152400000.0,6927500000.0,-4180200000.0,410900000.0,0.3254399512981523,0.05867896238007734,0.19524424202112667,0.12502395634871424,,,,,,,,,,,,,0.11887132784217758,0.872702205882353,0.24917968144883051,2.8720585769381253,0.04006940048298979,137535400000.0,13881600000.0,10130800000.0,17059500000.0,,,,0.0,,157456367616.0,-0.375,1.44,DCMSHRIRAM.NS,,,,,0.3007614194188192,8.60215053763441,31.0752688172043,8.629989212513484,,92.90322580645162,,76.7467248908297,37.89020452099031,1.7811704834605597,,81.59041394335512,64.61538461538461,0.43478260869565216,74.95606326889279,,45.28169191369417,Q2 (Low)
2026-08-31,216.00999450683594,228.8000030517578,212.0,212.58999633789062,4528696,-0.09459116876148999,-0.10166912393464123,,,0.44998987064402807,42.12485208444765,1.5711553691427111,,0,7117840000.0,2040376000.0,821581000.0,1119332000.0,850108000.0,467277000.0,151013000.0,253573000.0,0.286656626167489,0.11542560664471244,0.06564870803502186,0.15725725781978803,39222828000.0,4832071000.0,20103867000.0,19088471000.0,27779928000.0,16567016000.0,912331000.0,1288943000.0,0.25314080944461187,0.12319537489749592,1.6768214625977302,1.5990197027636117,0.05384299340778109,-0.065905574457367,0.06030591958356668,-0.11049752152957037,-0.07766341486326023,26227194000.0,1915327000.0,3281123000.0,4542223000.0,0.10033946668646221,0.04883194551907374,0.13716758591841272,1.0,1.764582201976869,17985972224.0,0.249,,CAPACITE.NS,,,,,0.27971091936922443,14.838709677419354,8.172043010752688,75.40453074433657,,25.16129032258064,,45.5240174672489,28.094725511302478,34.223918575063614,45.73378839590443,42.91938997821351,48.68131868131868,61.30434782608696,,47.54653130287648,41.84030743287362,Q1 (Lowest)
2026-08-31,63.290000915527344,64.5999984741211,63.119998931884766,63.33000183105469,2817389,-0.022835917038895426,-0.12212361565195573,,,0.4999696977117981,44.60698166156181,0.4830975700569229,,0,1612500000.0,1481300000.0,149100000.0,373700000.0,245600000.0,164500000.0,52600000.0,28500000.0,0.9186356589147286,0.09246511627906977,0.102015503875969,0.23175193798449611,25740900000.0,489800000.0,3224000000.0,22516900000.0,4973000000.0,2337100000.0,757000000.0,190700000.0,0.021752550306658555,0.01902808371113675,2.1278507552094474,2.0462539044114503,0.006051909158971691,0.1519607843137254,-0.1371468321917808,-0.5396025748670585,-0.3842478167737683,6883500000.0,2247500000.0,855900000.0,3850800000.0,0.09981391754637628,0.08731240943401357,0.037202206313812936,1.0,1.6464350508334982,16957944832.0,0.581,1.97,DELTACORP.NS,,,,,0.16028723772842568,11.0752688172043,31.93548387096774,13.484358144552319,,16.344086021505376,,44.75982532751092,33.26157158234661,74.93638676844783,61.774744027303754,58.932461873638346,33.51648351648351,44.45652173913043,83.21616871704745,20.473773265651438,41.87780891145268,Q1 (Lowest)
2026-08-31,6.989999771118164,7.150000095367432,6.610000133514404,6.769999980926514,269354,-0.22980659723469166,-0.428692003123223,,,0.6944898349865067,47.252748692299726,0.29049674637733397,,0,2784570000.0,118800000.0,-42490000.0,75270000.0,63950000.0,-20760000.0,41940000.0,40610000.0,0.04266367877266508,-0.01525908847685639,-0.007455370128960665,0.027031103545610273,6462760000.0,1740440000.0,5170050000.0,3265480000.0,5241890000.0,4489800000.0,711290000.0,98620000.0,0.5329813687421144,0.2693028984520545,1.167510802262907,1.1455454585950375,-0.22177412593275758,-10.885714285714286,-0.09692452885260894,-1.7223382045929019,-0.020686963309914153,13991040000.0,24820000.0,6240000.0,278960000.0,0.007600720261646068,0.0038404644455310114,0.0012465241154473103,1.0,3.0445591357252937,1660462848.0,0.827,,DELPHIFX.NS,,,,,0.7677325841815912,0.5376344086021506,0.967741935483871,5.717367853290183,,2.365591397849471,,16.157205240174672,40.15069967707212,91.73027989821882,21.331058020477816,1.7429193899782136,8.35164835164835,42.173913043478265,,68.18950930626058,29.9610379015023,Q1 (Lowest)
2026-08-31,487.95001220703125,487.95001220703125,463.6000061035156,473.29998779296875,16068860,-0.08212941843494814,0.01850651035082418,,,0.3236470310058372,43.45726319276396,0.7691966785217624,,0,28499990000.0,2444850000.0,309480000.0,1013380000.0,1013380000.0,723970000.0,-51120000.0,340530000.0,0.08578424062604935,0.010858951178579362,0.02540246505349651,0.035557205458668584,127768410000.0,14625710000.0,30898860000.0,96869550000.0,49771450000.0,19228130000.0,2419370000.0,236380000.0,0.1509835650108832,0.11447047043944587,2.5884706417108685,2.576177194558181,0.01604749542421957,0.8287150471090454,0.19833553238492407,1.897270689931167,0.7738141081743393,101405520000.0,2755890000.0,310890000.0,4043190000.0,0.02844949728784742,0.021569416102149193,0.0027883696580464495,1.0,2.168133954237984,354527543296.0,0.174,,DELHIVERY.NS,,,,,0.4420431096709037,48.494623655913976,10.86021505376344,34.627831715210355,,61.18279569892473,,86.57205240174673,31.216361679224974,26.590330788804074,71.33105802047781,80.82788671023965,37.472527472527474,4.456521739130435,,38.917089678511,45.50328630763163,Q2 (Low)
2026-08-31,292.0,299.5,292.0,296.20001220703125,131963,0.01997251526325572,0.08852864600126842,,,0.24746512844751173,38.52980355813964,0.41664099663538356,,0,1596300000.0,,,,,413000000.0,137000000.0,1546700000.0,,,0.2587232976257596,,129489700000.0,6855900000.0,114606500000.0,14883200000.0,,,15828800000.0,,0.4606469038916362,0.0529455238524763,,,0.08992216304793121,0.030439121756486998,0.24100132162015075,0.20619158878504673,,5845400000.0,1478000000.0,,,0.09930660073102558,0.01141403524759112,,1.0,,13466787840.0,0.849,1.69,CAPITALSFB.NS,,,,,0.2967508275682814,64.51612903225806,57.8494623655914,9.924487594390508,,85.6989247311828,,41.04803493449782,21.09795479009688,93.63867684478372,,49.128540305010894,58.901098901098905,59.89130434782609,78.29525483304042,63.7901861252115,55.585336986999266,Q4 (High)
2026-08-31,613.0,661.75,608.9000244140625,638.9000244140625,6439479,0.40680399207423235,0.39087844981999376,,,0.4742368889892047,80.27514951286481,1.5335828883928853,,0,2789150000.0,1286193000.0,922677000.0,1159477000.0,1159477000.0,853597000.0,225013000.0,43019000.0,0.4611415664270477,0.33080938637219226,0.3060419841170249,0.41570980406216945,,,,,,,,,,,,,0.12146515221392007,-6.94476557929632,0.3980778841387096,0.45108602338813464,0.41434130275676995,9701300000.0,2064736000.0,3197663000.0,1912694000.0,,,,0.0,,40889602048.0,-0.641,0.39,DEEPINDS.NS,,,,,0.22423738673016044,93.2258064516129,99.03225806451613,74.4336569579288,,20.322580645161295,,57.86026200873362,96.55543595263725,0.7633587786259541,,2.505446623093682,64.83516483516483,67.17391304347827,31.107205623901578,,53.85433926565696,Q4 (High)
2026-08-31,4568.0,4859.7998046875,4460.0,4776.0,282664,0.018880000000000008,0.27366791237110877,,,0.2925352410208742,58.53131749460043,0.8800580628172814,,0,12510587000.0,6672134000.0,3337546000.0,5026679000.0,4738255000.0,3932745000.0,751133000.0,53777000.0,0.5333190201227168,0.26677772993385523,0.3143533552822102,0.4017940165397515,85379956000.0,102667000.0,5037720000.0,80253483000.0,70962443000.0,3718169000.0,2150640000.0,12562662000.0,0.0012792840405443835,0.0012024719244409074,19.085319413937345,15.706596714673271,0.1929204115315568,0.3357569627407313,0.09614252163158987,0.3788442201188975,0.25816696869274436,43554828000.0,12701582000.0,11435968000.0,17409760000.0,0.15826829596916062,0.14876538469989373,0.1423160268380205,1.0,2.9543125379450883,,0.263,0.34,AIAENG.NS,,,,,0.42046538010459017,88.38709677419355,57.41935483870968,43.79719525350593,,71.93548387096774,,,68.46071044133477,35.24173027989822,96.58703071672356,68.40958605664488,76.81318681318682,84.02173913043478,25.57117750439367,8.79864636209814,58.362862536139446,Q5 (Highest)
2026-08-31,1667.0,1851.0,1656.0999755859375,1796.5,6290262,0.11319106474670715,-0.023586437571160523,,,0.28696143926639706,66.4510590465739,3.629804030583684,,0,21203300000.0,6203000000.0,3134000000.0,3828500000.0,3202600000.0,2197400000.0,815200000.0,189100000.0,0.2925488013658251,0.1478071809576811,0.10363481156235115,0.1805615163677352,86806800000.0,16377200000.0,28114000000.0,58368300000.0,30693800000.0,12787400000.0,2431400000.0,8623000000.0,0.2805838100475772,0.18866263933240254,2.4003159359994997,1.7259802618202293,0.0736011179916658,1.2020242509269465,-0.02723323041349912,0.08561829949113187,0.1283524904214559,78870700000.0,5504400000.0,7560800000.0,10277500000.0,0.09430461397710743,0.06340977895740886,0.10115391562033835,1.0,2.2192107069953044,245030092800.0,0.448,0.42,DEEPAKNTR.NS,,,,,0.4593223769209835,35.376344086021504,84.3010752688172,96.87162891046385,,73.76344086021506,,83.1877729257642,83.10010764262647,59.28753180661578,67.23549488054607,86.05664488017429,53.84615384615385,84.78260869565217,33.567662565905096,50.592216582064296,66.13124553006799,Q5 (Highest)
2026-08-31,1562.0,1681.0,1530.0,1537.800048828125,3353062,-0.005432610664218185,0.24831562493032666,,,0.3673369747910613,40.44848981701924,1.336722723197919,,0,32562600000.0,13702000000.0,7402100000.0,8513500000.0,7461600000.0,4900400000.0,1613300000.0,947900000.0,0.42078949469636945,0.2273190715729088,0.15049166835572098,0.2614502527439455,,,,,,,,,,,,,0.0813181996294059,2.5156037018437476,0.22078467392730605,0.7675660077910835,0.6074429318580896,117564600000.0,10140900000.0,16429500000.0,21475100000.0,,,,0.0,,194324611072.0,0.069,0.65,DEEPAKFERT.NS,,,,,0.5585773149898041,85.91397849462365,43.333333333333336,67.31391585760518,,44.946236559139784,,80.67685589519651,24.757804090419803,17.302798982188293,,93.02832244008714,56.37362637362637,91.95652173913044,49.12126537785589,,56.981643942880424,Q4 (High)
2026-08-31,691.75,857.9000244140625,685.5499877929688,822.8499755859375,328611,0.19004619629550445,0.061153729842597704,,,0.2552336982411572,83.81450144722169,5.3231184759929615,,0,858634000.0,557673000.0,337000.0,-220823000.0,-248047000.0,-214344000.0,-37994000.0,4291000.0,0.6494886063212032,0.00039248387555116613,-0.24963372053750493,-0.2571794268570776,5191328000.0,295805000.0,1275965000.0,3915363000.0,3744029000.0,1154302000.0,2991000.0,582732000.0,0.07554982769158312,0.056980603036448474,3.2435437173287407,2.7387087607922362,-0.04518670164322358,-2.400593316692586,0.14647638707334298,1.0753880266075386,1.239652322078765,3335980000.0,-14947000.0,-42961000.0,129200000.0,-0.003817525986734819,-0.002879224737870541,-0.010201682763546835,0.0,2.1394536234273773,4696138240.0,,0.61,ALBERTDAVD.NS,,,,,0.3670916457519949,59.56989247311828,93.44086021505376,99.67637540453075,,83.65591397849462,,26.091703056768562,97.84714747039828,,79.86348122866895,7.516339869281046,21.75824175824176,5.217391304347826,46.57293497363796,30.62605752961083,53.45575595081018,Q4 (High)
2026-08-31,2516.800048828125,2614.60009765625,2496.199951171875,2574.10009765625,248455,-0.01804371955809181,0.421046282769707,,,0.38596249297360186,44.16653929259411,0.48570034360984177,,0,6001600000.0,3551600000.0,1854400000.0,2326000000.0,2138000000.0,1701100000.0,405600000.0,3600000.0,0.5917755265262596,0.3089842708611037,0.2834410823780325,0.3875633164489469,40454800000.0,46100000.0,4146800000.0,35864200000.0,25856600000.0,3859400000.0,941800000.0,4288600000.0,0.0012854043865470303,0.0011395433916370863,6.699642431466031,5.588433435249002,0.1057353943659376,0.03801562118623392,0.2174618630314833,0.22416522740356948,0.20119809956620527,21556000000.0,6293600000.0,6683400000.0,8507600000.0,0.17548418757423837,0.1555711559567715,0.18611373338568601,1.0,2.600876039431662,195661709312.0,0.373,0.31,CAPLIPOINT.NS,,,,,0.33418491303061976,94.40860215053763,34.623655913978496,14.13160733549083,,39.677419354838705,,80.89519650655022,32.723358449946176,50.445292620865146,91.97952218430035,49.78213507625273,61.97802197802198,75.43478260869566,23.550087873462214,8.967851099830796,50.5731688768514,Q3 (Medium)
2026-08-31,551.0999755859375,599.0,551.0999755859375,579.3499755859375,186489,0.008617602648823608,-0.06811972943470179,,,0.25425128760615856,55.41264562115994,1.8520860571447737,,0,2138927000.0,1737473000.0,31751000.0,310844000.0,170438000.0,47194000.0,-27134000.0,150378000.0,0.8123105650636978,0.01484435887713793,0.022064334126410113,0.14532707287345478,17108984000.0,7526841000.0,9602357000.0,7506627000.0,2801911000.0,3372077000.0,901625000.0,1034474000.0,1.002692820623697,0.43993500724531626,0.8309154862122069,0.5241389802190164,0.6346379294796645,-9.46377331420373,0.7986298328789654,-0.4064170450400594,0.5462490859618665,6356142000.0,285809000.0,410108000.0,971383000.0,0.038074224282091014,0.01670520002824247,0.027279666940455787,1.0,0.9786475923994084,8115244544.0,0.503,0.1,DECCANCE.NS,,,,,0.3951617929731257,23.548387096774192,52.473118279569896,82.20064724919094,,83.87096774193549,,32.751091703056765,61.46393972012917,66.85750636132316,9.385665529010238,2.287581699346405,92.63736263736264,5.978260869565218,6.151142355008787,85.6175972927242,47.01488456899981,Q2 (Low)
2026-08-31,18.700000762939453,21.020000457763672,17.520000457763672,19.360000610351562,734190,0.5007752854923955,0.46334098867845097,,,0.5232536423657318,76.68650838703428,1.5939724739129664,,0,50087000.0,-26776000.0,-42119000.0,-41300000.0,-42119000.0,-181867000.0,183154000.0,,-0.5345898137241201,-0.8409168047597181,-3.631022021682273,-0.8245652564537704,1116263000.0,401154000.0,501397000.0,614866000.0,394208000.0,5243000.0,16235000.0,,0.6524250812372127,0.3593722984637133,75.1874880793439,,-0.4855431958011073,6.480852289087244,-0.7299426316130007,-212.71944121071013,-5.432281605494741,345267000.0,-468247000.0,-253136000.0,-249682000.0,-0.7615431655027274,-0.41947730955876883,-0.2491447018759473,0.0,1.3740889915727743,655829440.0,0.342,,CAPTRUST.NS,,,,,0.4061484594915034,95.91397849462365,99.89247311827957,75.83603020496224,,13.548387096774192,,6.986899563318777,93.75672766415501,46.50127226463104,98.29351535836177,97.1677559912854,3.7362637362637363,64.13043478260869,,74.61928934010153,61.358868507691035,Q5 (Highest)
2026-08-31,268.1499938964844,315.0,268.1499938964844,288.20001220703125,1815972,0.04005776203183853,0.23215057600462385,,,0.3677520552306689,50.0,2.5005252347583067,,0,7656628000.0,1503716000.0,696279000.0,861999000.0,815408000.0,545172000.0,183287000.0,81549000.0,0.19639402619534344,0.09093807352270478,0.0712026234002749,0.11258206615235845,14437162000.0,568272000.0,4304143000.0,10133019000.0,10705062000.0,3970926000.0,433754000.0,3919581000.0,0.05608121330868915,0.03936175267687652,2.695860361034177,1.7087905944356556,0.04478492991331695,0.13478206569251894,-0.9896081666378933,0.05390828284546645,0.0876478641321834,29478727000.0,2018163000.0,2689229000.0,3202688000.0,0.19916700047636346,0.1397894544648041,0.25129949274344565,1.0,3.7706000112764544,29821976576.0,-0.045,0.61,DDEVPLSTIK.NS,,,,,0.3447037787570292,84.19354838709677,65.48387096774194,90.93851132686083,,44.623655913978496,,53.275109170305676,47.30893433799785,9.033078880407125,74.06143344709898,57.407407407407405,46.043956043956044,64.23913043478261,46.57293497363796,27.580372250423014,54.05079623611297,Q4 (High)
2026-08-31,181.8000030517578,185.1999969482422,177.14999389648438,178.44000244140625,1906941,-0.09287785902542489,-0.0937992020577939,,,0.4081941763257683,39.16951872618621,0.7347514719246798,,0,2072710000.0,209020000.0,73940000.0,80950000.0,40700000.0,-3020000.0,36400000.0,7320000.0,0.10084382282133053,0.03567310429341297,-0.0014570296857736973,0.039055150020987014,21034760000.0,29210000.0,5904560000.0,15130200000.0,16139550000.0,5859860000.0,1139800000.0,5369830000.0,0.0019305759342242667,0.0013886538282347886,2.7542552211144975,1.8378800858723587,0.712176908398523,-0.875515251442704,-0.6231141707442582,-1.014587962515699,-0.7601339338627474,7433450000.0,-77100000.0,-96400000.0,279780000.0,-0.005095768727445771,-0.0036653615253989112,-0.006359086534370401,0.0,1.9532273246759173,19875792896.0,0.57,,DCXINDIA.NS,,,,,0.2923965001093592,16.451612903225808,9.032258064516128,30.852211434735704,,34.40860215053763,,47.05240174672489,22.066738428417654,74.17302798982189,74.74402730375427,17.320261437908496,94.17582417582418,40.54347826086956,,9.983079526226735,41.3869015615042,Q1 (Lowest)
2026-08-31,1076.0999755859375,1114.800048828125,1059.0999755859375,1097.0,949910,0.009006775572548475,0.09018554188746464,,,0.349417361183619,53.484506740440175,1.2547727910017448,,0,13831900000.0,8098900000.0,796400000.0,409700000.0,-235600000.0,-175900000.0,102000000.0,62500000.0,0.5855233192836848,0.05757705015218444,-0.012716980313622858,0.029619936523543403,52905400000.0,3034900000.0,12822350000.0,38998220000.0,28406780000.0,10646480000.0,6978780000.0,11171510000.0,0.07782150057105171,0.05736465464772972,2.6681851654255677,1.6188702744944807,0.08670443028526975,-1.231691253951528,0.11437042288697508,-1.5057504312823462,-0.5897666967057174,50616000000.0,1493600000.0,3281900000.0,5319900000.0,0.03829918391147083,0.02823152268010449,0.07807890539650637,1.0,2.3768535537015127,208976855040.0,,0.36,CARBORUNIV.NS,,,,,0.3444650061867893,65.05376344086021,52.903225806451616,63.96979503775621,,52.043010752688176,,81.4410480349345,55.758880516684606,,73.54948805460751,12.418300653594772,57.802197802197796,54.23913043478261,28.031634446397184,30.96446700507614,51.87832946573542,Q3 (Medium)
2026-08-31,46.459999084472656,48.70000076293945,46.20000076293945,46.349998474121094,3958855,-0.04195954008219338,-0.01361998683730592,,,0.3532910919338758,48.43748469969248,1.0592329322000347,,0,6090638000.0,2673713000.0,381559000.0,701883000.0,437652000.0,180806000.0,102855000.0,153991000.0,0.43898734418299035,0.0626468031756279,0.02968588840774973,0.11523965141254496,20893154000.0,2900333000.0,10145039000.0,10748115000.0,7167220000.0,7125156000.0,49376000.0,3093879000.0,0.2698457357406392,0.1388173848716187,1.0059035900406952,0.5716844655752099,0.17169609579430167,2.69338562732361,0.13228394557947065,0.6053806881243062,0.13868659321833166,21435857000.0,481722000.0,1177358000.0,2406556000.0,0.04481920783318749,0.023056451888498978,0.08626314142091467,1.0,1.8177220346913634,13680434176.0,-0.144,0.43,DCW.NS,,,,,0.2627652326746636,38.27956989247312,21.827956989247312,54.90830636461704,,50.53763440860215,,41.15720524017467,42.94940796555436,5.852417302798982,13.139931740614335,93.68191721132898,73.84615384615385,54.673913043478265,34.09490333919156,48.90016920473773,44.923299103264824,Q2 (Low)
2026-08-31,549.0,607.7000122070312,541.4000244140625,596.5999755859375,5158978,0.17556645435652718,0.24720386322485477,,,0.5028768136818578,66.37328617042658,1.69982289762905,,0,14695400000.0,13725500000.0,12328800000.0,12442400000.0,12328800000.0,11105200000.0,1387100000.0,,0.9339997550253821,0.8389564081277134,0.755692257441104,0.8466867182927991,,,,,,,,,,,,,3.729619259116218,17.58610878661088,0.2093685449293492,0.17765829966383517,0.09386621185613686,28632000000.0,20981400000.0,21708100000.0,22088600000.0,,,,0.0,,506647904256.0,-0.018,0.04,AIIL.NS,,,,,0.6015168514120168,85.69892473118279,91.39784946236558,78.5329018338727,,15.6989247311828,,89.30131004366812,82.9924650161464,10.687022900763358,,98.5838779956427,98.57142857142858,90.65217391304347,1.5817223198594026,,62.91324010127706,Q5 (Highest)
2026-08-31,39.29999923706055,44.900001525878906,39.29999923706055,43.06999969482422,1140826,0.04564217360512801,0.028049563996791926,,,0.4153134012511524,56.71256666278193,0.9671839996194833,,0,2719600000.0,905400000.0,285400000.0,353500000.0,308900000.0,159100000.0,88400000.0,61400000.0,0.3329166053831446,0.10494190322106192,0.058501250183850564,0.12998235034563907,14190003000.0,4252984000.0,10542176000.0,3647827000.0,10419699000.0,9304170000.0,323629000.0,5696303000.0,1.1658952028152652,0.29971692042630294,1.1198955952008616,0.5076644128385445,0.06873108814398554,0.3786828422876949,0.1259418729817008,-0.19320486815415816,-0.13927440954467984,15425100000.0,412000000.0,817300000.0,1235300000.0,0.11294395266003569,0.02903452522173533,0.10344507671427655,1.0,1.6131118929291275,3746753280.0,0.2,0.93,DCMSRIND.NS,,,,,0.33258595549966685,51.29032258064517,67.52688172043011,49.94606256742179,,32.58064516129032,,23.471615720524017,64.15500538213132,29.134860050890588,17.235494880546078,70.479302832244,52.52747252747253,52.17391304347826,60.72056239015817,89.34010152284264,50.70548269200499,Q3 (Medium)
2026-08-31,1723.0,1777.0,1703.199951171875,1749.199951171875,239247,0.06717099458596443,0.1156940858764175,,,0.2775920209518549,64.4074003578018,1.1531323091862888,,0,1306701000.0,781048000.0,569270000.0,764592000.0,726341000.0,528345000.0,185601000.0,6254000.0,0.5977251107942827,0.435654369285705,0.4043350391558589,0.5851315641451258,11047370000.0,261840000.0,1616119000.0,9324452000.0,6773089000.0,1176833000.0,425995000.0,,0.02808100679804025,0.023701568789675734,5.755352713596577,,0.16540497055943315,0.47191809444212285,0.19169199705611173,0.23996704967894567,0.22250416113048432,4730704000.0,1711766000.0,1828679000.0,2522113000.0,0.1835781877583798,0.15494782921183956,0.1907597849095354,1.0,2.434730555779339,52628434944.0,,1.26,CARERATING.NS,,,,,0.40573288037241745,69.35483870967742,75.26881720430107,59.76267529665588,,76.45161290322581,,60.80786026200873,80.51668460710442,,90.27303754266211,73.20261437908496,73.18681318681318,64.56521739130436,70.82601054481546,22.673434856175973,64.45930779225529,Q5 (Highest)
2026-08-31,682.0,704.0,621.0,629.7000122070312,1068267,-0.07055348751729706,0.28392292085665005,,,0.5646397499000495,36.5258444215069,2.168042355525364,,0,3615733000.0,1700372000.0,497588000.0,676649000.0,537828000.0,280081000.0,102032000.0,159046000.0,0.470270343523706,0.13761746235134065,0.07746174842002991,0.1871402008942585,19237272000.0,7054135000.0,10332903000.0,8903854000.0,11603861000.0,8692444000.0,392682000.0,5760152000.0,0.7922563644911518,0.3666910256298294,1.3349365264820803,0.6722745639776339,0.26129766276423894,0.531794689491099,0.26261503530764196,-0.11112204255859348,0.023467254747146615,31558239000.0,1955503000.0,3459054000.0,5655843000.0,0.2196243334627904,0.10165178305946913,0.21676001907257864,1.0,2.5623262695459106,47378276352.0,1.743,,DEEDEV.NS,,,,,0.4318157179100983,88.6021505376344,13.763440860215054,87.91801510248112,,9.569892473118273,,59.71615720524017,16.79224973089343,99.49109414758269,30.37542662116041,74.83660130718954,82.85714285714286,54.347826086956516,,79.69543147208121,56.53102856011305,Q4 (High)
2026-08-31,222.77999877929688,228.55999755859375,220.0,221.72999572753906,451653,-0.1307773769621413,0.018044043253972353,,,0.5510341630571703,33.47812906823724,0.23023732448895923,,0,4662200000.0,3081700000.0,64900000.0,1405400000.0,1060100000.0,649900000.0,122800000.0,282900000.0,0.6609969542276178,0.01392046673244391,0.13939770923598302,0.301445669426451,,,,,,,,,,,,,0.022636543101557383,-4.0032347504621075,0.08206842129694092,-2.815870354847723,6.335073068893529,18282900000.0,56300000.0,340100000.0,2635700000.0,,,,0.0,,20437673984.0,0.621,0.09,INDOCO.NS,,,,,0.31935124577963303,48.27956989247312,4.086021505376344,3.6677454153182305,,10.752688172043008,,47.27074235807861,13.885898815931109,78.9440203562341,,4.357298474945534,39.78021978021978,57.49999999999999,5.360281195079086,,34.258965731046594,Q1 (Lowest)
2026-08-31,178.0,184.02999877929688,167.14999389648438,169.22000122070312,15946596,0.06824062438412426,0.01682491937606745,,,0.35910017805933164,67.99205727705186,1.3988821773536222,,0,15942200000.0,5147000000.0,1986100000.0,2710600000.0,2377400000.0,1767700000.0,585100000.0,24600000.0,0.3228538093864084,0.12458129994605513,0.11088181054057784,0.17002672153153267,,,,,,,,,,,,,0.08708430218682439,0.3063109665976944,0.2346522308186767,1.7187019378652724,1.1405670062386482,60315900000.0,4160300000.0,4665500000.0,7140800000.0,,,,0.0,,77616250880.0,-0.005,0.18,GAEL.NS,,,,,0.3275026802639378,47.956989247311824,75.48387096774194,70.01078748651565,,48.924731182795696,,67.46724890829694,86.22174381054897,11.259541984732824,,66.7755991285403,57.91208791208792,81.6304347826087,13.093145869947275,,55.115745418741874,Q4 (High)
2026-08-31,1100.9000244140625,1184.0,1026.5999755859375,1036.4000244140625,332859,-0.12362587027742666,0.26436502254473493,,,0.5511137947550317,29.583897427396167,1.4304355408609994,,0,945600000.0,543500000.0,139300000.0,182300000.0,155600000.0,122400000.0,23900000.0,9400000.0,0.5747673434856176,0.1473138747884941,0.12944162436548223,0.19278764805414553,3744700000.0,381300000.0,819800000.0,2928900000.0,2439500000.0,709700000.0,114500000.0,894300000.0,0.13018539383386254,0.10182391112772719,3.437367901930393,2.17725799633648,0.10920821114369494,0.47292418772563183,0.2556101447350949,0.22399999999999998,0.2801966292134832,3143000000.0,354800000.0,417300000.0,564100000.0,0.12113762846119704,0.09474724276978129,0.12606489033895232,1.0,2.6257644137047023,13282709504.0,,,GALAPREC.NS,,,,,0.55996854673133,87.20430107526882,4.623655913978494,71.41316073354909,,10.645161290322577,,40.72052401746725,9.041980624327234,,81.74061433447099,73.31154684095861,62.967032967032964,34.02173913043478,,36.71742808798646,47.493809667719816,Q3 (Medium)
2026-08-31,625.0,640.0,604.7999877929688,618.4500122070312,897178,-0.021826789708135674,0.14305521885286399,,,0.2890170672112017,41.82214506704063,0.8701947104471339,,0,11926800000.0,1918300000.0,1120800000.0,1266400000.0,1142400000.0,772200000.0,256000000.0,114200000.0,0.1608394540027501,0.09397323674413925,0.06474494415937217,0.10618103766307811,,,,,,,,,,,,,0.9081964065724846,2.553612517257248,0.26849813343543594,0.3999274836838289,0.38480043739748493,29240700000.0,1389800000.0,2190000000.0,2714300000.0,,,,0.0,,79865430016.0,0.136,0.17,AVL.NS,,,,,0.20557743075999188,73.01075268817205,32.25806451612903,43.14994606256742,,72.79569892473118,,68.23144104803494,27.556512378902042,21.946564885496183,,93.13725490196079,95.6043956043956,68.80434782608695,12.214411247803165,,53.91395933895196,Q4 (High)
2026-08-31,2107.0,2138.0,2070.199951171875,2096.0,5762826,-0.022615994404290074,-0.06396129029444408,,,0.25757921353854707,45.07551184468776,0.5489769788294373,,0,171840000000.0,84310000000.0,35940000000.0,40600000000.0,37070000000.0,26730000000.0,9520000000.0,750000000.0,0.4906308193668529,0.20914804469273743,0.15555167597765363,0.2362662942271881,,,,,,,,,,,,,0.06028259394088975,-0.10661764705882348,0.1467467467467467,0.0848214285714286,0.07039282889533349,652050000000.0,150280000000.0,138520000000.0,154670000000.0,,,,0.0,,4924743614464.0,0.332,2.1,HINDUNILVR.NS,,,,,0.5815895879822766,24.408602150537632,32.15053763440861,18.338727076591155,,83.01075268817205,,99.56331877729258,34.230355220667384,44.465648854961835,,40.08714596949891,50.43956043956044,98.04347826086956,84.88576449912127,,53.97492610477876,Q4 (High)
2026-08-31,396.8999938964844,401.04998779296875,390.54998779296875,393.04998779296875,25630293,0.0024228045770606776,0.06258446682473551,,,0.34714408939744995,41.59291410327948,0.7554746160766361,,0,1399775100000.0,-130859800000.0,-132009900000.0,-173517100000.0,-173517100000.0,-122646700000.0,-59054000000.0,8183600000.0,-0.09348630362120315,-0.09430793561051343,-0.08761886105846575,-0.123960699115165,,,,,,,,,,,,,0.22349567796265735,-3.022117765767667,0.28331726637008114,-4.590948750380624,-4.405741887870866,4792765000000.0,19229200000.0,95671200000.0,37270800000.0,,,,0.0,,836340613120.0,0.912,6.17,HINDPETRO.NS,,,,,0.38925246918891837,59.89247311827957,49.03225806451613,32.793959007551244,,52.903225806451616,,92.57641921397381,26.58772874058127,94.97455470737913,,5.88235294117647,80.0,0.10869565217391304,97.89103690685414,,52.84284694392915,Q4 (High)
2026-08-31,11.350000381469727,11.880000114440918,10.850000381469727,10.930000305175781,639236,0.09300003051757821,-0.011754078617424057,,,0.5464881631721187,65.85365727586202,0.5397165665687049,,0,391800000.0,115700000.0,123000000.0,198300000.0,183500000.0,113900000.0,5500000.0,6300000.0,0.2953037263910158,0.31393568147013784,0.2907095456865748,0.5061255742725881,,,,,,,,,,,,,-0.3637544657356284,-2.196428571428571,0.16920322291853185,1.9661458333333335,0.7288578901482128,1952500000.0,154400000.0,169100000.0,450000000.0,,,,0.0,,3084279296.0,0.322,,AVONMORE.NS,,,,,0.18995229668941235,38.924731182795696,80.96774193548387,17.79935275080906,,10.86021505376344,,21.397379912663755,82.34660925726588,42.55725190839695,,8.169934640522875,5.054945054945055,23.47826086956522,,,38.77042817108079,Q1 (Lowest)
2026-08-31,39.459999084472656,39.689998626708984,36.29999923706055,39.36000061035156,128585,0.05240639049483553,0.0,,,0.3190796557506953,64.11412245636726,2.3544780334602167,,0,153597000.0,95881000.0,63853000.0,85971000.0,81308000.0,51828000.0,27099000.0,0.0,0.6242374525544119,0.41571775490406715,0.3374284653997148,0.5597179632414696,2502516000.0,,352179000.0,2136106000.0,1417438000.0,259206000.0,20840000.0,261820000.0,,,5.468384219501091,4.458299576398694,0.29964292966899064,2.956939990838296,-0.3988916848972499,-0.5026819555726143,-0.5070554978985453,525059000.0,147899000.0,124901000.0,241473000.0,0.06923766891717921,0.059100121637583936,,1.0,2.067440208174493,1613760000.0,0.333,0.51,AMJLAND.NS,,,,,0.3481376321402126,42.68817204301075,69.6774193548387,90.18338727076592,,62.25806451612903,,15.829694323144105,79.97847147470398,44.720101781170484,89.59044368600682,93.79084967320262,84.06593406593407,36.19565217391305,40.86115992970123,,59.98929001950139,Q5 (Highest)
2026-08-31,161.0,162.5,155.1999969482422,155.74000549316406,1370087,0.012548000553963101,-0.06242848160305925,,,0.360506465726821,38.345866386883856,0.48340567482799984,,0,-2058882000.0,384242000.0,64315000.0,131363000.0,131363000.0,77682000.0,12385000.0,41296000.0,,,,,21707935000.0,497671000.0,7860860000.0,13847075000.0,5333526000.0,4829821000.0,198087000.0,3937220000.0,0.035940514512992815,0.022925764242430244,1.1042906144968934,0.28910098324554884,-3.7313553419696337,-0.06131277490453868,-5.744831432449685,-0.8481566401416751,-0.6727860130175186,2631545000.0,627453000.0,334184000.0,802369000.0,0.045313035424448846,0.028904315403560955,0.023296613268718736,1.0,1.062072182360966,20595570688.0,0.477,,HINDOILEXP.NS,,,,,0.24166742314012704,24.623655913978496,54.516129032258064,13.807982740021574,,48.17204301075269,,47.379912663755455,20.23681377825619,63.167938931297705,16.040955631399317,43.24618736383442,0.21978021978021978,27.500000000000004,,24.703891708967852,35.574352732953464,Q1 (Lowest)
2026-08-31,495.0,551.0,490.04998779296875,536.0999755859375,59174682,0.10206591043886215,-0.049805097506418594,,,0.304938426259502,70.9090763130344,2.708402666889488,,0,11560800000.0,10111500000.0,5603300000.0,5930100000.0,5930100000.0,4442700000.0,1481500000.0,8000000.0,0.8746367033423292,0.4846809909348834,0.3842900145318663,0.512948930869836,44156800000.0,1109200000.0,,33421900000.0,14156700000.0,8429800000.0,3958600000.0,3872700000.0,0.03318781996236001,0.025119573882165375,1.6793636859711973,1.2199577688675889,0.6819623476008962,1.8436919925750495,0.5806398687448728,1.3734907575595683,1.2783540802213,30778300000.0,9185400000.0,11657900000.0,12376300000.0,0.2748317719818442,0.2080177911442858,0.3376058104143801,1.0,2.3554825077904193,518421544960.0,1.513,0.46,HINDCOPPER.NS,,,,,0.4741417736306437,27.63440860215054,83.01075268817203,92.66450916936354,,67.52688172043011,,89.41048034934498,89.77395048439182,99.23664122137404,46.075085324232084,91.17647058823529,93.51648351648352,91.19565217391305,36.99472759226713,24.36548223350254,68.83876837759071,Q5 (Highest)
2026-08-31,24.440000534057617,24.440000534057617,22.40999984741211,22.5,47041,0.04748605584269372,-0.07254741188281333,,,0.3341525253867382,58.241753635191515,0.5249039462125357,,0,205979000.0,53054000.0,5920000.0,15936000.0,12890000.0,8269000.0,3517000.0,1783000.0,0.2575699464508518,0.028740793964433266,0.04014486913714505,0.07736711023939334,764915000.0,107991000.0,184115000.0,570932000.0,621761000.0,179775000.0,75586000.0,67498000.0,0.18914862015091113,0.141180392592641,3.4585509664858853,3.0830927548324296,0.4473660171593601,1.5600619195046441,0.33371535871535873,0.5026349264037797,0.6147532678082885,650205000.0,32265000.0,26352000.0,58965000.0,0.056512859675057626,0.042181157383500124,0.03881441636238572,1.0,2.643993123418942,1151789056.0,0.413,,HINDCON.NS,,,,,0.2844431407562862,21.50537634408602,68.17204301075269,16.720604099244877,,56.98924731182796,,11.790393013100436,67.38428417653391,54.834605597964384,81.91126279863481,88.99782135076254,89.67032967032968,21.630434782608695,,42.30118443316413,51.46050577260068,Q3 (Medium)
2026-08-31,8.789999961853027,10.300000190734863,8.529999732971191,9.100000381469727,2750714,-0.08542707980797315,-0.11219508473466078,,,0.4826651320542427,43.35260529846739,1.6758382295239163,,0,271556000.0,92339000.0,-6366000.0,32518000.0,19615000.0,9813000.0,5984000.0,3818000.0,0.3400366775177127,-0.023442678489887906,0.03613619290312127,0.1197469398577089,1210518000.0,176645000.0,315465000.0,,890565000.0,248285000.0,20874000.0,,,0.14592513287699976,3.5868659000745113,,0.1181125705109729,-0.08143779837124399,0.39303064035416213,0.9043275761692218,0.4109428559031545,940128000.0,43099000.0,-10362000.0,120072000.0,,0.03560376632152516,,1.0,,1220959744.0,-0.213,,AVROIND.NS,,,,,0.31913249534410276,12.365591397849462,10.64516129032258,77.8856526429342,,18.709677419354847,,12.445414847161572,31.001076426264802,3.689567430025445,83.78839590443687,41.72113289760348,64.28571428571429,23.91304347826087,,,38.696695201328566,Q1 (Lowest)
2026-08-31,60.689998626708984,64.0999984741211,60.150001525878906,63.33000183105469,38983205,0.08163966962049973,0.014903850680036967,,,0.3337366140291714,74.53366647732406,1.5609615521590146,,0,19901300000.0,11166800000.0,-1517900000.0,3001200000.0,-490900000.0,-1484000000.0,-309400000.0,1456600000.0,0.5611090732766201,-0.07627139935582097,-0.07456799304568043,0.1508042188198761,177572000000.0,61882400000.0,114943000000.0,58390600000.0,59013700000.0,47137400000.0,669600000.0,28281900000.0,1.0598007213489842,0.34849187935034803,1.251950680351483,0.6519621362230416,-0.16157747950422552,-0.025159298430007193,-0.09560921963899438,1.8922237380627558,-0.08402258507553795,79147300000.0,-5512300000.0,-5061800000.0,11060600000.0,-0.09440389377742307,-0.031042619331876648,-0.04208592119594589,0.0,0.9772133557092334,77058506752.0,0.026,,ABFRL.NS,,,,,0.352010829727463,47.31182795698925,79.24731182795699,75.08090614886731,,57.31182795698925,,67.24890829694323,92.46501614639398,13.931297709923665,25.7679180887372,45.31590413943355,10.76923076923077,1.7391304347826086,,87.1404399323181,50.2219812939044,Q3 (Medium)
2026-08-31,425.5,432.6499938964844,415.0,424.0,17872,-0.03581580443433774,-0.05336011212808367,,,0.3411077210615783,37.687353293287956,0.42943849067820616,,0,200500000.0,102200000.0,15800000.0,25400000.0,15800000.0,86800000.0,-3500000.0,,0.5097256857855361,0.07880299251870324,0.43291770573566085,0.12668329177057355,,,,,,,,,,,,,-0.8087561999236932,-0.2581196581196581,0.37140902872777026,0.16353887399463818,-0.18327974276527326,3080800000.0,324300000.0,342900000.0,418300000.0,,,,0.0,,6262055936.0,0.361,0.47,HINDCOMPOS.NS,,,,,0.19470853357778525,26.559139784946233,24.193548387096776,10.571736785329017,,54.516129032258064,,28.49344978165939,19.16038751345533,48.918575063613225,,32.570806100217865,1.3186813186813187,10.434782608695652,37.96133567662566,,32.979904803505235,Q1 (Lowest)
2026-08-31,990.0,1059.5999755859375,981.3499755859375,1059.5999755859375,33980345,0.10553493879768161,0.022784358200162114,,,0.272750462378774,80.38042138790581,1.3977191994128932,,0,781330000000.0,237550000000.0,78010000000.0,44930000000.0,44930000000.0,25970000000.0,8540000000.0,10420000000.0,0.3040328670344157,0.09984257612020529,0.03323819640868775,0.057504511538018506,3477950000000.0,991610000000.0,2112000000000.0,1365830000000.0,1410300000000.0,1165090000000.0,143500000000.0,755170000000.0,0.7260127541494915,0.28511335700628243,1.2104644276407832,0.5622999081616012,0.17456141669547964,0.2674475353831136,0.20408383418092146,-0.5084232443687299,-0.3948006465517241,2749440000000.0,133910000000.0,263720000000.0,219760000000.0,0.09804294824392494,0.03850256616685116,0.11186711008551649,1.0,1.4675665262582842,2352139468800.0,0.925,0.47,HINDALCO.NS,,,,,0.6885555332845956,49.89247311827957,83.54838709677419,69.90291262135922,,77.52688172043011,,97.59825327510917,96.66307857911734,95.54707379134861,23.378839590443686,64.4880174291939,73.95604395604396,97.93478260869564,37.96133567662566,76.6497461928934,69.6698550437543,Q5 (Highest)
2026-08-31,72.18000030517578,72.97000122070312,69.0999984741211,71.86000061035156,193709,0.03544667190756945,0.07946523869277766,,,0.24235849472936769,70.146411124898,1.1796061177772763,,0,2264897000.0,1202880000.0,325491000.0,367635000.0,336339000.0,220214000.0,83861000.0,32264000.0,0.5310969991129839,0.14371117097157177,0.09722914551964174,0.16231863965557816,8454974000.0,1136055000.0,2861719000.0,5593255000.0,7566789000.0,2788990000.0,308905000.0,3205731000.0,0.2031116049599026,0.13436528604345796,2.7130929117709277,1.563669285296828,0.1673902409984449,0.2674332941961921,0.4442221155213433,0.533812067728612,0.37837625039367717,7132295000.0,648063000.0,781708000.0,1032513000.0,0.11586509107845074,0.07664872771932829,0.1161646587837386,1.0,2.579088888978251,10943128576.0,0.426,1.25,AVTNPL.NS,,,,,0.28503423205509887,62.795698924731184,63.655913978494624,61.057173678532905,,87.20430107526882,,36.572052401746724,88.80516684607105,56.61577608142494,74.23208191126281,64.37908496732027,73.29670329670328,51.30434782608696,70.298769771529,43.48561759729272,62.24684589043101,Q5 (Highest)
2026-08-31,79.98999786376953,81.94999694824219,79.19999694824219,80.69000244140625,2143851,-0.05504153860916827,0.019714460282265422,,,0.3593509154911494,33.067457305292876,0.7904423323878516,,0,12344318000.0,8846911000.0,6130007000.0,1541744000.0,1002511000.0,14123000.0,306170000.0,679077000.0,0.7166787991041709,0.49658531155791674,0.0011440891266735027,0.1248950326781925,59008394000.0,26355261000.0,37601035000.0,21407359000.0,32724151000.0,23332579000.0,466556000.0,12237196000.0,1.2311308928859463,0.446635795578507,1.402508955396658,0.8780407429457326,1.019128228187017,-0.8155375311834698,-0.06042418958726559,-0.8817595003474461,2.195344219756807,31323090000.0,619619000.0,8175294000.0,5766700000.0,0.028944205588368,0.010500523027283203,0.17116510777675095,1.0,1.285775805049024,10146145280.0,0.37,0.31,HIMATSEIDE.NS,,,,,0.3172185981420976,48.817204301075265,17.8494623655914,36.13807982740022,,48.70967741935483,,35.262008733624455,13.347685683530678,50.06361323155216,34.129692832764505,18.082788671023962,96.04395604395604,71.6304347826087,23.550087873462214,91.0321489001692,45.6437893777409,Q2 (Low)
2026-08-31,21.700000762939453,21.950000762939453,20.420000076293945,21.40999984741211,368339,-0.0703430651729331,-0.03034420645874203,,,0.44187170266853404,31.4769855018383,0.629081321546495,,0,508400000.0,59611000.0,19966000.0,31000000.0,25471000.0,1406000.0,3780000.0,20285000.0,0.11725216365066876,0.03927222659323367,0.002765538945712038,0.06097560975609756,2360549000.0,499189000.0,850206000.0,1510343000.0,1832875000.0,694538000.0,69531000.0,999415000.0,0.330513664776809,0.21147156869016487,2.638984476011392,1.2000207332068225,-0.2720879221575062,-0.9007132264670574,0.13047113340626693,-0.9689371009433754,-0.5104773635258263,2303742000.0,34461000.0,90613000.0,129290000.0,0.022816671444830745,0.014598722585296896,0.04509159346554322,1.0,2.485981396700513,1101898880.0,-1.473,,HILTON.NS,,,,,0.27924759349626005,32.903225806451616,13.870967741935484,24.59546925566343,,26.989247311827953,,11.135371179039302,10.76426264800861,0.2544529262086514,73.37883959044369,16.666666666666664,6.373626373626373,21.956521739130437,,54.653130287648054,29.56945210177668,Q1 (Lowest)
2026-08-31,280.0,287.1499938964844,270.0,271.6499938964844,845198,-0.11181955705260371,-0.2585971658797812,,,0.40732518389526673,37.529503118266504,0.722119018085223,,0,4101440000.0,3448930000.0,508650000.0,1707360000.0,698820000.0,232480000.0,2540000.0,463800000.0,0.8409070960443161,0.12401741827260669,0.0566825310134977,0.41628306155886713,29101890000.0,15011720000.0,23577440000.0,5524450000.0,6776030000.0,9903730000.0,564220000.0,7220000.0,2.7173238964964836,0.5158331641003385,0.6841896941859279,0.6834606759271507,0.07430535182934506,0.07356268760101603,0.20741741662177238,1.0698005698005697,0.2566406853761398,14934840000.0,708530000.0,1658730000.0,6424040000.0,0.12825349129777625,0.02434652869624619,0.08077114671333555,1.0,0.7292287889205822,19440138240.0,1.061,,AWFIS.NS,,,,,0.6080703440764516,1.7204301075268817,5.806451612903226,29.773462783171524,,34.623655913978496,,46.61572052401747,19.052744886975244,97.70992366412213,7.508532423208192,53.26797385620915,54.175824175824175,20.543478260869566,,97.63113367174282,41.228622125369924,Q1 (Lowest)
2026-08-31,222.1999969482422,239.89999389648438,216.02000427246094,227.13999938964844,5151825,-0.02761247077940865,0.14324545884350837,,,0.47559362871660327,49.919227841168905,1.7269995912481135,,0,5170000000.0,3004000000.0,634000000.0,649000000.0,229000000.0,144000000.0,-61000000.0,146000000.0,0.5810444874274662,0.12263056092843327,0.027852998065764023,0.125531914893617,23654000000.0,6838000000.0,11666000000.0,11988000000.0,8841000000.0,6789000000.0,96000000.0,3581000000.0,0.5704037370704037,0.28908429863870805,1.3022536456031817,0.7747827367800855,0.053596902384349,-3.440677966101695,-0.06000000000000005,-0.7131474103585658,-0.47619047619047616,16952000000.0,-488000000.0,566000000.0,1476000000.0,-0.04070737404070737,-0.0206307601251374,0.030064803994475725,0.0,1.5622431724021306,28006533120.0,,0.44,HIKAL.NS,,,,,0.357232928142923,73.11827956989248,28.817204301075268,78.96440129449837,,20.215053763440864,,51.96506550218341,46.716899892357375,,28.15699658703072,5.010893246187364,48.57142857142857,3.91304347826087,34.885764499121265,70.72758037225042,42.7375074051818,Q2 (Low)
2026-08-31,422.8999938964844,440.8999938964844,419.5,428.3999938964844,146783,0.0451329599303969,0.03478259395286076,,,0.3669050229069065,48.413622257270255,0.2545274220845484,,0,10846700000.0,10575300000.0,-1077400000.0,1923400000.0,574200000.0,-82900000.0,228700000.0,481300000.0,0.9749785649091429,-0.09932975006223091,-0.007642877557229388,0.17732582260042226,115636500000.0,19679100000.0,31275500000.0,83165000000.0,80097800000.0,23980200000.0,5689400000.0,308400000.0,0.2366271869175735,0.17018069554163262,3.3401639686074343,3.3273033586041816,0.008601290658533323,-1.1946923438233912,-0.06579332678759064,-3.1758530183727034,-0.31100444189711995,43073600000.0,321900000.0,-4058700000.0,6392900000.0,0.003870618649672338,0.0027837231324019667,-0.03946458766229662,1.0,1.9781001673347083,19929288704.0,,,HGS.NS,,,,,0.24632015641377658,53.01075268817205,67.31182795698925,4.854368932038835,,45.16129032258065,,47.161572052401745,42.84176533907427,,81.05802047781569,12.745098039215685,34.395604395604394,67.5,,46.192893401015226,46.81554624032718,Q2 (Low)
2026-08-31,538.5499877929688,560.0,538.0,549.1500244140625,243900,-0.01214247113429201,-0.13499244619609196,,,0.22205767167274493,41.67965524115085,0.8564989914017342,,0,14268090000.0,3628350000.0,1896280000.0,2975140000.0,2497100000.0,850930000.0,282890000.0,1367950000.0,0.25429822772354255,0.13290356312582832,0.05963867623487096,0.2085170474814779,109010240000.0,50292370000.0,76195990000.0,32650070000.0,51590740000.0,44299100000.0,950140000.0,3751220000.0,1.5403449364733368,0.4613545479764103,1.1646001837509115,1.0799208110322782,0.0039749218947902065,-0.09748207543167453,0.04843507282712678,-0.42104153059002836,0.14888457246127773,52346740000.0,3303700000.0,8555580000.0,10908090000.0,0.10118508168588919,0.03030632718540937,0.10315081157487048,1.0,1.0553800817244323,35788718080.0,0.422,0.36,HGINFRA.NS,,,,,0.2922210405258261,9.46236559139785,39.35483870967742,41.963322545846815,,92.25806451612902,,55.567685589519655,27.125941872981702,56.297709923664115,20.989761092150168,40.52287581699346,32.967032967032964,70.21739130434783,28.031634446397184,93.7394247038917,47.23320327200199,Q2 (Low)
2026-08-31,220.4499969482422,227.0,216.63999938964844,221.0399932861328,261131,-0.09945000597110087,0.025802847915516125,,,0.5682485438742759,48.453071287197474,0.5932676435506258,,0,6627300000.0,2940800000.0,285100000.0,593100000.0,299000000.0,-190300000.0,30700000.0,186200000.0,0.44374028639113966,0.04301902735654037,-0.028714559473692152,0.08949345887465483,24517797000.0,9652904000.0,17054078000.0,7368932000.0,12181324000.0,12563308000.0,332835000.0,6139499000.0,1.3099461360207965,0.3937100874111977,0.9695952690167271,0.48091036214347366,0.03538620172478435,-6.3605633802816905,-0.051915538897313374,-0.38513731825525044,1.7483781278962,25102800000.0,-396800000.0,937600000.0,1799400000.0,-0.053847694618433174,-0.016184162059911012,0.055082189723834725,0.0,1.4661849104958327,18489190400.0,0.431,,HINDWAREAP.NS,,,,,0.34569152359507865,50.645161290322584,7.204301075268817,22.22222222222222,,9.35483870967741,,45.96069868995633,43.05705059203444,57.50636132315522,12.457337883959044,2.7233115468409586,43.40659340659341,37.608695652173914,,92.38578680203045,38.302157279615656,Q1 (Lowest)
2026-08-31,543.5999755859375,606.2000122070312,541.4500122070312,603.0,34853286,0.14096499526963102,-0.06060137550169298,,,0.30088926232630586,85.10266922930883,1.9437072016957835,,0,130330000000.0,99340000000.0,71300000000.0,74460000000.0,74460000000.0,54690000000.0,18450000000.0,1320000000.0,0.7622189825826747,0.5470728151615131,0.41962710043735135,0.5713189595641832,,,,,,,,,,,,,0.026867317995587836,0.08662825352672354,0.47615811530184615,0.8211788211788211,0.8462682866352591,439430000000.0,166520000000.0,218410000000.0,230340000000.0,,,,0.0,,2547867189248.0,0.661,3.48,HINDZINC.NS,,,,,0.5059651302860874,24.838709677419356,88.81720430107526,84.46601941747572,,69.24731182795699,,97.81659388646288,98.38536060279871,82.31552162849873,,53.70370370370371,41.42857142857143,99.34782608695653,94.02460456942003,,68.95942847535595,Q5 (Highest)
2026-08-31,619.5,631.0,584.75,599.25,1781557,-0.1010350705859796,0.0651841197158689,,,0.39501666720144724,39.857791714750135,0.9074386160028031,,0,9789358000.0,4500947000.0,926801000.0,1201144000.0,973223000.0,492169000.0,224217000.0,294801000.0,0.4597795892233178,0.09467433921611611,0.05027592207783187,0.1226989553349668,,,,,,,,,,,,,-0.027760209882497278,0.2011856414862252,0.06331044042730283,-0.37415247124887463,-0.2002572718925797,39116577000.0,2132286000.0,4464307000.0,5549106000.0,,,,0.0,,167616299008.0,0.814,0.9,ABDL.NS,,,,,0.24047058683229483,60.43010752688171,7.096774193548387,45.523193096008626,,37.311827956989255,,77.83842794759825,23.466092572658773,90.96692111959288,,60.23965141612201,25.054945054945055,67.06521739130434,59.666080843585235,,50.310615941282315,Q3 (Medium)
2026-08-31,204.14999389648438,209.0,198.41000366210938,198.72000122070312,43227,-0.050050198855156824,0.2653253162046829,,,0.5330393421778808,35.97864204409083,0.5622257283733789,,0,1552779000.0,1370620000.0,12680000.0,225964000.0,225964000.0,107112000.0,30843000.0,88009000.0,0.882688392874968,0.008166004305828454,0.06898084015819379,0.1455223183724149,5483736000.0,2196477000.0,2772043000.0,2711693000.0,2804888000.0,1422282000.0,13473000.0,4236000.0,0.8100020909446608,0.4005438992686738,1.9721039850043802,1.9691256726865698,0.1581256726550211,0.9817206290471785,0.051224176858267745,1.0492844570291573,0.6610358870315647,5574091000.0,261722000.0,404584000.0,655337000.0,0.09651608791998209,0.04772695111507921,0.08243072265223088,1.0,2.1473078937425143,3717668864.0,-0.588,0.59,AVG.NS,,,,,0.22310267958160085,87.41935483870968,19.35483870967742,19.2017259978425,,11.827956989247312,,23.144104803493452,16.469321851453174,0.8905852417302799,56.996587030716725,83.5511982570806,71.75824175824175,37.826086956521735,45.782073813708266,80.71065989847716,43.66218240979334,Q2 (Low)
2026-08-31,447.25,480.0,437.29998779296875,477.6000061035156,3966820,0.012722646145774341,0.371822531886991,,,0.30634060395577445,64.53955140215044,0.9476755769863212,,0,6570840000.0,4621100000.0,664070000.0,959650000.0,851640000.0,691930000.0,123990000.0,33270000.0,0.7032738584412344,0.10106318218066487,0.10530312714964905,0.1460467763634482,20924940000.0,1353460000.0,6806420000.0,14118520000.0,9589440000.0,5683440000.0,1192240000.0,1650510000.0,0.09586415573303718,0.06468166694862686,1.6872598285545375,1.3968529622904438,0.09233452083897853,0.37834661354581667,0.23150910862883278,1.7700468393450497,1.00927535018111,23919420000.0,1999450000.0,1917540000.0,3148020000.0,0.14161895156149512,0.09555344005765369,0.12393630291662734,1.0,2.4460266074837014,155709177856.0,0.608,,HONASA.NS,,,,,0.21967857340445543,92.47311827956989,54.623655913978496,48.75943905070119,,66.7741935483871,,76.09170305676855,80.83961248654468,77.67175572519083,46.41638225255973,70.37037037037037,59.45054945054945,58.04347826086956,,32.82571912013537,60.955998501041684,Q5 (Highest)
2026-08-31,88.44999694824219,98.9000015258789,84.41999816894531,93.83000183105469,441213,-0.007405024407929006,0.30428132675526975,,,0.5116629624040427,59.6456717155834,0.8887961904031167,,0,2893100000.0,916900000.0,223700000.0,469100000.0,408200000.0,304100000.0,400000.0,103700000.0,0.3169264802461028,0.07732190384017144,0.10511216342331754,0.16214441256783382,7488300000.0,3245400000.0,5517100000.0,1971200000.0,3206200000.0,4065800000.0,3300000.0,1075400000.0,1.6464082792207793,0.43339609791274386,0.7885778936494663,0.524078902061095,0.38121837104936507,5.296066252587992,0.4837171136981384,3.6641104294478524,1.1879664179104479,8240600000.0,385300000.0,568800000.0,1065500000.0,0.19546469155844157,0.05145360095081661,0.10903653720814324,1.0,1.5111333680541643,4257573888.0,0.288,,AUTOIND.NS,,,,,0.3690466843387867,89.6774193548387,42.1505376344086,44.66019417475729,,14.516129032258064,,24.890829694323145,71.36706135629709,37.72264631043257,8.873720136518772,96.07843137254902,86.81318681318682,17.934782608695652,,94.41624365482234,51.94007880953921,Q3 (Medium)
2026-08-31,202.00999450683594,208.25999450683594,192.89999389648438,194.6999969482422,45906,-0.04843362314915123,0.14193546597209483,,,0.5252069668071025,53.44400576718365,0.4644475412960537,,0,1551408000.0,435506000.0,220509000.0,236989000.0,222887000.0,153523000.0,52528000.0,16836000.0,0.28071661355362354,0.14213475758794591,0.09895720532574281,0.152757366211854,4221018000.0,272138000.0,1298450000.0,2922568000.0,3415464000.0,1094079000.0,492088000.0,830434000.0,0.09311605410036652,0.06447212497080088,3.1217709141661616,2.3627452862179057,0.08898324417624393,1.025075516745591,-0.064334087820906,0.19880839899112157,0.12054185678148421,5710337000.0,365316000.0,541183000.0,604860000.0,0.12499828917582072,0.08654689461167898,0.16939993852329446,1.0,3.1563763291225007,10712393728.0,0.166,0.26,AMNPLST.NS,,,,,0.2935292220161469,72.68817204301075,20.107526881720432,12.189859762675297,,12.903225806451616,,36.02620087336245,55.543595263724434,25.508905852417303,78.839590443686,83.98692810457517,58.791208791208796,44.34782608695652,19.77152899824253,32.48730964467005,43.54612523684676,Q2 (Low)
2026-08-31,1193.5,1220.0,1156.0,1193.800048828125,588930,-0.007069782628957633,0.08227678949374972,,,0.34412973874972347,28.815410811226286,0.5682553284305735,,0,4853880000.0,2007100000.0,1711000000.0,1764040000.0,1711000000.0,1598510000.0,477840000.0,,0.41350424814787345,0.352501503951478,0.3293262297378592,0.3634288445532234,,,,,,,,,,,,,0.06965961329108072,0.06963096791461743,0.27659775919204677,0.5268692927826386,0.5302087941638258,18017180000.0,5683870000.0,6247850000.0,6444540000.0,,,,0.0,,124792406016.0,0.578,0.44,HOMEFIRST.NS,,,,,0.1782165608015564,63.44086021505376,42.365591397849464,19.848975188781015,,53.54838709677419,,72.81659388646288,8.611410118406889,74.80916030534351,,52.94117647058824,52.96703296703297,77.71739130434783,34.885764499121265,,50.26348956331747,Q3 (Medium)
2026-08-31,580.0,595.0,548.8499755859375,576.2000122070312,656742,0.05155579773821839,0.10340865327017879,,,0.26469553927765366,52.30332937679299,1.5117239624482406,,0,11167500000.0,1861500000.0,769400000.0,1028600000.0,798300000.0,415500000.0,156300000.0,226500000.0,0.1666890530557421,0.0688963510185807,0.037206178643384824,0.0921065592119991,31737100000.0,10882600000.0,20086300000.0,11650800000.0,16050000000.0,11359600000.0,358700000.0,9694700000.0,0.9340646135887665,0.34289837445765364,1.4129018627416459,0.5594651220113385,0.11871894534380512,0.15033222591362128,0.1647007290134852,0.31695721077654526,0.26317082156453386,41482700000.0,1446300000.0,2673700000.0,3655000000.0,0.12413739829024616,0.04557127147723012,0.11865497439356688,1.0,2.0813713288233644,69813952512.0,0.313,,HNDFDS.NS,,,,,0.4362602902064308,67.0967741935484,69.24731182795699,73.57065803667744,,81.0752688172043,,65.28384279475983,52.63724434876211,41.030534351145036,34.98293515358362,58.605664488017425,64.50549450549451,61.73913043478261,,84.60236886632826,60.29181518788404,Q5 (Highest)
2026-08-31,510.0,645.9000244140625,510.0,601.0499877929688,5966194,0.1800211065492494,0.23311310124043816,,,0.43356006490366295,66.51646935780954,5.961173452016554,,0,6706133000.0,2282687000.0,1039097000.0,1222237000.0,1065271000.0,556123000.0,296481000.0,212667000.0,0.34038797023560374,0.15494726990949925,0.082927523208979,0.18225660004058972,28802027000.0,14071809000.0,17557422000.0,11244605000.0,15235346000.0,13097853000.0,19057000.0,14331057000.0,1.251427595722571,0.4885700926535483,1.1631941509803172,0.06904101000370061,0.05087573068967943,2.3306562217391043,-0.012032457611125369,-0.22412304137885808,-0.17757336984863425,26935181000.0,573053000.0,1595772000.0,2240724000.0,0.05096248378666925,0.01989627327271098,0.0630330978155121,1.0,1.692867446447432,12032070656.0,-0.05,1.66,AVADHSUGAR.NS,,,,,0.37037707642845813,84.51612903225806,91.93548387096774,100.0,,29.13978494623656,,38.209606986899566,83.20775026910655,8.778625954198473,20.477815699658702,92.5925925925926,48.13186813186813,71.08695652173913,77.85588752196837,91.70896785109983,62.50943129190625,Q5 (Highest)
2026-08-31,93.0999984741211,108.16000366210938,92.69999694824219,98.66999816894531,1473858,0.09767492311617443,0.5607402129665431,,,0.40466198443766394,62.40758996894803,2.5714967151804435,,0,2155300000.0,1602400000.0,611400000.0,781600000.0,739500000.0,274800000.0,100800000.0,19900000.0,0.7434695866004732,0.28367280656985105,0.12749965202060037,0.3626409316568459,24657800000.0,848800000.0,8783900000.0,15873900000.0,12590300000.0,8329600000.0,165600000.0,316500000.0,0.05347142164181455,0.03442318455012207,1.511513157894737,1.4735161352285824,0.015501319261213675,29.876404494382022,0.1867738560651946,-0.3947136563876652,0.026799789805570073,8076300000.0,486900000.0,284400000.0,1215300000.0,0.03067299151437265,0.01974628717890485,0.01700682306086936,1.0,1.5351308713672753,7253707776.0,0.345,,HMVL.NS,,,,,0.28045697561896094,97.84946236559139,82.36559139784946,91.58576051779936,,35.26881720430107,,30.89519650655022,76.64155005382132,47.07379134860051,39.419795221843,99.23747276688452,37.142857142857146,53.80434782608695,,26.73434856175973,57.867932727596305,Q4 (High)
2026-08-31,60.099998474121094,62.4900016784668,60.0,60.310001373291016,44543,-0.07172540803227145,0.0490520023046106,,,0.361780172467853,48.076927565711046,1.1560682278506949,,0,714400000.0,148200000.0,-317000000.0,-159300000.0,-173900000.0,-374500000.0,25900000.0,174700000.0,0.2074468085106383,-0.44372900335946247,-0.5242161254199328,-0.22298432250839867,5356300000.0,10333300000.0,25623000000.0,-20266700000.0,4922700000.0,24327000000.0,460500000.0,866100000.0,-0.5098659377204972,1.9291861919608686,0.20235540757183376,0.16675299050437786,2.42966874699952,0.37481644640234957,0.79587732528909,0.047552447552447585,0.23680124223602483,1426500000.0,-1315400000.0,-1186400000.0,-534400000.0,0.06490449851233797,-0.24557997124880981,0.11943544003060381,0.0,-9.485262214588428,72618770432.0,0.045,,HMT.NS,,,,,0.3162934590168813,56.451612903225815,13.333333333333334,60.08629989212514,,47.41935483870968,,66.26637554585153,42.41119483315393,15.139949109414758,1.5358361774744027,69.93464052287581,98.24175824175823,35.21739130434783,,4.060913705583756,44.00657736052363,Q2 (Low)
2026-08-31,20.510000228881836,22.540000915527344,20.450000762939453,22.229999542236328,5750417,0.023480674263569812,-0.06948513561416791,,,0.2698090109281442,54.730984287202055,2.617075565003296,,0,15790980000.0,1963290000.0,-141950000.0,306370000.0,226260000.0,79650000.0,32370000.0,111680000.0,0.12432983893336576,-0.008989309086579807,0.005044018800606422,0.01940158242237024,24128680000.0,8500270000.0,14504050000.0,9407810000.0,18220560000.0,14435690000.0,1357930000.0,13306030000.0,0.903533340915686,0.352289060155798,1.2621883678577193,0.34044302696996126,-0.23324211147841556,-0.8797427264354627,0.05304159422870325,-0.3975037821482602,-0.19414487874164865,69164950000.0,1647590000.0,1274060000.0,2839590000.0,0.17513002494735758,0.0682834701276655,0.07114442195924968,1.0,3.631544949827342,11132111872.0,0.435,1.35,HMAAGRO.NS,,,,,0.43411758783027143,23.010752688172044,59.56989247311828,91.9093851132686,,79.03225806451613,,36.8995633187773,59.09580193756727,57.88804071246819,26.450511945392492,17.21132897603486,7.6923076923076925,38.80434782608695,73.02284710017575,84.0947546531303,50.31211950006773,Q3 (Medium)
2026-08-31,429.54998779296875,439.20001220703125,413.04998779296875,415.75,583383,-0.08626373626373629,-0.12749213011542493,,,0.23069024914295233,20.161262094930578,1.499422784559005,,0,2857673000.0,2843938000.0,353492000.0,674700000.0,458636000.0,325196000.0,-60624000.0,150289000.0,0.9951936418197603,0.12369924760460696,0.11379748487668113,0.2361011914239313,17387517000.0,4585422000.0,8235601000.0,7388786000.0,5088030000.0,4312935000.0,1099388000.0,,0.6205920701993535,0.26371919578856484,1.1797140462353362,,0.08889161545153201,1.828849047904869,0.17763708802711276,-0.1870709696772742,-0.1751410219106605,10531929000.0,754471000.0,1286089000.0,2363419000.0,0.10211027900929869,0.04339153198239864,0.10740493233456443,1.0,1.3411829992747095,11795525632.0,0.834,0.12,AWHCL.NS,,,,,0.3963504044528727,10.21505376344086,10.53763440860215,73.13915857605178,,90.86021505376344,,37.77292576419214,1.9375672766415502,92.23918575063614,22.18430034129693,91.06753812636165,58.681318681318686,4.021739130434782,7.5571177504393665,73.09644670050761,44.88734675491247,Q2 (Low)
2026-08-31,1814.0,1998.0,1740.0,1965.300048828125,3832163,0.13693166526972456,0.5220725860812232,,,0.5022239988309096,68.64509577913168,1.9753808429179927,,0,4798910000.0,1616200000.0,485510000.0,687850000.0,604710000.0,411510000.0,151130000.0,42070000.0,0.33678481155095635,0.10117089088980623,0.08575072255991464,0.14333463223940437,12643940000.0,2129230000.0,5426890000.0,7217050000.0,10174270000.0,4959160000.0,712220000.0,4632890000.0,0.2950277467940502,0.16839924896828046,2.0516115632486147,1.1174029472733285,0.1493239003501443,0.2622231764922398,0.3999684935543064,0.6950611690077029,0.5446542857784464,16032050000.0,1129460000.0,1397320000.0,2022520000.0,0.15649884648159568,0.0893281682766606,0.1495054716956907,1.0,2.7198480062385615,131305144320.0,,,AVALON.NS,,,,,0.20866437902182142,97.41935483870968,88.17204301075269,85.11326860841424,,15.806451612903231,,73.47161572052401,87.08288482238966,,60.238907849829346,64.27015250544662,69.78021978021978,61.41304347826087,,52.115059221658214,63.6588667632739,Q5 (Highest)
2026-08-31,7.119999885559082,7.539999961853027,7.0,7.239999771118164,1001864,-0.053594812959224525,-0.09386733685663684,,,0.2598586199037096,54.31034305574681,1.1824635361905047,,0,466800000.0,273800000.0,-34100000.0,44300000.0,-1400000.0,-7800000.0,0.0,6400000.0,0.5865467009425879,-0.07305055698371894,-0.016709511568123392,0.09490145672664953,,,,,,,,,,,,,-0.2643026004728133,-1.0906976744186045,0.14580265095729006,-0.7752161383285303,1.914473684210526,2068600000.0,47700000.0,-24300000.0,275200000.0,,,,0.0,,4773041664.0,-0.166,,HLVLTD.NS,,,,,0.25480274666228125,16.236559139784944,18.494623655913976,61.70442286947141,,82.25806451612902,,26.52838427947598,58.34230355220667,4.770992366412214,,14.052287581699346,6.7032967032967035,14.728260869565219,,,36.921279702263696,Q1 (Lowest)
2026-08-31,433.0,485.0,413.45001220703125,467.04998779296875,2846364,0.1157429072695042,0.42806911856123864,,,0.5325142514020886,71.01006720544177,1.8357925310895848,,0,3916907000.0,2110839000.0,332286000.0,435049000.0,339072000.0,181870000.0,51046000.0,86587000.0,0.5389045489208705,0.0848337731786841,0.04643204446773947,0.11106952501042276,13817992000.0,3476045000.0,7635507000.0,5339228000.0,7163288000.0,6037265000.0,343593000.0,3557557000.0,0.6510388767814373,0.25155934378888045,1.1865121044048919,0.5972457727133065,0.1994202103276299,5.420829655781112,0.17375561570142928,-0.33481826095225553,-0.1979909632057576,13529794000.0,477685000.0,1032964000.0,1418481000.0,0.08946705403852392,0.03456978409019198,0.11717890075554098,1.0,1.6988632212263548,32438833152.0,0.487,0.24,HLEGLAS.NS,,,,,0.4225688921292299,94.94623655913979,84.73118279569893,81.66127292340884,,12.043010752688176,,54.366812227074234,89.8815931108719,64.3765903307888,22.35494880546075,96.29629629629629,77.36263736263737,44.130434782608695,18.629173989455182,74.45008460236888,61.01535163589986,Q5 (Highest)
2026-08-31,162.0,167.49000549316406,162.0,163.42999267578125,3532383,-0.09109618544694564,0.04221534648286851,,,0.38603903602978695,32.19873440391619,0.2505068275870236,,0,704216000.0,469557000.0,103331000.0,175510000.0,104539000.0,53946000.0,33043000.0,17550000.0,0.6667797948356754,0.14673196860054302,0.07660433730559942,0.24922750974132937,,,,,,,,,,,,,0.10334584139568048,0.12983014639663226,0.4295522042658233,-0.11335732952024058,0.4522001025997451,2378757000.0,161399000.0,315943000.0,556941000.0,,,,0.0,,43425120256.0,0.143,0.12,AVANTEL.NS,,,,,0.1864777040742114,54.946236559139784,9.13978494623656,4.53074433656958,,39.56989247311829,,58.515283842794766,11.948331539289558,22.709923664122137,,56.97167755991286,61.75824175824176,39.45652173913044,7.5571177504393665,,37.80691707793301,Q1 (Lowest)
2026-08-31,565.0,593.5,555.0,560.4500122070312,16477,-0.14245272331858672,-0.06925186501089742,,,0.3137249347921557,17.169276294384048,1.3006164633562372,,0,2236880000.0,1087450000.0,92520000.0,296150000.0,136450000.0,81120000.0,19340000.0,35990000.0,0.4861458817638854,0.04136118164586388,0.03626479739637352,0.13239422767426057,8392970000.0,1824820000.0,3166590000.0,5226380000.0,3820660000.0,1901070000.0,63280000.0,1407730000.0,0.34915562970928254,0.21742243806423708,2.0097418822031803,1.2692483706544209,0.021038073023886383,8.487719298245613,0.06399535755396357,-0.16508851379168377,-0.2105824336931894,8885640000.0,209790000.0,337550000.0,1154720000.0,0.040140594445868844,0.024995919203809856,0.04787128432039937,1.0,2.2586003524378144,10544053248.0,,0.89,HITECHGEAR.NS,,,,,0.37876739765806944,23.118279569892472,3.010752688172043,66.77454153182309,,64.08602150537635,,35.58951965065502,1.2917115177610334,,58.703071672354945,97.60348583877996,39.23076923076923,32.28260869565218,59.05096660808435,57.1912013536379,45.86219532419723,Q2 (Low)
2026-08-31,321.0,324.0,316.3999938964844,322.29998779296875,44638,-0.015577294436749822,1.3498102886242815,,,0.7015692977313233,48.747109864763225,0.5638492841226839,,0,1660006000.0,684343000.0,113436000.0,249194000.0,149038000.0,88872000.0,13526000.0,46640000.0,0.4122533292048342,0.06833469276617073,0.05353715588979799,0.15011632488075344,4888448000.0,1373486000.0,2042013000.0,2846435000.0,1641974000.0,1313101000.0,52877000.0,717116000.0,0.4825284961715268,0.28096565617553876,1.250455220123966,0.7043311976763402,0.14392132054902507,-4.395949560565533,0.11191743440045765,7.784422259563112,0.6101340087616143,6404021000.0,151884000.0,348583000.0,774898000.0,0.05335937760742824,0.0310699837658087,0.08260415301613466,1.0,2.3065608962190045,5535728128.0,0.775,0.31,HITECHCORP.NS,,,,,0.2962614234072515,100.0,36.45161290322581,19.41747572815534,,2.1505376344086073,,27.838427947598255,43.91819160387514,88.74045801526718,25.597269624573375,4.139433551198257,68.9010989010989,28.47826086956522,23.550087873462214,65.65143824027074,42.322286192846605,Q2 (Low)
2026-08-31,897.1767466646148,921.4515397772185,874.0885752236553,906.5499877929688,2378662,-0.002633136110567924,-0.32451968904716033,,,0.3857106741035937,24.998744307637537,0.8125134031970956,,0,14677168000.0,3677501000.0,1496793000.0,1992466000.0,1841931000.0,1251059000.0,448411000.0,11387000.0,0.2505593040837306,0.10198104975019705,0.08523844654500105,0.13575275557246466,42603962000.0,132346000.0,5524011000.0,32860536000.0,28329338000.0,5078699000.0,422309000.0,9416420000.0,0.004027505820355456,0.003106424702941947,5.578069895459447,3.7239690716067244,0.0608548743002193,-0.16252086068177363,0.07475680216902592,-0.07473236176184539,-0.0016915166631427114,58395526000.0,6045535000.0,6701689000.0,9300694000.0,0.18397554440377967,0.14190076969836748,0.20312529835980986,1.0,3.248041003792088,123513479168.0,0.168,1.1,AVANTIFEED.NS,,,,,0.5751378232708964,0.8602150537634409,45.16129032258064,37.75620280474649,,39.784946236559136,,72.70742358078603,4.951560818083961,25.890585241730278,89.93174061433447,36.81917211328976,50.76923076923077,76.41304347826086,66.4323374340949,11.505922165820643,43.93224470888543,Q2 (Low)
2026-08-31,84.98999786376953,87.0,83.52999877929688,83.91999816894531,2410384,-0.004861895567496499,-0.007803306311434111,,,0.40487520646172026,36.47340888205259,1.1634061074922237,,0,14803589000.0,798382000.0,386983000.0,465667000.0,389529000.0,175987000.0,56238000.0,157304000.0,0.05393165130428844,0.026141160768513635,0.011888130641832868,0.03145635831959399,20236161000.0,2675116000.0,6901325000.0,13334836000.0,12112626000.0,5587790000.0,216579000.0,5655811000.0,0.20061109113002965,0.13219483675782182,2.1676952784553465,1.1555221295002138,0.38404565420598313,0.012175763501466541,0.38404565420598313,0.012175763501466541,0.10530713195553765,42000743000.0,761646000.0,1464521000.0,1761382000.0,0.057117012912644746,0.037637870147405925,0.09147566463659604,1.0,3.4485178438736477,17011442688.0,0.775,0.03,HITECH.NS,,,,,0.21038986051777966,40.10752688172043,43.763440860215056,60.517799352750814,,35.05376344086022,,44.86899563318777,16.576964477933263,88.74045801526718,63.13993174061433,47.49455337690632,87.14285714285714,45.54347826086956,0.7029876977152899,43.14720812182741,47.78666433351498,Q3 (Medium)
2026-08-31,146.0,154.5,144.0,152.02000427246094,15917,-0.008155542279348671,0.014278084600555241,,,0.2653780123125422,49.01359645455305,2.4200266892653404,,0,720400000.0,137900000.0,23800000.0,38700000.0,30200000.0,7600000.0,3000000.0,19600000.0,0.19142143253747917,0.033037201554691836,0.010549694614103275,0.05372015546918379,1636800000.0,865500000.0,979400000.0,657400000.0,1271400000.0,714600000.0,2700000.0,544400000.0,1.316550045634317,0.528775659824047,1.7791771620486985,1.0173523649594178,0.05754550792718738,-0.437037037037037,0.2148397976391232,1.0,-0.2752808988764045,2619600000.0,33800000.0,101200000.0,143100000.0,0.05141466382719805,0.020650048875855326,0.06645216363516974,1.0,2.6318304007820137,820908032.0,0.659,0.66,HISARMETAL.NS,,,,,0.37359035039770694,47.096774193548384,41.29032258064516,90.50701186623516,,80.64516129032258,,8.842794759825328,44.88697524219591,82.06106870229007,49.658703071672356,27.5599128540305,49.34065934065934,20.869565217391305,49.82425307557118,92.72419627749578,52.35382656479221,Q3 (Medium)
2026-08-31,1342.595167404657,1388.699951171875,1286.0,1310.199951171875,485922,0.25991441676317684,0.48569422653714245,,,0.6542570874693361,59.63630128360991,0.28352800223688085,,0,2798150000.0,709810000.0,45670000.0,87860000.0,49320000.0,45050000.0,24350000.0,40860000.0,0.25367117559816305,0.016321498132694817,0.016099923163518753,0.031399317406143344,6620690000.0,2446440000.0,4562630000.0,2085720000.0,4454350000.0,3963380000.0,39140000.0,1491080000.0,1.1729474713767907,0.3695143557544606,1.1238765901831265,0.7476623488032942,0.008745840678613837,-0.6451917775852564,0.5121130079060141,-0.5490941847662897,-0.5658876426700924,9991250000.0,446910000.0,702410000.0,837250000.0,0.21427133076347735,0.06750202773426939,0.15498349572830614,1.0,2.063709069598486,45034508288.0,0.32,0.11,HIRECT.NS,,,,,0.31821194004789666,96.66666666666667,96.55913978494624,5.501618122977346,,4.086021505376351,,59.1703056768559,71.259418729817,41.98473282442748,17.747440273037544,21.568627450980394,34.61538461538461,34.45652173913044,6.6783831282952555,89.5093062605753,45.32023778523137,Q2 (Low)
2026-08-31,410.0,430.70001220703125,404.70001220703125,408.04998779296875,27776251,0.026928354159042378,0.1959260644614944,,,0.3372666489944426,53.200365870954904,1.3649849611235798,,0,117485400000.0,,,,50361400000.0,11747000000.0,4170200000.0,33952700000.0,,,0.09998689198828109,,,,,,,,,,,,,,-0.10162461747392859,0.04033086542208375,-0.007516777162784094,0.35866296553319454,,453996100000.0,40875100000.0,,,,,,0.0,,1116490432512.0,0.687,,ABCAPITAL.NS,,,,,0.46190260527000326,80.43010752688173,61.0752688172043,68.6084142394822,,56.344086021505376,,94.21397379912663,54.897739504843926,84.0966921119593,,50.108932461873636,16.153846153846153,96.52173913043478,,,60.83005331781055,Q5 (Highest)
2026-08-31,38355.0,38945.0,37755.0,37900.0,16244,-0.0002062981315077428,0.3356934843367416,,,0.43127023993163993,47.97687861271676,0.42546128339189043,,0,12044000000.0,4937000000.0,1590000000.0,2189000000.0,2054000000.0,1507000000.0,524000000.0,23000000.0,0.40991364995018265,0.13201594154765858,0.1251245433410827,0.18175024908668216,,,,,,,,,,,,,0.020072838146862004,-0.0563556668753914,0.08066397487662624,0.07719799857040743,0.06262135922330092,47369000000.0,5562000000.0,5921000000.0,8153000000.0,,,,0.0,,335314911232.0,0.513,0.29,HONAUT.NS,,,,,0.22626126353249096,91.50537634408602,47.31182795698925,10.463861920172599,,29.569892473118273,,85.69868995633188,42.08826695371367,68.44783715012723,,43.790849673202615,39.010989010989015,79.45652173913044,21.79261862917399,,50.60911545380233,Q3 (Medium)
2026-08-31,10.180000305175781,10.199999809265137,9.850000381469727,9.960000038146973,1500687,-0.03488368869407976,-0.27563636086203835,,,0.6034702792636145,43.181805045805284,0.20729569280168209,,0,839329000.0,175217000.0,107127000.0,128550000.0,114724000.0,59704000.0,22061000.0,32959000.0,0.20875842488464,0.12763409819034013,0.07113301220379613,0.1531580584014135,3616420000.0,882487000.0,1923578000.0,1692842000.0,2778893000.0,1581193000.0,32878000.0,1105369000.0,0.5213050007029598,0.2440222651130123,1.7574660398825444,1.0583932511717418,0.12800605309629853,-0.02458788740217943,0.16986988731000552,-0.11280184263318227,0.0010200982720625085,2562071000.0,193413000.0,330877000.0,413994000.0,0.11425342707706922,0.053481896461141126,0.1284795068901876,1.0,1.8659002549482637,6362342400.0,0.348,0.05,ABINFRA.NS,,,,,0.5592566685850727,1.3978494623655915,24.838709677419356,2.8047464940668827,,6.451612903225808,,28.602620087336245,30.6243272335845,47.32824427480916,48.4641638225256,45.42483660130719,66.15384615384615,33.26086956521739,2.460456942003515,67.85109983079526,33.71089220323351,Q1 (Lowest)
2026-08-31,567.4000244140625,577.0,548.7999877929688,564.5999755859375,2188826,0.04700969046998149,0.14118236601503287,,,0.3972441642633908,52.19846714803176,0.376945159605972,,0,38452000000.0,15868000000.0,5283000000.0,5552000000.0,4735000000.0,3299000000.0,1105000000.0,328000000.0,0.41267034224487675,0.13739207323416208,0.08579527722875273,0.14438780817642777,115757000000.0,6830000000.0,48663000000.0,67117000000.0,53598000000.0,37441000000.0,16408000000.0,,0.10176259367969367,0.059002911271024645,1.4315322774498545,,0.06426792139496262,-0.061717861205915825,0.17925598797804154,-0.1316135825217163,-0.016300496102055306,,,,,,,,2.0,,344288559104.0,,2.52,HEXT.NS,4004000000.0,3630000000.0,-374000000.0,,0.41478702248871874,72.58064516129032,67.95698924731182,7.982740021574973,,36.344086021505376,,86.24454148471615,52.42195909580194,,35.83617747440273,43.13725490196079,51.42857142857142,87.93478260869566,88.31282952548331,33.840947546531304,54.268101634523056,Q4 (High)
2026-08-31,2640.0,2644.800048828125,2521.199951171875,2545.0,2863922,-0.07018380431930249,-0.012205857409128829,,,0.3216906964674942,37.13624097440012,0.599086124600468,,0,10997200000.0,9530900000.0,8299000000.0,11132600000.0,10927400000.0,8371300000.0,2518900000.0,37200000.0,0.8666660604517513,0.7546466373258648,0.761221038082421,1.012312224929982,,,,,,,,,,,,,0.04584835141843624,0.34444158931037805,0.1358983628569952,0.11983144940137791,0.10659827836424718,,,,,,,,0.0,,1091262349312.0,0.554,2.12,HDFCAMC.NS,,,,,0.5293638882801904,38.70967741935484,13.978494623655912,22.54584681769148,,61.612903225806456,,93.99563318777294,17.545748116254035,72.7735368956743,,69.06318082788671,46.7032967032967,94.78260869565217,85.06151142355009,,54.45149586243971,Q4 (High)
2026-08-31,1352.0,1377.0,1328.0,1356.5999755859375,14090262,0.19128120592965714,0.19606375007614463,,,0.33026206883472586,78.75055445313411,0.6798611806899842,,0,345790000000.0,140370000000.0,109390000000.0,72310000000.0,61920000000.0,46240000000.0,14820000000.0,840000000.0,0.40594002140027186,0.31634807252957,0.13372277972179647,0.20911535903293907,,,,,,,,,,,,,0.01759806950943177,0.030303030303030276,0.1393785627203532,0.2032266458495966,0.11400400554614087,,,426300000000.0,,,,,0.0,,3670643048448.0,0.006,4.42,HCLTECH.NS,,,,,0.5376464868704288,80.75268817204301,93.54838709677419,27.72384034519957,,58.70967741935484,,98.90829694323145,95.47900968783638,12.022900763358779,,49.01960784313725,37.8021978021978,98.91304347826086,96.04569420035149,,63.261689583449716,Q5 (Highest)
2026-08-31,11.529999732971191,12.0,11.329999923706055,11.479999542236328,839189,-0.03529412518971309,-0.0026064887966055217,,,0.4017604239611668,37.41005269224436,1.0778163681863209,,0,52800000.0,13400000.0,-169100000.0,-84500000.0,-85300000.0,-131700000.0,0.0,46400000.0,0.2537878787878788,-3.202651515151515,-2.4943181818181817,-1.6003787878787878,4402400000.0,3329900000.0,7368100000.0,-2965700000.0,2499400000.0,7336300000.0,92700000.0,2700000.0,-1.1228040597498061,0.7563828820643286,0.3406894483595273,0.3403214154273953,0.2511848341232228,0.3507692307692307,0.13548387096774195,2.376923076923077,1.2533333333333334,216000000.0,-329200000.0,-595800000.0,-279200000.0,0.11100246147621134,-0.07477739414864619,-1.6359143327841845,0.0,-2.276428766127567,3779329792.0,0.802,,HCL-INSYS.NS,,,,,0.3099097518866373,41.612903225806456,24.516129032258064,56.20280474649406,,35.80645161290322,,23.580786026200872,18.622174381054897,90.07633587786259,2.7303754266211606,69.49891067538127,81.97802197802197,14.728260869565219,,2.5380710659898478,40.79274832787731,Q1 (Lowest)
2026-08-31,4.46999979019165,4.53000020980835,4.199999809265137,4.320000171661377,480368,-0.02262441242227664,-0.10559001244317934,,,0.2416083371783066,31.578964980115074,1.3721156964301309,,0,429263000.0,434319000.0,53173000.0,71715000.0,62946000.0,10706000.0,18326000.0,21166000.0,1.0117783270396004,0.1238704477208611,0.024940421140419743,0.1670654121133198,4182478000.0,,1848082000.0,1714329000.0,2755863000.0,1285513000.0,135014000.0,754471000.0,,,2.1437846213923937,1.5568819607425206,0.07511690055125464,0.5117198531488281,0.02483156743748527,-0.7029494187175717,-0.3803944946994635,1500719000.0,37407000.0,147191000.0,189507000.0,0.02182019903997424,0.00894374100712544,,1.0,1.4041726937954007,941406208.0,0.399,,BAGFILMS.NS,,,,,0.22970084836998306,13.225806451612904,32.043010752688176,69.03991370010787,,87.52688172043011,,10.043668122270741,10.979547900968784,53.56234096692112,62.28668941979522,74.29193899782135,54.505494505494504,32.065217391304344,,,46.63803399529435,Q2 (Low)
2026-08-31,684.0,685.0,652.5999755859375,675.8499755859375,790321,0.03546799899792741,0.11462027343670567,,,0.2884743997146178,68.11118286503088,0.6971278701527576,,0,6502900000.0,3332500000.0,622700000.0,1067600000.0,439500000.0,21700000.0,-27900000.0,427000000.0,0.5124636700548986,0.09575727752233619,0.0033369727352412,0.16417290747205093,39225400000.0,17353600000.0,25123300000.0,13319700000.0,11352100000.0,10171600000.0,5360500000.0,598200000.0,1.3028521663400827,0.442407215732663,1.1160584372173503,1.0572476306579102,0.030276624734624002,-1.2301166489925768,0.1145981523061892,-0.7051630434782609,-0.07854306922147414,25384300000.0,137600000.0,2216200000.0,4476600000.0,0.010330563000668183,0.003507931085470129,0.07225176293388713,1.0,1.1956240089329873,100905893888.0,,,HCG.NS,,,,,0.22952226822518415,68.9247311827957,63.763440860215056,28.694714131607334,,73.2258064516129,,70.19650655021834,86.43702906350916,,16.723549488054605,12.527233115468409,42.527472527472526,5.869565217391305,,92.2165820642978,50.740442043509546,Q3 (Medium)
2026-08-31,21.600000381469727,22.299999237060547,20.3799991607666,20.520000457763672,94541113,-0.12382577323155919,-0.0561177242961739,,,0.46368335165436153,29.27755702647879,0.975195730759159,,0,9922000000.0,3949700000.0,1655700000.0,2017900000.0,1966100000.0,589400000.0,330200000.0,1046500000.0,0.3980749848820802,0.1668715984680508,0.0594033460995767,0.20337633541624672,84917800000.0,10191500000.0,63646500000.0,21271300000.0,51770700000.0,44983500000.0,3814100000.0,1328500000.0,0.47911975290649844,0.12001606259229514,1.1508819900630232,1.1213489390554314,0.07227769852591526,6.30359355638166,-0.2777171143626702,-0.3456927175843695,-0.3425965140902427,,,,,,,,0.0,,53751484416.0,,,HCC.NS,,,,,0.37569375368126484,25.6989247311828,4.516129032258064,50.377562028047464,,22.365591397849457,,61.135371179039296,8.826695371367062,,19.624573378839592,96.94989106753813,53.40659340659341,72.3913043478261,,65.14382402707277,45.36243066450761,Q2 (Low)
2026-08-31,9.890000343322754,10.239999771118164,9.75,10.029999732971191,192084,-0.017629804554677553,-0.10366397595274757,,,0.29977758716718916,46.428577510673485,0.766619408789772,,0,250079000.0,94314000.0,70101000.0,72519000.0,70101000.0,16570000.0,5095000.0,,0.3771368247633748,0.2803154203271766,0.06625906213636491,0.28998436494067875,5390763000.0,2853828000.0,3062823000.0,2327940000.0,4972038000.0,84188000.0,70910000.0,1913000.0,1.22590272945179,0.5293922214721738,59.058749465482016,59.036026512091986,0.01565235049243574,-0.6512019534374605,0.13147678943082064,-0.5446175832027922,0.296556532932847,972389000.0,149749000.0,258525000.0,267885000.0,0.06432682972928856,0.02777881350005556,0.0498912726312718,1.0,1.915917709608083,1553527680.0,0.168,0.98,BAIDFIN.NS,,,,,0.35619793776748676,13.870967741935484,35.053763440860216,34.3042071197411,,70.0,,15.502183406113538,38.213132400430574,25.890585241730278,98.12286689419795,21.0239651416122,37.362637362637365,22.934782608695652,62.56590509666081,90.69373942470389,44.369249058621264,Q2 (Low)
2026-08-31,1026.300048828125,1034.699951171875,989.7999877929688,1025.300048828125,1163669,-0.07483005935599618,-0.003892515251278428,,,0.40654058797586357,37.41112245040612,0.6409627985736495,,0,4629600000.0,3312600000.0,2448100000.0,4200200000.0,4072000000.0,3094900000.0,965800000.0,11300000.0,0.7155261793675479,0.5287929842750994,0.6685026784171418,0.9072490063936409,,,,,,,,,,,,,0.010322327215590343,0.6540537651648763,0.03480185073425868,0.11684890476706,0.09420101078518206,,,,,,,,0.0,,,0.361,2.49,ABSLAMC.NS,,,,,0.26073671374795665,41.18279569892473,12.473118279569892,25.350593311758363,,34.73118279569893,,,18.729817007534987,48.918575063613225,,77.66884531590415,35.494505494505496,86.52173913043478,87.87346221441125,,47.92964228749039,Q3 (Medium)
2026-08-31,52.599998474121094,60.849998474121094,49.95000076293945,56.540000915527344,60173,0.08940268310656596,-0.10381992742461377,,,0.3888751790504742,67.87565338632622,3.3462023062304618,,0,-13267000.0,-21251000.0,-118445000.0,-114404000.0,-115003000.0,-99355000.0,-19264000.0,3616000.0,,,,,914335000.0,110886000.0,128978000.0,785357000.0,401808000.0,122615000.0,12482000.0,,0.1411918401440364,0.12127502501818262,3.2769889491497777,,-22.05873015873016,1.6573323704832972,-0.44300768294218906,0.38839591397548934,0.6647119596059543,-9603000.0,-108161000.0,-155391000.0,-111735000.0,-0.13772208053152898,-0.11829471692541574,-0.17338043365471195,0.0,1.143364849863562,403563584.0,,2.02,HBSL.NS,,,,,0.332186390960769,13.763440860215054,80.64516129032258,95.361380798274,,38.70967741935484,,4.039301310043668,85.79117330462863,,80.54607508532423,89.76034858387798,0.10989010989010989,6.41304347826087,84.00702987697716,37.7326565143824,51.12527857543677,Q3 (Medium)
2026-08-31,724.0,745.0,720.0999755859375,727.0999755859375,3782513,-0.043478323708008304,-0.07050178896013104,,,0.3239668698013494,48.85074550189488,0.9304567044808737,,0,6041200000.0,2936300000.0,600300000.0,843800000.0,697400000.0,637500000.0,154200000.0,22900000.0,0.48604581871151425,0.09936767529629875,0.10552539230616434,0.13967423690657485,29416700000.0,668700000.0,7281900000.0,22142400000.0,20249600000.0,5666200000.0,5282100000.0,5620800000.0,0.030199978322133104,0.02273198557282088,3.573753132610921,2.581765557163531,-0.3088188183607158,-0.7110154125113327,0.2702804996004877,0.418242491657397,-0.009973014196879015,33028307000.0,8148887000.0,10623609000.0,11407273000.0,0.36802184948334415,0.2770156747697736,0.465721030550916,1.0,2.849713496075358,201548431360.0,0.089,0.28,HBLENGINE.NS,,,,,0.3827636282153239,22.365591397849464,21.397849462365592,47.57281553398058,,61.075268817204304,,81.22270742358079,44.456404736275566,19.27480916030534,83.44709897610922,19.716775599128542,5.604395604395605,61.52173913043478,21.0896309314587,23.3502538071066,40.806356038679674,Q1 (Lowest)
2026-08-31,11575.0,11856.0,11456.0,11662.0,1431006,0.1483998030526834,0.13745526145143017,,,0.2392694322394293,71.67586075708579,0.560610563728378,,0,208702300000.0,70050900000.0,41263200000.0,52153300000.0,48105000000.0,32256300000.0,12346600000.0,3870900000.0,0.33564987065307855,0.19771320201071094,0.15455651423103628,0.24989326902482628,,,,,,,,,,,,,0.21991342041950057,-0.1191424170926727,0.6502654075130134,0.4592705524691916,0.5794840577603333,686100700000.0,117594000000.0,138672700000.0,176782300000.0,,,,0.0,,3204762304512.0,0.633,1.29,BAJAJ-AUTO.NS,,,,,0.482692968997305,72.04301075268818,89.46236559139786,18.985976267529665,,88.06451612903226,,98.47161572052401,90.52744886975242,80.02544529262087,,39.32461873638344,79.12087912087912,98.36956521739131,71.35325131810193,,68.38324620108673,Q5 (Highest)
2026-08-31,434.20001220703125,450.5,431.79998779296875,434.0,17060215,0.013663450162117785,0.021544042767571492,,,0.2716677638915762,47.75944244992673,1.4229081396329024,,0,94740000000.0,80850000000.0,7550000000.0,17390000000.0,9050000000.0,5770000000.0,1880000000.0,570000000.0,0.8533882203926536,0.0796917880515094,0.06090352543804095,0.1835549926113574,,,,,,,,,,,,,-0.13016173813406196,-0.6847252957407863,-0.07517588155535226,-0.33601841196777904,-0.23091891700646572,,,,,,,,0.0,,1078410674176.0,0.221,0.46,AMBUJACEM.NS,,,,,0.4610981335743085,49.56989247311828,55.16129032258065,70.98166127292342,,78.06451612903226,,93.77729257641921,41.227125941872984,31.87022900763359,,20.47930283224401,13.406593406593407,93.04347826086956,36.99472759226713,,52.30507398770364,Q3 (Medium)
2026-08-31,1.3700000047683716,1.5800000429153442,1.2899999618530273,1.4600000381469727,842236,0.2478633262388521,-0.08176100157393751,,,0.45890275860984636,78.04877694202068,1.9142132844080784,,0,33030000.0,10085000.0,-10883000.0,1604000.0,-4782000.0,-10640000.0,-6656000.0,12514000.0,0.30532848925219497,-0.32948834392976084,-0.322131395700878,0.04856191341204965,751318000.0,486259000.0,546342000.0,204976000.0,106546000.0,172383000.0,1650000.0,66913000.0,2.3722728514557803,0.6472079731884501,0.6180771885858815,0.22991246236577853,-0.23134206790626233,0.5651662253604002,-0.033419173592414864,-0.43999999999999995,-1.29753292524578,135113000.0,-50372000.0,-23255000.0,15587000.0,-0.24574584341581454,-0.0670448465230435,-0.033642683023863085,0.0,0.4356269915002702,224162288.0,0.838,,HAVISHA.NS,,,,,0.3085510607359347,18.9247311827957,96.02150537634408,83.71089536138079,,23.22580645161291,,1.9650655021834063,94.94079655543595,92.55725190839695,6.484641638225256,75.49019607843137,7.9120879120879115,8.478260869565217,,97.12351945854483,50.45565055300029,Q3 (Medium)
2026-08-31,1261.9000244140625,1301.5,1259.0999755859375,1288.0,6802315,0.08162575343151035,0.08692598943184437,,,0.21021127116310862,79.17495764494525,0.9304958830714165,,0,65181900000.0,20398500000.0,3468200000.0,5203200000.0,3997500000.0,2903800000.0,1025800000.0,74600000.0,0.31294730592388376,0.0532080224724962,0.04454917699545426,0.07982584122279344,,,,,,,,,,,,,-0.027890294100101465,-0.5984012391779382,-0.003877094425664307,-0.4392368151710021,-0.3698971868680141,242666300000.0,16619400000.0,17847300000.0,26696000000.0,,,,0.0,,808299397120.0,0.3,0.93,HAVELLS.NS,,,,,0.4804948467967329,64.08602150537635,79.13978494623656,47.680690399137,,94.19354838709677,,92.35807860262008,95.90958019375672,39.44020356234097,,22.875816993464053,24.945054945054945,86.73913043478261,60.72056239015817,,60.539231490668286,Q5 (Highest)
2026-08-31,524.0999755859375,553.0,518.4500122070312,537.4500122070312,3273405,-0.1648667199106063,-0.01916233190270067,,,0.4577353278482231,49.43181818181818,0.5120821989936041,,0,3414234000.0,2109601000.0,795645000.0,914241000.0,876013000.0,707451000.0,165212000.0,3350000.0,0.6178841286215297,0.2330376301097113,0.20720636019675276,0.26777338635840425,,,,,,,,,,,,,0.04585871092504368,0.11241955037840601,0.2826820117116544,0.8481294067550869,0.8662892884044984,12353691000.0,2229988000.0,2470799000.0,2911582000.0,,,,0.0,,70200819712.0,0.939,,BAJAJCON.NS,,,,,0.3174160371258041,36.774193548387096,1.935483870967742,15.426105717367852,,23.548387096774192,,65.72052401746726,45.532831001076424,96.18320610687023,,55.66448801742919,46.92307692307692,62.28260869565217,,,46.666060333004616,Q2 (Low)
2026-08-31,877.0,948.0,877.0,941.0999755859375,204283,0.040349326757783466,0.022250058607569123,,,0.2204050783327886,53.114934957129016,1.1136091119283809,,0,30904900000.0,9013300000.0,1994200000.0,3535900000.0,2023100000.0,1336900000.0,369900000.0,316300000.0,0.2916463085141838,0.06452698439406049,0.04325851240418186,0.1144122776647069,,,,,,,,,,,,,0.19896571656909634,1.6270387109451758,0.3779298660186816,2.1083468960706813,0.5177490664033997,106221200000.0,3803500000.0,6216600000.0,12147000000.0,,,,0.0,,209628397568.0,-0.172,2.13,HATSUN.NS,,,,,0.29126582083194175,49.78494623655914,65.6989247311828,58.144552319309604,,92.47311827956989,,81.55021834061135,54.35952637244349,4.580152671755725,,89.54248366013073,77.25274725274726,74.02173913043478,85.32513181019333,,62.18223605366255,Q5 (Highest)
2026-08-31,10.770000457763672,11.130000114440918,10.770000457763672,10.90999984741211,5862662,0.0018365016950268043,0.03412318958945626,,,0.32156007903496964,43.97162784783415,0.7908948308070479,,0,5651000000.0,2456400000.0,200000.0,1082200000.0,328400000.0,245000000.0,80800000.0,2000000.0,0.43468412670323836,3.5391966023712616e-05,0.04335515837904796,0.19150592815430897,,,,,,,,,,,,,0.03526609874507658,1.1624007060900263,0.1012374549352042,-0.2935409457900807,-0.1577554673515449,21780100000.0,885600000.0,84900000.0,4270100000.0,,,,0.0,,19311839232.0,0.486,,HATHWAY.NS,,,,,0.1969793265070352,52.58064516129032,48.70967741935484,36.353829557713055,,61.72043010752688,,46.50655021834061,32.29278794402583,64.05852417302799,,85.18518518518519,43.2967032967033,50.8695652173913,,,51.43825988537063,Q3 (Medium)
2026-08-31,402.54998779296875,434.5,402.54998779296875,426.3999938964844,585008,0.01354880324236385,0.03805019496490192,,,0.2695779682700416,53.86313396383522,1.0665908405761235,,0,4739100000.0,2157400000.0,605900000.0,839500000.0,711900000.0,472300000.0,181600000.0,58000000.0,0.4552341161823975,0.12785127977886096,0.09966027304762508,0.1771433394526387,20668800000.0,3721600000.0,6651900000.0,14016900000.0,11363300000.0,4375500000.0,330900000.0,3939800000.0,0.26550806526407406,0.18005883263663106,2.597028910981602,1.6966061021597532,0.157996334758705,0.4056547619047619,0.2706383891465802,-20.761506276150627,3.5353862776877367,16267900000.0,1552000000.0,1933100000.0,2781700000.0,0.11072348379456227,0.07508902306858647,0.10897764748992304,1.0,2.255873103421582,38821203968.0,0.576,0.35,HARSHA.NS,,,,,0.2747643836346511,53.97849462365591,55.053763440860216,55.55555555555556,,79.24731182795699,,56.98689956331878,57.15823466092572,74.68193384223919,71.67235494880546,71.45969498910677,71.53846153846153,64.02173913043478,26.713532513181022,48.56175972927242,59.10864909091829,Q5 (Highest)
2026-08-31,336.0,407.5,334.0,371.1499938964844,15988938,0.14611992591306744,-0.02867413025997878,,,0.347337981645644,71.40371330322407,5.910312816343246,,0,12380500000.0,3623200000.0,105700000.0,-62000000.0,-387900000.0,-675300000.0,155900000.0,131500000.0,0.29265377004159765,0.008537619643794677,-0.05454545454545454,-0.005007875287750899,42601355000.0,1588937000.0,26659576000.0,15941779000.0,27294538000.0,24501437000.0,2223101000.0,5335187000.0,0.09967124748122527,0.03729780425998187,1.1139974361503777,0.896247473158411,0.18100734522560336,0.9803519061583579,-0.03751817213579933,-3.0242805755395685,-1.0618700728470212,46083100000.0,-416700000.0,364200000.0,1743500000.0,-0.02613886442661136,-0.009781379019517103,0.02077496435399444,0.0,1.6542488331650482,42828025856.0,-0.14,0.87,BAJAJELEC.NS,,,,,0.308455213347801,33.33333333333333,89.24731182795699,99.89212513484358,,52.68817204301075,,58.29694323144105,90.31216361679225,5.979643765903308,16.552901023890783,83.44226579520696,75.38461538461539,61.6304347826087,58.34797891036907,33.50253807106599,57.240695128069206,Q4 (High)
2026-08-31,268.20001220703125,290.20001220703125,268.20001220703125,285.0,688719,0.4207377434122881,1.1428571428571428,,,0.5776979698534663,92.60499007900115,4.047774671203756,,0,422393000.0,125024000.0,18869000.0,53084000.0,36485000.0,27491000.0,-1296000.0,10290000.0,0.29598975361807606,0.04467166832783687,0.06508393841754007,0.12567443115771332,1755324000.0,374333000.0,793829000.0,961495000.0,896521000.0,571896000.0,20245000.0,289030000.0,0.3893239174410683,0.21325578639612972,1.5676294291269741,1.0622403374040035,0.1032628285160555,0.4965975284446622,0.08139528929851503,1.0969488939740657,1.2605288932419199,1506173000.0,110998000.0,98751000.0,207038000.0,0.11544313802983895,0.06323504948374203,0.07392493644391344,1.0,1.9154392579375659,6742055936.0,0.084,,BAFNAPH.NS,,,,,0.20775922706372862,99.67741935483872,99.24731182795699,97.73462783171522,,8.387096774193552,,29.694323144104807,99.35414424111949,18.638676844783713,41.29692832764505,73.74727668845316,61.53846153846154,11.304347826086957,,59.729272419627755,56.689992454599135,Q4 (High)
2026-08-31,753.0499877929688,756.8499755859375,728.2000122070312,731.0,170592345,-0.10586507135376055,-0.009807013835017031,,,0.22852627728413552,25.053520176910652,1.1448943540564942,,0,,,,,,,,,,,,,52621193200000.0,6643640400000.0,43460498500000.0,8167395600000.0,,,3650673900000.0,,0.8134343829261803,0.12625408121684326,,,0.0,0.0,0.30739743436163725,-0.07921679189833153,,,,,,,,,0.0,,11264177733632.0,0.414,1.78,HDFCBANK.NS,,,,,0.44956709284938123,39.67741935483871,6.559139784946237,59.22330097087378,,91.0752688172043,,99.89082969432314,5.059203444564048,55.025445292620866,,46.40522875816993,31.868131868131865,,80.14059753954305,80.8798646362098,53.053628677428385,Q4 (High)
2026-08-31,553.7000122070312,554.0,530.5,540.0,24016281,-0.02147318312980906,-0.09949379503492872,,,0.22786546464890098,34.229011377623394,1.1368473633454035,,0,337267900000.0,,,,,6111900000.0,190000000.0,,,,0.01812179575939483,,4138827800000.0,30990000000.0,3943207400000.0,195620400000.0,,,7743600000.0,,0.15841906058877295,0.007487627293892247,,,0.7020511340181212,0.22854730748356755,0.3965602342038683,0.2857413328845506,,1124326000000.0,20752200000.0,,,0.1060840280461547,0.005014028368128773,,1.0,,1172844969984.0,0.502,0.39,HDFCLIFE.NS,,,,,0.3272086263271265,15.591397849462366,32.68817204301075,58.89967637540453,,91.39784946236558,,94.86899563318777,14.854682454251883,66.34860050890585,,61.98257080610022,93.95604395604396,64.78260869565217,31.107205623901578,39.25549915397631,54.38222017081754,Q4 (High)
2026-08-31,1446.9000244140625,1458.800048828125,1378.0,1382.800048828125,624771,-0.013382771476994404,0.04844890084488451,,,0.3340825924804146,38.376676783077535,1.0434458300644938,,0,820000000.0,508400000.0,-1786100000.0,-1524800000.0,-1709800000.0,108400000.0,-812700000.0,206000000.0,0.62,-2.178170731707317,0.13219512195121952,-1.8595121951219513,202327600000.0,56364900000.0,165335700000.0,37008100000.0,176506700000.0,122850200000.0,12279800000.0,110604800000.0,1.5230422529122003,0.27858235851164154,1.4367636357124367,0.5364411291149709,0.014977101126377068,-1.1487989018531228,-0.5917554515582993,-1.267060852426706,10.073347857661583,6988700000.0,-2184900000.0,-3179000000.0,-4283700000.0,-0.05903842672279852,-0.010798823294498624,-0.03404624463174579,0.0,0.5809662151876461,152907038720.0,0.428,0.18,ABREL.NS,,,,,0.36344912557581216,56.344086021505376,38.387096774193544,54.0453074433657,,57.09677419354839,,75.764192139738,20.45209903121636,56.93384223918575,36.51877133105802,13.180827886710238,37.032967032967036,1.0869565217391304,13.093145869947275,93.57021996615906,43.56708576342226,Q2 (Low)
2026-08-31,190.25,201.5,189.36000061035156,197.5,15913243,0.06365794803136304,0.0017241590139278617,,,0.23787215696652333,63.64552291173876,1.07768718126244,,0,200481400000.0,22013300000.0,5763200000.0,7620600000.0,6450900000.0,3502800000.0,1270900000.0,1862000000.0,0.10980220608994151,0.028746806436906365,0.01747194502831684,0.03801150630432549,,,,,,,,,,,,,-0.06599834705969498,0.1992604765817585,0.09975814047381215,0.840866092074837,0.4933568489124045,771742400000.0,11476100000.0,16771500000.0,26756200000.0,,,,0.0,,255133974528.0,-0.162,0.51,AWL.NS,,,,,0.44009409188539816,43.763440860215056,74.19354838709677,56.09492988133765,,88.38709677419355,,83.62445414847161,79.1173304628633,5.089058524173027,,60.130718954248366,19.230769230769234,89.45652173913044,40.86115992970123,,55.996601926146695,Q4 (High)
2026-08-31,157.00999450683594,166.0,155.16000366210938,163.32000732421875,18609,0.03360555029418144,0.0019632351179064145,,,0.20560399512091826,59.86931294218082,0.5206355569549914,,0,14547000.0,9169000.0,-30537000.0,-30513000.0,-30537000.0,-33172000.0,3176000.0,,0.6303017804358287,-2.099195710455764,-2.2803327146490684,-2.097545885749639,53208933000.0,86330000.0,7053809000.0,46155124000.0,26639000.0,7878000.0,632000.0,,0.00187043154731856,0.0016224719259076291,3.3814419903528816,,71.3731343283582,-0.23817835243322694,-0.030781531081351177,-0.10195462667172017,-0.13912086671933188,45835000.0,-87199000.0,-81264000.0,-81166000.0,-0.0018892593593725368,-0.0016388037700361328,-0.0017573841860595474,0.0,1.2137952418628652,9022565376.0,0.046,,HEXATRADEX.NS,,,,,0.24181540765503262,43.87096774193549,62.795698924731184,16.396979503775622,,94.94623655913979,,33.624454148471614,72.1205597416577,15.330788804071247,81.39931740614334,33.66013071895425,99.45054945054946,20.97826086956522,,9.813874788494077,48.95918791049927,Q3 (Medium)
2026-08-31,2477.0,2500.800048828125,2401.0,2417.89990234375,26299,0.15516888644100568,0.43268188862186885,,,0.6323412815996764,40.60886104448951,0.06753582622517776,,0,772440000.0,601650000.0,157330000.0,264570000.0,194130000.0,969810000.0,49500000.0,30800000.0,0.7788954481901507,0.20367925016829785,1.255514991455647,0.3425120397700792,,,,,,,,,,,,,-0.22840875037458797,5.06813915655112,-0.08157660067772432,4.898370027977132,0.010619198594293167,3257380000.0,1361770000.0,648770000.0,1059280000.0,,,,0.0,,,0.425,0.45,HESTERBIO.NS,,,,,0.1842487053781158,95.3763440860215,90.32258064516128,0.4314994606256742,,4.516129032258064,,,24.97308934337998,56.48854961832062,,95.86056644880175,8.021978021978022,43.913043478260875,35.9402460456942,,47.05626841203346,Q2 (Low)
2026-08-31,1236.9000244140625,1272.0,1230.5,1238.0,25178334,-0.04519510773510238,-0.01678057436781999,,,0.22006200099266277,43.818675099811024,0.6144899855556087,,0,229981200000.0,,,,,76323100000.0,25047700000.0,202147000000.0,,,0.33186669171219213,,19859955500000.0,2852579800000.0,17620823900000.0,2230769100000.0,,,1355972500000.0,,1.2787427439262988,0.14363475285732638,,,0.04238502686400469,0.0039039121988049263,0.05315622376911455,0.021027059061180298,,893367000000.0,284893100000.0,,,0.12771070748648974,0.014345102636307519,,1.0,,3852222070784.0,0.416,0.08,AXISBANK.NS,,,,,0.38104432337892463,37.526881720430104,20.86021505376344,23.19309600862999,,92.68817204301075,,99.0174672489083,31.969860064585575,55.470737913486005,,46.62309368191721,45.27472527472528,99.56521739130434,4.569420035149385,92.04737732656514,53.253750917498365,Q4 (High)
2026-08-31,5425.0,5800.0,5388.0,5725.0,4958269,0.1859163132373478,0.14298292534727053,,,0.2202704849053378,79.75745759213696,1.3450819747556744,,0,129782800000.0,41419800000.0,17014700000.0,20797400000.0,18592400000.0,14600000000.0,3666000000.0,187200000.0,0.31914706725390424,0.1311013477903081,0.11249564657258126,0.1602477369882604,334525900000.0,7786100000.0,116415700000.0,216111900000.0,189045300000.0,99043300000.0,6867100000.0,26500900000.0,0.03602809470464144,0.023275028929000713,1.9087136636198512,1.6411448326136144,0.03935829939087765,0.15182833024338294,0.3017580074244144,0.25717926859721185,0.16448112520856895,474112400000.0,57417300000.0,61901400000.0,83688400000.0,0.2656831946783125,0.17163783133084762,0.27647142895425597,1.0,2.827961541991218,1145808355328.0,0.468,3.23,HEROMOTOCO.NS,,,,,0.7040795220029963,72.90322580645162,93.01075268817203,67.63754045307444,,92.58064516129032,,94.65065502183407,96.01722282023681,61.51399491094147,53.58361774744027,58.82352941176471,44.285714285714285,96.30434782608695,92.44288224956063,25.042301184433164,69.91976197113337,Q5 (Highest)
2026-08-31,334.29998779296875,368.0,333.3500061035156,361.79998779296875,2895980,0.08897092262416795,0.03914774097821749,,,0.2397253025491392,74.49662642545493,1.5366471891654507,,0,13380940000.0,2837380000.0,353740000.0,682720000.0,417830000.0,252190000.0,85780000.0,82340000.0,0.21204638837032375,0.0264361098697102,0.018846956940244856,0.05102182656823811,,,,,,,,,,,,,0.1559598155086428,0.053249248245907044,0.2762397636165599,-0.33922863281454696,-0.10371265031770205,47515680000.0,1243330000.0,1641390000.0,2758290000.0,,,,0.0,,33573591040.0,0.336,0.69,HERITGFOOD.NS,,,,,0.2037293197524698,54.40860215053763,80.43010752688173,74.64940668824164,,87.84946236559139,,54.91266375545851,92.14208826695372,45.10178117048346,,50.98039215686274,70.98901098901099,51.847826086956516,51.933216168717045,,61.016303821713024,Q5 (Highest)
2026-08-31,156.82000732421875,159.32000732421875,156.82000732421875,159.32000732421875,0,0.015941843407973888,0.015941843407973888,,,0.013068422761611681,100.0,,,0,2948000.0,,-93000.0,-93000.0,-93000.0,-809000.0,1039000.0,,,-0.03154681139755767,-0.2744233378561737,-0.03154681139755767,7540392000.0,174000.0,624700000.0,6915692000.0,202007000.0,1196000.0,309000.0,,2.5160171968329418e-05,2.3075723384142363e-05,168.90217391304347,,inf,-1.0309724349157734,0.8141538461538462,-116.57142857142857,-9.454545454545455,2948000.0,77211000.0,-6122000.0,-6093000.0,0.01116460941291197,0.01023965332306331,-0.0008852109048960752,1.0,1.3163218967926336,5088000000.0,0.48,,HERCULES.NS,,,,,0.34968390055468523,47.74193548387097,56.344086021505376,,,99.6774193548387,,27.183406113537117,99.89235737351991,63.74045801526718,98.80546075085324,14.596949891067537,99.78021978021978,18.913043478260867,,6.260575296108291,55.529060770603266,Q4 (High)
2026-08-31,1564.0,1644.0,1535.800048828125,1598.5,767640,-0.004608023103282899,-0.20752564605249202,,,0.44340031442592587,51.550300373754965,1.0783382422096448,,0,2730093000.0,2261720000.0,197943000.0,343867000.0,205719000.0,4260000.0,100908000.0,100675000.0,0.8284406428645471,0.07250412348590322,0.0015603864044191902,0.12595431730713935,14662112000.0,3880355000.0,7317730000.0,7275444000.0,8309898000.0,5425787000.0,178292000.0,789672000.0,0.5333495797644789,0.26465184551857196,1.5315562516552899,1.3860157061086253,-0.20446852002674998,-0.9846346398698633,0.01879557835390644,-0.9861485937245976,-0.12597444519849832,11589524000.0,719182000.0,1331290000.0,1889402000.0,0.0988505993586096,0.04905036873269008,0.11933614078202735,1.0,1.7674773934341792,67989782528.0,0.396,,AXISCADES.NS,,,,,0.34246676449517194,4.193548387096775,44.193548387096776,56.418554476806904,,26.66666666666667,,64.95633187772926,50.699677072120565,53.30788804071247,39.76109215017065,15.359477124183007,9.12087912087912,53.91304347826087,,68.35871404399323,42.463294721714426,Q2 (Low)
2026-08-31,46.9900016784668,48.5099983215332,45.29999923706055,46.869998931884766,61946,0.025826227634990317,0.009911637276126983,,,0.3168203089903717,53.32380431445326,0.569410183894259,,0,986293000.0,312842000.0,33859000.0,80516000.0,38330000.0,12610000.0,1481000.0,24239000.0,0.31718971948498065,0.03432955521330883,0.01278524738591879,0.08163497054120834,3288513000.0,783169000.0,1759640000.0,1528873000.0,2087557000.0,1534248000.0,50412000.0,964649000.0,0.5122524892518868,0.23815292808634175,1.360638566907045,0.7318947132406234,1.596601200505476,-1.302681164638391,0.20007860248194032,28.462616822429908,0.1076474391602813,2822453000.0,-43384000.0,-6402000.0,182081000.0,-0.028376457691384437,-0.01319258886919407,-0.0027689808403134545,0.0,1.7495247852144722,898345472.0,0.207,,AMDIND.NS,,,,,0.3130913150955263,46.12903225806452,60.967741935483865,20.06472491909385,,63.11827956989247,,9.388646288209607,55.113024757804084,29.70737913486005,32.081911262798634,11.76470588235294,97.47252747252747,19.34782608695652,,67.00507614213198,44.1440583806784,Q2 (Low)
2026-08-31,196.9499969482422,213.4499969482422,195.6999969482422,207.97999572753906,134942867,-0.031209228511390963,0.40736227801807146,,,0.5942014227812837,49.97339413683744,1.015679434759344,,0,19149800000.0,7434300000.0,3628700000.0,4452500000.0,3940000000.0,2286000000.0,858800000.0,624800000.0,0.3882181537143991,0.189490229662973,0.11937461487848437,0.23250895570710922,,,,,,,,,,,,,0.04981031949652426,0.2806722689075629,1.3915725846737934,-3.8073191698391255,-19.995307167235495,58209100000.0,4724800000.0,8125900000.0,10691700000.0,,,,0.0,,318264246272.0,0.926,0.05,HFCL.NS,,,,,0.3403342654112911,93.87096774193549,27.09677419354839,52.319309600862994,,7.41935483870968,,85.58951965065502,47.03982777179763,95.67430025445293,,65.57734204793029,47.69230769230769,85.10869565217392,2.460456942003515,,53.98992375909184,Q4 (High)
2026-08-31,45.0,46.599998474121094,41.36000061035156,41.61000061035156,4347,0.024624476359773828,0.05075763165859759,,,0.5356491755665471,46.109328466222145,0.40929587403642786,,0,104595000.0,-2502000.0,-4644000.0,-3397000.0,-3497000.0,-4078000.0,15000.0,566000.0,-0.023920837516133657,-0.04439982790764377,-0.03898847937281897,-0.03247765189540609,294651000.0,142603000.0,164365000.0,130286000.0,203337000.0,161865000.0,26202000.0,80206000.0,1.0945381698724346,0.48397256415216644,1.2562135112593829,0.7607018194174158,-0.40814155486269477,-0.7653624856156502,,,,,,,,,,,0.0,0.7487729551231795,391466880.0,0.159,,ABMINTLLTD.NS,,,,,0.2800393677748942,57.096774193548384,60.322580645161295,9.385113268608414,,11.50537634408603,,3.820960698689956,37.45963401506997,24.427480916030532,25.938566552901023,18.954248366013072,4.285714285714286,16.847826086956523,,88.15566835871405,33.87999624876623,Q1 (Lowest)
2026-08-31,135.3800048828125,141.9499969482422,135.10000610351562,138.0399932861328,2835231,0.00847449124737687,-0.07411632787698641,,,0.2795574883087053,56.24997495602277,1.7344238939599592,,0,2551000.0,2551000.0,-23764000.0,-17066000.0,-17411000.0,-17238000.0,-23551000.0,23378000.0,1.0,-9.315562524500196,-6.75735005880047,-6.689925519404155,11628453000.0,873666000.0,7291336000.0,4337117000.0,2004837000.0,6467670000.0,250355000.0,1305584000.0,0.20143934323192111,0.07513174796337914,0.3099782456433306,0.10811513265209882,-0.0015655577299412693,-0.4672723901353607,0.06915339480301763,-0.25822970007315293,1.3610957387935807,9878000.0,-86582000.0,-102764000.0,-50171000.0,-0.019963030741388808,-0.007445702364708358,-0.019721412309819848,0.0,0.05753008590222626,39358615552.0,0.281,,HEMIPROP.NS,,,,,0.31718394352456764,21.0752688172043,52.25806451612903,79.07227615965479,,75.80645161290323,,57.314410480349345,63.078579117330456,37.086513994910945,2.3890784982935154,27.124183006535947,30.87912087912088,6.195652173913044,,43.31641285956007,43.039734141060364,Q2 (Low)
2026-08-31,7.349999904632568,7.420000076293945,7.289999961853027,7.300000190734863,6999705,-0.025367100959862388,-0.08749997615814209,,,0.18300582913197308,44.68086833276011,2.5426050590154707,,0,610314000.0,12282000.0,-43064000.0,-29981000.0,-31489000.0,-23418000.0,-12212000.0,4141000.0,0.02012406728339838,-0.07056040005636442,-0.03837041260728084,-0.04912389360230963,857356000.0,180855000.0,208238000.0,649118000.0,663451000.0,196556000.0,159828000.0,15391000.0,0.2786165227277629,0.21094504499881028,3.3753790268422232,3.2970756425649688,-0.3173106931324351,-1.902149626319439,-0.5636244296073639,0.2610662358642972,0.39569852427726837,3703974000.0,16194000.0,305000.0,48874000.0,0.02494769826133307,0.018888303108626988,0.000367481833746399,1.0,5.912479180177196,2793516800.0,-0.166,,AXITA.NS,,,,,0.3812127178241329,17.956989247311828,30.215053763440856,91.2621359223301,,97.84946236559139,,20.52401746724891,33.3692142088267,4.770992366412214,81.22866894197952,9.368191721132897,5.4945054945054945,7.282608695652174,,50.08460236886633,39.960429504219896,Q1 (Lowest)
2026-08-31,153.10000610351562,157.75,153.10000610351562,156.27000427246094,240558,-0.0047130135676985985,0.014345104172980738,,,0.1952849646903324,41.23091192266202,0.5526878699179697,,0,6281100000.0,4941700000.0,378300000.0,731000000.0,441200000.0,305500000.0,104200000.0,31500000.0,0.7867570966868861,0.06022830395949754,0.0486379774243365,0.11638088869783955,,,,,,,,,,,,,-0.028024511776175265,-0.3242645432426454,0.02555268915521003,-0.3944499504459861,-0.2822778595974472,24460400000.0,1395900000.0,1851300000.0,3171500000.0,,,,0.0,,35415674880.0,0.389,4.48,HEIDELBERG.NS,,,,,0.18061212850424374,47.204301075268816,44.086021505376344,18.446601941747574,,96.98924731182795,,55.34934497816594,26.04951560818084,52.54452926208651,,30.610021786492375,24.835164835164836,54.78260869565217,96.30931458699473,,49.81377810579721,Q3 (Medium)
2026-08-31,661.0,698.0,652.4000244140625,674.0,7435066,0.31805440565205667,0.1648212017657309,,,0.3337404854987137,78.3335610242091,0.46922271632879975,,0,6807900000.0,3297100000.0,2474300000.0,2246400000.0,1750500000.0,1223400000.0,427400000.0,99700000.0,0.48430499860456233,0.36344540901012057,0.17970299211210505,0.32996959414797516,,,,,,,,,,,,,0.1286119261948575,-2.075327414960007,0.1109859982375403,0.16714367487120785,0.23070180244343397,26395500000.0,3588700000.0,8679200000.0,6903500000.0,,,,0.0,,130066857984.0,0.677,0.5,HEG.NS,,,,,0.21728424275397729,76.12903225806451,97.74193548387096,12.297734627831716,,57.204301075268816,,73.14410480349345,95.15608180839612,83.46055979643766,,8.60566448801743,66.37362637362637,75.8695652173913,40.070298769771526,,59.07019364681133,Q5 (Highest)
2026-08-31,251.0,261.95001220703125,239.10000610351562,247.9499969482422,275932,0.0723089630655207,0.06553502449504522,,,0.4268580677409656,58.2756995374523,1.1509566431312375,,0,3657700000.0,1722200000.0,189900000.0,355100000.0,211900000.0,90200000.0,44100000.0,77600000.0,0.4708423326133909,0.05191787188670476,0.024660305656560133,0.09708286628208984,10717300000.0,1878300000.0,4831800000.0,5885500000.0,4763800000.0,4156900000.0,47300000.0,2373300000.0,0.3191402599609209,0.175258693887453,1.1459982198272751,0.5750679592965912,0.12989620659829493,5.094594594594595,0.014280960567910839,3.4653465346534658,0.22448275862068967,13651200000.0,65500000.0,311300000.0,1033300000.0,0.01112904596041118,0.0061116139326136245,0.04009634457353358,1.0,2.1757765481977738,14563118080.0,0.417,,AYMSYNTEX.NS,,,,,0.3058771361985893,60.537634408602145,76.98924731182795,59.54692556634305,,30.215053763440864,,42.13973799126637,67.59956942949408,55.6615776081425,19.112627986348123,95.96949891067538,66.59340659340658,43.04347826086957,,53.80710659898477,54.74772429529342,Q4 (High)
2026-08-31,132.22000122070312,139.30999755859375,130.0,132.75,35722,-0.016229453103479785,0.15696359135036486,,,0.6899187939554823,65.28793870909604,0.15508339228439902,,0,507332000.0,108924000.0,90591000.0,98848000.0,98487000.0,60995000.0,28198000.0,9295000.0,0.21469964441430858,0.17856354418802678,0.12022699139813771,0.19483888262518428,1354799000.0,443803000.0,697426000.0,657373000.0,1045904000.0,692788000.0,13974000.0,418156000.0,0.6751159539561253,0.3275784821217022,1.5097028239519161,0.9061184662551892,-0.11540506940484974,1.091448360993005,0.09106471564857577,0.07485858283257274,0.1216030681598983,1764911000.0,125787000.0,199854000.0,217408000.0,0.19134798660729904,0.09284550697188292,0.18149142371428365,1.0,2.5346782068779206,1438765696.0,0.111,,HECPROJECT.NS,,,,,0.3067910829472707,75.3763440860215,35.6989247311828,1.6181229773462782,,2.688172043010752,,14.08296943231441,81.91603875134554,20.737913486005088,39.07849829351536,84.42265795206971,14.615384615384617,36.630434782608695,,75.4653130287648,42.15538494530464,Q1 (Lowest)
2026-08-31,6.980000019073486,7.460000038146973,6.53000020980835,6.989999771118164,97112,0.00865800061555344,-0.07661828102916957,,,0.3881775953921183,55.128197813152475,0.8088909662783509,,0,28022000.0,-29817000.0,-31108000.0,-31065000.0,-31108000.0,-31168000.0,60000.0,0.0,-1.0640568125044607,-1.1101277567625436,-1.1122689315537793,-1.1085932481621583,450909000.0,0.0,297600000.0,153309000.0,364234000.0,297600000.0,10328000.0,91418000.0,0.0,0.0,1.223904569892473,0.9167204301075269,inf,4.115378302970622,1.1984936450651187,-3.8311381596875282,-3.3810071280754195,172634000.0,-298000.0,-15346000.0,2447000.0,-0.0019437867313725874,-0.0006608872300175867,-0.1000984938914219,0.0,0.8085245581702737,154357424.0,0.555,,HEADSUP.NS,,,,,0.2588808442419412,20.43010752688172,52.68817204301075,37.54045307443366,,38.81720430107527,,1.4192139737991267,60.710441334768575,73.09160305343512,23.890784982935152,95.09803921568627,99.78021978021978,16.956521739130434,,5.245346869712352,45.04454052633921,Q2 (Low)
2026-08-31,1.6299999952316284,1.690000057220459,1.5700000524520874,1.5700000524520874,1292196,-0.07100591757714814,-0.22277224392250972,,,0.2102000737860623,28.00002098083496,1.8638558784104429,,0,4059000.0,4059000.0,-28203000.0,-18798000.0,-24656000.0,-24656000.0,0.0,0.0,1.0,-6.948263118994826,-6.074402562207441,-4.631189948263119,39398762000.0,24836372000.0,62397086000.0,-22998324000.0,32444252000.0,62397084000.0,34466000.0,28146868000.0,-1.07992095423997,0.6303845790890586,0.5199642342260737,0.06887155175392491,-1.0127130588390054,-0.050523721503388797,,,,,,,,,,,0.0,-1.7315878300947627,744186304.0,0.181,,HDIL.NS,,,,,0.48511062754046613,3.225806451612903,13.548387096774196,82.52427184466019,,94.3010752688172,,8.51528384279476,7.750269106566201,27.16284987277354,4.778156996587031,44.11764705882353,0.6593406593406593,14.728260869565219,,2.707275803722504,30.267908324802526,Q1 (Lowest)
2026-08-31,2309.699951171875,2515.0,2275.10009765625,2489.0,2098087,0.005209766097889368,0.17201113962758696,,,0.4805322345155082,61.72475606925424,0.7174213563975685,,0,1615390000.0,1504860000.0,445170000.0,779030000.0,610980000.0,359850000.0,144300000.0,98630000.0,0.9315768947436842,0.27558050996972866,0.22276354316914182,0.4822550591498028,22000420000.0,4743230000.0,6712060000.0,15288980000.0,9892990000.0,3026710000.0,245920000.0,3291130000.0,0.31023848549739746,0.21559724768890776,3.2685622342411396,2.181200048897978,0.01776724903760729,0.0426505954278098,0.3407506390890076,0.5043896321070234,0.6265711780181233,5842760000.0,1254810000.0,1679020000.0,2551400000.0,0.08207283939150944,0.05703572931789484,0.08381601430895542,1.0,1.7046539111526051,160743964672.0,,,AZAD.NS,,,,,0.2811686745962467,76.98924731182795,50.43010752688172,29.557713052858688,,19.46236559139784,,77.07423580786026,75.1345532831001,,80.2047781569966,50.326797385620914,38.02197802197802,60.652173913043484,,53.299492385786806,54.07689616249016,Q4 (High)
2026-08-31,179.57000732421875,187.17999267578125,176.0399932861328,178.77999877929688,137234,0.006021000647152608,-0.14360987026447425,,,0.3460224769116853,49.05886824644318,1.1405549588524722,,0,3194800000.0,699400000.0,-487500000.0,-287900000.0,-542600000.0,-578200000.0,-97100000.0,137700000.0,0.21891824214348315,-0.15259171153123827,-0.18098159509202455,-0.09011518717916614,19701500000.0,5760500000.0,12003700000.0,7617200000.0,11992500000.0,11066700000.0,238300000.0,4615700000.0,0.7562490153862311,0.29238890439814225,1.0836563745289924,0.6665763054930558,0.06009224541261582,1.4868817204301075,-0.0456731487289781,0.39358881658230893,1.5321020228671944,15949900000.0,-764200000.0,-289000000.0,771700000.0,-0.10032557895289608,-0.038788924701164886,-0.021603115632732085,0.0,1.3163647438012334,7153607680.0,0.512,0.56,HERANBA.NS,,,,,0.4112670390620675,8.709677419354838,50.86021505376343,59.115426105717376,,53.11827956989247,,30.67685589519651,44.994617868675995,68.19338422391857,15.358361774744028,88.45315904139433,50.32967032967033,2.9347826086956523,44.200351493848856,78.00338409475465,46.32987769864181,Q2 (Low)
2026-08-31,27950.0,28045.0,27600.0,27835.0,29047,0.06411445813044203,0.058971905165173366,,,0.17837091650484913,55.04941776059416,0.5359960873576263,,0,17095100000.0,8044700000.0,4617800000.0,5564400000.0,5373700000.0,3949300000.0,1363000000.0,61400000.0,0.47058513843148037,0.27012418763271345,0.2310194149200648,0.325496779779001,65019300000.0,1719900000.0,17277400000.0,47741900000.0,37706900000.0,14765700000.0,4423300000.0,9472600000.0,0.03602495920773995,0.026452145747493435,2.553681843732434,1.912154520273336,-0.00842787870351036,0.05045749547824241,0.06538741983933583,0.07598626852659107,0.10282226097986369,69290500000.0,15520200000.0,18161200000.0,21802200000.0,0.32508551188788043,0.23870143172873284,0.3671762855375259,1.0,2.7898148703538794,591474327552.0,0.056,1.89,ABBOTINDIA.NS,,,,,0.5157643075455939,58.924731182795696,74.40860215053763,17.583603020496223,,98.27956989247312,,89.8471615720524,60.495156081808396,16.666666666666664,70.4778156996587,50.76252723311547,29.450549450549453,90.54347826086956,81.81019332161688,24.873096446700508,57.608210065289384,Q4 (High)
2026-08-31,1793.1870871787455,1974.300048828125,1779.229957363939,1827.800048828125,217320,0.05593977929361027,0.07828800564358285,,,0.26643682135740443,52.85504475370266,3.444306552045289,,0,6642990000.0,2124260000.0,672280000.0,825350000.0,727430000.0,538940000.0,184290000.0,4200000.0,0.3197746797752217,0.10120141683187842,0.08112913010556994,0.1242437516841061,15203330000.0,140680000.0,4215630000.0,10987700000.0,11994560000.0,4053930000.0,381860000.0,2143110000.0,0.012803407446508368,0.009253235968698963,2.958748671042667,2.4300986943533807,0.18140865810412343,0.38880585476472707,0.25163732420903484,0.3616128950759203,0.29986613119143235,22756120000.0,1743480000.0,2153400000.0,2714200000.0,0.15867561000027303,0.11467750815117478,0.1935052541340249,1.0,3.293237402595352,27621668864.0,,1.75,AUTOAXLES.NS,,,,,0.3837193281683141,62.58064516129033,71.29032258064515,95.79288025889967,,80.10752688172043,,51.85589519650655,53.821313240043054,,77.13310580204778,70.69716775599129,75.49450549450549,64.45652173913044,79.96485061511423,16.920473773265652,63.341013899944,Q5 (Highest)
2026-08-31,2093.89990234375,2132.800048828125,2077.199951171875,2093.39990234375,19872,-0.004896158704756015,-0.04240436904599443,,,0.24885790995521773,48.06711752769865,1.1219358074962211,,0,1892500000.0,828200000.0,77400000.0,218500000.0,151600000.0,111000000.0,40000000.0,600000.0,0.4376221928665786,0.04089828269484808,0.058652575957727875,0.1154557463672391,,,,,,,,,,,,,-0.2845801988432314,-0.587667161961367,0.22167710283390352,0.1708860759493671,0.19008714596949883,8997900000.0,658600000.0,633100000.0,1125800000.0,,,,0.0,,21233504256.0,0.767,7.07,HONDAPOWER.NS,,,,,0.2473506631010542,29.677419354838708,43.54838709677419,58.36030204962243,,85.26881720430107,,48.03493449781659,42.19590958019376,88.23155216284987,,23.202614379084967,6.263736263736264,41.630434782608695,98.94551845342706,,51.02397505501691,Q3 (Medium)
2026-08-31,33.47999954223633,34.5,32.22999954223633,32.5099983215332,36664,-0.031864307658612145,-0.10784853055113064,,,0.3335992771590571,50.68491450571258,0.8971623962204986,,0,2194349000.0,128642000.0,68452000.0,85382000.0,72007000.0,45211000.0,18023000.0,8773000.0,0.058624220668635665,0.031194673226546916,0.020603377129162225,0.03890994550092077,2214711000.0,342885000.0,643543000.0,1571168000.0,1439734000.0,422676000.0,832000.0,507971000.0,0.21823573290698384,0.1548215545956109,3.4062355089950693,2.204437914620182,0.16118481280592678,1.520825202118762,-0.046857279371043226,-0.22593182324036498,-0.10194164545511919,8402978000.0,115164000.0,177044000.0,241659000.0,0.07329833601499013,0.051999561116552004,0.09249691622959239,1.0,5.445724476015155,1520289536.0,0.302,,INCREDIBLE.NS,,,,,0.2534785538914222,12.580645161290322,26.7741935483871,45.09169363538296,,57.41935483870968,,15.283842794759824,48.65446716899892,39.82188295165394,81.56996587030717,88.56209150326796,72.3076923076923,31.73913043478261,,44.50084602368866,47.62038708259476,Q3 (Medium)
2026-08-31,670.7999877929688,706.0,670.6500244140625,685.8499755859375,755249,-0.02432610615853792,-0.03767368620907796,,,0.3508111793699665,45.9341238104184,1.090204233432281,,0,5826440000.0,2996222000.0,1019654000.0,1266976000.0,985416000.0,611241000.0,205546000.0,168630000.0,0.5142457486904525,0.17500463404754876,0.10490814287970013,0.21745285285697613,34817059000.0,7543613000.0,13571012000.0,21246047000.0,13972919000.0,9375701000.0,85303000.0,6403077000.0,0.35505960238156303,0.21666427942693264,1.4903332561479936,0.8073894421334469,0.3478621249965588,0.2745977529214523,0.0334653595304526,-0.308087542788836,-0.12027040914102882,18194424000.0,1865040000.0,2980557000.0,3999321000.0,0.08778291792350831,0.05356684491932532,0.10352873219065456,1.0,1.6287252809032489,62192750592.0,,0.58,AARTIPHARM.NS,,,,,0.30017749357290396,30.64516129032258,30.967741935483872,57.28155339805825,,51.39784946236559,,63.864628820960704,36.81377825618945,,38.395904436860064,65.14161220043573,85.6043956043956,65.76086956521739,45.342706502636204,57.868020304568525,51.93894811849959,Q3 (Medium)
2026-08-31,2.619999885559082,3.1700000762939453,2.619999885559082,3.1700000762939453,79425,0.4541284308350457,0.9329268926491989,,,0.43911831522489786,100.0,0.3931489890915134,,0,0.0,-17541000.0,-19315000.0,-9410000.0,-9410000.0,-9420000.0,0.0,10000.0,,,,,1599273000.0,2675999000.0,4815696000.0,-3216423000.0,75899000.0,2122169000.0,5219000.0,0.0,-0.8319798111131527,1.6732596623590843,0.035764823630917236,0.035764823630917236,,-0.4799602517389864,,-0.48073424838763024,-0.4808275862068966,0.0,-64339000.0,-74262000.0,-64320000.0,0.020003276932169682,-0.04023015457648569,0.13741432652879962,0.0,-4.3704665807526295,283239040.0,-0.521,,IMPEXFERRO.NS,,,,,0.24865599390341442,99.35483870967742,99.56989247311829,8.522114347357066,,27.311827956989248,,2.7292576419213974,99.89235737351991,1.5267175572519083,0.3412969283276451,26.57952069716776,,14.728260869565219,,3.5532994923857872,38.940625603152114,Q1 (Lowest)
2026-08-31,1080.0,1132.9000244140625,1070.0,1097.699951171875,8863,-0.030694355021869457,0.10098557058644131,,,0.395403668795331,46.002928731018926,0.526260972625235,,0,2342900000.0,373300000.0,177700000.0,278500000.0,274400000.0,217000000.0,57400000.0,0.0,0.15933245123564813,0.07584617354560587,0.09262025694651928,0.11886977677237612,,,,,,,,,,,,,0.11185459377372808,-0.35146443514644354,0.24061424410908128,-0.09318846636021727,-0.0591216216216216,8726900000.0,927500000.0,656000000.0,1125300000.0,,,,0.0,,13699295232.0,0.193,2.94,IMPAL.NS,,,,,0.1882587890529385,66.77419354838709,27.526881720430108,16.936353829557714,,37.096774193548384,,41.26637554585153,37.244348762109794,28.30788804071247,,29.956427015250547,63.4065934065934,45.65217391304348,90.94903339191565,,45.67446955782667,Q2 (Low)
2026-08-31,1465.0,1466.0999755859375,1418.0,1444.0,1731957,0.09634805767694932,-0.054726353051865795,,,0.3185716151823221,62.26318036326043,0.6199955796552252,,0,20885000000.0,8403000000.0,3089000000.0,3780000000.0,3040000000.0,2130000000.0,836000000.0,74000000.0,0.4023461814699545,0.14790519511611205,0.101987072061288,0.18099114196791957,58119000000.0,2503000000.0,17540000000.0,40579000000.0,26391000000.0,14978000000.0,8904000000.0,11173000000.0,0.06168215086621159,0.043066811197715035,1.7619842435572173,1.016023501134998,0.354849172883555,0.9777158774373258,0.24211966218627334,0.18795315114333522,0.22211445198836088,,,,,,,,0.0,,387930849280.0,0.166,0.28,ASTRAL.NS,,,,,0.24879312346281082,26.021505376344084,81.93548387096774,23.516720604099245,,62.58064516129032,,87.33624454148472,76.21097954790098,25.508905852417303,48.634812286689424,83.33333333333334,85.82417582417582,84.8913043478261,21.0896309314587,28.08798646362098,55.664781876107256,Q4 (High)
2026-08-31,1482.9000244140625,1541.5,1453.800048828125,1472.199951171875,2551876,0.10539086312561263,0.020706779233113703,,,0.36518535931941426,67.11926973314701,3.0798522035590756,,0,7632900000.0,3764100000.0,1413900000.0,1649700000.0,1473000000.0,1032200000.0,328600000.0,112900000.0,0.49314153205203787,0.1852375899068506,0.1352303842576216,0.21613017332861692,43165300000.0,9575400000.0,15901600000.0,27175200000.0,17056200000.0,11830000000.0,342300000.0,8153400000.0,0.35235803232358914,0.22183096144356693,1.441775147928994,0.7525612848689772,0.08602364725467049,-0.21380150811181353,0.18667019060352597,0.10608658379768543,0.14634146341463405,26748100000.0,3741200000.0,4577400000.0,5853700000.0,0.13766963996585121,0.08667146990754147,0.12455306852133026,1.0,1.7589526772662298,79431229440.0,0.44,0.85,IMFA.NS,,,,,0.33600389477155207,49.24731182795699,83.44086021505376,94.60625674217907,,45.913978494623656,,68.12227074235808,84.39181916038751,58.396946564885496,37.03071672354949,34.967320261437905,57.58241758241758,72.06521739130434,57.46924428822495,57.52961082910322,60.05093138823213,Q5 (Highest)
2026-08-31,47.2400016784668,52.970001220703125,47.18000030517578,52.13999938964844,5928003,0.13249344814986364,0.17830507095250714,,,0.3947618760103463,75.62447202899565,1.7257166414157825,,0,918641000.0,823304000.0,61730000.0,323897000.0,82700000.0,3969000.0,22371000.0,56360000.0,0.8962195242755331,0.06719708787219382,0.004320512583261579,0.3525827826103995,17541483000.0,3425139000.0,5001060000.0,12540423000.0,1072665000.0,2092984000.0,161215000.0,196835000.0,0.2731278681747817,0.19525937459221662,0.5125051123181066,0.41845995956013043,-0.0023837035042070243,-1.0768381925891508,-0.026905611091043724,-0.9747652320975566,-0.25887968295590535,3738538000.0,6364000.0,179789000.0,1263322000.0,0.0005074788944519654,0.0003627971477668108,0.011261050503577638,1.0,1.1597455813741633,29504014336.0,,,IMAGICAA.NS,,,,,0.2746965694696169,77.52688172043011,87.41935483870968,78.85652642934197,,37.41935483870967,,53.05676855895196,93.32615715823465,,4.607508532423208,14.161220043572984,30.54945054945055,33.47826086956522,,49.57698815566836,50.66523144633722,Q3 (Medium)
2026-08-31,1878.0,1893.5,1783.0,1840.0,1413152,0.003764128801462041,0.6596014079870343,,,0.4697275233146314,58.399391353795416,0.4776247223041212,,0,4882433000.0,2458099000.0,1494719000.0,1684797000.0,1555226000.0,1059781000.0,350616000.0,144829000.0,0.5034578047461173,0.30614224506511406,0.21706001905197675,0.3450732452447376,19879592000.0,2876673000.0,6733880000.0,13145712000.0,16205147000.0,5182893000.0,1747613000.0,6163464000.0,0.21882975984868677,0.1447048309643377,3.1266605349560566,1.9374667777243326,0.8760902702875097,1.2637685864970343,0.19711134845257283,0.44217127009420953,0.3019556416246345,11628016000.0,1929708000.0,2900204000.0,3600467000.0,0.14679372254618084,0.09706979901800801,0.1810095063874698,1.0,2.434203046018248,174698807296.0,0.519,0.12,ASTRAMICRO.NS,,,,,0.2851502290692909,98.81720430107526,49.56989247311828,12.944983818770226,,20.967741935483872,,78.38427947598254,67.92249730893434,68.95674300254453,79.01023890784982,86.81917211328975,95.4945054945055,73.36956521739131,7.5571177504393665,44.67005076142132,58.96559950405374,Q5 (Highest)
2026-08-31,2.0999999046325684,2.190000057220459,2.0299999713897705,2.059999942779541,156384,-0.059360781298752,-0.13807537558156924,,,0.39582093378158756,42.857136775043394,1.2737584127143324,,0,,,,,,,,,,,,,,,,,,,,,,,,,,,,,,,,,,,,,,,677657664.0,0.213,,IL&FSTRANS.NS,,,,,0.25487970727570886,9.032258064516128,16.989247311827956,65.0485436893204,,36.88172043010752,,7.641921397379912,29.92465016146394,30.725190839694655,,,,,,,39.74956879295404,Q1 (Lowest)
2026-08-31,36.959999084472656,37.04999923706055,34.0,36.86000061035156,190232,0.28253308642658626,0.3712798274246798,,,0.48840851473462327,77.44549497196613,1.2936752151766662,,0,298100000.0,138800000.0,-15500000.0,122600000.0,105900000.0,100900000.0,0.0,5100000.0,0.46561556524656156,-0.0519959745051996,0.3384770211338477,0.4112713854411271,16291600000.0,26717200000.0,48190400000.0,-31898800000.0,6107500000.0,44602500000.0,197400000.0,2394600000.0,-0.8375612875719463,1.6399371455228462,0.1369317863348467,0.08324421276834258,-0.5219692110327132,4.668539325842697,-0.7079169116206153,0.37465940054495905,0.03285593934288111,1879200000.0,13200000.0,-252400000.0,95800000.0,-0.00041380866991861764,0.0008102334945616146,0.0487108229118419,1.0,-5.439837093962533,4833123328.0,-0.007,,IL&FSENGG.NS,,,,,0.27683192887239494,92.36559139784947,97.20430107526882,66.55879180151025,,18.172043010752688,,26.85589519650655,94.51022604951561,10.941475826972011,1.3651877133105803,95.75163398692811,3.4065934065934065,14.728260869565219,,3.3840947546531304,45.01627300596173,Q2 (Low)
2026-08-31,1858.0,1907.4000244140625,1686.4000244140625,1737.699951171875,1185614,-0.06720708121820262,0.05035053525661959,,,0.331710330312211,33.560257760597864,1.6965314894136476,,0,8936290000.0,4387810000.0,2606510000.0,2953430000.0,2610540000.0,1937410000.0,572030000.0,101100000.0,0.49101025145781974,0.29167697109203033,0.21680249857603098,0.3304984506993394,,,,,,,,,,,,,0.04194824940651909,-0.05936359046065409,0.23436921580869563,0.3108144680044924,0.2872509664962495,33063260000.0,7345760000.0,9862220000.0,11206560000.0,,,,0.0,,291496525824.0,,,IKS.NS,,,,,0.2759906446770735,56.98924731182796,14.946236559139786,78.31715210355988,,58.064516129032256,,85.04366812227074,14.101184068891282,,,43.4640522875817,45.16483516483517,81.30434782608695,,,51.82634930488171,Q3 (Medium)
2026-08-31,8250.0,8510.0,8008.0,8191.0,30568,0.013937006341530722,-0.011106737033896974,,,0.22706711517242165,56.05175775958274,0.47415741709474846,,0,5786100000.0,1843600000.0,553100000.0,657800000.0,601800000.0,448800000.0,132600000.0,20400000.0,0.318625671868789,0.09559115812032284,0.0775651993570799,0.11368624807728868,19891000000.0,1106600000.0,11163100000.0,8727900000.0,17399300000.0,9818100000.0,4477200000.0,10273300000.0,0.1267888037213992,0.055633200945151076,1.7721656939733756,0.7258023446491684,-0.05389407590300377,0.37710954280454123,0.2042332667332667,-0.2295278969957082,-0.3207352333746386,22755800000.0,1875200000.0,2334500000.0,2852700000.0,0.21485122423492478,0.09427379216731185,0.23737861609639535,1.0,2.315531647478759,204774998016.0,0.246,0.44,ASTRAZEN.NS,,,,,0.27742199537075923,39.247311827956985,55.376344086021504,12.62135922330097,,91.72043010752688,,81.33187772925764,62.970936490850384,33.969465648854964,49.14675767918089,70.04357298474946,20.32967032967033,59.2391304347826,34.885764499121265,36.37901861252115,49.81744264358633,Q3 (Medium)
2026-08-31,470.0,563.0,455.25,535.9500122070312,1248653,0.4335963714245108,0.3520434421272691,,,0.5693703602822922,79.00244018070939,5.093805995971801,,0,2728701000.0,487726000.0,155395000.0,204551000.0,157079000.0,90008000.0,31900000.0,35171000.0,0.1787392609157251,0.05694834281953208,0.03298565874384918,0.07496277532789411,,,,,,,,,,,,,0.06474840075137567,1.150471867160435,0.26387730941105847,2.057648537554778,0.7534095097677846,9161001000.0,183992000.0,374523000.0,560005000.0,,,,0.0,,4539981824.0,0.649,0.19,AARTISURF.NS,,,,,0.17586632792754148,92.04301075268818,99.35483870967742,99.56850053937433,,9.247311827956992,,25.76419213973799,95.80193756727664,81.67938931297711,,84.9673202614379,51.64835164835166,38.53260869565218,13.796133567662567,,59.493573001519536,Q5 (Highest)
2026-08-31,201.0,208.0,197.35000610351562,204.0500030517578,805371,-0.013679436215489948,0.26362403053345385,,,0.631155056493284,37.4023461146876,0.09691574184839387,,0,1653520000.0,737290000.0,175500000.0,311600000.0,227390000.0,164880000.0,29940000.0,22220000.0,0.44589118970438824,0.10613721031496444,0.09971454835744352,0.18844646572161208,7671740000.0,696990000.0,1578030000.0,6021260000.0,4137380000.0,1314890000.0,217510000.0,2011060000.0,0.1157548420098119,0.09085161905904006,3.1465597882712624,1.617108655476884,0.1357529466714289,0.7943192948090108,0.4725836472610365,-8.037131882202305,2.6207297234487568,5952930000.0,380870000.0,466780000.0,920550000.0,0.0632542026087563,0.04964584305516089,0.0694794031183716,1.0,2.41406369350369,15769127936.0,0.84,,IKIO.NS,,,,,0.2974194315667171,87.09677419354838,37.95698924731183,0.8629989212513484,,4.623655913978496,,43.44978165938865,18.51453175457481,92.8117048346056,79.18088737201366,80.28322440087146,67.58241758241759,37.28260869565217,,35.53299492385787,49.01190463329813,Q3 (Medium)
2026-08-31,133.2100067138672,164.0,133.2100067138672,144.86000061035156,1094951,0.10243536787734442,-0.10080698248222886,,,0.6549201713935078,62.381513910081644,1.7824911757838517,,0,60229000.0,48793000.0,-323187000.0,-318084000.0,-323187000.0,-255051000.0,-68425000.0,,0.8101246907635856,-5.365969881618489,-4.234687608959139,-5.281243254910425,4262341000.0,19705000.0,41878000.0,4307515000.0,1757781000.0,3969000.0,16933000.0,5998000.0,0.004574563292292656,0.004623046349412212,442.8775510204082,441.3663391282439,0.23324050943937102,-5.183632963716292,0.08856115237940321,2.3848838752488386,3.057763206572351,199160000.0,-124242000.0,-154745000.0,-135141000.0,-0.028843080058920282,-0.0291487705934368,-0.03576083490092947,0.0,1.7051048473127797,3266238208.0,,,IITL.NS,,,,,0.3776529822729354,14.946236559139786,83.11827956989248,80.69039913700108,,3.9784946236559193,,22.37991266375546,76.53390742734123,,99.31740614334471,3.485838779956427,80.65934065934066,3.5869565217391304,,12.18274111675127,45.39196754679455,Q2 (Low)
2026-08-31,3.930000066757202,4.070000171661377,3.5799999237060547,3.740000009536743,216916,0.008086245574475681,-0.1199999977560604,,,0.2872981137528738,50.0,1.410263587695082,,0,669000.0,-13905000.0,-39668000.0,-22381000.0,-39643000.0,-61112000.0,0.0,21469000.0,-20.7847533632287,-59.294469357249625,-91.34828101644246,-33.45440956651719,2033451000.0,769914000.0,1352470000.0,680981000.0,671816000.0,1150202000.0,1104000.0,158538000.0,1.1305954204302322,0.3786243189533458,0.5840852302465133,0.4462503108149699,-0.953769608181881,0.2088938123120747,-0.9242698664251755,-0.46055117137157286,0.11375964170191599,27928000.0,-211814000.0,-96275000.0,-24733000.0,-0.31104245199205266,-0.10416479177516448,-0.0663555943055838,0.0,0.135934576245014,176760992.0,0.207,,ASTRON.NS,,,,,0.3522973796120491,11.397849462365592,52.1505376344086,70.44228694714133,,73.65591397849462,,1.6375545851528384,47.30893433799785,29.70737913486005,6.143344709897611,60.67538126361656,0.7692307692307693,14.728260869565219,,88.83248730964468,40.496610733491714,Q1 (Lowest)
2026-08-31,339.29998779296875,339.29998779296875,333.29998779296875,334.1499938964844,1538933,-0.012850830438746352,-0.03243090200981247,,,0.09418010002612698,39.70227646881536,0.8041781999236456,,0,5130834000.0,1954255000.0,909223000.0,3156743000.0,2991466000.0,1840941000.0,551202000.0,598630000.0,0.3808844721930197,0.17720764304594536,0.35879956357972215,0.6152494896541186,,,,,,,,,,,,,-0.024670865666353237,0.6045114276077197,-0.00845172002764294,0.04995636923603386,0.11117982972255547,19780676000.0,5701069000.0,3313394000.0,10626889000.0,,,,0.0,,105192595456.0,0.773,0.9,IIFLCAPS.NS,,,,,0.20574385233992587,32.15053763440861,38.81720430107527,37.108953613807984,,99.35483870967742,,71.06986899563319,23.143164693218516,88.54961832061069,,76.79738562091504,25.494505494505493,80.32608695652173,59.666080843585235,,55.498549678930615,Q4 (High)
2026-08-31,33.25,35.5,33.25,35.29999923706055,48897270,0.23729401989057708,0.2482319087683067,,,0.6029057954874696,94.08602279179102,1.0812968163150807,,0,602039000.0,64532000.0,43485000.0,47247000.0,44090000.0,30775000.0,10944000.0,2371000.0,0.10718906914668319,0.07222953994674763,0.05111795083042793,0.07847830456166462,1188577000.0,136217000.0,229846000.0,958731000.0,1041200000.0,182800000.0,69881000.0,553035000.0,0.14208052102205937,0.11460511182699985,5.6958424507658645,2.670486870897155,1.0399803469775009,0.7972901944752673,0.37795686496210856,5.2385972025136835,1.4206885951429449,1200537000.0,64917000.0,100721000.0,113732000.0,0.06771138098173524,0.054617412250110846,0.0919870167350413,1.0,3.128394205844468,4373537280.0,0.536,,ATALREAL.NS,,,,,0.30397349205843044,85.80645161290322,95.26881720430107,56.63430420711975,,6.774193548387103,,25.109170305676855,99.46178686759957,70.86513994910942,90.10238907849829,80.3921568627451,96.26373626373626,26.6304347826087,,37.90186125211506,61.41402946232002,Q5 (Highest)
2026-08-31,610.7999877929688,622.0,602.4000244140625,611.75,7781641,0.12309525663730692,0.37255998035700566,,,0.3825679503972197,75.33989983706783,0.6269819218086643,,0,21728200000.0,,,,,6750700000.0,2155100000.0,17194700000.0,,,0.3106884141346269,,,,,,,,,,,,,,0.046783991983465834,0.15034762456546935,0.5576887232059646,2.250529661016949,,79020500000.0,19595600000.0,,,,,,0.0,,260170891264.0,0.293,0.65,IIFL.NS,,,,,0.39619858239457034,92.58064516129032,86.23655913978494,24.379719525350595,,40.645161290322584,,83.84279475982532,93.11087190527448,38.74045801526718,,58.71459694989106,47.14285714285714,94.1304347826087,49.12126537785589,,60.57635760335522,Q5 (Highest)
2026-08-31,825.0499877929688,875.3499755859375,808.0,869.7000122070312,6070837,0.07749487195812943,0.19079898853874466,,,0.24963963745153794,69.6293569631685,2.062618847619552,,0,13106800000.0,10189100000.0,1950300000.0,1785800000.0,1092900000.0,160600000.0,488000000.0,312100000.0,0.7773903622547075,0.1488006225775933,0.012253181554612873,0.13624988555558948,,,,,,,,,,,,,0.10850995449855372,-0.8854248412641792,0.3102345202631105,-0.7967603138445963,-0.04461801840359514,47566900000.0,2942000000.0,6480900000.0,8717700000.0,,,,0.0,,758093512704.0,,0.46,ASTERDM.NS,,,,,0.3917795678254929,79.35483870967742,78.27956989247312,86.29989212513485,,85.05376344086021,,91.70305676855895,87.94402583423036,,,16.99346405228758,62.747252747252745,77.82608695652173,36.99472759226713,,63.54644520795094,Q5 (Highest)
2026-08-31,32.2599983215332,33.75,31.75,32.959999084472656,138067,-0.010507423428057883,-0.007527853263834872,,,0.2364302360822653,45.15463649942071,0.8863142228880779,,0,65152000.0,38183000.0,27734000.0,31595000.0,30940000.0,23753000.0,7084000.0,103000.0,0.58606028978389,0.4256814833005894,0.3645782170923379,0.4849429027504912,,,,,,,,,,,,,0.4267694463910301,0.9570734118810249,0.7628182580697529,1.0874417787151769,0.9112576371665355,235554000.0,76445000.0,82237000.0,105812000.0,,,,0.0,,1462705408.0,0.212,,INDBANK.NS,,,,,0.17788331658944337,40.43010752688172,40.10752688172043,44.44444444444444,,88.9247311827957,,14.41048034934498,34.76856835306781,30.279898218829516,,82.89760348583877,89.23076923076924,24.456521739130434,,,49.33004342752154,Q3 (Medium)
2026-08-31,523.4500122070312,567.7999877929688,512.2999877929688,554.4500122070312,7994206,0.12286400060122693,0.05310976079833196,,,0.25270154286269,67.8563206212667,3.775336968230519,,0,10631000000.0,,1301000000.0,2032000000.0,1591000000.0,1162000000.0,365000000.0,64000000.0,,0.12237795127457436,0.10930298184554604,0.191139121437306,,,,,,,,,,,,,0.059497707793502164,0.4579673776662485,0.40696135521439913,-0.011904761904761862,0.1738879260543038,37694000000.0,4152000000.0,5055000000.0,7136000000.0,,,,0.0,,133361106944.0,0.716,0.41,INDGN.NS,,,,,0.217409199892194,57.634408602150536,86.12903225806451,96.97950377562027,,84.19354838709677,,73.68995633187772,85.57588805166846,86.1323155216285,,72.65795206971679,50.10989010989011,73.80434782608695,32.60105448154657,,66.6338598276898,Q5 (Highest)
2026-08-31,740.0,752.9000244140625,728.75,731.0,9597387,-0.0006152330296275155,0.15740150803180342,,,0.21549720256682328,53.522801271149994,0.8368757106840039,,0,23391900000.0,14412000000.0,5101300000.0,7528900000.0,5903100000.0,3579000000.0,1424000000.0,569800000.0,0.6161107049876239,0.21807976265288412,0.15300168006874174,0.3218592760741966,,,,,,,,,,,,,-0.15408872125527517,-0.40336078418297605,-0.03544125287612265,-0.3147616312464101,-0.17794204354377308,99875200000.0,21573600000.0,26742200000.0,38517800000.0,,,,0.0,,1040528900096.0,-0.154,0.44,INDHOTEL.NS,,,,,0.4754860800862503,75.48387096774194,46.88172043010753,40.45307443365696,,93.54838709677419,,93.44978165938865,56.189451022604956,5.597964376590331,,28.9760348583878,11.31868131868132,91.08695652173913,34.885764499121265,,51.858112478986264,Q3 (Medium)
2026-08-31,2770.89990234375,2810.0,2695.0,2735.0,4414495,0.022888753853788746,0.10106920840206901,,,0.17563540219501125,56.650405535239486,0.8457602450428908,,0,105214400000.0,45749500000.0,18645700000.0,24477700000.0,21435800000.0,15392500000.0,5363000000.0,478300000.0,0.4348216593926307,0.17721623656077495,0.1462965145455375,0.23264591158624676,,,,,,,,,,,,,0.14010788365556115,0.31321878305975503,0.17894019714291787,0.39961082771852285,0.3202073265447014,371133200000.0,47648300000.0,60075400000.0,80213900000.0,,,,0.0,,2621892198400.0,0.289,1.01,ASIANPAINT.NS,,,,,0.4690208959899514,66.88172043010752,59.24731182795699,41.10032362459547,,98.38709677419355,,98.0349344978166,64.04736275565124,38.104325699745544,,67.10239651416123,68.13186813186813,97.06521739130434,64.41124780316343,,64.16758703003761,Q5 (Highest)
2026-08-31,127.0,136.0,121.5,130.72000122070312,379284,0.027915413248977394,0.13275562818245423,,,0.416849857367145,69.70890046070501,1.6990088091968552,,0,3176061000.0,1079286000.0,284400000.0,401239000.0,343373000.0,205069000.0,81664000.0,56641000.0,0.3398190399995466,0.08954487964809241,0.06456708482614157,0.126332271326023,8974563000.0,3108783000.0,5036787000.0,3923452000.0,5284580000.0,4071460000.0,65203000.0,1782640000.0,0.7923591266058563,0.34639937342910176,1.2979569982266803,0.8601189745201967,0.14483837759043539,0.7280610095222044,0.11278738426059753,0.7303794584468952,0.5989630863523514,11596609000.0,793257000.0,1012749000.0,1513377000.0,0.20218343438380285,0.08838948481391239,0.144015238398603,1.0,2.1926768690575793,9488646144.0,0.762,0.38,INDOAMIN.NS,,,,,0.3672275301947595,71.50537634408603,61.39784946236559,78.4250269687163,,32.25806451612904,,34.71615720524017,88.05166846071045,87.91348600508906,27.815699658703068,79.30283224400871,69.12087912087912,50.97826086956522,30.316344463971877,79.86463620981388,59.44441876861856,Q5 (Highest)
2026-08-31,424.0,424.0,405.0,416.20001220703125,851597,0.052738094806191516,0.11896759926807055,,,0.2528539416331935,48.94983224236864,0.7695736080159864,,0,7027800000.0,2751800000.0,797400000.0,969200000.0,784600000.0,501700000.0,191100000.0,92200000.0,0.3915592361763283,0.1134636728421412,0.07138791655994764,0.13790944534562738,,,,,,,,,,,,,-0.02432319866722199,-0.09095850697590147,0.19012379129904655,-0.06937488406603598,0.30286328807635443,26775800000.0,1911800000.0,2626200000.0,3341100000.0,,,,0.0,,37986574336.0,,0.48,AARTIDRUGS.NS,,,,,0.20893788801887575,69.89247311827957,70.0,34.735706580366774,,84.08602150537635,,56.76855895196506,44.56404736275565,,,40.95860566448802,25.604395604395602,64.89130434782608,38.576449912126535,,52.00517086983865,Q3 (Medium)
2026-08-31,1186.5,1214.5999755859375,1115.5,1166.0,220758,0.05244153290515996,0.5137942226549821,,,0.4554577795461553,40.59792195016172,0.587644819029203,,0,2994600000.0,903900000.0,319400000.0,553300000.0,503700000.0,398300000.0,102600000.0,2800000.0,0.30184331797235026,0.10665865224069992,0.1330060776063581,0.18476591197488812,10673100000.0,19000000.0,2459800000.0,8213300000.0,4879800000.0,1940700000.0,55000000.0,909100000.0,0.0023133210767900844,0.001780176331150275,2.514453547688978,2.046014324728191,0.10192817191639691,0.5976734857601285,0.28105749486652987,0.47409326424870457,0.5221458046767538,10684800000.0,1111700000.0,1006000000.0,1643600000.0,0.13535363374039666,0.10415905407051372,0.12220157185719666,1.0,2.564629770169866,26376581120.0,,1.33,INDNIPPON.NS,,,,,0.3121022761400148,97.20430107526882,69.78494623655914,21.57497303128371,,24.086021505376337,,51.310043668122276,24.865446716899893,,68.94197952218431,76.47058823529412,61.20879120879121,54.45652173913044,72.23198594024605,10.490693739424705,52.17508617457206,Q3 (Medium)
2026-08-31,1106.5999755859375,1133.800048828125,1070.5,1120.5,241669,0.07636887608069154,0.1931636983601035,,,0.31288191138064303,59.41514471025498,0.86794355062873,,0,4253178000.0,2043555000.0,802634000.0,958639000.0,805478000.0,576667000.0,204356000.0,9480000.0,0.4804771867060349,0.18871394519580417,0.1355849672879903,0.22539357628577972,16289515000.0,211305000.0,4749848000.0,11539667000.0,8113884000.0,3673330000.0,321213000.0,1782309000.0,0.01831118696926003,0.012971841089191421,2.208863347425905,1.723660820018893,0.1854689276874708,0.5528433173022549,0.24137864608704818,0.6085775254885006,0.588834195173694,14805158000.0,1776255000.0,2372628000.0,3055155000.0,0.15392601883572551,0.10904284136145244,0.2019090846272121,1.0,2.3909511118041262,53484417024.0,0.526,0.31,INDIGOPNTS.NS,,,,,0.21206039756613565,80.0,77.84946236559139,43.042071197411005,,64.51612903225806,,60.91703056768559,70.39827771797633,70.16539440203562,64.16382252559727,75.2723311546841,76.15384615384615,65.65217391304347,23.550087873462214,19.289340101522843,59.39799780034094,Q5 (Highest)
2026-08-31,54.970001220703125,57.900001525878906,52.0099983215332,55.11000061035156,21470976,0.15076219070204777,-0.09269016978165723,,,0.5774271102949331,63.92665025410604,0.2117910611735173,,0,5384950000.0,977478000.0,-372254000.0,-169264000.0,-332750000.0,-318894000.0,-98647000.0,92535000.0,0.18152034837835077,-0.06912858986620117,-0.05921949136017976,-0.031432789533793255,24717544000.0,4392369000.0,9288238000.0,15225829000.0,12911907000.0,7398194000.0,453263000.0,3423135000.0,0.28848143506668833,0.1777024853278303,1.7452782395271063,1.2825795052143807,0.27023040565898215,-2.589011744657103,0.04608773154011958,7.394598294198168,-1.7099523521911282,17575953000.0,119402000.0,252674000.0,964168000.0,0.007842068894902209,0.004830657932681338,0.012879572323615043,1.0,1.7967195365364779,16338753536.0,0.364,,ASIANTILES.NS,,,,,0.18429793650564624,16.7741935483871,89.6774193548387,3.0204962243797198,,8.494623655913983,,43.995633187772924,79.76318622174381,49.36386768447837,48.122866894197955,6.64488017429194,83.07692307692308,2.8260869565217392,,51.26903553299492,42.201947500829625,Q1 (Lowest)
2026-08-31,5300.0,5508.0,5276.0,5333.0,3580710,0.019791567071421712,0.2692481024585238,,,0.33564815846106033,54.326123128119804,0.6906300402032874,,0,245841000000.0,26797000000.0,3794000000.0,13269000000.0,13269000000.0,-2376000000.0,-4000000.0,15653000000.0,0.10900134639868858,0.01543273904678227,-0.009664783335570552,0.053973909966197664,,,,,,,,,,,,,0.09562624786081009,-0.9063202302566731,0.10979645086877432,-1.0774572127139364,-0.7079628488423277,909907000000.0,-478000000.0,96992000000.0,62740000000.0,,,,0.0,,2062092992512.0,0.606,0.24,INDIGO.NS,,,,,0.3786482360332514,87.74193548387098,57.74193548387097,28.26321467098166,,56.774193548387096,,97.0524017467249,58.449946178686766,77.29007633587787,,16.55773420479303,59.89010989010989,10.108695652173912,18.629173989455182,,51.23329447899549,Q3 (Medium)
2026-08-31,722.8499755859375,748.0999755859375,684.25,691.9000244140625,844684,-0.11283497531124487,-0.15721859662397952,,,0.32229500598187705,12.32037444366739,1.2605638848155096,,0,3753278000.0,1807058000.0,1550160000.0,1581150000.0,1550160000.0,1400609000.0,424382000.0,,0.4814612719867806,0.4130149698476905,0.3731695334051994,0.4212717523189063,96149758000.0,62460369000.0,64168512000.0,31981246000.0,18432052000.0,15232272000.0,1293792000.0,,1.9530311295563656,0.6496154571704694,1.210065839160435,,0.08272340297866787,0.1289234189249424,0.2270839511072853,0.29786001808800844,0.2734111052498056,,,,,,,,0.0,,75316469760.0,0.0,1.45,INDIASHLTR.NS,,,,,0.3946780061588994,7.204301075268817,5.698924731182796,64.29341963322545,,61.505376344086024,,66.8122270742358,0.5382131324004306,11.577608142493638,23.208191126279864,56.86274509803921,56.92307692307692,75.76086956521739,75.39543057996485,95.76988155668359,46.770017665476985,Q2 (Low)
2026-08-31,535.0,687.7000122070312,529.0,634.9500122070312,29910779,0.3277856943154538,0.49734675957787955,,,0.4156943862530188,75.21808631181287,4.887418471649786,,0,13581100000.0,4169300000.0,1274100000.0,1612800000.0,1281400000.0,851200000.0,271300000.0,158900000.0,0.30699280617917546,0.09381419767176444,0.06267533557664695,0.11875326740838371,,,,,,,,,,,,,0.18393019038984582,0.18982387475538154,0.598397024727247,0.47752126366950187,0.47166712291267454,44807400000.0,3026500000.0,4349300000.0,5706200000.0,,,,0.0,,125175693312.0,-0.268,0.29,ASKAUTOLTD.NS,,,,,0.17366933099226686,96.7741935483871,98.17204301075269,99.35275080906149,,32.47311827956989,,72.92576419213974,93.0032292787944,2.926208651399491,,59.80392156862745,76.04395604395604,69.56521739130434,21.79261862917399,,61.52220142687778,Q5 (Highest)
2026-08-31,2094.0,2114.89990234375,2028.5,2101.5,1260662,0.002815376058795005,0.19305493309552846,,,0.2119842350527415,54.07633149751519,0.9317152018878145,,0,3219850000.0,1458150000.0,995009000.0,2189283000.0,2097788000.0,1627348000.0,431936000.0,35775000.0,0.45286271099585385,0.30902340171125986,0.505411121636101,0.6799332267031073,,,,,,,,,,,,,0.11870965769364128,0.5786344967008066,0.17505697649594087,0.7381813987071635,0.5876265259622064,,,,,,,,0.0,,348935716864.0,0.337,0.33,ANANDRATHI.NS,,,,,0.22800595575541818,79.89247311827957,49.24731182795699,47.78856526429342,,93.97849462365592,,86.35371179039302,57.58880516684607,45.29262086513995,,75.81699346405229,64.3956043956044,76.08695652173914,24.604569420035148,,60.06974043053306,Q5 (Highest)
2026-08-31,393.20001220703125,421.0,382.8500061035156,392.1000061035156,394118,0.13836540174760437,0.20725236558202198,,,0.5019580758317372,46.08215366146509,0.2406584104007202,,0,3512975000.0,802483000.0,331056000.0,492446000.0,440311000.0,229832000.0,94899000.0,115580000.0,0.22843401959877313,0.09423807456642874,0.06542375052484006,0.14017919284936556,28037800000.0,4169756000.0,13194202000.0,14843598000.0,24929262000.0,12295224000.0,377262000.0,2496561000.0,0.28091275444134234,0.1487190863762492,2.027556553666692,1.8245052713151058,0.2454845103948884,-0.6263763059971421,-0.10406580534294785,-0.9539664001509404,-0.9185135371716645,13055683000.0,1411106000.0,1259446000.0,2548806000.0,0.09506495662305056,0.05032869911333985,0.06624007526499533,1.0,1.799377700818181,20656521216.0,0.544,0.51,INDIANHUME.NS,,,,,0.18017370202375912,81.93548387096774,88.27956989247312,4.314994606256742,,15.913978494623663,,47.48908296943232,37.35199138858988,71.81933842239185,59.38566552901023,22.22222222222222,81.53846153846153,52.93478260869565,40.86115992970123,50.76142131979695,50.320543519508206,Q3 (Medium)
2026-08-31,7.019999980926514,7.539999961853027,7.0,7.25,1191505,0.025459663927607012,-0.02159242249755078,,,0.2954873558935846,51.818181030020824,1.668813573148542,,0,343876000.0,31135000.0,22666000.0,27416000.0,26895000.0,20843000.0,5299000.0,664000.0,0.09054135793134735,0.06591329432702486,0.060611964778001376,0.07972641300934058,680408000.0,87541000.0,338654000.0,341754000.0,273525000.0,256476000.0,12006000.0,214000.0,0.2561520860033826,0.12865956896450365,1.0664740560520283,1.0656396699886148,-0.28863642005444723,-0.14752556237218817,2.8612589548384197,1.2387755102040816,0.929617117117117,1039578000.0,59807000.0,46609000.0,57210000.0,0.17500014630406666,0.08789873134942564,0.10857102924562363,1.0,2.391573732231249,2208181248.0,0.271,,ASMS.NS,,,,,0.2255421804576814,36.02150537634409,60.86021505376345,77.77777777777779,,71.3978494623656,,18.340611353711793,51.23789020452099,35.68702290076336,14.846416382252558,37.36383442265795,6.043956043956044,23.26086956521739,,47.71573604060914,42.03691230559601,Q1 (Lowest)
2026-08-31,841.9500122070312,899.0,837.2999877929688,889.5,10596028,0.12147761787830214,0.10597604482318213,,,0.31857285640216604,64.1165693143387,0.8823808818420696,,0,103405200000.0,,,,,33566300000.0,10949800000.0,106568600000.0,,,0.3246094006877797,,,,,,,,,,,,,,0.04563026391230096,0.05785600605096053,0.10862950693126638,0.12576635677009973,,389031800000.0,119529300000.0,,,,,,0.0,,1198124433408.0,0.28,2.05,INDIANB.NS,,,,,0.5154619684020244,67.63440860215054,85.69892473118279,44.12081984897519,,62.473118279569896,,95.19650655021834,80.08611410118407,36.83206106870229,,51.4161220043573,46.37362637362637,98.26086956521739,84.53427065026362,,63.508456118363185,Q5 (Highest)
2026-08-31,486.3500061035156,510.0,480.54998779296875,502.1000061035156,5743926,0.07297786730556965,0.07171826276097248,,,0.4150718565784735,53.560047608700586,0.8321547382103512,,0,23870000000.0,8550000000.0,2120000000.0,3870000000.0,2630000000.0,1550000000.0,250000000.0,830000000.0,0.3581901968998743,0.08881441139505655,0.06493506493506493,0.1621281943862589,,,,,,,,,,,,,0.08253968253968247,0.13138686131386867,0.22473063109286806,0.6145833333333333,0.46037735849056594,85850000000.0,4680000000.0,7140000000.0,12530000000.0,,,,0.0,,182125068288.0,0.627,0.2,AARTIIND.NS,,,,,0.26810457337052174,61.505376344086024,77.20430107526882,40.1294498381877,,32.68817204301075,,79.14847161572052,56.512378902045214,79.64376590330788,,57.08061002178649,56.81318681318681,68.15217391304348,14.762741652021088,,54.90937520811099,Q4 (High)
2026-08-31,1820.0,1825.0,1748.0,1755.0,576749,-0.08816956173794843,-0.1024550111892214,,,0.2288941010097882,21.222898986512234,0.7656162590123576,,0,4143700000.0,3879930000.0,1416340000.0,2386080000.0,2322500000.0,1722380000.0,594530000.0,5590000.0,0.936344329946666,0.3418056326471511,0.4156623307671887,0.5758331925573763,48624160000.0,216280000.0,26428180000.0,22195980000.0,34385750000.0,17229470000.0,368110000.0,,0.009744106815738706,0.0044479945771813845,1.995752045768094,,0.02490724709374237,2.4310358565737054,0.1136583530423565,0.12177203483108756,0.12618408197363506,,,,7061220000.0,,,,1.0,,1055504400384.0,0.258,1.71,INDIAMART.NS,1634310000.0,1633400000.0,-910000.0,6966860000.0,0.48564388153029037,14.408602150537634,10.10752688172043,34.19633225458468,,90.96774193548387,,93.5589519650655,2.6910656620021527,34.987277353689564,57.33788395904437,92.81045751633987,40.76923076923077,81.84782608695652,78.8224956063269,15.5668358714044,49.87148186749244,Q3 (Medium)
2026-08-31,234.10000610351562,250.0,233.7100067138672,239.41000366210938,8770,0.009361343403632594,0.044552119076209706,,,0.31297655193052243,37.998804015454496,0.4741837207783341,,0,1303000000.0,645900000.0,76900000.0,112900000.0,98200000.0,60100000.0,27000000.0,11100000.0,0.49570222563315425,0.059017651573292404,0.04612432847275518,0.0866462010744436,3330300000.0,856000000.0,1321300000.0,2009000000.0,2295700000.0,1247500000.0,94100000.0,1478700000.0,0.4260826281732205,0.2570339008497733,1.840240480961924,0.6549098196392785,0.14640154847791664,-0.21128608923884518,0.46059858760228667,1.65929203539823,1.1628352490421454,4171500000.0,131600000.0,122600000.0,276900000.0,0.06550522648083623,0.03951595952316608,0.04279232111692845,1.0,2.5721406479896705,1871776384.0,,2.72,ASPINWALL.NS,,,,,0.3118715910686583,55.80645161290323,53.01075268817205,12.729234088457389,,64.40860215053763,,16.921397379912666,19.91388589881593,,51.365187713310576,35.07625272331155,69.45054945054945,36.08695652173913,89.63093145869946,62.098138747884946,47.76655602895293,Q3 (Medium)
2026-08-31,1158.0,1186.0,1138.4000244140625,1143.5999755859375,537614,0.0967680340836905,0.08758913512690203,,,0.30797490973949593,50.09264122769274,0.5776893672675405,,0,9763500000.0,3693900000.0,1252700000.0,1801000000.0,1388700000.0,868800000.0,255800000.0,264100000.0,0.37833768628053466,0.1283043990372305,0.08898448302350591,0.18446253904849697,65229500000.0,16906100000.0,35901700000.0,29327800000.0,14978100000.0,20141100000.0,318700000.0,8906100000.0,0.5764530581905223,0.25917874581286077,0.7436584893575823,0.3014731072285029,-0.11434143686502174,0.2857777120023679,0.1310558142767777,0.3570759137769448,0.13334591907368942,42114100000.0,2927600000.0,4938700000.0,6997700000.0,0.09982337577315721,0.04488153366191677,0.1068198875716736,1.0,1.250356510474555,76651806720.0,0.253,1.09,INDIAGLYCO.NS,,,,,0.2586777632134097,64.19354838709678,82.04301075268818,20.819848975188783,,66.4516129032258,,67.13973799126637,47.57804090419806,34.541984732824424,8.361774744027302,66.01307189542483,14.835164835164836,68.69565217391305,66.25659050966608,71.06598984771574,51.86640191016002,Q3 (Medium)
2026-08-31,626.0,641.7000122070312,613.5,615.9000244140625,7738487,0.08334711104030212,0.22780779999212775,,,0.3967492469411177,56.38051392350269,0.48481967296941786,,0,6468100000.0,1987000000.0,1505500000.0,1960200000.0,1791500000.0,1466000000.0,254600000.0,38000000.0,0.30719995052642973,0.2327576877290085,0.22665079389619827,0.3030565390145483,68686630000.0,6805469000.0,10498880000.0,57887084000.0,36667706000.0,3759022000.0,8994555000.0,10575928000.0,0.11756455032352295,0.09907996650876597,9.754586698348666,6.941108086092606,0.008136037032996146,0.016291161178509483,0.19635623786183287,0.23567093728927846,0.2843664002096711,25116000000.0,5548500000.0,6068100000.0,7231500000.0,0.09585039730106287,0.08077991306313907,0.0937990497917125,1.0,2.206547160633736,221648207872.0,0.367,0.16,ANANTRAJ.NS,,,,,0.4194955365956479,83.97849462365592,79.56989247311827,14.023732470334412,,36.45161290322581,,82.42358078602619,63.509149623250806,49.55470737913486,94.53924914675767,48.148148148148145,33.956043956043956,68.58695652173913,11.599297012302284,35.70219966159052,53.46953764702186,Q4 (High)
2026-08-31,400.0,400.0,387.3999938964844,398.1499938964844,799699,0.07015188001575545,0.019720787421490193,,,0.25985687579767475,54.560130050862696,0.3978429043064442,,0,10194200000.0,7857600000.0,837800000.0,1338900000.0,619500000.0,268500000.0,89500000.0,261500000.0,0.7707912342312295,0.08218398697298464,0.026338506209413196,0.13133938906436993,,,,,,,,,,,,,-0.17029259756643467,-0.5487394957983194,-0.005191560786150684,-1.202016402076593,-5.2545281220209725,,,,,,,,0.0,,185078120448.0,0.236,,INDIACEM.NS,,,,,0.18789270160387217,48.924731182795696,76.45161290322581,8.845738942826321,,82.36559139784947,,79.25764192139738,58.66523143164694,33.078880407124686,,24.29193899782135,10.43956043956044,52.28260869565218,,,48.30690242132669,Q3 (Medium)
2026-08-31,645.0,663.7999877929688,604.7999877929688,620.5,174098,-0.09633732187006061,-0.07594936708860756,,,0.41836383610122746,26.818021204473695,0.910756589734412,,0,835643000.0,409453000.0,-117338000.0,613000.0,-110064000.0,-187174000.0,-309000.0,77318000.0,0.4899855560328992,-0.1404164218452138,-0.22398799487340887,0.0007335668461292682,,,,,,,,,,,,,-0.473187931606215,1.4128756139378393,-0.3008751160825588,0.16346751535343995,-0.9902934144062832,4579893000.0,-752079000.0,-440560000.0,40831000.0,,,,0.0,,13826128896.0,0.196,,ASTEC.NS,,,,,0.23173453758300822,20.75268817204301,7.849462365591398,45.9546925566343,,31.935483870967744,,41.70305676855895,6.7814854682454255,28.880407124681934,,87.90849673202614,3.9560439560439558,12.391304347826088,,,35.874208090841265,Q1 (Lowest)
2026-08-31,225.72000122070312,232.0,216.50999450683594,219.99000549316406,6829,-0.0784601023448499,0.08348115035220949,,,0.39428865433592397,44.883490112454275,0.2347463606043804,,0,112354000.0,79501000.0,-51434000.0,-24560000.0,-36803000.0,-33815000.0,-4730000.0,1742000.0,0.7075938551364438,-0.45778521458960075,-0.3009683678373712,-0.21859479858305,3665555000.0,31749000.0,235785000.0,3429770000.0,1355969000.0,144048000.0,67038000.0,124715000.0,0.009256888945905994,0.008661444174210999,9.413313617682995,8.547525824725092,0.079278777341236,4.582796764074624,0.09925740394681482,-1.193488398706835,-1.1101483594352655,420270000.0,37198000.0,-181769000.0,106672000.0,0.010845625216851276,0.010147985775687447,-0.052511339674865286,1.0,1.7882157817847502,1306987008.0,0.5,,INDIANCARD.NS,,,,,0.3416817099742908,63.97849462365591,11.612903225806452,3.9913700107874863,,37.526881720430104,,13.100436681222707,33.79978471474704,65.77608142493638,94.36860068259386,95.53376906318083,55.604395604395606,9.021739130434783,,15.059221658206429,43.29157856935984,Q2 (Low)
2026-08-31,478.29998779296875,532.4500122070312,471.04998779296875,492.8999938964844,840158,0.18046702689712824,0.11333961898422817,,,0.343756418960888,74.32730863651662,3.369877226799539,,0,5242738000.0,1432687000.0,462358000.0,715269000.0,511522000.0,280663000.0,123072000.0,107787000.0,0.2732707604309046,0.08819017849070467,0.053533668857760966,0.1364304300539146,23004700000.0,3616896000.0,9675819000.0,13328882000.0,8885164000.0,6468737000.0,270552000.0,2068587000.0,0.271357792799126,0.15722421939864462,1.37355468308574,1.0537724752142497,0.12670389438240304,-3.5852784583924393,0.09206235335679636,0.4805712055031546,0.38105747286228997,19249790000.0,22193000.0,255670000.0,1204918000.0,0.001665030870556135,0.0009647159058801028,0.015087533897823989,1.0,1.8473598786334966,15178781696.0,,1.01,IGPL.NS,,,,,0.19285549044184505,68.49462365591398,92.04301075268818,95.46925566343042,,53.87096774193548,,43.01310043668122,92.03444564047362,,32.593856655290104,4.793028322440087,65.82417582417582,57.826086956521735,64.41124780316343,49.23857868020304,57.97415854219448,Q5 (Highest)
2026-08-31,152.0500030517578,156.72999572753906,151.8000030517578,151.94000244140625,4779764,0.0011201038687469467,-0.03105666215808578,,,0.25987766514884897,43.039918036755395,0.5877247549564251,,0,41626900000.0,9519100000.0,2881300000.0,5872900000.0,4543600000.0,3405400000.0,1078500000.0,77600000.0,0.2286766489937997,0.06921726095385436,0.0818076772471647,0.14108425080897208,170283600000.0,977500000.0,55033400000.0,115044400000.0,55715800000.0,48234400000.0,1694500000.0,607200000.0,0.00849671952741724,0.00574042362270941,1.1551050702403265,1.142516544209112,0.02340258143822993,-0.1351365079365079,0.05447558541305697,-0.251790657819572,-0.15447962107142343,161675900000.0,15496300000.0,13259400000.0,25183200000.0,0.1346984294759241,0.09100289164664126,0.11428359645894438,1.0,2.03607170625944,212716240896.0,0.526,3.13,IGL.NS,,,,,0.41539375258590194,32.795698924731184,48.494623655913976,21.68284789644013,,82.15053763440861,,81.87772925764192,30.247578040904198,70.16539440203562,19.795221843003414,38.56209150326798,40.10989010989011,87.5,91.56414762741653,14.720812182741117,50.64443820522632,Q3 (Medium)
2026-08-31,65.98999786376953,67.80000305175781,63.619998931884766,64.69000244140625,26654,-0.05368633903127229,-0.15658402848360453,,,0.2758482846164404,33.812960828439174,0.8062889130981334,,0,131022000.0,51319000.0,14461000.0,15941000.0,14478000.0,8566000.0,3288000.0,2624000.0,0.3916823128940178,0.1103707774266917,0.06537833340965639,0.12166659034360641,581122000.0,149399000.0,200515000.0,380607000.0,549416000.0,190949000.0,12598000.0,317287000.0,0.3925282509254953,0.2570871520954292,2.8772918423243903,1.2156596787623921,0.2584232970917053,-2.486120749479528,-0.10922712933753942,-0.5979347570992725,-0.5229387999401467,472929000.0,24180000.0,43127000.0,49364000.0,0.06353009797507665,0.041609162964059185,0.08137077693460074,1.0,2.553192961202639,741541504.0,0.099,1.31,ATAM.NS,,,,,0.31429254161199843,7.311827956989248,18.387096774193548,37.32470334412082,,76.98924731182795,,8.406113537117903,14.316469321851452,20.10178117048346,75.59726962457339,6.753812636165578,82.63736263736263,21.195652173913043,71.8804920913884,59.89847715736041,40.053353715823185,Q1 (Lowest)
2026-08-31,16.56999969482422,20.110000610351562,16.559999465942383,19.989999771118164,646531,0.47418872806223855,0.06273260705362094,,,0.49114341443937815,88.46152717545519,1.9131393745655962,,0,913080000.0,736540000.0,377330000.0,248950000.0,248950000.0,295570000.0,-78980000.0,32010000.0,0.8066544004906471,0.4132496604897709,0.32370657554650195,0.2726486178648092,,,,,,,,,,,,,-0.12852425219997332,-1.0961387713414932,-0.2149735194992778,-1.1068783719282005,1.5875688597858852,4262150000.0,-7905650000.0,3182680000.0,471620000.0,,,,0.0,,1166722816.0,-0.551,,ABAN.NS,,,,,0.20340835531463647,60.10752688172043,99.67741935483872,83.49514563106796,,17.634408602150543,,11.899563318777293,98.92357373519914,1.2722646310432568,,13.943355119825709,13.516483516483516,3.369565217391304,,,43.589287067233194,Q2 (Low)
2026-08-31,1442.0,1460.0,1418.199951171875,1421.0,60239521,0.03786473345187691,0.1553492220212085,,,0.1737686747190752,41.72948978996456,0.9708191909546071,,0,383657400000.0,,,,,154400600000.0,50973900000.0,230637200000.0,,,0.40244395129613036,,30024068900000.0,2263177200000.0,26043437600000.0,3805297100000.0,,,1964932800000.0,,0.5947438900368647,0.07537876386901043,,,0.07339754476063964,0.046424751915614015,0.07727747903119053,0.13884905883047138,,1440055500000.0,560901600000.0,,,0.14740021219368127,0.018681731708922372,,1.0,,10193227218944.0,0.261,0.84,ICICIBANK.NS,,,,,0.37838412755964523,75.05376344086021,64.83870967741936,50.161812297734635,,98.49462365591398,,99.78165938864629,27.341227125941874,35.11450381679389,,50.43572984749455,53.73626373626374,100.0,56.854130052724074,71.74280879864637,62.23701545589593,Q5 (Highest)
2026-08-31,827.0,840.0,810.0,820.2000122070312,63830,0.08248647088964645,0.06915203819942195,,,0.3788233344850843,45.511655463309744,0.2712661433883788,,0,2558464000.0,744517000.0,168929000.0,217690000.0,172741000.0,101123000.0,34326000.0,37180000.0,0.29100155405743444,0.06602750712927756,0.03952488680708425,0.08508620797478487,5035970000.0,1584056000.0,3709896000.0,1329894000.0,3332732000.0,2843340000.0,17729000.0,1480565000.0,1.1911144798006457,0.3145483392474538,1.1721187054661069,0.651405389436367,0.6682831341602813,5.8599823621192595,0.4185719378846928,-0.13621764756128807,-0.0037070938215102434,6681958000.0,121908000.0,282561000.0,460414000.0,0.09166745620327635,0.024207451593238245,0.09696837625902983,1.0,1.9263667774033604,12942539776.0,-0.183,0.27,ICEMAKE.NS,,,,,0.3327835851840279,61.0752688172043,79.35483870967742,5.285868392664509,,42.1505376344086,,40.174672489082965,35.522066738428414,4.325699745547073,21.672354948805463,96.62309368191721,93.18681318681318,39.565217391304344,20.38664323374341,90.01692047377327,48.622666362891344,Q3 (Medium)
2026-08-31,1054.0999755859375,1105.9000244140625,1035.199951171875,1067.0,8608258,0.019702222719449658,0.06846359426550919,,,0.2799349547946196,66.56439707430789,1.0318299826828359,,0,33847133000.0,,,,,7959529000.0,2680333000.0,26072446000.0,,,0.23516109916901973,,,,,,,,,,,,,,0.021559723946051212,-0.04317576254448563,0.18570825533035884,0.5802166216066513,,126183367000.0,28763370000.0,,,,,,0.0,,798822760448.0,,0.09,AUBANK.NS,,,,,0.4193327793228813,60.86021505376345,57.634408602150536,53.182308522114354,,75.59139784946237,,92.24890829694323,83.31539289558665,,,44.44444444444444,39.45054945054945,95.1086956521739,5.360281195079086,,57.14644013081784,Q4 (High)
2026-08-31,39.099998474121094,47.599998474121094,39.0,42.02000045776367,10804,0.050500011444091886,-0.10252027484722881,,,0.49443420126427967,60.94986993288044,2.2353120944073472,,0,5187000.0,,-5402000.0,-3877000.0,-4836000.0,-4220000.0,-761000.0,145000.0,,-1.0414497782918835,-0.813572392519761,-0.7474455369192211,330226000.0,0.0,30584000.0,299642000.0,150893000.0,24047000.0,6035000.0,,0.0,0.0,6.2749199484343166,,-0.09476439790575919,-1.927268732146781,-0.7788908308112026,-1.5047243152732928,-1.3774705481452634,23921000.0,10941000.0,-1083000.0,18093000.0,0.03651357286361725,0.033131855153743194,-0.0036143130802757956,1.0,1.755392367651245,547381952.0,,,ICDSLTD.NS,,,,,0.3933704035169111,14.301075268817204,68.70967741935485,88.78101402373247,,16.989247311827967,,6.11353711790393,73.6275565123789,,91.12627986348123,9.15032679738562,16.59340659340659,11.847826086956522,,5.245346869712352,40.16568625766384,Q1 (Lowest)
2026-08-31,2191.17490053501,2233.0,2177.703378378378,2200.5,3900156,0.15331450435743954,0.18297794987411597,,,0.2923012144950859,84.55951993180554,0.8066875383297315,,0,160965010000.0,42365810000.0,9546070000.0,17860770000.0,12289760000.0,8886240000.0,3130260000.0,273260000.0,0.2631988778182289,0.059305249010328395,0.05520603515012362,0.11096057459941139,,,,,,,,,,,,,-0.12698880333990148,-0.29228946060629224,-0.08162981898982768,-0.4495451715711326,-0.3486804967027004,683318320000.0,47478890000.0,54436760000.0,86734550000.0,,,,0.0,,1787996798976.0,,0.95,HYUNDAI.NS,,,,,0.6302642292121249,78.17204301075269,90.10752688172043,37.43257820927724,,72.15053763440861,,96.83406113537117,98.06243272335846,,,31.263616557734203,13.846153846153847,95.54347826086956,61.59929701230229,,61.667448351463236,Q5 (Highest)
2026-08-31,734.1500244140625,751.0,725.0,727.25,756877,-0.1293026040107752,-0.045854121814862925,,,0.49391671439032636,20.17496962804796,0.8715087676587787,,0,3580692000.0,2521795000.0,500898000.0,681681000.0,567654000.0,458634000.0,72861000.0,44447000.0,0.7042758774002343,0.1398886025382803,0.12808529747881137,0.19037688804286992,,,,,,,,,,,,,0.03617850194651062,-0.25434459212291183,0.09516656925238132,-0.08867203567149318,-0.02872445468418061,14114825000.0,2008265000.0,2302876000.0,2920015000.0,,,,0.0,,40154038272.0,-0.164,0.83,AURIONPRO.NS,,,,,0.34510909567800807,28.817204301075268,4.193548387096775,43.25782092772384,,17.204301075268816,,57.64192139737992,2.045209903121636,4.961832061068702,,33.006535947712415,43.62637362637363,49.45652173913043,56.59050966608085,,36.05345193546882,Q1 (Lowest)
2026-08-31,18.010000228881836,18.899999618530273,17.100000381469727,17.729999542236328,36930,-0.04830916044406519,-0.05288460509781734,,,0.7402476947118596,47.11191658897263,0.7566173842826797,,0,10716000.0,5999000.0,1716000.0,6179000.0,5841000.0,5822000.0,0.0,19000.0,0.5598170959313177,0.1601343784994401,0.5432997387084733,0.5766144083613288,,,,,,,,,,,,,-0.07716155700998961,0.3207803992740472,0.1032636672500773,-0.2101478768145435,-0.19669786791471655,49843000.0,25452000.0,15582000.0,26920000.0,,,,0.0,,521905152.0,-2.381,,HYBRIDFIN.NS,,,,,0.18515206491691333,26.666666666666668,20.21505376344086,33.00970873786408,,1.1827956989247355,,5.786026200873363,39.39720129171152,0.1272264631043257,,67.86492374727669,18.021978021978022,14.728260869565219,,,31.799989430760363,Q1 (Lowest)
2026-08-31,298.0,310.70001220703125,271.3500061035156,274.95001220703125,1545439,0.3234657627293922,0.5901336324318314,,,0.46829170233818723,59.57237741553641,0.09306542273056444,,0,7286000000.0,2320800000.0,608600000.0,764400000.0,621600000.0,437300000.0,150600000.0,33700000.0,0.318528685149602,0.08353005764479825,0.060019214932747735,0.10491353280263518,22155200000.0,1445600000.0,8666800000.0,13488400000.0,15445500000.0,7033700000.0,1852000000.0,3956700000.0,0.10717357136502476,0.06524879035170073,2.1959281743605783,1.6333935197691116,0.22736384616680416,0.708203125,0.2285849183866182,0.6722753346080306,0.5160650535501785,25133000000.0,1245700000.0,1472500000.0,2502100000.0,0.0923534296135939,0.05622607785079801,0.09860050890585242,1.0,2.534944392287138,20764758016.0,-0.187,0.73,HUHTAMAKI.NS,,,,,0.19865891612928738,98.17204301075269,97.95698924731184,0.6472491909385114,,21.290322580645153,,47.70742358078602,70.93649085037676,4.071246819338422,63.99317406143344,78.86710239651417,80.21978021978022,61.19565217391304,53.339191564147626,34.51776649746193,54.19429547955999,Q4 (High)
2026-08-31,520.0,531.0,513.2999877929688,521.4000244140625,124169,-0.026421368128900613,-0.06492100566151449,,,0.2012918963260229,32.858118377501285,0.66526692764029,,0,1497681000.0,762453000.0,163315000.0,226683000.0,210621000.0,161928000.0,48234000.0,459000.0,0.5090890516738878,0.10904525062413158,0.1081191522093156,0.15135599637038863,5088910000.0,17774000.0,1386584000.0,3702326000.0,2916462000.0,1261845000.0,112723000.0,373504000.0,0.00480076578885814,0.003492692934243286,2.3112680242026555,2.015269704282222,0.0618936504661487,-0.16755945342943213,0.10600486214087801,0.0668739870073396,0.00653162353693415,5025527000.0,579178000.0,617606000.0,844018000.0,0.15643625115670526,0.11381179859734206,0.16601865541248892,1.0,2.532835734960925,15068502016.0,0.379,1.07,AMRUTANJAN.NS,,,,,0.277144023076036,24.301075268817204,29.677419354838708,26.429341963322546,,95.91397849462365,,42.685589519650655,12.917115177610333,51.27226463104325,66.38225255972696,36.60130718954248,50.989010989010985,43.80434782608696,65.90509666080844,12.690355329949238,43.97127699766876,Q2 (Low)
2026-08-31,195.89999389648438,205.14999389648438,195.89999389648438,201.0399932861328,10358533,-0.01214270525956207,-0.07585499333756851,,,0.2717059781756793,50.577721821011224,0.8563187949380868,,0,11763000000.0,,,,,8511100000.0,2150900000.0,25607300000.0,,,0.7235484145201054,,,,,,,,,,,,,,0.5799016842614231,-0.5704306746546477,0.3741822429906543,0.35047522333116476,,37767900000.0,42552500000.0,,,,,,0.0,,402461982720.0,0.837,2.98,HUDCO.NS,,,,,0.24482013736550343,20.86021505376344,39.247311827956985,41.855447680690396,,77.84946236559139,,87.55458515283843,48.11625403659849,92.36641221374046,,23.74727668845316,91.75824175824175,94.02173913043478,91.21265377855887,,60.57263997912455,Q5 (Highest)
2026-08-31,7159.218748940055,7802.64413637632,7158.724566656011,7600.0,2531837,0.12748829323967725,0.21505415628022062,,,0.31142461716652964,59.02483614308456,1.0485910387562332,,0,35210300000.0,12824500000.0,4078100000.0,5397100000.0,5004800000.0,3623000000.0,1287000000.0,17100000.0,0.36422580892522927,0.11582122276720164,0.10289602758283797,0.15328185218529805,157359100000.0,1445200000.0,63964300000.0,93394800000.0,137649900000.0,62764200000.0,13405600000.0,25482700000.0,0.015474094917490053,0.009184089131165595,2.1931276109629376,1.787120683446933,0.11340085567652514,-0.7968771900316767,0.17752718054705552,-0.2366685628805596,-0.1721350451735616,130887900000.0,29305400000.0,16462700000.0,21712400000.0,0.31377978217202673,0.18623263605345988,0.17358393083087306,1.0,2.3387227049468384,1610503553024.0,0.486,0.52,ABB.NS,,,,,0.4503591953731784,83.11827956989248,86.98924731182795,54.58468176914779,,65.16129032258064,,96.61572052401746,69.42949407965554,64.05852417302799,63.82252559726962,18.30065359477124,63.62637362637362,89.67391304347827,41.65202108963093,18.44331641285956,61.03173607430221,Q5 (Highest)
2026-08-31,190.8800048828125,194.0,174.5,175.11000061035156,2985351,-0.1403112646104271,-0.1919616298957627,,,0.36475161542295276,26.001190239315164,1.1817482095553775,,0,1600000000.0,1549100000.0,776000000.0,1212900000.0,1204100000.0,228100000.0,55400000.0,848300000.0,0.9681875,0.485,0.1425625,0.7580625,63024300000.0,11972500000.0,36377000000.0,26276600000.0,50994400000.0,26037500000.0,1409500000.0,38168000000.0,0.45563352945206,0.1899664097816239,1.958498319731157,0.492612578012482,0.8266925448110516,0.021038495971351878,0.6537467700258397,5.461756373937677,1.3120472741136102,6435100000.0,1484900000.0,1496100000.0,3421100000.0,0.05651035522099511,0.023560753550614603,0.03911464583480396,1.0,1.2240381884447744,24883245056.0,0.627,,HUBTOWN.NS,,,,,0.4195424114813572,4.946236559139785,3.4408602150537635,61.48867313915858,,46.23655913978495,,50.65502183406113,6.135629709364909,79.64376590330788,56.31399317406144,48.69281045751634,95.27472527472527,45.21739130434783,,63.62098138747885,47.444443206533386,Q2 (Low)
2026-08-31,24.309999465942383,31.299999237060547,24.309999465942383,27.739999771118164,5978305,0.07104247798024876,0.28604544105647123,,,0.47050835188934254,57.34841178361679,2.907749879729058,,0,5110400000.0,3999300000.0,615900000.0,563800000.0,337200000.0,-135600000.0,-26500000.0,148300000.0,0.7825806199123356,0.12051894176581089,-0.026534126487163433,0.1103240450845335,39691800000.0,7664300000.0,19602100000.0,16195200000.0,20216100000.0,18160700000.0,504800000.0,1040400000.0,0.4732451590594744,0.1930952992809598,1.1131784567775471,1.0558899161375939,0.029057006504097815,-0.419271948608137,0.03464053610835549,-1.3305704534373477,-0.5245403946702648,18713000000.0,-542700000.0,-169100000.0,1196700000.0,-0.033509928867812684,-0.013672849303886445,-0.007087323707537878,0.0,1.1328667382179693,6416818176.0,,,HTMEDIA.NS,,,,,0.28582854084541104,88.70967741935483,76.55913978494624,93.6353829557713,,20.645161290322577,,28.711790393013096,65.66200215285252,,16.38225255972696,28.431372549019606,42.08791208791209,6.086956521739131,,64.46700507614213,48.758576852720026,Q3 (Medium)
2026-08-31,224.99000549316406,234.91000366210938,205.35000610351562,226.00999450683594,2238396,0.02405979896700683,0.3080796162959418,,,0.33037067811375914,41.58850365656286,0.7582155314068112,,0,1118400000.0,,20500000.0,364900000.0,82100000.0,500000.0,16400000.0,69100000.0,,0.018329756795422033,0.0004470672389127325,0.32626967095851217,,,,,,,,,,,,,-0.09697214372224461,-0.9860724233983287,0.7090464547677262,-1.0052910052910053,0.8410696266397579,,,,,,,,0.0,,17343145984.0,-0.029,,AURUM.NS,,,,,0.18946408602301149,89.78494623655914,60.0,33.33333333333333,,58.60215053763441,,45.30567685589519,26.480086114101187,10.05089058524173,,15.250544662309368,16.483516483516482,30.217391304347824,,,42.36723574086258,Q2 (Low)
2026-08-31,750.0,771.9500122070312,735.2000122070312,752.6500244140625,14743027,0.15783407206796274,0.24020239626216,,,0.44377958502470094,45.466491458607095,0.3098193092958841,,0,14318800000.0,5197700000.0,2918100000.0,3442200000.0,3229200000.0,2295200000.0,720800000.0,224100000.0,0.3629982959465877,0.2037950107550912,0.160292761963293,0.2403972399921781,,,,,,,,,,,,,0.1119152637137355,0.1430848149808257,0.26196855390255935,0.4752538886746369,0.39456305959567306,50215500000.0,8042000000.0,13178300000.0,12089400000.0,,,,0.0,,379757559808.0,0.264,0.11,HSCL.NS,,,,,0.2592957788829911,85.05376344086022,90.43010752688173,6.796116504854369,,26.451612903225808,,87.00873362445415,35.414424111948335,35.36895674300254,,57.9520697167756,63.51648351648351,83.58695652173913,6.6783831282952555,,51.88384051590138,Q3 (Medium)
2026-08-31,335.0,353.0,333.79998779296875,342.1000061035156,518918,-0.007974481517551424,-0.017236426012057438,,,0.38713984229126996,51.025250145247185,1.0697909512916102,,0,5197032000.0,1852823000.0,621792000.0,877548000.0,641248000.0,308614000.0,109322000.0,222914000.0,0.3565156035213945,0.1196436735428991,0.05938273999467388,0.16885560835492258,23983299000.0,7550847000.0,13957855000.0,10001980000.0,17130666000.0,12617775000.0,327052000.0,7485090000.0,0.7549352228258804,0.31483771269332045,1.3576613943425049,0.7644434934051368,0.09661320156331299,0.5869573042490062,0.055152439860031155,-0.16903657311796394,0.03697086359881885,18110967000.0,910118000.0,2182054000.0,2808205000.0,0.09099378323092028,0.037947990391146776,0.12431353650326525,1.0,1.653038916789554,21997197312.0,0.754,0.29,HPL.NS,,,,,0.3750664823604121,37.31182795698925,41.612903225806456,55.77130528586839,,39.13978494623655,,48.68995633187773,49.40796555435953,87.53180661577609,31.569965870307165,76.25272331154684,60.10989010989011,55.54347826086956,21.79261862917399,77.834179357022,52.17122703038158,Q3 (Medium)
2026-08-31,143.13999938964844,146.0,135.47000122070312,140.8800048828125,16988,0.18227593616304727,-0.05506735298638943,,,0.4035098547186629,65.25997642666096,0.8639192321625201,,0,14404334000.0,53984000.0,1602000.0,24820000.0,17850000.0,8299000.0,9473000.0,78000.0,0.003747760916957355,0.00011121652691474663,0.0005761460404903135,0.001723092508129845,1983083000.0,88527000.0,371354000.0,1611729000.0,880429000.0,290586000.0,6540000.0,180426000.0,0.05492672775634117,0.04464109671657717,3.029839703220389,2.408935736752631,25.505499156311473,-0.5975266731328808,-0.056468438801960175,-0.9248238128883817,-0.44735142838057496,20849300000.0,194808000.0,128789000.0,233477000.0,0.12086895501663121,0.09823492007142415,0.07574682871285265,1.0,12.03804238148378,1919286016.0,0.449,0.71,AUSOMENT.NS,,,,,0.31069973827308756,25.806451612903224,92.36559139784947,42.502696871628906,,35.483870967741936,,17.248908296943235,81.80839612486544,59.541984732824424,77.81569965870307,22.984749455337692,99.34065934065934,25.76086956521739,52.98769771528998,27.241962774957702,50.72596923432812,Q3 (Medium)
2026-08-31,125.0,131.25,117.0,129.4499969482422,52973,0.051925885880226064,-0.038547255384236645,,,0.24773624286668244,57.2925987297589,3.602637111332386,,0,308013000.0,36147000.0,-8190000.0,33635000.0,32601000.0,20747000.0,1878000.0,9976000.0,0.11735543629651995,-0.02658978679471321,0.06735754659705921,0.1091999363663222,913571000.0,327582000.0,369263000.0,544308000.0,600993000.0,236077000.0,30027000.0,148894000.0,0.6018320509711413,0.3585731158278886,2.5457499036331366,1.9150489035357108,0.35260717202856173,3.7738150023009664,-0.20161484726344303,3.9327151688064665,1.4777163904235726,1150593000.0,27463000.0,5625000.0,75944000.0,0.050454889511085635,0.030061155618994036,0.0064515019096445655,1.0,2.6906575405742954,1478850944.0,0.344,,HPIL.NS,,,,,0.39403924466147994,30.32258064516129,69.46236559139784,96.44012944983818,,85.59139784946237,,14.628820960698691,65.55435952637244,46.75572519083969,69.96587030716724,94.55337690631809,85.71428571428571,20.0,,71.91201353637902,60.06006171186138,Q5 (Highest)
2026-08-31,32.560001373291016,35.63999938964844,32.560001373291016,34.15999984741211,246784,-0.01782630689032183,-0.16743843861265884,,,0.31724123087295175,49.20048554098546,1.1977951675222474,,0,578207000.0,198168000.0,-52196000.0,-30318000.0,-44894000.0,-23727000.0,-28633000.0,7467000.0,0.342728469216042,-0.09027216896371022,-0.04103547691397717,-0.05243450874859695,2321135000.0,42334000.0,443681000.0,1877453000.0,1541396000.0,430856000.0,8897000.0,505024000.0,0.022548633707474966,0.018238491083026193,3.5775200995228102,2.4053790593609,-0.1154464554798974,-2.4626433238811494,-0.12607652103466938,-1.660974454689807,-1.4571540584146323,2543530000.0,69770000.0,72552000.0,158711000.0,0.03716204879696056,0.03005857048383657,0.03779169251588848,1.0,2.738514562918572,3138440960.0,0.522,1.17,HPAL.NS,,,,,0.4174156264838996,6.559139784946237,34.946236559139784,62.45954692556634,,62.903225806451616,,21.724890829694324,45.20990312163617,69.40203562340967,83.61774744027304,6.971677559912854,14.505494505494507,5.760869565217392,67.66256590509666,20.98138747884941,40.1803147403792,Q1 (Lowest)
2026-08-31,1586.9000244140625,1662.4000244140625,1536.800048828125,1658.0,8424974,0.04447522647103219,0.11409760408500014,,,0.2645731994067186,64.46209198192841,1.808915519041775,,0,87515000000.0,53224300000.0,13223700000.0,18673900000.0,13888200000.0,9212600000.0,3697700000.0,982100000.0,0.608173455978975,0.15110209678340855,0.10526881106096098,0.21337942067074217,585021500000.0,80728400000.0,206193400000.0,378909700000.0,327087500000.0,180390100000.0,71914000000.0,120529400000.0,0.21305445598252037,0.13799219344930058,1.813223120337535,1.1450633931684722,0.017082901873552325,0.012051104593041817,0.10874619131778829,0.08920443125524646,0.07515286206142124,335289000000.0,35597700000.0,51761900000.0,73682000000.0,0.09394771366370404,0.06084853291716629,0.11261446777366803,1.0,1.859129143116962,953976619008.0,0.022,0.24,AUROPHARMA.NS,,,,,0.49864653322279345,68.70967741935485,66.98924731182797,81.33764832793959,,81.18279569892474,,93.01310043668121,80.62432723358451,13.549618320610687,50.51194539249146,47.385620915032675,37.69230769230769,96.41304347826087,18.629173989455182,43.824027072758035,58.657502219281966,Q5 (Highest)
2026-08-31,1374.0,1413.9000244140625,1360.0,1362.800048828125,1314820,0.0004405356612542377,0.017583856121463404,,,0.22088223251425151,46.115293715725095,1.3511036459187697,,0,57900000000.0,30760000000.0,1960000000.0,4880000000.0,2270000000.0,1470000000.0,530000000.0,270000000.0,0.5312607944732297,0.03385146804835924,0.02538860103626943,0.0842832469775475,,,,,,,,,,,,,-0.1873079681716675,-0.3830010493179433,-0.04134311306852989,-0.8042688041755989,-0.5795604338798473,255826400000.0,11644600000.0,14602800000.0,28043500000.0,,,,0.0,,255916490752.0,0.358,0.55,ACC.NS,,,,,0.41172673960774325,48.064516129032256,48.064516129032256,67.74541531823085,,92.36559139784946,,83.73362445414847,37.56727664155005,48.72773536895674,,29.193899782135073,9.780219780219781,79.78260869565217,43.32161687170474,,52.55646803790079,Q4 (High)
2026-08-31,1632.699951171875,1771.0,1631.4000244140625,1639.0,6610409,-0.08675542174624151,-0.07716900736144416,,,0.3264235835254391,52.35772610540586,0.7794520288897117,,0,71241900000.0,,,,,4031700000.0,1325300000.0,,,,0.056591696740260995,,790995900000.0,,620851600000.0,170144300000.0,,,7762600000.0,,,,,,0.05141835859730004,-0.2623499707259953,0.17683429445511756,-0.2088345532683138,,272287500000.0,23555700000.0,,,0.13844542544181615,0.029779800375703592,,1.0,,818702450688.0,0.452,0.85,ICICIGI.NS,,,,,0.3718524025145624,20.21505376344086,10.32258064516129,35.16720604099245,,60.215053763440864,,92.46724890829694,53.067814854682446,59.860050890585235,,32.35294117647059,48.24175824175824,90.21739130434783,57.46924428822495,,50.63975625849345,Q3 (Medium)
2026-08-31,515.4000244140625,522.3499755859375,501.04998779296875,501.04998779296875,12679989,0.02109226681977483,-0.07148873581606585,,,0.3035084248264144,52.31440638348116,1.1522185581816273,,0,285127100000.0,,,,,3861800000.0,450400000.0,,,,0.013544135229516942,,3378228600000.0,25950000000.0,3234476500000.0,143752100000.0,,,1375800000.0,,0.18051910198181453,0.007681540556491648,,,8.108473493379334,-0.3810325207161289,0.8190263169143162,0.0023359634551494146,,798721900000.0,16993200000.0,,,0.11821183829662314,0.0050302102113515944,,1.0,,726398468096.0,0.471,0.33,ICICIPRULI.NS,,,,,0.26002771322666246,21.827956989247312,58.49462365591398,59.65480043149945,,68.38709677419355,,91.37554585152839,52.7448869752422,62.213740458015266,,29.302832244008712,99.01098901098902,76.52173913043478,24.604569420035148,41.28595600676819,55.69498246319173,Q4 (High)
2026-08-31,355.0,371.3999938964844,350.1000061035156,355.79998779296875,4328781,0.04111188820181044,0.07573692454412329,,,0.3609245562847615,58.75560385817145,1.189067576290256,,0,3707760000.0,3547360000.0,2098450000.0,2256850000.0,2256850000.0,1657360000.0,570700000.0,28790000.0,0.9567393790320841,0.5659616587912918,0.44699764817571797,0.6086828705202063,,,,,,,,,,,,,0.006007130414964035,-0.07717321098465446,0.21652454369174134,0.17772124554098045,0.16253373992953257,13478180000.0,6158510000.0,7836130000.0,8386310000.0,,,,0.0,,153762414592.0,,1.41,IGIL.NS,,,,,0.24524758269989472,62.25806451612903,66.02150537634408,62.13592233009708,,47.95698924731183,,75.9825327510917,69.21420882669537,,,41.93899782135077,33.4065934065934,81.19565217391305,74.2530755711775,,57.62423613471359,Q4 (High)
2026-08-31,151.03682567652686,159.3191718423867,151.03682567652686,153.7100067138672,145924,0.0585895272604533,0.2681864324405201,,,0.46475593837206153,48.737618969490306,0.4182787881256038,,0,1222508000.0,-95237000.0,-436756000.0,76056000.0,71227000.0,45848000.0,18306000.0,7074000.0,-0.07790296668815255,-0.3572622837641962,0.037503231062700614,0.062213089812091206,2369483000.0,266970000.0,948798000.0,1420685000.0,1750144000.0,855786000.0,91650000.0,,0.1879163924444898,0.11267014787614008,2.0450720156674684,,-0.2699091050249035,0.14194625021793827,-0.15368613141212684,0.5520649966147597,0.5397509869419981,5998518000.0,176206000.0,-290811000.0,245955000.0,0.12402890155101236,0.0743647453896061,-0.17231661684408248,1.0,3.9231155910382136,2276552704.0,-0.084,1.3,AARVI.NS,,,,,0.17273503462878811,87.52688172043011,72.04301075268818,10.140237324703344,,21.935483870967744,,18.88646288209607,43.810548977395044,7.506361323155216,60.068259385665534,57.84313725490197,6.4835164835164845,31.956521739130434,71.61687170474517,42.13197969543147,42.12995154098845,Q1 (Lowest)
2026-08-31,451.3999938964844,537.9000244140625,451.3999938964844,465.1499938964844,8638729,-0.005515195708574949,0.14805663502073863,,,0.4757394949402964,54.62660850499115,4.376201035660616,,0,2259687000.0,758205000.0,44854000.0,200239000.0,52393000.0,15949000.0,11599000.0,24845000.0,0.3355354082224662,0.019849651743803456,0.007058057155703423,0.08861360002513623,8342932000.0,1446892000.0,3676638000.0,4666294000.0,3578411000.0,3255475000.0,31103000.0,1169006000.0,0.31007304726191703,0.17342727952235498,1.099197812915166,0.74010858630461,0.04569873688935577,-0.5448214846314108,0.19261437225489164,-0.4790292023257333,0.00037969055219999603,8659189000.0,121466000.0,257308000.0,845118000.0,0.02603050729336814,0.014559150188446938,0.04209065452940578,1.0,1.88811567683879,14640618496.0,,0.28,IGARASHI.NS,,,,,0.3305725114458757,74.51612903225806,43.225806451612904,98.05825242718447,,20.107526881720432,,42.35807860262008,58.88051668460711,,15.870307167235495,24.509803921568626,46.48351648351648,26.956521739130434,21.0896309314587,53.13028764805414,45.012425198064456,Q2 (Low)
2026-08-31,212.0,229.7899932861328,203.9199981689453,227.10000610351562,452075,-0.01818847012034608,0.3297010938441305,,,0.5992961934118065,66.92528615964858,1.456613567846059,,0,4829700000.0,2274600000.0,182800000.0,414300000.0,207800000.0,142800000.0,27300000.0,37700000.0,0.470960929250264,0.03784914176863988,0.029567053854276663,0.08578172557301696,16729532000.0,2087106000.0,4980407000.0,11749125000.0,9886846000.0,4227296000.0,527447000.0,4113685000.0,0.17763927100954327,0.12475579113629717,2.3388109089119853,1.365686481381952,0.030577842266985344,-5.636363636363637,0.07678416159454216,0.6939501779359432,0.12246003793010019,18942500000.0,347000000.0,564100000.0,1405600000.0,0.029534114242549977,0.020741763726564496,0.04076977321352903,1.0,2.562443169360625,16369055744.0,1.009,0.95,IFGLEXPOR.NS,,,,,0.324784658364264,91.0752688172043,34.516129032258064,71.95253505933118,,7.204301075268816,,44.10480349344978,83.85360602798708,96.7557251908397,66.55290102389078,3.0501089324618738,42.747252747252745,36.41304347826087,61.59929701230229,41.11675126903553,52.06278154396953,Q3 (Medium)
2026-08-31,655.9000244140625,677.8499755859375,654.0,657.5499877929688,3107636,-0.061514358266293256,0.11242961287429365,,,0.4528214309692567,28.0792040149269,0.4342936104538331,,0,17535300000.0,4499200000.0,2034500000.0,2926600000.0,2260000000.0,1417200000.0,451800000.0,391000000.0,0.2565795851796091,0.11602310767423425,0.08081983199603086,0.1668976293533615,,,,,,,,,,,,,0.12606439680969928,-0.15813235119401214,0.3073751547052772,-0.08325247428682325,0.042719207610360854,61966800000.0,6339500000.0,9212400000.0,12401900000.0,,,,0.0,,723180060672.0,0.606,0.04,ATGL.NS,,,,,0.334670137933337,68.27956989247312,16.451612903225808,10.787486515641856,,24.408602150537632,,91.26637554585153,7.857911733046287,77.29007633587787,,36.9281045751634,65.6043956043956,76.63043478260869,1.5817223198594026,,45.139086157245416,Q2 (Low)
2026-08-31,77.30000305175781,79.19999694824219,73.7300033569336,73.9800033569336,52708724,-0.03495956401187106,0.21139681884104422,,,0.6784941504542799,52.46093411768448,0.5761160165054416,,0,3405200000.0,,,,,132200000.0,-67000000.0,1021500000.0,,,0.03882297662398684,,265703700000.0,35230200000.0,110658400000.0,89444400000.0,,,71021400000.0,,0.3938782081382401,0.13259205648999242,,,0.009995550941717335,-1.8674540682414698,0.3220483751989751,-0.9418338613164379,,16076500000.0,1808700000.0,,,0.020221500731180488,0.006807206674201376,,1.0,,199325384704.0,1.38,,IFCI.NS,,,,,0.22737193731783595,82.47311827956989,24.731182795698924,20.711974110032365,,3.225806451612897,,81.00436681222706,53.17545748116254,98.9821882951654,,9.477124183006536,35.16483516483517,3.6956521739130435,,60.06768189509306,44.847292509487794,Q2 (Low)
2026-08-31,1315.699951171875,1476.0999755859375,1305.0,1404.4000244140625,688826,0.09727322261517735,0.2521398493080269,,,0.4186007241590565,60.026430392774024,1.063262055958828,,0,14982000000.0,5388500000.0,485800000.0,868500000.0,567400000.0,426700000.0,131200000.0,9500000.0,0.3596649312508343,0.03242557735949807,0.028480843679081564,0.0579695634761714,24837300000.0,1559000000.0,14888700000.0,9948600000.0,16464300000.0,12333300000.0,1205800000.0,6351300000.0,0.15670546609573208,0.06276849738095526,1.334946851207706,0.8199751891221327,0.06064253047701307,0.7823725981620719,0.18013107316150978,0.37246703119974267,0.07341490545050067,55827500000.0,1116400000.0,1536500000.0,2798700000.0,0.1122167943228193,0.044948525000704585,0.13352045604643886,1.0,3.0834736464913655,56904597504.0,0.334,,IFBIND.NS,,,,,0.3041221811327965,86.34408602150538,82.25806451612904,55.231930960086295,,31.72043010752688,,62.227074235807855,72.44348762109796,44.910941475826974,30.546075085324233,80.17429193899783,50.65934065934066,58.913043478260875,,39.08629441624365,56.30100403440984,Q4 (High)
2026-08-31,23.260000228881836,26.299999237060547,23.0,25.06999969482422,1475098,0.05424722333600074,-0.00039873321021755004,,,0.30406174176880923,61.89781005638237,2.2243818087231064,,0,2080400000.0,1687200000.0,233000000.0,264600000.0,264600000.0,87700000.0,12300000.0,164600000.0,0.8109978850221111,0.11199769275139396,0.042155354739473176,0.1271870794078062,12481400000.0,7689000000.0,8956100000.0,3525300000.0,1620200000.0,1609200000.0,96400000.0,,2.181090970981193,0.6160366625538801,1.0068356947551578,,-0.047217769635905626,-0.41650033266799735,0.1189157209702576,-5.872222222222222,0.30409068506653525,8208023000.0,442052000.0,971663000.0,1123543000.0,0.12539415085240974,0.035416860288108705,0.08664499790446127,1.0,1.1240584389571682,7316913152.0,1.088,,ATL.NS,,,,,0.2801508635784026,42.25806451612903,70.53763440860214,88.56526429341963,,67.84946236559139,,31.004366812227076,75.67276641550053,98.09160305343512,13.310580204778159,28.649237472766885,21.318681318681318,27.391304347826086,,96.27749576988155,54.061764065255936,Q4 (High)
2026-08-31,994.0,998.0,960.2000122070312,973.75,18228,0.06078761049178327,-0.09143923489619776,,,0.42072414537847636,49.82332163097944,0.5208691930307732,,0,3975300000.0,1199500000.0,221900000.0,366000000.0,273400000.0,203500000.0,54800000.0,15100000.0,0.3017382335924333,0.05581968656453601,0.05119110507383091,0.09206852313032979,,,,,,,,,,,,,0.0802739204869698,1.1881720430107525,0.3577771705717603,0.1845168800931316,0.24151967435549526,15092300000.0,596500000.0,696900000.0,1275800000.0,,,,0.0,,9121224704.0,0.691,,IFBAGRO.NS,,,,,0.17726030133517703,17.20430107526882,72.90322580645162,16.61272923408846,,31.397849462365585,,34.06113537117904,46.39397201291712,84.79643765903307,,85.94771241830065,55.934065934065934,45.108695652173914,,,49.357341641722954,Q3 (Medium)
2026-08-31,521.5,596.5499877929688,520.0,576.9000244140625,4284799,0.17435119473600502,0.2096876322025789,,,0.3556286385690847,82.03674501315058,2.9280996252661375,,0,2384400000.0,675400000.0,227200000.0,282600000.0,236700000.0,147900000.0,39100000.0,14400000.0,0.2832578426438517,0.09528602583459152,0.062028183190739807,0.11852038248616004,7687700000.0,1445600000.0,2786400000.0,4835300000.0,3490400000.0,2202500000.0,236000000.0,918400000.0,0.29896800612164703,0.18804063634116835,1.584744608399546,1.1677639046538024,0.052901174600370915,-0.036482084690553696,0.16545285693337886,1.0685314685314684,0.7942857142857143,8110400000.0,422600000.0,656200000.0,848700000.0,0.08739892043926954,0.05497092758562379,0.10447547326020157,1.0,2.238173966205757,16009713664.0,0.623,,ATULAUTO.NS,,,,,0.20778533311262612,82.25806451612904,91.29032258064517,93.74325782092772,,49.89247311827957,,43.88646288209607,97.30893433799784,79.13486005089058,42.83276450511945,44.88017429193899,48.46153846153846,41.30434782608695,,52.62267343485617,61.17439158843374,Q5 (Highest)
2026-08-31,133.0,133.8000030517578,126.01000213623047,127.0999984741211,31274635,0.07848960644688696,0.014939410084114035,,,0.2651101811628759,52.503577982277214,0.7786415014345265,,0,1578767000.0,1437601000.0,1249160000.0,1835776000.0,1775675000.0,1347567000.0,420447000.0,7661000.0,0.9105846524534653,0.7912250509416525,0.853556604616134,1.1627909628209863,,,,,,,,,,,,,-0.09423835660606517,0.03840641244762,0.10986782258053185,0.15065829752025195,0.1626812319338078,6195988000.0,5043312000.0,4938991000.0,6874127000.0,,,,0.0,,113030062080.0,0.357,3.15,IEX.NS,,,,,0.21375837899300973,47.41935483870968,78.49462365591397,35.05933117583603,,80.86021505376344,,71.83406113537117,53.283100107642625,48.60050890585242,,49.89106753812636,16.813186813186814,75.65217391304347,91.73989455184535,,56.64316784595276,Q4 (High)
2026-08-31,35.099998474121094,41.66999816894531,34.560001373291016,40.130001068115234,219506,0.03668307975269802,0.0007481943924139145,,,0.4677679894403247,60.22965419670208,1.362452434845299,,0,305193000.0,226941000.0,268436000.0,426837000.0,311783000.0,216143000.0,64851000.0,30789000.0,0.7435983131985334,0.8795614578316017,0.7082174230732684,1.3985805703276288,5658969000.0,3176200000.0,3516628000.0,2125799000.0,3747427000.0,2345174000.0,132437000.0,1313898000.0,1.4941205636092594,0.5612683158363299,1.5979313262043668,1.0376752428604445,0.8242695581484316,-28.16388085962046,0.212021206886281,1.3163969563819524,1.5114411292268044,739039000.0,-17085000.0,-93434000.0,558414000.0,-0.008036978096235815,-0.003019101182565234,-0.017622409962732923,0.0,1.1356742014313914,3270595072.0,0.959,,ATLANTAA.NS,,,,,0.29538728200158726,43.11827956989247,64.40860215053763,68.50053937432578,,21.50537634408603,,22.489082969432314,72.76641550053822,96.31043256997455,43.344709897610926,0.8714596949891068,95.16483516483515,47.71739130434783,,93.4010152284264,54.639875984599755,Q4 (High)
2026-08-31,1359.800048828125,1453.199951171875,1354.0999755859375,1371.5,342458,-0.08888596591243603,-0.011175198269646747,,,0.330237346620631,33.42112192143843,0.8970159046304419,,0,6420377000.0,2251321000.0,1658441000.0,1768942000.0,1658441000.0,1712681000.0,488359000.0,,0.35065246168566117,0.2583089746910501,0.26675707672617976,0.27551995778441046,,,,,,,,,,,,,0.023966914732806543,-0.05724673580377393,0.12207454157120701,0.23007913331140384,0.22855821292743972,24625988000.0,6869161000.0,6132822000.0,6581026000.0,,,,0.0,,108746268672.0,0.538,,AAVAS.NS,,,,,0.25089506308696896,39.13978494623656,9.67741935483871,44.983818770226534,,58.81720430107527,,71.50655021834062,13.778256189451021,71.11959287531806,,43.57298474945534,40.54945054945055,77.93478260869566,,,48.07198963753922,Q3 (Medium)
2026-08-31,892.0,946.9500122070312,860.0,911.6500244140625,686002,0.06265298807598318,0.2444035691987565,,,0.4960393135779542,67.76725475102486,0.8144132349771309,,0,1410430000.0,954130000.0,499320000.0,741570000.0,623820000.0,599930000.0,7530000.0,16360000.0,0.676481640350815,0.3540196961210411,0.42535255205859207,0.5257758272299937,7987240000.0,837110000.0,1996820000.0,5990420000.0,4832550000.0,1843220000.0,297610000.0,1431060000.0,0.13974145385465458,0.10480591543511901,2.6217977235490064,1.8454064083506039,3.4711681724520522,-2.772161994505657,7.008346581875994,-3.4978349571154967,-6.8938960419647115,2056780000.0,-231230000.0,-462910000.0,176890000.0,-0.03859996461016089,-0.02894992513058328,-0.06780050765064378,0.0,2.014359152848794,45303873536.0,1.989,,IDEAFORGE.NS,,,,,0.2703566554993545,85.3763440860215,73.87096774193549,37.97195253505933,,16.77419354838709,,59.279475982532745,85.2529601722282,99.74554707379136,73.03754266211604,6.1002178649237475,98.46153846153847,24.782608695652176,,37.39424703891709,56.53650639087355,Q4 (High)
2026-08-31,13.010000228881836,13.109999656677246,12.600000381469727,12.729999542236328,1158951364,-0.09330487344558391,0.07064753361300835,,,0.29408843032029325,26.219510067652664,0.7937743242838758,,0,113030000000.0,68890000000.0,-6290000000.0,624840000000.0,569660000000.0,519700000000.0,60000000.0,49900000000.0,0.6094842077324604,-0.05564894275855967,4.597894364328054,5.52808988764045,1916380000000.0,1925280000000.0,2273960000000.0,-357580000000.0,218760000000.0,396890000000.0,21060000000.0,210000000.0,-5.3841937468538505,1.004644172867594,0.5511854670059714,0.5506563531457079,-0.0004421648390520172,-10.83163072266364,0.03214318327093424,-8.251290637644761,11.81723076923077,447886000000.0,345517000000.0,-31044000000.0,781504000000.0,-0.9662648917724705,0.1802967052463499,-0.01980225808509281,1.0,0.8418977447061649,1379206823936.0,0.436,,IDEA.NS,,,,,0.5160500305460745,61.29032258064516,8.9247311827957,36.56957928802589,,71.61290322580645,,95.85152838427948,6.243272335844995,58.206106870229014,5.631399317406143,1.8518518518518516,31.538461538461537,46.41304347826087,,1.1844331641285957,38.35450888118238,Q1 (Lowest)
2026-08-31,99.25,105.0,95.01000213623047,99.72000122070312,88544,0.026982520986138958,0.006561032884638829,,,0.27099192137122563,46.56252011657081,2.6096479185896904,,0,14527000.0,1637000.0,-26309000.0,-23429000.0,-25517000.0,-25630000.0,0.0,113000.0,0.11268672127762099,-1.8110415089144352,-1.7643009568389896,-1.6127899772836787,4826357000.0,90000000.0,1031230000.0,3795127000.0,292222000.0,533652000.0,27752000.0,20603000.0,0.023714621407926535,0.01864760522273839,0.5475890655333439,0.5089815085486422,-0.04194420629163098,0.7058236272878535,-0.6044383934649422,-3.6049395263746318,-2.9404505549113797,69044000.0,-80362000.0,-82570000.0,-64949000.0,-0.021175048950931023,-0.016650653898996698,-0.021252844501608314,0.0,1.0376977293639904,648562752.0,0.502,,ATLASCYCLE.NS,,,,,0.3372499092531202,44.83870967741935,61.18279569892473,91.8015102481122,,78.6021505376344,,6.877729257641921,38.536060279870824,66.34860050890585,5.460750853242321,78.75816993464052,22.41758241758242,14.728260869565219,,21.31979695431472,45.391474482523634,Q2 (Low)
2026-08-31,84.80000305175781,86.2300033569336,83.91000366210938,84.22000122070312,14887059,0.023080679457271325,0.18569622227349303,,,0.48210362028536996,45.03068610307085,0.2490659901355979,,0,45805800000.0,,,,,21271400000.0,6987400000.0,40527000000.0,,,0.464382239803693,,4454178000000.0,261810000000.0,3745935600000.0,706429900000.0,,,268840500000.0,,0.37061002089520845,0.058778522097679975,,,0.07486248312761701,0.05980409213899329,0.27303679019016447,0.01899278498075696,,179784798000.0,81075168000.0,,,0.11476746383469896,0.01820204940170779,,1.0,,905567338496.0,0.832,2.43,IDBI.NS,,,,,0.3825527762362722,78.6021505376344,59.354838709677416,4.4228694714131604,,18.81720430107528,,92.90393013100436,34.1227125941873,92.04834605597965,,51.633986928104584,54.395604395604394,97.71739130434783,87.5219683655536,58.88324873096447,58.69495010170309,Q5 (Highest)
2026-08-31,4969.0,5205.0,4911.0,5092.39990234375,281624,0.0009359389520573469,-0.023871325759529216,,,0.2173333126037032,49.49901102601734,1.219724190180187,,0,1633660000.0,761050000.0,445479000.0,871065000.0,765617000.0,561616000.0,196566000.0,4463000.0,0.46585580843015073,0.2726877073564879,0.34377777505723345,0.5331984623483467,,,,,,,,,,,,,-0.06568770317229011,0.07074208167226237,0.1993430871819042,0.007583572693397267,0.09178452714592966,6262974000.0,1898694000.0,1869902000.0,3007991000.0,,,,0.0,,49014882304.0,0.304,1.37,ICRA.NS,,,,,0.25934298549450463,35.16129032258065,48.17204301075269,62.891046386192016,,93.11827956989248,,60.043668122270745,45.64047362755651,39.94910941475827,,53.15904139433552,19.340659340659343,65.32608695652173,73.4622144112478,,53.08426083711787,Q4 (High)
2026-08-31,6765.0,7007.0,6752.5,6774.0,350368,0.10098692519934094,-0.006436214627192793,,,0.2573767926352025,77.02970297029702,0.8527231845608993,,0,18479500000.0,9008300000.0,3154500000.0,4289400000.0,3508500000.0,2453000000.0,929000000.0,40200000.0,0.48747531047917964,0.17070267052679997,0.13274168673394843,0.23211666982331772,,,,,,,,,,,,,0.106556886227545,0.16726147989531293,0.27300845939764673,0.9391304347826086,0.5699436351658005,65695700000.0,7439600000.0,8377200000.0,13517400000.0,,,,0.0,,199438450688.0,0.196,0.44,ATUL.NS,,,,,0.33489067430976704,40.64516129032258,82.68817204301075,41.63969795037757,,83.11827956989248,,81.11353711790393,94.18729817007535,28.880407124681934,,59.3681917211329,62.417582417582416,85.86956521739131,34.885764499121265,,59.654243808099494,Q5 (Highest)
2026-08-31,401.25,431.95001220703125,401.25,426.6000061035156,1916269,0.01125992635125006,0.5154529524103575,,,0.5517842328041468,76.57585811351584,1.0793855954122882,,0,10576765000.0,6053808000.0,437087000.0,1163593000.0,737538000.0,242019000.0,59565000.0,435954000.0,0.5723685833995555,0.04132520671490763,0.02288213834759494,0.11001407330124098,44918299000.0,13423334000.0,21365312000.0,23552987000.0,23899013000.0,13956520000.0,1135637000.0,12508671000.0,0.5699206644150909,0.29883887633411943,1.7123905529458634,0.8161305253745202,-0.004847348828841969,-0.009300383558952241,0.03433851325766457,0.14976673919446637,0.21521534798228759,41413488000.0,1254516000.0,2315702000.0,4604835000.0,0.053263562706505126,0.02792884031516866,0.06262661988465537,1.0,1.975865933836898,84489977856.0,0.336,0.35,ICIL.NS,,,,,0.3230268370376277,97.31182795698925,53.97849462365591,56.52642934196332,,10.537634408602145,,68.5589519650655,93.64908503767492,45.10178117048346,46.92832764505119,45.969498910675384,30.21978021978022,46.30434782608695,26.713532513181022,70.38917089678512,52.81259083439962,Q4 (High)
2026-08-31,85.06011890239343,86.24663574751034,84.202637291022,84.62000274658203,60987591,0.06806680164379997,0.2539685554579105,,,0.23204670870048974,63.604436553164355,0.4925235500854382,,0,82837200000.0,,,,,11478200000.0,3337300000.0,50769700000.0,,,0.1385633507651152,,4207898300000.0,413967600000.0,3720138500000.0,487759800000.0,,,133585600000.0,,0.8487120094767957,0.09837870843979285,,,0.13359616939925867,2.471509799177353,0.21764080733901792,2.883017591339648,,303687500000.0,24105800000.0,,,0.04942145703684477,0.005728703091517207,,1.0,,729527615488.0,,0.3,IDFCFIRSTB.NS,,,,,0.44264406999692407,86.45161290322581,75.3763440860215,14.563106796116504,,89.89247311827957,,91.5938864628821,79.00968783638321,,,92.9193899782135,67.25274725274726,95.76086956521739,22.671353251318102,82.06429780033841,66.50371793671623,Q5 (Highest)
2026-08-31,182.10000610351562,182.3800048828125,171.88999938964844,173.6300048828125,90973632,0.020152808437554626,0.08281882303592702,,,0.25409013259720814,50.953275360578,1.6515459286770873,,0,411976100000.0,97399500000.0,61113300000.0,75730500000.0,65865200000.0,46653600000.0,15965700000.0,3189600000.0,0.23642026806894867,0.148341857695143,0.11324346242415519,0.18382255669685693,,,,,,,,,,,,,0.15799901901673996,2.1422490435907107,0.13055110154172755,0.8723151507368285,0.803158661676048,1472582100000.0,102754500000.0,115022600000.0,181208900000.0,,,,0.0,,1141631090688.0,0.515,3.17,GAIL.NS,,,,,0.41260562430757936,63.54838709677419,57.95698924731183,77.02265372168284,,83.9784946236559,,94.54148471615721,49.08503767491927,68.63867684478372,,92.26579520697167,71.64835164835165,99.1304347826087,91.91564147627417,,69.98212980263274,Q5 (Highest)
2026-08-31,215.5500030517578,228.0,212.25,222.52999877929688,98527,0.10628886667436377,0.04395756688032493,,,0.40484698386832213,54.95338776071554,1.0156932236254566,,0,1471282000.0,785214000.0,67065000.0,141829000.0,122959000.0,91126000.0,0.0,31833000.0,0.5336937446390291,0.045582695907378734,0.06193646085522694,0.09639824316480457,5018879000.0,1110041000.0,3232664000.0,1786215000.0,967124000.0,2130647000.0,30718000.0,457411000.0,0.6214487057828985,0.22117309462929868,0.45391094817677446,0.23922921065760777,0.04276575507710456,0.1934829017851296,0.07617193214467521,0.7563749204941888,0.33880513890331043,5390842000.0,291315000.0,179262000.0,487277000.0,0.1630906693763069,0.058043838076191914,0.061894390551111504,1.0,1.3750242036120017,4106881024.0,0.476,,HARRMALAYA.NS,,,,,0.3157127769733119,55.59139784946237,83.65591397849462,52.42718446601942,,35.16129032258064,,24.45414847161572,60.38751345532831,62.913486005089055,3.583617747440273,59.912854030501094,45.604395604395606,14.728260869565219,,73.26565143824027,48.11238094924884,Q3 (Medium)
2026-08-31,2050.5,2118.5,1988.0,2008.9000244140625,11492920,0.06010555378050797,0.1523464808598931,,,0.2565659818177625,66.36323450535102,1.5432976255947004,,0,368592800000.0,,,,167660400000.0,31323500000.0,26355200000.0,78338500000.0,,,0.08498131271147999,,,,,,,,,,,,,,0.10085044299194657,0.23385473495964426,0.21925803755163176,0.12308850683924644,,1345255600000.0,101442700000.0,,,,,,0.0,,3214731640832.0,0.374,0.06,BAJAJFINSV.NS,,,,,0.5236924239119592,74.83870967741936,72.68817204301075,74.86515641855448,,83.44086021505376,,98.58078602620087,82.88482238966631,50.63613231552163,,62.41830065359477,60.76923076923077,99.67391304347825,3.3391915641476277,,64.27568500772523,Q5 (Highest)
2026-08-31,11.239999771118164,11.239999771118164,10.350000381469727,10.529999732971191,8738,-0.036596574660219705,-0.2419006859108389,,,0.4353861521695615,36.94779347189556,0.4174262086182228,,0,80576000.0,12258000.0,-6285000.0,-2992000.0,-2992000.0,-4074000.0,-603000.0,1685000.0,0.15212966640190628,-0.07800089356632248,-0.0505609610802224,-0.037132644956314534,251313000.0,103060000.0,155442000.0,95871000.0,243802000.0,155076000.0,56058000.0,108152000.0,1.0749861793451618,0.4100862271350865,1.5721452707059764,0.8747323892800949,2.106724244293646,0.0951612903225807,12.9332526370396,-0.5682034976152623,-0.7263581488933601,144425000.0,-13993000.0,-14634000.0,-7506000.0,-0.1459565457750519,-0.055679570893666465,-0.073563195278765,0.0,1.4931261017137991,111831496.0,,,GLOBALE.NS,,,,,0.5848192116674156,2.3655913978494625,23.548387096774192,10.032362459546926,,28.27956989247312,,0.32751091703056767,17.222820236813778,,41.467576791808874,54.35729847494554,98.02197802197801,11.956521739130435,,87.47884940778341,38.33723109574229,Q1 (Lowest)
2026-08-31,101.30000305175781,105.80000305175781,99.01000213623047,101.83999633789062,194231,0.010272278501629595,-0.046308954850760586,,,0.3398300646427265,53.37890922304115,1.1760472187175033,,0,241421000.0,163253000.0,104033000.0,118549000.0,106933000.0,82262000.0,24759000.0,17000.0,0.6762170647955231,0.4309194312010968,0.34074086347086624,0.4910467606380555,1404472000.0,,91951000.0,1314894000.0,574000000.0,88599000.0,47886000.0,24644000.0,,,6.478628426957415,6.200476303344281,-0.16740756579287708,0.22918534456995987,0.46493325242718453,0.9337564645039962,0.645462621103184,938836000.0,265179000.0,340792000.0,396988000.0,0.20167329077476967,0.1888104568834409,,2.0,2.6451561156078585,5183808512.0,-0.769,0.98,GLOBAL.NS,51821000.0,10688000.0,-41133000.0,176290000.0,0.39676819566461197,28.49462365591398,53.44086021505377,60.94929881337649,,55.16129032258065,,27.292576419213976,55.22066738428417,0.6361323155216284,91.46757679180887,62.20043572984749,10.659340659340659,34.56521739130435,62.56590509666081,,46.176928319660455,Q2 (Low)
2026-08-31,1713.4000244140625,1715.9000244140625,1676.699951171875,1693.5,8739470,-0.05921891952208869,0.007367140164456165,,,0.21150447379439866,20.31555326556459,0.8416227948902069,,0,108208000000.0,54103600000.0,48293300000.0,53020400000.0,53020400000.0,36204000000.0,6578100000.0,9947300000.0,0.49999630341564394,0.44630064320567797,0.3345778500665385,0.48998595297944697,,,,,,,,,,,,,0.007750349706358461,0.08754686148226476,0.2747689799303523,0.20110675398610578,0.26020312362589704,403891100000.0,133175600000.0,178766100000.0,194551200000.0,,,,0.0,,3901754703872.0,0.507,0.44,ADANIPORTS.NS,,,,,0.4880673893328812,45.26881720430108,17.20430107526882,40.88457389428263,,94.08602150537635,,99.12663755458514,2.1528525296017222,67.49363867684478,,53.92156862745098,33.84615384615385,97.60869565217392,34.885764499121265,,52.431935004344034,Q4 (High)
2026-08-31,5.909999847412109,6.150000095367432,5.130000114440918,5.199999809265137,22652,-0.1289782257935046,-0.25714288439069477,,,0.36366563778913796,47.66839019800845,1.8123261608195578,,0,0.0,-384000.0,-1795000.0,-1788000.0,-1795000.0,-803000.0,0.0,,,,,,,,,,,,,,,,,,,-2.416225749559083,,-2.764835164835165,1.9700996677740865,0.0,-544000.0,-4733000.0,-4714000.0,,,,0.0,,141053984.0,0.305,,GLFL.NS,,,,,0.6628443499999194,1.827956989247312,4.301075268817205,81.44552319309601,,46.55913978494623,,1.2008733624454149,40.68891280947255,40.13994910941476,,7.4074074074074066,,14.728260869565219,,,35.88660658629414,Q1 (Lowest)
2026-08-31,2539.0,2601.0,2309.0,2329.39990234375,375240,-0.10923381232802554,-0.0838149170589002,,,0.34001097682086506,26.554886593092164,2.0858080226957196,,0,5471700000.0,1321900000.0,230000000.0,397100000.0,338900000.0,196300000.0,64600000.0,78000000.0,0.24158853738326297,0.042034468263976464,0.035875504870515565,0.07257342325054371,,,,,,,,,,,,,-0.28669386903753147,-0.5005089058524173,-0.11618478436439994,-0.6098191214470284,-0.48341355535319375,23475300000.0,1114900000.0,1296600000.0,1922300000.0,,,,0.0,,26329487360.0,,1.5,BBL.NS,,,,,0.29792412135831997,18.387096774193548,6.236559139784946,86.51564185544768,,55.053763440860216,,51.09170305676856,6.350914962325081,,,25.70806100217865,6.153846153846154,47.608695652173914,76.18629173989456,,41.95283825183155,Q1 (Lowest)
2026-08-31,225.89999389648438,269.5,220.25,230.63999938964844,497122,0.165672691186588,-0.014695840800142523,,,0.573099647743171,63.50787009964402,4.3897941721913805,,0,492896000.0,35929000.0,-41814000.0,-41406000.0,-41406000.0,-30862000.0,-12533000.0,950000.0,0.07289367331039408,-0.08483331169252743,-0.06261361423099396,-0.08400555086671428,2955937000.0,,412897000.0,2533686000.0,1925840000.0,400039000.0,743179000.0,15553000.0,,,4.814130622264329,4.775251912938488,1.9274052253033442,-0.4771102300836976,-0.3014294663382362,-0.18421400438793578,0.13394495412844032,1121744000.0,-138939000.0,-246879000.0,-184900000.0,-0.054836708258245104,-0.047003369828247356,,0.0,2.1526933084162483,1467969920.0,0.452,3.47,ALPHAGEO.NS,,,,,0.40148053925638705,38.17204301075269,91.0752688172043,98.16612729234089,,8.924731182795696,,14.519650655021834,78.68675995694295,59.860050890585235,87.54266211604096,26.68845315904139,97.91208791208791,7.065217391304348,93.84885764499121,,56.83079400194063,Q4 (High)
2026-08-31,2256.39990234375,2290.0,2162.0,2279.10009765625,3134538,0.005248829719771253,0.009747020091330771,,,0.281268674077918,55.93526469783215,1.1041253108884597,,0,39317300000.0,26859310000.0,6316220000.0,8705600000.0,6973860000.0,4829240000.0,1605610000.0,539970000.0,0.6831422808789006,0.1606473486226165,0.12282735589676809,0.22141906997682953,,,,,,,,,,,,,0.045595843072199216,0.6021949876249941,0.2851592160774914,9.30325787800559,2.0682691291016106,175838000000.0,17979040000.0,41799640000.0,33537820000.0,,,,0.0,,643135045632.0,0.248,0.33,GLENMARK.NS,,,,,0.48675390640509747,45.913978494623656,50.53763440860215,57.82092772384034,,75.05376344086022,,90.50218340611353,62.64800861141012,34.096692111959285,,76.57952069716775,46.26373626373626,91.84782608695652,24.604569420035148,,57.057922711020325,Q4 (High)
2026-08-31,2665.39990234375,2684.0,2515.0,2599.699951171875,315702,0.0652762068524646,0.08864611717648496,,,0.2345721973649927,62.64090876126277,0.8481311707046071,,0,9384400000.0,6105000000.0,2796600000.0,3392600000.0,3234200000.0,2371800000.0,852700000.0,9700000.0,0.6505477174885981,0.298005200119347,0.2527385874429905,0.3615148544392822,,,,,,,,,,,,,-0.057128503968652655,-0.14640466421939102,-0.03687510904481872,-0.09772891543348428,-0.09257228448391153,37801700000.0,10156700000.0,12041200000.0,14425000000.0,,,,0.0,,440404869120.0,0.057,2.19,GLAXO.NS,,,,,0.32444926515690586,64.6236559139785,74.94623655913979,41.316073354908305,,89.46236559139786,,88.53711790393012,77.17976318622173,16.793893129770993,,37.47276688453159,20.0,85.0,85.9402460456942,,58.751474571304875,Q5 (Highest)
2026-08-31,769.0,796.0,735.0499877929688,744.4500122070312,1434885,-0.20315759999247396,-0.10215281880608573,,,0.409991021942439,24.660133016176147,0.8604860192903894,,0,16909400000.0,3168600000.0,1263100000.0,1520800000.0,1211600000.0,647600000.0,113800000.0,450200000.0,0.18738689722876034,0.07469809691650797,0.03829822465610844,0.0899381409157037,42937000000.0,11530000000.0,30067900000.0,12869100000.0,32362000000.0,17688000000.0,5276100000.0,3229500000.0,0.8959445493468852,0.26853296690500034,1.8296019900497513,1.647020578923564,0.018896347268586133,0.3035426731078905,0.09475715081122371,0.07094426988589375,0.14751377046706415,63218500000.0,2175200000.0,4403800000.0,5131300000.0,0.16902502894530308,0.050660269697463726,0.180490263985147,1.0,2.3951910939283136,132213727232.0,0.929,0.13,BBOX.NS,,,,,0.471185622449493,14.623655913978496,1.1827956989247312,42.17907227615966,,34.08602150537634,,73.58078602620087,4.736275565123789,95.80152671755725,50.85324232081911,66.66666666666666,38.46153846153847,56.086956521739125,8.699472759226714,83.75634517766497,44.71429037406507,Q2 (Low)
2026-08-31,2505.60009765625,2634.300048828125,2494.10009765625,2601.0,2389351,0.05324964567726265,0.389348877687971,,,0.4471233815604448,63.55299926874404,1.0424818420082467,,0,17427900000.0,11514590000.0,4043600000.0,6244860000.0,5158260000.0,3666750000.0,1391210000.0,100300000.0,0.6606986498660194,0.23201877449377148,0.21039540047854302,0.3583254436851256,125108480000.0,2835900000.0,21528980000.0,103579500000.0,75267850000.0,16084030000.0,33590800000.0,17438890000.0,0.02737896977683808,0.022667528212316223,4.679663616643341,3.595427265430368,0.027974539965777145,0.40233291901711454,0.25919401872184,0.7913499306274794,0.49238258425757975,63686840000.0,10301730000.0,12500550000.0,19150220000.0,0.0994572285056406,0.08234237998895039,0.1174693700347882,1.0,2.3718694528140696,429078282240.0,0.566,0.77,GLAND.NS,,,,,0.5984242820123788,93.11827956989247,70.3225806451613,53.937432578209275,,25.483870967741936,,88.20960698689956,78.90204520990312,73.91857506361323,87.20136518771331,71.24183006535948,41.86813186813187,90.76086956521739,55.4481546572935,22.165820642978005,63.505237533874286,Q5 (Highest)
2026-08-31,1622.9000244140625,1701.0,1620.0,1628.699951171875,2060,-0.05582611526268111,-0.027989988718913672,,,0.28077391432724863,34.318474547796384,0.9084055186051032,,0,-34957000.0,,-72247000.0,-29783000.0,-39026000.0,-56147000.0,-3269000.0,20390000.0,,,,,32316465000.0,3835000.0,6114817000.0,26201648000.0,2861811000.0,204351000.0,67950000.0,,0.00014636483934140325,0.00011867015776632747,14.004389506290646,,-1.3439769350363096,-2.10510362745291,-1.4840214892968902,-2.475766177784787,-1.4568014846853479,320938000.0,-23086000.0,-33884000.0,162049000.0,-0.0008810896169584448,-0.0007143726889683015,-0.001293011847940372,0.0,1.2397213432842982,9717638144.0,0.017,,GKWLIMITED.NS,,,,,0.37588877052611414,33.5483870967742,17.741935483870968,45.63106796116505,,75.26881720430107,,35.1528384279476,14.96232508073197,13.16793893129771,95.73378839590444,8.387799564270153,0.5494505494505495,10.543478260869566,,6.598984771573605,33.819120781877125,Q1 (Lowest)
2026-08-31,1520.0,1558.0,1490.0,1504.0999755859375,223671,-0.006145135904649934,0.026269105241085944,,,0.2153288025947515,51.78849981173686,1.6189308343211906,,0,47853400000.0,20085500000.0,7435200000.0,10011500000.0,9120800000.0,4439600000.0,1077200000.0,235600000.0,0.41972984155775767,0.15537453974012297,0.09277501703118274,0.20921188463097712,145386800000.0,15904300000.0,49404700000.0,70419800000.0,53526900000.0,45035700000.0,7040600000.0,14086900000.0,0.22584983200747516,0.10939301229547661,1.188543755287472,0.8757496830292413,-0.03891273304961351,0.4034710587045174,0.07267200760343773,0.43839300178195373,0.09846282134275453,192410500000.0,12426700000.0,30934900000.0,38405400000.0,0.1764659939392046,0.08547337172287993,0.3583576312987914,1.0,2.27865459587803,104943919104.0,0.611,2.26,BBTC.NS,,,,,0.4647227112049693,50.86021505376343,42.58064516129032,76.59115426105717,,93.65591397849462,,70.85152838427948,51.022604951560815,78.11704834605598,22.525597269624573,71.35076252723312,23.516483516483515,87.39130434782608,86.8189806678383,45.5160744500846,60.05322086103947,Q5 (Highest)
2026-08-31,163.0,164.0,157.5500030517578,157.92999267578125,1378553,-0.03086655517214032,0.0804542290083603,,,0.3190220014752986,37.47608520123441,0.9896194984240541,,0,4282613000.0,2620927000.0,1050182000.0,2373095000.0,1473389000.0,3268473000.0,-2289834000.0,494750000.0,0.6119924914999324,0.2452199159718611,0.7631959740466859,0.5541231486477999,94260039000.0,35941715000.0,55857686000.0,38402353000.0,8170428000.0,12869268000.0,2611256000.0,2083334000.0,0.9359248116905753,0.3813038418114807,0.634879000110962,0.4729945790234534,0.1576403735383234,-103.07279597763967,0.2661252651919197,3.6874074987666505,0.761739635253575,14911230000.0,4024072000.0,2602626000.0,6328662000.0,0.10478712072669089,0.0426911769047751,0.03500785025645893,1.0,0.720327517581443,24513251328.0,,2.59,GIPCL.NS,,,,,0.3470589243896567,63.11827956989248,27.419354838709676,51.024811218985974,,62.365591397849464,,50.43668122270743,18.945102260495155,,6.825938566552901,0.4357298474945534,71.31868131868131,0.5434782608695652,88.75219683655537,84.77157360406092,45.06382792952365,Q2 (Low)
2026-08-31,45.9900016784668,46.88999938964844,44.099998474121094,45.56999969482422,116876,-0.1567357712288534,0.09175845381753489,,,0.5630713338992533,30.089946385254493,0.3842802934106566,,0,1028885000.0,570889000.0,123880000.0,153542000.0,130180000.0,90530000.0,32496000.0,7154000.0,0.5548618164323516,0.12040218294561589,0.0879884535200727,0.1492314495789131,,,,,,,,,,,,,0.14189111200884308,0.27002609354395224,0.01323158523963297,-0.14676443422367158,-0.12611269208878773,3700441000.0,354806000.0,494448000.0,612730000.0,,,,0.0,,3903073280.0,0.492,,GINNIFILA.NS,,,,,0.3321025813609454,65.16129032258064,2.258064516129032,8.090614886731391,,9.677419354838719,,23.799126637554586,9.580193756727665,64.75826972010178,,64.81481481481481,68.57142857142857,39.02173913043478,,,40.382197447422804,Q1 (Lowest)
2026-08-31,211.8000030517578,215.11000061035156,206.6999969482422,209.0,70170567,-0.03383879010898694,-0.0030053182661742284,,,0.3332139786371147,31.014199275775667,0.5535462669937327,,0,189018900000.0,92232400000.0,67814500000.0,84867800000.0,73195500000.0,48056900000.0,15515800000.0,9013700000.0,0.4879533210700094,0.35877100120675764,0.25424388778053414,0.44899107972800606,,,,,,,,,,,,,0.32895805341877193,0.19631423820287375,0.3276223186817817,0.8224287724168269,0.6605482866775063,596855700000.0,146872100000.0,180661500000.0,259164100000.0,,,,0.0,,4030501224448.0,0.475,,ADANIPOWER.NS,,,,,0.38810776488632953,41.50537634408602,25.376344086021508,18.554476806903992,,57.74193548387097,,99.235807860262,10.333692142088267,62.72264631043257,,60.02178649237473,85.05494505494505,99.02173913043478,,,53.97124998076133,Q4 (High)
2026-08-31,7624.0,7776.0,7624.0,7683.5,73910,-0.013481414906593048,-0.025245797653028812,,,0.20200018509983142,43.885556068297184,0.742367086122883,,0,7067200000.0,4906800000.0,1897900000.0,2169300000.0,1964700000.0,1456900000.0,497400000.0,10400000.0,0.6943060901064071,0.2685504867557165,0.20614953588408422,0.30695324881141045,,,,,,,,,,,,,-0.07915618851551198,-0.08186286866649861,,,,,,,,,,,0.0,,250368507904.0,0.278,1.56,GILLETTE.NS,,,,,0.201786345927272,34.83870967741935,38.17204301075269,31.3915857605178,,95.6989247311828,,83.4061135371179,32.18514531754575,36.51399491094148,,41.61220043572985,17.802197802197803,78.80434782608695,76.97715289982425,,51.160161060621114,Q3 (Medium)
2026-08-31,239.0,239.0,217.0,225.3000030517578,79064,0.03848815958042029,0.1779776718737971,,,0.4642465428501742,60.44451601366603,1.0093661932931188,,0,1623433000.0,655083000.0,162128000.0,286806000.0,165994000.0,90865000.0,26119000.0,50891000.0,0.4035171146576422,0.09986737980563411,0.055970896242715285,0.17666636073062456,4393793000.0,2510443000.0,3092344000.0,1320928000.0,2155783000.0,1860564000.0,5917000.0,955692000.0,1.9005146381937548,0.5713612361802206,1.158671779094941,0.645014629972417,0.044470479543360586,0.8381445593024903,0.14670359437721214,-5.958256029684601,0.7792708120079657,6163525000.0,204349000.0,479508000.0,918005000.0,0.1547010889314179,0.046508563330134124,0.1251531109882076,1.0,2.028968410664772,4621182464.0,0.046,,BBTCL.NS,,,,,0.35717337981752595,77.31182795698925,65.16129032258064,51.7799352750809,,22.150537634408607,,25.87336244541485,73.19698600645856,15.330788804071247,20.30716723549488,81.04575163398692,45.824175824175825,35.434782608695656,,95.09306260575296,50.567311223540685,Q3 (Medium)
2026-08-31,89.75,105.0,87.0999984741211,90.69000244140625,66241,0.011149514692602391,-0.08245643664962432,,,0.297880322886875,54.606471902287936,3.130190942957163,,0,1033895000.0,577185000.0,-71439000.0,12734000.0,-15104000.0,-38876000.0,-10292000.0,34064000.0,0.5582626862495708,-0.06909695858863811,-0.03760149725068793,0.012316531175796381,5528960000.0,1365040000.0,2949549000.0,2579411000.0,2490912000.0,2365451000.0,28734000.0,1329136000.0,0.529206086195647,0.2468891075355944,1.0530389342243827,0.4911435493696551,-0.03221533804294818,-1.8555457746478874,-0.005275270402105847,-2.9069014568107128,-0.33158364390320716,4308725000.0,94653000.0,124481000.0,349697000.0,0.03669558670564714,0.017119494443801366,0.031558510930925494,1.0,1.4506544449589072,1935537408.0,0.35,,GILLANDERS.NS,,,,,0.34837050954442617,18.817204301075268,53.65591397849462,94.71413160733549,,70.64516129032259,,17.358078602620086,58.77287405812702,47.837150127226465,13.993174061433447,9.586056644880173,24.285714285714285,7.608695652173914,,68.02030456852792,42.35296394519543,Q2 (Low)
2026-08-31,359.5,364.5,356.25,357.20001220703125,2813294,-0.015164046911750773,-0.06589953475855637,,,0.24314766180306374,41.59784107341022,1.1603500890453249,,0,134586300000.0,,,,,25325900000.0,7292800000.0,,,,0.18817591389316743,,2057327900000.0,,1352519700000.0,704808200000.0,,,284888800000.0,,,,,,0.06229670457173486,0.46760659689625994,0.021472846624584152,0.0134981551587523,,538550800000.0,96623800000.0,,,0.13709233235368146,0.046965678149798094,,1.0,,626671681536.0,0.34,3.71,GICRE.NS,,,,,0.41213151420643335,23.978494623655912,36.88172043010753,60.30204962243797,,86.88172043010752,,90.39301310043668,26.695371367061355,45.92875318066158,,72.98474945533769,51.098901098901095,97.82608695652173,95.07908611599298,,59.20332975874813,Q5 (Highest)
2026-08-31,4210.845111366437,4338.89990234375,4167.10009765625,4177.2001953125,141801,0.02807684066532623,-0.04826606745893036,,,0.19789189846517144,47.84150717703349,0.7017281998019474,,0,11008000000.0,5439000000.0,1653000000.0,2495000000.0,2119000000.0,1621000000.0,443000000.0,55000000.0,0.4940952034883721,0.15016351744186046,0.1472565406976744,0.22665334302325582,56994000000.0,818000000.0,27337000000.0,29657000000.0,49183000000.0,25675000000.0,14146000000.0,21355000000.0,0.027582021108001484,0.014352387970663578,1.9155988315481987,1.0838558909444986,-0.004881576568432466,0.6938349007314524,0.051987767584097844,0.13119330076762048,0.2000962000962001,56750000000.0,6892000000.0,7797000000.0,9687000000.0,0.2323903294331861,0.12092500965013861,0.2558490566037736,1.0,2.3418623012948734,187732115456.0,,3.59,BAYERCROP.NS,,,,,0.2446426891867404,28.172043010752688,61.505376344086024,28.91046386192017,,96.7741935483871,,79.6943231441048,41.442411194833156,,53.92491467576792,78.54030501089323,30.10989010989011,76.30434782608695,94.5518453427065,22.33502538071066,56.15100929667595,Q4 (High)
2026-08-31,177.89999389648438,177.89999389648438,157.0,159.02000427246094,51471,0.01733738568354415,-0.04943504899021001,,,0.3196116123525112,61.505069852627805,0.45190065587570316,,0,1275101000.0,85999000.0,-387004000.0,6147000.0,6147000.0,-55874000.0,-35527000.0,97548000.0,0.06744485338808455,-0.3035085063849844,-0.043819273924183264,0.004820794588036556,8881843000.0,6014043000.0,8962874000.0,-81031000.0,2277976000.0,5035671000.0,15312000.0,397261000.0,-74.21903962680949,0.677116562407149,0.452367916807909,0.3734785294750193,-0.1321894113715698,-0.4972556641292807,-0.05506917086849683,-1.4424156524906369,-0.978691098931955,5214091000.0,-322884000.0,-666815000.0,-97719000.0,3.9846972146462467,-0.03635326587060816,-0.11239063733563998,0.0,0.20397778929440652,2226279936.0,0.61,,GLOBALVECT.NS,,,,,0.2543803375342628,27.8494623655914,56.88172043010753,11.434735706580366,,62.1505376344086,,18.5589519650655,74.81162540365986,77.98982188295165,3.4129692832764507,25.816993464052292,13.296703296703297,5.326086956521739,,0.1692047377326565,35.17992087511009,Q1 (Lowest)
2026-08-31,2.049999952316284,2.180000066757202,1.9900000095367432,2.0,2204195,-0.07407411086706317,-0.1967871516706966,,,0.20144076214826181,23.07690191550995,1.4358120920091575,,0,1594603000.0,186563000.0,78641000.0,101906000.0,89387000.0,20185000.0,23682000.0,45520000.0,0.1169965188827564,0.049316977329153404,0.012658323106127356,0.06390681567763261,,,,,,,,,,,,,0.01852581663631625,-0.5478068013799902,0.051903760156366996,-0.3073333104560585,0.1838934907118046,5871466000.0,79437000.0,279084000.0,343805000.0,,,,0.0,,900837568.0,0.525,,GLOBE.NS,,,,,0.31710731220888355,4.623655913978494,12.795698924731184,71.52103559870551,,95.80645161290323,,9.497816593886462,3.552206673842842,69.97455470737913,,24.40087145969499,38.24175824175824,33.80434782608695,,,40.94789317019781,Q1 (Lowest)
2026-08-31,693.0999755859375,747.5,693.0999755859375,720.5,3807114,0.08565160035286268,0.04321237389416854,,,0.41957530358332684,63.751844021665846,2.1589577793017094,,0,8276260000.0,4670370000.0,457360000.0,1424310000.0,374300000.0,22080000.0,15970000.0,336250000.0,0.5643092411306556,0.055261676167737604,0.0026678717198348047,0.1720958500578764,37784500000.0,13865700000.0,21828510000.0,15955990000.0,16518210000.0,9599390000.0,92850000.0,7075870000.0,0.8689965335902066,0.36696793658775423,1.7207562147178102,0.983639585431991,-0.12390955253678226,-0.9665970772442589,-0.09922572415579556,-0.9623843677064345,-0.28281755103273953,35023750000.0,1662240000.0,3206480000.0,7792570000.0,0.10417655062456169,0.043992642485675346,0.10752174004893754,1.0,1.7705649141843878,92604088320.0,0.379,1.25,BATAINDIA.NS,,,,,0.33481919584096637,55.26881720430108,79.89247311827957,87.70226537216828,,31.505376344086017,,69.54148471615721,79.22497308934338,51.27226463104325,47.269624573378834,15.577342047930284,13.956043956043956,29.891304347826086,70.298769771529,82.74111675126903,54.27612372822372,Q4 (High)
2026-08-31,139.00999450683594,145.13999938964844,138.9199981689453,145.0,35505115,0.04670469412918288,0.068478407284982,,,0.30961020393858296,45.450305638922416,0.7549627903376972,,0,95564400000.0,,,,,33025800000.0,10284100000.0,131558400000.0,,,0.34558685033338776,,12093237100000.0,1153757500000.0,11181633600000.0,909896500000.0,,,1022475000000.0,,1.2680096032900445,0.09540518311676863,,,-0.050838771192753485,0.06957146928517766,-0.0046339260884101785,0.2692564892889262,,368565000000.0,110321900000.0,,,0.12124664728350971,0.009122611182410374,,1.0,,660136787968.0,0.777,3.21,BANKINDIA.NS,,,,,0.4501454457661112,60.967741935483865,67.74193548387096,32.5782092772384,,65.80645161290323,,90.72052401746726,35.30678148546825,88.99491094147582,,52.8322440087146,20.76923076923077,98.15217391304348,92.2671353251318,91.87817258883248,63.20103409059073,Q5 (Highest)
2026-08-31,34.29999923706055,34.29999923706055,34.29999923706055,34.29999923706055,0,0.0,0.0,,,0.0,,,,0,0.0,0.0,-20186000.0,-18682000.0,-20045000.0,-27956000.0,0.0,43000.0,,,,,32411000.0,110525000.0,112924000.0,-76704000.0,19416000.0,2156000.0,158000.0,0.0,-1.4409287651230704,3.4101076794915306,9.00556586270872,9.00556586270872,,-1.0444991301053583,,-0.8280223430694653,13.909816440542697,0.0,259961000.0,-28014000.0,748712000.0,-3.389145285773884,8.02076455524359,-0.8283019425800539,1.0,-4.715130665514794,134161368.0,0.012,,ALPSINDUS.NS,,,,,0.3755171676956169,42.68817204301075,47.795698924731184,,,99.83870967741936,,1.0917030567685588,,12.595419847328243,94.19795221843003,14.4880174291939,,14.728260869565219,,1.8612521150592216,41.952345745433774,Q1 (Lowest)
2026-08-31,327.04998779296875,348.8999938964844,318.20001220703125,322.04998779296875,1895868,-0.004789920523212365,0.1840073080623852,,,0.7088424844429785,40.24496814079193,0.8610507796871936,,0,2228387000.0,1401132000.0,263284000.0,693512000.0,347346000.0,164899000.0,55450000.0,126997000.0,0.6287651112665799,0.11815003408294879,0.073999264939169,0.311217037256096,,,,,,,,,,,,,0.1362445989314629,1.0750103814065861,6.013679775151992e-05,-0.259210508582698,-0.06194060638031662,8380228000.0,534062000.0,923270000.0,2584902000.0,,,,0.0,,16938535936.0,0.187,,GOCOLORS.NS,,,,,0.17710533946184726,78.27956989247312,43.87096774193549,42.28694714131607,,1.827956989247312,,44.65065502183406,24.32723358449946,27.735368956743002,,84.0958605664488,67.6923076923077,45.326086956521735,,,47.33953030288845,Q2 (Low)
2026-08-31,407.5,449.6499938964844,405.1000061035156,438.25,2166880,0.0689024390243902,0.430553260220649,,,0.4460174586705043,69.04151046810608,3.478730227673156,,0,23329000.0,19478000.0,-88273000.0,660489000.0,653414000.0,751467000.0,215687000.0,38467000.0,0.8349264863474646,-3.7838312829525482,32.211710746281454,28.3119293583094,35551162000.0,6152000.0,4121777000.0,31429385000.0,33664059000.0,3130846000.0,71198000.0,9630000.0,0.0001957403875386044,0.0001730463831252548,10.75238417986704,10.74930833391358,0.2830821691783083,-0.6426216316858013,-0.6309344892502887,2.272127564150015,0.13336913958604302,97631000.0,15219948000.0,-337656000.0,3974260000.0,0.484258537034689,0.42811393900430034,-0.010741219404013999,1.0,2.3317069579891645,21725143040.0,0.801,2.52,GOCLCORP.NS,,,,,0.3427834560355163,95.26881720430107,75.6989247311828,95.90075512405609,,25.80645161290323,,48.47161572052402,87.19052744886974,89.94910941475827,94.88054607508532,21.67755991285403,83.73626373626374,66.84782608695652,88.31282952548331,6.937394247038917,65.37857472268513,Q5 (Highest)
2026-08-31,3025.0,3091.5,3004.5,3020.0,4248517,-0.020625274238572744,0.25617428378308116,,,0.3119847020384906,30.882706843420294,0.6778364231359779,,0,329239800000.0,112605600000.0,30932900000.0,10648800000.0,10648800000.0,-11602300000.0,2190400000.0,24142600000.0,0.34201697364656397,0.09395249298535596,-0.035239664220425355,0.03234359879941611,,,,,,,,,,,,,0.014940823340570342,4.256807575551629,0.49918856893065944,-2.310653728409566,-0.6423444694850188,,,,,,,,0.0,,4297379807232.0,0.808,0.04,ADANIENT.NS,,,,,0.3778951773597511,86.7741935483871,33.44086021505376,27.40021574973031,,64.94623655913978,,99.34497816593887,10.22604951560818,90.71246819338423,,95.42483660130719,36.92307692307693,94.23913043478261,1.5817223198594026,,56.06758454841789,Q4 (High)
2026-08-31,387.45001220703125,392.0,375.0,383.5,49809,-0.024793388429752095,-0.052384510915670646,,,0.33131506912813113,62.90442653856487,0.37149093737111266,,0,656400000.0,97442000.0,-51055000.0,-543000.0,-7546000.0,-65836000.0,0.0,58290000.0,0.14844911639244363,-0.07778031687995125,-0.10029859841560024,-0.0008272394881170018,,,,,,,,,,,,,-0.6735244438873869,-2.465268967973114,-0.6705110391852929,-0.1721345488839987,-0.9910643759873617,5625164000.0,-468658000.0,-200637000.0,-95525000.0,,,,0.0,,3509428480.0,1.225,,GOACARBON.NS,,,,,0.1837969409075082,26.7741935483871,30.430107526881724,7.874865156418555,,58.27956989247312,,22.816593886462883,77.61033369214209,98.47328244274809,,6.862745098039216,2.0879120879120876,14.728260869565219,,,39.72919094673534,Q1 (Lowest)
2026-08-31,315.0,341.0,312.0,332.20001220703125,1394755,0.015591580581938658,0.11271152500397119,,,0.43850281781143324,56.54708614685711,1.1674238451733758,,0,11678910000.0,2272410000.0,411530000.0,567070000.0,415020000.0,204610000.0,55760000.0,154650000.0,0.1945738086859133,0.035237021263114454,0.017519614416071364,0.048555044948544,,,,,,,,,,,,,0.027750082060479242,-0.4893686049413526,0.24217426310812917,-0.382122905027933,-0.21662430237055863,42722780000.0,1430800000.0,2322180000.0,2956450000.0,,,,0.0,,52007890944.0,0.843,,BANSALWIRE.NS,,,,,0.24869723656889062,68.38709677419355,56.12903225806451,60.62567421790723,,27.41935483870968,,60.698689956331876,63.832077502691064,93.06615776081425,,26.252723311546838,41.64835164835165,45.43478260869565,,,52.899596058487084,Q4 (High)
2026-08-31,514.9500122070312,561.9500122070312,512.0999755859375,535.5,4355065,0.06123661023132332,0.1389982068529052,,,0.34083390917477835,64.12511667825618,2.241838837302517,,0,22080000000.0,11670000000.0,4030000000.0,6070000000.0,5280000000.0,3960000000.0,1340000000.0,20000000.0,0.5285326086956522,0.182518115942029,0.1793478260869565,0.2749094202898551,113590000000.0,60000000.0,22440000000.0,91150000000.0,61510000000.0,10410000000.0,740000000.0,10180000000.0,0.0006582556226001097,0.000528215511928867,5.908741594620557,4.930835734870317,0.1062124248496994,1.6400000000000001,0.07445255474452561,0.8767772511848342,0.6767955801104972,77730000000.0,8080000000.0,5720000000.0,13780000000.0,0.08864509051014811,0.07113302227308742,0.06271242188356539,1.0,2.5009595915133374,78686740480.0,,3.36,GNFC.NS,,,,,0.5262151456183796,72.36559139784946,73.11827956989248,88.88888888888889,,54.73118279569892,,67.90393013100436,80.19375672766415,,90.44368600682594,89.65141612200436,62.1978021978022,90.32608695652173,93.32161687170475,7.952622673434856,68.07299068928614,Q5 (Highest)
2026-08-31,544.0,563.4500122070312,505.0,527.2000122070312,3063856,0.12194087902705886,0.38006185609012477,,,0.5044933462994001,59.090906463709544,0.6823489385525606,,0,4704380000.0,1689829000.0,541905000.0,735662000.0,555077000.0,382712000.0,135206000.0,37159000.0,0.35920333816570943,0.11519158741428201,0.0813522717127443,0.15637809870801253,,,,,,,,,,,,,0.1447762123816625,0.24174897146046126,0.3667259331566959,0.6648338263441795,0.43332372149570575,16046483000.0,1322341000.0,1882643000.0,2631801000.0,,,,0.0,,22633117696.0,0.493,0.57,GNA.NS,,,,,0.1971494688549233,92.90322580645162,85.91397849462365,27.939590075512406,,15.483870967741936,,49.454148471615724,69.64477933261571,64.94910941475827,,62.85403050108932,69.01098901098901,59.78260869565217,44.81546572934973,,56.18345310002664,Q4 (High)
2026-08-31,37.75,38.25,36.5,36.959999084472656,3464125,0.088018774104349,0.07943917268311473,,,0.4436171659699649,62.11265388403217,0.1522610979035794,,0,5821625000.0,1497518000.0,416663000.0,579879000.0,449196000.0,233078000.0,106044000.0,82713000.0,0.2572336761643012,0.07157159727739248,0.04003658772250016,0.09960775556652997,16477656000.0,5691612000.0,6967035000.0,9099360000.0,7371850000.0,3668389000.0,1382192000.0,2735177000.0,0.6254958590494276,0.34541393508882573,2.009560600034511,1.2639534684026148,-0.1982689370898042,-0.27485361922954865,-0.19453607920785498,-0.08544141132339034,0.10673858151399074,27916569000.0,1149762000.0,1912054000.0,2510710000.0,0.12635635912855409,0.0697770362483596,0.12927169357091609,1.0,2.8269902588086557,10909236224.0,0.613,0.7,BCLIND.NS,,,,,0.21545082616523212,62.688172043010745,80.3225806451613,1.5102481121898599,,26.55913978494624,,36.46288209606987,75.99569429494079,78.2442748091603,58.53242320819113,31.808278867102395,9.230769230769232,55.108695652173914,52.54833040421792,73.77326565143824,49.51898365329146,Q3 (Medium)
2026-08-31,126.0,128.1999969482422,121.80000305175781,123.87999725341797,145595,0.033671679417377254,0.03136585414809545,,,0.4221651190803632,39.56692995681891,0.48285030025189535,,0,3158273000.0,1900050000.0,84379000.0,296999000.0,159737000.0,46121000.0,14946000.0,98670000.0,0.6016104370964764,0.026716816437337747,0.014603234109274277,0.09403841909803237,,,,,,,,,,,,,-0.13625742445367128,-0.5985009401768926,0.03220070156127286,-4.368709371119714,0.35142673831830984,13661334000.0,371816000.0,820805000.0,1452307000.0,,,,0.0,,4240670464.0,-0.085,0.99,BANSWRAS.NS,,,,,0.178463764467797,52.04301075268817,63.01075268817205,13.3764832793959,,30.967741935483872,,24.781659388646286,22.820236813778255,7.37913486005089,,22.766884531590414,12.967032967032969,28.913043478260867,63.2688927943761,,36.15299156596505,Q1 (Lowest)
2026-08-31,106.87000274658203,107.88999938964844,104.87999725341797,107.19999694824219,34082191,-0.04140217121526302,0.13211526226939396,,,0.2486481606297652,33.92590214815614,0.4825162547599147,,0,39381600000.0,17884600000.0,10315100000.0,12522200000.0,12522200000.0,3023500000.0,-981800000.0,9499100000.0,0.45413594165803317,0.2619268897149938,0.07677443273000589,0.31797082901659657,547642700000.0,432825200000.0,563134400000.0,-24797600000.0,97923700000.0,127084900000.0,6102400000.0,5401800000.0,-17.45431815982192,0.7903423162583926,0.7705376484539076,0.7280322052423223,-0.013988377653648021,1.4817368464253469,0.37537281636131237,-2.272570394376868,0.6491334351788443,148074100000.0,1755000000.0,41760600000.0,44424200000.0,-0.07077297803013195,0.0032046441959328593,0.10234748825814724,1.0,0.21854994141253045,1131922194432.0,0.573,,GMRAIRPORT.NS,,,,,0.5325974780905753,71.29032258064515,21.935483870967744,13.268608414239482,,85.3763440860215,,94.43231441048034,14.42411194833154,74.42748091603053,8.70307167235495,88.23529411764706,27.692307692307693,0.7608695652173914,,0.338409475465313,43.39230791664724,Q2 (Low)
2026-08-31,3652.0,4250.0,3652.0,4091.0,1301777,0.1844030944105075,0.09654814528821087,,,0.3280352869972251,70.20548252408359,4.426871753343038,,0,48200600000.0,10384500000.0,4632000000.0,5266800000.0,4854500000.0,3602900000.0,1324200000.0,52100000.0,0.2154433762235325,0.09609838881673673,0.074748032182172,0.10926834935664702,,,,,,,,,,,,,0.4015835952788738,4.230691056910569,0.28892050240533096,1.622197962154294,1.1728619167457404,161601900000.0,6429900000.0,8009000000.0,10213500000.0,,,,0.0,,177081548800.0,0.379,0.61,BASF.NS,,,,,0.373302445771762,66.12903225806451,92.79569892473118,98.38187702265373,,59.67741935483871,,78.60262008733623,88.91280947255113,51.27226463104325,,95.20697167755992,88.13186813186813,90.1086956521739,46.57293497363796,,70.3861461457639,Q5 (Highest)
2026-08-31,855.0,1028.5,841.0,987.2999877929688,7272164,0.29248150278856455,0.14647394151409987,,,0.3438774961682384,82.57344782237931,3.9617838603695232,,0,9435500000.0,5231100000.0,329300000.0,982700000.0,560900000.0,171800000.0,105000000.0,302500000.0,0.5544062317842192,0.03490011128186106,0.018207832123363892,0.10414922367654073,40235500000.0,10414000000.0,27905600000.0,12045000000.0,24257900000.0,15161900000.0,6353800000.0,6368900000.0,0.8645911166459112,0.2588261609772465,1.5999248115341744,1.1798653203094598,0.06796830786644037,-3.1501877346683353,0.17725956979587765,-0.585824493731919,-0.1925225965488907,34281900000.0,-66100000.0,2108900000.0,2721200000.0,-0.005487754254877543,-0.0016428278510270782,0.09389999554744201,0.0,1.5884248984106075,44386267136.0,,0.2,GMMPFAUDLR.NS,,,,,0.31885762417038804,73.9784946236559,97.5268817204301,97.6267529665588,,53.763440860215056,,58.951965065502186,97.6318622174381,,43.515358361774744,5.555555555555555,52.41758241758242,55.00000000000001,14.762741652021088,82.57191201353638,58.886836496951354,Q5 (Highest)
2026-08-31,562.0,603.6500244140625,554.0,582.7999877929688,10037804,-0.005630417898703555,-0.0937645624042025,,,0.34832272940193654,51.98254336959326,1.8999240006222013,,0,9066400000.0,3440500000.0,1577100000.0,2338600000.0,2338600000.0,1634300000.0,642400000.0,66100000.0,0.3794780728844966,0.17394996911673874,0.18025897820524134,0.2579414100414718,,,,,,,,,,,,,0.11373994226398865,-0.15796795301148947,0.2375648375648376,-0.0020760823105574477,0.039655019116208834,28274200000.0,9563300000.0,3395400000.0,12840900000.0,,,,0.0,,185330401280.0,0.349,1.73,GMDCLTD.NS,,,,,0.25234567316882717,16.559139784946236,42.90322580645161,83.38727076591155,,52.25806451612903,,79.36681222707423,51.991388589881595,47.58269720101781,,37.03703703703704,63.73626373626373,82.71739130434783,79.34973637961336,,55.79260182324493,Q4 (High)
2026-08-31,1390.0,1427.0,1365.699951171875,1372.4000244140625,8172425,-0.07681955673843166,0.04923549267130167,,,0.36146105131380213,23.324312362779395,0.5824083623677756,,0,43230000000.0,42880000000.0,29590000000.0,42150000000.0,31890000000.0,8450000000.0,2630000000.0,20010000000.0,0.9919037705297248,0.6844783715012722,0.19546611149664586,0.9750173490631506,,,,,,,,,,,,,0.2989783653846154,1.1284634760705288,0.15557337610264632,0.18513323983169716,0.3045496750232126,129080000000.0,,,,,,,0.0,,2260584628224.0,1.083,,ADANIGREEN.NS,,,,,0.4901549640162314,56.55913978494623,11.935483870967742,21.143473570658035,,47.634408602150536,,97.48908296943232,3.767491926803014,97.96437659033079,,84.640522875817,83.95604395604396,94.8913043478261,,,56.66542189966506,Q4 (High)
2026-08-31,902.6500244140625,915.5499877929688,895.0,908.3499755859375,93977,-0.059240860577066234,0.0020586687257617697,,,0.23124686176263384,39.98581459800541,0.2919540413077559,,0,1995800000.0,625100000.0,449500000.0,520000000.0,505000000.0,377400000.0,126900000.0,700000.0,0.31320773624611686,0.2252229682332899,0.1890971039182283,0.26054714901292714,,,,,,,,,,,,,-0.013591657193693485,-0.3020159053079342,0.17864524892222278,-0.3757856434005954,-0.24790280590107028,7669100000.0,1596800000.0,1768600000.0,2151100000.0,,,,0.0,,20753002496.0,0.306,0.99,GMBREW.NS,,,,,0.19684323356154876,43.97849462365591,17.096774193548388,5.93311758360302,,90.43010752688173,,47.59825327510917,24.004305705059203,40.33078880407125,,31.045751633986928,28.021978021978022,58.369565217391305,63.2688927943761,,43.3385352919774,Q2 (Low)
2026-08-31,26.059999465942383,27.899999618530273,26.059999465942383,27.040000915527344,233191,0.07287514990966626,0.14344132352802408,,,0.4539586222563418,62.268208967325215,0.6639694106002382,,0,2207106000.0,698454000.0,134499000.0,212911000.0,143092000.0,13777000.0,17804000.0,111537000.0,0.3164569350090118,0.06093907587583016,0.00624211070968046,0.09646614163524543,9841612000.0,3969396000.0,5105380000.0,4736232000.0,4304493000.0,4056972000.0,28128000.0,1948103000.0,0.8380915461911495,0.4033278288150356,1.0610112665308018,0.5808248121998377,0.08245858826125874,-0.3903982300884956,-0.021331466251746534,-0.2526310079201476,-0.028943203637740167,8703240000.0,137487000.0,581919000.0,925097000.0,0.029028772239197743,0.013969967521580815,0.06684400022606066,1.0,1.6362353646943204,2161074176.0,0.783,0.92,BASML.NS,,,,,0.2866578698632479,73.33333333333333,77.09677419354838,26.321467098166128,,24.3010752688172,,17.903930131004365,76.42626480086115,89.31297709923665,14.505119453924914,29.08496732026144,56.7032967032967,31.41304347826087,60.45694200351493,81.7258883248731,50.57233861393995,Q3 (Medium)
2026-08-31,669.4000244140625,710.0,662.0,697.4500122070312,18260,0.08006196238022656,0.10047245978111352,,,0.3242235139468038,62.50549316111502,1.5002861555376712,,0,3783965000.0,1632480000.0,244897000.0,487079000.0,325538000.0,82052000.0,46768000.0,196718000.0,0.4314204808976827,0.06471967896108975,0.021684132913491538,0.1287218565710835,25108601000.0,9591956000.0,14222024000.0,10886577000.0,10304889000.0,8370932000.0,54993000.0,5018953000.0,0.8810809862457226,0.3820187353329642,1.2310324585123855,0.631463258810369,-0.010957459015386473,-12.032943391152346,0.3594811936096607,-4.533373525105503,0.9661132572042126,14267256000.0,181360000.0,865312000.0,1651615000.0,0.016659047191784893,0.007223022899603208,0.04225458923253927,1.0,1.3104468703772065,7632376832.0,,2.87,GLOSTERLTD.NS,,,,,0.3981105420227962,66.55913978494624,78.70967741935485,73.2470334412082,,60.86021505376344,,31.986899563318776,76.85683530678149,,24.744027303754265,1.3071895424836601,28.68131868131868,43.586956521739125,90.15817223198594,83.24873096446701,53.99641305434144,Q4 (High)
2026-08-31,888.0,936.0,882.5999755859375,906.2999877929688,583322,-0.01654820704465787,-0.035851076815990646,,,0.28749927300818207,46.452038242843905,0.7028652503073667,,0,7887841000.0,2592576000.0,511020000.0,792823000.0,528421000.0,265881000.0,98636000.0,156591000.0,0.32868005326172267,0.06478578865877241,0.03370770277950583,0.10051204125438126,,,,,,,,,,,,,0.2474614564912161,0.2458052394094301,0.12710251795605676,0.4904395401113284,0.3277982100030816,27991921000.0,1005355000.0,1820546000.0,2908182000.0,,,,0.0,,26355511296.0,0.421,0.3,GLOBUSSPR.NS,,,,,0.19000541220653244,31.182795698924732,35.376344086021504,29.018338727076593,,73.54838709677419,,51.20087336244541,38.428417653390746,56.04325699745547,,62.96296296296296,81.75824175824175,53.586956521739125,22.671353251318102,,49.05186187442338,Q3 (Medium)
2026-08-31,100.0,100.5999984741211,95.25,97.48999786376953,3925653,-0.015650272995048065,-0.07055011506282083,,,0.3138619843011742,50.96982776339047,1.0394285820016897,,0,20040900000.0,7738200000.0,2826300000.0,5708100000.0,3947700000.0,-1117200000.0,1158100000.0,3924700000.0,0.3861203838150981,0.1410266006017694,-0.05574599943116327,0.2848225379099741,170499200000.0,115935800000.0,149412900000.0,19038300000.0,64382500000.0,43909100000.0,5604700000.0,4991100000.0,6.0896088411255205,0.6799785570841388,1.4662678123669126,1.3525988918014717,0.07230224295865084,-0.3370913190529876,0.15351940001266273,-3.555352241537054,-0.19479475243334743,73318600000.0,6003400000.0,9410400000.0,31056400000.0,0.31533277656093245,0.03521072239635142,0.06972004258594797,1.0,0.8068525248212308,76141395968.0,0.824,,GMRP&UI.NS,,,,,0.39014429845929566,22.258064516129032,36.12903225806451,53.72168284789643,,63.97849462365591,,67.03056768558952,49.30032292787944,91.6030534351145,37.71331058020478,30.28322440087146,53.51648351648352,88.3695652173913,,99.15397631133672,56.20385188804115,Q4 (High)
2026-08-31,260.0,268.95001220703125,246.0,246.9499969482422,719596,-0.07144205447149343,-0.16160242002177005,,,0.3725706571658975,38.42431418219735,1.3843812329191292,,0,5641030000.0,2178124000.0,722855000.0,955018000.0,815781000.0,528848000.0,173924000.0,113009000.0,0.38612168345142645,0.1281423782536168,0.09375025482934854,0.16929851463296597,20522528000.0,5307645000.0,12639637000.0,7882891000.0,9915225000.0,8744052000.0,152534000.0,7758007000.0,0.6733119866810285,0.25862530191212313,1.1339393910283242,0.24670690430477768,0.2267042149384857,5.4087251575375666,-0.02657701536398771,-0.2647505759255474,-0.21499261860374885,19879426000.0,35276000.0,726255000.0,1081899000.0,0.004475007963448943,0.0017188915517620442,0.05505879366843015,1.0,1.706074334506938,12637906944.0,,,GODAVARIB.NS,,,,,0.4556816886307767,6.774193548387098,13.440860215053762,69.47141316073355,,43.548387096774185,,39.30131004366812,20.55974165769645,,18.43003412969283,96.18736383442265,80.10989010989012,63.04347826086957,,75.29610829103216,48.4108520232147,Q3 (Medium)
2026-08-31,149.0,157.42999267578125,148.0,152.8800048828125,576784,0.013524321098179692,0.05797501487310508,,,0.16810821777778076,60.015802407088366,1.3962798720422303,,0,2706800000.0,772300000.0,582800000.0,610700000.0,582800000.0,536800000.0,97200000.0,,0.28531845721885624,0.2153095906605586,0.19831535392345204,0.22561696468154277,112989800000.0,91187600000.0,91925800000.0,21064000000.0,7823900000.0,35262700000.0,400600000.0,,4.329073300417774,0.8070427596119296,0.2218746721039512,,0.00826938836325719,0.22865644312199596,0.008757872768605734,0.5249999999999999,-0.0004909983633387682,10686900000.0,1548200000.0,2278300000.0,2388100000.0,0.07349981010254462,0.013702121784444259,0.02029636994038392,1.0,0.08118591235669059,8232751104.0,0.589,2.94,GICHSGFIN.NS,,,,,0.22933070028830266,58.817204301075265,54.946236559139784,69.7950377562028,,98.70967741935483,,32.86026200873363,72.22820236813779,75.82697201017811,1.877133105802048,62.091503267973856,34.175824175824175,53.47826086956522,90.94903339191565,98.47715736040608,60.28216697295395,Q5 (Highest)
2026-08-31,445.0,451.95001220703125,434.20001220703125,436.04998779296875,888225,0.017975911240193376,-0.046508426348651155,,,0.2447592305632194,51.75536459326969,1.1609185188518871,,0,7742600000.0,3773300000.0,1817100000.0,2862300000.0,2590800000.0,1911800000.0,663500000.0,15500000.0,0.4873427530803606,0.2346886058946607,0.24691963939761838,0.36968201896003927,,,,,,,,,,,,,-0.020556349698296006,0.6532341750259425,-0.00922620190154455,0.2722432954016105,0.18511924478304076,31171800000.0,5576100000.0,6300300000.0,8747800000.0,,,,0.0,,39970254848.0,-0.105,2.75,GHCL.NS,,,,,0.24394789131841016,28.279569892473116,57.096774193548384,60.40992448759439,,86.34408602150538,,57.53275109170306,50.91496232508074,6.615776081424936,,77.5599128540305,26.043956043956047,83.04347826086956,89.80667838312829,,54.90985797568763,Q4 (High)
2026-08-31,0.75,0.7699999809265137,0.6200000047683716,0.6600000262260437,109187668,0.37500008537123786,0.17857147038591137,,,0.6910775518246614,68.62745075123169,1.527909537878999,,0,59950000.0,37685000.0,14310000.0,33412000.0,16898000.0,16585000.0,313000.0,0.0,0.6286071726438699,0.23869891576313595,0.27664720600500414,0.5573311092577148,1320023000.0,0.0,243957000.0,1076066000.0,242391000.0,169011000.0,12953000.0,,0.0,0.0,1.4341729236558567,,0.48024691358024696,0.4008784525720077,0.5531088082901554,0.031020763396742534,0.6162925696594428,200146000.0,71056000.0,67011000.0,131843000.0,0.0660331243622603,0.053829365094396085,0.06227406125646568,1.0,1.4018375437397679,852989440.0,0.34,,GATECH.NS,,,,,0.22115812165971782,77.63440860215054,98.70967741935483,74.11003236245955,,2.5806451612903203,,9.170305676855897,86.97524219590959,45.92875318066158,36.092150170648466,71.07843137254902,90.38461538461539,17.77173913043478,,5.245346869712352,51.04542316844282,Q3 (Medium)
2026-08-31,1480.0,1520.0,1461.199951171875,1483.4000244140625,167795,0.1386015398276339,0.4756720208293943,,,0.3572544895296475,53.17801143832853,0.3916943212860997,,0,3094600000.0,1129500000.0,307200000.0,427300000.0,377400000.0,276000000.0,93300000.0,8100000.0,0.3649906288373295,0.09926969559878498,0.08918761713953338,0.13807923479609643,,,,,,,,,,,,,-0.029814716117503193,-0.19298245614035092,-0.0018063350751564844,0.5257048092868988,0.23070276497695863,11683900000.0,845700000.0,853200000.0,1403300000.0,,,,0.0,,25815336960.0,0.289,2.24,ADOR.NS,,,,,0.1809183705055114,96.23655913978494,88.38709677419355,8.414239482200648,,49.247311827956985,,50.76419213973799,54.57481162540366,38.104325699745544,,35.83877995642701,24.505494505494504,52.826086956521735,86.55536028119508,,52.36361722591079,Q3 (Medium)
2026-08-31,173.5,186.8000030517578,171.25,180.5,2148818,0.037893141274922604,0.04528612263090226,,,0.40256592303227856,59.728517721951604,1.4926436883625454,,0,1490484000.0,517899000.0,478460000.0,475606000.0,474393000.0,344632000.0,123421000.0,7106000.0,0.3474703519125331,0.3210098196290601,0.23122153609163199,0.3190950053808025,6443207000.0,120370000.0,1898828000.0,4542638000.0,4943318000.0,1896761000.0,80713000.0,123029000.0,0.026497819108632473,0.018681690654979734,2.6061891825063883,2.5413265034445565,0.06448924322251237,0.04760601998352443,1.3956179249756095,1.6779389710396058,1.696194422870878,4958050000.0,1133921000.0,1532610000.0,1557738000.0,0.24961729285934736,0.17598705116877356,0.32867410907294176,1.0,2.5669062781934526,16794035200.0,,0.03,GARUDA.NS,,,,,0.37126299959358106,55.91397849462365,64.94623655913978,72.70765911542611,,35.59139784946237,,44.54148471615721,71.79763186221744,,72.35494880546075,50.54466230936819,51.53846153846153,57.934782608695656,0.7029876977152899,21.82741116751269,50.02677618161604,Q3 (Medium)
2026-08-31,117.88999938964844,125.80000305175781,116.93000030517578,123.56999969482422,10443694,0.24274419248816748,0.3305260676140871,,,0.4632878800307516,46.171748021433814,0.17581634246661515,,0,4721528000.0,1453255000.0,805527000.0,928009000.0,907642000.0,655977000.0,250772000.0,893000.0,0.30779336689309056,0.1706072695110566,0.13893320128568548,0.19654844787534884,,,,,,,,,,,,,0.38215079127407403,0.2713570274010304,0.3687889558244575,0.6607601282070756,0.6534799357144638,14230592000.0,2053077000.0,2414539000.0,2917232000.0,,,,0.0,,30751440896.0,0.188,3.24,BEPL.NS,,,,,0.17987783726837328,91.18279569892474,95.6989247311828,2.157497303128371,,22.47311827956989,,53.930131004366814,37.78256189451022,27.86259541984733,,64.92374727668845,87.03296703296704,68.26086956521739,92.61862917398945,,56.261589158692836,Q4 (High)
2026-08-31,735.7999877929688,863.4000244140625,732.9500122070312,811.8499755859375,892127,0.1232014240410797,0.29844058470361845,,,0.41884499607109726,58.67217913290547,2.738720643983931,,0,4264147000.0,2973414000.0,871522000.0,901532000.0,810616000.0,572554000.0,208123000.0,31219000.0,0.6973056979508445,0.20438366688578044,0.1342716374458948,0.2114214167569739,18787464000.0,428150000.0,5243224000.0,13544240000.0,11916525000.0,4352812000.0,986576000.0,3985974000.0,0.03161122366408156,0.022789132157485438,2.7376613095166986,1.821937405061372,0.1011436883581569,0.018478527694666624,-0.014186759856405384,-0.19451165983883312,-0.1591825847386097,15287863000.0,1985475000.0,2491609000.0,3173967000.0,0.1465918353484581,0.10568084122476562,0.17832375134103756,1.0,2.448509676452341,79275802624.0,,1.17,GARFIBRES.NS,,,,,0.35615120041099274,89.46236559139786,86.34408602150538,92.9881337648328,,31.61290322580645,,68.01310043668121,68.89128094725511,,74.57337883959045,48.474945533769066,61.0989010989011,66.41304347826087,67.66256590509666,23.85786802030457,61.9595048575601,Q5 (Highest)
2026-08-31,112.56999969482422,122.48999786376953,112.56999969482422,118.0,14882,0.006654144098056092,-0.07042699125149954,,,0.27438101773169005,55.597200950016266,1.6129887773595069,,0,30011000.0,19529000.0,-38165000.0,-34605000.0,-36646000.0,-27056000.0,-9610000.0,20000.0,0.6507280663756623,-1.2717003765286061,-0.9015361034287428,-1.1530772050248241,5808023000.0,,409336000.0,5398687000.0,288524000.0,42887000.0,9985000.0,22569000.0,,,6.727539813929629,6.2012964301536595,-0.7330575939515233,-2.8562019758507136,0.4980781710178206,-0.2708456853339083,-0.2992953468594338,361090000.0,26897000.0,30258000.0,54327000.0,0.004982137323389928,0.004631007831752732,,1.0,1.3934318786272024,1180435072.0,-0.093,,GANGESSECU.NS,,,,,0.3637954583450453,22.473118279569892,51.075268817204304,76.37540453074433,,77.31182795698925,,12.117903930131005,62.002152852529605,6.997455470737914,92.15017064846417,5.991285403050109,1.6483516483516485,7.82608695652174,,,41.064601766286266,Q1 (Lowest)
2026-08-31,518.3861562663636,557.2999877929688,518.0884164184632,530.5499877929688,3651814,0.07556469265005572,0.0951764468797851,,,0.34359263003751694,69.92046579174288,2.296250186253146,,0,28680300000.0,12673500000.0,3806300000.0,5511300000.0,4500900000.0,3347700000.0,1032400000.0,116000000.0,0.44188868317277014,0.1327147902915939,0.11672472045271493,0.192163261890566,100572600000.0,6351300000.0,31273600000.0,69161600000.0,54271000000.0,25658800000.0,2072400000.0,23932300000.0,0.0918327511220099,0.06315139511159103,2.115102810731601,1.1823896674825012,-0.03885427802558339,0.23458474701283372,-0.03597574502699108,0.1343136922712025,0.10400432683640148,117567900000.0,11826100000.0,15245900000.0,20029300000.0,0.1709922847360385,0.11758769287062282,0.20189795385953924,1.0,2.620810737715839,618622812160.0,,0.75,BERGEPAINT.NS,,,,,0.6876939634644048,65.91397849462366,77.63440860215054,89.64401294498381,,53.97849462365591,,90.17467248908298,88.58988159311087,,61.43344709897611,62.527233115468405,23.626373626373624,86.84782608695653,54.48154657293497,32.14890016920474,62.46671836116814,Q5 (Highest)
2026-08-31,1.7899999618530273,2.119999885559082,1.7799999713897705,2.109999895095825,50397021,-0.009389773835924098,-0.15600004196166994,,,0.8352199820883394,63.013696169445744,3.787340913477645,,0,107268000.0,35162000.0,-4479000.0,-603000.0,-4082000.0,-4627000.0,-2270000.0,2816000.0,0.32779580117089907,-0.04175522989148674,-0.043134951709736365,-0.005621434164895402,604914000.0,201063000.0,319878000.0,285036000.0,298573000.0,217134000.0,1238000.0,191369000.0,0.7053951079863596,0.33238278499092433,1.3750633249514126,0.4937227702708926,0.2085309658738832,-12.743654822335026,-0.06983923275697612,2.0045454545454544,-1.1049425687434737,356164000.0,-36538000.0,-32946000.0,-15664000.0,-0.12818731668982164,-0.06040197449554813,-0.0677763171699592,0.0,1.387751977967116,358067552.0,0.031,,GANGAFORGE.NS,,,,,0.39916879521724,7.419354838709677,40.64516129032258,97.0873786407767,,0.32258064516128115,,3.4934497816593884,77.71797631862218,14.249363867684478,32.93515358361775,1.1982570806100217,78.13186813186813,10.978260869565219,,76.31133671742809,39.366009451068365,Q1 (Lowest)
2026-08-31,112.33000183105469,125.0,111.0,120.41000366210938,911931,0.24583550709896795,0.34191462339675804,,,0.5402101981519376,63.89869774471197,0.11442861342314414,,0,1114700000.0,811930000.0,144090000.0,254870000.0,193440000.0,152940000.0,34400000.0,6100000.0,0.728384318650758,0.12926347896294968,0.13720283484345563,0.22864447833497803,8495360000.0,757960000.0,2318580000.0,6109480000.0,2437340000.0,1478190000.0,80930000.0,385500000.0,0.12406293170613539,0.08922046858520416,1.6488678721950494,1.3880759577591515,0.05829298395518845,-0.053178976041602155,0.11543618788400334,-2.159338993329291,-4.153551101212571,4114280000.0,733360000.0,696040000.0,1277820000.0,0.1200364024434158,0.08632477022751243,0.10135363395967056,1.0,1.7017388315503992,8668247040.0,0.03,,GANESHBE.NS,,,,,0.19634893870326423,91.72043010752688,95.80645161290322,0.9708737864077669,,11.290322580645167,,33.18777292576419,79.54790096878364,14.122137404580155,44.7098976109215,44.008714596949886,49.56043956043956,39.67391304347826,,36.04060913705584,46.04263088903041,Q2 (Low)
2026-08-31,19.709999084472656,22.65999984741211,18.5,20.079999923706055,56764672,0.3201840810877732,0.12872393987231168,,,0.6498810665337993,68.33333093653306,2.752321942290177,,0,3962000000.0,1458800000.0,679500000.0,795300000.0,697500000.0,406500000.0,140600000.0,150400000.0,0.36819787985865726,0.1715042907622413,0.10259969712266533,0.20073195355880868,,,,,,,,,,,,,1.5448005652257693,-2.0915682062298604,0.03924037351799381,1.0406626506024095,0.5937875751503006,12716300000.0,296000000.0,910900000.0,1344100000.0,,,,0.0,,7121795584.0,0.048,1.0,BESTAGRO.NS,,,,,0.2452716382194403,70.64516129032258,97.84946236559139,93.09600862998921,,4.193548387096783,,30.458515283842797,86.65231431646933,15.903307888040713,,8.49673202614379,97.14285714285714,60.380434782608695,63.971880492091394,,55.252681507003594,Q4 (High)
2026-08-31,1192.0,1225.0,1058.0,1064.300048828125,950103,-0.06348709177148637,0.06270598984335995,,,0.452117476539516,28.368310457185473,0.9690716013726135,,0,4236667000.0,1212713000.0,424330000.0,633098000.0,459673000.0,290348000.0,80599000.0,88726000.0,0.28624222767567054,0.10015656175007381,0.06853217399432147,0.14943303308945452,,,,,,,,,,,,,-0.000647731183538891,0.25088534082390557,0.2567080618952897,1.7000074393691413,0.5961647551791689,15682054000.0,564947000.0,985207000.0,1827330000.0,,,,0.0,,28483616768.0,-0.069,0.42,GANECOS.NS,,,,,0.21468201281581123,60.0,16.129032258064516,50.05393743257821,,24.623655913978496,,52.40174672489083,8.073196986006458,8.269720101781171,,63.39869281045751,31.318681318681318,50.65217391304348,33.567662565905096,,39.899233335025805,Q1 (Lowest)
2026-08-31,12.010000228881836,12.130000114440918,11.930000305175781,11.970000267028809,9855693,-0.04009623009568175,-0.11790710860558618,,,0.265906085938311,38.738706229659186,0.5830467993706645,,0,9931100000.0,4906000000.0,-94300000.0,794400000.0,126600000.0,-1382500000.0,0.0,1509100000.0,0.4940036853923533,-0.0094954234676924,-0.13920915105073958,0.07999113894734722,,,,,,,,,,,,,0.010315675961626525,-0.2819673834008518,0.042131883814640725,0.8564522626561031,-0.49086714093443573,37668100000.0,-7199800000.0,-1802600000.0,1490300000.0,,,,0.0,,59433926656.0,0.241,,ALOKINDS.NS,,,,,0.19126450994600389,11.720430107526882,22.258064516129032,21.251348435814453,,80.43010752688173,,62.99126637554585,21.420882669537136,33.33333333333333,,31.590413943355124,35.38461538461539,14.728260869565219,,,39.00724821082028,Q1 (Lowest)
2026-08-31,867.0099189610537,905.5,858.4548585389755,889.7000122070312,49597,0.05322692812771512,0.01774413918156914,,,0.32610657173828816,78.8359534707021,1.9458310819685871,,0,472083000.0,318193000.0,186403000.0,194867000.0,186403000.0,93648000.0,40803000.0,,0.6740191873039275,0.39485217641812986,0.1983718964673585,0.4127812270299926,3400537000.0,1017000.0,241060000.0,3159477000.0,902660000.0,147632000.0,51680000.0,555553000.0,0.0003218887176580175,0.00029907041152617953,6.114257071637585,2.3511637043459412,-0.025469581211384318,-0.524622202368564,0.08938795007234379,-0.2162297880887818,0.065551539542539,1917702000.0,683643000.0,801573000.0,997141000.0,0.2163785335357719,0.20103971813863517,0.25362269316125896,1.0,2.3120269827971285,10811634688.0,0.844,1.69,GANDHITUBE.NS,,,,,0.3574244301705027,48.17204301075269,70.21505376344086,84.57389428263214,,60.43010752688172,,36.24454148471616,95.69429494079655,93.25699745547074,90.95563139931741,25.163398692810457,25.274725274725274,41.95652173913044,78.29525483304042,7.2758037225042305,57.16721787508127,Q4 (High)
2026-08-31,9.989999771118164,10.989999771118164,9.699999809265137,9.920000076293945,177770,0.11335580765191455,0.09492269501612571,,,0.2816404955052617,67.87567634342187,1.2977943063955495,,0,130675000.0,51361000.0,-855000.0,23175000.0,17804000.0,6751000.0,6377000.0,4676000.0,0.39304381098144253,-0.006542950066960015,0.05166252152286206,0.1773483833939162,1148857000.0,264544000.0,373312000.0,775545000.0,607586000.0,309972000.0,396636000.0,,0.3411072213733568,0.23026712636994856,1.960131882879744,,-0.08789183831587177,-0.5570500623318679,0.2559469460329664,-1.8593431771894093,2.2900340715502554,486582000.0,38096000.0,31578000.0,90512000.0,0.04912158546570476,0.03315991459337411,0.030360863349194155,1.0,1.730620085876658,541914944.0,,,ADROITINFO.NS,,,,,0.2566505232022487,65.80645161290323,84.51612903225806,66.66666666666666,,74.94623655913978,,6.004366812227074,85.89881593110871,,56.484641638225256,24.18300653594771,17.252747252747252,24.23913043478261,,55.668358714044,50.77777007933669,Q3 (Medium)
2026-08-31,224.77999877929688,250.0,223.52000427246094,242.7100067138672,16443044,0.26696927116766567,0.7357649749455004,,,0.6800881310992483,55.203949740552765,0.4786884210058224,,0,17319300000.0,3705400000.0,2734800000.0,2843400000.0,2765000000.0,1922900000.0,578700000.0,127400000.0,0.21394629113185867,0.15790476520413643,0.11102642716507018,0.16417522648143978,,,,,,,,,,,,,0.5840291941428795,3.7268928220255653,0.9180583857535218,6.330918795272589,4.8446043165467625,50522730000.0,3014150000.0,4391820000.0,4836960000.0,,,,0.0,,23756341248.0,0.509,1.34,GANDHAR.NS,,,,,0.22563956340067556,99.13978494623656,96.66666666666667,13.052858683926646,,3.118279569892465,,50.0,61.03336921420882,67.68447837150127,,94.44444444444444,91.97802197802197,81.41304347826087,72.58347978910369,,62.07429514281757,Q5 (Highest)
2026-08-31,468.5,487.6000061035156,460.04998779296875,469.54998779296875,279622,0.05564298713856952,0.164968566502115,,,0.45267785422565543,48.613957119993586,0.1404951264813466,,0,330960000.0,330300000.0,302760000.0,1516150000.0,1515410000.0,1142350000.0,373060000.0,0.0,0.9980058013052937,0.9147933284989123,3.451625574087503,4.581067198452986,93938420000.0,1000000.0,8551960000.0,85386460000.0,37215500000.0,85400000.0,991400000.0,,1.1711458702000293e-05,1.0645271657751961e-05,435.77868852459017,,1.386845521419299,0.2780251499149735,0.34558464791022936,-35.335737902013825,-28.71248400658015,719890000.0,2820100000.0,637420000.0,3757820000.0,0.033027484685511026,0.030020730602026306,0.007465030579431687,1.0,1.8077577523658583,17686835200.0,0.318,2.13,BFINVEST.NS,,,,,0.3149667906454714,76.23655913978494,71.07526881720429,1.2944983818770228,,24.516129032258064,,45.414847161572055,43.48762109795479,41.66666666666667,99.14675767918088,65.359477124183,96.92307692307692,74.1304347826087,85.32513181019333,6.091370558375635,55.377855944995765,Q4 (High)
2026-08-31,644.0,644.0,603.1500244140625,605.5,718603,-0.08645140140054874,-0.25896460887078165,,,0.48296096897955565,47.25191863995698,0.6662328292650415,,0,12048131000.0,3388294000.0,1508144000.0,2089147000.0,1753381000.0,1228308000.0,387836000.0,137237000.0,0.2812298438654095,0.1251765937803963,0.1019500866980945,0.17340009002226153,42696176000.0,5476870000.0,9533828000.0,33162348000.0,20074313000.0,6801672000.0,1016548000.0,5507462000.0,0.16515326357470225,0.12827542213616508,2.9513791608886755,2.1416573748337173,0.12223845761700369,0.22328397272402234,0.07734093544331766,0.08056076542228063,0.04531096688713898,44783173000.0,5133432000.0,6395860000.0,8260260000.0,0.1547970005018945,0.1202316572800337,0.16552767708704663,1.0,2.644822025747692,146095603712.0,0.88,0.14,GALLANTT.NS,,,,,0.5014543394045821,1.6129032258064515,10.43010752688172,26.537216828478964,,18.602150537634415,,75.0,40.04305705059203,94.0203562340967,76.96245733788396,61.546840958605664,64.94505494505495,74.45652173913044,9.92970123022847,40.10152284263959,46.27919269713556,Q2 (Low)
2026-08-31,1950.9000244140625,2114.0,1940.0,2066.699951171875,96231,0.04420147486066606,0.11702160227067293,,,0.26630430008355044,73.508774047061,2.0127985089061027,,0,13147000000.0,3395700000.0,883900000.0,1218900000.0,886700000.0,624300000.0,177600000.0,84800000.0,0.2582870616870769,0.06723206815243021,0.04748611850612307,0.09271316650186354,38741800000.0,2354700000.0,11293500000.0,27448300000.0,24428400000.0,10164100000.0,1091200000.0,7937200000.0,0.08578673360463125,0.06077931329984668,2.403400202674118,1.6224948593579362,-0.011124566563118221,0.05867390198405964,0.14827980749914849,-0.17714511664689603,-0.09496584496584493,52482800000.0,2673800000.0,3521700000.0,4856300000.0,0.0974122258937712,0.06901589497648535,0.11816595644733752,1.0,2.863927076181282,73274335232.0,0.474,1.06,GALAXYSURF.NS,,,,,0.44984838195927535,69.56989247311827,66.66666666666666,85.54476806903992,,80.21505376344086,,66.48471615720524,91.71151776103336,62.531806615776084,67.4061433447099,51.525054466230934,28.57142857142857,63.58695652173913,65.5536028119508,31.810490693739425,62.078539861071945,Q5 (Highest)
2026-08-31,580.0,595.9500122070312,553.0499877929688,558.5999755859375,251458,-0.0011623145535315516,0.021953897797262867,,,0.531393682733961,22.907478622568092,0.16283456547057976,,0,2349676000.0,2287278000.0,1615072000.0,1856087000.0,1679587000.0,416398000.0,464942000.0,187082000.0,0.9734439982363526,0.6873594487069706,0.17721507135451867,0.7899331652534222,,,,,,,,,,,,,0.014418821920339386,-0.020002494722250352,0.1197731550980532,0.20005648708002144,0.1650261239841022,8852158000.0,1582231000.0,6011912000.0,6863196000.0,,,,0.0,,21041135616.0,0.415,,BFUTILITIE.NS,,,,,0.18275926626101155,49.67741935483871,46.236559139784944,1.9417475728155338,,12.258064516129025,,47.92576419213974,3.4445640473627552,55.279898218829516,,45.64270152505447,36.7032967032967,77.17391304347827,,,41.75226188758198,Q1 (Lowest)
2026-08-31,1755.0,1817.5999755859375,1668.0999755859375,1787.800048828125,2219751,-0.015582802234597182,-0.001522498992704513,,,0.29997987864053266,52.03577699736611,2.139259604970443,,0,17941700000.0,8457800000.0,2490400000.0,2814900000.0,2590200000.0,1798200000.0,651300000.0,140700000.0,0.4714046049148074,0.13880512994866706,0.10022461639643958,0.1568914874287275,70105500000.0,3088400000.0,40774400000.0,29338100000.0,57708700000.0,28656600000.0,67700000.0,23381100000.0,0.10526925738203906,0.04405360492400739,2.0138013581513508,1.1978950747820747,0.6562537502192436,-9.03485254691689,1.0486771640955959,6.36665301106104,3.3392939725605055,51639600000.0,3808800000.0,5662600000.0,6745500000.0,0.12982435808726536,0.05432954618396559,0.17462877584691533,1.0,1.9416895963940062,148904083456.0,0.676,0.75,BEML.NS,,,,,0.2482982117310694,41.935483870967744,36.344086021505376,87.59439050701187,,69.89247311827957,,75.32751091703057,52.09903121636168,83.33333333333334,59.044368600682596,2.3965141612200433,93.07692307692308,82.82608695652173,54.48154657293497,34.179357021996616,58.16874035831794,Q5 (Highest)
2026-08-31,0.5400000214576721,0.5899999737739563,0.49000000953674316,0.5099999904632568,4302891,0.15909089369714735,0.019999980926513672,,,0.48164160150492663,68.18182187632249,0.7840089750031978,,0,59950000.0,37685000.0,14310000.0,33412000.0,16898000.0,16585000.0,313000.0,0.0,0.6286071726438699,0.23869891576313595,0.27664720600500414,0.5573311092577148,1320023000.0,0.0,243957000.0,1076066000.0,242391000.0,169011000.0,12953000.0,,0.0,0.0,1.4341729236558567,,0.48024691358024696,0.4008784525720077,0.5531088082901554,0.031020763396742534,0.6162925696594428,200146000.0,71056000.0,67011000.0,131843000.0,0.0660331243622603,0.053829365094396085,0.06227406125646568,1.0,1.4018375437397679,659128192.0,0.34,,GATECHDVR.NS,,,,,0.1800130253700787,49.03225806451613,90.64516129032259,35.275080906148865,,18.924731182795696,,7.096069868995633,86.54467168998924,45.92875318066158,36.092150170648466,71.07843137254902,90.38461538461539,17.77173913043478,,5.245346869712352,46.93460060742597,Q2 (Low)
2026-08-31,58.29999923706055,60.599998474121094,55.79999923706055,56.5,14086168,-0.024684969750431995,-0.0031757287262990097,,,0.2924311925288928,42.36111869966512,2.6972391787171355,,0,5492966000.0,4117925000.0,783286000.0,843557000.0,843557000.0,488449000.0,196469000.0,134408000.0,0.7496723992101899,0.1425980062501752,0.08892263305471033,0.15357040258395918,,,,,,,,,,,,,0.029319773387093795,-0.1938135856181793,0.02683969574100975,-1.252955250469971,-1.4939561073384562,21937909000.0,2375302000.0,3240686000.0,3418827000.0,,,,0.0,,28229877760.0,,3.54,GATEWAY.NS,,,,,0.23306373427607846,41.39784946236559,30.53763440860215,92.55663430420712,,72.04301075268818,,52.29257641921398,28.74058127018299,,,35.72984749455338,42.30769230769231,65.21739130434783,94.37609841827768,,53.679954409475414,Q4 (High)
2026-08-31,2.109999895095825,2.109999895095825,1.8300000429153442,1.9800000190734863,1625178,0.09392269705427903,-0.15744676620186204,,,0.3287402309153785,61.76471928824999,1.2555600987582252,,0,145515000.0,12093000.0,8263000.0,14107000.0,14003000.0,68994000.0,213000.0,37732000.0,0.08310483455313886,0.05678452393224066,0.4741366869394908,0.09694533209634745,9904368000.0,4039152000.0,16175570000.0,-6271202000.0,9206774000.0,7316951000.0,174354000.0,,-0.644079396581389,0.40781521849753566,1.2582801224171105,,inf,-3.49589407806678,11.331779661016949,-0.9948791002583459,-2.1091280761066122,145515000.0,-12246000.0,-15684000.0,359913000.0,0.0019527356956449498,-0.0012364241716382104,0.007026724311731368,0.0,-0.638119494348352,474510784.0,0.933,,GAYAHWS.NS,,,,,0.2284016056575431,7.096774193548387,81.50537634408602,64.07766990291263,,59.46236559139785,,5.131004366812228,75.24219590958019,96.0559796437659,26.109215017064848,4.901960784313726,99.78021978021978,17.391304347826086,,3.8917089678511,46.043051656625245,Q2 (Low)
2026-08-31,188.0500030517578,191.0,172.0,173.82000732421875,72620,-0.17753378283249743,-0.25241920162228404,,,0.4758259791046024,31.536349219126222,1.3017356809450964,,0,909322000.0,525632000.0,49521000.0,86925000.0,49521000.0,8842000.0,-4547000.0,45226000.0,0.5780482601322744,0.05445925645700863,0.00972372822828437,0.09559320020850699,3620950000.0,1815580000.0,2793928000.0,827022000.0,2466093000.0,2170972000.0,1057000.0,1276773000.0,2.1953224944439205,0.5014098510059515,1.1359395699253607,0.5478283460127538,0.029429678284121685,0.37790244662614936,0.2500972640950452,-0.4322588930268396,0.0944838266957102,3485770000.0,11456000.0,161940000.0,298105000.0,0.013852110342892934,0.003163810602190033,0.06128051064821717,1.0,1.4253622115743105,2169600000.0,-0.196,,BCONCEPTS.NS,,,,,0.7496840080663923,2.043010752688172,1.6129032258064515,66.88241639697951,,20.0,,18.013100436681224,10.871905274488698,3.9440203562340965,18.600682593856654,70.26143790849673,42.417582417582416,9.239130434782608,,96.44670050761421,34.022192687014055,Q1 (Lowest)
2026-08-31,47.5,52.0,47.0,50.77000045776367,449863,0.11828191082380823,0.0726811429035672,,,0.3043237262225896,71.74928505717759,1.841669777419789,,0,7000000.0,5000000.0,-200000.0,-200000.0,-200000.0,255600000.0,43100000.0,,0.7142857142857143,-0.02857142857142857,36.51428571428571,-0.02857142857142857,27367500000.0,,1720300000.0,25647200000.0,329200000.0,2700000.0,3400000.0,,,,121.92592592592592,,0.0,0.9661538461538461,0.2727272727272727,-2.397484964461454,-1.2857142857142856,26500000.0,450300000.0,7100000.0,7200000.0,0.0175574721607037,0.016453822965195944,,1.0,1.327257513474011,5577084416.0,0.074,,GFLLIMITED.NS,,,,,0.32213393870709844,61.61290322580645,84.94623655913979,81.87702265372168,,67.74193548387098,,27.947598253275107,90.7427341227126,18.12977099236641,98.63481228668942,83.11546840958606,31.868131868131865,42.71739130434782,,,59.288933677309885,Q5 (Highest)
2026-08-31,272.3506640970094,279.2853849027697,256.04998779296875,259.70001220703125,802928,-0.18037626304703147,-0.02098364691745347,,,0.478417581935763,31.065092079490995,0.6952878033886425,,0,1672889000.0,1045136000.0,230857000.0,307522000.0,241814000.0,172852000.0,62019000.0,6943000.0,0.6247491614805286,0.1379989945537331,0.10332544478444176,0.18382690064911658,,,,,,,,,,,,,-0.14965706998029293,-0.3329397009165461,0.25895948711117733,0.13384235936188071,0.15714178205900065,7176419000.0,919645000.0,1139720000.0,1481028000.0,,,,0.0,,28531576832.0,0.574,0.46,ADFFOODS.NS,,,,,0.34283943859886307,36.236559139784944,1.5053763440860215,28.478964401294498,,19.569892473118273,,52.51091703056768,10.441334768568353,74.55470737913485,,30.392156862745097,11.758241758241757,46.73913043478261,36.99472759226713,,36.61213387897275,Q1 (Lowest)
2026-08-31,1343.5457320652708,1581.8817457139457,1331.8712411317665,1341.800048828125,12886624,-0.04098739676156027,-0.09596388140804613,,,0.4444115356876723,45.13695455740163,3.192222625546953,,0,20053600000.0,12896700000.0,10915400000.0,13847200000.0,13847200000.0,13088400000.0,559400000.0,199400000.0,0.6431114612837595,0.5443112458610923,0.6526708421430566,0.6905094347149638,,,,,,,,,,,,,0.3268228132856954,0.25357009453208046,0.66908869967623,1.5943310208126857,1.3840366372260386,62129800000.0,37468600000.0,26390800000.0,39660400000.0,,,,0.0,,191564988416.0,0.428,4.29,GESHIP.NS,,,,,0.3268553606704599,16.129032258064516,22.043010752688172,94.8220064724919,,26.129032258064512,,80.13100436681223,34.66092572658773,56.93384223918575,,63.834422657952075,84.94505494505495,80.65217391304348,95.78207381370825,,57.07083862691024,Q4 (High)
2026-08-31,1254.9000244140625,1311.9000244140625,1232.5,1294.0,5437426,-0.024353500444084464,-0.030130379735485602,,,0.31642977586805465,58.52859931894534,1.3421708257604414,,0,4886234000.0,3080590000.0,353975000.0,1744082000.0,1545620000.0,1131821000.0,407120000.0,6679000.0,0.630463051912782,0.07244331728689211,0.23163462904150722,0.35693787894726287,142614989000.0,3152000.0,100205296000.0,42409693000.0,127569704000.0,63458214000.0,8633149000.0,46256374000.0,7.432263185682576e-05,2.2101463682754973e-05,2.010294585347139,1.2813680826252059,-0.10926592516514977,0.5520981322508982,-0.72862482746203,-0.5850668635588929,-0.5623836224752616,24153596000.0,4203376000.0,1474379000.0,6471360000.0,0.09911356821187081,0.029473592007920008,0.034762558371172696,1.0,1.1608983134304347,474331873280.0,0.326,0.4,BDL.NS,,,,,0.40712930308635725,33.01075268817204,30.86021505376344,67.52966558791802,,63.225806451612904,,88.75545851528385,68.35306781485468,43.51145038167939,58.87372013651877,75.16339869281046,15.054945054945055,75.54347826086956,31.72231985940246,6.429780033840947,50.53560390211143,Q3 (Medium)
2026-08-31,77.88999938964844,79.80000305175781,75.9000015258789,77.0199966430664,1257605,-0.008241140727053953,0.12571895132212108,,,0.3109470726046083,34.97963488465595,0.6677840408299767,,0,1604037000.0,629453000.0,209176000.0,403041000.0,289356000.0,198000000.0,73837000.0,29460000.0,0.39241800532032617,0.13040596943836083,0.12343854911077487,0.2512666478391708,,,,,,,,,,,,,0.05471850712115822,0.12303468929373595,0.1441185176731563,-0.3639269479737218,-0.23621633913850937,5799307000.0,778441000.0,329459000.0,1551305000.0,,,,0.0,,21497985024.0,0.409,1.95,GEOJITFSL.NS,,,,,0.19537365151659986,70.3225806451613,41.18279569892473,26.7529665587918,,65.3763440860215,,48.25327510917031,15.608180839612487,54.13486005089059,,56.31808278867102,48.79120879120879,49.673913043478265,82.77680140597539,,50.61273393452708,Q3 (Medium)
2026-08-31,314.75,319.95001220703125,304.0,306.6499938964844,4753021,-0.001302699600672419,-0.003412474062043258,,,0.3560743835032796,41.51785379769987,0.5116881565431247,,0,15371300000.0,5521900000.0,2488900000.0,2914200000.0,2732300000.0,1717600000.0,628500000.0,425700000.0,0.3592344173882495,0.16191864058342495,0.11174071158587758,0.18958708762433887,63430600000.0,23023700000.0,41254200000.0,22176400000.0,51665400000.0,29561200000.0,2598300000.0,13525500000.0,1.0382072834184088,0.3629746526124615,1.7477436639919894,1.2902013450062921,0.36955165900424114,0.22475755847119228,0.6408830342560072,0.39291217257318944,0.34233072316904645,,,,,,,,0.0,,84819009536.0,0.339,0.8,GENUSPOWER.NS,,,,,0.2940353412671223,41.29032258064516,46.02150537634409,15.210355987055015,,49.56989247311828,,68.77729257641921,26.3724434876211,45.61068702290076,48.29351535836178,61.76470588235294,86.48351648351648,82.5,56.15114235500879,86.46362098138748,54.300600037648735,Q4 (High)
2026-08-31,26.850000381469727,28.299999237060547,26.40999984741211,27.239999771118164,71278,-0.021551737722025566,0.05704304568266427,,,0.4695980972856059,45.5621221637416,1.0110629400648536,,0,717800000.0,240900000.0,46100000.0,73100000.0,53500000.0,43800000.0,4000000.0,5700000.0,0.33560880468096965,0.06422401783226525,0.061019782669267206,0.10183895235441627,1770200000.0,222300000.0,850400000.0,919800000.0,1034100000.0,763300000.0,72800000.0,265500000.0,0.24168297455968688,0.12557903061800926,1.3547753176994628,1.0069435346521682,0.0779396305751614,1.0857142857142859,-0.048263060196234386,1.3422459893048129,0.43052837573385516,2750400000.0,114300000.0,167900000.0,261600000.0,0.12426614481409001,0.0645689752570331,0.14700989405481132,1.0,2.5644729409106315,1074263808.0,0.219,0.37,BEARDSELL.NS,,,,,0.21590690524140785,58.602150537634415,32.47311827956989,51.88781014023732,,21.18279569892472,,11.026200873362445,35.84499461786868,31.361323155216287,31.399317406143346,84.20479302832244,55.494505494505496,22.282608695652172,29.261862917398947,46.53130287648054,40.77018558142112,Q1 (Lowest)
2026-08-31,67.55000305175781,72.5,66.1500015258789,68.08999633789062,114043,-0.002928753477161594,-0.005695195676468701,,,0.2517312100250271,47.91663499268158,1.1817163823965482,,0,313956000.0,127764000.0,33773000.0,34392000.0,32187000.0,13826000.0,16874000.0,1487000.0,0.4069487444100447,0.10757239868006982,0.04403801806622584,0.1095440125367886,2421447000.0,25079000.0,558638000.0,1862809000.0,2108968000.0,525274000.0,6372000.0,133328000.0,0.013463001306092036,0.010357030321126169,4.014986464207252,3.7611608417702,0.08089982028382758,-0.2734247727153293,-0.21352328322390424,-1.6508190547919412,0.2870775794319076,1058096000.0,151658000.0,11983000.0,190470000.0,0.08141360708478432,0.06263114575706179,0.006347304501114473,1.0,2.342681256290144,1432654336.0,0.912,,ALPA.NS,,,,,0.344529749797159,40.75268817204301,44.946236559139784,61.38079827400216,,84.40860215053763,,13.973799126637553,41.76533907427341,94.97455470737913,84.98293515358361,32.13507625272331,56.15384615384615,30.869565217391305,,17.258883248730964,50.24015493935253,Q3 (Medium)
2026-08-31,113.01000213623047,122.98999786376953,112.55000305175781,121.58999633789062,5882426,0.12886451927766185,0.4256395971221787,,,0.42642962394654854,62.61046674159483,0.8537202758122833,,0,4089400000.0,1486500000.0,538200000.0,697800000.0,544800000.0,393500000.0,134400000.0,16900000.0,0.3635007580574167,0.13160854893138357,0.09622438499535384,0.17063627916075708,,,,,,,,,,,,,0.15922555772883173,0.4226319595083152,0.5273202614379084,1.9105029585798818,1.1590346534653464,14488700000.0,962000000.0,1203600000.0,1925000000.0,,,,0.0,,11622275072.0,0.663,0.49,GHCLTEXTIL.NS,,,,,0.19819070816282033,94.83870967741936,87.20430107526882,41.74757281553398,,30.322580645161295,,37.44541484716157,77.07212055974165,82.69720101781171,,71.89542483660131,71.97802197802197,59.673913043478265,39.36731107205624,,59.61617143788374,Q5 (Highest)
2026-08-31,12.079999923706055,12.850000381469727,11.949999809265137,12.359999656677246,576293,0.09574467635395756,-0.02060223702373809,,,0.34404555012755195,66.08039665178887,0.9963790356238069,,0,2375223000.0,665144000.0,128050000.0,183161000.0,128312000.0,28824000.0,-14119000.0,113607000.0,0.2800343378284902,0.053910727540108866,0.01213528161355797,0.07711318053083858,,,,,,,,,,,,,-0.02850924731464266,-0.2455240288974977,0.11467078766740779,4.307309887681827,0.059138168318549234,9656783000.0,94278000.0,504058000.0,768720000.0,,,,0.0,,3178076416.0,0.313,,GENUSPAPER.NS,,,,,0.23006482431019062,36.45161290322581,81.82795698924731,51.45631067961165,,53.655913978494624,,22.05240174672489,82.66953713670614,41.030534351145036,,33.2244008714597,24.615384615384617,6.739130434782608,,,45.581545580452165,Q2 (Low)
2026-08-31,207.33999633789062,226.99000549316406,207.1300048828125,224.39999389648438,13479154,0.31166700663286395,0.196034536491295,,,0.4814530422637544,60.43427300254232,0.18559651025757018,,0,4858600000.0,2242470000.0,396110000.0,718690000.0,497660000.0,354050000.0,113490000.0,30120000.0,0.46154653603918827,0.0815276005433664,0.0728707858230766,0.1479212118717326,16873370000.0,1907860000.0,4163860000.0,12709510000.0,5892430000.0,2582660000.0,374200000.0,1268500000.0,0.15011278955679644,0.11306929202642982,2.2815353163017975,1.7903750396877638,-0.08899484927520473,-0.07049094250459442,0.08919636291899069,0.032908364209236485,0.07388978542824698,20435630000.0,1408810000.0,1680050000.0,2887840000.0,0.11084691699365279,0.08349310185220854,0.11493517643734817,1.0,2.598351485210127,68888690688.0,0.158,0.57,BECTORFOOD.NS,,,,,0.2689889363597599,80.64516129032258,97.63440860215053,2.26537216828479,,19.13978494623656,,65.17467248908298,73.08934337997847,24.30025445292621,65.52901023890784,42.70152505446623,17.142857142857142,55.97826086956522,44.81546572934973,38.74788494077834,48.477600086993775,Q3 (Medium)
2026-08-31,187.56179809570312,234.85000610351562,187.52769470214844,227.4499969482422,6037705,-0.29571144650574455,0.04215347971703176,,,1.0599502641813896,25.570366763379127,2.6796739804856573,,0,1042178000.0,495769000.0,169957000.0,375541000.0,204441000.0,123627000.0,43699000.0,33509000.0,0.47570472606406966,0.16307866794347992,0.1186236900030513,0.3603424750858299,9724282000.0,1729384000.0,2669766000.0,7035223000.0,6307483000.0,2420669000.0,91968000.0,,0.24581793640372168,0.17784181906695012,2.6056776040012077,,0.37532051239754494,10.309761229530693,0.10676669052569876,-0.34751147938987703,-0.2471699285741492,3278089000.0,325761000.0,443755000.0,1239403000.0,0.04630428914620048,0.0334997483618842,0.05063033630600893,1.0,1.8989816728885485,13930876928.0,-0.182,,GENESYS.NS,,,,,0.46572227769909513,54.83870967741935,0.43010752688172044,92.34088457389427,,0.0,,42.03056768558952,5.489773950484392,4.4529262086514,72.18430034129693,97.93028322440087,86.5934065934066,42.934782608695656,,47.03891708967851,46.41764396535995,Q2 (Low)
2026-08-31,40.72999954223633,41.040000915527344,38.5,39.470001220703125,1381421,-0.0534772062694594,-0.004288551250323791,,,0.3715339576583067,46.59821439064808,1.030074011870682,,0,1112230000.0,89151000.0,40508000.0,93051000.0,58366000.0,18903000.0,19540000.0,19920000.0,0.08015518372998391,0.03642052453179648,0.016995585445456426,0.08366165271571527,5180175000.0,642760000.0,2250151000.0,2930024000.0,3933775000.0,2195922000.0,43291000.0,782920000.0,0.21937021676272958,0.12408075016770669,1.7914001499142502,1.434866538975428,0.3800920698341006,-0.2302398501445616,0.041414832785424016,-0.6953585817888799,-0.4845733720337668,3053653000.0,85042000.0,1736402000.0,390290000.0,0.0290243356368412,0.016416819895080766,0.4860081102020161,1.0,1.8211195567717304,2249246208.0,0.461,,GENCON.NS,,,,,0.22051783460653843,41.075268817204304,18.70967741935484,53.07443365695793,,43.87096774193549,,18.777292576419214,38.64370290635091,61.06870229007634,50.0,33.769063180827885,86.7032967032967,32.5,,44.83925549915397,44.868777386105165,Q2 (Low)
2026-08-31,72.0,82.8499984741211,69.5199966430664,70.76000213623047,6361,0.00383039127030127,-0.012145681286424792,,,0.4936241838452443,47.75128689851758,1.0970373502293251,,0,116027000.0,36435000.0,1409000.0,7062000.0,3594000.0,-197000.0,-439000.0,4230000.0,0.31402173631999447,0.012143725167417928,-0.00169788066570712,0.06086514345798823,752170000.0,190161000.0,243832000.0,508338000.0,463278000.0,222927000.0,3905000.0,278717000.0,0.37408377890301336,0.25281651754257684,2.07816011519466,0.8278988188958717,0.1032853135548899,-1.8073770491803278,-0.17302552333164656,4.628571428571429,-0.314368932038835,463324000.0,19000.0,4858000.0,32972000.0,3.7376706049911674e-05,2.526024701862611e-05,0.006954913321278914,1.0,1.9613632556469947,393867872.0,0.389,,ADL.NS,,,,,0.3209904728636374,38.81720430107527,49.67741935483871,57.497303128371094,,17.311827956989248,,3.9301310043668125,41.01184068891281,52.54452926208651,60.75085324232082,9.912854030501089,61.64835164835165,12.065217391304348,,59.05245346869712,40.947999031854366,Q1 (Lowest)
2026-08-31,23.200000762939453,24.5,22.1200008392334,22.530000686645508,471120,-0.08822332976924396,-0.1482041573997409,,,0.4515374818737433,36.619720201695486,1.2826940785298562,,0,1094064000.0,270837000.0,64636000.0,135359000.0,111077000.0,67546000.0,25112000.0,18418000.0,0.24755133154915984,0.059078810745989266,0.061738618581728306,0.12372128138756051,3496378000.0,1442016000.0,1779488000.0,1716890000.0,1822298000.0,843190000.0,19907000.0,710653000.0,0.8399000518379163,0.4124313789870546,2.1611949857090336,1.3183801990061552,-0.05083216501714305,-0.13594207718777584,-0.11786888299223297,-0.08409719585615882,0.02352398523985233,4406168000.0,301067000.0,303445000.0,573239000.0,0.17535602164378614,0.08610825259740222,0.09606015500302953,1.0,2.38855687228326,2354835712.0,,1.44,GEEKAYWIRE.NS,-7713000.0,-97205000.0,-89492000.0,207144000.0,0.37432411833222057,8.172043010752688,10.0,66.01941747572816,,24.83870967741936,,19.213973799126638,17.007534983853606,,62.79863481228669,38.453159041394336,20.87912087912088,34.78260869565217,74.95606326889279,81.89509306260575,40.60109058045554,Q1 (Lowest)
2026-08-31,109.4000015258789,119.0,106.56999969482422,113.01000213623047,15872,0.054985056372549135,-0.008684191787452056,,,0.3002424382325787,59.78509492278557,1.041163724694767,,0,4356287000.0,592841000.0,154766000.0,373078000.0,295238000.0,146343000.0,0.0,143839000.0,0.1360886002230799,0.03552704401707234,0.033593516680604375,0.08564128121035185,7262201000.0,2079088000.0,5744360000.0,1517841000.0,4063902000.0,2893355000.0,97570000.0,946071000.0,1.36976666198897,0.28628896391052794,1.404563905915451,1.0775832899868838,0.2208123584255024,-4.825160750692666,0.5463091931893047,6.073810904872389,1.2950031065261656,14667360000.0,65765000.0,341571000.0,755897000.0,0.0433279902176842,0.009055794517392178,0.09496184105941485,1.0,2.6398717413632586,3646141696.0,0.144,,BEDMUTHA.NS,,,,,0.2801599407671946,39.89247311827957,70.75268817204301,53.82955771305286,,69.67741935483872,,22.925764192139738,71.90527448869753,23.02798982188295,34.30034129692833,3.7037037037037033,79.56043956043956,14.728260869565219,,92.89340101522842,48.47982088711997,Q3 (Medium)
2026-08-31,350.29998779296875,372.0,349.5,363.45001220703125,25458,0.09357606599179369,0.22621464133350688,,,0.3769733245526469,62.4915794193817,1.5720100804748125,,0,331775000.0,325076000.0,284179000.0,291073000.0,285702000.0,235720000.0,49633000.0,378000.0,0.9798086052294477,0.8565413307211213,0.7104815010172557,0.8773204732122674,14144861000.0,,5776486000.0,8350934000.0,9350563000.0,5246589000.0,2188784000.0,6563100000.0,,,1.7822175512509175,0.531290520374285,1.0312547831144578,3.7746561607486475,1.1003735122815903,5.0583941605839415,5.041616505458923,748133000.0,420817000.0,500168000.0,532332000.0,0.05039160889069414,0.029750522115417042,,1.0,1.2942528031912084,7600367616.0,0.422,0.56,GEECEE.NS,,,,,0.27762526309488667,83.76344086021506,81.39784946236558,75.51240560949299,,42.365591397849464,,31.768558951965066,76.7491926803014,56.297709923664115,49.829351535836174,94.66230936819173,96.15384615384616,44.02173913043478,44.200351493848856,,61.781489771200754,Q5 (Highest)
2026-08-31,20.0,20.790000915527344,18.5,20.09000015258789,1607972,-0.03320502941566572,0.0795271087424414,,,0.47405128246991773,39.92323749735497,0.8169407798573515,,0,1913371000.0,422384000.0,139670000.0,-913671000.0,-962065000.0,-1110017000.0,122015000.0,25937000.0,0.22075384230240763,0.07299682079429447,-0.5801368370274244,-0.47751899657724506,21148724000.0,3113543000.0,15079937000.0,6068787000.0,17797503000.0,9198837000.0,226976000.0,1287230000.0,0.5130420626065801,0.14722131699293065,1.9347557740179546,1.7948217801880824,-0.6217473465670392,-1.0514591243024325,0.3952350985626687,-1.699474016198562,-1.5345881369974583,8468918000.0,20421230000.0,-297183000.0,21236645000.0,3.3649607409190665,0.9656010452450937,-0.03236466125700122,1.0,1.139964969044941,9327767552.0,0.972,,GAYAPROJ.NS,,,,,0.22939745664711625,62.903225806451616,25.913978494623656,38.403451995685,,20.430107526881727,,34.38864628820961,23.681377825618945,96.43765903307889,54.436860068259385,14.270152505446623,2.857142857142857,57.28260869565217,,67.17428087986464,43.21196613179434,Q2 (Low)
2026-08-31,390.0,403.0,385.20001220703125,401.0,62249029,-0.01280160524559737,-0.037214885954381716,,,0.2122878972547539,43.09178926287769,1.037580020188299,,0,55469800000.0,25260100000.0,12278500000.0,15579600000.0,13974100000.0,10543400000.0,3523500000.0,11600000.0,0.4553847318721178,0.2213546830888159,0.19007459915124986,0.28086634529059057,,,,,,,,,,,,,-0.457477825169716,-0.5261861748501272,-0.39374551209398456,-0.5043158567774937,-0.4825256584847377,273650000000.0,58285700000.0,71458300000.0,83172300000.0,,,,0.0,,2931221331968.0,0.28,0.62,BEL.NS,,,,,0.5090884592765724,30.86021505376344,38.924731182795696,53.61380798274003,,93.87096774193549,,98.2532751091703,30.355220667384287,36.83206106870229,,25.054466230936818,4.065934065934066,96.08695652173913,47.45166959578208,,50.35795368139224,Q3 (Medium)
2026-08-31,18.309999465942383,19.0,17.059999465942383,17.389999389648438,985587,-0.14419293056988047,-0.16794259774865328,,,0.404944820507316,32.222196319945866,5.385969951465681,,0,3445100000.0,932300000.0,550100000.0,703100000.0,630100000.0,169100000.0,-18900000.0,470400000.0,0.270616237554788,0.15967606165278223,0.049084206554236454,0.2040869640939305,,,,,,,,,,,,,,,,,,,,,,,,,0.0,,668582336.0,-0.26,,GENSOL.NS,,,,,0.34185219073848355,6.451612903225806,2.795698924731183,99.78425026968716,,34.94623655913979,,7.532751091703056,12.055974165769644,3.11704834605598,,,,6.521739130434782,,,34.88035409271649,Q1 (Lowest)
2026-08-31,2144.800048828125,2410.0,2134.199951171875,2286.0,4845138,0.08701854493580607,-0.023619377130156383,,,0.34717833773964585,59.69238952531746,1.6681990845542942,,0,11918500000.0,4300500000.0,1471500000.0,2879800000.0,2536900000.0,1983900000.0,527100000.0,25900000.0,0.3608256072492344,0.12346352309434912,0.1664555103410664,0.2416243654822335,,,,,,,,,,,,,-0.33085741876080754,-0.61952706978885,-0.23883332694690318,-0.2896630742239249,-0.31264768360503137,62641600000.0,14194200000.0,13257900000.0,19451800000.0,,,,0.0,,356574298112.0,0.33,2.19,GODFRYPHLP.NS,,,,,0.32630627454662314,35.26881720430107,80.10752688172043,77.66990291262135,,52.795698924731184,,86.79039301310044,71.58234660925726,43.95674300254453,,22.33115468409586,5.384615384615385,79.56521739130434,85.9402460456942,,56.0928441369324,Q4 (High)
2026-08-31,244.0500030517578,251.25,244.0,250.6999969482422,39012170,0.024938637336521685,-0.004390712779260508,,,0.2773104793441849,45.088751882968644,0.7731014404852299,,0,200155800000.0,,,,,17832900000.0,6329500000.0,213011300000.0,,,0.0890950949210565,,21169280900000.0,1732858100000.0,19468736500000.0,1684994400000.0,,,1541249300000.0,,1.0284058510817602,0.08185720186650271,,,0.04182915225723982,-0.692577549915701,0.02003106634621843,-0.670961492333524,,767383400000.0,164961500000.0,,,0.09790032536606649,0.007792494264649301,,1.0,,1296460546048.0,0.43,3.39,BANKBARODA.NS,,,,,0.37792738159771844,40.96774193548387,60.752688172043015,34.84358144552319,,76.55913978494624,,95.52401746724891,34.445640473627556,57.3791348600509,,20.152505446623092,45.05494505494506,97.5,93.49736379613357,86.12521150592217,59.52013132950317,Q5 (Highest)
2026-08-31,255.0,290.8999938964844,252.8000030517578,272.25,9880810,-0.09806196953782631,-0.11950197525312711,,,0.34200564232850356,45.30146772876507,1.4947673635929268,,0,24270200000.0,,,,,863900000.0,290600000.0,,,,0.03559509192342873,,,,,,,,,,,,,,-0.10470808264505493,-0.42183108017668314,-0.06449785109950468,-0.2527463022229911,,99442600000.0,5142300000.0,,,,,,0.0,,251694858240.0,0.229,,GODIGIT.NS,,,,,0.4257444841205733,11.505376344086022,7.526881720430108,72.81553398058253,,54.30107526881721,,83.51528384279476,34.983853606027985,32.82442748091603,,28.322440087145967,15.934065934065933,70.86956521739131,,,44.17323356548386,Q2 (Low)
2026-08-31,390.45001220703125,423.25,386.54998779296875,421.3999938964844,499657,0.08902954025757004,0.42148752418398305,,,0.4451875825630706,66.66666666666666,1.2802273455834792,,0,2518197000.0,1368710000.0,395616000.0,460366000.0,383879000.0,218961000.0,70545000.0,94373000.0,0.5435277700672346,0.15710287956025681,0.0869514974404306,0.18281572093049114,13423740000.0,4047533000.0,6773873000.0,6649486000.0,8021153000.0,5178490000.0,621859000.0,3244666000.0,0.6086986272322402,0.3015205151470455,1.5489366591419507,0.9223706138275829,0.088197609523188,0.7624601564763838,0.22826835027394865,1.8364660923634952,0.7198306939977062,9440066000.0,642141000.0,1205029000.0,1539930000.0,0.09657002060008849,0.047836221500118445,0.1126509170452067,1.0,1.7452172568896596,42259046400.0,-0.046,0.02,GUFICBIO.NS,,,,,0.4177068655100167,94.51612903225806,80.53763440860216,65.69579288025889,,25.913978494623663,,58.18777292576419,83.53067814854683,8.9058524173028,40.27303754266212,79.520697167756,58.35164835164836,48.80434782608696,0.17574692442882248,72.25042301184433,54.44424927545221,Q4 (High)
2026-08-31,61.349998474121094,62.5,59.5,59.790000915527344,125756,0.00945469150124989,-0.10761192663392027,,,0.2947718678215746,36.85259387991912,0.5387913747016674,,0,10154070000.0,2426690000.0,79350000.0,1091570000.0,124160000.0,23220000.0,15060000.0,95330000.0,0.2389869283942301,0.007814600450853698,0.0022867677689832745,0.10750073615801349,,,,,,,,,,,,,0.09911088885136454,-1.1546041680537986,0.1396428904125424,-0.7818489289740699,-0.03540878724682761,37755710000.0,88720000.0,233590000.0,4312900000.0,,,,0.0,,6724165120.0,0.297,3.35,GTPL.NS,,,,,0.178920800736756,12.688172043010754,53.118279569892465,17.691477885652642,,71.50537634408602,,29.58515283842795,17.115177610333692,39.31297709923664,,13.071895424836603,60.32967032967033,29.130434782608695,93.14586994727593,,42.44629892500212,Q2 (Low)
2026-08-31,1.2400000095367432,1.340000033378601,1.2200000286102295,1.2400000095367432,289874576,-0.06060609070941536,-0.031249970896168877,,,0.4256015585656006,48.38709677419355,1.3842035992910833,,0,3303600000.0,1445700000.0,365300000.0,12630700000.0,12078300000.0,11855800000.0,0.0,222500000.0,0.4376135125317835,0.11057634096137547,3.588751664850466,3.823313960527909,31252900000.0,58982400000.0,83403200000.0,-52150300000.0,3404600000.0,34584100000.0,1162900000.0,27300000.0,-1.131007875314236,1.8872616621177554,0.0984440826853959,0.0976547025945449,-0.0577027296842465,59.550561797752806,-0.019761438490297323,-5.763469805938366,24.661722876879317,13719700000.0,7792700000.0,1593900000.0,15828600000.0,-0.1494277118252436,0.24934326094538428,0.23329576557720175,1.0,-1.8189585606455723,15883298816.0,,,GTLINFRA.NS,,,,,0.3305599369818293,32.68817204301075,16.666666666666664,69.36353829557713,,30.430107526881727,,43.777292576419214,42.734122712594186,,1.023890784982935,99.67320261437908,19.89010989010989,14.728260869565219,,2.3688663282571913,38.222948687229604,Q1 (Lowest)
2026-08-31,1176.300048828125,1176.4000244140625,1074.5,1078.0,50437083,0.07391912045164806,0.19954289290977356,,,0.3092967366107276,52.34741726381631,0.9765670102556083,,0,141708900000.0,,,,,59857500000.0,20684000000.0,79420900000.0,,,0.4223976052315698,,,,,,,,,,,,,,0.07659773936271241,0.09537438444378976,0.21200761541145807,0.27366951725781496,,525338500000.0,203035300000.0,,,,,,0.0,,6706144215040.0,0.323,0.5,BAJFINANCE.NS,,,,,0.46513867278656246,81.0752688172043,77.31182795698925,50.48543689320388,,66.0215053763441,,99.67248908296943,52.960172228202374,42.87531806615776,,54.68409586056645,54.94505494505495,99.45652173913044,40.070298769771526,,61.30386598237297,Q5 (Highest)
2026-08-31,7.389999866485596,8.199999809265137,7.300000190734863,7.820000171661377,1880898,0.06976747371736836,0.028947403919664216,,,0.36232695683986105,72.99269082176048,1.7564049484555888,,0,582478000.0,566188000.0,282933000.0,5849651000.0,5829139000.0,6090503000.0,-353500000.0,92136000.0,0.9720332785100897,0.48574023396591803,10.456194053680997,10.042698608359457,1323635000.0,48897215000.0,55784161000.0,-54460526000.0,1142451000.0,52443616000.0,30532000.0,,-0.8978469102556961,36.94161532446634,0.021784367424244735,,0.05908171874090873,-232.6485242659364,-0.1666945637821049,53.32661962911096,14.739295967540137,2243720000.0,5825474000.0,815019000.0,5906524000.0,-0.10696690663619371,4.401118133020055,-0.14649891045098862,1.0,-87.88393756586973,1230060928.0,,,GTL.NS,,,,,0.20045122980475893,51.61290322580645,76.34408602150538,79.50377562028046,,47.096774193548384,,12.554585152838428,91.49623250807319,,0.17064846416382254,0.32679738562091504,49.89010989010989,1.5217391304347827,,3.0456852791878175,40.90422245810464,Q1 (Lowest)
2026-08-31,27.389999389648438,31.549999237060547,26.649999618530273,31.540000915527344,39209,0.20198175269204022,0.6291322273338813,,,0.95593168068982,75.188921233214,1.6119787385271038,,0,29210000.0,18738000.0,-4247000.0,-3584000.0,-4194000.0,-4733000.0,0.0,539000.0,0.6414926395070182,-0.1453954125299555,-0.16203355015405682,-0.12269770626497775,,,,,,,,,,,,,0.6862948851171919,-0.32893804055012055,,,,,,,,,,,0.0,,321364160.0,0.026,,GTECJAINX.NS,,,,,0.23000433279296967,98.38709677419355,93.76344086021506,76.26752966558792,,0.10752688172043179,,2.8384279475982535,92.89558665231432,13.931297709923665,,30.501089324618736,93.73626373626374,14.728260869565219,,,51.143768028133394,Q3 (Medium)
2026-08-31,1072.0,1149.0,1071.4000244140625,1094.300048828125,2449710,0.12052025003540479,0.24175892065602844,,,0.34308973912386964,63.919770458853975,0.6207709757572567,,0,7856800000.0,2553600000.0,1093100000.0,1725000000.0,1633600000.0,1194900000.0,389300000.0,49400000.0,0.32501781895937276,0.13912788921698402,0.1520848182466144,0.21955503512880561,,,,,,,,,,,,,-0.23682600122390696,0.077360021639167,-0.1824264560505312,0.007844129554655854,0.0024989829720463153,33218800000.0,4445300000.0,4820100000.0,6482200000.0,,,,0.0,,130252226560.0,0.388,0.18,ACE.NS,,,,,0.2002829762306167,85.26881720430107,85.3763440860215,23.624595469255663,,54.086021505376344,,73.2532751091703,79.65554359526372,52.2264631043257,,53.37690631808278,7.252747252747254,74.78260869565217,13.093145869947275,,53.46643121400959,Q4 (High)
2026-08-31,12.819999694824219,14.880000114440918,12.640000343322754,14.010000228881836,597379,0.12620584416853808,0.03700962187484613,,,0.35708688695665736,67.03539967714323,3.055765759116116,,0,281628000.0,58759000.0,34535000.0,-480669000.0,-486218000.0,-491443000.0,2400000.0,2825000.0,0.20864047608902525,0.12262630136208047,-1.745007598676268,-1.7067514593719375,4834425000.0,1449813000.0,1815525000.0,3018900000.0,1034195000.0,352530000.0,75837000.0,,0.48024545364205506,0.2998935757613367,2.933636853601112,,0.6828280172568328,-242.25822287677957,-0.3098300233301312,69.92553037956415,125.12673838887432,881267000.0,-502041000.0,17705000.0,-461728000.0,-0.16629931431978534,-0.10384709660404289,0.003961990846133999,0.0,0.89384065323177,361553888.0,0.538,,GSS.NS,,,,,0.40402014345288495,53.5483870967742,86.88172043010752,94.49838187702265,,49.354838709677416,,3.602620087336245,84.06889128094726,71.11959287531806,76.62116040955631,0.10893246187363835,93.62637362637362,20.32608695652174,,65.48223350253807,56.615947954269785,Q4 (High)
2026-08-31,27.329999923706055,27.950000762939453,26.15999984741211,27.170000076293945,111929,-0.05132679276123886,-0.14854277009664651,,,0.19671115916345522,30.69620081255519,0.45689576369153456,,0,1295561000.0,511383000.0,82726000.0,117231000.0,98592000.0,36638000.0,12414000.0,49103000.0,0.3947193532377094,0.0638534194839147,0.0282796410203765,0.09048666948140613,6269924000.0,2316429000.0,2785244000.0,3045850000.0,5167522000.0,2579541000.0,8703000.0,3332397000.0,0.7605197235582842,0.3694508896758557,2.003271899923281,0.7114153254396809,-0.24211201823291428,28.835504885993487,-0.0682091975037381,-0.3527426905750375,-0.38242591860924535,5685512000.0,110105000.0,256230000.0,456811000.0,0.03614918659815815,0.0175608189190172,0.04778378745305867,1.0,2.1340980847614737,2216280064.0,,,BALAJEE.NS,,,,,0.3142545648465814,8.064516129032258,19.13978494623656,11.650485436893204,,96.88172043010752,,18.44978165938865,10.010764262648008,,57.67918088737202,99.12854030501089,7.142857142857142,27.608695652173914,,78.1725888324873,42.261927712280496,Q1 (Lowest)
2026-08-31,27.959999084472656,29.899999618530273,27.100000381469727,28.040000915527344,155733,-0.2722553385962231,-0.4978509878419505,,,0.6046356229638619,59.61107768930867,0.14329193796372316,,0,453930000.0,215000000.0,-235090000.0,-91220000.0,-136490000.0,-223230000.0,59460000.0,37850000.0,0.4736413103341925,-0.517899235564955,-0.49177185909721766,-0.20095609455202343,5406900000.0,2137510000.0,2698678000.0,2705112000.0,2208910000.0,1709760000.0,37790000.0,874090000.0,0.7901743070157539,0.39533004124359616,1.2919415590492234,0.7807060640089837,-0.23408024837174768,6.416279069767442,-0.21014442317730986,1.1257975430911342,4.020363236103467,2332380000.0,-304280000.0,-297000000.0,103610000.0,-0.1124833278622105,-0.05627623961974514,-0.0613304115002162,0.0,1.1592779226543861,1188386176.0,0.507,,GSLSU.NS,,,,,0.7569787163707636,0.21505376344086022,0.6451612903225806,1.4023732470334414,,6.344086021505376,,12.22707423580786,71.15177610333691,67.49363867684478,27.303754266211605,97.05882352941177,7.582417582417582,46.19565217391305,,79.52622673434855,37.80973584163962,Q1 (Lowest)
2026-08-31,160.1999969482422,165.74000549316406,159.5,161.22000122070312,1625884,-0.0025983554227371197,-0.03530393770265006,,,0.2071839086983712,55.35235140337269,0.7557407467341466,,0,26326700000.0,8244500000.0,297500000.0,1224100000.0,690100000.0,521000000.0,131500000.0,37200000.0,0.31316116338166194,0.011300314889446836,0.019789795150930423,0.04649652254175419,143895500000.0,266600000.0,21120300000.0,122664500000.0,60940400000.0,12611100000.0,1917700000.0,18787700000.0,0.0021734079542165825,0.001852733407229552,4.8322826716146885,3.342507790755763,-0.10485370870947452,-0.6703783373402505,0.3696200687757194,-0.2731584821428571,-0.1309811160017038,109455000000.0,6727800000.0,5883900000.0,10776600000.0,0.05484716442002372,0.04675476300509745,0.04786339665064414,1.0,2.372956694267715,64242548736.0,0.254,3.1,GSFC.NS,,,,,0.3953198693023437,31.290322580645164,45.26881720430108,32.901833872707655,,94.73118279569893,,64.41048034934498,61.248654467169,34.73282442748092,87.71331058020478,20.697167755991288,15.824175824175823,59.02173913043478,91.3884007029877,10.321489001692047,49.970026579522276,Q3 (Medium)
2026-08-31,84.01000213623047,87.75,84.0,85.72000122070312,474419,-0.060190745739236995,-0.24228760450965814,,,0.34807748460614907,42.7389007817115,0.8675384822722695,,0,476158000.0,48085000.0,-187708000.0,-157360000.0,-173123000.0,-140634000.0,-39298000.0,7835000.0,0.10098538720340727,-0.39421368537334245,-0.2953515429752309,-0.330478538636335,8538091000.0,189268000.0,2327385000.0,6239416000.0,5927329000.0,2282320000.0,246919000.0,2077178000.0,0.030334249231017775,0.022167484511467495,2.5970630761681095,1.686946177573697,0.14511707101217852,-0.4244543665003745,-0.28127745258156156,-1.1498128856935586,0.7823688651783389,2108345000.0,-491040000.0,-724479000.0,-554600000.0,-0.0786996731745407,-0.0575116849890684,-0.11269475992287069,0.0,1.7153989457362304,10449464320.0,0.62,,BALAJITELE.NS,,,,,0.4655572126179434,2.258064516129032,16.7741935483871,42.93419633225459,,52.47311827956989,,35.480349344978166,29.60172228202368,78.7531806615776,71.84300341296928,28.21350762527233,69.23076923076923,5.108695652173913,,23.519458544839257,40.41268396206294,Q1 (Lowest)
2026-08-31,7190.0,7990.0,6911.0,6973.0,885300,0.007367812770875393,0.40922775658941846,,,0.376381857296966,51.337613697164265,2.7142848617387623,,0,5966900000.0,3288400000.0,1234500000.0,1565700000.0,1445800000.0,1082100000.0,341800000.0,21900000.0,0.5511069399520689,0.2068913506175736,0.18135044998240293,0.26239755987196034,30111900000.0,156600000.0,3550300000.0,26561600000.0,12960600000.0,2923900000.0,1265300000.0,3892500000.0,0.005895729172941389,0.0052006017554521635,4.432641335202982,3.1013714559321452,0.3007150019618956,0.9402904787520172,0.08896959521115444,0.39087403598971715,0.29002224602455295,21201100000.0,3382300000.0,3895800000.0,4995500000.0,0.1273379615685802,0.11232436345763636,0.14581072078208862,1.0,2.4974352332466565,161999486976.0,,0.17,GRWRHITECH.NS,,,,,0.36162660578450856,94.19354838709677,51.72043010752688,92.77238403451996,,42.47311827956989,,77.29257641921397,49.94617868675996,,86.3481228668942,82.57080610021787,84.17582417582418,73.04347826086956,12.214411247803165,13.367174280879865,60.67453685647842,Q5 (Highest)
2026-08-31,2615.0,2644.5,2471.699951171875,2599.0,3095487,-0.010771532867267286,-0.06889264696171182,,,0.3012829588207445,53.828788754391255,1.598518760669527,,0,18146159000.0,3611378000.0,1357250000.0,2487916000.0,2352905000.0,1728376000.0,586885000.0,37644000.0,0.1990161113434529,0.07479544293643631,0.0952474846054198,0.13710427644770445,,,,,,,,,,,,,-0.14373103216407035,-0.42995345302805976,0.10510136898972422,-0.29237217875342936,-0.25716111310163625,71393909000.0,7669846000.0,7378588000.0,10936258000.0,,,,0.0,,297720643584.0,0.691,1.03,GRSE.NS,,,,,0.36933745980133553,23.225806451612904,40.0,76.05177993527508,,69.13978494623656,,85.1528384279476,56.94294940796556,84.79643765903307,,27.886710239651418,12.637362637362637,81.73913043478261,65.11423550087873,,54.845802376049754,Q4 (High)
2026-08-31,2148.0,2165.0,1977.300048828125,2029.5999755859375,1221988,-0.1414551710719385,0.5226988737520937,,,0.7300756866674902,37.00654069570799,0.753671479402728,,0,4559256000.0,2029424000.0,1020909000.0,1213982000.0,1076158000.0,749366000.0,280859000.0,14122000.0,0.4451217479343121,0.22392008696155688,0.1643614659935744,0.2662675664625983,,,,,,,,,,,,,0.15486653035666875,0.18555562587014296,0.2723225797089477,0.9720261685587819,0.9053405258127245,15225651000.0,2041367000.0,2704226100.0,3519237000.0,,,,0.0,,65761067008.0,0.848,0.54,BALAMINES.NS,,,,,0.3124802973846936,97.5268817204301,3.225806451612903,32.362459546925564,,1.2903225806451672,,64.62882096069869,17.43810548977395,93.51145038167938,,59.58605664488017,70.65934065934066,70.0,42.44288224956063,,50.17814177903647,Q3 (Medium)
2026-08-31,2100.0,2143.39990234375,1935.0999755859375,2003.5,13111,0.03362480880109464,0.11840205071049215,,,0.45997302403918533,58.46348845906319,0.7168562526692789,,0,1568308000.0,755054000.0,119095000.0,173616000.0,123700000.0,41981000.0,42136000.0,39580000.0,0.4814449712683988,0.07593852738110116,0.026768338872211327,0.11070274461394063,,,,,,,,,,,,,0.0852133430116091,-4.136655708308428,0.2673533920500506,1.402071293700292,0.5997346306943829,5684118000.0,56706000.0,278119000.0,480170000.0,,,,0.0,,10685330432.0,0.019,0.17,GRPLTD.NS,,,,,0.1824459560049115,69.78494623655914,62.903225806451616,29.449838187702266,,23.11827956989248,,35.917030567685586,68.13778256189451,13.358778625954198,,4.248366013071895,57.25274725274725,42.28260869565217,12.214411247803165,,41.244534317694296,Q1 (Lowest)
2026-08-31,901.3321211194675,920.0,850.0,900.0,767,-0.00037129492307574896,-0.02951912243403154,,,0.3443570250274764,46.8345529831506,0.9437059110664491,,0,97566000.0,-21936000.0,-180083000.0,-154389000.0,-168513000.0,-190131000.0,13394000.0,8224000.0,-0.2248324211303118,-1.8457556935817805,-1.948742389766927,-1.5824057561035607,1632328000.0,528987000.0,704232000.0,928096000.0,764963000.0,326654000.0,2058000.0,80230000.0,0.5699701324000965,0.3240690596497763,2.3418142744310493,2.096202709900996,-0.7959228922114105,-3.6798641258386424,-0.3955393098321046,-0.006962144319558772,-0.009869939972294905,1143778000.0,57524000.0,27526000.0,131663000.0,0.061980657173395855,0.035240466376855635,0.018891168176418227,1.0,1.4782508784999093,1046097024.0,0.233,0.22,GROBTEA.NS,,,,,0.3680393008942949,33.225806451612904,47.096774193548384,48.54368932038835,,53.44086021505377,,10.698689956331878,39.07427341227126,32.95165394402035,66.72354948805462,4.684095860566448,1.4285714285714286,28.369565217391308,16.608084358523726,70.55837563451777,36.89359929872348,Q1 (Lowest)
2026-08-31,23.670000076293945,25.399999618530273,23.670000076293945,24.31999969482422,179146,0.012489560005965128,-0.10192024507598718,,,0.27712614705003014,54.746817870145925,1.4989065135235649,,0,707137000.0,301629000.0,-5248000.0,30389000.0,23924000.0,6128000.0,7897000.0,9899000.0,0.42654959364309886,-0.007421475612222243,0.008665930364271704,0.04297469938639896,3370295000.0,576489000.0,879532000.0,2490763000.0,2514287000.0,621576000.0,145588000.0,834799000.0,0.23145076428387606,0.17105001194257477,4.0450194344698,2.7019833455603175,-0.025208705529455866,1.0091803278688523,-0.07280298848374311,-0.9290535455861071,-0.72015433917784,2701735000.0,14169000.0,63751000.0,113495000.0,0.0056886183069204095,0.00420408302537315,0.020784402455357433,1.0,2.533607770239697,1342646400.0,0.699,,BALAXI.NS,,,,,0.3446164996126896,14.731182795698924,54.40860215053763,73.03128371089535,,76.66666666666667,,13.427947598253276,59.20344456404736,85.36895674300254,85.32423208191126,83.76906318082789,25.384615384615383,25.108695652173914,,45.68527918781726,52.807331314429824,Q4 (High)
2026-08-31,19.850000381469727,19.850000381469727,18.459999084472656,18.8799991607666,14255,-0.09361501536638084,-0.06949244411722566,,,0.4956632654644146,37.855582517180736,0.6208946954722158,,0,900000.0,-1900000.0,-4500000.0,-3300000.0,-3700000.0,-3400000.0,-400000.0,100000.0,-2.111111111111111,-5.0,-3.7777777777777777,-3.6666666666666665,169900000.0,800000.0,3000000.0,166900000.0,90000000.0,2300000.0,800000.0,3700000.0,0.004793289394847214,0.004708652148322542,39.130434782608695,37.52173913043478,-0.18181818181818177,0.2592592592592593,-0.9375,-0.7536231884057971,-0.8166666666666667,8100000.0,-9500000.0,-17100000.0,-10600000.0,-0.056920311563810666,-0.055915244261330196,-0.10196779964221825,0.0,1.9705120659211302,192575984.0,0.184,,ACEINTEG.NS,,,,,0.4143914444515701,22.903225806451612,8.709677419354838,23.73247033441208,,16.88172043010752,,1.8558951965065504,19.483315392895587,27.417302798982192,97.61092150170649,64.05228758169935,10.0,12.228260869565217,,12.521150592216582,31.15974852825987,Q1 (Lowest)
2026-08-31,175.5,197.8000030517578,175.5,191.77999877929688,2044019,0.03638595877559214,0.14743389071340873,,,0.3513631688334701,64.81133113653965,1.4869654830835155,,0,9952562000.0,1379785000.0,261100000.0,363340000.0,312958000.0,141402000.0,28419000.0,143137000.0,0.13863616222636946,0.02623445098859972,0.01420759800340857,0.0365071827736416,25384647000.0,3668115000.0,17908953000.0,7475694000.0,21187172000.0,17614407000.0,237211000.0,1385127000.0,0.49067217036973426,0.14450132003017416,1.2028319772558906,1.1241959493725788,0.7919158048780137,-34.54733096085409,0.2602418307017942,1.9320698378468046,0.3293186208511385,27585740000.0,202767000.0,780184000.0,1102945000.0,0.027123501844778557,0.007987780960672803,0.07001053230542627,1.0,1.7085835780974223,22188357632.0,,0.31,BAJEL.NS,,,,,0.38165789209239825,74.3010752688172,63.97849462365591,72.59978425026968,,51.182795698924735,,49.0174672489083,81.27018299246501,,22.696245733788395,0.7625272331154684,94.72527472527472,36.84782608695652,23.550087873462214,65.98984771573603,52.46144063009161,Q4 (High)
2026-08-31,689.0,719.0,670.0,674.0,797565,0.14072950469635503,-0.007656083795013591,,,0.3315048511399633,67.19656170414096,1.0592502473642351,,0,12449100000.0,8671400000.0,1185500000.0,2309100000.0,1277800000.0,549800000.0,566400000.0,161600000.0,0.6965483448602711,0.09522776746913432,0.044163835136676544,0.1854832879485264,,,,,,,,,,,,,0.1062818245638979,2.67022696929239,0.1264930505284494,-4.989840348330914,1.230583462132921,44978700000.0,663500000.0,945300000.0,6259700000.0,,,,0.0,,49496489984.0,,2.63,GUJALKALI.NS,,,,,0.25732849214206266,40.215053763440864,88.70967741935483,55.016181229773466,,58.17204301075269,,60.26200873362445,84.4994617868676,,,93.57298474945533,62.30769230769231,80.8695652173913,88.92794376098419,,64.1701741319558,Q5 (Highest)
2026-08-31,385.0,385.0,346.1499938964844,367.75,47283,0.054782751865432466,-0.10403218647120749,,,0.32604339451964737,61.77184182856601,0.9284882663341314,,0,128423000.0,48279000.0,-35020000.0,31207000.0,17828000.0,17561000.0,-4355000.0,4622000.0,0.3759373320978329,-0.27269258621897946,0.13674341823505134,0.24300164300787241,5644289000.0,408535000.0,574565000.0,5069724000.0,2298757000.0,495682000.0,6835000.0,346676000.0,0.08058328224573962,0.07238024133774865,4.637564002727555,3.93817205385711,-0.20587325929407108,6.967785843920145,-0.24248519453554496,-1.184326815085388,-2.109069585613761,529832000.0,51564000.0,-163861000.0,155000000.0,0.010170967887009233,0.009135605919540973,-0.02991114512840667,1.0,1.7451211304027838,4769717248.0,-0.081,0.54,GUJAPOLLO.NS,,,,,0.3744863743021909,13.655913978494624,70.64516129032258,47.249190938511326,,60.537634408602145,,26.419213973799128,75.34983853606028,7.633587786259542,86.68941979522185,97.38562091503267,9.010989010989011,9.456521739130434,42.44288224956063,31.472081218274113,45.19653705601721,Q2 (Low)
2026-08-31,277.29998779296875,281.8999938964844,263.8999938964844,265.29998779296875,3416486,,,,,,42.998901099640584,,,0,57918500000.0,11552600000.0,3852400000.0,6427600000.0,4191600000.0,3512400000.0,2217200000.0,456400000.0,0.19946303858007372,0.06651415350880979,0.060643835734696165,0.11097663095556687,275459200000.0,32434900000.0,86877800000.0,184386300000.0,101075900000.0,54197900000.0,9783600000.0,11215800000.0,0.17590732066319462,0.11774847236904776,1.8649412615617948,1.6579996641936312,0.5831604440180298,0.31629440863438774,-0.08981261471926782,10.243277848911651,3.006732327639945,171015500000.0,12255300000.0,13987500000.0,22451900000.0,0.06646535019141878,0.044490436333221035,0.06451168059211922,1.0,1.8123998036732845,306848399360.0,0.502,,GUJGASLTD.NS,,,,,0.37711221295861924,,,,,,,85.37117903930131,30.032292787944026,66.34860050890585,52.04778156996587,67.42919389978213,91.86813186813187,94.34782608695652,,40.947546531302876,58.5595034861527,Q5 (Highest)
2026-08-31,11.300000190734863,11.550000190734863,11.15999984741211,11.260000228881836,8650960,-0.35525558043820027,-0.316688305607825,,,0.6610768001866203,53.7708215097409,0.2534626455780171,,0,571513000.0,80346000.0,52102000.0,60448000.0,55332000.0,34294000.0,16070000.0,4968000.0,0.1405847286063484,0.09116503036676331,0.060005634167551745,0.10576837272293019,4660530000.0,64382000.0,541424000.0,4063007000.0,1146848000.0,539495000.0,2165000.0,524117000.0,0.01584589935483744,0.013814308673047915,2.1257805911083514,1.1542850258111752,0.16445428780417237,0.9156518824712323,0.2521674163433161,0.8424756890345457,0.7959474716263593,1998627000.0,132058000.0,193573000.0,217470000.0,0.03250252829985279,0.028335403913288832,0.046899625889393996,1.0,1.8449094845436032,7699537920.0,-0.29,,HARDWYN.NS,,,,,0.6929123850199017,0.967741935483871,0.21505376344086022,4.638619201725998,,3.655913978494624,,32.314410480349345,56.83530678148547,2.2900763358778624,61.60409556313993,82.35294117647058,72.96703296703296,30.0,,18.61252115059222,34.43024755560625,Q1 (Lowest)
2026-08-31,1668.0,1934.0999755859375,1620.699951171875,1906.199951171875,1042769,0.22178346261397786,0.3485227476354247,,,0.3388210411736229,84.30741505774046,2.537194676779009,,0,4494223000.0,2727299000.0,1146167000.0,1519358000.0,1256992000.0,914613000.0,311754000.0,30625000.0,0.6068454992108758,0.2550311811407667,0.20350859314279687,0.3380691167305227,,,,,,,,,,,,,0.060359140495805264,0.09463962141757776,0.2768683785627448,0.35237564338955574,0.3529842346353591,16183724000.0,3196439000.0,4020179000.0,5313752000.0,,,,0.0,,179904741376.0,0.749,0.21,HAPPYFORGE.NS,,,,,0.19473217987793986,91.82795698924731,94.83870967741936,91.15426105717368,,55.483870967741936,,78.82096069868996,97.95479009687837,87.40458015267176,,54.248366013071895,50.54945054945055,71.84782608695653,15.817223198594025,,65.99653303252636,Q5 (Highest)
2026-08-31,377.20001220703125,419.79998779296875,371.3500061035156,407.70001220703125,10496742,0.12592828199596262,0.14360161154394824,,,0.32885461422253426,65.00296653258036,1.0448940928537618,,0,6285100000.0,2176100000.0,949700000.0,1412900000.0,1186600000.0,676000000.0,226000000.0,284600000.0,0.34623156353916407,0.15110340328713942,0.10755596569664763,0.22480151469348142,38218600000.0,,20463600000.0,17755000000.0,23892300000.0,14385600000.0,,,,,1.6608483483483483,,0.04044166335584687,0.10511688736308655,0.15413996364103788,0.9882352941176471,0.4466059178867616,23700500000.0,2262000000.0,3337000000.0,4907800000.0,0.127400732188116,0.05918584144892801,,1.0,1.6714720057772916,61261791232.0,0.048,1.79,HAPPSTMNDS.NS,,,,,0.22490804068123219,73.44086021505376,86.7741935483871,54.26105717367853,,59.35483870967742,,63.53711790393013,81.48546824542518,15.903307888040713,45.051194539249146,55.33769063180828,44.72527472527473,67.28260869565217,80.31634446397187,,58.49799711600993,Q5 (Highest)
2026-08-31,341.0,343.6000061035156,325.54998779296875,329.79998779296875,446884,-0.057983484594812285,0.1263661254868691,,,0.5557984629066396,24.379218385838286,0.20795529726071096,,0,1656317000.0,795350000.0,217379000.0,295631000.0,225493000.0,136980000.0,25655000.0,60910000.0,0.48019189563350495,0.1312423889871323,0.08270156014820834,0.17848696837622266,,,,,,,,,,,,,0.08215343906701733,-1.5994590951659913,0.07224069009046907,0.22546476050743447,0.16717333628122932,6287482000.0,183549000.0,791394000.0,796653000.0,,,,0.0,,11101944832.0,0.279,0.3,BAJAJHCARE.NS,,,,,0.17804060647189132,70.53763440860214,17.526881720430108,2.912621359223301,,10.215053763440864,,36.790393013100434,4.520990312163617,36.6412213740458,,10.56644880174292,56.48351648351648,34.891304347826086,22.671353251318102,,33.583827922360655,Q1 (Lowest)
2026-08-31,4660.39990234375,4975.0,4603.2998046875,4910.0,7689206,0.1212861927654445,0.07381082558775276,,,0.23188044671418268,80.9819043080167,1.9460424106304717,,0,139424000000.0,52189700000.0,44290200000.0,55879800000.0,55879800000.0,41960800000.0,13877900000.0,41500000.0,0.3743236458572412,0.31766553821436766,0.3009582281386275,0.40079039476704154,1324145900000.0,109700000.0,913699900000.0,410411200000.0,1158380000000.0,443073700000.0,37676600000.0,308506800000.0,0.00026729290038868334,8.284585558132227e-05,2.614418323633292,1.9181305502899404,0.8109835299007637,1.2478839436861167,0.017704573407738122,0.05517695754728846,0.0690401943716401,330888200000.0,91156000000.0,84273400000.0,121577200000.0,0.22210894829380876,0.0688413565302736,0.20528406714493708,1.0,1.4713142864392814,3283685212160.0,0.502,0.41,HAL.NS,,,,,0.5175602663975869,61.82795698924731,85.59139784946237,84.68176914778857,,90.0,,98.68995633187772,96.9860064585576,66.34860050890585,72.6962457337884,86.60130718954248,95.05494505494505,98.69565217391305,32.60105448154657,7.1065989847715745,71.7920993936231,Q5 (Highest)
2026-08-31,4323.0,4452.0,4051.0,4299.0,4965341,-0.07416976990715674,0.0038763539218196197,,,0.5073587012163541,42.78365528823791,1.0345427020954827,,0,16370800000.0,7690200000.0,4328200000.0,4878300000.0,4757100000.0,3517700000.0,1169600000.0,69800000.0,0.4697510201089745,0.2643853690717619,0.21487648740440296,0.2979878808610453,77394300000.0,240000000.0,50491400000.0,26902900000.0,65195300000.0,48919500000.0,15252600000.0,12276800000.0,0.008920971345096625,0.003101003562277842,1.332705771727021,1.081746542789685,-0.03737416502022772,0.20966299862448423,0.5247799562240953,1.4654471544715446,1.374099669067549,58203900000.0,11202600000.0,14930100000.0,15690600000.0,0.41640863996074773,0.14474709377822398,0.5500554472808727,1.0,1.6938889556466044,1100743966720.0,0.634,0.23,GVT&D.NS,,,,,0.5186981989087444,44.3010752688172,12.688172043010754,53.398058252427184,,14.946236559139777,,94.10480349344978,29.709364908503765,80.1526717557252,30.204778156996586,60.78431372549019,23.736263736263734,88.58695652173914,17.57469244288225,14.890016920473773,44.33849358566129,Q2 (Low)
2026-08-31,1160.0,1160.0,1132.5,1143.5999755859375,26218,0.04600743118206885,0.012483378119466648,,,0.17211403694152827,42.55111016022441,0.6211853874877225,,0,1271219000.0,,403921000.0,488926000.0,431712000.0,304528000.0,122994000.0,4190000.0,,0.31774304820805854,0.23955589084178258,0.3846119354729594,3745725000.0,157003000.0,1244254000.0,2501471000.0,2668572000.0,1045946000.0,236510000.0,,0.06276426950382395,0.04191525005172563,2.551347775124146,,-0.04368644638382413,1.1845780816218192,-0.06960783883202104,0.006867228079920462,-0.00047224101873222235,5280083000.0,1079507000.0,1533663000.0,1901122000.0,0.43154887664098446,0.2881970780022559,0.5768959937166961,1.0,3.2447505356105957,17069671424.0,0.523,7.0,ACCELYA.NS,,,,,0.26050685698553505,46.55913978494623,67.63440860215054,23.8403451995685,,98.60215053763442,,44.97816593886463,29.06350914962325,69.72010178117048,70.13651877133105,85.83877995642702,22.087912087912088,57.608695652173914,98.76977152899823,28.426395939086298,56.21772632865911,Q4 (High)
2026-08-31,7.239999771118164,7.239999771118164,6.849999904632568,6.940000057220459,205318,0.007256921872825339,0.03427720085930175,,,0.31259849329327893,56.31068680308843,0.7906083123735671,,0,4283000.0,-4410000.0,-18968000.0,2466000.0,-11921000.0,-20225000.0,924000.0,7380000.0,-1.029652113004903,-4.428671491944899,-4.72215736633201,0.5757646509455989,1209166000.0,155543000.0,387331000.0,821835000.0,629443000.0,325658000.0,289338000.0,147000.0,0.1892630515857806,0.12863659745642864,1.9328344459525024,1.9323830521590135,2.133138258961229,0.5450725744843392,-0.5814930623412156,-0.043237617673494544,-1.1343795978420794,64827000.0,-915236000.0,-918819000.0,-890137000.0,-1.113649333503684,-0.7569150968518797,-0.9400856168237878,0.0,1.2741002476086822,1144258816.0,,2.19,GVPTECH.NS,,,,,0.16463126577364842,52.68817204301075,51.61290322580645,36.24595469255664,,64.6236559139785,,11.572052401746726,63.293864370290635,,54.26621160409556,75.05446623093682,98.13186813186813,18.804347826086957,85.9402460456942,42.47038917089678,53.646942110464536,Q4 (High)
2026-08-31,86.8499984741211,88.4000015258789,85.61000061035156,85.79000091552734,14631284,-0.02055023972623027,0.022892549255622452,,,0.1995234592994418,48.7474007879465,0.8941334800076131,,0,30298200000.0,9827200000.0,9222500000.0,9351000000.0,9222500000.0,7152800000.0,2134600000.0,,0.3243493012786238,0.3043910199285766,0.2360800311569664,0.30863219597203795,,,,,,,,,,,,,0.050685587066436444,0.06887431073387229,0.17944605562800464,0.22626435796331212,0.22157049732850864,,,,,,,,0.0,,714515939328.0,,,BAJAJHFL.NS,,,,,0.48258105831967874,50.0,33.5483870967742,44.7680690399137,,96.12903225806451,,91.0480349344978,44.02583423035522,,,52.723311546840954,48.02197802197802,93.91304347826087,,,56.94517937377903,Q4 (High)
2026-08-31,89.7300033569336,96.48999786376953,89.0999984741211,90.33000183105469,7489584,-0.07807717150213334,-0.42872498975155926,,,0.6884596401204054,47.95793256576695,1.7877672611341242,,0,5972014000.0,936591000.0,290272000.0,396896000.0,386179000.0,216096000.0,83980000.0,72897000.0,0.15683000743132886,0.0486053783530983,0.036184777865557585,0.0664593217631439,11601551000.0,3676317000.0,5545920000.0,6016093000.0,11028708000.0,5499832000.0,251117000.0,4350804000.0,0.6110804803050751,0.3168815100670591,2.005280888579869,1.2142014519716238,0.23698476349867859,0.12887486548326765,1.049515660637792,0.055310836548322584,0.05090687637355362,17691960000.0,746047000.0,868302000.0,1269537000.0,0.12400855505391954,0.06430579842298673,0.08958576865815623,1.0,2.9326709937317865,18745630720.0,0.006,,GRMOVER.NS,,,,,0.6248838324525589,0.43010752688172044,11.720430107526882,80.90614886731392,,2.9032258064516157,,46.069868995633186,41.980624327233585,12.022900763358779,58.19112627986348,56.75381263616558,80.98901098901099,51.41304347826087,,72.58883248730965,44.397942151000684,Q2 (Low)
2026-08-31,2.390000104904175,2.4600000381469727,2.3499999046325684,2.369999885559082,2850158,-0.05952384781855513,-0.29881662564644584,,,0.20243601941692074,24.242443946415136,0.9571973520593641,,0,0.0,,-40600000.0,-26200000.0,-26300000.0,-30000000.0,3800000.0,0.0,,,,,5697500000.0,7005400000.0,7876400000.0,-14568800000.0,3779800000.0,4702400000.0,457100000.0,0.0,-0.48084948657404863,1.2295568231680563,0.8038023137121469,0.8038023137121469,,1.7522935779816513,-1.0,-0.9772053795304309,-0.7723718505647263,805300000.0,-8395100000.0,-3152400000.0,-13289600000.0,0.5762382625885454,-1.4734708205353224,0.41679667874236453,0.0,-3.648078982009653,3742728448.0,0.133,,GVKPIL.NS,,,,,0.5931287305373891,1.1827956989247312,16.881720430107528,49.622437971952536,,95.3763440860215,,23.362445414847162,4.198062432723358,21.692111959287534,9.215017064846416,90.6318082788671,,22.065217391304348,,4.230118443316413,35.89720527814658,Q1 (Lowest)
2026-08-31,199.0,227.6300048828125,196.61000061035156,204.8699951171875,7671960,0.11330284947638614,0.10085969047863075,,,0.4608844547611536,68.56382003515438,1.2926935359581695,,0,5508184000.0,2082755000.0,547363000.0,654132000.0,540467000.0,375403000.0,80119000.0,84945000.0,0.378120084586862,0.09937267890832986,0.06815367823587593,0.11875638141354755,13043864000.0,3125576000.0,5858106000.0,7185758000.0,5276370000.0,4289744000.0,277587000.0,2229155000.0,0.43496816898092033,0.23962040695916487,1.2299964753141446,0.7103489159259854,-0.12101361553577283,-0.08224298608462655,0.06979561720852878,4.347468733084527,1.2049442807736646,23124217000.0,1073363000.0,1844561000.0,2316365000.0,0.14937366385007678,0.08228872978129793,0.17888674734035384,1.0,2.7715537742497163,12739517440.0,0.39,0.14,GULPOLY.NS,,,,,0.3774635348405792,66.66666666666666,84.40860215053763,66.45091693635383,,23.010752688172047,,39.62882096069869,86.8675995694295,52.862595419847324,24.573378839590443,41.50326797385621,14.285714285714285,50.54347826086957,9.92970123022847,62.2673434856176,48.199922564505485,Q3 (Medium)
2026-08-31,52.45000076293945,57.25,50.20000076293945,56.72999954223633,1882322,0.494861617964359,0.6954572951127866,,,0.506590799225595,83.3719111817079,1.8964478777474458,,0,2303316000.0,511851000.0,275411000.0,283015000.0,283015000.0,205833000.0,70463000.0,6719000.0,0.22222352469222634,0.11957152210117934,0.08936376945238951,0.12287284940494488,,,,,,,,,,,,,0.41598832938144614,1.2070403808625163,0.45505703508524786,2.1952219065803567,2.1326028003763353,7143886000.0,406150000.0,535574000.0,561386000.0,,,,0.0,,2892344064.0,0.38,0.88,GULFPETRO.NS,,,,,0.18271463732162407,99.03225806451613,99.78494623655914,83.27939590075513,,15.268817204301072,,20.96069868995633,97.73950484391818,51.526717557251914,,86.16557734204792,88.90109890109889,48.69565217391305,58.69947275922671,,63.33694264490296,Q5 (Highest)
2026-08-31,11313.0,11629.0,11257.0,11263.0,183767,0.06445515546734715,0.12934072785230621,,,0.2558152802267536,78.02325581395348,0.6389279714055535,,0,27780100000.0,,,,,27064500000.0,63800000.0,0.0,,,0.9742405534897283,,,,,,,,,,,,,,0.1881434149804757,0.051048543689320436,-0.2597086279076585,-0.22373663061342142,,92762200000.0,88566900000.0,,,,,,0.0,,1253498814464.0,0.154,1.42,BAJAJHLDNG.NS,,,,,0.5513950152723752,70.75268817204301,74.51612903225806,25.24271844660194,,83.54838709677419,,95.3056768558952,94.83315392895587,24.045801526717558,,50.871459694989106,76.48351648351648,47.06521739130435,74.60456942003515,,61.1512878699394,Q5 (Highest)
2026-08-31,1072.9000244140625,1230.4000244140625,1072.9000244140625,1189.5,1469222,0.13904045234395324,0.25521022461374887,,,0.328995609274222,78.52635428007518,2.727979434457427,,0,13272124000.0,5472593000.0,1462862000.0,1926657000.0,1731506000.0,1231607000.0,438525000.0,84598000.0,0.41233739226667865,0.11022063989155013,0.09279652601196312,0.14516568711986114,,,,,,,,,,,,,0.25770877206714804,0.37224419033484746,0.305731163759412,0.2844679959034089,0.2849245580993336,43668015000.0,3749103000.0,4797369000.0,6314506000.0,,,,0.0,,58946301952.0,0.603,5.04,GULFOILLUB.NS,,,,,0.17541794246346068,86.55913978494624,88.6021505376344,92.88025889967638,,59.24731182795699,,62.772925764192145,95.3713670613563,76.97201017811705,,69.71677559912854,82.3076923076923,76.19565217391305,96.8365553602812,,72.49745596632631,Q5 (Highest)
2026-08-31,1711.800048828125,1931.0,1711.800048828125,1904.300048828125,195860,0.08088318540732531,0.24929475026399306,,,0.295658246706887,79.96297563718537,3.279542090180218,,0,2151600000.0,759300000.0,358100000.0,411400000.0,356500000.0,245300000.0,84000000.0,27200000.0,0.35290016731734525,0.1664342814649563,0.1140081799591002,0.19120654396728015,11042900000.0,0.0,1499800000.0,9543100000.0,7993900000.0,1210100000.0,1684100000.0,5185900000.0,0.0,0.0,6.605982976613503,2.320469382695645,0.23534477809037146,0.6170072511535927,0.5784608612721003,0.5466582597730139,0.34225122349102777,7809500000.0,715600000.0,993800000.0,1294300000.0,0.07498611562280601,0.06480181836293003,0.10413806834257212,1.0,2.760764835324054,10902117376.0,0.621,1.94,AMBIKCO.NS,,,,,0.2796942017451964,86.02150537634408,78.92473118279571,95.03775620280474,,71.29032258064515,,36.353711790393014,96.23250807319698,78.9440203562341,91.80887372013652,77.12418300653596,80.87912087912088,51.52173913043478,82.60105448154658,5.245346869712352,68.79899157666007,Q5 (Highest)
2026-08-31,356.29998779296875,382.20001220703125,341.6499938964844,355.95001220703125,838817,-0.04965952794588946,-0.01752684460361098,,,0.5243700139053381,43.24323070403977,2.3116467709779096,,0,442330000.0,393323000.0,153214000.0,202809000.0,162425000.0,108912000.0,34453000.0,19060000.0,0.8892071530305428,0.3463793999954785,0.24622340786290778,0.45850157122510343,5034266000.0,1618122000.0,2156588000.0,2877678000.0,887838000.0,791483000.0,31215000.0,154227000.0,0.5623012720672709,0.32142163326292256,1.1217398225862085,0.926881562838368,0.01994087833942837,-0.1262294818927202,0.1721635988785304,-0.09225627391003577,0.16646727939907735,1658228000.0,466814000.0,626109000.0,779582000.0,0.16221898349989122,0.09272732112288068,0.13926531429334046,1.0,1.2590923284546347,38856441856.0,0.487,0.19,GUJTHEM.NS,,,,,0.4326083120780841,37.204301075268816,19.462365591397848,89.96763754045307,,13.010752688172047,,57.096069868995635,30.785791173304627,64.3765903307888,17.4061433447099,38.99782135076253,38.901098901098905,39.78260869565217,13.796133567662567,69.7123519458545,42.03331107160809,Q1 (Lowest)
2026-08-31,39.150001525878906,41.380001068115234,38.0099983215332,40.279998779296875,13753,-0.009589363344162383,0.016145292621158935,,,0.45607668858396727,53.54994342216703,1.0884798864569065,,0,,,,,,,,,,,,,,,,,,,,,,,,,,,,,,,,,,,,,,,,0.288,,GUJRAFFIA.NS,,,,,0.21013281191562772,47.8494623655914,40.53763440860215,56.957928802588995,,23.870967741935488,,,56.29709364908504,37.72264631043257,,,,,,,47.54904888521572,Q3 (Medium)
2026-08-31,236.9304597821128,238.0,228.2161983000862,232.57000732421875,60760,-0.0332097726971865,-0.18938614794895658,,,0.36166314840204794,49.73695818184998,0.6758162626182093,,0,680416000.0,305073000.0,69094000.0,45498000.0,22879000.0,68216000.0,-44935000.0,848000.0,0.44836247236984433,0.10154670084183794,0.1002563137845083,0.06686791609838687,3322300000.0,48899000.0,633202000.0,2697654000.0,744364000.0,553454000.0,55553000.0,315170000.0,0.01812649064705852,0.01471841796345905,1.3449428498122697,0.7754826959422102,0.3436892130202871,0.39358529111338103,0.2843538647684951,-0.3264679456166507,-0.6961086843265338,2076941000.0,236282000.0,168005000.0,308368000.0,0.08758795605366737,0.07112000722391115,0.06116940033562068,1.0,1.8536102398940493,7442240000.0,,0.86,BAJAJINDEF.NS,,,,,0.24431066662230227,5.053763440860215,25.806451612903224,27.184466019417474,,47.526881720430104,,31.222707423580786,46.07104413347686,,30.887372013651877,70.80610021786492,85.49450549450549,4.782608695652174,57.99648506151143,18.95093062605753,40.118887763994145,Q1 (Lowest)
2026-08-31,4.800000190734863,4.980000019073486,4.650000095367432,4.71999979019165,195508,-0.10606068131899293,-0.13394496231586428,,,0.35841800814519054,34.48273027127105,0.7444328869922533,,0,1608490000.0,114580000.0,60720000.0,63990000.0,63990000.0,20770000.0,-1050000.0,44270000.0,0.07123451187138248,0.03774969070370347,0.01291273181679712,0.03978265329594837,3242780000.0,1520370000.0,1980940000.0,1247080000.0,2323480000.0,1466130000.0,29510000.0,209090000.0,1.2191439201975816,0.4688477170822566,1.584770791130391,1.4421572439006092,0.021030113751777435,2.0276967930029155,-0.319877378435518,1.6904145077720205,0.6033575544976197,6705750000.0,37690000.0,168890000.0,184860000.0,0.030222599993585016,0.011622743448522564,0.061027299499539285,1.0,2.988685325554,710643200.0,0.282,,ACCURACY.NS,,,,,0.2767154015188561,9.78494623655914,6.451612903225806,31.607335490830636,,49.13978494623657,,8.078602620087336,15.177610333692144,37.27735368956743,43.003412969283275,91.61220043572985,39.120879120879124,11.521739130434783,,90.52453468697124,38.88666750423315,Q1 (Lowest)
2026-08-31,16.899999618530273,18.579999923706055,16.899999618530273,17.56999969482422,41507259,0.019141527151229853,-0.07769026779576371,,,0.31251095472016527,54.15616704901691,1.79807278231711,,0,16687100000.0,5175000000.0,3199100000.0,3704900000.0,3170500000.0,3907200000.0,-917200000.0,181000000.0,0.3101197931336182,0.19171096236014645,0.2341449383056373,0.22202180127164098,143037900000.0,35431200000.0,104917900000.0,38107200000.0,34146900000.0,60835800000.0,871300000.0,24247800000.0,0.9297770500062981,0.2477049788902102,0.5612961447042695,0.16271833361277405,0.20882472255222972,25.48949152542373,0.07549772166257407,10.491764705882353,0.25935619837519974,54547600000.0,1266300000.0,1500800000.0,3739800000.0,0.03322994079858924,0.008852898427619533,0.020408385278983497,1.0,0.6035718505375148,41426300928.0,0.066,,BAJAJHIND.NS,,,,,0.4043055162270937,19.892473118279568,57.52688172043011,81.12189859762675,,64.73118279569893,,57.96943231441048,57.69644779332616,17.17557251908397,5.802047781569966,99.01960784313727,78.24175824175825,0.9782608695652175,,84.26395939086294,51.62796819904998,Q3 (Medium)
2026-08-31,25.489999771118164,25.5,24.399999618530273,24.889999389648438,20656,0.00850887689934976,0.03535767228578113,,,0.2669722971085049,54.6478847510481,1.3714456737275211,,0,222700000.0,98428000.0,11404000.0,53615000.0,45296000.0,8159000.0,5508000.0,31629000.0,0.44197575213291423,0.051207903008531654,0.036636731028289175,0.24074988774135608,2448502000.0,958134000.0,1321231000.0,1127271000.0,1008223000.0,384125000.0,2835000.0,52906000.0,0.8499588830015142,0.39131436282265647,2.624726326065734,2.48699511877644,-0.5878993786107379,0.4497157071783937,-0.28277665594213264,-1.4215883842298351,1.0585525052793243,1410825000.0,34474000.0,78417000.0,186275000.0,0.030581821052790323,0.014079629095667474,0.037602767807692034,1.0,1.587664130966607,427545472.0,-0.034,,AMBICAAGAR.NS,,,,,0.39994716821251136,53.333333333333336,52.365591397849464,68.93203883495146,,79.89247311827957,,4.25764192139738,58.988159311087195,9.60559796437659,73.20819112627987,72.33115468409585,3.076923076923077,23.58695652173913,,82.23350253807106,48.78743758855894,Q3 (Medium)
2026-08-31,885.0999755859375,948.7999877929688,856.4000244140625,870.7000122070312,653759,-0.023276683735330983,-0.06996368206147319,,,0.2852394476587201,33.73003933544544,3.5419396037554707,,0,25004126000.0,6338907000.0,3218431000.0,4785071000.0,4319378000.0,2069650000.0,1098004000.0,1122779000.0,0.2535144399768262,0.12871599671190267,0.08277233925312967,0.19137125608789526,160481322000.0,48718184000.0,66570732000.0,93796492000.0,67533472000.0,19077999000.0,9834836000.0,9862312000.0,0.5194030497430544,0.3035754154617445,3.5398613869305686,3.0229145100594668,0.08323776420574869,-0.20153439345317226,0.09880512795407848,-0.48757873928994633,-0.2980216828129064,83986189000.0,9028414000.0,14228534000.0,19644592000.0,0.09625534822773543,0.05625834762253516,0.09983907902930643,1.0,1.7927431629707038,84249395200.0,0.608,0.56,GRINFRA.NS,,,,,0.5551287703851701,22.688172043010752,31.72043010752688,96.00862998921251,,74.08602150537635,,68.44978165938865,14.208826695371368,77.67175572519083,82.76450511945393,35.294117647058826,57.03296703296703,87.71739130434783,44.200351493848856,67.51269035532995,57.29037604520558,Q4 (High)
2026-08-31,17.25,18.25,17.200000762939453,17.65999984741211,54941,-0.043854872553066304,-0.032328775484267935,,,0.2983743736968557,45.370372414426456,0.8363627778495802,,0,8896000.0,660000.0,-2778000.0,-2116000.0,-2148000.0,-27574000.0,0.0,19271000.0,0.07419064748201439,-0.3122751798561151,-3.099595323741007,-0.23785971223021582,178544000.0,1660851000.0,1932960000.0,-1754416000.0,174477000.0,332473000.0,1939000.0,0.0,-0.9466688630290649,9.302194417062461,0.5247854713014289,0.5247854713014289,-0.48000935234977793,11.945539906103287,-0.4673691773440306,-1.3959619747838823,0.3839110529758012,47321000.0,-65165000.0,-9137000.0,-7924000.0,0.03714341410475053,-0.36498006093735996,0.09765403730027254,0.0,-14.59329352988619,568996928.0,0.395,,BALKRISHNA.NS,,,,,0.2983573353237316,32.25806451612903,21.0752688172043,40.34519956850054,,70.3225806451613,,6.331877729257641,35.09149623250807,53.11704834605598,5.1194539249146755,98.36601307189542,3.8461538461538463,14.728260869565219,,2.8764805414551606,35.56519320725341,Q1 (Lowest)
2026-08-31,273.0,281.5,272.0,277.8999938964844,1101707,0.03289353839452924,-0.11392322169718883,,,0.1851784211811431,69.71834376090683,1.8389668773319319,,0,4085880000.0,1123210000.0,204380000.0,527820000.0,417110000.0,299470000.0,99360000.0,18290000.0,0.27490038865556504,0.0500210480973499,0.07329388038806818,0.129181473758407,7147070000.0,1540260000.0,2359070000.0,4788000000.0,3254570000.0,2021420000.0,2430000.0,1931550000.0,0.32169172932330825,0.2155092926192132,1.610041456006174,0.6545003017680641,0.02238247636015145,0.933187011813311,0.29004025574236314,-1.7579216440575016,-2.2181117444785485,15004450000.0,736540000.0,625910000.0,1450220000.0,0.15383040935672515,0.10305481826818542,0.09890712454924419,1.0,3.436917925807359,34644905984.0,,0.36,GOPAL.NS,,,,,0.28044094520161994,11.827956989247312,62.688172043010745,81.76914778856526,,97.74193548387098,,55.13100436681223,88.15931108719053,,43.68600682593857,82.46187363834423,39.67032967032967,53.69565217391305,28.031634446397184,54.145516074450086,56.600569372538,Q4 (High)
2026-08-31,1518.9000244140625,1595.0,1445.0,1508.800048828125,1823884,-0.026455025621532235,0.15616861979166674,,,0.38648261487278074,39.26789302295115,2.056837666435418,,0,10784078000.0,3502781000.0,927107000.0,1218409000.0,1014434000.0,545507000.0,206119000.0,247309000.0,0.3248104288563195,0.08596998278387823,0.05058448204844216,0.11298221322212247,30461778000.0,11194542000.0,15175683000.0,14909590000.0,16958472000.0,12313970000.0,8400000.0,8561659000.0,0.7508282923943582,0.3674947010643962,1.3771734054898623,0.6818932480751536,0.04908309497119867,0.24993870681694763,-0.012764485704275796,0.30071532463816486,0.3094765464208371,40581041000.0,1804305000.0,3312273000.0,4184944000.0,0.1210164062190845,0.059231769071391695,0.1268869234954834,1.0,2.310288703436812,50150260736.0,,0.46,GOODLUCK.NS,,,,,0.4242382595784921,75.26881720430107,29.56989247311828,86.08414239482201,,39.35483870967742,,60.37117903930132,22.38966630785791,,33.105802047781566,63.289760348583876,47.58241758241758,65.8695652173913,36.99472759226713,77.49576988155668,52.491771919938394,Q4 (High)
2026-08-31,3474.89990234375,3534.89990234375,3470.0,3491.0,2578,0.0035358176907385186,-0.031757037858826775,,,0.11644020612731125,53.475081929016795,1.77927051750981,,0,2822924000.0,1195018000.0,-116953000.0,306368000.0,152863000.0,415751000.0,-266543000.0,3655000.0,0.42332630988294406,-0.041429737392859316,0.14727672441766054,0.10852860367477127,21571810000.0,92525000.0,2437857000.0,19133953000.0,8805457000.0,1124734000.0,133888000.0,5064002000.0,0.004835644782863217,0.004289162569112189,7.82892399447336,3.3265243159715987,-0.5617313985445302,-0.1408328166976648,-0.428402846116153,0.18240741267412552,-0.5887065052645428,19166727000.0,1479164000.0,1367667000.0,2408224000.0,0.07730571931476993,0.06856930410568236,0.07113455724964292,1.0,2.580941362824909,43776094208.0,0.166,0.36,BANARISUG.NS,,,,,0.3780834963444726,32.365591397849464,49.46236559139785,80.58252427184466,,99.24731182795699,,58.73362445414847,55.65123789020452,25.508905852417303,93.51535836177474,38.01742919389978,3.1868131868131866,1.8478260869565217,28.031634446397184,12.859560067681894,45.26734550862283,Q2 (Low)
2026-08-31,56.380001068115234,57.79999923706055,52.369998931884766,53.810001373291016,103161,-0.07304044650292796,0.3111598482672593,,,0.7973573464376195,47.13328123983658,0.6871986956761095,,0,417200000.0,355020000.0,-29080000.0,82650000.0,-11490000.0,3250000.0,-11530000.0,26960000.0,0.8509587727708533,-0.06970278044103548,0.007790028763183125,0.1981064237775647,4469811000.0,959898000.0,1351668000.0,3056674000.0,1044890000.0,885725000.0,105314000.0,,0.3140334886873772,0.21475136197033834,1.1797002455615457,,0.027788726842727707,-1.184344866704481,0.4485105201027706,-0.5547945205479452,3.3002081165452655,1350320000.0,62360000.0,-89680000.0,276020000.0,0.020401259669824128,0.013951372888025915,-0.02232749717918663,1.0,1.2937335829188301,2818204160.0,0.495,,GOLDTECH.NS,,,,,0.20858396784031488,90.0,13.118279569892474,28.047464940668824,,0.7526881720430083,,20.74235807860262,39.61248654467169,65.39440203562341,22.013651877133107,12.854030501089325,41.75824175824176,7.5,,53.46869712351946,36.35082004009905,Q1 (Lowest)
2026-08-31,376.0,398.0,355.6499938964844,372.8999938964844,10549078,0.18240188314382677,0.2969870112225499,,,0.6207392659065583,67.97017577425729,1.5757181782391587,,0,2346021000.0,925923000.0,438496000.0,582813000.0,525944000.0,372286000.0,139529000.0,14129000.0,0.39467805275400347,0.18691051785128948,0.1586882640862976,0.2484261649831779,13625754000.0,770135000.0,2514679000.0,11060236000.0,12468523000.0,2100165000.0,2629167000.0,5831160000.0,0.06963097351629748,0.05652054190909362,5.936925432049387,3.1604007304188,-0.2662057295494994,-0.45564502568346676,0.18145494924976258,0.60623187905564,0.3590073032188261,9768569000.0,1705933000.0,1888394000.0,2435768000.0,0.1542401988528997,0.12519916329033975,0.15962255114400048,1.0,2.8938247527439587,56142749696.0,1.051,0.75,GOLDIAM.NS,,,,,0.44544139986939113,89.24731182795699,92.47311827956989,75.6202804746494,,4.838709677419345,,61.8995633187773,86.11410118406889,97.45547073791349,90.61433447098976,27.342047930283226,6.593406593406594,60.21739130434782,54.48154657293497,29.780033840947546,58.445154414217676,Q5 (Highest)
2026-08-31,364.70001220703125,391.04998779296875,362.6000061035156,368.6000061035156,11448044,0.002175145016582114,0.29880205059208187,,,0.37587816797867346,44.402761889166385,1.0574072400216037,,0,8574780000.0,8185270000.0,5794620000.0,8305340000.0,6757350000.0,2353300000.0,961340000.0,3442710000.0,0.9545749278698695,0.675774772064123,0.27444435892232805,0.968577619484115,,,,,,,,,,,,,0.565403601524733,0.6891693045356992,0.7611437561487573,0.9076376842139395,0.7520594557762856,24128520000.0,6191910000.0,16100630000.0,25601710000.0,,,,0.0,,260339040256.0,,0.05,ACMESOLAR.NS,,,,,0.34052403830876965,89.56989247311829,48.924731182795696,54.80043149946062,,42.68817204301075,,83.9519650655022,33.04628632938644,,,78.32244008714598,91.64835164835165,86.41304347826086,2.460456942003515,,57.45505138326907,Q4 (High)
2026-08-31,24.989999771118164,26.049999237060547,23.940000534057617,24.59000015258789,8241,-0.01639999389648439,-0.07833583690710988,,,0.4295540828265474,40.73550299928644,0.6315294992559678,,0,,,,,,,,,,,,,,,,,,,,,,,,,,,,,,,,,,,,,,,434766688.0,0.043,,GOLDENTOBC.NS,,,,,0.17278720285191082,19.67741935483871,35.59139784946236,24.70334412081985,,30.0,,4.366812227074235,25.18837459634015,15.012722646310433,,,,,,,36.96933805298971,Q1 (Lowest)
2026-08-31,644.2000122070312,693.5999755859375,643.5999755859375,686.9500122070312,783835,0.020424836230946708,0.15794355197139698,,,0.3454695084025084,58.410895418510606,1.263100898716138,,0,10911000000.0,5095300000.0,1654800000.0,2454600000.0,1858500000.0,1474300000.0,387900000.0,-3700000.0,0.4669874438639905,0.15166345889469343,0.13512052057556595,0.22496563101457245,30580200000.0,6137700000.0,13737000000.0,16843200000.0,25431000000.0,11312000000.0,307500000.0,14983100000.0,0.364402251353662,0.20070830144995783,2.2481435643564356,0.9236120933521924,0.39557192740109737,0.717697774670861,0.2564486411791802,-0.039543973941368105,0.05315999485133216,38674300000.0,4816800000.0,5466500000.0,8012500000.0,0.2859789113707609,0.15751368532579904,0.2378714497691561,1.0,2.7903882250606604,98259468288.0,0.69,2.33,BANCOINDIA.NS,,,,,0.33560253968472736,75.6989247311828,58.06451612903226,64.61704422869471,,53.333333333333336,,69.86899563318777,68.03013993541443,84.60559796437659,65.01706484641639,79.19389978213508,87.6923076923077,74.56521739130434,86.99472759226714,58.71404399323181,68.4263875501923,Q5 (Highest)
2026-08-31,225.0,242.16000366210938,223.22000122070312,228.8000030517578,2810932,0.07518796884654377,-0.026714304621326845,,,0.3059265954291178,69.56909514955245,0.9247490186857515,,0,52819494000.0,3478211000.0,1894610000.0,2170020000.0,2025179000.0,1229661000.0,353514000.0,442004000.0,0.06585089588325098,0.03586952196096388,0.023280438847066577,0.04108369534929661,,,,,,,,,,,,,-0.14809838561162125,0.03164153409634318,0.07261907861179107,0.7151184036911713,0.5215269539170895,244345819000.0,4213363000.0,6886307000.0,7905812000.0,,,,0.0,,67515842560.0,-0.102,,GOKULAGRO.NS,,,,,0.3111896980650506,34.086021505376344,77.52688172043011,46.709816612729234,,67.09677419354838,,64.73799126637554,87.83638320775027,6.743002544529262,,49.23747276688453,12.087912087912088,73.47826086956522,,,51.30270111834007,Q3 (Medium)
2026-08-31,7567.0,7567.0,7280.0,7435.0,956251,-0.021774883231366338,-0.0892386843878239,,,0.44418492553753597,32.736156351791536,0.7604322838075313,,0,41475199000.0,7791211000.0,2589365000.0,3753512000.0,2760531000.0,1338780000.0,493493000.0,647463000.0,0.18785228733923615,0.062431647404512756,0.032279049462788596,0.09050015649111172,137668758000.0,27015865000.0,79652571000.0,43721170000.0,64496833000.0,57012955000.0,2313766000.0,24520217000.0,0.6179126725108226,0.19623816901144703,1.1312662709729744,0.7011847745832505,0.40937083880796377,-5.914396887159533,0.944155269174564,2.732279908447936,1.2651321629634724,142931656000.0,3265753000.0,8454999000.0,11451128000.0,0.07469500473111768,0.02372181639061493,0.11952718968217992,1.0,1.6142493266337161,262215860224.0,0.196,,AMBER.NS,,,,,0.3703306794670684,17.741935483870968,32.365591397849464,33.65695792880259,,26.236559139784944,,84.06113537117903,12.48654467168999,28.880407124681934,18.25938566552901,2.832244008714597,88.68131868131867,78.47826086956522,,72.92724196277496,43.10717215371743,Q2 (Low)
2026-08-31,39.04999923706055,40.70000076293945,38.900001525878906,39.68000030517578,705738,-0.018307716409994068,0.009669238562144411,,,0.3524738356976111,45.99658952370307,0.9526264543637117,,0,10557837000.0,298541000.0,7215000.0,176217000.0,148961000.0,58485000.0,17875000.0,72601000.0,0.028276719937994875,0.0006833786124942069,0.005539486923315827,0.016690634644198427,9104882000.0,3864789000.0,5470914000.0,3633968000.0,7370429000.0,5390122000.0,603097000.0,1873008000.0,1.063517620408325,0.4244743644124108,1.3673955802855668,1.0199065995166714,-0.018435895566958238,0.1141910041721439,0.22756097146940557,-0.11936095886285614,-0.09923785085185888,41204787000.0,184782000.0,253471000.0,686852000.0,0.05084854902409708,0.02029482644585619,0.033801735407614886,1.0,5.399332127533339,3928121600.0,0.126,,GOKUL.NS,,,,,0.29616624973349964,45.806451612903224,34.40860215053764,49.19093851132686,,50.645161290322584,,23.90829694323144,37.13670613562971,21.501272264631044,32.25255972696246,55.773420479302835,26.703296703296704,31.630434782608695,,87.30964467005076,43.084452351386936,Q2 (Low)
2026-08-31,818.9500122070312,835.8499755859375,776.0999755859375,805.5,1527459,-0.03144354433523455,0.16857683775548238,,,0.3737548796118766,40.099378942266924,1.088916661917865,,0,10688470000.0,5428538000.0,708111000.0,1349981000.0,963586000.0,359617000.0,339960000.0,264009000.0,0.5078872841482457,0.0662499871356705,0.033645320611836865,0.12630254844706493,43541570000.0,12732076000.0,21937577000.0,21603993000.0,22621171000.0,15090752000.0,1350099000.0,8745345000.0,0.5893390170974412,0.292411964015078,1.4990088631765999,0.9194920173626867,0.09216315431623556,1.460922049394037,0.05270326901797495,-0.31968028755202427,-0.049722057387740715,39876381000.0,1001318000.0,1676405000.0,4336766000.0,0.04634874673399496,0.022996828088651833,0.048823439864359545,1.0,1.8910275352955808,59021910016.0,-0.027,,GOKEX.NS,,,,,0.35939943705100613,76.55913978494624,26.989247311827956,57.06580366774542,,43.333333333333336,,62.882096069869,24.219590958019378,10.368956743002544,38.737201365187715,88.12636165577342,59.23076923076923,72.82608695652173,,71.57360406091371,52.12747940919398,Q3 (Medium)
2026-08-31,0.8199999928474426,0.8199999928474426,0.8199999928474426,0.8199999928474426,0,0.0,0.0,,,0.0,,,,0,4230000.0,1737000.0,-3056000.0,-1330000.0,-2384000.0,-3628000.0,-140000.0,1384000.0,0.4106382978723404,-0.7224586288416076,-0.8576832151300237,-0.3144208037825059,7916360000.0,1815859000.0,5592058000.0,2323643000.0,7856164000.0,5590890000.0,8530000.0,73699000.0,0.7814707336712223,0.22938054863598928,1.4051723428649106,1.391990362893922,-0.6588709677419355,3.9159891598915992,-0.09769624573378843,0.03391279566828165,0.31813676907829525,21446000.0,-10247000.0,-7129000.0,-428000.0,-0.0044098856838163175,-0.0012944080360165532,-0.0017221878380539494,0.0,0.7560302714884113,263110000.0,0.415,,GOENKA.NS,,,,,0.20548448423380652,42.68817204301075,47.795698924731184,,,99.83870967741936,,2.4017467248908297,,55.279898218829516,34.470989761092156,94.77124183006535,2.307692307692308,12.608695652173912,,79.35702199661591,48.10132447576808,Q3 (Medium)
2026-08-31,30.100000381469727,31.25,29.299999237060547,30.010000228881836,59344,0.05113838987169128,-0.2110935986693887,,,0.5807366545785693,59.259264290777644,0.34394523235730723,,0,580688000.0,123845000.0,38019000.0,31154000.0,28226000.0,25185000.0,-4113000.0,7154000.0,0.21327287631223651,0.06547233626319125,0.04337096685311217,0.05365015292205108,1899229000.0,413065000.0,964999000.0,934230000.0,1626365000.0,851020000.0,3413000.0,854048000.0,0.44214486796613256,0.21749088709155137,1.9110772954807174,0.9075192122394303,-0.019257207519127184,9.524446301713331,0.20346352644690113,0.45729660918875137,0.15629291467171447,2239375000.0,59466000.0,68379000.0,84102000.0,0.06365241963970328,0.03131060024883782,0.050752804693849525,1.0,2.4066907150217274,406935616.0,,,BANG.NS,,,,,0.36334081548380787,3.978494623655914,68.81720430107528,7.443365695792881,,8.27956989247312,,4.148471615720524,70.07534983853606,,53.7542662116041,97.82135076252723,26.483516483516485,10.0,,62.944162436548226,40.91638345742999,Q1 (Lowest)
2026-08-31,2125.0,2143.89990234375,1990.0,2070.0,4247596,0.024683865101274183,0.21467282690448042,,,0.3239762487210071,46.39564064677329,1.0477952154175632,,0,34581300000.0,14800800000.0,4866200000.0,9566500000.0,9210300000.0,6498800000.0,2239600000.0,516300000.0,0.4280001041025063,0.14071767111126535,0.18792815770373006,0.27663795172535444,818944300000.0,158940900000.0,625395400000.0,191555400000.0,758182800000.0,595251100000.0,18607400000.0,578069100000.0,0.8297385508317698,0.19408023231860824,1.2737192757812628,0.3025844051359166,5.939019985552613,2.3299856527977045,2.569203616546941,2.9958189867191343,2.412220002853474,65127800000.0,18271500000.0,958700000.0,28231900000.0,0.09538493824762967,0.022311041178258398,0.0027352642524329073,1.0,0.6828515565710633,623537750016.0,0.478,0.48,GODREJPROP.NS,,,,,0.4681856429075813,83.01075268817203,60.537634408602145,54.476806903991374,,60.96774193548387,,90.28384279475983,38.10548977395049,63.48600508905853,26.791808873720136,92.48366013071896,98.79120879120879,94.56521739130434,38.576449912126535,81.55668358714044,65.57555348534916,Q5 (Highest)
2026-08-31,1326.0,1352.9000244140625,1291.0,1311.5,409557,0.07570542365869337,0.20194287738229533,,,0.4520235401528446,37.32760382081014,0.3362951075928703,,0,76937200000.0,29688500000.0,10257900000.0,19503400000.0,18093700000.0,4442800000.0,2847500000.0,6837000000.0,0.38587965249580175,0.13332822093863567,0.05774579787151079,0.2534976578300224,1263045700000.0,515639300000.0,1031203300000.0,111764900000.0,879637500000.0,804209700000.0,30485500000.0,599431500000.0,4.6136067763671775,0.40825070700133814,1.0937912089346846,0.34842404910062635,0.5231499903983021,1.1719872891713519,0.331164820258526,1.4266987109460345,0.5142273740110714,222368500000.0,12405200000.0,17401400000.0,63647000000.0,0.11099370195830713,0.009821655700977407,0.027735549108533222,1.0,0.4188778996674467,441780142080.0,0.635,,GODREJIND.NS,,,,,0.56679040950527,81.39784946236558,77.74193548387098,7.227615965480043,,24.731182795698928,,88.64628820960698,18.083961248654468,80.34351145038168,15.529010238907851,85.40305010893246,90.98901098901099,95.21739130434783,,98.81556683587141,60.94175827287528,Q5 (Highest)
2026-08-31,1654.300048828125,1676.0,1603.9000244140625,1630.0999755859375,5197029,0.007167114974320432,0.2692516651956385,,,0.30307169339835366,27.672948042240932,0.4902369326020066,,0,97110800000.0,39454900000.0,24231000000.0,31781200000.0,25927700000.0,11490600000.0,1559100000.0,11517300000.0,0.40628745721382176,0.24951910601086594,0.11832463536496456,0.3272674100100092,,,,,,,,,,,,,0.30467926059379824,0.6804527772090438,0.5234070323064421,0.7755698060727807,0.4051472961441702,307032800000.0,28976300000.0,77496100000.0,97773500000.0,,,,0.0,,1993538142208.0,0.679,,ADANIENSOL.NS,,,,,0.473475153261437,87.8494623655914,51.50537634408602,14.239482200647249,,68.70967741935483,,96.94323144104804,7.427341227125941,83.58778625954199,,78.10457516339869,84.28571428571429,91.63043478260869,,,60.95220543260782,Q5 (Highest)
2026-08-31,1072.0999755859375,1100.0,1032.300048828125,1050.0,5696653,-0.03439398894092838,0.019219617323415816,,,0.20920571223305146,45.4489490413822,2.058687216243663,,0,38849000000.0,20156200000.0,7652700000.0,8178700000.0,7417400000.0,4517700000.0,1997000000.0,902700000.0,0.5188344616335041,0.19698576539936677,0.11628870756004016,0.21052536744832556,213335800000.0,44158100000.0,86806300000.0,126529500000.0,70198500000.0,77071600000.0,9768700000.0,16594900000.0,0.34899450325813347,0.20698870044315112,0.9108218851042408,0.6955039210292767,-0.047694921153973446,-0.09266734952099775,0.0362192627050153,-0.09339567738957677,-0.01851674066962683,151003400000.0,18140300000.0,29011800000.0,32242600000.0,0.1433681473490372,0.08503167307128011,0.16997016772161538,1.0,1.614236335392372,1074470191104.0,0.368,1.9,GODREJCP.NS,,,,,0.45123811091318716,48.70967741935484,25.053763440860216,86.19201725997843,,94.40860215053763,,93.66812227074236,35.199138858988164,49.80916030534351,11.092150170648464,40.74074074074074,21.0989010989011,93.3695652173913,82.16168717047452,57.021996615905245,55.901701514657766,Q4 (High)
2026-08-31,88.0,92.30000305175781,83.0,86.30999755859375,11227,-0.0808307118631233,0.026156187519649432,,,0.38627942179547436,44.794614253673,1.2823805645953636,,0,176746000.0,127739000.0,26841000.0,31926000.0,25037000.0,16041000.0,-263000.0,9260000.0,0.7227263983343328,0.15186199404795583,0.09075735801658878,0.18063209351272447,1007101000.0,408033000.0,581351000.0,395553000.0,674749000.0,426702000.0,102118000.0,61245000.0,1.031550765636969,0.4051559873339417,1.581312016348646,1.4377809337664225,0.157858878865895,-11.78024193548387,0.19138810809353357,-1.9928819014607577,-23.451476793248943,570925000.0,3757000.0,23652000.0,61942000.0,0.009498095071962543,0.003730509650968473,0.029433066280398115,1.0,1.4943662055742175,938552768.0,1.111,,BANKA.NS,,,,,0.3277331657502312,50.752688172043015,11.182795698924732,65.91154261057174,,39.462365591397855,,9.934497816593886,33.692142088266955,98.21882951653944,42.15017064846416,1.4161220043572984,71.42857142857143,12.5,,86.29441624365482,44.86294278795903,Q2 (Low)
2026-08-31,557.0499877929688,568.0,534.2999877929688,542.8499755859375,791525,-0.015305627061283023,-0.033956116848674056,,,0.18641162380131965,38.55745668583531,1.4236287792328222,,0,28522000000.0,7067000000.0,1835200000.0,2675800000.0,2109200000.0,1345000000.0,528200000.0,297900000.0,0.24777364841175234,0.06434331393310427,0.04715658088493093,0.09381530046981278,,,,,,,,,,,,,0.2278247243830096,0.28278493085360035,0.34192127821742124,0.900254309126872,0.5563310649683011,104917500000.0,5146900000.0,6618600000.0,10150500000.0,,,,0.0,,104422604800.0,,2.03,GODREJAGRO.NS,,,,,0.31601153178680513,31.72043010752688,36.774193548387096,71.19741100323624,,97.52688172043011,,70.63318777292577,21.205597416576964,,,65.68627450980392,80.32967032967034,79.67391304347827,84.18277680140598,,59.2620224168961,Q5 (Highest)
2026-08-31,175.13999938964844,177.1999969482422,170.4600067138672,176.02000427246094,60623720,-0.11928347976126175,-0.10225940889879903,,,0.49057289047592123,23.209956730498803,0.5692062251368518,,0,35244137000.0,,,,,5016687000.0,1738488000.0,27099667000.0,,,0.1423410367517298,,,,,,,,,,,,,,-0.011741178028313537,-0.06078892661527424,0.019939059717309693,0.578049431857323,,139531259000.0,16133600000.0,,,,,,0.0,,283587870720.0,0.805,0.85,BANDHANBNK.NS,,,,,0.42832874026271245,14.516129032258066,4.946236559139785,19.956850053937433,,17.849462365591393,,84.82532751091702,3.659849300322928,90.45801526717557,,43.35511982570806,28.35164835164835,92.82608695652173,57.46924428822495,,43.88093130076302,Q2 (Low)
2026-08-31,391.0,408.95001220703125,391.0,398.8999938964844,678048,0.0419223913728477,0.27220541995323133,,,0.607199132634521,49.36707985732155,0.3207354407541536,,0,5072685000.0,1066378000.0,466383000.0,732415000.0,560154000.0,300999000.0,115947000.0,143207000.0,0.21021963713496897,0.09194006724249584,0.05933721490689842,0.14438408850539705,12198882000.0,4040910000.0,5706556000.0,6465302000.0,6448099000.0,3848781000.0,28935000.0,4045793000.0,0.6250148871622703,0.3312524869082265,1.6753613676642032,0.6241732122456435,0.3979965490242767,1.5965873310271652,0.2691132493092998,0.7459136204916417,0.4857493508601103,16669539000.0,757079000.0,1441320000.0,2225523000.0,0.11709878362990622,0.06206134299848134,0.1371874087444647,1.0,2.515693782430226,12352850944.0,0.703,0.15,HARIOMPIPE.NS,,,,,0.3559680084892583,88.17204301075269,66.45161290322581,7.011866235167206,,6.021505376344081,,38.75545851528384,45.425188374596345,85.6234096692112,45.563139931740615,89.43355119825708,87.8021978021978,56.413043478260875,10.984182776801406,73.60406091370558,53.41741734570297,Q4 (High)
2026-08-31,6.440000057220459,6.690000057220459,6.400000095367432,6.429999828338623,288843,-0.027231513092281667,-0.06540701724085118,,,0.24224985440179622,42.57425088155882,0.9183686429423028,,0,285114000.0,24568000.0,21203000.0,22657000.0,22156000.0,20192000.0,1749000.0,2099000.0,0.08616904115546764,0.07436674453025807,0.07082079448922185,0.07946645903042292,458029000.0,106880000.0,204312000.0,253717000.0,255448000.0,136696000.0,440000.0,66766000.0,0.4212567545730085,0.23334767012569074,1.868730613917013,1.3803037396851408,0.6740294511378848,3.6058394160583944,0.8088809090274649,11.844783715012722,8.409053156146179,755519000.0,34977000.0,39700000.0,44605000.0,0.13785832246164034,0.07636416034792556,0.11009520323241735,1.0,2.895755508930657,917771776.0,0.377,,GOYALALUM.NS,,,,,0.29374802718354176,24.193548387096776,29.139784946236556,46.170442286947136,,87.41935483870968,,9.82532751091703,29.171151776103336,50.82697201017812,52.73037542662116,94.33551198257081,93.4065934065934,19.782608695652172,,61.75972927241963,49.91742670266972,Q3 (Medium)
2026-08-31,244.0500030517578,251.88999938964844,236.0,240.61000061035156,6414746,-0.040629993291121824,-0.14767973427328485,,,0.2699829516425116,45.974620791999406,0.9656720130288047,,0,16102700000.0,8736000000.0,3906200000.0,4574700000.0,4090800000.0,2800900000.0,1094000000.0,194500000.0,0.542517714420563,0.2425804368211542,0.1739397740751551,0.2840952138461252,72961500000.0,4434000000.0,14471400000.0,58081600000.0,26401000000.0,8679900000.0,3061600000.0,9263600000.0,0.0763408721522823,0.06077177689603421,3.041624903512713,1.9743775849952188,0.4131993505638685,0.9552530541012216,0.09685439485586622,0.265886287625418,0.30482030804335425,53806500000.0,8007400000.0,10747300000.0,13351100000.0,0.13786465937577477,0.10974829190737581,0.17191389029298287,1.0,2.3284293771372573,156540256256.0,,0.42,GPIL.NS,,,,,0.4285769976496947,8.38709677419355,22.1505376344086,49.83818770226537,,78.9247311827957,,76.52838427947599,37.02906350914962,,77.98634812286689,82.6797385620915,88.79120879120879,87.60869565217392,33.567662565905096,30.79526226734349,54.95246113625857,Q4 (High)
2026-08-31,2130.89990234375,2152.10009765625,2061.0,2133.800048828125,155175,0.065993955577065,0.20560476423858098,,,0.5193699388383595,50.80850427229075,0.2949689910284651,,0,8006153000.0,4393296000.0,1304843000.0,1820315000.0,1555047000.0,1155133000.0,388107000.0,13776000.0,0.5487399503856596,0.16298002298981795,0.1442806551411146,0.22736450327641752,,,,,,,,,,,,,-0.0454935363407144,-0.027198257748463295,0.13417922465895948,0.2482553452676579,0.21125083924492238,30892735000.0,4238749000.0,4846824000.0,6789425000.0,,,,0.0,,236254347264.0,0.521,0.89,GRINDWELL.NS,,,,,0.20728692436689303,81.72043010752688,75.16129032258064,6.148867313915858,,13.97849462365592,,82.75109170305677,48.977395048439185,69.08396946564885,,45.09803921568628,21.64835164835165,74.67391304347825,59.05096660808435,,51.88618727336164,Q3 (Medium)
2026-08-31,10.0,10.289999961853027,9.550000190734863,9.819999694824219,8498469,-0.028684468021865306,-0.13020374419802372,,,0.2603514963921622,39.20454945692077,0.8266698647246777,,0,814300000.0,662800000.0,324400000.0,602200000.0,374600000.0,234200000.0,0.0,135100000.0,0.8139506324450448,0.39837897580744197,0.2876089893159769,0.7395308854230628,,,,,,,,,,,,,1.1101321585903086,-2.3321956769055747,-0.06809338521400776,-0.18961937716262978,-0.08716083068061242,2870000000.0,612100000.0,902900000.0,2100700000.0,,,,0.0,,11519170560.0,0.804,,GREENPOWER.NS,,,,,0.18296165522577273,10.0,28.387096774193548,39.26645091693635,,82.04301075268818,,37.33624454148472,22.17438105489774,90.33078880407125,,7.734204793028322,96.5934065934066,14.728260869565219,,,45.23958967335147,Q2 (Low)
2026-08-31,289.44557584940304,299.0,284.0,286.3500061035156,1337621,-0.07780404322305978,0.11397695379837303,,,0.3393285220516572,27.17740190783796,0.9340213447509017,,0,7248864000.0,3079801000.0,608631000.0,782975000.0,608631000.0,375196000.0,118443000.0,,0.424866710149342,0.08396225946575905,0.051759282557929075,0.10801347631849625,,,,,,,,,,,,,-0.06616455805785382,0.22113841777569476,0.2065113890054442,0.3202108418896952,0.2709271409232128,28631101000.0,986104000.0,2205189000.0,2495556000.0,,,,0.0,,35765702656.0,0.689,0.17,GREENPLY.NS,,,,,0.23155215326367953,68.60215053763442,11.827956989247312,47.896440129449836,,55.26881720430107,,55.45851528384279,6.996770721205597,84.4147582697201,,61.43790849673203,19.01098901098901,56.739130434782616,12.214411247803165,,45.32452322171386,Q2 (Low)
2026-08-31,2474.5219885265074,2558.0,2397.300048828125,2466.300048828125,1229034,0.1240258066181561,0.17259546001316073,,,0.4225893426471856,84.67075814663556,0.43559712133168793,,0,34552700000.0,17285200000.0,5381500000.0,8440700000.0,6378200000.0,4507700000.0,1502800000.0,367700000.0,0.5002561304905261,0.1557475971487033,0.1304586906377794,0.24428481710546499,,,,,,,,,,,,,0.17813912889301076,0.5052761637614374,0.25537534788074323,0.2230904897571564,0.18402816743350914,118849000000.0,14206800000.0,17449800000.0,28139000000.0,,,,0.0,,476778168320.0,0.321,0.75,BALKRISIND.NS,,,,,0.48445994115295526,77.09677419354838,86.55913978494624,10.895361380798274,,30.86021505376344,,88.97379912663756,98.17007534983854,42.23918575063613,,74.18300653594771,74.83516483516483,91.30434782608695,54.48154657293497,,61.9732410940202,Q5 (Highest)
2026-08-31,194.00999450683594,204.92999267578125,190.0,192.25,597543,0.012181237481590834,-0.10077140281861108,,,0.4043124355123212,49.84459838820111,0.759730069754446,,0,3989290000.0,1945746000.0,68071000.0,298669000.0,52403000.0,13738000.0,-3173000.0,41838000.0,0.4877424303572816,0.017063437353514035,0.0034437205618042307,0.07486770828894365,20469463000.0,3701436000.0,6910698000.0,13558765000.0,5771440000.0,2974735000.0,463047000.0,1892842000.0,0.2729921198575239,0.18082721564312654,1.9401526522530579,1.3038465611222512,-0.04166312331210198,-0.8658477042360799,0.0652164683471601,-0.9532496877754297,-0.40592348009428236,15393687000.0,-291278000.0,-200796000.0,895631000.0,-0.02148263503350047,-0.014229879894748582,-0.011633468231337514,0.0,1.8517795948042215,23575115776.0,0.466,0.26,GREENPANEL.NS,,,,,0.18273528221821372,15.053763440860216,54.3010752688172,33.549083063646165,,35.376344086021504,,49.890829694323145,46.5016146393972,61.19592875318066,54.94880546075085,17.538126361655774,22.63736263736264,10.652173913043478,19.77152899824253,49.407783417935704,38.054961315682476,Q1 (Lowest)
2026-08-31,252.0,278.54998779296875,245.3000030517578,273.70001220703125,1430820,0.07165238350774605,0.25612026908413443,,,0.3990416171393008,67.0436337533488,2.265651165620075,,0,8576600000.0,4421200000.0,730600000.0,1102600000.0,751000000.0,394600000.0,115100000.0,230400000.0,0.5154956509572558,0.08518527155282979,0.046008907958864816,0.1285591026747196,30041400000.0,11604100000.0,18250800000.0,11792400000.0,12348600000.0,10139100000.0,638600000.0,7639300000.0,0.9840320884637563,0.3862702803464552,1.2179187501849276,0.4644692329693957,0.2141795376360831,-233.11764705882354,0.25799023130967913,17.971153846153847,0.7228125000000001,30460800000.0,562600000.0,1834100000.0,3270100000.0,0.04770869373494793,0.018727489397964144,0.0783920671895369,1.0,1.7342687091813298,69833924608.0,,0.15,GREENLAM.NS,,,,,0.43774283610619924,86.66666666666667,76.88172043010752,89.32038834951457,,36.12903225806452,,65.39301310043668,84.17653390742734,,23.549488054607508,0.2178649237472767,78.57142857142857,56.30434782608695,10.984182776801406,85.10998307952623,56.220309996294354,Q4 (High)
2026-08-31,528.0,543.0999755859375,505.0,506.6499938964844,1702716,-0.034032423457608485,-0.14804405686840338,,,0.33090407457229787,34.031261076072994,0.8179579077098301,,0,3271981000.0,2965996000.0,440641000.0,728709000.0,496712000.0,306768000.0,138649000.0,54519000.0,0.9064832589186795,0.13467101428767464,0.09375604564940933,0.22271186782563834,,,,,,,,,,,,,0.08724132179007738,1.2860890236904665,0.11916509525443186,-0.23669995048482573,-0.15582861458902908,11158897000.0,968255000.0,1348022000.0,2522800000.0,,,,0.0,,62550192128.0,0.191,0.49,ACI.NS,,,,,0.18545206298524822,8.279569892473118,25.268817204301076,38.61920172599784,,58.49462365591398,,63.97379912663755,14.531754574811625,28.117048346055977,,87.03703703703704,58.13186813186814,60.108695652173914,39.36731107205624,,45.461981761288435,Q2 (Low)
2026-08-31,240.0,241.85000610351562,194.5,198.85000610351562,24129437,-0.15491294169525383,0.19226878135440595,,,0.553029493615182,25.98480663840668,1.4536878831656779,,0,9741200000.0,3016200000.0,281200000.0,672700000.0,390600000.0,257700000.0,208900000.0,120100000.0,0.3096333100644684,0.028867080031207654,0.026454646244815833,0.0690572003449267,,,,,,,,,,,,,-0.026123469132716792,0.14330079858030165,0.1838654400058335,0.07151767151767152,0.1594277835229232,35952700000.0,1069000000.0,1334900000.0,2582900000.0,,,,0.0,,46322397184.0,0.07,1.52,GREAVESCOT.NS,,,,,0.37403267667380097,79.56989247311827,2.3655913978494625,71.84466019417476,,10.430107526881713,,59.60698689956332,6.027987082884822,17.43002544529262,,58.06100217864923,25.164835164835164,66.52173913043478,76.44991212653778,,44.89818264134813,Q2 (Low)
2026-08-31,173.9499969482422,177.5,172.67999267578125,175.19000244140625,548711,-0.00804030442238779,-0.07712163118808679,,,0.23934455294036416,41.31635146938003,0.9910761973711292,,0,7439133000.0,2557332000.0,855250000.0,1334753000.0,1050783000.0,845224000.0,302615000.0,96053000.0,0.34376747935545715,0.11496635427811279,0.11361861657803403,0.17942319353612848,33493543000.0,2196474000.0,12661870000.0,20690266000.0,16831977000.0,7890896000.0,337469000.0,1686546000.0,0.10615977580955219,0.0655790281726839,2.1330881816209466,1.9193550390221845,0.1322976067531767,0.2694710787494292,0.22321729830840908,0.12464406797702865,0.18906834622100277,27170037000.0,2766016000.0,2747241000.0,3971503000.0,0.1336868264525937,0.08258355946398385,0.1200363616661875,1.0,2.099905957993157,29958162432.0,0.682,9.7,BALMLAWRIE.NS,,,,,0.23697473965075824,20.32258064516129,41.50537634408602,51.24056094929881,,87.95698924731182,,53.493449781659386,26.157158234660926,83.84223918575063,61.94539249146758,64.70588235294117,66.92307692307692,71.41304347826087,99.64850615114236,34.34856175972927,57.566854502969804,Q4 (High)
2026-08-31,115.4000015258789,117.5999984741211,112.01000213623047,113.86000061035156,14088,-0.0025405248502041733,0.0012310885345203637,,,0.44200780730439426,42.655473388067456,0.2352708480631422,,0,90584000.0,62566000.0,10106000.0,16678000.0,13134000.0,7198000.0,2500000.0,3436000.0,0.6906959286408195,0.1115649562836704,0.07946215667226,0.1841164002472843,,,,,,,,,,,,,0.39184413509111593,0.31039504824321873,0.45905547322981777,0.18019347434005573,0.27041438147471064,283368000.0,18845000.0,28961000.0,59924000.0,,,,0.0,,751193856.0,0.455,,BANARBEADS.NS,,,,,0.1806997557213241,43.54838709677419,45.376344086021504,4.0992448759439055,,26.88172043010752,,8.624454148471617,29.494079655543597,60.62340966921119,,66.88453159041394,87.36263736263736,20.434782608695652,,,42.88863943492137,Q2 (Low)
2026-08-31,1624.4000244140625,1739.5,1613.199951171875,1732.0999755859375,1109491,-0.043778319398983356,0.027769492317023747,,,0.35563346868542994,41.6180022835029,0.6743700118396778,,0,14750600000.0,2538300000.0,952200000.0,1572500000.0,1427600000.0,1063900000.0,249100000.0,114800000.0,0.1720811356826163,0.06455330630618415,0.07212587962523559,0.1066058329830651,,,,,,,,,,,,,0.2577680002728606,0.15792337831954728,0.42233407580973314,0.11836434352990644,0.22909176176332657,47048300000.0,3892000000.0,3985400000.0,5407800000.0,,,,0.0,,126160814080.0,0.467,0.64,GRAVITA.NS,,,,,0.19899105601042566,51.182795698924735,21.29032258064516,27.07659115426106,,49.784946236559136,,73.0349344978166,26.910656620021527,61.32315521628499,,59.04139433551199,82.41758241758241,68.04347826086956,48.59402460456942,,51.24665877486977,Q3 (Medium)
2026-08-31,88.4000015258789,90.58999633789062,86.20999908447266,89.2300033569336,79535,0.1461786140766006,0.09794520785853011,,,0.5193223196679634,45.69893575760558,0.23859998103636065,,0,840757000.0,457485000.0,75094000.0,103309000.0,72729000.0,35935000.0,-3862000.0,40555000.0,0.5441346310527299,0.08931712730313278,0.04274124390281615,0.12287616992781505,3755399000.0,1595164000.0,2932875000.0,822274000.0,2622336000.0,2492280000.0,23011000.0,1163553000.0,1.9399421603990883,0.42476551759213865,1.052183542780105,0.5853206702296693,-0.04121350626128273,1.0189336479577507,0.026863728409476817,-0.3386034013104616,0.18428805612554888,3116612000.0,62835000.0,208237000.0,338303000.0,0.07641613379481779,0.016731910510707385,0.08613954111749712,1.0,1.2419102470869274,1420619520.0,0.454,1.34,BALPHARMA.NS,,,,,0.28964465192803884,66.34408602150538,89.35483870967742,4.207119741100324,,14.086021505376351,,13.864628820960698,36.06027987082885,60.36895674300254,13.822525597269625,83.87799564270153,22.967032967032967,10.217391304347826,72.58347978910369,95.60067681895093,45.557002235457205,Q2 (Low)
2026-08-31,657.0,744.7999877929688,654.3499755859375,709.9500122070312,16151651,0.23546547876617252,0.0010371978995451503,,,0.3659334232659853,69.95897033406531,1.7877731889926711,,0,8420000000.0,4130000000.0,1210000000.0,2410000000.0,2180000000.0,1720000000.0,430000000.0,40000000.0,0.49049881235154397,0.14370546318289787,0.2042755344418052,0.2862232779097387,,,,,,,,,,,,,0.031862745098039325,-2.6538461538461537,0.2661654135338345,0.28358208955223874,0.24870466321243523,30290000000.0,2130000000.0,-40000000.0,4120000000.0,,,,0.0,,138706911232.0,,0.99,GRAPHITE.NS,,,,,0.2176289099416911,43.333333333333336,95.05376344086022,81.01402373247033,,45.6989247311828,,74.67248908296943,88.69752421959096,,,6.535947712418301,42.967032967032964,75.97826086956522,63.2688927943761,,57.814679525586655,Q4 (High)
2026-08-31,827.7999877929688,883.0,814.2000122070312,873.8499755859375,3919545,-0.007232829172845512,0.20111141638894536,,,0.2761483306100273,49.87417145710706,0.7275344215561168,,0,14649730000.0,9571570000.0,2592590000.0,3411750000.0,2615260000.0,1799630000.0,604410000.0,211220000.0,0.6533615295298958,0.17697186228005568,0.12284390224256693,0.2328882511827863,,,,,,,,,,,,,0.00517485904993098,-0.10718467217018579,0.2119314158267096,0.5977396214354203,0.438652492736634,55950980000.0,6623480000.0,9703930000.0,12995030000.0,,,,0.0,,216537333760.0,0.137,0.2,GRANULES.NS,,,,,0.3068769412921564,81.29032258064515,42.25806451612903,30.097087378640776,,76.7741935483871,,81.98689956331879,46.60925726587728,22.137404580152673,,39.869281045751634,33.29670329670329,81.95652173913044,14.762741652021088,,50.069231811117156,Q3 (Medium)
2026-08-31,595.0499877929688,665.5,594.0,633.4500122070312,6324933,0.11630980452939044,0.18590280493180944,,,0.3642045261558115,59.57569373234828,1.4970879755218063,,0,16039906000.0,5749407000.0,2400884000.0,3064273000.0,2617297000.0,1595683000.0,765967000.0,255647000.0,0.3584439335242987,0.14968192456988214,0.09948206679016698,0.19104058340491523,84063397000.0,31700360000.0,42682290000.0,41381107000.0,33836221000.0,30048347000.0,4412000.0,31351711000.0,0.7660587716998485,0.37710063037305047,1.1260593136787191,0.08268374962522897,0.10306770152078437,0.40675074759500096,0.06670687900287597,-0.303566526319373,-0.2046707931508115,62711465000.0,3784634000.0,5641067000.0,8145509000.0,0.09145801730243708,0.04502118799695901,0.07718874882465071,1.0,1.5919835323809242,133953847296.0,0.349,1.11,BALRAMCHIN.NS,,,,,0.4377826671446962,78.70967741935485,84.83870967741936,72.92340884573895,,46.34408602150538,,73.90829694323145,71.04413347685683,47.58269720101781,17.918088737201366,71.56862745098039,61.42857142857143,84.23913043478261,66.60808435852373,78.84940778341793,63.73086131857346,Q5 (Highest)
2026-08-31,117.0,119.43000030517578,110.0,115.79000091552734,1014477,-0.06568223488746716,0.03515756270782089,,,0.36309809121345726,48.34005649491496,1.511615129080051,,0,4146808000.0,1512296000.0,516096000.0,582204000.0,508114000.0,318807000.0,116754000.0,95001000.0,0.3646891777965124,0.12445620824499229,0.07688009669123817,0.14039810861751978,13649522000.0,2940243000.0,7740683000.0,6028037000.0,9301970000.0,5864452000.0,21809000.0,1673196000.0,0.48776127286544524,0.21540996087628564,1.5861618442780332,1.300850275524465,0.46048461313327715,0.5820117109964271,0.08913457199783381,0.31545460172061635,0.4839045128534507,12899169000.0,973149000.0,1510369000.0,1885740000.0,0.16143713119212771,0.07129546367997355,0.16841233770578082,1.0,1.9883640320884497,14631756800.0,-0.012,3.45,GPTINFRA.NS,,,,,0.35551120203515,53.2258064516129,15.376344086021506,73.46278317152104,,46.666666666666664,,42.248908296943235,42.6264800861141,10.814249363867685,43.1740614334471,75.92592592592592,89.78021978021978,56.52173913043478,93.67311072056239,65.82064297800339,53.95446253942271,Q4 (High)
2026-08-31,169.63999938964844,172.35000610351562,157.47000122070312,159.44000244140625,1651739,0.016191279769302902,0.13417978616454063,,,0.305094016846875,64.72350033544485,1.4175469735166153,,0,1263718000.0,807577000.0,164182000.0,249957000.0,180466000.0,145660000.0,12988000.0,21818000.0,0.6390484269433528,0.12991980805844341,0.11526305710609487,0.19779491943614003,4647482000.0,911801000.0,1953202000.0,2694280000.0,892792000.0,794943000.0,41332000.0,106009000.0,0.33842102528319257,0.1961924758396052,1.1230893284172576,0.9897351130835795,0.051708325496468754,0.554817843151906,0.24624317815589802,0.13002327385570212,0.12304892842701176,4725470000.0,422205000.0,570947000.0,901342000.0,0.15670420297816115,0.09084596777351693,0.15832894491277372,1.0,1.9818083426681374,13082821632.0,0.331,1.88,GPTHEALTH.NS,,,,,0.2266317413003283,71.82795698924731,56.451612903225815,70.76591154261057,,67.41935483870968,,40.61135371179039,81.05489773950484,44.211195928753185,17.576791808873722,75.38126361655773,48.35164835164835,27.934782608695652,81.54657293497364,55.499153976311334,55.90883313006015,Q4 (High)
2026-08-31,48.849998474121094,49.0,47.0099983215332,47.95000076293945,78823,-0.0291556720895767,-0.14206474706420513,,,0.18290198761456336,39.924668674352574,0.9804471888246026,,0,1421700000.0,1083200000.0,-170200000.0,49300000.0,-158300000.0,-359300000.0,-118400000.0,319400000.0,0.7619047619047619,-0.11971583315748752,-0.2527256101849898,0.034676795385805724,,,,,,,,,,,,,-0.08188569583467875,-1.7405193734542457,0.589024253939868,-0.2801041875375676,-1.4153327716933446,5068100000.0,-611700000.0,-638100000.0,347800000.0,,,,0.0,,4419654144.0,1.029,,ACL.NS,,,,,0.2064647431087764,8.9247311827957,28.279569892473116,50.701186623516726,,97.95698924731182,,25.436681222707424,23.78902045209903,97.07379134860051,,10.130718954248366,17.582417582417584,2.717391304347826,,,40.83949985403454,Q1 (Lowest)
2026-08-31,151.4499969482422,153.9499969482422,150.25999450683594,151.6300048828125,4312311,-0.004529952785109592,-0.007981689054542107,,,0.1988096981029646,50.6034153641054,0.8482109727922376,,0,3172140000.0,2245280000.0,1928680000.0,1927610000.0,1927610000.0,1422000000.0,494210000.0,11400000.0,0.7078123916346694,0.6080059518180156,0.44827781875957556,0.6076686400978519,30236920000.0,368740000.0,6352630000.0,23884290000.0,10580490000.0,4168190000.0,93070000.0,118090000.0,0.015438600016998622,0.012195025154678452,2.5383895647751182,2.5100583226772293,0.08541630310931358,0.3177770158188844,0.2066461510371298,0.4309577958017188,0.44851399586699237,11115100000.0,4667930000.0,5658760000.0,6317220000.0,0.19543934527674886,0.1543784882851825,0.23332177464011714,1.0,1.9383250344281096,73332187136.0,0.447,6.6,GPPL.NS,,,,,0.2872855842210071,40.0,44.3010752688172,41.42394822006473,,96.34408602150538,,66.5938864628821,48.33153928955867,59.03307888040712,69.7952218430034,67.64705882352942,57.36263736263736,78.58695652173913,98.41827768014059,18.274111675126903,59.07412520329413,Q5 (Highest)
2026-08-31,440.45001220703125,478.8999938964844,436.0,469.04998779296875,4085914,0.03749166436766682,-0.05462059142778042,,,0.37952798996672754,61.7830991742112,1.9158948540653804,,0,2635549000.0,948273000.0,567295000.0,833953000.0,802039000.0,657366000.0,96843000.0,47830000.0,0.35980093711025674,0.2152473735073793,0.2494227957818276,0.31642477525555396,18507822000.0,1518694000.0,2562600000.0,15945222000.0,7938411000.0,2240891000.0,856601000.0,1452787000.0,0.09524445630170593,0.08205687303454723,3.5425243798114234,2.8942166307955186,-0.15284642167438534,-0.07531494933240301,-0.022589971599822234,0.04862462592760375,0.053668083428935365,11073669000.0,2588906000.0,2895815000.0,3324597000.0,0.16236249329109373,0.13988172136083868,0.16581704813513762,1.0,2.31689782298533,53936951296.0,0.567,0.03,BALUFORGE.NS,,,,,0.39531420553095703,26.344086021505376,64.6236559139785,83.81877022653723,,42.04301075268817,,61.24454148471615,75.45748116254036,74.04580152671755,82.93515358361775,42.0479302832244,11.538461538461538,53.369565217391305,0.7029876977152899,32.656514382402705,50.05519731943308,Q3 (Medium)
2026-08-31,3110.3105169190953,3349.60009765625,3093.463098972085,3323.0,3294091,0.0443159201498915,0.14824383585935297,,,0.23360978206118718,64.51055191518273,1.2694160497382991,,0,511011100000.0,231903700000.0,57414400000.0,80422700000.0,60005600000.0,19577400000.0,12762200000.0,9221100000.0,0.45381342988439977,0.112354506585082,0.03831110517951567,0.15737955594310965,5695545600000.0,2278420500000.0,3996893100000.0,1034699200000.0,1130662700000.0,1195998000000.0,27841000000.0,154285600000.0,2.2020124302792543,0.4000355119621902,0.9453717313908552,0.8163701778765516,0.15321232615024782,0.8886348508089024,0.15437707235550602,0.30873721505448226,0.20958581875171078,,,,,,,,0.0,,2253833895936.0,0.355,0.3,GRASIM.NS,,,,,0.6494587682448764,74.6236559139785,66.88172043010752,64.94066882416398,,89.78494623655914,,97.37991266375546,80.7319698600646,48.346055979643765,12.1160409556314,81.8082788671024,70.32967032967034,98.47826086956522,22.671353251318102,96.61590524534687,66.98056262846048,Q5 (Highest)
2026-08-31,200.8300018310547,208.10000610351562,199.83999633789062,206.47000122070312,3006112,0.023953589792078844,-0.0809529463096621,,,0.2358639612978058,57.89934911295435,1.1056981187330601,,0,7153500000.0,3071200000.0,839100000.0,1125400000.0,967300000.0,675200000.0,279900000.0,12200000.0,0.42932830083176066,0.11729922415600755,0.09438736282938422,0.1573215908296638,22523600000.0,515800000.0,6637500000.0,15886100000.0,14930300000.0,5564900000.0,525900000.0,3444100000.0,0.03246863610326008,0.022900424443694615,2.682941292745602,2.064044277525203,-0.03280107083462902,-0.16765285996055224,0.0756334110217276,-0.11507208387942336,-0.08593242365172193,29422300000.0,3331900000.0,3915900000.0,5174200000.0,0.20973681394426574,0.14792928306309827,0.23874673056170323,1.0,2.9344070219680685,75818778624.0,0.456,1.7,JYOTHYLAB.NS,,,,,0.32361594531740007,19.247311827956988,59.89247311827957,57.92880258899677,,89.35483870967742,,66.92139737991266,66.52314316469322,60.87786259541985,73.72013651877133,36.492374727668846,24.175824175824175,69.8913043478261,78.55887521968366,24.196277495769884,55.18537479136536,Q4 (High)
