Date,Open,High,Low,Close,Volume,ROC_1M,ROC_3M,ROC_6M,ROC_12M,Volatility_60,RSI,Volume_Ratio,Return_Next_Month,Return_Direction,Total_Revenue,Gross_Profit,Operating_Income,EBITDA,EBIT,Net_Income,Tax_Provision,Interest_Expense,Gross_Margin,Operating_Margin,Net_Margin,EBITDA_Margin,Total_Assets,Total_Debt,Total_Liabilities,Stockholders_Equity,Current_Assets,Current_Liabilities,Cash,Inventory,Debt_to_Equity,Debt_to_Assets,Current_Ratio,Quick_Ratio,Revenue_Growth_QoQ,Net_Income_Growth_QoQ,Revenue_Growth_YoY,Net_Income_Growth_YoY,EBITDA_Growth_YoY,TTM_Revenue,TTM_Net_Income,TTM_Operating_Income,TTM_EBITDA,ROE,ROA,ROIC,F_Score,Z_Score,market_cap_current,beta,dividend_yield,Ticker,Operating_Cash_Flow,Free_Cash_Flow,Capital_Expenditure,TTM_Operating_Cash_Flow,predicted_probability,ROC_12M_percentile,Volume_Ratio_percentile,Volatility_60_percentile,RSI_percentile,ROC_6M_percentile,ROC_3M_percentile,ROC_1M_percentile,market_cap_current_percentile,Interest_Expense_percentile,Net_Income_Growth_YoY_percentile,dividend_yield_percentile,beta_percentile,Net_Income_Growth_QoQ_percentile,Tax_Provision_percentile,Revenue_Growth_YoY_percentile,composite_score,quality_quintile
2025-10-31,20.790000915527344,20.790000915527344,20.3700008392334,20.690000534057617,471772,,,,,,,,,0,0.0,,-7700000.0,1800000.0,1800000.0,400000.0,1300000.0,100000.0,,,,,634931000.0,,274472000.0,360459000.0,540943000.0,263937000.0,254070000.0,,,,2.0495156041024942,,,-0.9903846153846154,,-0.9917695473251029,-0.9731743666169895,22477000.0,68246000.0,10834000.0,84896000.0,0.18933082541981197,0.1074856952960243,,1.0,1.3630879575890922,4317160960.0,0.108,,HINDMOTORS.NS,,,,,0.2573152060922316,,,,,,,,26.416819012797077,3.861003861003861,14.622641509433961,,54.40038684719536,12.882298424467098,21.607806691449813,,38.91939708975648,Q1 (Lowest)
2026-02-28,827.6500244140625,914.5,810.0999755859375,856.25,5342668,0.005460338829698763,-0.11599213134191266,,,0.22795254706496645,58.24198463453367,1.0308246635604073,,0,34101500000.0,11443600000.0,2168800000.0,3589200000.0,2020500000.0,1401500000.0,520900000.0,98100000.0,0.3355746814656247,0.06359837543803058,0.041097898919402374,0.10525050217732358,,,,,,,,,,,,,0.002666799957660615,-0.14957524271844658,0.04904129226358389,-0.405161071261831,-0.21658845356324352,130830900000.0,7648900000.0,9291000000.0,16441500000.0,,,,0.0,,156732702720.0,0.554,1.26,ARE&M.NS,,,,,0.23863644137105683,,51.879010082493124,90.87591240875912,61.5948670944088,,40.51094890510949,40.96715328467153,78.51919561243145,65.05791505791507,28.20754716981132,70.53435114503816,92.2147001934236,40.593141797961074,82.43494423791822,37.42857142857143,58.721217227900816,Q4 (High)
2026-02-28,42.0,45.900001525878906,39.709999084472656,42.220001220703125,17854,-0.010314079425288059,-0.18083041383913523,,,0.4146588945959167,52.94117498748184,0.9952241569455144,,0,89239000.0,106119000.0,17261000.0,18593000.0,17658000.0,7739000.0,-266000.0,10185000.0,1.1891549658781475,0.19342439964589472,0.08672217304093502,0.20835060903864902,688174000.0,180556000.0,315312000.0,372862000.0,636863000.0,114297000.0,1006000.0,422144000.0,0.48424350027624163,0.2623696913861901,5.5720010148997785,1.8786057376834038,0.9830888888888889,1.783812949640288,,,,273852000.0,19923000.0,26929000.0,36214000.0,0.05343263727598951,0.02895052704693871,0.04865942199205664,1.0,2.1523762885549296,1053642368.0,0.017,,ARTNIRMAN.NS,,,,,0.38241639100456953,,48.120989917506876,35.67518248175182,47.02108157653529,,22.71897810218978,33.12043795620438,10.968921389396709,27.50965250965251,,,44.92263056092843,93.97590361445783,10.87360594795539,,41.6604922704386,Q2 (Low)
2026-02-28,160.0,172.0,152.5,167.3699951171875,12833,0.0965015447224773,0.008556783338707685,,,1.020542665997682,62.69943676058377,0.6454200052695229,,0,34505000.0,33273000.0,-1755000.0,3570000.0,541000.0,101000.0,2000.0,438000.0,0.9642950297058397,-0.05086219388494421,0.0029271120127517753,0.10346326619330531,405808000.0,10344000.0,91402000.0,314406000.0,240893000.0,68388000.0,9319000.0,114843000.0,0.03290013549359745,0.025489886843039072,3.522445458267532,1.8431596186465462,-0.5387032085561497,-0.9402720283855707,-0.7245351705638626,-0.9897075308264547,-0.7846543612015925,262405820.0,4031100.0,-976490.0,17379860.0,0.012821320203812905,0.009933515357016125,-0.0030068976135488837,1.0,2.2458047155304968,1844417408.0,0.461,,ARVEE.NS,,,,,0.2934587814735405,,15.032080659945004,0.18248175182480963,73.78551787351054,,76.0036496350365,77.1897810218978,17.550274223034734,5.8880308880308885,14.716981132075471,,87.4274661508704,13.994439295644115,17.286245353159853,2.0,36.73712986566868,Q1 (Lowest)
2026-02-28,16.450000762939453,18.190000534057617,15.550000190734863,15.729999542236328,1620539,-0.056954481148580594,-0.19415987841434457,,,0.5521365010356744,45.65218142465011,1.296201123147781,,0,7800000.0,10500000.0,-11700000.0,50200000.0,49500000.0,-27400000.0,1000000.0,24800000.0,1.3461538461538463,-1.5,-3.5128205128205128,6.435897435897436,,,,,,,,,,,,,-0.8054862842892768,-0.6608910891089108,-0.6405529953917051,-0.7627705627705628,-2.6845637583892614,83700000.0,-101000000.0,2800000.0,53300000.0,,,,0.0,,3034973696.0,-0.207,,ASHIMASYN.NS,,,,,0.24520309810156715,,73.96883593033914,10.857664233576642,28.505957836846928,,19.525547445255476,16.240875912408757,22.6691042047532,40.58880308880309,18.679245283018865,,23.597678916827853,19.555143651529193,20.260223048327138,2.666666666666667,29.80771641455686,Q1 (Lowest)
2026-02-28,45.5,60.29999923706055,45.0,49.86000061035156,22211729,0.06881026751289432,0.01734344660128051,,,0.4888066053341371,55.04292251721782,2.4475662725352247,,0,3551272000.0,565728000.0,166717000.0,224257000.0,186194000.0,-86174000.0,163436000.0,108932000.0,0.15930292019310263,0.04694571409906084,-0.024265671567821334,0.06314835923578932,16083283000.0,3088558000.0,10825928000.0,5257355000.0,12472037000.0,9333119000.0,93854000.0,1768368000.0,0.5874737391711231,0.19203529528144223,1.336320366214124,1.1468480151169185,0.055595700062569975,-1.7941206284845412,0.32868746134623783,-1.9188462973823106,-0.2958831249568281,12015901000.0,852000.0,468520000.0,799521000.0,0.0001620586777952031,5.297425904897651e-05,0.05613765683874251,1.0,1.477144921220375,11242552320.0,-0.192,,BLKASHYAP.NS,,,,,0.2727100834702378,,99.083409715857,20.346715328467155,52.97891842346472,,78.37591240875912,69.16058394160584,39.6709323583181,67.47104247104248,6.132075471698113,,24.661508704061895,6.024096385542169,66.635687732342,83.80952380952381,50.95669378337883,Q3 (Medium)
2026-02-28,188.8800048828125,195.99000549316406,185.10000610351562,188.74000549316406,331863,-0.02070248701720312,-0.07042941423277427,,,0.22766616030370515,48.47145202362948,0.8638842491673934,,0,0.0,-1335000.0,-1759000.0,-1547000.0,-1758000.0,-4604000.0,0.0,2846000.0,,,,,,,,,,,,,,,,,,-0.13927836978874553,,0.04565069270951616,0.22972972972972983,0.0,-41555000.0,-31534000.0,-30721000.0,,,,0.0,,7859983360.0,0.032,,BLAL.NS,,,,,0.23614526743590608,,33.18056828597617,91.33211678832117,36.29697525206233,,56.47810218978102,28.284671532846716,34.003656307129795,13.513513513513514,53.39622641509434,,46.42166344294004,41.334569045412415,14.312267657992564,,43.23695536207134,Q2 (Low)
2026-02-28,440.70001220703125,469.0,409.70001220703125,413.6499938964844,326700,-0.06667422720363836,-0.2624587467186188,,,0.3420455929648003,42.37647872437064,1.102754766077322,,0,610700000.0,320300000.0,187700000.0,228700000.0,208900000.0,157400000.0,50300000.0,1200000.0,0.5244801047977731,0.30735221876535124,0.25773702308825935,0.37448829212379237,2364500000.0,26000000.0,229600000.0,2116900000.0,1851900000.0,171900000.0,250400000.0,236100000.0,0.012282110633473476,0.010995982237259463,10.773123909249565,9.399650959860384,0.4680288461538462,0.44403669724770634,-0.05814312152991985,-0.15648445873526262,-0.16654518950437314,2149200000.0,509500000.0,615200000.0,761900000.0,0.2406821295290283,0.2154789596109114,0.2870875915815017,1.0,3.3065045464157325,6241125376.0,-0.109,0.97,ARROWGREEN.NS,,,,,0.3450754700761603,,58.111824014665444,57.481751824817515,20.714940421631532,,7.846715328467154,13.959854014598541,30.895795246800734,8.59073359073359,39.15094339622642,61.45038167938931,31.189555125725338,81.37164040778498,48.97769516728624,19.238095238095237,38.59866169708147,Q1 (Lowest)
2026-02-28,442.11124605415955,551.8919301542322,441.41392792560754,518.4500122070312,1308514,0.13063297615900638,0.009564152475916465,,,0.32341616702562787,71.54089276306534,1.686763210512944,,0,3011200000.0,1310600000.0,517000000.0,661800000.0,548900000.0,341600000.0,131500000.0,38300000.0,0.43524176408076515,0.171692348565356,0.11344314558979808,0.21977948990435706,15466400000.0,1627200000.0,4501800000.0,9183900000.0,9929500000.0,3578100000.0,1769700000.0,2724000000.0,0.1771796295691373,0.10520871049500853,2.7750761577373466,2.013778262206199,0.28821390374331557,0.09207161125319696,-0.023067190085325873,-0.4787120402868915,-0.32606924643584523,10730073000.0,1155670000.0,1617177000.0,2241662000.0,0.12583651825477193,0.07472133140226556,0.14958487110469795,1.0,2.134988297212021,31949578240.0,-0.044,0.77,KKCL.NS,,,,,0.19307174197470242,,92.20898258478461,62.86496350364963,88.90925756186985,,76.45985401459853,84.67153284671532,56.764168190127975,48.26254826254826,25.471698113207548,53.358778625954194,38.007736943907155,63.57738646895273,62.9182156133829,22.380952380952383,58.39040500737675,Q4 (High)
2026-02-28,374.54998779296875,375.0,350.54998779296875,358.3999938964844,1548217,-0.01240011043175604,-0.10455966546787165,,,0.22602538008525982,43.22381048764852,1.5294196598269894,,0,2653300000.0,763400000.0,41100000.0,247100000.0,207400000.0,45000000.0,59700000.0,105400000.0,0.28771718237666305,0.015490144348547093,0.01696001206045302,0.09312931066973203,,,,,,,,,,,,,0.9135294966104139,-1.4314477468839886,-0.24119884462493213,-0.8221343873517787,-0.4554869986778316,12050200000.0,423600000.0,385200000.0,1148700000.0,,,,0.0,,31782946816.0,-0.196,,KOLTEPATIL.NS,,,,,0.15160143759952166,,85.79285059578369,91.6970802919708,22.639780018331805,,44.52554744525548,31.66058394160584,56.672760511883006,66.79536679536679,17.547169811320753,,24.274661508704064,7.784986098239111,50.92936802973978,7.904761904761905,43.881661130197536,Q2 (Low)
2026-02-28,133.33999633789062,159.85000610351562,129.08999633789062,139.24000549316406,832363,0.11651035614914451,-0.06248315723363873,,,0.3804982750487974,54.930624743349725,1.3262818489256056,,0,2045051000.0,383315000.0,73707000.0,115117000.0,76566000.0,40247000.0,14045000.0,22274000.0,0.1874354233708597,0.036041643949221804,0.019680193794677982,0.05629052771789066,,,,,,,,,,,,,0.16151862643198323,4.648701754385965,0.295991335769356,1.7879606539207535,0.1666869362521537,6793815000.0,75834000.0,188063000.0,347253000.0,,,,0.0,,4177200128.0,-0.172,,BIRLACABLE.NS,,,,,0.3316080184786788,,75.9853345554537,46.897810218978094,52.79560036663611,,59.306569343065696,82.11678832116789,25.95978062157221,37.93436293436294,92.35849056603773,,25.822050290135394,97.31232622798888,34.479553903345725,80.95238095238095,57.46140322007503,Q4 (High)
2026-02-28,43.900001525878906,56.86000061035156,42.79999923706055,43.34000015258789,1008442,-0.05946183961781504,-0.17776511277999596,,,0.5626465738758956,48.72158844608849,1.7069385655845897,,0,2751056000.0,424481000.0,121081000.0,145787000.0,145787000.0,39563000.0,19141000.0,86793000.0,0.1542974770415433,0.04401255372482421,0.014381023141659057,0.052993105193060414,6504039000.0,3044610000.0,4408418000.0,2074095000.0,4450302000.0,3719575000.0,107290000.0,1615782000.0,1.4679221539996963,0.46811066169806176,1.1964544336382517,0.7620548046483805,0.025995840904140977,-0.09202946778968624,0.20275311623010372,-0.007923970009278025,0.08201965324783278,10376377000.0,187746000.0,561480000.0,522015000.0,0.09051947958025067,0.028866063072500028,0.10969180681441888,1.0,2.2506137340197374,1282742656.0,-0.027,,MAHESHWARI.NS,,,,,0.2308949288956194,,92.8505957836847,9.580291970802918,36.663611365719525,,23.54014598540146,15.693430656934307,12.979890310786105,62.83783783783784,48.301886792452834,,40.08704061895551,46.15384615384615,37.825278810408925,69.71428571428572,43.08187613340773,Q2 (Low)
2026-02-28,26.0,27.989999771118164,22.809999465942383,24.649999618530273,62083,-0.10200368184286146,-0.4661035175195164,,,0.4878052375689581,36.07189159212136,1.040372060660123,,0,5700000.0,3839000.0,1611000.0,2355000.0,1646000.0,-2667000.0,0.0,4313000.0,0.6735087719298246,0.2826315789473684,-0.46789473684210525,0.4131578947368421,73323000.0,176903000.0,285425000.0,-212102000.0,24584000.0,165508000.0,1757000.0,,-0.8340468265268597,2.4126536011892585,0.14853662662832007,,3.2379182156133828,-0.7962255501222494,inf,-1.0031460599933706,-1.3694697207405082,7045000.0,-50624000.0,-18631000.0,-14193000.0,0.2386776173727735,-0.6904245598243389,0.5293048097957328,0.0,-6.185982570271265,434385760.0,-0.135,,BLUECOAST.NS,,,,,0.2783298849820794,,53.620531622364794,20.43795620437956,11.45737855178735,,0.36496350364963503,8.120437956204379,4.570383912248629,16.988416988416986,14.056603773584905,,29.593810444874276,16.4967562557924,14.312267657992564,99.76190476190476,29.31876077554668,Q1 (Lowest)
2026-02-28,85.01000213623047,96.0199966430664,82.98999786376953,83.47000122070312,180505,-0.014172634630838066,-0.10391841273868885,,,0.3978154236681673,50.704230669705254,0.9766739495176776,,0,1679988000.0,577420000.0,78843000.0,100815000.0,67791000.0,16094000.0,8208000.0,43489000.0,0.3437048359869237,0.0469306923620883,0.00957983033212142,0.06000935720969436,,,,,,,,,,,,,-0.04392512514426594,-0.3927250773526526,0.11437332967179481,-1.9172983756055857,0.658768942198529,6531778000.0,47278000.0,270227000.0,381576000.0,,,,0.0,,1669647744.0,-0.258,,ARCHIDPLY.NS,,,,,0.29508420844874184,,45.646196150320804,40.51094890510949,41.15490375802017,,44.70802919708029,30.38321167883212,16.544789762340038,51.44787644787645,6.226415094339623,,20.261121856866538,27.247451343836886,30.483271375464682,51.04761904761905,37.044122307847076,Q1 (Lowest)
2026-02-28,658.0999755859375,680.0,630.0,635.3499755859375,1864909,-0.039531405009920584,-0.1076545286714361,,,0.2115526645270161,40.75590173010689,0.6231908700968912,,0,7757849000.0,2597449000.0,743177000.0,1097041000.0,856639000.0,621796000.0,193993000.0,40967000.0,0.33481561706086316,0.09579678593898902,0.08015056750911238,0.14141046055420775,,,,,,,,,,,,,-0.04800805490687898,-0.22057358030788665,0.1145161005313664,1.1628514482293237,0.7357309891556467,28246607000.0,2464143000.0,3095913000.0,4306372000.0,,,,0.0,,159214075904.0,0.251,0.16,BIKAJI.NS,,,,,0.3869766333252001,,13.473877176901924,93.97810218978103,17.873510540788267,,43.52189781021898,22.171532846715326,78.79341864716636,50.38610038610039,89.43396226415095,10.15267175572519,71.27659574468085,35.032437442075995,69.05204460966543,51.142857142857146,49.752600570455186,Q3 (Medium)
2026-02-28,60.47999954223633,69.8499984741211,59.790000915527344,68.79000091552734,233801470,0.0766943429752609,0.19011448349378068,,,0.2765297549369052,77.88607377752359,0.8130406333260918,,0,43556400000.0,,,,,17989900000.0,2281400000.0,39215600000.0,,,0.41302541073183274,,3933120400000.0,303581300000.0,3599061300000.0,334059100000.0,,,108208100000.0,,0.9087652454311228,0.07718586494326489,,,0.05789515868524542,0.19584277803997696,0.2101924631786014,0.34981279590627046,,149395077000.0,62172768000.0,,,0.18611307999093574,0.01580749168014282,,1.0,,529102077952.0,0.591,3.63,MAHABANK.NS,,,,,0.5661166347318182,,28.047662694775433,78.37591240875912,94.40879926672777,,95.07299270072993,71.53284671532847,90.21937842778793,98.26254826254826,74.15094339622641,94.9618320610687,93.66537717601547,70.6209453197405,94.14498141263941,70.76190476190476,76.94840830695014,Q5 (Highest)
2026-02-28,149.3800048828125,166.9600067138672,142.1999969482422,142.91000366210938,12872441,0.011823832512001253,-0.199518262256988,,,0.3348266483825482,43.649539317524585,0.9685708877832063,,0,18273333000.0,6245355000.0,3936875000.0,28508285000.0,28092293000.0,21114102000.0,4976010000.0,2002220000.0,0.3417742674530147,0.21544372884793375,1.1554598167723424,1.560103184241211,,,,,,,,,,,,,-0.012881998197690314,26.047584765086572,-0.23474915908953853,2.225957079729983,3.208366842864802,71972579000.0,28390949000.0,13921876000.0,46860516000.0,,,,0.0,,40139587584.0,0.219,,ASHOKA.NS,,,,,0.34520406201798337,,44.27131072410632,59.12408759124087,23.92300641613199,,18.33941605839416,45.8029197080292,60.146252285191956,92.85714285714286,93.58490566037736,,67.64990328820116,99.72196478220575,96.93308550185874,8.0,57.35693299152536,Q4 (High)
2026-02-28,225.99000549316406,240.99000549316406,212.1999969482422,219.3300018310547,150540,-0.01579539679629116,-0.15054224840550978,,,0.5713741529262867,54.383671667566006,1.1389152451467548,,0,1206494000.0,404135000.0,55142000.0,103600000.0,56138000.0,24814000.0,3926000.0,29572000.0,0.3349664399491419,0.0457043300671201,0.020567031414992533,0.08586864087181537,,,,,,,,,,,,,-0.0020587551686004346,0.10122930812585995,-0.0977743744213837,-0.1994192611711566,-0.23321737843238843,5408747000.0,155410000.0,295553000.0,502072000.0,,,,0.0,,2594031104.0,-0.159,0.68,ASAHISONG.NS,,,,,0.248494723441376,,62.14482126489459,9.032846715328475,51.51237396883593,,30.656934306569344,29.927007299270077,20.840950639853748,43.14671814671815,36.886792452830186,49.08396946564885,27.079303675048354,64.22613531047267,26.579925650557623,15.714285714285714,37.788804307354255,Q1 (Lowest)
2026-02-28,2982.0,3310.5,2923.199951171875,2971.89990234375,48093,0.05106981515251996,-0.17598296959093418,,,0.33085475788694935,48.580813511561836,0.7058954291141077,,0,16221200000.0,7263300000.0,1137000000.0,1724600000.0,1039700000.0,203400000.0,256900000.0,290300000.0,0.4477658866175129,0.07009345794392523,0.012539146302369738,0.10631765837299337,,,,,,,,,,,,,-0.08874782315600249,-0.6060429982568274,0.006727570627079071,-0.15391014975041595,-0.06626962642122358,67529300000.0,1626200000.0,6132200000.0,8921800000.0,,,,0.0,,31274102784.0,0.2,0.44,KIRLOSIND.NS,,,,,0.2605221564668834,,19.523373052245645,60.4014598540146,36.38863428047663,,23.996350364963504,62.40875912408759,56.48994515539305,79.82625482625483,39.43396226415095,32.29007633587786,65.95744680851064,20.759962928637627,73.42007434944237,27.333333333333332,46.54864217849257,Q2 (Low)
2026-02-28,45.02000045776367,52.38999938964844,44.02000045776367,44.58000183105469,649501,-0.05690709965430463,-0.10964645291054476,,,0.4599851545261468,39.7215426129343,0.9806117022974761,,0,117011000.0,56953000.0,22545000.0,27365000.0,26039000.0,21605000.0,2896000.0,1663000.0,0.48673201664800747,0.19267419302458744,0.18464076027040194,0.23386690140243224,457379000.0,54037000.0,119062000.0,338443000.0,370710000.0,114197000.0,25638000.0,127374000.0,0.1596635179335959,0.11814490827082136,3.2462323878911006,2.130844067707558,1.6984064755667272,1.240717693424601,0.24399060184348453,0.4298477829252152,0.38179155726115943,363742000.0,33332000.0,75422000.0,29670000.0,0.09848630345434829,0.07287610493704345,0.1921677537708928,1.0,2.692092334803303,1416323456.0,0.567,0.28,AARTECH.NS,,,,,0.4574480053823923,,46.3794683776352,25.912408759124077,15.673693858845098,,42.700729927007295,16.33211678832117,14.716636197440586,9.749034749034749,78.11320754716982,20.763358778625953,92.84332688588007,91.65894346617239,24.442379182156134,75.04761904761905,43.622194904335444,Q2 (Low)
2026-02-28,549.7999877929688,648.2999877929688,530.25,601.5,13200052,0.07324469069295847,-0.07907834721494111,,,0.4362228206645314,62.69842110824269,0.9983489701557176,,0,1717840000.0,1312350000.0,312130000.0,574280000.0,438700000.0,317200000.0,107100000.0,14400000.0,0.7639535695990314,0.18169911051087412,0.18465049131467423,0.33430354398547013,,,,,,,,,,,,,0.13658859335715223,0.08648741222812117,0.5071416037901386,-1.6603930712858095,-2.483161157024793,5830060000.0,3747810000.0,1098110000.0,2202580000.0,,,,0.0,,109167001600.0,,,BLACKBUCK.NS,,,,,0.31257054487579783,,48.48762603116407,30.291970802919707,73.69385884509624,,54.01459854014598,70.62043795620438,73.03473491773309,31.322393822393824,7.452830188679245,,,63.11399443929564,60.223048327137555,91.14285714285715,53.55989006757513,Q4 (High)
2026-02-28,117.25,129.99000549316406,114.73999786376953,124.45999908447266,545418,0.05331749515156381,-0.025524601511685785,,,0.3172054290515591,61.138205666837585,0.9931236084934727,,0,934700000.0,486100000.0,96800000.0,102100000.0,94300000.0,64900000.0,22500000.0,6900000.0,0.520059912271317,0.1035626404193859,0.0694340430084519,0.10923290895474484,,,,,,,,,,,,,0.5034582596107446,5.622448979591836,0.8686525389844062,-3.351449275362319,-5.400862068965517,3327300000.0,200700000.0,293400000.0,340200000.0,,,,0.0,,3489893632.0,0.054,,MAHEPC.NS,,,,,0.22929488901616357,,47.571035747021085,65.41970802919708,70.0274977085243,,68.7043795620438,63.777372262773724,24.314442413162705,22.2007722007722,3.7735849056603774,,48.8394584139265,97.96107506950881,39.07992565055763,95.33333333333334,53.1335056864321,Q4 (High)
2026-02-28,27.0,31.850000381469727,26.149999618530273,28.700000762939453,301011,0.02171593474681277,-0.12686334969424973,,,0.4322300239736176,59.79112778644856,1.2626635640659667,,0,146912000.0,68284000.0,-41750000.0,32859000.0,8626000.0,-29743000.0,531000.0,37838000.0,0.46479525157917667,-0.2841837290350686,-0.2024545306033544,0.2236645066434328,,,,,,,,,,,,,-0.27519228776808047,0.193683027651804,-0.5121941501283332,674.9772727272727,-0.4380771598604556,888106000.0,-53876000.0,-46584000.0,194808000.0,,,,0.0,,439110016.0,-0.142,,AROGRANITE.NS,,,,,0.3079118479696853,,72.22731439046746,31.295620437956202,65.44454628780935,,37.31751824817518,50.18248175182482,4.661791590493602,47.77992277992278,100.0,,28.723404255319153,70.34291010194625,18.680297397769515,3.428571428571429,45.33895857801705,Q2 (Low)
2026-02-28,1106.300048828125,1292.800048828125,1065.9000244140625,1190.9000244140625,214406,0.08096585022746505,-0.037734285789529864,,,0.42267301324351797,63.18222643967615,0.9207041084246427,,0,1311375000.0,275064000.0,159652000.0,192022000.0,158727000.0,101501000.0,36721000.0,20505000.0,0.20975235916499857,0.12174397102278144,0.07740043847107043,0.14642798589266992,,,,,,,,,,,,,-0.0588830104835284,1.716981637132609,0.1138030465820441,0.12460251509611653,0.20935886131754633,5139153000.0,535151000.0,386106000.0,877587000.0,,,,0.0,,7431216128.0,0.019,0.25,MALLCOM.NS,,,,,0.4744286025790973,,38.863428047662694,33.48540145985402,75.25206232813932,,65.51094890510949,73.17518248175182,33.089579524680076,36.38996138996139,60.18867924528302,18.549618320610687,45.26112185686654,93.60518999073216,45.260223048327134,50.761904761904766,51.292886757392196,Q3 (Medium)
2026-02-28,5.150000095367432,5.480000019073486,4.71999979019165,5.119999885559082,604626,0.030181106981826966,-0.168831166820555,,,0.38310692163342147,55.84414860594839,0.979288918411996,,0,1393310000.0,608158000.0,-1603429000.0,215945000.0,-1091269000.0,-1066374000.0,3556000.0,64101000.0,0.4364843430392375,-1.150805635501073,-0.7653530083039668,0.15498704523759968,,,,,,,,,,,,,0.07676399694276337,-0.11683650144768143,0.25032081137009343,-0.747468525745269,-0.4752133096471126,5497949000.0,-3840782000.0,-2346388000.0,319261000.0,,,,0.0,,382752960.0,0.029,,MADHUCON.NS,,,,,0.3044259574385278,,45.9211732355637,45.346715328467155,55.63703024747938,,25.821167883211675,53.74087591240876,3.473491773308958,57.72200772200772,18.962264150943398,,46.03481624758221,43.55885078776645,25.8364312267658,75.80952380952381,43.19095655500193,Q2 (Low)
2026-02-28,13124.0,14139.0,12829.0,13396.0,39758,0.010104056703363007,-0.08491017145979918,,,0.306325212707932,54.664855072463766,0.4978893666875097,,0,64400000.0,62000000.0,55500000.0,55600000.0,55500000.0,41200000.0,14300000.0,,0.9627329192546584,0.8618012422360248,0.639751552795031,0.8633540372670807,,,,,,,,,,,,,-0.7799795011957635,-0.8834841628959276,0.11226252158894656,0.24848484848484853,0.3594132029339854,,,,,,,,0.0,,153271484416.0,-0.247,1.42,MAHSCOOTER.NS,,,,,0.425201848964122,,6.416131989000917,68.24817518248176,52.06232813932172,,51.91605839416058,44.52554744525548,78.15356489945155,,68.20754716981132,74.35114503816794,20.79303675048356,14.921223354958293,34.66542750929368,50.38095238095238,47.64274255022261,Q3 (Medium)
2026-02-28,2.930000066757202,3.6500000953674316,2.8399999141693115,3.6500000953674316,1559402,0.1850649953833492,0.03693185089356166,,,0.22789649946861865,98.71794989358278,1.7009595789173555,,0,2343900000.0,942700000.0,82000000.0,1787800000.0,1696200000.0,1654700000.0,26500000.0,27500000.0,0.40219292631938225,0.034984427663296215,0.7059601518836128,0.762745850932207,,,,,,,,,,,,,0.03428647074397673,-1.5723031162452876,,,,,,,,,,,0.0,,574527808.0,-0.751,,ANSALAPI.NS,,,,,0.2226386181882023,,92.7589367552704,91.05839416058394,99.9083409715857,,82.2080291970803,90.41970802919708,6.6727605118829985,42.277992277992276,,,4.448742746615087,6.950880444856349,40.70631970260223,,53.827340319844424,Q4 (High)
2026-02-28,318.0,374.70001220703125,306.0,343.79998779296875,607586,0.16700604436567934,-0.06930158778153483,,,0.3742831922650847,64.82411150962852,1.2375466569942724,,0,1998651000.0,1010780000.0,355967000.0,381553000.0,355967000.0,200082000.0,81350000.0,75430000.0,0.5057311156374975,0.1781036308990414,0.10010852319889765,0.1909052656016483,6583762000.0,668588000.0,3349241000.0,3196303000.0,4554938000.0,2633976000.0,167923000.0,1448483000.0,0.2091754129692961,0.10155105849816563,1.7293012540736894,1.1793786275956957,0.25094259555515497,0.9955716465695221,0.04097273727281059,0.06044159891455281,0.11258430701311872,6547039000.0,379234000.0,686991000.0,813211000.0,0.11864770017110393,0.05760141390287195,0.1777517140845628,1.0,2.202647771896979,4470891520.0,-0.092,0.35,ARIES.NS,,,,,0.22166141583891086,,70.48579285059579,49.17883211678832,78.73510540788267,,56.934306569343065,89.14233576642336,26.87385740402194,60.424710424710426,54.81132075471699,26.33587786259542,33.51063829787234,89.7126969416126,55.94795539033457,35.42857142857142,55.16813341436459,Q4 (High)
2026-02-28,994.5999755859375,1015.7000122070312,927.0999755859375,948.4000244140625,763743,0.009473149988358243,-0.035541721705997675,,,0.3862147689783253,35.10203878266783,0.574987925635726,,0,12203600000.0,8692500000.0,1776900000.0,2489900000.0,1760800000.0,995000000.0,333600000.0,432500000.0,0.7122898161198334,0.1456045756989741,0.08153331803730046,0.20402995837293914,,,,,,,,,,,,,0.0014607165717475112,0.7714082250311554,0.05796272214997833,0.042103058232090484,0.13362775450737563,47000900000.0,3534800000.0,5778400000.0,8672200000.0,,,,0.0,,241772969984.0,0.164,0.21,ASAHIINDIA.NS,,,,,0.3264094639063567,,10.265811182401468,44.34306569343066,10.082493125572869,,66.33211678832117,43.79562043795621,84.0036563071298,84.12162162162163,53.20754716981132,14.122137404580155,62.18568665377177,87.39573679332715,76.76579925650557,39.23809523809524,51.72395917816832,Q3 (Medium)
2026-02-28,333.0,395.6499938964844,318.95001220703125,367.8999938964844,16492398,0.1999347246336074,0.057487784854491464,,,0.3900177511480712,63.17460317460317,1.3217648478389292,,0,23726400000.0,12278700000.0,2020200000.0,2610300000.0,1892000000.0,975900000.0,463600000.0,418700000.0,0.5175121383775035,0.08514566053004248,0.04113139793647583,0.11001669026906737,,,,,,,,,,,,,0.0006326071003821543,-0.05618955512572532,0.13566371977924674,-0.05637207503384256,0.05748663101604268,86583900000.0,4052700000.0,7047500000.0,9833700000.0,,,,0.0,,96431972352.0,-0.309,1.02,ARVIND.NS,,,,,0.21729276556134097,,75.61869844179651,43.52189781021898,75.16040329972502,,85.12773722627736,90.87591240875912,71.48080438756855,83.78378378378379,44.62264150943396,63.89312977099236,18.423597678916828,49.02687673772011,81.64498141263941,56.38095238095238,62.63742778991895,Q5 (Highest)
2026-02-28,159.1603156747672,180.01745362737068,153.0088570175596,159.7100067138672,2361460,-0.02961383437594889,-0.25168710365816827,,,0.37744328503576136,52.547358959364196,0.9401003435512585,,0,2806764000.0,221050000.0,150926000.0,226955000.0,211172000.0,126494000.0,57265000.0,1661000.0,0.07875617615161089,0.05377224447798248,0.04506755822719687,0.08086002243152612,,,,,,,,,,,,,0.04048983870866096,-0.17997355046157038,1.1990585639653135,-0.03188427981019437,0.07034554963945316,10336242000.0,559531000.0,671930000.0,992585000.0,,,,0.0,,14478363648.0,-0.47,0.94,BLSE.NS,,,,,0.2890949437424655,,41.06324472960587,47.99270072992701,45.9211732355637,,8.85036496350365,25.0,45.3382084095064,9.652509652509652,46.60377358490566,60.0,11.508704061895552,37.72011121408711,50.55762081784386,96.95238095238096,41.81071949011529,Q2 (Low)
2026-02-28,460.20001220703125,514.2000122070312,448.3500061035156,452.75,2780557,0.0404458378728656,-0.09693827767398289,,,0.3169990330690281,40.782380171930214,0.5691954780496354,,0,13765800000.0,7631900000.0,1200100000.0,1717100000.0,968900000.0,255700000.0,171500000.0,433600000.0,0.5544102050007991,0.08717982245855671,0.018575019250606575,0.12473666623080387,,,,,,,,,,,,,0.24317490133747555,1.034208432776452,0.14451760949815418,-0.04088522130532635,-0.014180732575496569,,,,,,,,0.0,,60631130112.0,-0.333,0.35,ARVINDFASN.NS,,,,,0.2311253232744641,,9.807516040329972,65.51094890510949,17.965169569202565,,47.35401459854015,58.85036496350365,65.26508226691043,84.26640926640927,45.84905660377358,26.33587786259542,17.64990328820116,89.99073215940686,67.37918215613384,58.47619047619048,50.31336321042046,Q3 (Medium)
2026-02-28,92.01000213623047,98.9000015258789,87.41999816894531,95.16999816894531,114540,0.001262442012991416,0.020589792696464437,,,0.6646600506596183,62.27401726159862,0.9859633668703255,,0,19726000.0,17034000.0,14014000.0,14128000.0,14014000.0,49133000.0,3200000.0,,0.8635303660143973,0.7104329311568488,2.490773598296664,0.716212105850147,,,,,,,,,,,,,33.24652777777778,-1.1601070139078977,37.830708661417326,-1.7224909933093155,-4.988706945228684,23815000.0,3609267000.0,-59477000.0,3354482000.0,,,,0.0,,1342612992.0,0.066,,MAHAPEXLTD.NS,,,,,0.26898936530506173,,46.83776351970669,3.3759124087591204,72.41063244729607,,78.92335766423358,38.5948905109489,13.802559414990858,,6.7924528301886795,,50.09671179883946,10.379981464318814,25.27881040892193,99.14285714285714,43.04239530740408,Q2 (Low)
2026-02-28,86.41999816894531,91.0,81.5,85.18000030517578,696491,0.04323329716262214,-0.12492291442568548,,,0.30550488316006874,56.412473724382615,1.0138406035530767,,0,1774595000.0,741191000.0,423243000.0,116420000.0,63319000.0,39820000.0,19389000.0,4110000.0,0.4176676931919677,0.23850117914228317,0.022438922683767282,0.06560370112617245,,,,,,,,,,,,,0.021582472897420102,-0.4936097157754181,0.10835918533559097,-1.9568435217224145,19.243435924187096,7771051000.0,262922000.0,1081154000.0,606014000.0,,,,0.0,,8543878144.0,0.377,,KOKUYOCMLN.NS,,,,,0.29007791256447835,,50.32080659945004,68.61313868613138,56.73693858845096,,37.86496350364963,59.48905109489051,35.46617915904936,16.505791505791507,5.943396226415095,,82.39845261121856,23.81835032437442,38.01115241635687,49.333333333333336,44.96677026994078,Q2 (Low)
2026-02-28,504.1000061035156,552.5,503.6499938964844,532.5499877929688,1323789,0.03297449404038533,-0.0690499096982683,,,0.21109520929925493,61.443283400521004,0.7792262622078656,,0,10902900000.0,3890400000.0,1235600000.0,3490400000.0,3202800000.0,2428600000.0,768100000.0,8200000.0,0.35682249676691524,0.11332764677287695,0.2227480761999101,0.3201350099514808,,,,,,,,,,,,,-0.0480061470220996,0.05444598819034385,-0.1559981731059521,0.10350781533987652,0.09809350028314356,49510100000.0,8656800000.0,7820100000.0,12743200000.0,,,,0.0,,71361298432.0,-0.136,1.88,MAHSEAMLES.NS,,,,,0.31054940895514466,,24.839596700274978,94.25182481751824,70.76076993583868,,57.11678832116789,54.83576642335767,67.64168190127971,24.227799227799228,58.77358490566038,82.67175572519085,29.3036750483559,59.406858202038926,85.96654275092936,11.619047619047619,54.761046105230626,Q4 (High)
2026-02-28,14.5,21.5,13.770000457763672,20.479999542236328,7631795,0.5192878514622488,0.2603076641376203,,,0.4795349118763122,86.73585771316016,1.6754250855559438,,0,2772800000.0,126000000.0,117900000.0,118400000.0,118000000.0,85700000.0,28900000.0,3400000.0,0.04544143104443162,0.0425201961915753,0.03090738603577611,0.04270051933064051,,,,,,,,,,,,,-0.18134041925007383,-0.04245810055865917,2.779201308436691,-2.7489795918367346,-2.9220779220779223,7279811000.0,259906000.0,293586000.0,344301000.0,,,,0.0,,1082680448.0,-0.459,,BLBLIMITED.NS,,,,,0.2241104008883816,,91.38405132905592,22.53649635036497,98.99175068744272,,97.26277372262774,99.27007299270073,11.243144424131627,15.057915057915059,4.433962264150943,,11.750483558994198,50.13901760889713,41.91449814126394,98.38095238095238,52.82434123456649,Q3 (Medium)
2026-02-28,175.0,201.5,162.52000427246094,178.75999450683594,2182566,0.02370862160928411,-0.060986504744115266,,,0.4058006253748228,60.04463069293687,1.1309239365462254,,0,2148214000.0,982343000.0,228207000.0,240094000.0,240094000.0,149561000.0,50626000.0,40784000.0,0.45728358534112523,0.10623103657270644,0.06962108989141677,0.11176447039261451,,,,,,,,,,,,,-0.06916240328031231,-0.1402069560218454,0.0007966442177607114,0.16040407488730435,0.0859755932080728,9190481000.0,644288000.0,1019730000.0,964924000.0,,,,0.0,,6327302144.0,0.369,0.7,20MICRONS.NS,,,,,0.321599417247379,,60.95325389550871,37.77372262773723,66.36113657195234,,59.67153284671532,50.82116788321168,31.444241316270567,50.289575289575296,62.54716981132076,50.229007633587784,81.67311411992263,41.241890639481,49.1635687732342,25.9047619047619,51.204942887551965,Q3 (Medium)
2026-02-28,121.0,141.47999572753906,115.98999786376953,133.32000732421875,1147089,0.1025472158703522,-0.15255529419432778,,,0.2922047593919851,66.79114526770496,0.9717626687207762,,0,1106391000.0,678765000.0,565670000.0,566493000.0,535757000.0,142217000.0,39981000.0,353559000.0,0.6134946867789055,0.5112749471027873,0.12854135653670357,0.5120188070944178,,,,,,,,,,,,,0.11097711352462958,-0.07508357071318006,-0.01944030360020066,-0.4671025761124121,-0.17049502949794193,3949494000.0,607387000.0,1734187000.0,2261070000.0,,,,0.0,,7536452608.0,-0.431,,BIRLAMONEY.NS,,,,,0.2640211384180976,,44.546287809349224,72.99270072992701,82.49312557286893,,30.01824817518248,78.64963503649635,33.27239488117002,81.94980694980694,25.943396226415093,,12.669245647969053,47.822057460611674,46.56133828996282,22.666666666666664,48.638993563095084,Q3 (Medium)
2026-02-28,15.960000038146973,17.549999237060547,15.050000190734863,15.930000305175781,319818,-0.01666669413876498,-0.17117581299249818,,,0.2776685053119336,46.20689609813334,0.8895499014083669,,0,181306000.0,125401000.0,7629000.0,25285000.0,12893000.0,-2521000.0,5687000.0,9727000.0,0.691653889005328,0.04207803382127453,-0.0139046694538515,0.1394603598336514,1947017000.0,435804000.0,644216000.0,1302801000.0,809233000.0,479217000.0,3587000.0,666053000.0,0.33451309908420396,0.2238316357792459,1.688656704582684,0.2987790499919661,0.34086202816234756,-1.8400533155614796,-0.08877720259335575,-1.4006038455426664,-0.18440745758338173,674559000.0,-10280000.0,-62789000.0,96452000.0,-0.007890690903676003,-0.005279871721715835,-0.036114586119331306,0.0,1.508485288007244,538115392.0,0.333,,ARCHIES.NS,,,,,0.2292092522556968,,35.655362053162236,78.01094890510949,30.155820348304307,,25.364963503649633,29.653284671532848,6.032906764168191,26.640926640926644,9.245283018867925,,79.35203094777563,5.9314179796107505,28.25278810408922,16.476190476190474,34.718128227559156,Q1 (Lowest)
2026-02-28,992.5,1089.0,970.5999755859375,1017.2999877929688,568385,0.023234736775608944,0.06367624615674439,,,0.4280147915547641,52.36148372685159,0.40746170448927754,,0,4902800000.0,1363100000.0,496600000.0,1309300000.0,1251800000.0,889000000.0,287800000.0,36600000.0,0.27802480215387126,0.1012890593130456,0.18132495716733296,0.2670514807864893,,,,,,,,,,,,,-0.0011001996658652757,-1.7350144687887556,-0.07684196652168185,-0.021248486182979143,0.0353471453424008,20180600000.0,4430700000.0,2086100000.0,6838900000.0,,,,0.0,,29615179776.0,0.42,2.16,MAITHANALL.NS,,,,,0.30073128758215123,,3.666361136571952,32.2992700729927,45.37121906507791,,85.76642335766424,50.638686131386855,55.575868372943326,47.2972972972973,47.075471698113205,85.72519083969465,85.1063829787234,6.302131603336422,74.90706319702602,17.71428571428571,49.16304343100757,Q3 (Medium)
2026-02-28,369.8999938964844,389.20001220703125,360.54998779296875,383.95001220703125,47029855,0.05235029679044745,-0.032505968749108494,,,0.23933990473486252,68.90408725497164,1.017528263683903,,0,41730000000.0,28337000000.0,3182000000.0,6574000000.0,1421000000.0,1438000000.0,-160000000.0,2099000000.0,0.6790558351306015,0.07625209681284448,0.034459621375509224,0.15753654445243231,,,,,,,,,,,,,-0.02099706744868035,0.701775147928994,0.09200816454702454,4.729083665338646,-0.18304958369578728,167037000000.0,6042000000.0,17630000000.0,35283000000.0,,,,0.0,,621742260224.0,0.178,0.13,BIOCON.NS,,,,,0.3580269943841245,,50.687442713107245,88.68613138686132,86.52612282309808,,67.15328467153284,63.04744525547446,91.22486288848263,93.05019305019306,96.41509433962264,7.862595419847327,64.02321083172147,86.00556070435589,1.0223048327137547,44.666666666666664,62.69139437224516,Q5 (Highest)
2026-02-28,1.2899999618530273,1.7100000381469727,1.2000000476837158,1.690000057220459,4153144,0.38524591605594716,0.20714291857213496,,,0.5197123405488168,80.00001362392251,1.4399339515139857,,0,,,,,,,,,,,,,,,,,,,,,,,,,,,,,,,,,,,,,,,450543840.0,0.457,,ARSHIYA.NS,,,,,0.24742967683866993,,82.40146654445462,15.967153284671525,95.96700274977086,,95.98540145985402,97.99270072992701,4.93601462522852,,,,87.2340425531915,,,,58.698918796473215,Q4 (High)
2026-02-28,36.5,41.11000061035156,36.08000183105469,36.439998626708984,64404,-0.11553403029332521,-0.08648786201372416,,,0.28264197777186034,38.60464978738253,1.2138389036763073,,0,-33726000.0,-55247000.0,-56061000.0,-56023000.0,-56061000.0,-56061000.0,0.0,0.0,,,,,,,,,,,,,,,,,-0.5321486537101003,-0.28910727872178543,0.546142208774584,0.7197680839315295,1.0352018018672577,-1113426000.0,-219832000.0,-1164270000.0,-200727000.0,,,,0.0,,399111552.0,0.469,,21STCENMGM.NS,,,,,0.32760921772110085,,68.46929422548122,76.0036496350365,14.023831347387716,,51.003649635036496,6.1131386861313874,4.021937842778794,1.1100386100386102,85.09433962264151,,88.10444874274661,31.60333642261353,14.312267657992564,92.19047619047619,45.470027241224074,Q2 (Low)
2026-02-28,826.0499877929688,917.2000122070312,813.0499877929688,857.6500244140625,892250,0.08104878150482775,-0.1117957269068588,,,0.30830830332843573,46.46134787155581,1.1798794718793721,,0,2603791000.0,1191140000.0,348544000.0,433235000.0,366757000.0,272958000.0,83379000.0,10420000.0,0.4574637518909928,0.13386020613789662,0.10483099449994258,0.16638624221375678,,,,,,,,,,,,,0.025773242582146194,0.9488926016364649,-0.20378087660854372,0.04634928910134284,0.06649024555357252,10101109000.0,872689000.0,1154427000.0,1430425000.0,,,,0.0,,16307395584.0,-0.017,0.23,ASALCBR.NS,,,,,0.2685713613009606,,65.90284142988084,67.7919708029197,30.7974335472044,,41.6970802919708,73.26642335766424,46.52650822669104,27.99227799227799,53.58490566037736,16.6412213740458,41.441005802707934,88.97126969416126,56.31970260223048,9.333333333333334,48.01773160769767,Q3 (Medium)
2026-02-28,114.9000015258789,128.47000122070312,112.30999755859375,118.6500015258789,3772808,0.04161177869706467,-0.28815690700999863,,,0.3498785145933639,51.72807467943777,0.5548185710743158,,0,1967254000.0,707872000.0,510874000.0,562673000.0,535271000.0,402958000.0,130500000.0,1813000.0,0.3598274549193953,0.2596888861326499,0.20483272622650658,0.2860194972281159,,,,,,,,,,,,,0.23380735020928745,0.4013347104707654,-0.024397815766413422,-0.07074168538444858,-0.0665785234743459,6979115000.0,1523985000.0,1859153000.0,2111460000.0,,,,0.0,,22028988416.0,,1.69,ARKADE.NS,,,,,0.27530168296196755,,8.982584784601283,55.38321167883212,43.90467461044913,,6.1131386861313874,59.12408759124088,51.005484460694696,10.231660231660232,43.77358490566038,80.07633587786259,,79.4253938832252,62.639405204460964,22.19047619047619,44.856669207019664,Q2 (Low)
2026-02-28,1138.3955503879206,1472.9064435666962,1099.3643005857493,1418.5,12427585,0.28830264394488947,0.20275743974026184,,,0.4502014295215863,82.72788855041784,1.9958103550184534,,0,18726000000.0,8106100000.0,2882400000.0,3184100000.0,2752000000.0,1113800000.0,385400000.0,1275300000.0,0.43287941898964005,0.15392502403075936,0.05947879953006515,0.17003631314749545,,,,,,,,,,,,,-0.03889385027561354,-0.3144158562107596,0.2920631196914394,0.5621318373071529,0.20999429982899498,72833300000.0,5467600000.0,11993700000.0,13811500000.0,,,,0.0,,206179172352.0,0.532,0.46,KIRLOSENG.NS,,,,,0.3216702890773697,,96.05866177818515,27.828467153284677,97.70852428964253,,95.52919708029196,96.07664233576642,82.72394881170018,91.11969111969111,81.22641509433961,34.35114503816794,91.48936170212765,30.3985171455051,79.08921933085502,80.57142857142857,72.27808129673238,Q5 (Highest)
2026-02-28,525.0499877929688,617.5999755859375,520.0,570.8499755859375,468629,0.10234624408359094,-0.0334405702953271,,,0.30276496224952093,60.78288272459405,1.0457402379255574,,0,1663882000.0,1000755000.0,398932000.0,457499000.0,440383000.0,287612000.0,97177000.0,51030000.0,0.6014579158858621,0.23975979065823178,0.1728560078178621,0.27495880116498644,,,,,,,,,,,,,0.18415735606735084,1.0283219791534437,-0.20827468726059795,-0.3975273677904254,-0.2934716639048941,5652303000.0,732722000.0,1203926000.0,1495200000.0,,,,0.0,,26269118464.0,-0.047,1.05,ARVSMART.NS,,,,,0.27744522076281264,,54.26214482126489,69.7080291970803,68.46929422548122,,66.78832116788321,78.55839416058394,53.29067641681902,54.92277992277992,28.58490566037736,64.8854961832061,37.475822050290134,89.89805375347544,58.82899628252788,9.047619047619047,55.64803552595923,Q4 (High)
2026-02-28,379.11528998339975,419.946177525417,354.3979467348532,372.29998779296875,2554570,-0.00027214960574362124,-0.1533632425171405,,,0.3031502455220668,41.46091577952378,1.1878365596610512,,0,6017100000.0,2150700000.0,370900000.0,562600000.0,383100000.0,405400000.0,-115300000.0,92900000.0,0.35743132073590267,0.06164098984560669,0.06737464891725249,0.09350019112196906,,,,,,,,,,,,,-0.07824874768302215,-0.10468197879858654,0.08104563420768951,0.09419703103913624,-0.23590927611028112,25036676000.0,2025885000.0,2548386000.0,3102108000.0,,,,0.0,,33996328960.0,0.135,0.54,AARTIDRUGS.NS,,,,,0.31597084477066806,,66.45279560036663,69.43430656934306,19.34005499541705,,29.56204379562044,37.5,57.586837294332724,64.38223938223938,58.11320754716981,40.0763358778626,58.70406189555126,45.041705282669135,1.486988847583643,42.76190476190476,46.02949879000402,Q2 (Low)
2026-02-28,23.700000762939453,26.520000457763672,23.399999618530273,24.709999084472656,1730684,0.013120119017306475,-0.09054107415949775,,,0.2541394903643722,61.1871969148017,1.2215159127353974,,0,1690800000.0,551900000.0,173000000.0,341800000.0,288400000.0,205900000.0,72000000.0,10500000.0,0.32641353205583157,0.10231842914596641,0.12177667376389875,0.20215282706411167,,,,,,,,,,,,,-0.03427004797806721,0.968451242829828,0.020028957528957614,0.6289556962025316,0.3289269051321928,7031084000.0,552422000.0,732306000.0,1095133000.0,,,,0.0,,2273324032.0,-0.049,,KMSUGAR.NS,,,,,0.2921674663359943,,69.2942254812099,85.03649635036496,70.39413382218149,,49.54379562043796,46.25912408759124,19.287020109689216,28.185328185328185,83.01886792452831,,37.234042553191486,89.24930491195552,54.08921933085502,30.19047619047619,54.11880230452063,Q4 (High)
2026-02-28,430.6000061035156,471.6000061035156,417.6000061035156,428.0,142327,0.013617525162818334,-0.1368357472387547,,,0.3324329919361767,50.99091402787909,1.6708601551944873,,0,2964199000.0,1068667000.0,404622000.0,475986000.0,398019000.0,250855000.0,98479000.0,48685000.0,0.3605247151085335,0.13650298107515724,0.08462825876400336,0.1605782877600323,,,,,,,,,,,,,-0.08626903131599561,-3.4232749543562053,0.04433216552610508,0.18617660131831548,0.17748658590586253,12785880000.0,864615000.0,1576013000.0,1859694000.0,,,,0.0,,6031217664.0,0.119,2.92,MAGADSUGAR.NS,,,,,0.2809713957773188,,91.01741521539871,59.94525547445255,41.979835013748854,,34.48905109489051,46.715328467153284,30.255941499085925,54.24710424710425,64.81132075471699,91.7557251908397,55.89941972920697,3.5217794253938832,59.29368029739776,36.0,51.32879042729263,Q3 (Medium)
2026-02-28,266.29998779296875,322.5,256.5,260.6499938964844,639622,-0.11147097844440568,-0.2972499374879203,,,0.36685003658963516,44.4137912455418,1.4307891679659275,,0,1260350000.0,509922000.0,281608000.0,301944000.0,294293000.0,50141000.0,28134000.0,183490000.0,0.4045876145515135,0.22343634704645535,0.039783393501805056,0.23957154758598803,,,,,,,,,,,,,0.027587129050300252,-0.17920049764274493,-0.16404009370763328,-0.7604118883792049,-0.3042123698036685,5211348000.0,418990000.0,1153311000.0,1179155000.0,,,,0.0,,11291524096.0,0.341,0.58,ARIHANTSUP.NS,,,,,0.19819397128136762,,81.94317140238313,51.36861313868613,25.572868927589365,,5.291970802919708,6.660583941605839,39.945155393053014,74.8069498069498,18.77358490566038,42.824427480916036,79.73887814313346,37.812789620018535,41.63568773234201,11.333333333333332,41.18053430857272,Q2 (Low)
2026-02-28,665.0999755859375,742.5999755859375,522.0,525.2999877929688,15857991,-0.3086793384603348,-0.27739187155640865,,,0.6255609695000646,33.7960172632058,1.0871245112390946,,0,9604300000.0,6620400000.0,807000000.0,1087100000.0,1087100000.0,842100000.0,88100000.0,239500000.0,0.6893162437658132,0.08402486386306134,0.08767947690097144,0.1131888841456431,,,,,,,,,,,,,0.008325459317585215,-0.12835110237035507,0.10975919763357367,-0.20119521912350602,-0.2384588441330998,37786296000.0,3771719000.0,3918878000.0,5189083000.0,,,,0.0,,50208411648.0,0.406,0.19,ASHAPURMIN.NS,,,,,0.357113827726468,,56.64527956003666,5.200729927007302,8.707607699358388,,6.751824817518248,0.36496350364963503,62.797074954296164,77.41312741312741,36.698113207547166,12.366412213740457,84.38104448742747,42.2613531047266,57.43494423791822,49.80952380952381,40.05546659572517,Q1 (Lowest)
2026-02-28,24.5,27.399999618530273,23.0,25.5,1482078,0.10533161410144953,-0.13176713410452912,,,0.3544997368283596,67.19681870855402,1.1665894171076299,,0,482900000.0,100200000.0,-23500000.0,15400000.0,900000.0,-7000000.0,0.0,7900000.0,0.20749637606129634,-0.04866431973493477,-0.014495754814661421,0.03189066059225513,2165000000.0,1543900000.0,3832300000.0,-1667300000.0,624800000.0,3042000000.0,16100000.0,65200000.0,-0.9259881245126852,0.7131177829099307,0.20539119000657463,0.18395792241946088,1.9662162162162162,-0.6585365853658536,1.0645575032064984,6.777777777777778,-0.7027027027027026,1015879000.0,3645840000.0,-99819000.0,3866080000.0,-2.1866730642355905,1.6839907621247112,0.8089059967585089,1.0,-1.9473491916859116,946474432.0,-1.143,,KOHINOOR.NS,,,,,0.3061675989174366,,64.34463794683776,53.832116788321166,83.50137488542622,,35.85766423357664,79.1058394160584,10.3290676416819,23.93822393822394,97.64150943396226,,1.5473887814313347,19.647822057460612,14.312267657992564,96.28571428571429,48.689575137779144,Q3 (Medium)
2026-02-28,168.33515700343494,243.3725285047978,166.00022127105828,223.25999450683594,71608867,0.45146860392007326,0.4002370482374502,,,0.686434508987471,85.49411196226681,1.4053874215249826,,0,2182519000.0,1165889000.0,264395000.0,507314000.0,423817000.0,232658000.0,161166000.0,14860000.0,0.5341942040367117,0.12114212980505554,0.10660067564131172,0.23244425363536353,,,,,,,,,,,,,-0.10698347166615185,-0.14622170683733082,0.03722919405260572,-0.022543945148388422,0.12600573086253708,8601747000.0,1090932000.0,966063000.0,2106631000.0,,,,0.0,,23634345984.0,0.956,0.45,BLISSGVS.NS,,,,,0.3160851981327084,,80.38496791934006,2.5547445255474486,98.53345554537121,,99.17883211678831,98.63138686131386,51.736745886654475,31.756756756756754,46.9811320754717,33.20610687022901,98.8394584139265,40.87117701575533,66.35687732342006,34.57142857142857,58.90687132546688,Q4 (High)
2026-02-28,245.0,249.0,210.05999755859375,239.80999755859375,4024092,0.023953888486135888,-0.15222539789260725,,,0.37600349825287027,50.252394422837284,1.2915081718154284,,0,,,,,,,,,,,,,,,,,,,,,,,,,,,,,,,,,,,,,,,,-0.001,,ARTEMISMED.NS,,,,,0.21392408327936188,,73.51054078826765,48.54014598540146,40.51329055912007,,30.10948905109489,51.003649635036496,,,,,43.133462282398455,,,,49.12070522008794,Q3 (Medium)
2026-02-28,1491.199951171875,1675.0,1474.4000244140625,1599.199951171875,2444775,0.07697482987308524,-0.06056517341183465,,,0.3410298575132928,60.24300225928289,1.4001244390302887,,0,11162000000.0,5518000000.0,1166000000.0,1453000000.0,1201000000.0,1243000000.0,-75000000.0,86000000.0,0.49435585020605627,0.10446156602759363,0.11135997133130264,0.13017380397778175,,,,,,,,,,,,,0.14014300306435135,0.8635682158920539,0.07762116238656103,0.29885057471264376,-0.07156549520766775,44512602000.0,4453277000.0,5174518000.0,6510178000.0,,,,0.0,,127014412288.0,-0.04,0.44,KIRLOSBROS.NS,,,,,0.31794918567728137,,79.92667277726856,57.66423357664234,66.91109074243813,,59.854014598540154,71.8978102189781,75.41133455210237,62.64478764478765,71.69811320754717,32.29007633587786,38.53965183752418,88.41519925857276,1.9516728624535316,42.38095238095238,56.63904066624567,Q4 (High)
2026-02-28,39.0,46.34000015258789,33.2599983215332,33.81999969482422,2204205,0.12846181080004837,-0.13282052064553285,,,1.037478720203994,32.76648724987908,1.6395309824965572,,0,135408000.0,3696000.0,484000.0,1778000.0,1118000.0,836000.0,281000.0,1000.0,0.02729528535980149,0.0035743826066406714,0.006173933593288432,0.013130686517783293,553636000.0,200000.0,340593000.0,213043000.0,484186000.0,337282000.0,2344000.0,34825000.0,0.0009387776176640396,0.0003612481847278717,1.4355524457279072,1.3323005674776596,1.1050275160899168,-0.9653255910410619,4.612534195473763,2.4262295081967213,0.2654804270462634,425196000.0,28588000.0,2215000.0,36896000.0,0.13418887266889784,0.05163681552500199,0.010387210834587771,1.0,1.6318129601398752,559561152.0,0.122,,BIOFILCHEM.NS,,,,,0.30922444196485704,,90.00916590284143,0.09124087591241903,7.791017415215398,,35.49270072992701,84.21532846715328,6.489945155393053,2.2200772200772203,93.9622641509434,,56.81818181818182,13.531047265987025,18.21561338289963,98.85714285714286,43.84624834944496,Q2 (Low)
2026-02-28,21.15999984741211,24.899999618530273,20.959999084472656,22.969999313354492,727978,0.12048777138314604,0.045992726365639,,,0.6306669330556589,64.41821329252312,0.8523407680535189,,0,1186020000.0,423481000.0,84955000.0,197829000.0,89161000.0,11994000.0,-22346000.0,99513000.0,0.357060589197484,0.07163032663867389,0.010112814286436992,0.16680072848687205,11987264000.0,2669937000.0,5203086000.0,6784178000.0,2293071000.0,934012000.0,95294000.0,670901000.0,0.39355350051251603,0.22273114198536045,2.455076594304998,1.7367764011597282,0.02444902242779956,-1.066050256348127,0.4183058825217676,-0.8632102369927693,-0.15546476780820162,4467551000.0,-31960000.0,215005000.0,692606000.0,-0.004710961298480081,-0.0026661630210196422,0.022741948876230086,0.0,1.32561544485881,1571408000.0,0.083,,MAGNUM.NS,,,,,0.27057886353814986,,31.439046746104495,5.109489051094897,77.81851512373969,,83.21167883211679,82.93795620437956,15.447897623400367,65.73359073359073,16.88679245283019,,51.74081237911026,11.862835959221501,5.018587360594796,88.19047619047619,45.69317857711063,Q2 (Low)
2026-02-28,286.13344581839965,361.65472803484334,282.1953600907948,326.0,10829837,0.09032103448937545,0.08923140863195833,,,0.30307581328628524,66.82777761078881,2.0020184810074793,,0,3618500000.0,1204400000.0,649400000.0,798000000.0,764400000.0,566500000.0,193900000.0,4000000.0,0.3328451015614205,0.17946662981898576,0.15655658421998064,0.22053337018101424,40970700000.0,3387800000.0,32497700000.0,8473000000.0,38948400000.0,28437000000.0,2005600000.0,26124000000.0,0.39983476926708367,0.08268836021839998,1.3696381474839119,0.450975841333474,1.1828436991011642,1.0570079883805374,1.7155722326454033,4.202020202020202,3.224457384859714,10342204000.0,1172482000.0,1150892000.0,1447563000.0,0.13837861442228255,0.02861757304610368,0.0970332523944422,1.0,0.9113977549809986,32771102720.0,-0.112,0.77,ASHIANA.NS,,,,,0.28281825010829437,,96.15032080659945,69.52554744525548,82.58478460128322,,88.77737226277372,75.91240875912408,57.12979890310786,16.023166023166024,95.94339622641509,53.358778625954194,31.04448742746615,90.17608897126969,68.95910780669145,97.61904761904762,68.21362036521026,Q5 (Highest)
2026-02-28,78.6500015258789,85.3499984741211,74.01000213623047,75.16999816894531,5139134,-0.042786204795375204,-0.224811826104252,,,0.3800879854151117,41.6140669749152,0.7139775828316212,,0,286356000.0,42845000.0,-73533000.0,141598000.0,132852000.0,51780000.0,18722000.0,62350000.0,0.1496214502227996,-0.2567887524619704,0.1808238695889033,0.4944823925463409,,,,,,,,,,,,,-0.14112181207953045,-0.6042403907151647,-0.041989648954357084,-0.5774475481675521,-0.35150013510604683,1125340000.0,386655000.0,-179641000.0,746165000.0,,,,0.0,,8239563776.0,-0.269,0.67,ARIHANTCAP.NS,,,,,0.3076212648383031,,19.890009165902843,47.17153284671532,19.706691109074242,,12.864963503649635,20.894160583941606,34.91773308957952,57.33590733590733,23.20754716981132,48.396946564885496,19.97098646034816,20.852641334569043,37.45353159851301,21.047619047619047,32.24735132070111,Q1 (Lowest)
2026-02-28,1128.5999755859375,1221.5999755859375,1097.0,1142.0,1251916,0.055276663060064735,0.05091993058619804,,,0.2913033733008705,46.97744197273926,0.8219431729974729,,0,4069000000.0,2104000000.0,713000000.0,672000000.0,591000000.0,422000000.0,174000000.0,2000000.0,0.5170803637257312,0.17522732858196116,0.10371098550012288,0.16515114278692553,,,,,,,,,,,,,0.4444444444444444,0.5864661654135339,-0.055193071261058324,-0.375092551458611,-0.3261131167268352,16106210000.0,1855380000.0,2459920000.0,2757650000.0,,,,0.0,,74175283200.0,0.151,0.88,KIRLPNU.NS,,,,,0.2508967993513718,,28.505957836846928,73.26642335766424,31.714023831347387,,83.85036496350365,64.6897810218978,68.19012797074954,10.666023166023166,29.339622641509433,57.786259541984734,60.541586073500966,84.5227062094532,67.84386617100373,19.714285714285715,52.04206856665137,Q3 (Medium)
2026-02-28,351.3500061035156,432.70001220703125,346.04998779296875,414.95001220703125,7060680,0.46573650039168357,0.2920754167623656,,,0.4415803389620996,68.63496381538839,0.4975555228926972,,0,18980300000.0,17161400000.0,311000000.0,289600000.0,289600000.0,32500000.0,64300000.0,165200000.0,0.9041690594985327,0.016385410135772355,0.001712301702291323,0.015257925322571298,,,,,,,,,,,,,0.16831323595491776,-1.300925925925926,0.24780093353494181,-1.302325581395349,1.046643109540636,66863300000.0,-233300000.0,849100000.0,880400000.0,,,,0.0,,41172369408.0,0.057,0.55,MAHLOG.NS,,,,,0.25399099260117974,,6.3244729605866175,29.1058394160584,85.97616865261229,,97.8102189781022,98.90510948905109,60.60329067641682,73.74517374517374,10.18867924528302,41.06870229007634,49.177949709864606,9.175162187210379,52.04460966542751,75.42857142857143,52.63692989629563,Q3 (Medium)
2026-02-28,820.0,980.0,801.0,829.9000244140625,140249,0.3535023915348128,-0.04980535697738597,,,0.568811139905621,45.16917201194732,1.2445133140079656,,0,3659519000.0,1433989000.0,221734000.0,294069000.0,229024000.0,66991000.0,36558000.0,125469000.0,0.3918517706835243,0.06059102302788973,0.018305957695533212,0.08035728192694176,,,,,,,,,,,,,-0.0837527509808389,-0.32560527507927717,0.39162035561714315,-5.445321831453218,0.5839370451962489,12594969000.0,371326000.0,1056074000.0,1226146000.0,,,,0.0,,11129299968.0,-0.028,,BIL.NS,,,,,0.27703721665576864,,71.03574702108158,9.12408759124088,26.947754353803848,,62.5,97.62773722627736,39.39670932358318,69.4980694980695,2.0754716981132075,,39.94197292069632,29.842446709916587,45.16728624535316,87.14285714285714,48.68667598206619,Q3 (Medium)
2026-02-28,11.699999809265137,14.199999809265137,11.680000305175781,12.020000457763672,1452818,-0.03376198848767875,-0.18008181562938208,,,0.3151543973724858,53.82586867379414,1.3768247364713573,,0,2282900000.0,16300000.0,7900000.0,35400000.0,33600000.0,700000.0,200000.0,32700000.0,0.007140041175697578,0.0034605107538656973,0.0003066275351526567,0.015506592492005783,4265200000.0,2123800000.0,3117800000.0,1147400000.0,4218400000.0,2695000000.0,1498900000.0,1433700000.0,1.8509674045668467,0.49793679077182784,1.5652690166975882,1.0332838589981448,-0.6045967853678814,-0.9877622377622378,0.2288190332651523,-0.9306930693069306,-0.3231357552581262,13730516000.0,77677000.0,170463000.0,167206000.0,0.0676982743594213,0.018211807183719404,0.052110234776228906,1.0,4.05041639313514,688443392.0,-0.002,,ANMOL.NS,,,,,0.2098896459590696,,78.46012832263978,65.96715328467153,49.31255728689276,,22.99270072992701,23.905109489051096,7.952468007312614,45.559845559845556,15.754716981132075,,42.89168278529981,12.974976830398516,17.936802973977695,73.52380952380952,40.48213011833053,Q2 (Low)
2026-02-28,2.309999942779541,2.759999990463257,2.190000057220459,2.759999990463257,620822,0.033707832059029164,-0.2068965588114916,,,0.19314662433983493,86.88525615344778,2.2700235509885416,,0,0.0,-218000.0,-1848000.0,-1848000.0,-1848000.0,-1603000.0,0.0,,,,,,49824000.0,15000000.0,56488000.0,-6664000.0,5577000.0,41488000.0,355000.0,63000.0,-2.250900360144058,0.3010597302504817,0.13442441187813345,0.1329059005013498,,0.5354406130268199,,10.615942028985508,12.391304347826088,619000.0,-28122000.0,-3464000.0,-28090000.0,4.219987995198079,-0.5644267822736031,-0.41554702495201534,0.0,-1.1621347141939626,200436336.0,0.14,,BLUECHIP.NS,,,,,0.2641553581514091,,97.98350137488544,96.44160583941606,99.083409715857,,17.062043795620436,55.565693430656935,1.5539305301645339,,98.11320754716981,,59.09090909090909,83.5032437442076,14.312267657992564,,58.180654181791965,Q4 (High)
2026-02-28,0.9300000071525574,0.9900000095367432,0.8799999952316284,0.8899999856948853,3084062,-0.0430107754301452,-0.12745097810055184,,,0.42342784900932356,46.66666931576241,0.9003793667192669,,0,,,,,,,,,,,,,,,,,,,,,,,,,,,,,,,,,,,,,,,137958544.0,0.232,,ANTGRAPHIC.NS,,,,,0.32392159359656025,,36.93858845096242,33.21167883211679,31.347387717690196,,37.04379562043796,20.71167883211679,0.7312614259597806,,,,69.24564796905223,,,,41.948669256555746,Q2 (Low)
2026-02-28,1672.5999755859375,1871.5999755859375,1606.0,1638.199951171875,2013591,-0.053883943879945106,0.1374413825182259,,,0.6513744242475582,36.62567901298453,0.7984446065024152,,0,900147000.0,410907000.0,346838000.0,379083000.0,379083000.0,328940000.0,17106000.0,33037000.0,0.4564887735003283,0.385312621160766,0.36542920211920943,0.4211345480238228,,,,,,,,,,,,,0.7940650062981329,1.7653171026968861,0.5625571759134693,1.1054181201395332,0.6782049352328166,2361378000.0,665492000.0,810864000.0,872778000.0,,,,0.0,,40136253440.0,-0.269,,KMEW.NS,,,,,0.483905079057904,,26.76443629697525,4.0145985401459825,11.824014665444546,,92.15328467153284,17.427007299270073,60.054844606946986,45.656370656370655,88.86792452830188,,19.97098646034816,93.790546802595,36.89591078066915,92.47619047619048,49.326407718986076,Q3 (Medium)
2026-02-28,261.37265551434456,306.7963937599333,247.42284883771555,268.3999938964844,86770550,-0.05247875979000738,-0.15838166097816242,,,0.3874368955781797,57.292430337577585,1.6304187902220069,,0,7364573000.0,4017342000.0,1747233000.0,2189289000.0,1956797000.0,1626747000.0,203363000.0,51202000.0,0.5454955772724366,0.23724837814765365,0.22088816283035012,0.29727303945524064,,,,,,,,,,,,,-0.00023213878695671486,-0.07164563420116865,0.43601140452203113,0.34810121861779497,0.26701784297418785,28764199000.0,6440429000.0,7175809000.0,8785885000.0,,,,0.0,,110497882112.0,-0.638,1.12,BLS.NS,,,,,0.3343921169058938,,89.73418881759854,43.88686131386861,58.84509624197983,,28.375912408759124,17.88321167883212,73.12614259597807,55.01930501930502,74.05660377358491,66.5648854961832,5.996131528046422,48.10009267840593,69.79553903345726,89.04761904761904,54.69543930890788,Q4 (High)
2026-02-28,73.5,75.87999725341797,68.5999984741211,69.25,1272892,-0.04784824963990375,-0.12175014153325381,,,0.3228529054350618,35.41997026834062,0.6166690514683127,,0,5103700000.0,2180600000.0,91500000.0,348700000.0,317700000.0,129500000.0,44200000.0,144000000.0,0.4272586554852362,0.01792816975919431,0.02537374845700178,0.06832298136645963,20765700000.0,5841600000.0,20518600000.0,247100000.0,10040800000.0,19254700000.0,1876600000.0,1657800000.0,23.64063132335087,0.2813100449298603,0.5214726793977574,0.4353742203202335,-0.24093876883263676,-0.7060826146164321,-0.04107246866956016,7.19620253164557,0.70263671875,3789600000.0,792000000.0,1180400000.0,1821900000.0,3.20518008903278,0.038139817102240715,0.19386732800105114,1.0,-0.2828091516298511,11156264960.0,-0.141,,MADRASFERT.NS,,,,,0.3588048749914698,,12.740604949587533,63.32116788321168,10.632447296058661,,38.86861313868613,19.525547445255476,39.57952468007313,71.71814671814671,97.83018867924528,,28.820116054158607,18.443002780352177,47.25836431226766,21.142857142857142,41.32537207199335,Q2 (Low)
2026-02-28,760.7000122070312,776.0,673.9500122070312,746.2999877929688,251270,-0.07141971325399998,0.021489204395934935,,,0.37634584316165726,45.024182057613444,1.8181844049945382,,0,2241106000.0,470176000.0,36576000.0,62520000.0,40552000.0,19075000.0,6401000.0,15076000.0,0.20979641302107085,0.01632051317519118,0.008511422485147958,0.027896940171504604,,,,,,,,,,,,,0.18847556713747382,0.012365990871457289,0.12152985250152892,0.7453563912526306,0.44608410047647684,8546656000.0,109351000.0,149524000.0,274047000.0,,,,0.0,,12282710016.0,-0.246,,MAHASTEEL.NS,,,,,0.3240114518191737,,94.40879926672777,48.35766423357665,26.48945921173236,,79.1058394160584,13.138686131386862,41.40767824497258,32.04633204633205,85.28301886792453,,20.889748549323016,55.32900834105653,29.36802973977695,52.666666666666664,48.566062047702296,Q3 (Medium)
2026-02-28,450.0,497.0,432.6000061035156,477.70001220703125,278409,0.15749938957450937,-0.05695385703518907,,,0.4197495942956808,66.19990940510037,0.8301608932772983,,0,2501276000.0,696176000.0,120534000.0,159499000.0,110507000.0,74675000.0,0.0,35832000.0,0.27832834121464406,0.04818900433218885,0.02985476212940915,0.06376705329599772,,,,,,,,,,,,,0.18108563838402247,0.6992831949027194,0.26227363839875983,1.0927918838630122,0.2798931142121186,8230471000.0,193355000.0,348788000.0,533895000.0,,,,0.0,,7637733888.0,0.271,,ASAL.NS,,,,,0.4189116051701674,,29.422548120989916,34.67153284671532,80.93492208982585,,60.49270072992701,88.22992700729927,33.45521023765997,46.71814671814672,88.77358490566037,,73.0174081237911,85.91288229842446,14.312267657992564,77.14285714285715,57.53893252528599,Q4 (High)
2026-02-28,1569.199951171875,1874.0,1533.5999755859375,1574.5999755859375,150822,-0.050301582879410445,-0.09744354143012313,,,0.3928339284367335,49.66900212355817,1.010291978344335,,0,8101500000.0,3514300000.0,-472600000.0,39000000.0,-336600000.0,-428600000.0,-58400000.0,150400000.0,0.43378386718508916,-0.05833487625748318,-0.05290378325001543,0.004813923347528236,29651500000.0,10412400000.0,17863800000.0,11787700000.0,10895900000.0,12061100000.0,403900000.0,6822800000.0,0.8833275363302425,0.35115930054128797,0.903391896261535,0.3377055160806228,-0.230100353518075,31.46969696969697,0.046083722852051645,-3.921608725289707,-0.9343434343434344,35805522000.0,-1043735000.0,-774404000.0,981866000.0,-0.08854441494099782,-0.035200074195234646,-0.03488290593285616,0.0,1.6794860968247811,11883754496.0,0.238,1.91,BIRLANU.NS,,,,,0.26596190634320477,,49.95417048579285,42.518248175182485,38.771769019248396,,46.8978102189781,18.43065693430657,40.95063985374772,72.49034749034749,3.1132075471698113,83.3587786259542,69.97098646034816,99.81464318813717,2.8810408921933086,36.47619047619048,47.041899291173124,Q3 (Medium)
2026-02-28,172.39999389648438,230.89999389648438,159.22999572753906,185.99000549316406,57885328,0.31963957905057283,-0.16126265842992527,,,0.6652650314862121,59.50610964371647,1.034725534427984,,0,1819897000.0,877380000.0,-47042000.0,134757000.0,2889000.0,-93888000.0,46331000.0,126778000.0,0.48210420699633,-0.025848715614125415,-0.051589732825539025,0.07404649823588917,,,,,,,,,,,,,0.490476381573721,5.0580720092915215,-0.34137134969695937,-1.228801477773689,-0.7841874900907566,7277325000.0,428690000.0,516008000.0,1172133000.0,,,,0.0,,37127475200.0,-0.051,0.27,KITEX.NS,,,,,0.2158948543256792,,52.24564619615032,3.2846715328467155,64.89459211732355,,27.55474452554745,96.80656934306569,58.50091407678245,69.88416988416989,10.943396226415095,20.15267175572519,36.46034816247582,97.68303985171455,47.86245353159851,5.428571428571429,46.11345257549244,Q2 (Low)
2026-02-28,367.0,399.0,360.3500061035156,369.1499938964844,2785329,0.07482888564860857,-0.05041802213122992,,,0.32592981001361104,40.538575189168974,1.2301083810742246,,0,4591600000.0,880500000.0,241200000.0,1368800000.0,1312100000.0,1088800000.0,205600000.0,17700000.0,0.19176321979266486,0.05253070824984755,0.23712866974475127,0.2981095914278247,,,,,,,,,,,,,13.362214576165155,1.1249024199843873,59.336399474375824,-8.7660485021398,-46.93288590604027,6676521000.0,2227121000.0,-1269566000.0,2857444000.0,,,,0.0,,78744952832.0,-0.3,0.76,MAHLIFE.NS,,,,,0.23315891684638532,,70.11915673693859,62.04379562043796,17.323556370302477,,62.40875912408759,71.07664233576642,69.19561243144425,33.88030888030888,1.509433962264151,52.97709923664122,18.665377176015475,90.82483781278961,69.88847583643123,99.23809523809524,54.61007671743488,Q4 (High)
2026-02-28,1030.5999755859375,1116.0,1010.0,1011.7999877929688,1108604,-0.03693126660442703,-0.1329163024904163,,,0.2750470065186304,40.44554415058629,1.0828448968916455,,0,21587400000.0,8999800000.0,1600400000.0,2775700000.0,1450500000.0,527600000.0,260600000.0,653300000.0,0.4169005994237379,0.07413583849838332,0.024440182699167107,0.12857963441637252,,,,,,,,,,,,,-0.021658441081698454,-0.4168877099911583,-0.043387321915228316,0.6915678101955756,0.05395656136087479,95038300000.0,5194200000.0,9470300000.0,15197500000.0,,,,0.0,,77961633792.0,0.135,0.99,BIRLACORPN.NS,,,,,0.3588519165243455,,56.461961503208066,78.83211678832117,16.95692025664528,,35.4014598540146,22.81021897810219,68.92138939670932,87.06563706563706,84.52830188679246,62.44274809160305,58.70406189555126,26.042632066728455,73.69888475836431,20.761904761904763,52.84188248690547,Q3 (Medium)
2026-02-28,1517.5999755859375,1760.0,1489.0,1626.5,828179,0.03197768237723975,-0.04193906651333035,,,0.3336436397401969,57.25874715183401,1.2738391190286626,,0,1516735000.0,619680000.0,463259000.0,467574000.0,463259000.0,221820000.0,63218000.0,,0.4085618120502263,0.30543173329553286,0.14624835584330817,0.3082766600625686,,,,,,,,,,,,,0.04629617493651805,1.7747964123541111,-0.017857142857142905,-4.0552877331203,-0.2101803882088037,5638047000.0,283565000.0,1355650000.0,132058000.0,,,,0.0,,17099266048.0,-0.08,,ARMANFIN.NS,,,,,0.24953095723433705,,72.77726856095326,59.48905109489051,58.75343721356554,,64.41605839416059,54.379562043795616,46.983546617915906,,2.8301886792452833,,34.4294003868472,93.88322520852641,51.765799256505574,22.952380952380953,50.84399456058579,Q3 (Medium)
2026-02-28,144.66000366210938,161.0,136.6300048828125,139.88999938964844,25949273,0.023860018958734797,-0.14643968570004084,,,0.46080030701651453,38.38842627373821,1.2178348011992388,,0,7431951000.0,2731213000.0,1516983000.0,1802555000.0,1652459000.0,1028023000.0,86002000.0,548491000.0,0.3674960989382196,0.20411638881903285,0.13832478174304433,0.24254129232014582,,,,,,,,,,,,,0.14955851835902845,-0.017743287027526478,-0.12369319532432055,-0.5864501076090674,-0.5229867080762436,14403937000.0,4701053000.0,8006300000.0,6823711000.0,,,,0.0,,39346741248.0,0.31,0.18,KNRCON.NS,,,,,0.26398438051508233,,69.019248395967,25.45620437956204,13.657195233730523,,31.386861313868614,50.912408759124084,59.87202925045704,86.1969111969112,22.830188679245282,11.374045801526718,77.07930367504837,52.177942539388326,56.97026022304833,13.333333333333334,44.684395518747394,Q2 (Low)
2026-02-28,1125.800048828125,1182.9000244140625,1060.0999755859375,1089.0,1578961,-0.10126265256774813,-0.07641419510772496,,,0.5469759792835274,50.1289994555656,0.21156627930653105,,0,3313010000.0,1475415100.0,425009100.0,616678000.0,474943000.0,314330000.0,152301000.0,15067000.0,0.44533976655669616,0.12828488293123172,0.09487746792191995,0.1861382851244035,,,,,,,,,,,,,-0.027165006470375563,-0.09045663804902326,0.05938891383065936,-0.052829188035990904,0.15123603140763087,13716657000.0,1440544000.0,1759730100.0,2577350000.0,,,,0.0,,35284688896.0,0.397,1.01,BALAMINES.NS,,,,,0.26400705958171145,,0.916590284142988,11.861313868613138,40.14665444546288,,55.29197080291971,8.302919708029197,58.04387568555759,31.949806949806952,45.09433962264151,63.58778625954199,83.70406189555126,46.246524559777576,65.24163568773234,39.61904761904762,43.33376849258832,Q2 (Low)
2026-02-28,37.75,44.0,35.40999984741211,37.720001220703125,258985,0.0634338856094181,-0.08468813252375229,,,0.41307404969274936,55.359246621812886,1.1477103813986431,,0,68435000.0,21513000.0,-13890000.0,5042000.0,-1140000.0,-4375000.0,77000.0,5904000.0,0.3143566888288157,-0.20296631840432527,-0.06392927595528604,0.07367575071235478,1386387000.0,102934000.0,214743000.0,1236928000.0,565081000.0,165273000.0,1851000.0,294173000.0,0.08321745485590107,0.07424622417838597,3.419076316155694,1.6391546108559776,-0.1473336655868428,1.4773499433748585,0.15402775669887525,0.29017988793866123,0.25672981056829514,293586350.0,-17251230.0,-27453580.0,20632830.0,-0.013946834415584416,-0.012443300463723333,-0.020489856418049023,0.0,1.8041810475718543,339796224.0,-0.067,,MADHAV.NS,,,,,0.3714366447630488,,62.60311640696609,35.94890510948905,54.07882676443629,,52.00729927007299,67.7919708029197,3.1078610603290677,20.36679536679537,70.94339622641509,,35.20309477756286,92.58572752548656,17.657992565055764,59.80952380952381,48.14030064567018,Q3 (Medium)
2026-02-28,6905.831657371706,7670.0,6821.9430298635025,7615.5,6802391,0.11706002577256092,0.03174271049519484,,,0.18435889029193708,91.42884068210114,0.9781967847608418,,0,64774000000.0,30950000000.0,7461000000.0,10138000000.0,7946000000.0,5023000000.0,1657000000.0,1126000000.0,0.47781517275450025,0.1151851051347763,0.07754654645382407,0.15651341587674067,,,,,,,,,,,,,0.10874514301364235,0.16058225508317925,0.15889288461882534,0.3260295670538542,0.1796602280660926,232220000000.0,16970000000.0,25304000000.0,35554000000.0,,,,0.0,,1094992068608.0,0.1,0.26,APOLLOHOSP.NS,,,,,0.6091687656070163,,45.8295142071494,97.35401459854015,99.8166819431714,,80.93065693430657,82.2080291970803,94.51553930530164,90.44401544401545,73.30188679245283,19.46564885496183,53.52998065764023,68.11862835959221,92.84386617100373,61.142857142857146,70.63342130720487,Q5 (Highest)
2026-02-28,2.0399999618530273,3.259999990463257,1.9800000190734863,2.640000104904175,6210429,0.25714296418793836,-0.018587342473125656,,,0.6074622758036978,66.33166256602638,1.3294988238165493,,0,119654000.0,25714000.0,-246000.0,14895000.0,8317000.0,5148000.0,0.0,4742000.0,0.21490297023083224,-0.0020559279255185784,0.043024052685242446,0.12448392866097246,763993000.0,112429000.0,165372000.0,598621000.0,423947000.0,101543000.0,14169000.0,99320000.0,0.18781332429032727,0.1471597252854411,4.175048994022237,3.196941197325271,0.3142725335559413,0.5671232876712329,,,,456980000.0,-25540000.0,-22106000.0,10086000.0,-0.04266472442497005,-0.03342962566410949,-0.031089234231066732,0.0,2.2374292696399047,234961280.0,-1.411,,KSHITIJPOL.NS,,,,,0.2198957538711026,,76.3519706691109,6.113138686131393,81.11824014665444,,69.61678832116789,94.61678832116789,1.9195612431444242,17.953667953667953,,,0.7736943907156674,84.0593141797961,14.312267657992564,,46.45569543796996,Q2 (Low)
2026-02-28,479.8999938964844,495.0,452.6000061035156,479.3500061035156,5236300,0.018160617103300858,-0.008788254645080151,,,0.19359566391700034,52.7869033984219,1.0274955337151888,,0,8842600000.0,4027400000.0,3337100000.0,3407600000.0,3337100000.0,2812100000.0,785600000.0,,0.45545427815348427,0.3773890032343428,0.31801732522108883,0.3853617714246941,,,,,,,,,,,,,0.041592555509747386,0.055315795399106804,0.1790604957531634,0.174939416729339,0.19493635375390128,32377100000.0,10298000000.0,22868300000.0,25154100000.0,,,,0.0,,207940272128.0,,,AADHARHFC.NS,,,,,0.35871273035714996,,51.60403299725023,96.35036496350365,46.562786434463796,,72.26277372262774,48.35766423357664,82.90676416819012,,64.24528301886792,,,59.68489341983317,86.05947955390334,65.61904761904762,61.57687267541762,Q5 (Highest)
2026-02-28,106.75,119.48999786376953,103.81999969482422,107.76000213623047,319766,0.015837106675878232,-0.10661582090467969,,,0.41505038654844495,53.53452694546934,0.6640717839585876,,0,1292872000.0,510187000.0,90273000.0,151180000.0,112498000.0,67737000.0,27226000.0,7798000.0,0.39461524420050864,0.06982361749655032,0.05239265758713933,0.11693346286407316,,,,,,,,,,,,,-0.07036582173991823,-0.19948710070080478,0.05830330554023022,-0.22324408004128204,-0.054758719003613954,5554149000.0,343883000.0,459901000.0,685119000.0,,,,0.0,,6414803968.0,0.176,1.39,LINC.NS,,,,,0.3005587093573339,,16.590284142988086,35.583941605839414,48.39596700274977,,43.79562043795621,47.262773722627735,31.718464351005483,23.745173745173744,35.471698113207545,73.2824427480916,63.58800773694391,36.515291936978684,41.07806691449814,39.42857142857143,42.430420259108786,Q2 (Low)
2026-02-28,3649.699951171875,3960.0,3525.0,3573.60009765625,363228,0.0038484776786786856,-0.18694963791887953,,,0.2477839409493064,47.031221940466274,1.1544040293499844,,0,38587100000.0,5943300000.0,1363100000.0,1811000000.0,1469700000.0,1066700000.0,363700000.0,46400000.0,0.15402297659062225,0.035325277100378104,0.02764395354924314,0.04693278323584825,,,,,,,,,,,,,-0.04544318859294327,-0.0044797013532431595,0.06258106266092067,0.030130371801062372,-0.04159610499576627,150566100000.0,3782300000.0,4981900000.0,6905200000.0,,,,0.0,,154685571072.0,0.362,0.56,BASF.NS,,,,,0.2419186119112282,,63.244729605866176,86.22262773722628,31.897341888175983,,20.985401459854014,40.14598540145985,78.24497257769653,52.60617760617761,51.509433962264154,41.6793893129771,81.33462282398453,53.75347544022243,77.97397769516728,40.38095238095238,54.66527252613495,Q4 (High)
2026-02-28,208.3300018310547,220.0,194.7899932861328,198.52000427246094,23193828,-0.049734331566300694,-0.2757387820068542,,,0.1841168299474552,24.355738550232417,1.0492248863022497,,0,186026700000.0,19341800000.0,4418400000.0,6593200000.0,5481600000.0,2688200000.0,1016000000.0,1847300000.0,0.10397324685112407,0.023751429230320163,0.014450613809738064,0.035442224153844584,,,,,,,,,,,,,0.09051243797135178,0.1369961510806581,0.28738735247343583,-0.13571038163521199,-0.017465426800190698,705790900000.0,11068300000.0,17891100000.0,24368100000.0,,,,0.0,,257356300288.0,-0.383,,AWL.NS,,,,,0.2923440678178934,,54.44546287809349,97.44525547445255,2.749770852428964,,6.843065693430657,18.704379562043798,84.46069469835467,92.56756756756756,40.37735849056604,,15.038684719535784,66.17238183503244,89.59107806691449,80.28571428571428,53.24542760827565,Q4 (High)
2026-02-28,690.7000122070312,790.0,670.0,746.5499877929688,1022528,0.10673782714839808,-0.051036003293586374,,,0.3233398777637982,61.87586270065419,1.3100788411799054,,0,4623760000.0,1381000000.0,778200000.0,996800000.0,859610000.0,619610000.0,215230000.0,24770000.0,0.2986746716957628,0.16830458328286935,0.13400565773310033,0.21558212363963528,,,,,,,,,,,,,0.013829047797591976,-0.009178859838490427,-0.044687554880631364,0.0976845536520985,0.030167112783042738,18807720000.0,2663710000.0,3179440000.0,4279800000.0,,,,0.0,,32591333376.0,0.359,1.34,KSL.NS,,,,,0.3057892934488811,,74.97708524289642,62.95620437956204,71.58570119156738,,62.13503649635036,79.65328467153284,56.946983546617915,40.34749034749035,58.30188679245283,72.13740458015268,80.89941972920697,53.1047265987025,70.35315985130111,20.57142857142857,60.264654133284125,Q5 (Highest)
2026-02-28,165.63999938964844,177.0,152.5,157.63999938964844,755209,-0.026733356784720552,-0.21587741417557038,,,0.3563969351958395,46.0539285847792,0.9932114828121545,,0,1114002000.0,210684000.0,118226000.0,126349000.0,126349000.0,92557000.0,32261000.0,2721000.0,0.1891235383778485,0.10612727804797478,0.08308512911107879,0.11341900642907284,,,,,,,,,,,,,0.08961745106266861,-0.1965189461348149,-0.10899655916524165,-0.45783372481943807,-0.4621936373619825,4715413000.0,522047000.0,672019000.0,703721000.0,,,,0.0,,6246866944.0,0.234,0.6,LIKHITHA.NS,,,,,0.31651824799986866,,47.662694775435384,53.37591240875913,29.605866177818513,,14.872262773722628,26.368613138686133,30.987202925045704,13.030888030888029,26.50943396226415,44.274809160305345,69.53578336557061,36.700648748841516,43.40148698884758,15.142857142857144,36.76456397326946,Q1 (Lowest)
2026-02-28,1339.0,1418.300048828125,1302.9000244140625,1368.300048828125,79234857,0.0649077926915711,0.07250352442372532,,,0.24126724870234442,64.18582984052809,0.6416922587951295,,0,221132900000.0,,,,,70106500000.0,23262200000.0,187851200000.0,,,0.3170333315395403,,18084797600000.0,2614195000000.0,16008139600000.0,2069070600000.0,,,1041659400000.0,,1.2634634120266366,0.1445520739474574,,,-0.002211863294033889,0.12283222181648124,0.031104796605087692,-0.05277614892599369,,870427100000.0,274717900000.0,,,0.1327735747634711,0.015190543243901164,,1.0,,4250460749824.0,0.327,0.07,AXISBANK.NS,,,,,0.413299541818792,,14.57378551787351,88.04744525547446,77.3602199816682,,86.86131386861314,67.97445255474453,99.26873857404021,99.61389961389962,45.18867924528302,3.5114503816793894,78.8201160541586,65.4309545875811,99.53531598513011,33.04761904761905,63.94893271118433,Q5 (Highest)
2026-02-28,104.9000015258789,129.35000610351562,100.30000305175781,113.58000183105469,885026,0.11026391439685357,-0.08010042351882729,,,0.40272677589709566,56.316961566162306,1.5923461938537855,,0,3399463000.0,2007951000.0,243738000.0,428260000.0,294044000.0,139983000.0,46674000.0,107387000.0,0.5906671141883292,0.07169897127869902,0.04117797428593869,0.12597872075677835,,,,,,,,,,,,,-0.013819442429868545,0.9760446075663467,0.003127892747508465,0.3799722000414041,0.1752050558020708,13055216000.0,255806000.0,638172000.0,1270083000.0,,,,0.0,,3888080128.0,-0.083,0.88,BANSWRAS.NS,,,,,0.3240724346122815,,88.45096241979834,38.95985401459854,56.553620531622364,,53.46715328467153,80.65693430656934,25.502742230347348,67.08494208494209,75.94339622641509,57.786259541984734,34.13926499032882,89.34198331788693,47.95539033457249,26.666666666666668,56.16727799669361,Q4 (High)
2026-02-28,331.0,357.04998779296875,310.5,323.8500061035156,1245186,-0.09425250409731889,-0.0554178202180442,,,0.5420497741756322,45.43737919717786,0.7781541159854858,,0,445514000.0,222120000.0,-100404000.0,269082000.0,247448000.0,122996000.0,42327000.0,82125000.0,0.49857019083575377,-0.22536665514439502,0.27607662161009533,0.6039810196761494,,,,,,,,,,,,,0.004459615453987986,0.06503874962116285,-0.32174784123156364,-0.4384026373104547,-0.3015773312810982,1856343000.0,500928000.0,-297854000.0,979607000.0,,,,0.0,,10120907776.0,0.231,,5PAISA.NS,,,,,0.3474300115487831,,24.74793767186068,12.5,27.772685609532537,,61.04014598540146,8.85036496350365,38.482632541133455,61.77606177606177,27.07547169811321,,68.95551257253385,60.889712696941615,46.84014869888476,6.0,39.6620449475978,Q1 (Lowest)
2026-02-28,520.0499877929688,544.0,490.8999938964844,498.1499938964844,2064328,-0.003301308396925884,0.07313653769210071,,,0.7315418721042753,45.285523958409605,0.10894509344552658,,0,2624387000.0,2450354000.0,213758000.0,496214000.0,275721000.0,114957000.0,-15376000.0,144771000.0,0.933686228441156,0.08145063971129259,0.04380337198743935,0.1890780589905376,,,,,,,,,,,,,0.018584089687386562,-0.15784268477615881,0.08117148089175252,-0.27070698099322454,-0.15123121027388353,10059867000.0,829305000.0,1403841000.0,2380228000.0,,,,0.0,,14133352448.0,0.592,,AWHCL.NS,,,,,0.27717086294499926,,0.18331805682859761,1.551094890510953,27.314390467461045,,87.04379562043796,36.58759124087591,44.97257769652651,71.81467181467181,33.30188679245283,,93.81044487427465,39.57367933271548,6.598513011152416,42.857142857142854,42.37394044367006,Q2 (Low)
2026-02-28,800.0,908.0,788.4500122070312,873.2999877929688,30956899,0.07874745347572443,-0.032247380134978076,,,0.21659289032390755,68.12738484256346,1.3620954393446039,,0,2362025600000.0,,,,,129304400000.0,-507000000.0,,,,0.05474301379290724,,,,,,,,,,,,,,0.04963618857500718,0.1801023085593294,0.019439754439391832,0.67304636755565,,9087452200000.0,539348100000.0,,,,,,0.0,,5523620495360.0,0.446,1.37,LICI.NS,,,,,0.35872082238188563,,77.91017415215399,92.7007299270073,85.24289642529789,,67.33576642335767,72.53649635036497,99.54296160877514,,83.9622641509434,72.82442748091603,86.46034816247582,69.13809082483782,0.4646840148698885,30.0952380952381,65.8809385077492,Q5 (Highest)
2026-02-28,275.8999938964844,287.79998779296875,259.5,267.54998779296875,709785,-0.026737018067316987,-0.16664071650580414,,,0.33330824035352846,51.40016871495443,0.4130908253211954,,0,10290230000.0,2454410000.0,701720000.0,854590000.0,705340000.0,432700000.0,126450000.0,146190000.0,0.23851847820699829,0.06819283922711154,0.04204959461547507,0.08304867821224599,,,,,,,,,,,,,0.09586297013760281,0.10160645637618071,0.24662214140425398,0.09165678532684107,0.25580814389208095,38156840000.0,1573430000.0,2547740000.0,3006300000.0,,,,0.0,,41920438272.0,,,BANSALWIRE.NS,,,,,0.3992843730526859,,3.84967919340055,59.67153284671533,43.446379468377636,,26.368613138686133,26.277372262773724,60.877513711151735,72.00772200772201,57.45283018867925,,,64.31881371640408,62.360594795539036,75.33333333333333,50.13095897751886,Q3 (Medium)
2026-02-28,1145.0,1546.9000244140625,1114.699951171875,1412.300048828125,2379192,0.26188358688664626,-0.037418146245098094,,,0.5341953894201787,71.49046286554079,1.2566878719187078,,0,3431785000.0,2612046000.0,517578000.0,568725000.0,458795000.0,277247000.0,111802000.0,70358000.0,0.7611333460575181,0.1508188887124339,0.08078798642688863,0.1657227944058267,,,,,,,,,,,,,0.14752812907423918,0.20442677787914332,0.2500669330389129,0.8720130181430241,0.37870053429266837,11535135000.0,1022474000.0,1437827000.0,1917084000.0,,,,0.0,,60047310848.0,0.309,,AXISCADES.NS,,,,,0.3199550116572366,,71.67736021998167,13.503649635036496,88.72593950504125,,65.6021897810219,94.8905109489051,64.9908592321755,59.16988416988417,86.50943396226415,,76.88588007736944,71.45505097312326,60.687732342007436,75.61904761904762,65.31450256439054,Q5 (Highest)
2026-02-28,8.690909385681152,10.239999771118164,8.63636302947998,9.4399995803833,8673536,0.16282198124411895,0.29799998872280087,,,0.5012923894372171,59.599989154524145,1.0997034944555053,,0,632702000.0,32956000.0,2916000.0,6902000.0,5402000.0,362000.0,1215000.0,3825000.0,0.0520877126988693,0.004608804776972414,0.000572149289871061,0.01090876905715487,985028000.0,223334000.0,329431000.0,655597000.0,817998000.0,316028000.0,6212000.0,128584000.0,0.3406574465715981,0.22672858030431622,2.58837191641247,2.181496576252737,-0.5962266101585669,-0.9727655732771592,-0.5128861117933233,-0.918431726002704,-0.14015198704372744,5835502000.0,-15829000.0,-39563000.0,-5477000.0,-0.024144405785871504,-0.01606959396078081,-0.04501263466643002,0.0,7.485602845807429,3614505472.0,-0.079,1.49,AXITA.NS,,,,,0.2890090387783671,,57.65352887259395,18.248175182481745,65.07791017415215,,97.90145985401459,88.59489051094891,25.13711151736746,15.83011583011583,16.037735849056602,76.6412213740458,34.52611218568665,13.438368860055608,21.189591078066915,3.3333333333333335,42.24063697479463,Q2 (Low)
2026-02-28,507.6000061035156,532.6500244140625,488.1000061035156,524.5499877929688,28159389,0.03492153788361252,-0.03910979239103285,,,0.22768962597466602,69.91520181863714,0.9657036628175685,,0,22499300000.0,,,,,13980200000.0,3641500000.0,49408700000.0,,,0.6213615534705524,,,,,,,,,,,,,,0.02764684388416927,0.025024012200397294,0.10500311866138223,0.05295584126051622,,85669200000.0,55701300000.0,,,,,,0.0,,288535511040.0,0.182,1.91,LICHSGFIN.NS,,,,,0.3656645058068268,,43.90467461044913,91.24087591240875,87.62603116406966,,65.14598540145985,56.38686131386861,85.92321755027422,98.64864864864865,54.24528301886793,83.3587786259542,64.50676982591877,56.441149212233555,95.817843866171,48.0,68.7497412766883,Q5 (Highest)
2026-02-28,150.44000244140625,173.4499969482422,146.39999389648438,171.6999969482422,163064499,0.09029719079562071,0.180393159791278,,,0.3440760577666214,75.006229240627,0.7120725528080922,,0,88749700000.0,,,,,28122900000.0,9235100000.0,125042400000.0,,,0.3168788176185384,,11207134000000.0,1061082400000.0,10341432400000.0,863988900000.0,,,795113600000.0,,1.2281204075654213,0.09467919273562715,,,0.06200706252041743,0.537140077395658,0.032604825742256205,0.1614841675305312,,348436606000.0,98805197000.0,,,0.11435933609795218,0.008816276935744678,,1.0,,781693026304.0,0.829,2.36,BANKINDIA.NS,,,,,0.5919946808462863,,19.798350137488544,57.20802919708029,91.8423464711274,,94.7992700729927,75.82116788321169,92.68738574040219,99.5173745173745,62.924528301886795,87.78625954198473,97.5338491295938,83.59592215013902,98.14126394052045,33.523809523809526,73.01197044050744,Q5 (Highest)
2026-02-28,156.60000610351562,215.19000244140625,155.52000427246094,193.27000427246094,751656,0.2787482139271331,0.1394293705699854,,,0.4643554009969625,67.50805853531118,1.2952798291984728,,0,3237200000.0,1579900000.0,93800000.0,247100000.0,106700000.0,14800000.0,8300000.0,83600000.0,0.4880452242678858,0.028975657976028666,0.004571852217966144,0.07633139750401581,,,,,,,,,,,,,-0.0728340254904769,-4.794871794871795,-0.14284957767363038,-0.5647058823529412,-0.18556361239288066,13308248000.0,-4429000.0,242725000.0,795502000.0,,,,0.0,,11321967616.0,0.146,,AYMSYNTEX.NS,,,,,0.2602116394704597,,73.78551787351054,25.09124087591242,84.1429880843263,,92.24452554744525,95.34671532846716,40.036563071297984,62.16216216216216,23.58490566037736,,59.67117988394585,2.4096385542168677,30.66914498141264,12.666666666666668,50.12074991264941,Q3 (Medium)
2026-02-28,180.85000610351562,209.6999969482422,175.32000732421875,202.75999450683594,43767432,0.12146012767926573,0.07416825814483152,,,0.38084640187920404,75.97327761643942,1.1914274200448374,,0,10943500000.0,,,,,2907800000.0,661500000.0,14279800000.0,,,0.2657102389546306,,,,,,,,,,,,,,0.021296650583744636,-0.08909216214522897,0.00234477326225746,0.025498148474695892,,44822634000.0,11551292000.0,,,,,,0.0,,76671737856.0,0.3,2.47,KTKBANK.NS,,,,,0.2725669222317972,,66.81943171402384,46.715328467153284,92.942254812099,,87.31751824817519,83.02919708029196,68.55575868372942,96.42857142857143,51.03773584905661,88.70229007633587,76.11218568665377,46.33920296570899,84.5724907063197,26.476190476190474,67.66987707962062,Q5 (Highest)
2026-02-28,1456.4000244140625,1765.0999755859375,1428.0,1720.0999755859375,3919052,0.22496797849225691,0.016007073588858445,,,0.384871331389193,76.18860954750501,1.429671613775979,,0,1587190000.0,1456060000.0,479760000.0,703530000.0,561130000.0,345130000.0,130590000.0,83370000.0,0.9173822919751259,0.3022700495844858,0.21744718653721357,0.4432550608307764,,,,,,,,,,,,,0.15775537595191547,0.161389103879934,0.42304209440982654,0.6427721452710744,0.6998816053350085,5296610000.0,1134160000.0,1587700000.0,2176690000.0,,,,0.0,,111087058944.0,-0.923,,AZAD.NS,,,,,0.3499446788976734,,81.85151237396883,44.8905109489051,93.30889092575619,,78.1021897810219,92.51824817518248,73.21755027422303,61.969111969111964,83.49056603773585,,2.611218568665377,68.21130676552364,62.73234200743495,88.47619047619048,65.425309220248,Q5 (Highest)
2026-02-28,279.0,310.6499938964844,270.5,309.04998779296875,140867688,0.03343922557496626,0.08762975340958623,,,0.2645974029325576,85.6172474692491,0.9730637911007766,,0,194131800000.0,,,,,54429200000.0,16165100000.0,205858200000.0,,,0.2803724067875536,,19711742600000.0,1431133600000.0,18055301300000.0,1642155500000.0,,,1448744300000.0,,0.8714970050034847,0.07260309902788604,,,0.07269243138047976,0.5689446436601366,-0.03842642789602446,0.016399320274131268,,697824393000.0,195454980000.0,,,0.11902342987615971,0.009915662149525025,,1.0,,1598209392640.0,0.271,2.7,BANKBARODA.NS,,,,,0.45777744015262284,,44.72960586617782,82.2080291970803,98.62511457378552,,88.59489051094891,55.38321167883211,96.89213893967093,99.7104247104247,50.37735849056604,90.1526717557252,73.0174081237911,84.24467099165895,99.07063197026022,21.23809523809524,72.2829501364678,Q5 (Highest)
2026-02-28,247.72000122070312,296.20001220703125,232.1199951171875,250.86000061035156,611670,0.11000000270067067,-0.16906258469032442,,,0.4215786141945187,53.90716914756346,0.797680534412483,,0,1727900000.0,947357000.0,81151000.0,161850000.0,83351000.0,33273000.0,11880000.0,38198000.0,0.5482707332600266,0.046965102147114995,0.019256322703860178,0.09366861508189131,,,,,,,,,,,,,-0.07517080624831063,-0.4065810593900482,0.10813965419937399,-0.286308744986165,-0.0016408004145179733,6915177000.0,122265000.0,351212000.0,658518000.0,,,,0.0,,4300468736.0,-0.764,,LIBERTSHOE.NS,,,,,0.33949236670309924,,26.581118240146655,33.941605839416056,49.770852428964254,,25.72992700729927,80.47445255474453,26.23400365630713,48.06949806949807,32.92452830188679,,4.25531914893617,26.506024096385545,33.08550185873606,49.238095238095234,39.12072842936106,Q1 (Lowest)
2026-02-28,118.80000305175781,131.0,110.94999694824219,112.75,48383,0.006067639038346284,-0.32521394176108476,,,0.4785926877813632,40.35134211983087,1.0234682888242048,,0,354682000.0,124067000.0,28096000.0,54619000.0,39892000.0,31249000.0,0.0,8643000.0,0.34979784708555833,0.07921462042054572,0.08810427368741577,0.15399428220208525,1606827000.0,324028000.0,694548000.0,912279000.0,800658000.0,478161000.0,2544000.0,309986000.0,0.35518520101854806,0.20165705455534416,1.674452747087278,1.026164827328034,0.024381931608133067,-0.07790138392988877,-0.12039996924839613,0.19389470466875536,0.13432742829847766,1423398000.0,87722000.0,114851000.0,165438000.0,0.09615698706207201,0.05459330718241603,0.09289844674502369,1.0,2.003469321837385,2746533120.0,0.009,,BAFNAPH.NS,,,,,0.43280243050148,,51.05407882676444,22.8102189781022,16.681943171402384,,3.375912408759124,41.6970802919708,21.6636197440585,24.613899613899616,65.47169811320754,,44.294003868471954,47.451343836886004,14.312267657992564,13.61904761904762,34.46967427537084,Q1 (Lowest)
2026-02-28,266.79998779296875,333.0,255.35000610351562,322.6000061035156,1857929,0.17428904179801696,0.06883795376000745,,,0.3950084080490496,68.18888629124447,1.7175064594463398,,0,423046000.0,220982000.0,129216000.0,138584000.0,130826000.0,97995000.0,30779000.0,2052000.0,0.5223592706230528,0.30544196139426916,0.23164147634063434,0.3275861253858918,,,,,,,,,,,,,0.12318067171113767,0.5251427948889547,0.214933731566175,0.0663104862841537,0.039998799285574815,1510119000.0,324026000.0,447045000.0,468213000.0,,,,0.0,,7649491456.0,-0.437,6.2,KSOLVES.NS,,,,,0.2755960831606456,,93.30889092575619,41.42335766423357,85.33455545371218,,86.3138686131387,89.87226277372264,33.63802559414991,10.81081081081081,55.56603773584906,98.93129770992365,12.475822050290136,83.13253012048193,42.611524163568774,71.42857142857143,60.32317033628059,Q5 (Highest)
2026-02-28,24.899999618530273,27.049999237060547,22.510000228881836,24.3700008392334,1469043,0.1419869102614819,-0.15499304055840613,,,0.5107345528025033,55.46219545675505,0.6634852424782892,,0,2283232000.0,640563000.0,156821000.0,234837000.0,166281000.0,55537000.0,16478000.0,98195000.0,0.2805509908760914,0.06868377808299814,0.024323853204580175,0.10285288573390702,10103284000.0,4490620000.0,5418472000.0,4684812000.0,4651899000.0,4090683000.0,18377000.0,2337198000.0,0.9585486034444926,0.444471322393788,1.1371937155726806,0.5658470724815391,0.0502799772025464,0.21863822877581018,-0.01953305658604576,3.7342085073736255,0.1166071521969636,8688568000.0,130094000.0,609739000.0,872337000.0,0.027769310700194585,0.012876407314690946,0.06645343783268189,1.0,1.6301126742552223,1951443968.0,0.106,,BASML.NS,,,,,0.43357218594926766,,16.498625114573787,16.78832116788321,54.62878093492209,,29.1970802919708,86.40510948905109,17.824497257769654,65.25096525096525,95.56603773584905,,54.06189555125726,72.38183503243745,36.33828996282528,22.57142857142857,47.83419109072891,Q3 (Medium)
2026-02-28,140.89999389648438,148.77999877929688,128.10000610351562,131.92999267578125,123527,-0.04155467834604254,0.034663873151131286,,,0.5141475956947666,37.63888756434206,0.4802832267406025,,0,1115300000.0,943000000.0,22200000.0,97200000.0,30600000.0,-49200000.0,-4000000.0,83400000.0,0.8455124181834484,0.019904958307181923,-0.04411369138348426,0.08715143907468842,9427000000.0,4633800000.0,7350500000.0,2053600000.0,1211900000.0,2336400000.0,2500000.0,473100000.0,2.256427736657577,0.49154556062374033,0.5187039890429721,0.31621297722992636,-0.20067369024582526,0.44705882352941173,0.5916940202654488,-0.8258407079646017,-2.15576694411415,4936100000.0,-418700000.0,-238600000.0,143700000.0,-0.20388585897935332,-0.044414978253951416,-0.03567903819122529,0.0,0.696162087620664,3875412480.0,0.228,,APCL.NS,,,,,0.3289536647573965,,5.499541704857928,16.240875912408754,12.832263978001833,,81.56934306569343,21.350364963503647,25.411334552102378,62.06563706563707,17.358490566037734,,68.52030947775629,81.55699721964783,8.271375464684015,92.76190476190476,42.89589591548238,Q2 (Low)
2026-02-28,458.75,677.0,452.8999938964844,622.5999755859375,2717899,0.3857110894755309,0.16722899716748363,,,0.38224058005784833,75.2483159106403,2.3197194776313292,,0,1633639000.0,866183000.0,218094000.0,326605000.0,290415000.0,199840000.0,88268000.0,2307000.0,0.5302168961441298,0.13350195483824762,0.12232812757286035,0.19992483039398545,8545090000.0,668000.0,1387408000.0,7157682000.0,5457823000.0,1159431000.0,202790000.0,808240000.0,9.332630312439139e-05,7.817354761623342e-05,4.707328853549716,4.0102282930161435,0.06034529200664385,-0.2779094640689137,0.01333883328629426,-0.24102649798900888,-0.1484993377897822,6241828000.0,800036000.0,866800000.0,1233223000.0,0.11177305725512812,0.09362522805494149,0.12108935718426732,1.0,2.6189335279090096,12470508544.0,0.122,0.29,LINCOLN.NS,,,,,0.2671026318756143,,98.44179651695693,45.620437956204384,92.3923006416132,,93.7956204379562,98.08394160583941,41.49908592321755,11.67953667953668,34.15094339622641,21.52671755725191,56.81818181818182,32.622798887859126,57.52788104089219,28.476190476190478,54.175695529195075,Q4 (High)
2026-02-28,27.989999771118164,32.0,26.06999969482422,28.90999984741211,10624739,0.047463748110014414,-0.1980582396880689,,,0.36284453331208116,58.29875933270481,1.121871058952919,,0,7261319000.0,1823512000.0,534911000.0,683773000.0,552415000.0,321422000.0,124363000.0,74384000.0,0.25112682695802235,0.07366581746374178,0.04426496067725437,0.09416650060409135,,,,,,,,,,,,,0.050214567879772076,0.11237930437791999,-0.012639588897558118,0.6740031665347277,0.41326804788518134,28875588000.0,1171567000.0,1868493000.0,2440879000.0,,,,0.0,,8533171712.0,0.432,0.9,BCLIND.NS,,,,,0.4093086821993403,,59.670027497708524,52.0985401459854,61.778185151237395,,18.613138686131386,60.76642335766424,35.37477148080439,60.231660231660236,84.0566037735849,58.2442748091603,85.97678916827853,64.68952734012974,62.0817843866171,24.19047619047619,55.18481348129588,Q4 (High)
2026-02-28,14558.0,16180.0,14239.0,15380.0,55971,0.11765133347867152,-0.015364916773367487,,,0.29328166840019254,61.041779706999456,0.9268950553367241,,0,7582400000.0,3008800000.0,113600000.0,598100000.0,295200000.0,146600000.0,148600000.0,0.0,0.3968136737708377,0.014982063726524584,0.019334247731588945,0.07888003798269677,,,,,,,,,,,,,0.09234448382170735,0.27811682650392333,-0.013979375544545425,-0.40065412919051513,-0.03438811753309656,29192800000.0,932600000.0,340000000.0,1462300000.0,,,,0.0,,164304535552.0,0.054,0.2,LMW.NS,,,,,0.36279540152958095,,39.50504124656279,72.53649635036496,69.75252062328138,,70.62043795620438,82.2992700729927,79.3418647166362,1.1100386100386102,28.30188679245283,13.129770992366414,48.8394584139265,74.97683039851715,64.49814126394052,23.904761904761905,51.25443462280309,Q3 (Medium)
2026-02-28,190.00999450683594,198.0,178.8000030517578,180.5399932861328,38415,-0.05456646973911994,-0.13765765781524253,,,0.307530723109635,42.40020155949989,0.9267827698680097,,0,1463275000.0,605330000.0,112986000.0,218806000.0,116789000.0,46660000.0,16146000.0,57084000.0,0.4136816387897012,0.07721446754711178,0.03188737592045241,0.14953170114981804,4009502000.0,2319458000.0,2844345000.0,1180346000.0,1697978000.0,1520596000.0,2668000.0,731815000.0,1.9650661755112484,0.5784902963011367,1.11665294397723,0.6353844150583061,-0.038902992108400314,1.682996952446668,0.21424943945909258,19.216637781629117,1.4053073608301823,5635887000.0,-19981000.0,189080000.0,796152000.0,-0.016928087187994028,-0.004983411905019626,0.05402588259228231,0.0,1.9669858002315501,3703099136.0,-0.35,0.49,BBTCL.NS,,,,,0.3691868769345125,,39.413382218148485,67.97445255474452,20.80659945004583,,34.12408759124087,17.153284671532848,25.22851919561243,56.46718146718147,98.77358490566037,36.87022900763359,16.731141199226304,93.41983317886933,36.059479553903344,71.23809523809524,47.617324682126316,Q3 (Medium)
2026-02-28,782.7999877929688,1489.0,773.0499877929688,1350.699951171875,65092006,0.809013469505802,0.5928065461932488,,,0.6723413812571092,82.70578542881353,2.37116393046272,,0,13835227000.0,4812272000.0,1601376000.0,2388229000.0,2228987000.0,1493839000.0,586256000.0,6779000.0,0.3478274696902335,0.11574627579294507,0.10797358077319584,0.17261943009681013,,,,,,,,,,,,,-0.13872275084264962,-0.16212450690985247,0.02320480977503614,0.3143801114791889,0.3416918865199299,56673805000.0,6146581000.0,6702743000.0,9295868000.0,,,,0.0,,184115445760.0,-0.291,0.67,AVANTIFEED.NS,,,,,0.3195052793433559,,98.62511457378552,2.737226277372258,97.61686526122824,,99.63503649635037,100.0,81.26142595978062,22.104247104247104,72.83018867924528,48.396946564885496,18.85880077369439,38.739573679332715,83.7360594795539,31.047619047619047,59.705940259806326,Q4 (High)
2026-02-28,260.3999938964844,353.20001220703125,255.64999389648438,332.5,10041238,0.3067400431827634,0.1008111684742139,,,0.5124694762189576,78.18252325210756,1.8568890474870996,,0,2471804000.0,756201000.0,-32005000.0,125791000.0,-26341000.0,-32643000.0,-3061000.0,24290000.0,0.3059308100480459,-0.012948033096475287,-0.013206144176480012,0.050890361857169907,,,,,,,,,,,,,-0.1011674113896065,-1.4012020205744626,-0.012996969676399406,-1.781419064489874,-0.37238808948849467,11416197000.0,208548000.0,301145000.0,783469000.0,,,,0.0,,14608640000.0,-0.125,0.21,APOLLOPIPE.NS,,,,,0.2521709216394496,,95.14207149404217,16.6058394160584,94.77543538038496,,89.50729927007299,96.53284671532847,45.42961608775137,39.96138996138996,6.60377358490566,14.122137404580155,30.41586073500967,8.155699721964782,8.828996282527882,24.095238095238095,44.678413609950304,Q2 (Low)
2026-02-28,34.599998474121094,36.790000915527344,31.700000762939453,34.52000045776367,48441,-0.00690442679396952,-0.12385789033307337,,,0.2503351520755103,51.121788993629956,0.911685377720388,,0,9700000.0,,5300000.0,5500000.0,5300000.0,4000000.0,1300000.0,,,0.5463917525773195,0.41237113402061853,0.5670103092783505,,,,,,,,,,,,,0.06593406593406592,0.08108108108108114,-0.44252873563218387,-0.5789473684210527,-0.5736434108527132,29077000.0,15234000.0,11565000.0,12075000.0,,,,0.0,,,,,3PLAND.NS,,,,,0.2716661949055722,,38.03849679193401,85.67518248175182,42.34647112740605,,38.13868613138686,34.48905109489051,,,23.11320754716981,,,62.83595922150139,21.607806691449813,3.8095238095238098,43.33695899313427,Q2 (Low)
2026-02-28,695.3499755859375,733.0999755859375,637.75,642.0999755859375,1274940,-0.08513215370580851,-0.2136427834363791,,,0.2657110449865764,29.528909534716178,1.1670615505289426,,0,1812010000.0,1270610000.0,237860000.0,501270000.0,274720000.0,152460000.0,44380000.0,77880000.0,0.7012157769548734,0.1312685912329402,0.08413860850657558,0.27663754615040753,,,,,,,,,,,,,-0.12034506361928432,-0.36329087492169554,0.038329742367287034,-0.2147308781869688,-0.07707178760149502,7662460000.0,803870000.0,1201850000.0,2232980000.0,,,,0.0,,20828870656.0,-0.2,0.43,KRSNAA.NS,,,,,0.2504689209363722,,64.61961503208066,81.56934306569343,5.499541704857928,,15.875912408759124,10.218978102189782,50.09140767824497,61.100386100386096,36.0377358490566,31.297709923664126,24.081237911025145,28.637627432808156,47.4907063197026,35.14285714285714,39.44420391142172,Q1 (Lowest)
2026-02-28,1073.0,1328.0,1042.9000244140625,1143.0,12067110,0.0007004455107042507,-0.0654129190515127,,,0.39376881583039486,55.109492912740365,1.4051246273873168,,0,49093800000.0,26547100000.0,15736600000.0,18544900000.0,16689400000.0,10473900000.0,4270100000.0,1523700000.0,0.5407424155392331,0.3205414940379437,0.21334465859232735,0.3777442365431073,,,,,,,,,,,,,0.38657591120274515,0.8299496820183101,1.93830574209071,1.6905134989339565,2.344798355097035,120114200000.0,24631800000.0,34520300000.0,40541900000.0,,,,0.0,,622295646208.0,-0.063,0.09,LLOYDSME.NS,,,,,0.3709940007758538,,80.29330889092576,42.153284671532845,53.25389550870761,,58.3029197080292,38.503649635036496,91.31627056672761,91.79536679536679,91.88679245283019,4.65648854961832,35.39651837524178,88.1371640407785,96.28252788104089,97.90476190476191,64.6588632653732,Q5 (Highest)
2026-02-28,1668.556179979889,1884.8761797376442,1640.3276083197911,1776.800048828125,587830,0.0351922284480779,-0.03673702821986613,,,0.3044897360163959,63.58921515714264,1.0135840605756252,,0,49790900000.0,21136300000.0,8616500000.0,10208600000.0,9325400000.0,3163300000.0,2384200000.0,393000000.0,0.42450126428724927,0.17305371061780364,0.06353168952559604,0.20502943308917895,,,,,,,,,,,,,0.02601357964907214,0.3088795100959947,0.0931450789601369,-0.06681810136291222,0.06976987886155017,189168505000.0,11073573000.0,30744614000.0,37507980000.0,,,,0.0,,123970723840.0,0.503,1.91,BBTC.NS,,,,,0.33380871216243935,,50.13748854262145,69.06934306569343,76.1686526122823,,65.87591240875912,56.56934306569343,75.13711151736746,83.20463320463321,43.86792452830189,83.3587786259542,89.84526112185686,76.55236329935126,94.33085501858736,44.952380952380956,67.27133653089888,Q5 (Highest)
2026-02-28,159.0,159.0,134.39999389648438,137.16000366210938,316609,-0.10393939309358147,-0.30908724204003823,,,0.5864225175365515,42.41039638340702,0.765036286806657,,0,1430328000.0,1245592000.0,125334000.0,145237000.0,145237000.0,50818000.0,14896000.0,79523000.0,0.8708436106962878,0.0876260550027686,0.035528913647778694,0.10154104513090703,5741580000.0,2797870000.0,3175108000.0,2566472000.0,2777917000.0,1639173000.0,17711000.0,12493000.0,1.0901619031885015,0.4872996631589214,1.6947064159792773,1.687084889758433,0.14406562071323736,0.02163161915483891,0.03299928645506833,-0.05519921170543063,0.05074408745288417,5554327000.0,207947000.0,514207000.0,525037000.0,0.08102445691984951,0.03621773100784105,0.09585649087996254,1.0,1.9146581080469138,2065316992.0,-0.908,0.87,AVG.NS,,,,,0.35482785215886015,,23.1897341888176,8.302919708029194,20.89825847846013,,4.653284671532846,7.664233576642336,18.37294332723949,61.38996138996139,44.81132075471698,57.099236641221374,2.998065764023211,56.070435588507884,35.03717472118959,33.714285714285715,31.613456968308515,Q1 (Lowest)
2026-02-28,514.75,588.9500122070312,486.0,513.5999755859375,9437620,0.04698805089502267,-0.0023310260984579223,,,0.38978523697585826,48.40229701676211,1.680648269555289,,0,16595800000.0,2704400000.0,1215400000.0,1261900000.0,963500000.0,496800000.0,70900000.0,395800000.0,0.16295689270779354,0.07323539690765134,0.029935284831101847,0.07603731064486195,,,,,,,,,,,,,0.0473245445194026,-0.10727762803234497,0.10511946301574193,-0.11412268188302421,0.036979209466677654,61753200000.0,2132300000.0,4296700000.0,4100800000.0,,,,0.0,,87661805568.0,-0.074,0.19,BBOX.NS,,,,,0.23681442796671084,,91.75068744271312,43.70437956204379,35.93033913840513,,73.35766423357664,60.49270072992701,70.47531992687385,83.3011583011583,41.320754716981135,12.366412213740457,34.622823984526114,44.8563484708063,53.99628252788104,48.285714285714285,52.964039035623145,Q4 (High)
2026-02-28,639.9500122070312,683.0,592.25,610.0499877929688,826845,0.01345622630065102,0.1748675739874217,,,0.4874692717592944,52.386080369561235,0.6189779886237179,,0,3058560000.0,314200000.0,174830000.0,251600000.0,221480000.0,158990000.0,23520000.0,39320000.0,0.10272808118853316,0.05716088616865453,0.05198197844737393,0.08226093324963381,,,,,,,,,,,,,0.07923782639378962,0.7260883725979808,0.10667829346571489,0.04950821836424857,0.16860195076637252,13254380000.0,484540000.0,757930000.0,1024210000.0,,,,0.0,,8523589120.0,,0.25,KRYSTAL.NS,,,,,0.32772650019941674,,12.923923006416132,20.529197080291965,45.46287809349221,,94.43430656934306,46.53284671532847,35.283363802559414,49.42084942084942,53.86792452830189,18.549618320610687,,86.37627432808156,39.68401486988847,48.76190476190476,46.78847343313788,Q3 (Medium)
2026-02-28,56.0,63.70000076293945,53.88999938964844,55.02000045776367,28193764,0.008246303196921767,-0.09162950742981102,,,0.601231960533743,44.10022559726968,0.8532421144891145,,0,2991800000.0,550600000.0,180200000.0,583700000.0,518500000.0,-78600000.0,117800000.0,125700000.0,0.1840363660672505,0.06023129888361522,-0.02627180961294204,0.19509993983555052,,,,,,,,,,,,,-0.26413655705044636,-1.3350383631713556,0.030589045814674476,-1.404320987654321,-0.018496721035816344,14677534000.0,2547594000.0,811996000.0,4886038000.0,,,,0.0,,83990888448.0,0.795,0.36,LLOYDSENT.NS,,,,,0.2885951742553542,,31.714023831347387,6.660583941605836,24.65627864344638,,48.996350364963504,43.06569343065693,69.74405850091408,69.5945945945946,9.150943396226415,27.25190839694657,97.29206963249516,8.619091751621873,61.52416356877324,32.95238095238095,42.081476067064855,Q2 (Low)
2026-02-28,494.3500061035156,534.8499755859375,476.3500061035156,486.20001220703125,2800902,0.01312777326666481,-0.09896213082834304,,,0.2360839181521934,39.68481458875845,1.2139697424094247,,0,6488600000.0,1023600000.0,426600000.0,552700000.0,449600000.0,273100000.0,88400000.0,88100000.0,0.15775359861911661,0.06574607773633757,0.04208920260148568,0.0851801621305058,,,,,,,,,,,,,0.4182732240437159,1.1470125786163523,0.27615301406234627,0.12758051197357556,0.1426504031424436,25332868000.0,1111778000.0,1839586000.0,2283202000.0,,,,0.0,,62812651520.0,-0.672,0.23,AVL.NS,,,,,0.2620731740009498,,68.5609532538955,89.23357664233576,15.490375802016498,,46.53284671532847,46.35036496350365,65.72212065813528,63.32046332046332,60.47169811320755,16.6412213740458,5.609284332688588,91.01019462465246,57.62081784386617,78.76190476190476,53.68838816040292,Q4 (High)
2026-02-28,2751.0,2984.0,2450.0,2491.60009765625,588177,0.005285494313596928,-0.14589327459184154,,,0.396713126196245,33.984148061336214,0.9496610003425122,,0,5683700000.0,1345100000.0,288900000.0,435400000.0,381100000.0,246800000.0,85100000.0,49200000.0,0.2366592184668438,0.050829565247989865,0.04342241849499446,0.07660502841458909,,,,,,,,,,,,,0.22256399225639933,-0.11477761836441891,0.44227060495330894,0.31346460883448635,0.31859479103573585,21529100000.0,1434900000.0,1693600000.0,2244900000.0,,,,0.0,,28172300288.0,0.095,1.4,BBL.NS,,,,,0.3240421654745863,,42.25481209899175,40.693430656934304,9.074243813015583,,31.66058394160584,40.784671532846716,54.75319926873857,54.34362934362934,72.73584905660377,73.5114503816794,53.04642166344294,44.114921223354955,56.59851301115242,89.52380952380953,50.873035701053674,Q3 (Medium)
2026-02-28,14.819999694824219,15.989999771118164,13.859999656677246,14.960000038146973,2301542,-0.07482993397884363,-0.20678687412470298,,,0.4446178864584681,51.16279241693548,0.6071274787737971,,0,367900000.0,129100000.0,56700000.0,93200000.0,77700000.0,44000000.0,12000000.0,3800000.0,0.3509105735254145,0.1541179668388149,0.11959771677086165,0.25332970916009784,5793600000.0,255300000.0,841600000.0,3791700000.0,1723400000.0,246400000.0,106600000.0,178000000.0,0.0673312762085608,0.044065865782932895,6.994318181818182,6.271915584415584,0.09788122948373612,0.14583333333333326,-0.24610655737704923,-0.745958429561201,-0.6064189189189189,1621673000.0,140682000.0,171000000.0,367068000.0,0.037102618878075797,0.024282311516155758,0.04225352112676056,1.0,1.546337855564761,4221483776.0,-0.47,,AVONMORE.NS,,,,,0.3872102338027441,,12.28230980751604,28.64963503649635,42.62144821264894,,17.153284671532848,12.317518248175183,26.051188299817184,15.733590733590733,19.150943396226417,,11.508704061895552,66.82113067655237,33.17843866171003,7.6190476190476195,29.53914929501395,Q1 (Lowest)
2026-02-28,43.209999084472656,56.4900016784668,41.619998931884766,50.369998931884766,69791390,0.10460527669690034,-0.10596381264704169,,,0.4708450090065658,65.0476568787844,1.1279379828430873,,0,2724500000.0,770300000.0,465500000.0,769900000.0,706200000.0,610300000.0,104400000.0,40100000.0,0.2827307762892274,0.17085703798862176,0.22400440447788586,0.282583960359699,,,,,,,,,,,,,-0.1396134655466431,0.17727623456790131,0.023440141241876766,0.7085666293393058,0.4439234808702175,10332424000.0,1613053000.0,1448239000.0,2099210000.0,,,,0.0,,74245324800.0,0.682,0.5,LLOYDSENGG.NS,,,,,0.44971298158249695,,60.40329972502292,23.905109489051085,79.10174152153986,,44.16058394160584,79.01459854014598,68.28153564899452,49.71042471042471,84.90566037735849,37.55725190839695,96.37330754352031,68.76737720111214,59.85130111524164,31.238095238095237,58.884685797367304,Q4 (High)
2026-02-28,698.0999755859375,745.25,687.0,719.25,817075,0.05069025319671128,0.005803418480978317,,,0.3004387629496461,58.52180455131246,0.746417615522913,,0,6496000000.0,3088000000.0,700000000.0,1066000000.0,918000000.0,675000000.0,236000000.0,7000000.0,0.4753694581280788,0.10775862068965517,0.10391009852216748,0.16410098522167488,,,,,,,,,,,,,-0.025648717564121792,-0.04119318181818177,0.05369018653690194,0.09400324149108585,0.09445585215605745,26250560000.0,2625750000.0,2853550000.0,4099910000.0,,,,0.0,,125177708544.0,-0.417,0.56,KSB.NS,,,,,0.4585318217826484,,21.998166819431713,70.62043795620438,62.41979835013749,,75.09124087591242,62.22627737226277,75.22851919561244,22.393822393822393,58.01886792452831,41.6793893129771,13.346228239845262,50.324374420759966,71.93308550185874,38.38095238095238,50.91074404962035,Q3 (Medium)
2026-02-28,4395.0,4966.7998046875,4332.2001953125,4800.0,422147,0.09095872836898877,0.056198542634249726,,,0.1623088052301887,71.97566995123469,1.375126249563192,,0,11062000000.0,4777000000.0,1023000000.0,1330000000.0,1182000000.0,957000000.0,173000000.0,52000000.0,0.43183872717410954,0.0924787561019707,0.08651238474055324,0.12023142288917013,,,,,,,,,,,,,-0.2878846401441998,-0.37328094302554027,0.046645851073895406,1.7982456140350878,1.5381679389312977,54626000000.0,6704000000.0,7569000000.0,9271000000.0,,,,0.0,,215849844736.0,0.28,2.6,BAYERCROP.NS,,,,,0.3262229408214269,,78.27681026581118,98.9051094890511,89.55087076076994,,84.48905109489051,76.09489051094891,83.36380255941499,55.21235521235521,92.45283018867924,89.46564885496183,74.03288201160542,28.081556997219646,67.56505576208178,36.76190476190476,70.28351789797964,Q5 (Highest)
2026-02-28,131.24000549316406,139.5,121.9000015258789,124.45999908447266,73748,-0.030005444216168464,0.004276597901974988,,,0.5897457852858168,45.73852360304388,0.35279503352753105,,0,209021000.0,74952000.0,-1423000.0,28239000.0,17760000.0,12084000.0,2367000.0,3309000.0,0.3585859793991991,-0.006807928389970385,0.05781237291946742,0.1351012577683582,1242642000.0,234036000.0,369885000.0,872757000.0,566928000.0,294451000.0,38595000.0,,0.2681571158982397,0.18833742944468318,1.9253729822619043,,-0.03535150751565663,0.14877840098868722,0.1580816559457916,0.4560790456681527,0.12465649767015807,861284000.0,38132000.0,2116000.0,109089000.0,0.04369142842738586,0.030686231432705477,0.0019118299447141425,1.0,1.9866737161628207,1656693376.0,-1.091,,AVROIND.NS,,,,,0.4493393820320236,,2.383134738771769,8.029197080291965,28.780934922089823,,74.81751824817519,24.90875912408759,16.270566727605118,14.671814671814673,78.8679245283019,,1.9342359767891684,66.91380908248378,23.3271375464684,60.57142857142858,36.76509741455386,Q1 (Lowest)
2026-02-28,5926.0,6980.0,5821.0,6794.0,1690242,0.15181825887937617,0.10913394824912248,,,0.2601859630597579,79.97223186393613,1.7201763696122963,,0,7010340000.0,5412490000.0,1951790000.0,3120560000.0,2503750000.0,1933250000.0,515100000.0,55400000.0,0.7720723959180297,0.2784158828245135,0.2757712179437802,0.44513675513598483,,,,,,,,,,,,,0.22755831056944742,0.8035730945050845,0.1050085511849499,0.8165545365706983,0.5814156197580667,24696920000.0,5352470000.0,6249090000.0,9526810000.0,,,,0.0,,579421011968.0,-0.205,0.07,LINDEINDIA.NS,,,,,0.35103146979170635,,93.40054995417049,83.85036496350365,95.87534372135656,,90.51094890510949,87.77372262773723,90.95063985374772,55.98455598455598,85.75471698113208,3.5114503816793894,23.74274661508704,87.58109360518999,82.24907063197026,48.095238095238095,68.61869615469854,Q5 (Highest)
2026-02-28,65.55116781283147,71.68850012627267,63.551805176564706,65.95999908447266,1409075,0.04756736040138909,-0.04313115979178339,,,0.24432027778362791,48.916564106693045,1.534265595666056,,0,1940137000.0,938844000.0,204491000.0,265290000.0,238773000.0,173748000.0,42696000.0,22329000.0,0.48390603343990657,0.10540028874249602,0.08955450053269434,0.1367377664566987,,,,,,,,,,,,,0.21027022677240614,0.3069065635671626,0.12231761891098913,-0.19568558466808628,-0.22155319635909088,6435645000.0,571422000.0,709868000.0,913254000.0,,,,0.0,,10129623040.0,0.016,1.14,AVTNPL.NS,,,,,0.17865893803377544,,85.97616865261229,87.04379562043795,37.12190650779102,,64.05109489051095,60.85766423357665,38.57404021937843,38.22393822393823,37.075471698113205,67.17557251908397,44.77756286266924,76.36700648748842,46.933085501858734,52.95238095238095,55.80864589132267,Q4 (High)
2026-02-28,885.0,959.4000244140625,810.0,812.2999877929688,1624791,0.009632714085621608,-0.2038616117696217,,,0.4082326766262533,30.095627415787007,1.1703053900613627,,0,2102133000.0,1028420000.0,58969000.0,288978000.0,135899000.0,130036000.0,8325000.0,727000.0,0.48922689477782805,0.02805198339020414,0.06185907361713079,0.13746894226007583,,,,,,,,,,,,,-0.039688242772649374,-1.8427315087846639,0.20776147358260744,-0.15794517798053453,0.1353931745495407,13753569000.0,3007062000.0,2792048000.0,3725057000.0,,,,0.0,,41219506176.0,0.057,0.62,KSCL.NS,,,,,0.2644738652252973,,65.16956920256646,37.13503649635036,5.866177818515124,,17.60948905109489,43.97810218978102,60.69469835466179,6.853281853281853,39.05660377358491,45.648854961832065,49.177949709864606,5.838739573679333,30.76208178438662,70.47619047619048,38.5511183497193,Q1 (Lowest)
2026-02-28,389.95001220703125,404.20001220703125,298.95001220703125,299.75,7698313,-0.25258693648249686,-0.45090678403662954,,,0.37362842846499894,24.792202335114993,1.855339606648548,,0,3817760000.0,3243780000.0,398400000.0,1683910000.0,690140000.0,216550000.0,3880000.0,469710000.0,0.8496552952516659,0.10435438581786179,0.05672174259251498,0.4410727756590252,,,,,,,,,,,,,0.0406585618492068,0.3557252864208351,0.20160769983727866,0.42664207128269327,0.3812844006595084,14230270000.0,588370000.0,1544280000.0,6067560000.0,,,,0.0,,21444261888.0,,,AWFIS.NS,,,,,0.35637804513860294,,95.05041246562786,49.54379562043796,2.933088909257562,,0.45620437956204374,0.7299270072992701,50.6398537477148,85.23166023166023,77.9245283018868,,,77.94253938832252,26.486988847583643,69.52380952380952,49.097520561544144,Q3 (Medium)
2026-02-28,865.0999755859375,958.5499877929688,809.6500244140625,811.9000244140625,3733081,-0.07979141375147059,-0.18842462554956962,,,0.19435486459660337,38.096344670951744,1.5588925322125746,,0,9446810000.0,5290530000.0,1080440000.0,2251610000.0,1211610000.0,661020000.0,227700000.0,322890000.0,0.5600334927875124,0.1143708828694554,0.06997282680608587,0.23834606602652111,,,,,,,,,,,,,0.0030015267759122555,0.27121675416834945,0.12845699186758797,0.2717058812212625,0.17405269552249703,35922500000.0,2227150000.0,4069140000.0,8354240000.0,,,,0.0,,104351506432.0,0.152,2.34,BATAINDIA.NS,,,,,0.26139443662989525,,87.44271310724106,96.25912408759125,13.382218148487626,,20.437956204379564,11.04014598540146,72.48628884826326,80.8880308880309,69.81132075471697,87.32824427480917,60.783365570599614,74.51343836886005,71.09665427509294,54.47619047619048,59.99637939931096,Q4 (High)
2026-02-28,248.4499969482422,258.95001220703125,227.0500030517578,232.9499969482422,31381068,0.04720161898875208,-0.1426205871101034,,,0.4836673307114022,37.026526289749775,0.8652852052102503,,0,2522201000.0,549257000.0,442855000.0,451914000.0,451914000.0,256777000.0,86855000.0,136250000.0,0.2177689248398522,0.17558275490335623,0.10180671564240915,0.1791744591331143,,,,,,,,,,,,,0.8881138407478191,0.38712151905572223,0.5694367527568738,0.6352827292816976,0.5195647568738084,6959634000.0,764528000.0,1471700000.0,1367011000.0,,,,0.0,,87608582144.0,0.687,0.11,APOLLO.NS,,,,,0.4660673974618058,,33.27222731439047,21.35036496350365,12.190650779101741,,32.57299270072993,60.58394160583942,70.38391224862889,70.94594594594594,83.20754716981132,5.9541984732824424,96.5183752417795,78.59128822984245,57.15613382899628,92.57142857142857,54.35326713821872,Q4 (High)
2026-02-28,148.0,162.5500030517578,144.7899932861328,145.4600067138672,21181186,0.08245275657429185,-0.08705199873087632,,,0.4833405988360297,30.562097015307614,0.6726549831786747,,0,517158000.0,410746000.0,71817000.0,129518000.0,75950000.0,27435000.0,30779000.0,17736000.0,0.7942369643319837,0.1388685856160013,0.05304955158771594,0.25044183789093466,,,,,,,,,,,,,-0.0037948251683592726,-0.1498559077809798,-0.3320124050152221,-0.8801912747281541,-0.6318482345383536,2231501000.0,321355000.0,509110000.0,666940000.0,,,,0.0,,38658781184.0,-0.527,0.14,AVANTEL.NS,,,,,0.33284281785578335,,17.323556370302477,21.62408759124088,6.232813932172319,,50.54744525547446,73.8138686131387,59.506398537477146,34.07335907335907,16.69811320754717,8.702290076335878,9.18762088974855,40.407784986098235,42.611524163568774,5.523809523809524,32.41684481468488,Q1 (Lowest)
2026-02-28,86.25,99.94999694824219,83.0,90.87000274658203,612898,0.060698082044802426,-0.10885552948162014,,,0.2907791677606129,64.46611984267966,1.1257286122680774,,0,2876900000.0,1208800000.0,226300000.0,408400000.0,242200000.0,97800000.0,35600000.0,108800000.0,0.4201744933782891,0.07866105877854636,0.03399492509298203,0.14195835795474296,,,,,,,,,,,,,0.033295021909345524,0.6949740034662044,0.07087288293318439,-0.5338417540514776,-0.22165046693348578,10643040000.0,537265000.0,1154110000.0,1787488000.0,,,,0.0,,7929646592.0,-0.482,3.3,KUANTUM.NS,,,,,0.22568765433807997,,60.21998166819432,73.63138686131387,78.1851512373969,,43.06569343065693,67.15328467153284,34.36928702010969,67.37451737451737,23.867924528301888,93.58778625954199,10.9284332688588,85.72752548656163,44.60966542750929,41.14285714285714,54.92423295849018,Q4 (High)
2026-02-28,10.1899995803833,12.0,9.579999923706055,10.220000267028809,884446,0.026104440550806185,-0.12349910799552055,,,0.3172424073080405,53.37423797455912,1.184701389734118,,0,203306000.0,50489000.0,22181000.0,22538000.0,22182000.0,17479000.0,653000.0,4050000.0,0.24833994077892438,0.10910155135608393,0.08597385222275782,0.11085752510993281,1048365000.0,143277000.0,228404000.0,819961000.0,857650000.0,212315000.0,93249000.0,297400000.0,0.17473635941221594,0.13666709590648296,4.039516755763842,2.63876786849728,0.0847557104059844,0.06332887212556271,,,,,,,,,,,0.0,1.9034859042413663,269241600.0,0.113,,LIBAS.NS,,,,,0.2181201292893143,,66.36113657195234,65.23722627737226,48.120989917506876,,38.32116788321168,52.00729927007299,2.46800731261426,16.119691119691122,,,55.27079303675049,60.7970342910102,19.144981412639407,,44.92322180618811,Q2 (Low)
2026-02-28,16.15999984741211,18.1200008392334,15.5,15.550000190734863,82188218,-0.013950555525856112,-0.2498793760678807,,,0.3347013616281373,45.124290374290695,1.1182983831795803,,0,13804400000.0,3250000000.0,187600000.0,757000000.0,214200000.0,147500000.0,-1800000.0,68900000.0,0.23543218104372518,0.013589869896554722,0.010684998985830604,0.05483758801541538,,,,,,,,,,,,,0.19292423888903287,-1.1403558854315348,-0.06458410977469087,-1.1446645743428796,-4.243359040274207,52796200000.0,-438100000.0,655800000.0,2976800000.0,,,,0.0,,19351664640.0,0.001,,BAJAJHIND.NS,,,,,0.2797067450804433,,59.02841429880843,59.215328467153284,26.76443629697525,,8.94160583941606,30.748175182481752,49.177330895795244,58.97683397683397,11.79245283018868,,43.32688588007737,10.56533827618165,9.66542750929368,19.047619047619047,35.816656566721626,Q1 (Lowest)
2026-02-28,185.0,229.99000549316406,180.50999450683594,194.2899932861328,9314194,-0.12600094188529298,-0.3443901154560228,,,0.5381725150697466,53.1608715145973,1.6353895321364627,,0,640210000.0,439050000.0,27950000.0,32630000.0,-9070000.0,19760000.0,-21560000.0,3210000.0,0.6857905999593883,0.04365754986645007,0.03086487246372284,0.05096765123943706,,,,,,,,,,,,,-0.09804170188785577,-0.7684284542364936,0.05881088232861997,-0.5883333333333334,-0.6800980392156863,2597410000.0,231790000.0,256240000.0,418480000.0,,,,0.0,,10678595584.0,,,LAXMIDENTL.NS,,,,,0.2412448217505275,,89.91750687442713,12.864963503649633,47.662694775435384,,2.4635036496350367,5.200729927007299,39.031078610603295,14.285714285714285,22.735849056603776,,,17.238183503243746,5.204460966542751,39.523809523809526,33.07523297844478,Q1 (Lowest)
2026-02-28,27.239999771118164,30.299999237060547,25.5,26.979999542236328,808193,0.12416664759318041,-0.061238700170433646,,,0.4335842875593044,43.58638671565859,0.8346455172518968,,0,337529000.0,113587000.0,15203000.0,35421000.0,26495000.0,-25249000.0,-6515000.0,58258000.0,0.33652515783828946,0.04504205564558897,-0.0748054241265195,0.1049420938645272,4336769000.0,1264160000.0,2372121000.0,1964648000.0,3423585000.0,1651242000.0,81128000.0,2756496000.0,0.6434536873780952,0.291498117607832,2.0733393409324616,0.4039922676385412,-0.18061563857937024,-22.785159620362382,-0.41202262516745025,-1.662320969518913,-0.7088166385794731,1717910000.0,-44510000.0,161161000.0,222794000.0,-0.022655457873369683,-0.010263401163400679,0.049913466517674636,0.0,1.5409311171519628,1984394112.0,-0.991,0.74,LANCORHOL.NS,,,,,0.30140559032689074,,29.97250229147571,31.021897810218974,23.373052245646196,,59.580291970802925,83.57664233576642,18.0073126142596,56.660231660231666,7.3584905660377355,52.59541984732824,2.4177949709864603,0.6487488415199258,7.6208178438661704,4.380952380952381,31.814277025272823,Q1 (Lowest)
2026-02-28,297.0,487.95001220703125,282.8500061035156,437.54998779296875,64978370,0.6586429417743556,0.31891480872032774,,,0.8757288216537631,75.0304193998137,1.939406586115428,,0,2518466000.0,976477000.0,105221000.0,173085000.0,143969000.0,100900000.0,32630000.0,10439000.0,0.387726894069644,0.04177979770225208,0.040064070747828244,0.06872635961732261,,,,,,,,,,,,,0.1105938902179544,-0.15012255418074005,0.1576322481121859,-46.368705035971225,1.7528867258326177,9078290000.0,330254000.0,347162000.0,634659000.0,,,,0.0,,13709343744.0,-0.202,0.46,APEX.NS,,,,,0.23396424619300354,,95.78368469294224,0.3649635036496335,92.02566452795601,,98.17518248175182,99.90875912408758,44.05850091407678,28.08880308880309,0.4716981132075472,34.35114503816794,23.88781431334623,40.222428174235404,43.58736059479554,60.285714285714285,50.7474479235156,Q3 (Medium)
2026-02-28,10560.0,11460.0,10400.0,11188.0,886464,0.054178837275040026,-0.038914182630358174,,,0.2270384527744791,67.23348593852191,0.8541939635614691,,0,21330300000.0,,,,,20162200000.0,658200000.0,2000000.0,,,0.9452375259607225,,,,,,,,,,,,,,0.052272491823173395,0.2932611512360328,0.17191723622618293,0.1532064334576404,,96663800000.0,87872400000.0,,,,,,0.0,,1245151756288.0,-0.193,1.16,BAJAJHLDNG.NS,,,,,0.44110312141722424,,31.897341888175983,91.42335766423358,83.59303391384051,,65.23722627737226,64.14233576642336,95.52102376599635,10.666023166023166,61.9811320754717,67.78625954198473,24.516441005802708,75.44022242817422,84.47955390334573,63.90476190476191,61.37258088677375,Q5 (Highest)
2026-02-28,70.62000274658203,81.5,66.4000015258789,77.83000183105469,199597,0.13372177860353296,0.001157756235636631,,,0.254357242790705,87.43993883920156,1.296780231093765,,0,740249000.0,340896000.0,34594000.0,68463000.0,45753000.0,7095000.0,0.0,38580000.0,0.4605153130905952,0.04673292365136596,0.009584612745170881,0.09248644712792588,3493705000.0,1548791000.0,2710401000.0,783261000.0,2450095000.0,2288966000.0,15807000.0,1126916000.0,1.9773625905030379,0.4433090372541471,1.07039379352948,0.5780684378885488,0.1237875905748973,2.5368893320039883,0.004490189160582858,-0.31903253671177656,-0.0860022695414191,2861162000.0,68244000.0,178450000.0,283004000.0,0.08712804544079177,0.019533417961734034,0.07652059216518328,1.0,1.2313767476074826,1239121536.0,0.137,1.54,BALPHARMA.NS,,,,,0.24033604577503812,,74.15215398716774,84.94525547445255,99.54170485792851,,74.08759124087592,85.12773722627736,12.522851919561242,48.359073359073356,31.22641509433962,77.86259541984732,58.9458413926499,95.64411492122335,14.312267657992564,26.857142857142858,58.905649693902156,Q4 (High)
2026-02-28,295.5,320.0,251.6999969482422,254.25,382332,-0.13240057808970052,-0.26971131851980934,,,0.4651121258506063,26.931806714077595,0.8569720782033932,,0,506379000.0,230550000.0,26797000.0,82917000.0,68756000.0,48950000.0,19734000.0,816000.0,0.45529139241556227,0.0529188611692033,0.09666672591082963,0.16374494202958653,,,,,,,,,,,,,0.026940041979740315,-0.2179886572409937,0.13183622562562025,-0.30265688439347527,-0.2302757999684376,1914751000.0,269346000.0,194814000.0,412587000.0,,,,0.0,,8136000000.0,,0.79,BAJAJINDEF.NS,,,,,0.36826590557313205,,32.17231897341888,24.72627737226277,4.216315307057745,,7.208029197080291,4.653284671532846,34.82632541133455,7.5289575289575295,32.16981132075472,54.656488549618324,,35.12511584800742,38.19702602230483,55.42857142857143,32.060568108726756,Q1 (Lowest)
2026-02-28,13.40999984741211,24.440000534057617,12.199999809265137,17.93000030517578,3444280,0.28254655881824053,-0.1312984091381224,,,0.6719706249412385,63.160677126873814,1.6465763800959905,,0,505934000.0,59646000.0,16784000.0,37951000.0,31601000.0,13050000.0,8462000.0,10089000.0,0.11789284768368996,0.03317428755529377,0.025793878252894645,0.0750117604272494,,,,,,,,,,,,,1.2525700903371728,-0.8248204577488423,0.6639664795282401,-1.3742472039002007,-3.2290027017502645,1706037000.0,52547000.0,13173000.0,133825000.0,,,,0.0,,307457760.0,-0.809,,LAXMICOT.NS,,,,,0.21482454919290547,,90.10082493125573,2.8284671532846772,75.06874427131073,,36.04014598540146,95.8941605839416,2.742230347349177,27.220077220077222,9.622641509433963,,3.9651837524177944,16.033364226135312,30.947955390334574,94.0,42.297586358062816,Q2 (Low)
2026-02-28,175.99000549316406,184.89999389648438,171.7100067138672,180.42999267578125,1828227,0.08223363336549472,-0.05131715463662112,,,0.215216530225467,61.036969556296675,0.9426979837044485,,0,6569945000.0,2339026000.0,686391000.0,928687000.0,752569000.0,665808000.0,184646000.0,100459000.0,0.35601911431526445,0.10447439057709007,0.10134148763802436,0.14135384695001252,,,,,,,,,,,,,0.033924495497276164,0.17708790043136968,0.04217761424987576,0.03313823217245049,0.003493420526573976,24115547000.0,2672340000.0,2886333000.0,3666453000.0,,,,0.0,,30902994944.0,0.429,4.71,BALMLAWRIE.NS,,,,,0.2519235288425337,,41.52153987167736,93.06569343065694,69.6608615948671,,61.95255474452554,73.72262773722628,56.30712979890311,66.02316602316603,52.358490566037744,97.09923664122138,85.58994197292068,68.67469879518072,68.3085501858736,35.714285714285715,64.66658513843615,Q5 (Highest)
2026-02-28,157.0,175.0,150.0,163.3000030517578,2896648,0.11642851084884542,-0.09373438681838464,,,0.35151960293842877,56.61405895015466,1.3885140831129623,,0,5554146000.0,1076645000.0,219488000.0,219167000.0,166921000.0,-4215000.0,8923000.0,162213000.0,0.1938452824250569,0.03951786647308155,-0.0007588925462168262,0.03946007180941949,,,,,,,,,,,,,-0.08430080438943721,-1.117031319413594,-0.09749583614309043,-1.2890351779469245,-0.007822721202381255,25530521000.0,109591000.0,746895000.0,852129000.0,,,,0.0,,18912292864.0,-0.139,,BAJEL.NS,,,,,0.2374184745903327,,79.28505957836846,54.56204379562044,57.37855178735105,,48.44890510948905,82.02554744525547,48.81170018281536,73.45559845559846,10.283018867924529,,29.061895551257255,10.843373493975903,31.412639405204462,15.80952380952381,46.091857165492286,Q2 (Low)
2026-02-28,413.04998779296875,467.3999938964844,390.79998779296875,413.04998779296875,1390201,0.12028742641059154,-0.2416927142715476,,,0.42041813627425995,53.21232751333814,0.28229179289812706,,0,13450760000.0,2154040000.0,358320000.0,767710000.0,388070000.0,141800000.0,49650000.0,196620000.0,0.16014262391121395,0.026639386919400838,0.010542155238811784,0.057075585320086004,,,,,,,,,,,,,0.11079124333046764,10.946082561078349,0.1255611797892433,0.2487890797005725,0.10388807408046463,45397280000.0,236990000.0,794160000.0,2609930000.0,,,,0.0,,17150791680.0,0.829,0.12,LANDMARK.NS,,,,,0.4653500278718118,,1.466544454628781,34.215328467153284,47.84601283226398,,10.218978102189782,82.75547445255475,47.074954296160875,75.57915057915058,68.30188679245282,6.870229007633588,97.5338491295938,98.9805375347544,48.88475836431227,53.9047619047619,51.57549772784072,Q3 (Medium)
2026-02-28,425.6000061035156,475.0,411.5,456.3999938964844,5827903,0.1473102259973258,0.014560381691895552,,,0.30124764571984736,71.53024498776763,1.3088180028431866,,0,14541180000.0,4521794000.0,1573892000.0,2192700000.0,1748168000.0,1134304000.0,576259000.0,37605000.0,0.3109647222577535,0.10823688311402513,0.07800632410849738,0.15079243912804877,,,,,,,,,,,,,-0.1296685096166219,1.1047842246579713,0.21974712684365882,0.6096153709708318,0.5708482881643706,61708404000.0,4480172000.0,6696178000.0,8924572000.0,,,,0.0,,92232400896.0,0.456,1.53,BALRAMCHIN.NS,,,,,0.3386375844003334,,74.88542621448214,70.34671532846716,88.81759853345554,,78.01094890510949,87.04379562043796,70.93235831809872,47.58687258687259,82.54716981132076,77.70992366412214,87.04061895551257,90.54680259499537,83.55018587360595,72.76190476190476,74.11868807789233,Q5 (Highest)
2026-02-28,2290.199951171875,2775.0,2226.10009765625,2494.800048828125,4948147,0.03389680114969362,0.07744571993541682,,,0.3251669386276761,64.43136331032858,1.2054777561964407,,0,27367900000.0,14067400000.0,4477000000.0,7204500000.0,5251100000.0,3821500000.0,1089100000.0,340500000.0,0.514010939823662,0.16358580672978196,0.13963438919317886,0.2632463579595073,,,,,,,,,,,,,-0.008416605676770494,0.32552896288588284,0.1310264739186855,0.1014872888683922,0.07483328111712839,107198100000.0,14884800000.0,16308600000.0,28158500000.0,,,,0.0,,482287714304.0,0.302,0.64,BALKRISIND.NS,,,,,0.2756344572077859,,67.91934005499542,62.408759124087595,78.00183318056828,,87.59124087591242,55.839416058394164,89.76234003656307,81.46718146718148,58.58490566037736,46.717557251908396,76.35396518375242,77.10843373493977,90.4275092936803,55.23809523809524,68.49470514403039,Q5 (Highest)
2026-02-28,918.8499755859375,1044.800048828125,917.9500122070312,1019.0,19819888,0.0314808936302875,0.04170924891006189,,,0.2663680891737882,65.07532009164754,0.5977898368183063,,0,17782900000.0,10837200000.0,3595900000.0,4859700000.0,3653500000.0,2516600000.0,734500000.0,387900000.0,0.6094169117523014,0.20221111292308905,0.1415179751334147,0.27327938637680016,,,,,,,,,,,,,0.13297909618557946,0.5437369647895964,0.4532074854948107,11.684475806451612,1.6565899524408243,64371100000.0,7406500000.0,11141000000.0,16428700000.0,,,,0.0,,550213189632.0,0.244,0.16,LAURUSLABS.NS,,,,,0.4057470381142034,,11.824014665444546,81.2956204379562,79.37671860678277,,82.75547445255475,54.28832116788321,90.49360146252286,83.01158301158301,98.20754716981132,10.15267175572519,70.74468085106383,83.78127896200185,85.59479553903346,90.0952380952381,68.10810307850674,Q5 (Highest)
2026-02-28,191.0500030517578,207.99000549316406,188.75999450683594,203.38999938964844,694475,0.06015112285118329,-0.08518869376791749,,,0.18925832666284986,62.87164026284807,1.166914354617575,,0,845030000.0,688736000.0,261774000.0,380665000.0,326312000.0,240018000.0,72347000.0,13947000.0,0.8150432529022639,0.30978071784433686,0.28403488633539636,0.45047513106043574,,,,,,,,,,,,,-0.07039142282267552,-0.10373155785912469,-0.07440531283442087,0.0359132832967195,0.08355251172746736,3100017000.0,1018299000.0,986197000.0,1521711000.0,,,,0.0,,22621005824.0,0.127,3.69,LAOPALA.NS,,,,,0.21277063661641107,,64.43629697525206,96.89781021897811,74.24381301558203,,51.45985401459854,66.78832116788321,51.37111517367459,30.501930501930502,52.54716981132076,95.1145038167939,57.640232108317214,45.22706209453197,54.182156133829,18.285714285714285,57.246398621227065,Q4 (High)
2026-02-28,17.190000534057617,17.989999771118164,15.760000228881836,16.790000915527344,234957,-0.04548034281528124,-0.2382032568928496,,,0.2793005705524951,56.593437975691735,0.4952192065486536,,0,17108000.0,1197000.0,-2894000.0,-2714000.0,-2744000.0,-2130000.0,0.0,17426000.0,0.06996726677577741,-0.1691606266074351,-0.12450315641805003,-0.1586392331073182,,,,,,,,,,,,,0.6841898011419572,-0.8805250168274624,1.618304254667891,-0.882112021253044,0.5272931907709624,55127000.0,32046000.0,-7858000.0,-7403000.0,,,,0.0,,540965952.0,-0.572,,BALKRISHNA.NS,,,,,0.20943434651798157,,6.049495875343721,77.37226277372262,57.28689275893676,,11.04014598540146,19.98175182481752,6.124314442413162,33.78378378378378,16.60377358490566,,7.543520309477756,15.013901760889715,14.312267657992564,97.52380952380952,34.17572801876628,Q1 (Lowest)
2026-02-28,32.279998779296875,36.09000015258789,31.90999984741211,32.88999938964844,1219935,-0.046942886429349184,-0.19819602577738404,,,0.2776340485288536,52.855415945906365,1.2068245372974995,,0,1426455000.0,428240000.0,45480000.0,97699000.0,81497000.0,20857000.0,11872000.0,52684000.0,0.30021276521166107,0.03188323501267127,0.014621561843871696,0.0684907690743837,6100543000.0,2170246000.0,2662246000.0,3004680000.0,5181776000.0,2520747000.0,16293000.0,3256245000.0,0.7222885631747806,0.3557463655284456,2.0556509637817677,0.7638731693422625,0.1374694990670302,-0.5940796387840099,-0.0830594959850045,-0.7058126577993427,-0.48695044846346125,5363341000.0,190097000.0,405125000.0,604694000.0,0.06326697019316532,0.03116066881259586,0.07828614360862358,1.0,2.1362144156675886,2682865408.0,,,BALAJEE.NS,,,,,0.1777595036964856,,68.10265811182401,78.10218978102189,46.654445462878094,,18.52189781021898,19.61678832116788,21.389396709323584,55.308880308880305,20.0,,,21.223354958294717,32.99256505576208,16.952380952380953,39.92430383145016,Q1 (Lowest)
2026-02-28,2064.0,2301.39990234375,2041.4000244140625,2187.5,13560468,0.16443097435776144,0.2660608508974549,,,0.22613371091907694,65.55490741540191,0.93504214265542,,0,56485200000.0,7477700000.0,4126100000.0,4965100000.0,4373300000.0,3100400000.0,944300000.0,328600000.0,0.13238334997486068,0.07304745313816717,0.054888714211864344,0.08790090147507666,,,,,,,,,,,,,0.12906946296181543,0.30724796559429945,0.22056268637365495,4.761754320758223,2.24856058623397,212427200000.0,10572900000.0,13839300000.0,16957700000.0,,,,0.0,,607471599616.0,0.167,0.26,APLAPOLLO.NS,,,,,0.41698329186882455,,40.329972502291476,91.60583941605839,80.01833180568286,,97.44525547445255,88.95985401459853,91.13345521023766,81.08108108108108,96.50943396226414,19.46564885496183,62.86266924564797,76.45968489341983,88.56877323420075,72.85714285714285,72.48647617013599,Q5 (Highest)
2026-02-28,22.440000534057617,25.350000381469727,20.260000228881836,21.989999771118164,1196094,0.05467622871899813,-0.05703258752620155,,,0.5038694723599154,48.322140634797435,1.1366024504004935,,0,,,,,,,,,,,,,,,,,,,,,,,,,,,,,,,,,,,,,,,1264333184.0,1.331,,LATTEYS.NS,,,,,0.30521636977810024,,61.686526122823096,17.609489051094897,35.655362053162236,,60.4014598540146,64.41605839416059,12.79707495429616,,,,99.41972920696325,,,,50.132379975767655,Q3 (Medium)
2026-02-28,25.1299991607666,25.8799991607666,19.899999618530273,20.100000381469727,2971352,-0.14065836229285,-0.4413562913508471,,,0.4924548154188146,25.945225993568727,1.5479816969003815,,0,725424000.0,308071000.0,25299000.0,31850000.0,26255000.0,3050000.0,13048000.0,10157000.0,0.42467715432629743,0.034874776682326476,0.004204437680584045,0.04390535741855797,,,,,,,,,,,,,0.2913575895455831,0.4593301435406698,-0.01021812957335999,-0.9431267248452301,-0.59812753930401,2757259000.0,94418000.0,200695000.0,191699000.0,,,,0.0,,1109670784.0,0.594,,BALAXI.NS,,,,,0.2529778171042617,,86.70944087992667,19.52554744525547,3.3913840513290556,,0.5474452554744526,4.014598540145985,11.3345521023766,27.413127413127413,15.471698113207546,,93.90715667311412,81.64967562557925,33.82899628252788,24.38095238095238,36.81163831753445,Q1 (Lowest)
2026-02-28,78.0,101.93000030517578,76.41999816894531,100.16000366210938,9588463,0.10564088432594354,-0.17380185689501715,,,0.5345854602291636,69.51754459347045,1.9355552540228298,,0,488053000.0,125112000.0,-86703000.0,-43337000.0,-60251000.0,-48407000.0,-15789000.0,5253000.0,0.2563492079753633,-0.17765078792672107,-0.09918390010920945,-0.0887956840752951,8302950000.0,253528000.0,1831673000.0,6497657000.0,5398670000.0,1781671000.0,43002000.0,1903778000.0,0.03901837231482056,0.03053468947783619,3.0301161101011354,1.9615810101865048,-0.3298902402521975,-0.16032957502168255,-0.6620651118733824,-1.8558521923620934,-1.311047471398016,2810837000.0,715129000.0,-492552000.0,-290414000.0,0.11005951837716273,0.08612950818684925,-0.07295785850928392,1.0,1.9329427853955519,12208460800.0,-0.084,,BALAJITELE.NS,,,,,0.25213122614342004,,95.60036663611365,13.321167883211686,87.16773602199817,,24.72627737226277,79.1970802919708,41.22486288848263,18.725868725868725,6.509433962264151,,34.04255319148936,39.110287303058385,6.412639405204461,2.571428571428571,39.907313483556884,Q1 (Lowest)
2026-02-28,9.300000190734863,9.449999809265137,7.659999847412109,7.860000133514404,893076,-0.1700105689669149,-0.20040689781093424,,,0.5250441852637799,13.142841728353545,0.8868385008847064,,0,30611000.0,-24707000.0,-55683000.0,-39911000.0,-55613000.0,-62520000.0,5713000.0,1195000.0,-0.8071281565450328,-1.8190519747803078,-2.0424030577243473,-1.3038123550357714,716031000.0,73384000.0,152610000.0,563421000.0,123760000.0,157516000.0,2883000.0,41800000.0,0.13024718638460406,0.10248718281750371,0.7856979608420732,0.520328093653978,-0.8470352492029702,-0.7039660593204289,-0.922297048602738,0.9365030199783182,-2.457137641474991,952905000.0,-361684000.0,-106589000.0,-319143000.0,-0.641942703591098,-0.5051233815295706,-0.16738090938356326,0.0,2.1195511088207075,393795744.0,0.123,,LASA.NS,,,,,0.45711484179185746,,35.38038496791934,14.59854014598541,0.36663611365719523,,18.248175182481752,2.645985401459854,3.7477148080438756,8.494208494208493,87.35849056603774,,57.156673114119926,18.535681186283597,28.345724907063197,1.0476190476190477,28.39505559565863,Q1 (Lowest)
2026-02-28,14.600000381469727,15.75,13.420000076293945,14.699999809265137,2325691,0.09293680429191742,-0.09426985681605093,,,0.4861365967293463,61.162790646096575,0.7696144873970686,,0,947155000.0,616399000.0,43505000.0,20158000.0,8115000.0,-17333000.0,4835000.0,16714000.0,0.6507899974133061,0.04593229196910748,-0.01830006704288105,0.021282683404511404,4838580000.0,912935000.0,4580606000.0,441815000.0,3276236000.0,4130079000.0,32241000.0,,2.0663286669759966,0.18867828991150296,0.7932623080575456,,0.046449448853347564,-3.314770299145299,0.20795795412806606,-1.3205125834427411,-0.6599929158162835,3604417000.0,25633000.0,278467000.0,179108000.0,0.05801749601077374,0.005297628643114302,0.2055486252076029,1.0,0.6665438827093899,2588961792.0,-0.003,,A2ZINFRA.NS,,,,,0.2713043028165745,,23.831347387717692,20.8941605839416,70.21081576535289,,48.35766423357664,76.55109489051095,20.749542961608775,32.915057915057915,10.09433962264151,,42.74661508704062,3.614457831325301,27.602230483271374,70.57142857142857,39.87591702223159,Q1 (Lowest)
2026-02-28,425.0,484.70001220703125,362.75,365.20001220703125,27819134,-0.08287292563628224,-0.24381405326380423,,,0.48425531292778,16.349658792369667,1.604803621643457,,0,2780090000.0,916910000.0,516500000.0,797570000.0,692600000.0,501420000.0,160100000.0,24790000.0,0.3298130636058545,0.18578535227276816,0.18036106744745672,0.2868863957641659,,,,,,,,,,,,,0.1778894429780149,-0.008306633440132938,0.33050490547977995,0.2318993685969093,0.17533414874961317,9740450000.0,1960750000.0,1882320000.0,2944630000.0,,,,0.0,,75569004544.0,0.154,,LATENTVIEW.NS,,,,,0.35844962093692706,,88.90925756186985,21.167883211678827,0.916590284142988,,9.854014598540147,10.675182481751824,68.37294332723948,40.44401544401545,67.26415094339623,,60.928433268858804,53.19740500463392,66.07806691449815,83.9047619047619,48.1141803296925,Q3 (Medium)
2026-02-28,887.0,1036.5999755859375,887.0,1030.199951171875,140059173,0.10034707735313741,0.02599340326714672,,,0.25565073599857185,81.42073271861595,1.0969056547219769,,0,128665400000.0,,,,,39778500000.0,13650900000.0,73387100000.0,,,0.30916236999224345,,,,,,,,,,,,,,0.04319688399968857,-0.18409102097075913,0.17103107570881448,-0.06327268788237017,,482307800000.0,180323900000.0,,,,,,0.0,,6404078829568.0,0.119,0.43,BAJFINANCE.NS,,,,,0.3506154376201657,,57.28689275893676,84.76277372262774,96.79193400549954,,79.83576642335767,78.1021897810219,99.72577696526508,99.22779922779922,44.15094339622642,31.297709923664126,55.89941972920697,37.442075996292864,98.51301115241635,63.714285714285715,68.45003858644003,Q5 (Highest)
2026-02-28,5.820000171661377,5.849999904632568,4.510000228881836,4.75,1080170,0.0021097530305316248,0.012793164615673813,,,0.6398276226611707,28.350496205946612,0.7937941274681553,,0,10000.0,10000.0,-568000.0,-569000.0,-569000.0,-610000.0,,41000.0,1.0,-56.8,-61.0,-56.9,52576000.0,22552000.0,47932000.0,4644000.0,42648000.0,25381000.0,256000.0,0.0,4.856158484065461,0.4289409616555082,1.6803120444426933,1.6803120444426933,-0.9969897652016857,-0.8215330602691633,-0.84375,-0.7772096420745069,-0.7852019630049075,3535000.0,-13126000.0,-9909000.0,-12791000.0,-2.826442721791559,-0.24965763846622033,-0.3643550522135608,0.0,0.5492867468046256,611488704.0,-0.916,,LCCINFOTEC.NS,,,,,0.28117583310099853,,26.397800183318054,4.653284671532845,4.857928505957837,,77.46350364963503,39.23357664233576,7.129798903107861,3.571428571428571,18.30188679245283,,2.804642166344294,16.218721037998147,,1.3333333333333335,26.797726963829636,Q1 (Lowest)
2026-02-28,114.88999938964844,125.94000244140625,102.8499984741211,112.0199966430664,232123,0.11551482459305973,-0.184953473128589,,,0.4464146736594498,58.44081695130218,0.7704815635410399,,0,590815000.0,128843000.0,28703000.0,68820000.0,42028000.0,24042000.0,274000.0,17712000.0,0.21807672452459737,0.04858204344845679,0.04069294110677623,0.11648316308827636,,,,,,,,,,,,,-0.055339880337561875,-0.27496984318455975,-0.028506078260168932,0.5828560142208177,0.2405140869189033,2205601000.0,80906000.0,146275000.0,286932000.0,,,,0.0,,1162691200.0,0.006,0.45,LAMBODHARA.NS,,,,,0.4265777882835438,,23.92300641613199,28.467153284671525,62.14482126489459,,21.624087591240876,81.84306569343066,11.791590493601463,33.97683397683397,81.88679245283019,33.20610687022901,43.95551257253385,32.9935125115848,18.12267657992565,21.904761904761905,39.7226614408447,Q1 (Lowest)
2026-02-28,421.0,527.9000244140625,398.0,492.1000061035156,16776394,0.22550123537105593,-0.21752267928118074,,,0.5967696839410143,75.01514326163212,0.557837359116047,,0,3111064000.0,1112480000.0,816088000.0,890079000.0,860786000.0,710908000.0,95747000.0,54131000.0,0.35758827205097676,0.26231797224357967,0.22850960314541907,0.2861011538174721,,,,,,,,,,,,,0.038719293137849276,0.0930941643359171,0.21629037113490734,0.20481037457334694,0.1519582846922214,10962585000.0,2558424000.0,3071602000.0,3243118000.0,,,,0.0,,56587517952.0,0.085,0.03,BALUFORGE.NS,,,,,0.5331985253886995,,9.074243813015583,7.208029197080293,91.9340054995417,,14.416058394160583,92.7007299270073,63.80255941499085,55.501930501930495,65.84905660377358,0.9160305343511451,52.03094777562862,63.67006487488415,58.7360594795539,71.9047619047619,49.849631861378676,Q3 (Medium)
2026-02-28,5.519999980926514,6.28000020980835,5.199999809265137,5.320000171661377,1194126,-0.066666605319194,-0.15555555387359032,,,0.34819911841162227,50.867058077387085,0.8878297755468291,,0,357515000.0,394464000.0,24670000.0,34250000.0,25131000.0,3611000.0,1184000.0,20572000.0,1.103349509810777,0.06900409773016516,0.010100275512915542,0.09580017621638252,4156660000.0,,1952385000.0,1592191000.0,2691333000.0,1525404000.0,29000000.0,741841000.0,,,1.7643411188118032,1.27801684012891,0.13615851526996536,-0.7744252873563219,0.037074962144726165,-0.28480887304416713,-0.06517823025274305,1402285000.0,64905000.0,244785000.0,251376000.0,0.040764581636248416,0.015614700264154393,,1.0,1.2301702568889445,1052924288.0,-0.16,,BAGFILMS.NS,,,,,0.2888053079441724,,35.47204399633364,55.83941605839416,41.79651695692026,,29.105839416058394,14.051094890510948,10.877513711151737,36.486486486486484,33.0188679245283,,26.88588007736944,17.05282669138091,21.00371747211896,34.476190476190474,33.73775961049625,Q1 (Lowest)
2026-02-28,363.90341721982065,381.95001220703125,345.7281219035665,369.54998779296875,275391,0.08085788387418558,-0.07854052932380395,,,0.30293534761429564,65.89224035982431,0.7493822180211392,,0,3314578000.0,1031159000.0,312636000.0,420210000.0,297525000.0,222153000.0,53340000.0,22032000.0,0.31109812470848475,0.09432150940481715,0.06702301167750464,0.12677631964008693,,,,,,,,,,,,,-0.015549175198422582,-0.12178952486746963,-0.06701723887512145,0.9225370396012185,0.32431776566877724,13784860000.0,834258000.0,1151231000.0,1725067000.0,,,,0.0,,19275188224.0,-0.159,1.89,APCOTEXIND.NS,,,,,0.37999145036186777,,22.36480293308891,69.61678832116789,80.29330889092576,,54.1970802919708,73.08394160583941,49.085923217550274,37.83783783783784,87.0754716981132,82.90076335877863,27.079303675048354,43.00278035217794,49.90706319702603,18.857142857142858,53.020147215777854,Q4 (High)
2026-02-28,67.11000061035156,83.0,64.5999984741211,76.9800033569336,162798,0.1382523507797877,-0.04763081018070614,,,0.6032223235148261,66.40927395707081,1.609164823159191,,0,1528039000.0,434002000.0,125560000.0,168361000.0,126320000.0,36865000.0,14641000.0,74814000.0,0.2840254731718235,0.08217067758087326,0.02412569312694244,0.1101810883099188,,,,,,,,,,,,,0.15388054167569676,8.706424433912586,0.029718896611583556,0.5665901750807412,0.1078203651916434,5716935000.0,145804000.0,520646000.0,665190000.0,,,,0.0,,1360159616.0,-0.001,,LAGNAM.NS,,,,,0.31475635937490504,,89.09257561869845,6.295620437956202,81.48487626031165,,63.04744525547446,85.76642335766424,13.893967093235831,60.32818532818533,81.50943396226415,,43.133462282398455,98.51714550509732,34.94423791821561,32.57142857142858,56.038986772728684,Q4 (High)
2026-02-28,272.75,330.8999938964844,262.0,288.79998779296875,1393933,0.06020555897191615,0.09893455558484487,,,0.5309083446342777,58.367159169371085,0.8376812215924453,,0,248540000.0,86893000.0,74509000.0,76180000.0,75659000.0,37639000.0,8550000.0,29470000.0,0.3496137442665165,0.2997867546471393,0.15144041200611572,0.30651001850808723,1944002000.0,967175000.0,1194524000.0,749478000.0,1700283000.0,329050000.0,4578000.0,1297589000.0,1.2904648301884778,0.4975174922659545,5.167248138580763,1.2238079319252393,-0.13323987082644573,0.6924010791366906,,,,914593000.0,112583000.0,229917000.0,236215000.0,0.15021521645732097,0.05791300626233924,0.13393329927480976,1.0,1.9850887499086936,14466731008.0,-0.486,,LGHL.NS,,,,,0.32192994869109753,,30.247479376718605,13.959854014598534,61.8698441796517,,89.23357664233576,66.97080291970804,45.24680073126143,43.050193050193045,,,10.831721470019342,85.63484708063022,31.133828996282524,,48.54526323075995,Q3 (Medium)
2026-02-28,44.290000915527344,47.0,42.11000061035156,43.45000076293945,131950,0.0018446353014749395,-0.2074060378544339,,,0.34516988734649073,52.09512285002201,0.6194244217358107,,0,581010000.0,125204000.0,14217000.0,22275000.0,18872000.0,14968000.0,-2077000.0,5980000.0,0.21549370923047795,0.02446945835699902,0.025762035076848936,0.03833841069861104,1929374000.0,318678000.0,1026486000.0,902888000.0,1657158000.0,962462000.0,4249000.0,1100796000.0,0.3529540762530901,0.16517170854380747,1.7217905745889188,0.5780612637174247,0.19651061498763345,-0.11536643026004734,0.19939308864208738,93.13836477987421,1.1196117613474166,2030163000.0,53736000.0,50235000.0,77834000.0,0.059515687438530585,0.02785152075232692,0.04112344318686015,1.0,2.1717505263365213,589182016.0,-0.24,,BANG.NS,,,,,0.3562060384937306,,13.01558203483043,56.66058394160584,44.454628780934925,,16.87956204379562,39.05109489051095,6.946983546617916,20.463320463320464,99.62264150943396,,21.5183752417795,43.92956441149212,9.479553903345725,69.23809523809524,39.417332400384176,Q1 (Lowest)
2026-02-28,11.279999732971191,12.239999771118164,11.0,11.319999694824219,2303958,0.13426855852216013,0.09902907623311252,,,0.5480478267870736,41.72185033116514,0.5703803090259214,,0,246225000.0,91608000.0,65549000.0,68046000.0,65549000.0,47506000.0,17069000.0,,0.37204995431008225,0.2662158594781196,0.19293735404609605,0.27635699055741697,,,,,,,,,,,,,0.03317402305313477,0.04381262084724913,0.15407870561325887,0.004206565624537584,0.02714044197560672,933230000.0,169562000.0,218435000.0,241532000.0,,,,0.0,,1715833344.0,-0.17,0.87,BAIDFIN.NS,,,,,0.3078829469218965,,9.99083409715857,11.678832116788314,19.98166819431714,,89.32481751824818,85.21897810218978,16.819012797074954,,49.15094339622642,57.099236641221374,26.063829787234045,58.57275254865616,36.71003717472119,59.904761904761905,44.70104695190654,Q2 (Low)
2026-02-28,148.3000030517578,174.85000610351562,145.52000427246094,171.35000610351562,141511058,0.24184672712898436,0.1491516692517545,,,0.30062675006474204,82.07150200945333,0.7868065108748851,,0,33793076000.0,,,,,2055909000.0,847864000.0,27429385000.0,,,0.06083817288488328,,,,,,,,,,,,,,-0.02980401040045011,-0.447279829660019,-0.04619566061068747,-0.780690173823531,,142439322000.0,13219429000.0,,,,,,0.0,,276039958528.0,0.265,0.88,BANDHANBNK.NS,,,,,0.402194898044948,,25.939505041246562,70.52919708029196,97.43354720439963,,92.7919708029197,93.88686131386861,85.37477148080438,97.87644787644788,18.11320754716981,57.786259541984734,72.43713733075435,25.023169601482852,87.0817843866171,20.285714285714285,62.97063823291346,Q5 (Highest)
2026-02-28,9454.5,10059.5,9250.5,9807.0,3974690,0.06841703889312556,0.1029014844804319,,,0.17164055977819206,60.98337460205164,0.8857813793220807,,0,153782400000.0,46732600000.0,36104900000.0,40890600000.0,39698000000.0,27498200000.0,9063500000.0,3136300000.0,0.30388783111721496,0.23477914247664233,0.17881239985850136,0.2658990885823085,,,,,,,,,,,,,0.008168542066024909,0.2958440738349599,0.21193856706932634,0.2523945073212943,0.31974980312165147,554829600000.0,88841400000.0,122083400000.0,135454500000.0,,,,0.0,,2738629640192.0,0.651,2.14,BAJAJ-AUTO.NS,,,,,0.47897807391635067,,35.105407882676445,98.08394160583941,69.2942254812099,,89.78102189781022,68.97810218978103,98.17184643510055,93.72586872586872,68.67924528301886,85.34351145038168,95.45454545454545,75.53290083410566,98.04832713754647,70.95238095238095,76.4767550220177,Q5 (Highest)
2026-02-28,1668.199951171875,2048.0,1644.4000244140625,1851.5999755859375,1111976,0.1352544301569205,0.02270089786574836,,,0.4266711716908083,60.957245569381485,1.1917751929095253,,0,8165594000.0,4548958000.0,1050213000.0,1435094000.0,1138873000.0,884335000.0,211119000.0,43248000.0,0.5570884371669715,0.12861440331223914,0.10830014325963304,0.175748879995748,,,,,,,,,,,,,0.24277526763383528,0.3205041100799617,0.23547742546747275,0.14050790121577994,0.1285202019407703,26607607000.0,3147390000.0,3457217000.0,5195530000.0,,,,0.0,,59060248576.0,-0.209,1.08,LGBBROSLTD.NS,,,,,0.37253891500645825,,67.00274977085243,32.66423357664233,68.8359303391384,,79.28832116788321,85.40145985401459,64.80804387568556,51.35135135135135,61.32075471698113,65.49618320610688,23.355899419729205,76.83039851714551,70.16728624535315,74.0,61.36817413605891,Q5 (Highest)
2026-02-28,5.570000171661377,5.769999980926514,4.639999866485596,5.099999904632568,41835,0.01593623984263237,-0.01544400122725742,,,0.5452986100706669,43.548383685478214,1.6246594754241301,,0,,,,,,,,,,,,,,,,,,,,,,,,,,,,,,,,,,,,,,,115953248.0,-0.55,,LAKPRE.NS,,,,,0.23780302782015367,,89.55087076076994,12.135036496350367,23.281393217231898,,70.52919708029196,47.44525547445255,0.2742230347349177,,,,8.413926499032883,,,,43.44199350419097,Q2 (Low)
2026-02-28,593.9500122070312,705.0,562.5,650.4000244140625,4671356,0.13736128736849174,-0.08168016319934701,,,0.4335401336757432,64.90738021872913,1.1300774910235387,,0,7818300000.0,3998200000.0,992200000.0,1523200000.0,1266500000.0,858300000.0,331600000.0,76600000.0,0.5113899441054961,0.12690738395814946,0.1097808986608342,0.1948249619482496,,,,,,,,,,,,,-0.2419426776295377,-0.38207343412526995,0.23568459483807747,1.7749757516973812,1.3945920452759002,36447334000.0,4877535000.0,5599422000.0,7872247000.0,,,,0.0,,93031456768.0,0.464,2.15,BANCOINDIA.NS,,,,,0.4126446987803625,,60.76993583868011,31.113138686131393,79.01008249312558,,53.284671532846716,85.67518248175182,71.02376599634368,60.907335907335906,92.26415094339623,85.49618320610686,87.81431334622823,27.803521779425395,76.39405204460967,74.09523809523809,65.71010482341465,Q5 (Highest)
2026-02-28,310.5,395.75,309.0,383.0,19746531,0.5477874508929983,0.4409330985309081,,,0.5423669547850376,68.72649072846313,0.3515313861052604,,0,3060834000.0,1835706000.0,515474000.0,613729000.0,568370000.0,463706000.0,100560000.0,4104000.0,0.5997404628934467,0.16840965566901048,0.1514966182419563,0.20051038377122052,,,,,,,,,,,,,0.1708957895960974,0.0965583128780676,0.3267346989197861,0.8320769328023263,0.8147032211899539,10737071000.0,1575697000.0,1632234000.0,2061536000.0,,,,0.0,,50026815488.0,0.531,,BAJAJCON.NS,,,,,0.4274720791681244,,2.1998166819431715,12.31751824817519,86.25114573785518,,99.27007299270073,99.45255474452554,62.52285191956124,16.409266409266408,86.0377358490566,,91.3926499032882,63.85542168674698,59.479553903345725,83.52380952380952,60.84749317335165,Q5 (Highest)
2026-02-28,3565.60009765625,3849.0,3541.10009765625,3601.0,12380,0.0026730795559650744,-0.014666474094012227,,,0.08765061098898017,51.94261040980192,0.8821405765124025,,0,6441082000.0,1699217000.0,674314000.0,880895000.0,727951000.0,483900000.0,241344000.0,2707000.0,0.2638092481977407,0.10468955371162796,0.07512712926182279,0.13676196017998218,,,,,,,,,,,,,0.12674957963906697,0.13317565510619866,0.5284052915702675,0.6795784913990588,0.40193557011945713,21248958000.0,1415027000.0,1844514000.0,2838649000.0,,,,0.0,,45155459072.0,0.366,0.35,BANARISUG.NS,,,,,0.37044544500439225,,34.83043079743355,99.72627737226277,44.36296975252063,,70.8029197080292,39.5985401459854,61.425959780621575,12.934362934362934,84.24528301886792,26.33587786259542,81.43133462282398,65.9870250231696,72.30483271375465,91.33333333333333,59.021276471050726,Q4 (High)
2026-02-28,115.5,159.5,112.98999786376953,127.4000015258789,186862,-0.13292038469638823,-0.36629523587102797,,,0.5353853862236144,54.73502441055008,1.9086391798159974,,0,16759000.0,12799000.0,17901000.0,19795000.0,19304000.0,13424000.0,5816000.0,64000.0,0.7637090518527359,1.0681424906020645,0.8010024464466854,1.1811563935795693,,,,,,,,,,,,,0.2475063272294178,-2.0861720203899994,-0.11589997889850179,-1.6650812524772096,-1.618361864300887,60344000.0,12134000.0,-1307000.0,6767000.0,,,,0.0,,382200000.0,0.148,2.35,LFIC.NS,,,,,0.23016856239777814,,95.32538955087077,13.138686131386862,52.24564619615032,,1.7335766423357664,4.562043795620438,3.3820840950639854,3.7644787644787647,7.169811320754717,87.55725190839695,59.96131528046421,4.911955514365153,28.624535315985128,14.285714285714285,31.777499253439156,Q1 (Lowest)
2026-02-28,8.15999984741211,8.600000381469727,7.380000114440918,8.029999732971191,406746,0.14550634390664707,-0.14209401415493195,,,0.4291024484088476,55.45023193293718,0.49740001584305293,,0,170734000.0,42607000.0,3794000.0,25185000.0,21357000.0,14167000.0,4394000.0,2795000.0,0.24955193458830696,0.022221701594292875,0.08297702859418744,0.1475101620063959,848710000.0,131407000.0,348533000.0,500177000.0,805137000.0,319040000.0,1467000.0,445168000.0,0.26272099676714444,0.15483145008306726,2.523623996990973,1.1282879889669006,0.8576620098359229,0.4696058091286308,0.30822631562816083,-0.8835946230197858,-0.8495366913007892,614572000.0,-58110000.0,68616000.0,-32721000.0,-0.11617887267907161,-0.0684686170776826,0.10864113087095303,0.0,2.319537062129585,1387074432.0,-0.705,,LAL.NS,,,,,0.2986995245191568,,6.232813932172319,31.84306569343066,54.353803849679196,,32.75547445255474,86.77007299270073,14.351005484460694,13.416988416988417,16.41509433962264,,5.029013539651837,82.02038924930491,27.04460966542751,81.80952380952381,40.136123695034506,Q1 (Lowest)
2026-02-28,405.8999938964844,442.0,373.6000061035156,384.54998779296875,6179901,-0.022868759443932518,-0.21093673340123364,,,0.2764337899982392,41.239308529484006,0.4032660337512508,,0,10483000000.0,3167900000.0,-220900000.0,-62800000.0,-412800000.0,-341000000.0,-199600000.0,127800000.0,0.302194028426977,-0.021072212153009636,-0.03252885624344176,-0.005990651531050272,,,,,,,,,,,,,-0.010318816498777417,-38.472527472527474,-0.05950009868834216,-3.643410852713178,-1.0940119760479041,46565733000.0,592246000.0,896616000.0,2761758000.0,,,,0.0,,44405166080.0,-0.105,0.78,BAJAJELEC.NS,,,,,0.25521532550450615,,3.4830430797433545,78.46715328467154,19.065077910174153,,16.240875912408757,27.645985401459853,61.24314442413162,69.98069498069498,3.30188679245283,53.969465648854964,31.67311411992263,0.27803521779425394,0.929368029739777,19.142857142857142,32.36138012966039,Q1 (Lowest)
2026-02-28,103.0,116.9000015258789,98.0,106.56999969482422,271093,-0.005134457035619877,0.18030788142895204,,,0.5034413583945357,57.77046608613963,0.48218690307614565,,0,47861000.0,24820000.0,5464000.0,6745000.0,5939000.0,4444000.0,1494000.0,0.0,0.5185850692630743,0.11416393305614174,0.09285221788094691,0.1409289400555776,,,,,,,,,,,,,0.1276535588907477,-0.4546570131304455,0.09456616200887336,-0.6135316114444734,-0.5907656837762407,265415000.0,28104000.0,24518000.0,41749000.0,,,,0.0,,1366952064.0,0.239,1.41,AAATECH.NS,,,,,0.34686041241186216,,5.5912007332722276,17.791970802919707,60.128322639780016,,94.7080291970803,35.31021897810219,14.076782449725778,1.1100386100386102,21.88679245283019,73.89312977099237,70.16441005802709,24.65245597775718,22.02602230483271,45.42857142857143,39.11786302692866,Q1 (Lowest)
2026-02-28,630.9000244140625,739.9500122070312,620.5,641.9000244140625,2594125,0.02018438010273349,-0.12797168088056465,,,0.5950983044331385,50.79021978475027,0.9935306393203445,,0,266402000.0,-174109000.0,-718261000.0,-227429000.0,-309098000.0,-197468000.0,5736000.0,3402000.0,-0.6535574057251823,-2.696154683523397,-0.741240681376266,-0.8537060532578584,,,,,,,,,,,,,-0.12155085997678594,-7.56018072489286,1.7261210372280549,0.044809760898205875,0.053175330869754456,824384000.0,-130663000.0,-2610114000.0,-107278000.0,,,,0.0,,29579579392.0,0.372,0.19,63MOONS.NS,,,,,0.29900326048823356,,47.84601283226398,7.481751824817522,41.429880843263064,,36.86131386861314,49.27007299270073,55.393053016453386,15.154440154440154,53.301886792452834,12.366412213740457,82.1083172147002,1.8535681186283595,28.531598513011154,97.71428571428571,41.954172939958035,Q2 (Low)
2026-02-28,22.329999923706055,38.279998779296875,22.329999923706055,37.439998626708984,3522745,0.44947730303117805,0.35898365384868347,,,0.4868582406361615,84.78711377184786,3.367264400873197,,0,221026000.0,181074000.0,9689000.0,28190000.0,11660000.0,3663000.0,-730000.0,8727000.0,0.8192429849881915,0.0438364717273081,0.016572710902789715,0.1275415561970085,1198338000.0,537139000.0,1037005000.0,161333000.0,756411000.0,460965000.0,1080000.0,649211000.0,3.3293808458281937,0.44823664108123085,1.6409293547232435,0.23255561702081504,0.22551884360115992,-0.41080907189963,0.2721140508900872,-1.1955894916702263,1.8765306122448981,787884000.0,15918000.0,35467000.0,124730000.0,0.09866549311052296,0.01328339750554518,0.05077798394209074,1.0,1.1739287246169279,755940672.0,-1.534,,LEXUS.NS,,,,,0.24686640379357225,,99.9083409715857,20.71167883211679,98.16681943171403,,98.8138686131387,98.54014598540147,8.409506398537477,24.71042471042471,11.226415094339623,,0.43520309477756286,26.22798887859129,10.315985130111525,78.28571428571428,48.38347276176354,Q3 (Medium)
2026-02-28,114.4800033569336,134.39999389648438,106.0999984741211,122.23999786376953,85402,0.1877186167756244,-0.0850299979099115,,,0.497563476671869,66.93197788028405,0.8630998702512275,,0,77248000.0,46934000.0,6486000.0,15100000.0,10756000.0,5790000.0,2000000.0,2966000.0,0.6075756006628004,0.08396333885666943,0.07495339685169843,0.19547431648715824,,,,,,,,,,,,,0.5310579934197486,14.906593406593407,0.3467224546722454,0.15869521713027823,0.1753716821047715,245433000.0,18852000.0,12342000.0,48749000.0,,,,0.0,,815720832.0,-0.011,3.4,BANARBEADS.NS,,,,,0.3710066626657501,,32.90559120073327,18.886861313868607,82.85976168652613,,51.55109489051095,90.51094890510949,8.775137111517367,13.706563706563706,62.264150943396224,94.27480916030534,42.359767891682786,99.5366079703429,22.86245353159851,85.14285714285714,53.70910703033416,Q4 (High)
2026-02-28,1908.0,2068.0,1876.5999755859375,2058.5,11612119,0.05030867613536327,0.0029721779119575853,,,0.19532899484084867,74.24470195363082,0.6540859286619993,,0,326194500000.0,,,,131587300000.0,22291500000.0,15587100000.0,72324500000.0,,,0.06833806210711707,,,,,,,,,,,,,,0.03342924343593445,-0.006661913461966984,0.21503366914321176,-0.000829224562976294,,1327285400000.0,96789400000.0,,,,,,0.0,,3288448106496.0,0.211,0.05,BAJAJFINSV.NS,,,,,0.36468089758871736,,15.857011915673693,95.98540145985402,91.29239230064161,,74.54379562043796,62.04379562043796,98.72029250457038,99.13127413127413,48.58490566037736,2.213740458015267,66.97292069632496,53.47544022242817,98.97769516728626,71.52380952380952,65.28816501874209,Q5 (Highest)
2026-02-28,1421.0557093868372,1474.0,1359.9082908854743,1402.300048828125,2916183,0.005290013504630098,-0.10521449233165636,,,0.220133103494836,47.11359603046005,0.6523791258063824,,0,6598000000.0,4353000000.0,1372000000.0,1736000000.0,1315000000.0,905000000.0,329000000.0,72000000.0,0.659745377387087,0.2079418005456199,0.1371627765989694,0.2631100333434374,,,,,,,,,,,,,-0.014929829799940286,-0.3164652567975831,0.10574828221887045,-0.06411582213029987,-0.03070910106085989,,,,,,,,0.0,,234146906112.0,0.014,0.93,LALPATHLAB.NS,,,,,0.22432523906231602,,15.582034830430796,92.15328467153284,32.080659945004584,,44.34306569343065,40.87591240875913,83.82084095063985,59.74903474903475,44.056603773584904,59.541984732824424,44.63249516441006,30.120481927710845,76.30111524163569,48.57142857142857,51.45526284402848,Q3 (Medium)
2026-02-28,341.0,386.45001220703125,329.3999938964844,352.54998779296875,1140078,-0.029189057639188998,-0.17164007815540172,,,0.33876773148119366,59.008142616089366,0.5103092213975597,,0,1612227000.0,805274000.0,234810000.0,323292000.0,251281000.0,156738000.0,31437000.0,58835000.0,0.49947929168783306,0.1456432623941914,0.09721831975273953,0.2005251121585236,,,,,,,,,,,,,0.08322163343216671,0.3245054378596719,0.21138830198092706,0.6560971228722674,0.19160072094917613,5873255000.0,504065000.0,618560000.0,1042745000.0,,,,0.0,,11138698240.0,0.161,0.28,BAJAJHCARE.NS,,,,,0.4052336298742622,,6.782768102658111,58.12043795620438,63.244729605866176,,25.18248175182482,25.364963503649633,39.48811700182816,56.75675675675676,83.67924528301887,20.763358778625953,61.605415860735015,77.01575532900834,43.02973977695167,70.85714285714285,48.79272750428471,Q3 (Medium)
2026-02-28,779.0,827.4500122070312,756.0,763.0499877929688,769605,0.0016408506432528114,-0.153107671705917,,,0.17851876450949383,41.11319192668932,0.9150908516285506,,0,18763100000.0,13473400000.0,2133800000.0,2649300000.0,1848100000.0,1329700000.0,295400000.0,233100000.0,0.7180796350283268,0.11372321204918164,0.0708678203495158,0.14119735011805085,,,,,,,,,,,,,0.09679550130939019,-0.13868376732737397,0.13855143873105247,-0.13323772896160613,-0.017831986357232932,69170300000.0,5826600000.0,8194400000.0,11078500000.0,,,,0.0,,150350872576.0,0.348,1.44,APLLTD.NS,,,,,0.22493851102038473,,38.4051329055912,97.71897810218978,18.606782768102658,,29.653284671532848,38.86861313868613,77.9707495429616,76.73745173745174,40.47169811320755,74.8854961832061,80.31914893617021,41.42724745134384,75.0,56.952380952380956,56.467797633521634,Q4 (High)
2026-02-28,128.0,135.39999389648438,116.0,116.2699966430664,59525094,-0.11420081129889781,-0.2437723795572917,,,0.3172291611756796,33.81866641067664,0.9451335321074293,,0,4060523000.0,3236317000.0,1698978000.0,1780528000.0,1432632000.0,626689000.0,170176000.0,444149000.0,0.7970197435157983,0.41841358859437566,0.15433701520715434,0.43849720836453826,,,,,,,,,,,,,0.3257699086381396,0.8111194920568865,0.14323960820650217,0.002848414729184512,-0.04892777039164542,13230077000.0,2202432000.0,5449499000.0,6588562000.0,,,,0.0,,92068118528.0,-0.445,,LEMONTREE.NS,,,,,0.3326251305347259,,41.79651695692026,65.32846715328466,8.890925756186984,,9.945255474452555,6.386861313868613,70.84095063985374,84.45945945945947,48.9622641509434,,12.330754352030947,87.85912882298425,67.28624535315984,57.904761904761905,47.46610608919377,Q3 (Medium)
2026-02-28,62.20000076293945,66.9000015258789,59.220001220703125,60.91999816894531,67595,0.010617110195898727,-0.202513435584599,,,0.3600424786238073,51.136358006648464,0.8535961880602003,,0,130118000.0,92324000.0,-7087000.0,619000.0,-6374000.0,-10847000.0,-4808000.0,9320000.0,0.7095405708664443,-0.05446594629490155,-0.08336279377180712,0.004757220369203338,801166000.0,323926000.0,494262000.0,306253000.0,494211000.0,408076000.0,729000.0,57796000.0,1.0577071898071202,0.4043182062144425,1.2110758780227213,1.0694453974259697,0.16789932861810208,-213.68627450980392,0.04837488115764543,-0.8230014849142503,-1.013146158093701,530297000.0,-41595000.0,8843000.0,11035000.0,-0.13581907769066753,-0.051918079399275556,0.014032520918659619,0.0,1.2998292488697722,662456640.0,0.165,,BANKA.NS,,,,,0.28046134592389166,,31.805682859761685,52.64598540145985,42.438130155820346,,17.974452554744524,44.981751824817515,7.678244972577697,25.675675675675674,17.452830188679243,,62.524177949709866,0.09267840593141798,7.992565055762081,37.333333333333336,33.23970055855155,Q1 (Lowest)
2026-02-28,193.50999450683594,228.8000030517578,190.10000610351562,206.41000366210938,9391359,0.09716684369770578,0.25225991245011836,,,0.5389350389064888,54.63530345323576,1.0430457356563039,,0,1774780000.0,806630000.0,211150000.0,237240000.0,213880000.0,139810000.0,52990000.0,21080000.0,0.4544957684896156,0.1189724923652509,0.07877596096417584,0.13367290593763734,,,,,,,,,,,,,0.35562175374274374,0.729465611083622,0.182768755039886,0.028090300757408704,0.09635380562872586,6209100000.0,499130000.0,726960000.0,856850000.0,,,,0.0,,13315390464.0,,,KROSS.NS,,,,,0.30432470505085846,,54.07882676443629,12.68248175182481,51.879010082493124,,96.98905109489051,77.55474452554745,42.96160877513711,36.969111969111964,51.132075471698116,,,86.5616311399444,49.814126394052046,66.0952380952381,55.114527070958275,Q4 (High)
2026-02-28,8065.0,10775.0,7866.5,10519.0,2398712,0.5100488084984209,0.1479864673141984,,,0.4900940079348878,82.82490597576265,1.26095522575116,,0,54610400000.0,10614700000.0,4038700000.0,4347400000.0,3941800000.0,2089300000.0,791500000.0,1061000000.0,0.19437140178427553,0.07395477784451314,0.038258280474048896,0.0796075472803715,,,,,,,,,,,,,0.07411982219424895,-0.2053174089992773,0.18117402777176972,0.08041162478022557,0.11657891357390526,204304600000.0,8967200000.0,16105900000.0,16321100000.0,,,,0.0,,422545653760.0,-0.488,0.48,APARINDS.NS,,,,,0.5077018227478804,,72.13565536205316,20.072992700729927,97.80018331805684,,92.7007299270073,99.17883211678831,88.93967093235831,89.96138996138995,56.509433962264154,36.10687022900763,10.589941972920697,36.144578313253014,86.2453531598513,65.9047619047619,63.48602625736283,Q5 (Highest)
2026-02-28,926.0999755859375,1113.199951171875,918.0,1071.1500244140625,18326532,0.09278719758658949,-0.08977737935962049,,,0.3160211965389267,71.71416137965463,0.563678351828758,,0,46725000000.0,19300000000.0,13176000000.0,15256000000.0,14281000000.0,9569000000.0,2854000000.0,1850000000.0,0.4130551096843232,0.28199036918138043,0.2047940074906367,0.32650615302300695,,,,,,,,,,,,,0.3381733825930062,0.41825996739291527,0.779525459877366,1.2627098604871128,0.9997378424433083,163621000000.0,34977000000.0,47336000000.0,54381000000.0,,,,0.0,,1069808025600.0,0.075,0.4,LODHA.NS,,,,,0.5824674192239748,,9.349220898258478,65.78467153284672,89.00091659028413,,49.908759124087595,76.45985401459853,94.24131627056673,92.66409266409266,89.71698113207547,29.312977099236644,51.06382978723404,79.8887859128823,94.9814126394052,94.95238095238095,67.82167990786331,Q5 (Highest)
2026-02-28,285.0,333.1499938964844,274.5,294.20001220703125,3622993,-0.03029973224559135,-0.2718253271362152,,,0.37886832777446766,57.94279931839736,0.7646287963517545,,0,3449632000.0,1111147000.0,659731000.0,772072000.0,685573000.0,413489000.0,160212000.0,110652000.0,0.32210595217113014,0.19124677646775076,0.11986466962273078,0.22381285887886013,,,,,,,,,,,,,0.14723792128908753,0.15035721837059457,0.6283969860584908,0.5671247517547715,0.7521167545290945,12663212000.0,1485086000.0,2363521000.0,2722123000.0,,,,0.0,,19925999616.0,-0.154,0.25,KPEL.NS,,,,,0.43198529286056153,,23.0980751604033,47.62773722627737,60.586617781851515,,7.116788321167883,24.817518248175183,49.63436928702011,67.85714285714286,81.60377358490565,18.549618320610687,27.756286266924562,67.28452270620944,66.17100371747212,93.52380952380952,49.04181753346467,Q3 (Medium)
2026-02-28,213.1300048828125,239.0,208.77000427246094,213.38999938964844,52284,-0.028057406406217122,-0.1765772548121859,,,0.5959606477905146,52.55955025340015,0.6197019193556003,,0,831900000.0,473900000.0,-11500000.0,65900000.0,52100000.0,28000000.0,4700000.0,19400000.0,0.5696598148815963,-0.01382377689626157,0.03365789157350643,0.07921625195335978,3149100000.0,815900000.0,1282400000.0,1866700000.0,2102900000.0,1221200000.0,139800000.0,1368300000.0,0.43708148068784486,0.25908989870121624,1.7219947592531937,0.6015394693743858,-0.07566666666666666,-1.856269113149847,0.12418918918918909,-0.2592592592592593,0.12265758091993195,3478000000.0,66100000.0,37400000.0,186400000.0,0.035410081962822096,0.020990124162459114,0.01394169835234474,1.0,2.324902353053253,1668344448.0,-0.367,3.05,ASPINWALL.NS,,,,,0.2751130979476449,,13.198900091659027,7.299270072992698,46.012832263978005,,23.722627737226276,25.821167883211675,16.453382084095065,35.03861003861004,33.679245283018865,92.21374045801527,16.150870406189554,5.746061167747914,27.323420074349443,53.52380952380953,33.07892913899355,Q1 (Lowest)
2026-02-28,111.5999984741211,123.36000061035156,109.05000305175781,112.30000305175781,887000,0.03464162617021471,0.035786800851688616,,,0.3538531056263607,52.43455557978179,1.4979083018960837,,0,1893482000.0,901030000.0,62668000.0,125053000.0,67863000.0,25684000.0,8486000.0,33693000.0,0.4758587617944084,0.033096696984708594,0.013564427863586768,0.06604393387420636,,,,,,,,,,,,,-0.07518045996716827,-0.6443693662508134,0.33271535857316814,-1.249482753596441,-6.463215377894277,7342901000.0,131450000.0,284718000.0,537484000.0,,,,0.0,,1726693376.0,0.093,,BHARATGEAR.NS,,,,,0.18499072549792997,,84.4179651695692,54.01459854014598,45.554537121906506,,81.75182481751825,56.20437956204379,17.001828153564897,45.94594594594595,10.754716981132075,,52.707930367504844,20.111214087117702,31.04089219330855,84.19047619047619,48.913087275348936,Q3 (Medium)
2026-02-28,139.0800018310547,155.38999938964844,133.61000061035156,137.27999877929688,7556607,-0.02920588908745736,-0.24876877173765743,,,0.30134675854919024,49.791823085719564,1.1368239801738553,,0,7186820000.0,2439410000.0,294560000.0,530760000.0,326060000.0,254050000.0,4050000.0,67960000.0,0.3394282867805232,0.04098613851466991,0.03534943132011098,0.07385185659304115,,,,,,,,,,,,,0.03716392709220262,0.18764901126642042,-0.06816310601060871,-0.0954890162708727,-0.347487736811694,28992240000.0,978630000.0,1251660000.0,2296240000.0,,,,0.0,,38046859264.0,-0.025,0.36,LXCHEM.NS,,,,,0.23646510069636958,,61.8698441796517,70.25547445255475,39.321723189734186,,9.124087591240876,25.18248175182482,59.14076782449725,58.397683397683394,41.88679245283019,27.25190839694657,40.522243713733076,69.78683966635774,26.6728624535316,18.571428571428573,43.19894250946764,Q2 (Low)
2026-02-28,1383.7179417847497,1801.300048828125,1382.8189452598913,1780.0,34331778,0.29132985519279986,0.24149036807449265,,,0.2597837521229263,87.2152242113224,1.7236525432111691,,0,43429340000.0,23687190000.0,5010590000.0,7327000000.0,4838550000.0,2642140000.0,1344150000.0,766380000.0,0.5454190646231326,0.115373385826264,0.06083767333328114,0.16871083005175763,,,,,,,,,,,,,0.07713606917982396,-0.11692886674086478,0.24956920425429674,0.24182306134055254,0.10811158246561248,155433160000.0,11290930000.0,19336740000.0,29427000000.0,,,,0.0,,850997805056.0,0.348,0.45,BHARATFORG.NS,,,,,0.4613360824788288,,93.58386801099908,83.94160583941606,99.45004582951421,,96.53284671532847,96.25912408759125,92.87020109689213,87.83783783783784,68.01886792452831,33.20610687022901,80.31914893617021,43.373493975903614,91.72862453531599,75.52380952380953,76.17637207890239,Q5 (Highest)
2026-02-28,571.0,682.0,562.4000244140625,633.0499877929688,2090454,0.07689038714678564,-0.2363691341459967,,,0.6000365289158042,62.13717536743402,1.0979613752100383,,0,1247203000.0,418085000.0,-72305000.0,27096000.0,-85096000.0,-156954000.0,102000.0,71655000.0,0.33521808398472425,-0.05797372200034798,-0.1258447903027815,0.021725412783644683,,,,,,,,,,,,,0.3693173521471289,-0.5249259938615767,0.2656100323099153,-0.5929510620088696,-1.1527766031225155,4291878000.0,-1052020000.0,-529061000.0,-57018000.0,,,,0.0,,14105405440.0,-0.336,,ASTEC.NS,,,,,0.2520051173772138,,57.470210815765356,6.84306569343066,72.13565536205316,,11.313868613138686,71.62408759124088,44.88117001828154,59.55598455598455,22.641509433962266,,17.263056092843325,23.076923076923077,17.843866171003718,77.71428571428571,42.15757887592753,Q2 (Low)
2026-02-28,391.1000061035156,429.29998779296875,381.1499938964844,397.3999938964844,12449348,-0.07846929128063163,-0.11527714640189579,,,0.5341138113153063,53.096847272559806,0.5783349246713617,,0,6628502000.0,3116494000.0,2026893000.0,2514973000.0,2184745000.0,1258006000.0,441688000.0,485041000.0,0.4701656573385661,0.30578447438048595,0.1897873757901861,0.3794180042489238,,,,,,,,,,,,,0.04501402259096232,0.07851148977905198,0.44614993920652357,0.4773738571839603,0.7399022323565794,24695005000.0,4448724000.0,7183337000.0,8628616000.0,,,,0.0,,78516944896.0,0.292,0.21,KPIGREEN.NS,,,,,0.5315166837156412,,10.449129239230064,13.594890510948915,47.47937671860678,,40.784671532846716,11.496350364963504,69.10420475319927,85.71428571428571,79.33962264150944,14.122137404580155,74.90328820116055,62.65060240963856,80.76208178438662,89.80952380952381,52.01401100565867,Q3 (Medium)
2026-02-28,556.5499877929688,640.2000122070312,519.0999755859375,630.7999877929688,15245002,0.10948905344567117,-0.029837010227378058,,,0.28247481221874876,77.79903761654299,1.2600144919632044,,0,11857600000.0,9182800000.0,1435800000.0,2021800000.0,1345100000.0,524500000.0,444000000.0,314600000.0,0.7744231547699366,0.12108689785454055,0.04423323438132506,0.17050667926055862,,,,,,,,,,,,,0.10009555883362564,-0.38669317118802615,0.0914178417584035,-0.45838496489054115,-0.19890641096758854,42447400000.0,2737800000.0,5526000000.0,7981500000.0,,,,0.0,,326083575808.0,-0.127,0.79,ASTERDM.NS,,,,,0.25866246653191444,,72.04399633363886,76.18613138686132,94.31714023831348,,67.6094890510949,80.2007299270073,86.92870201096892,80.6949806949807,26.41509433962264,54.656488549618324,30.077369439071568,27.61816496756256,80.94795539033457,44.57142857142857,61.484511393366915,Q5 (Highest)
2026-02-28,4.090000152587891,4.409999847412109,3.809999942779541,3.990000009536743,3888679,0.0257069156647316,-0.09728508129749758,,,0.27781597197211644,55.17240812322128,0.8423833380404134,,0,683346000.0,204310000.0,52121000.0,69992000.0,52478000.0,20692000.0,6077000.0,25708000.0,0.298984701746992,0.07627322030128222,0.030280414314271246,0.10242541845565789,2827937000.0,1015748000.0,1264105000.0,1563832000.0,2084375000.0,978362000.0,6604000.0,866537000.0,0.6495250129169885,0.3591833905776543,2.1304742007559576,1.2447723848636802,0.08628492672481625,0.27807288449660295,0.001062082766278838,0.23911611473740946,0.08000678939003514,2834750000.0,83045000.0,211541000.0,275491000.0,0.05310353030248773,0.029365930004805623,0.08200598547050295,1.0,2.3071616517623976,957798080.0,-0.006,0.5,BHANDARI.NS,,,,,0.36110424738640157,,30.614115490375802,77.82846715328468,53.437213565536204,,46.98905109489051,51.64233576642335,10.420475319926874,41.11969111969112,67.83018867924528,37.55725190839695,42.649903288201166,74.88415199258573,29.08921933085502,26.0,46.00413764729418,Q2 (Low)
2026-02-28,904.0,1055.0,889.9000244140625,933.0499877929688,1003112,0.059441324923737326,-0.20231681051351347,,,0.32203336231075413,53.353011899407946,1.1361637035754701,,0,6699800000.0,2021000000.0,283000000.0,362900000.0,286800000.0,129100000.0,64000000.0,97700000.0,0.3016507955461357,0.042240066867667694,0.019269231917370667,0.05416579599391027,,,,,,,,,,,,,-0.13566581520757537,-0.4494669509594883,0.219608985327848,-0.5973175296319402,-0.3288329942666913,28600900000.0,1080200000.0,1669800000.0,2068100000.0,,,,0.0,,28058380288.0,0.003,0.21,LUXIND.NS,,,,,0.24009653708823417,,61.4115490375802,63.503649635036496,48.02933088909258,,18.15693430656934,66.14963503649635,54.6617915904936,64.96138996138995,22.452830188679247,14.122137404580155,43.520309477756285,24.930491195551436,51.85873605947955,72.66666666666667,47.09503009662478,Q3 (Medium)
2026-02-28,1465.0,1653.0,1424.0999755859375,1636.5999755859375,10758593,0.21427505289743531,0.12666942247866952,,,0.28304203446125525,79.50420000443272,1.440266994268478,,0,15415000000.0,6167000000.0,1639000000.0,2264000000.0,1530000000.0,1077000000.0,366000000.0,87000000.0,0.40006487187804085,0.10632500810898475,0.06986701265001621,0.14686993188452804,,,,,,,,,,,,,0.13245665589186006,0.32799013563501855,0.12485405720957377,-0.020909090909090877,0.040919540229884976,59681000000.0,4822000000.0,6704000000.0,9463000000.0,,,,0.0,,439672864768.0,0.144,0.23,ASTRAL.NS,,,,,0.2174107401090483,,82.49312557286893,75.63868613138686,95.50870760769936,,91.6970802919708,91.87956204379562,89.12248628884826,63.030888030888036,47.16981132075472,16.6412213740458,59.4294003868472,77.2937905468026,78.15985130111525,53.61904761904762,68.1122439010714,Q5 (Highest)
2026-02-28,72.30000305175781,73.8499984741211,61.97999954223633,62.900001525878906,492262,-0.14758096292904233,-0.2155150750003354,,,0.3898592381722491,26.258987869806248,1.2690906414896252,,0,307280000.0,191746000.0,-5059000.0,28109000.0,6563000.0,-3000.0,-89000.0,8164000.0,0.6240106743035668,-0.01646381150741994,-9.763082530590992e-06,0.09147682895079406,,,,,,,,,,,,,-0.16182267017634788,-0.9999106451420742,-0.0908230170189599,-1.0001111440426793,-0.5330343051748484,1289116000.0,-6535000.0,-9320000.0,103990000.0,,,,0.0,,2248154880.0,0.163,,LYKALABS.NS,,,,,0.21347188755810687,,72.59395050412466,43.61313868613139,3.5747021081576533,,15.237226277372262,3.7408759124087596,19.10420475319927,24.13127413127413,14.245283018867925,,61.89555125725339,12.604263206672844,11.245353159851302,16.19047619047619,29.878419947052645,Q1 (Lowest)
2026-02-28,953.2999877929688,986.9000244140625,872.75,899.9000244140625,3017232,0.016376778405439607,-0.07853773611437664,,,0.3220817075062646,34.742697880311766,0.8605461556452562,,0,2602451000.0,1438809000.0,711673000.0,906398000.0,792806000.0,468149000.0,194447000.0,130210000.0,0.5528668935553446,0.2734625935320204,0.17988772891401222,0.3482862885794968,,,,,,,,,,,,,0.2127651939855033,0.9584546519410977,0.006600951115597775,-0.012908231791528446,0.05370121506061354,10824095000.0,1604778000.0,2494695000.0,3106083000.0,,,,0.0,,85441011712.0,0.061,0.24,ASTRAMICRO.NS,,,,,0.295692501179058,,32.44729605866178,63.41240875912409,9.624197983501375,,54.28832116788321,47.53649635036496,70.20109689213893,70.17374517374517,47.54716981132076,17.709923664122137,49.56479690522244,89.06394810009269,69.14498141263941,27.23809523809524,49.86349850112748,Q3 (Medium)
2026-02-28,2135.300048828125,2263.0,2078.199951171875,2219.39990234375,11828291,0.036763653462407175,0.09362366987481696,,,0.1697685025323379,67.08425712400175,0.9544142429851102,,0,71004500000.0,52223200000.0,18965300000.0,19499800000.0,16370200000.0,11755500000.0,3415300000.0,1149800000.0,0.7354914125161082,0.2670999725369519,0.16555992930025562,0.2746276644438029,,,,,,,,,,,,,0.15196917460961257,-0.03566770300977007,0.29169312044184026,0.3787340346926569,0.410320760857773,244449600000.0,40222600000.0,73547900000.0,64061200000.0,,,,0.0,,1014361686016.0,0.297,0.54,LUPIN.NS,,,,,0.42962860807088293,,43.07974335472044,98.26642335766424,83.22639780018332,,88.95985401459853,57.66423357664233,93.87568555758683,90.63706563706563,75.84905660377359,40.0763358778626,75.62862669245648,50.69508804448564,95.4460966542751,80.47619047619048,71.59205317650034,Q5 (Highest)
2026-02-28,159.0500030517578,179.60000610351562,144.58999633789062,157.85000610351562,1566329,-0.03650122481049456,0.10330606012903254,,,0.5623780091177293,40.10978196165708,0.6352516302787713,,0,5773241000.0,529376000.0,267368000.0,291388000.0,272913000.0,128413000.0,49234000.0,95265000.0,0.09169476902142142,0.04631159516812134,0.02224279222017581,0.05047216979163004,,,,,,,,,,,,,0.1888810795816911,0.6959599561525154,0.41494415701229603,2.4433539806397984,1.7445934744932559,19113066000.0,289766000.0,601937000.0,719040000.0,,,,0.0,,5084646912.0,0.669,,BHAGYANGR.NS,,,,,0.4574990692952419,,14.115490375802016,9.671532846715323,16.13198900091659,,89.96350364963503,23.083941605839417,27.97074954296161,64.57528957528957,94.0566037735849,,95.84139264990328,85.82020389249305,48.605947955390334,88.09523809523809,53.86212553091794,Q4 (High)
2026-02-28,77.0,103.30000305175781,76.0199966430664,92.94999694824219,5935771,0.12748658655494172,-0.0895288443286596,,,0.3516509207192976,74.2155873803804,1.690573384600034,,0,1371125000.0,1189038000.0,115919000.0,145408000.0,125003000.0,85579000.0,35347000.0,4077000.0,0.8671988330750297,0.08454298477527578,0.06241517002461482,0.10605014130732063,,,,,,,,,,,,,0.016543459387564408,0.3256347104109547,0.2441236170481118,1.3916773796881112,0.31330665920031797,5111108000.0,266860000.0,335720000.0,497755000.0,,,,0.0,,5411087360.0,-0.279,4.84,APTECHT.NS,,,,,0.2984172577396569,,92.3923006416132,54.47080291970803,91.10907424381301,,50.0,84.12408759124088,28.793418647166362,16.216216216216218,90.18867924528303,97.55725190839695,19.294003868471954,77.20111214087117,44.42379182156134,75.14285714285714,61.394239759146615,Q5 (Highest)
2026-02-28,8574.0,9220.0,8430.5,8889.5,119707,0.07653648198607321,-0.026714840970055276,,,0.17980899981827003,61.66965888689407,0.9676821320418196,,0,6115700000.0,2451800000.0,409900000.0,514400000.0,476000000.0,325900000.0,139500000.0,10600000.0,0.40090259496051145,0.0670242163611688,0.05328907565773337,0.08411138545056167,,,,,,,,,,,,,0.09386681929564111,-0.398930284028034,0.3890163301460401,0.05640194489465156,0.000388953714507867,21744500000.0,2008900000.0,2476500000.0,3163300000.0,,,,0.0,,222237507584.0,0.176,0.36,ASTRAZEN.NS,,,,,0.256299730468971,,44.087992667277724,97.62773722627738,71.21906507791017,,68.15693430656934,71.44160583941606,83.54661791590493,28.37837837837838,54.43396226415095,27.25190839694657,63.58800773694391,26.7840593141798,63.56877323420075,87.04761904761905,59.14217742705168,Q4 (High)
2026-02-28,185.89999389648438,188.0,156.41000366210938,157.17999267578125,952032,0.0006365599921123177,-0.15480996050946316,,,0.3381942428311612,30.81550874864344,1.035981505915586,,0,2415370000.0,576124000.0,115764000.0,227073000.0,145424000.0,111879000.0,29620000.0,7406000.0,0.2385241184580416,0.04792806071119539,0.04631961148809499,0.09401168351018685,,,,,,,,,,,,,0.5337269825385103,-0.0071879242871975,0.870841114401256,0.7082588978974853,0.3454104849030668,7495860000.0,503643000.0,635273000.0,1019276000.0,,,,0.0,,6880216064.0,0.498,0.95,BHAGERIA.NS,,,,,0.3135566528390247,,52.70394133822182,58.394160583941606,6.416131989000917,,29.288321167883215,38.41240875912409,32.541133455210236,22.972972972972975,84.81132075471697,60.534351145038165,89.41005802707932,53.29008341056534,42.193308550185876,95.42857142857143,51.09311757216746,Q3 (Medium)
2026-02-28,988.7472734981378,1060.583602718229,812.9000244140625,835.4000244140625,23557444,-0.24898790112350078,-0.2836826615247321,,,0.3288462227443614,14.796619888109817,1.317432377465819,,0,16174590000.0,5948500000.0,5110510000.0,2854020000.0,2043910000.0,1333040000.0,476320000.0,233490000.0,0.36776820927145604,0.3159591680531006,0.08241569028952202,0.17645084048498294,,,,,,,,,,,,,0.01873640731846038,-0.2116247848740589,0.0943876618956696,-0.2870300048136064,-0.12268222506393867,62722750000.0,7190150000.0,15629490000.0,13009290000.0,,,,0.0,,227562455040.0,-0.37,0.99,KPITTECH.NS,,,,,0.32762212961681153,,75.25206232813932,61.13138686131387,0.6416131989000917,,6.386861313868613,0.8211678832116789,83.72943327239489,76.93050193050193,32.83018867924528,62.44274809160305,15.909090909090908,35.77386468952734,81.87732342007436,45.33333333333333,45.270638394080315,Q2 (Low)
2026-02-28,1270.0,1823.9000244140625,1221.199951171875,1720.199951171875,6445273,0.2336488246224151,0.2348886943085966,,,0.5239068891611953,70.30352631971977,1.7132188124487129,,0,12706624000.0,4503680000.0,1283358000.0,1759411000.0,1283772000.0,824681000.0,-69990000.0,273132000.0,0.354435607758599,0.10099913242101127,0.06490166074009902,0.13846407983741393,,,,,,,,,,,,,0.09884463535733001,0.2335478293126556,0.40311862196798653,0.8401609257470037,0.38734897672416113,43892473000.0,2491208000.0,4585524000.0,6477305000.0,,,,0.0,,117244878848.0,0.2,0.32,LUMAXTECH.NS,,,,,0.3337086194564445,,93.03391384051329,14.96350364963503,88.08432630614116,,96.35036496350365,93.43065693430657,74.13162705667276,79.44015444015444,86.13207547169812,23.206106870229007,65.95744680851064,73.30861909175162,2.41635687732342,87.42857142857143,65.19224824926741,Q5 (Highest)
2026-02-28,1757.4000244140625,2211.60009765625,1680.0,1700.5,961981,-0.07480957562568014,-0.26483942405993044,,,0.48001273936384686,46.54373812797213,1.326498293421463,,0,2069158000.0,1103777000.0,370418000.0,428295000.0,357816000.0,255340000.0,67407000.0,35069000.0,0.5334425887244957,0.17901871195916408,0.12340285275459872,0.20698999303098167,,,,,,,,,,,,,-0.10919589219553316,-0.20337941340721122,0.2048369139897146,-0.15489228467692018,0.0781280679054921,8324980000.0,1153832000.0,1677334000.0,1860944000.0,,,,0.0,,34273128448.0,-0.132,1.0,ANUP.NS,,,,,0.2824106377420764,,76.07699358386802,22.44525547445255,31.072410632447294,,7.481751824817519,12.408759124087592,57.769652650822664,46.42857142857143,39.24528301886793,63.12977099236641,29.883945841392652,36.23725671918443,52.78810408921933,69.9047619047619,42.991501152323984,Q2 (Low)
2026-02-28,216.8800048828125,237.5,201.6999969482422,205.3800048828125,972683,-0.007442457470328456,-0.19732673309838766,,,0.468885164383307,43.43541843235701,0.7667548094249369,,0,1139718000.0,489730000.0,87974000.0,142613000.0,93856000.0,46158000.0,16733000.0,30965000.0,0.42969401202753665,0.07718926962634616,0.04049949197959495,0.12513007603635284,,,,,,,,,,,,,-0.18648052923256142,-0.16141925403775226,0.10941650694578975,0.2842714448679782,0.22847987320073382,5003059000.0,132150000.0,276601000.0,448342000.0,,,,0.0,,26678708224.0,-0.1,0.07,BHAGCHEM.NS,,,,,0.40529745292472813,,23.464711274060495,24.178832116788314,23.006416131989003,,18.97810218978102,34.12408759124087,53.65630712979891,44.4980694980695,70.66037735849056,3.5114503816793894,32.495164410058024,38.92493049119555,36.43122676579926,49.714285714285715,36.90959740354911,Q1 (Lowest)
2026-02-28,4.539999961853027,4.659999847412109,3.819999933242798,4.010000228881836,1444673,-0.1832993170060142,-0.4367977116102215,,,0.45843475115895554,39.28571884729666,0.8894965734788688,,0,0.0,0.0,-26229000.0,-8532000.0,-26221000.0,-47543000.0,0.0,21322000.0,,,,,2072735000.0,766516000.0,1259681000.0,813054000.0,669133000.0,1066713000.0,1599000.0,163477000.0,0.9427614893967682,0.3698089722033931,0.627284939810427,0.47403190923894245,-1.0,-0.09626095386545519,-1.0,-0.3999444661811664,-0.8823107481792098,35228000.0,-492925000.0,-250116000.0,-196467000.0,-0.6062635446108131,-0.23781380639589722,-0.1583443595408877,0.0,0.294238433760225,189521824.0,-0.205,,ASTRON.NS,,,,,0.34578972378580647,,35.56370302474794,26.094890510948915,14.757103574702107,,0.6386861313868614,2.0985401459854014,1.3711151736745886,37.06563706563706,28.39622641509434,,23.74274661508704,45.8758109360519,14.312267657992564,0.38095238095238093,25.353178642150738,Q1 (Lowest)
2026-02-28,14.9399995803833,16.899999618530273,14.479999542236328,14.529999732971191,6301034,-0.006155961237509167,-0.16205307929004398,,,0.30661547833508185,46.136860090676976,1.0001622309963187,,0,1748900000.0,152000000.0,255600000.0,305300000.0,255600000.0,184300000.0,68400000.0,5200000.0,0.08691177311452913,0.14614900794785293,0.10538052490136657,0.1745668706043799,5704800000.0,347900000.0,2472500000.0,3265800000.0,2739200000.0,2064500000.0,190400000.0,,0.10652826260028171,0.06098373299677465,1.326810365705982,,0.025447082966871815,1.4186351706036744,-0.015259009009009006,-2.843,9.27946127946128,7138500000.0,642400000.0,243100000.0,832800000.0,0.1967052483311899,0.11260692749964941,0.06727177131471898,1.0,2.3425431215818255,3018435072.0,-0.555,,3IINFOLTD.NS,,,,,0.3338532401105525,,48.85426214482126,68.15693430656934,29.789184234647117,,27.37226277372263,34.85401459854015,22.577696526508227,18.53281853281853,4.245283018867925,,8.317214700193423,92.40037071362373,53.159851301115246,23.42857142857143,38.779230951999935,Q1 (Lowest)
2026-02-28,1158.300048828125,1159.300048828125,1075.0,1135.5999755859375,2634337,0.05696197857520624,-0.07727307983995868,,,0.26040541364678116,52.151357234841655,1.214878552073277,,0,66654200000.0,15711000000.0,3855700000.0,5120100000.0,3844300000.0,1521700000.0,984400000.0,1369400000.0,0.23570907759751072,0.05784631726132787,0.0228297691668342,0.07681586456667397,,,,,,,,,,,,,0.08009016118499401,-0.2876603314296414,0.35203136758534104,0.21250996015936252,0.12430830039525698,254260800000.0,7331600000.0,17209300000.0,20325200000.0,,,,0.0,,193929297920.0,0.121,0.79,KPIL.NS,,,,,0.2883777157206788,,68.6526122823098,83.75912408759125,44.63794683776352,,55.1094890510949,64.96350364963503,81.99268738574041,91.6023166023166,66.22641509433961,54.656488549618324,56.38297872340425,31.69601482854495,89.03345724907064,85.61904761904762,64.95547213069845,Q5 (Highest)
2026-02-28,10.510000228881836,16.700000762939453,10.100000381469727,10.970000267028809,100194176,-0.0018197911288327928,-0.14095537401805902,,,0.7111711641321783,51.71756023891362,2.9223297461512825,,0,483404000.0,32907000.0,25358000.0,27458000.0,26859000.0,24450000.0,2371000.0,38000.0,0.06807349546135323,0.05245715798793556,0.05057881192542883,0.056801350423248465,,,,,,,,,,,,,2.8994571135866805,1.4345315144877029,4.552283377745107,-8.523076923076923,-9.874595992243052,784760000.0,48274000.0,23209000.0,44002000.0,,,,0.0,,3355293184.0,-0.642,,ASMS.NS,,,,,0.21039580228508925,,99.6333638863428,2.0072992700729912,43.81301558203483,,33.12043795620438,36.95255474452554,24.04021937842779,3.474903474903475,1.6037735849056605,,5.899419729206963,92.49304911955515,23.42007434944238,98.66666666666667,41.00831851615257,Q2 (Low)
2026-02-28,1800.0,1995.0,1584.800048828125,1591.5,264521,-0.04126506024096388,-0.39255725190839696,,,0.5505465658370894,26.354082457558604,0.41475040258981605,,0,2704600000.0,1018300000.0,360600000.0,597900000.0,530800000.0,400300000.0,116600000.0,13900000.0,0.376506692302004,0.13332840346077054,0.14800709901649042,0.22106781039710124,,,,,,,,,,,,,-0.05420338508882361,0.43579626972740315,0.054836193447737935,-0.012336540833950194,0.0,12290171000.0,1327020000.0,1626480000.0,2080856000.0,,,,0.0,,26452436992.0,-0.045,0.02,BHARATRAS.NS,,,,,0.36579265785928355,,3.9413382218148487,11.131386861313857,3.666361136571952,,1.3686131386861315,21.532846715328464,53.56489945155393,30.30888030888031,47.735849056603776,0.38167938931297707,37.765957446808514,80.63021316033364,61.43122676579925,38.476190476190474,32.79569614194654,Q1 (Lowest)
2026-02-28,65.56999969482422,83.3499984741211,58.04999923706055,72.98999786376953,1093342,0.11214385065311361,-0.11096225066585286,,,0.4192200689080313,58.64197409735049,2.376799983203763,,0,2828600000.0,51800000.0,-194400000.0,99600000.0,94000000.0,48100000.0,14600000.0,39500000.0,0.018312946333875417,-0.0687265785194089,0.0170048787385986,0.03521176553772184,15304900000.0,2562500000.0,3644300000.0,11212100000.0,9725300000.0,2321600000.0,261300000.0,807400000.0,0.228547729684894,0.16743003874576115,4.189050654720882,3.841273259820813,0.1386820176321404,-0.7736470588235294,0.06378337720947735,-1.04004329004329,-1.0835710689713038,9755900000.0,457000000.0,350600000.0,662600000.0,0.04075953657209622,0.02985971812948794,0.025452644722895764,1.0,2.2638161634509206,4390606848.0,-0.066,,KOTHARIPRO.NS,,,,,0.25333952619058914,,98.71677360219981,34.76277372262774,62.69477543538039,,42.153284671532845,81.02189781021897,26.691042047531994,49.56563706563706,13.30188679245283,,35.29980657640232,17.145505097312327,34.85130111524163,40.476190476190474,45.77872496084856,Q2 (Low)
2026-02-28,125.0,146.8300018310547,119.80999755859375,129.97999572753906,2878607,-0.03967499175337741,0.010652321831007283,,,0.505604906828531,59.20261791132528,0.8573578662417006,,0,1942798000.0,632244000.0,158182000.0,178300000.0,134139000.0,93396000.0,14049000.0,26694000.0,0.32542961234261103,0.08141968439333373,0.048072933984902186,0.0917748525580117,,,,,,,,,,,,,0.6477054820951358,-1.9411883263463399,0.16865021002400704,-0.10153822474050278,-0.10899896058207403,6141568000.0,165430000.0,375889000.0,479896000.0,,,,0.0,,6276162560.0,0.312,2.31,KOPRAN.NS,,,,,0.24728147551801408,,32.35563703024748,17.518248175182478,63.88634280476627,,76.82481751824818,21.98905109489051,31.078610603290674,41.891891891891895,41.69811320754717,87.02290076335878,77.321083172147,5.4680259499536605,34.572490706319705,63.04761904761905,46.31165546436419,Q2 (Low)
2026-02-28,253.5,277.0,249.5,257.29998779296875,295618346,0.019615540201027848,-0.08920358303373899,,,0.3719735821914201,49.320934627796696,1.347759261451667,,0,84731000000.0,26107000000.0,4673100000.0,7802900000.0,7023000000.0,3904000000.0,1294300000.0,1824700000.0,0.30811627385490553,0.055152187511064425,0.04607522630442223,0.09209026212366195,,,,,,,,,,,,,0.5442389250051487,-1.857080131723381,0.2869032973375252,2.677814413565709,0.9367321105016257,292461600000.0,5740500000.0,6771800000.0,18491800000.0,,,,0.0,,895934857216.0,0.568,0.19,BHEL.NS,,,,,0.26220486258834097,,76.993583868011,50.0,38.03849679193401,,50.27372262773723,49.17883211678832,93.14442413162706,92.47104247104248,94.52830188679245,12.366412213740457,92.98839458413927,5.653382761816497,91.07806691449815,80.0,61.78097735787512,Q5 (Highest)
2026-02-28,13.100000381469727,16.299999237060547,13.100000381469727,16.0,428947,0.2298231912771569,-0.03147702441614009,,,0.3276878642236415,84.98584212285218,1.2897655836100788,,0,52119000.0,16423000.0,9606000.0,36432000.0,34945000.0,29608000.0,1570000.0,3767000.0,0.31510581553751993,0.1843089852069303,0.5680845756825725,0.6990157140390261,1590814000.0,308843000.0,399963000.0,1102584000.0,991317000.0,310010000.0,8380000.0,398877000.0,0.28010836362580993,0.19414148982847776,3.1976936227863617,1.9110351278991,-0.04437191734355228,1.629718447464251,-0.6364010548199411,-0.15039168986197593,-0.23990736683983227,240373000.0,45624000.0,1770000.0,67469100.0,0.04137916022724799,0.02867965708121754,0.0012540499792054423,1.0,1.707853652281159,399936000.0,0.522,,ASHOKAMET.NS,,,,,0.26786203362665667,,73.32722273143905,61.77007299270073,98.25847846012832,,67.42700729927007,93.06569343065694,4.113345521023766,15.54054054054054,39.716981132075475,,90.52224371373308,93.3271547729379,22.304832713754646,2.761904761904762,54.142365204677695,Q4 (High)
2026-02-28,867.6500244140625,1015.0,821.0,898.5,617479,0.07876092407619573,-0.07342478221174864,,,0.48210380431861843,59.799241111920836,1.8987183228660676,,0,857137000.0,326747000.0,123929000.0,143389000.0,125738000.0,93761000.0,31400000.0,568000.0,0.38120743825082803,0.14458482132961242,0.10938858082196895,0.16728830980345033,2532371000.0,13059000.0,979428000.0,1552943000.0,1928486000.0,945569000.0,863000.0,1328856000.0,0.008409194671021409,0.005156827336910745,2.039497910781762,0.6341472700564422,0.40453245721121145,1.0581030357574028,0.2055355758993307,0.12928324520938972,0.11361447654551093,2869571000.0,270570000.0,375957000.0,434703000.0,0.17423047722936386,0.10684453423293823,0.24007440603524133,1.0,2.62130904200056,8988737536.0,-1.147,0.17,MACPOWER.NS,,,,,0.3523728454461004,,95.23373052245645,21.80656934306569,65.53620531622364,,55.74817518248175,72.62773722627736,36.10603290676417,6.563706563706563,60.84905660377359,10.763358778625955,1.4506769825918762,90.26876737720112,42.93680297397769,70.0952380952381,48.665737191492255,Q3 (Medium)
2026-02-28,408.70001220703125,434.8999938964844,404.1000061035156,421.3500061035156,241553976,-0.0005929791185501632,0.009076560415464785,,,0.16636149441386666,59.776951571644645,0.8767277315537111,,0,204589600000.0,,,,,49242900000.0,16293400000.0,73844300000.0,,,0.24069112017424152,,,,,,,,,,,,,,0.06745110397585741,0.10109387368129186,0.2195301649370236,0.047493948121897,,,,,,,,,0.0,,4190533320704.0,0.143,0.12,KOTAKBANK.NS,,,,,0.31869749740955194,,34.37213565536205,98.72262773722628,65.35288725939506,,76.27737226277372,37.31751824817518,99.17733089579525,99.32432432432432,53.67924528301887,6.870229007633588,59.284332688588,64.13345690454125,99.1635687732342,72.57142857142857,64.41643050743309,Q5 (Highest)
2026-02-28,1582.5999755859375,1743.300048828125,1551.0999755859375,1688.0999755859375,2619513,0.025826446664152014,-0.04047068224070938,,,0.26821049773700617,65.06869087163062,0.7838279813492446,,0,23598000000.0,14439000000.0,6876000000.0,12828000000.0,7160000000.0,4737000000.0,953000000.0,1470000000.0,0.6118738876175948,0.2913806254767353,0.20073735062293416,0.5436053902873125,192031000000.0,63599000000.0,124848000000.0,67183000000.0,24325000000.0,62589000000.0,244000000.0,,0.9466531711891402,0.3311913180684369,0.38864656728818164,,0.04277507733097652,0.20965270684371817,0.125,0.8715922560252864,0.22055185537583255,91625000000.0,15946000000.0,26290000000.0,47131000000.0,0.23735171099831803,0.08303867604709657,0.20102154730773347,3.0,0.8508647041363113,844050006016.0,,0.59,BHARTIHEXA.NS,12201000000.0,8082000000.0,-4119000000.0,47984000000.0,0.41016961052136386,,25.20623281393217,80.83941605839416,79.28505957836846,,64.87226277372264,51.91605839416058,92.77879341864717,91.6988416988417,86.41509433962264,43.4351145038168,,71.73308619091752,88.66171003717473,53.714285714285715,65.37039703479229,Q5 (Highest)
2026-02-28,189.77000427246094,215.4199981689453,185.52000427246094,208.85000610351562,267020069,0.15233943816776674,0.4434308008812955,,,0.28634045887505283,66.53698957763618,1.0140489136807516,,0,147619500000.0,57861400000.0,29033200000.0,26819300000.0,23997100000.0,8134900000.0,3373500000.0,12001200000.0,0.3919631214033376,0.1966759134125234,0.05510721821981513,0.18167857227534304,,,,,,,,,,,,,0.17921547795453918,0.0763724413512048,0.2357077384764128,0.06768427131457377,0.11228019243530185,535740800000.0,33104200000.0,104708400000.0,105158000000.0,,,,0.0,,1226754490368.0,0.257,1.5,ASHOKLEY.NS,,,,,0.46678620775274926,,50.41246562786434,74.9087591240876,81.75985334555453,,99.36131386861314,87.86496350364963,95.24680073126143,96.23552123552123,55.75471698113208,76.94656488549619,71.80851063829788,62.18721037998146,95.35315985130111,74.19047619047619,74.80202109088246,Q5 (Highest)
2026-02-28,252.60000610351562,316.95001220703125,244.1999969482422,309.6000061035156,2494511,0.29947536664644536,0.014416755309628382,,,0.4618549219525626,86.46423935335987,1.1102024703277005,,0,2354497000.0,480963000.0,236982000.0,280120000.0,280120000.0,174469000.0,64062000.0,40783000.0,0.20427420378959923,0.10065079717663687,0.07410032801061119,0.11897233251942985,,,,,,,,,,,,,1.3083779175845778,-5.58802955794567,1.5679417503471007,1.113392446156455,1.3576941528983006,6672420000.0,417173000.0,599378000.0,650518000.0,,,,0.0,,13853692928.0,0.415,0.32,ASIANENE.NS,,,,,0.40097723460204293,,58.38680109990834,25.27372262773723,98.9000916590284,,77.91970802919708,96.44160583941606,44.515539305301644,50.19305019305019,89.05660377358491,23.206106870229007,85.00967117988395,2.2242817423540315,51.951672862453535,97.33333333333334,60.02747923436519,Q4 (High)
2026-02-28,147.5,155.5,142.5,145.10000610351562,662227,-0.032537603434051765,0.0365026102567092,,,0.5484604374400265,38.06611147322988,0.6117363724774807,,0,1910800000.0,303700000.0,61100000.0,113100000.0,94600000.0,57700000.0,20000000.0,16900000.0,0.15893866443374502,0.03197613564998953,0.03019677621938455,0.05918986811806573,3048800000.0,828100000.0,1178600000.0,1870200000.0,1927800000.0,1020600000.0,300000.0,644700000.0,0.4427868677146829,0.27161506166360533,1.8888888888888888,1.257201646090535,-0.09522231166248407,1.1135531135531136,-0.06989875389408096,0.12475633528265107,0.29850746268656714,8268898000.0,154870000.0,220220000.0,328066000.0,0.08280932520586033,0.05079703489897665,0.08161434977578476,1.0,4.030437549199686,7864304128.0,0.616,,MAANALU.NS,,,,,0.46383861198751064,,12.37396883593034,11.496350364963504,13.290559120073327,,82.11678832116789,24.087591240875913,34.09506398537477,33.108108108108105,60.28301886792453,,94.63249516441006,90.7321594068582,38.28996282527881,18.476190476190478,44.19881711447706,Q2 (Low)
2026-02-28,1936.0999755859375,2057.0,1926.5,1977.4000244140625,97606105,-0.00936824377565848,-0.08567990518398372,,,0.14667944656351353,52.31124720451566,0.9736630039113972,,0,539816000000.0,387877000000.0,173627000000.0,313446000000.0,179245000000.0,66305000000.0,37985000000.0,56232000000.0,0.7185355750848437,0.32164107770054984,0.12282888984394683,0.5806534078278525,,,,,,,,,,,,,0.09136195832811045,0.11476319373224153,0.301598859989439,0.8452911054213514,0.40425875068881023,1964497000000.0,383814000000.0,610592000000.0,1173189000000.0,,,,0.0,,12045276676096.0,-0.018,0.81,BHARTIARTL.NS,,,,,0.45162087777551135,,45.18790100824931,99.27007299270073,45.18790100824931,,51.277372262773724,33.57664233576642,99.90859232175502,98.84169884169884,86.22641509433963,55.648854961832065,41.295938104448744,65.06024096385542,99.81412639405205,81.42857142857143,66.84828851455285,Q5 (Highest)
2026-02-28,305.04998779296875,324.8999938964844,247.5,297.8500061035156,539814,-0.036240032783809495,-0.10756552478347381,,,0.41798870891827816,47.49920133184599,1.5888664560756032,,0,909844000.0,598840000.0,50551000.0,-307033000.0,-352235000.0,-564737000.0,0.0,212502000.0,0.6581787647113132,0.05556007403466968,-0.6206965150069682,-0.3374567508276144,,,,,,,,,,,,,0.18319676554772557,-0.11102978099110461,0.05224785958062461,-1.6253745689550163,-1.2223993660488444,3296807000.0,406256000.0,436956000.0,1223277000.0,,,,0.0,,12720829440.0,0.07,,ASIANHOTNR.NS,,,,,0.23449760046115592,,88.17598533455545,35.12773722627736,33.27222731439047,,43.613138686131386,23.175182481751825,41.681901279707496,76.06177606177607,7.641509433962264,,50.67698259187621,44.57831325301205,14.312267657992564,38.0,43.08780142142888,Q2 (Low)
2026-02-28,24.030000686645508,28.8799991607666,23.510000228881836,25.239999771118164,665685,0.028105928940967084,-0.12513000217047676,,,0.28683903158662516,56.85752418153581,1.2046530062403618,,0,700891000.0,102066000.0,-96590000.0,163381000.0,127070000.0,119619000.0,1553000.0,5898000.0,0.14562321388061766,-0.13781030145914272,0.17066705093944706,0.2331047195640977,,,,,,,,,,,,,0.03010702433547019,-2.6539323046291687,-0.15302228344934266,1.2131584303132343,0.3015398832142373,2400922000.0,52856000.0,-283234000.0,205370000.0,,,,0.0,,2092107904.0,-0.012,,KOTARISUG.NS,,,,,0.2937836498336591,,67.82768102658112,74.72627737226277,58.020164986251146,,37.77372262773723,52.82846715328468,18.555758683729433,20.27027027027027,89.52830188679245,,42.11798839458414,4.170528266913809,22.21189591078067,11.714285714285715,43.31635615289822,Q2 (Low)
2026-02-28,359.6000061035156,396.8999938964844,341.3999938964844,374.1499938964844,26354874,0.0700700712932183,0.09224932777581674,,,0.40860050904299555,60.28013898557627,0.8636914764459828,,0,28379000000.0,,,,,8241600000.0,2789200000.0,22360200000.0,,,0.2904119243102294,,,,,,,,,,,,,,0.1556614338362552,0.561293500293633,0.29341737652168765,1.1163782034821015,,100113600000.0,27268200000.0,,,,,,0.0,,519873298432.0,0.223,1.74,M&MFIN.NS,,,,,0.42276099210296314,,33.08890925756187,37.04379562043796,67.27772685609533,,88.86861313868614,69.52554744525547,90.03656307129799,97.39382239382239,89.15094339622641,80.91603053435115,68.27852998065764,83.96663577386468,94.88847583643123,80.66666666666666,72.07348399809032,Q5 (Highest)
2026-02-28,167.5500030517578,196.99000549316406,158.8800048828125,178.75,10459969,0.07151415988488141,-0.010079233817335331,,,0.40080279452448053,70.15422249840829,1.511259444761012,,0,1428180000.0,716621000.0,265782000.0,327442000.0,267509000.0,182486000.0,61502000.0,23521000.0,0.5017721855788486,0.1860983909591228,0.1277752104076517,0.22927222058844124,,,,,,,,,,,,,-0.1322754666013728,-0.17570003116770483,-0.11743604226132831,0.22604658662599686,0.12286104233678774,5661485000.0,766412000.0,1148290000.0,1383326000.0,,,,0.0,,12259506176.0,0.274,,BHARATWIRE.NS,,,,,0.32220594389959484,,85.05957836846929,39.5985401459854,87.90100824931257,,71.71532846715328,70.34671532846716,41.3162705667276,39.575289575289574,66.79245283018868,,73.30754352030948,38.18350324374421,51.301115241635685,14.095238095238095,55.2795055755014,Q4 (High)
2026-02-28,2374.89990234375,2525.0,2356.800048828125,2428.10009765625,17125475,-0.08755777364602468,-0.15591322560456755,,,0.2412391933967217,53.83261895509097,0.7175410635303047,,0,88497200000.0,39208500000.0,14678900000.0,18501000000.0,15370300000.0,10598700000.0,4151700000.0,479400000.0,0.44304791564026885,0.16586852465388735,0.1197631111492793,0.20905746170500308,,,,,,,,,,,,,0.0394681513325581,0.06670759568836249,0.03851547437015279,-0.045574886535552195,0.011232270230384422,346353100000.0,38453600000.0,51333800000.0,68206400000.0,,,,0.0,,2327562944512.0,0.121,1.03,ASIANPAINT.NS,,,,,0.3416508938827019,,20.348304307974335,88.13868613138686,49.40421631530706,,29.014598540145986,9.854014598540147,97.62340036563072,85.61776061776062,45.56603773584906,64.19847328244275,56.38297872340425,61.07506950880445,96.09665427509294,35.23809523809524,55.90388597602895,Q4 (High)
2026-02-28,117.0,123.9000015258789,114.05999755859375,121.25,436191,0.0595997524830536,-0.14213949949356885,,,0.31750787436402406,61.97543522492071,0.8564172292639467,,0,1348350000.0,481875000.0,232532000.0,276969000.0,255602000.0,186957000.0,66491000.0,2154000.0,0.35738124374235175,0.1724567063447918,0.138656135276449,0.20541328290132385,,,,,,,,,,,,,-0.057260079734535174,0.015209930710919028,0.027123338594577495,0.45487300006225495,0.3718739319731934,5876892000.0,719643000.0,782456000.0,1040761000.0,,,,0.0,,7135126016.0,-0.046,1.65,KOTHARIPET.NS,,,,,0.4364867923874108,,31.98900091659028,64.96350364963504,71.76901924839598,,32.66423357664234,66.33211678832117,32.81535648994516,11.196911196911197,78.67924528301887,79.00763358778626,37.620889748549324,55.51436515291937,52.69516728624535,31.80952380952381,49.80379778229894,Q3 (Medium)
2026-02-28,1092.0,1188.5,1067.4000244140625,1100.5999755859375,11170155,0.004838789848939484,-0.03633657375634658,,,0.28669572336161026,48.00643831366918,0.5383159216260331,,0,8071300000.0,4642000000.0,3126400000.0,7638900000.0,7230100000.0,3272800000.0,997700000.0,2959600000.0,0.575124205518318,0.3873477630617125,0.40548610508839966,0.9464274652162601,,,,,,,,,,,,,0.21779474335375237,0.14968208803175598,0.12011157678536732,0.3331703939060655,0.3434103619288804,27774300000.0,11380200000.0,11805500000.0,25501500000.0,,,,0.0,,446569218048.0,0.263,1.09,360ONE.NS,,,,,0.38873734902425927,,8.157653528872594,74.81751824817518,34.92208982584785,,66.05839416058394,40.51094890510949,89.39670932358318,93.62934362934364,73.58490566037736,65.87786259541984,72.1953578336557,67.09916589434661,89.31226765799256,52.28571428571429,61.85652876993481,Q5 (Highest)
2026-02-28,154.6999969482422,169.85000610351562,150.60000610351562,165.47000122070312,132467,0.08143263290758784,-0.14459264302984776,,,0.3281603141072658,66.69744409575881,0.8254846332639745,,0,222422000.0,84089000.0,31352000.0,41775000.0,31890000.0,13947000.0,11001000.0,6941000.0,0.37806062349947395,0.14095727940581418,0.06270512808984723,0.18781865103272158,873833000.0,320418000.0,431505000.0,442328000.0,307632000.0,241242000.0,546000.0,210812000.0,0.7243900453961766,0.3666810477516871,1.27520083567538,0.40133973354556834,0.15603950103950104,0.3169971671388101,0.21589250474227706,-0.23435441370223975,0.2780310215070212,839280000.0,70059000.0,136858000.0,162909000.0,0.15838698884086017,0.08017435825838576,0.17942801404399367,1.0,1.8807302997254625,3466013696.0,-0.566,0.36,AARON.NS,,,,,0.33190100286177054,,29.055912007332722,61.496350364963504,82.21814848762602,,32.20802919708029,73.35766423357664,24.223034734917732,22.2972972972973,34.90566037735849,27.25190839694657,7.88201160541586,76.73772011121409,32.52788104089219,71.71428571428572,45.05839357126048,Q2 (Low)
2026-02-28,3355.0,3787.0,3343.699951171875,3412.800048828125,35713989,-0.039540708093687926,-0.0898229251270416,,,0.19121593787057498,45.5176196340758,0.870609516055405,,0,515799500000.0,194333500000.0,74776900000.0,111368100000.0,89739200000.0,46746400000.0,15471500000.0,24053000000.0,0.37676170682600507,0.14497280435518065,0.09062901379315025,0.21591354780297384,,,,,,,,,,,,,0.13522506882226115,0.1448135340850092,0.36856629938040353,0.4743149820860877,0.34845023047668167,1779619900000.0,152337100000.0,274421300000.0,380159600000.0,,,,0.0,,4096973864960.0,0.318,0.74,M&M.NS,,,,,0.5376138826800664,,34.00549954170486,96.71532846715328,27.956003666361134,,49.72627737226277,22.08029197080292,98.99451553930531,97.77992277992279,79.24528301886792,52.59541984732824,77.94970986460348,66.72845227062095,98.88475836431226,86.28571428571429,65.929811799264,Q5 (Highest)
2026-02-28,74.19000244140625,85.0,70.41999816894531,74.98999786376953,780141,0.05293452089931305,-0.06554519795925817,,,0.3584802180053747,55.86971813294478,1.1528119630304323,,0,1971781000.0,459007000.0,137982000.0,209103000.0,179078000.0,134510000.0,43772000.0,796000.0,0.23278802260494447,0.06997835966570325,0.06821751502829168,0.10604778116839547,,,,,,,,,,,,,0.06076627894903619,0.7669622331691297,0.2361232574337062,0.3004805135791011,0.3295712496264409,7676797000.0,418217000.0,511777000.0,675169000.0,,,,0.0,,7547312640.0,0.342,2.0,ANUHPHR.NS,,,,,0.3521933992843828,,63.06141154903758,53.1021897810219,55.82034830430798,,58.21167883211679,63.503649635036496,33.36380255941499,7.142857142857142,71.88679245283018,84.42748091603053,79.88394584139265,87.30305838739574,47.026022304832715,74.38095238095238,58.60761267248179,Q4 (High)
2026-02-28,68.9000015258789,76.4000015258789,66.5,69.80999755859375,65173734,-0.0175907689691277,0.0611034592966182,,,0.41005410627990224,52.71738229041987,1.5720999043657502,,0,4239349000.0,1664491000.0,278133000.0,436595000.0,306732000.0,200687000.0,52932000.0,68381000.0,0.3926289154301757,0.06560747888414,0.047339107962095124,0.10298633115603363,,,,,,,,,,,,,0.04180490927655933,0.23205515446196157,0.1579930864845005,-5.434287860709709,2.1373373287056,16865747000.0,627598000.0,755669000.0,1472680000.0,,,,0.0,,16224111616.0,0.207,,ASIANTILES.NS,,,,,0.2606882247890779,,87.80934922089826,36.496350364963504,46.4711274060495,,85.49270072992701,29.1970802919708,46.435100548446066,58.78378378378378,2.1698113207547167,,66.7311411992263,73.2159406858202,49.721189591078065,60.38095238095238,52.86030183492471,Q3 (Medium)
2026-02-28,142.0,229.49000549316406,136.10000610351562,210.32000732421875,45363286,0.46584899349736064,0.1623100904742063,,,0.5069123515514927,78.66678326019641,3.562786787864046,,0,4910078000.0,694529000.0,161083000.0,247080000.0,156835000.0,99004000.0,35528000.0,22303000.0,0.1414496877646343,0.0328066071455484,0.02016342713903934,0.05032099286406448,,,,,,,,,,,,,0.07065653971047814,-0.00014138843442601523,0.6025492857672059,0.3038164721995418,0.2847538179152129,17664851000.0,403666000.0,600645000.0,967016000.0,,,,0.0,,13252591616.0,0.465,0.52,BHARATSE.NS,,,,,0.32754352300292044,,100.0,17.24452554744525,94.95875343721356,,93.33941605839416,98.9963503649635,42.77879341864717,38.12741312741313,71.98113207547169,38.396946564885496,87.9110251450677,54.30954587581094,44.51672862453532,92.95238095238095,65.0342007461486,Q5 (Highest)
2026-02-28,266.20001220703125,292.54998779296875,241.25,241.89999389648438,22164257,-0.0697942501383002,-0.12687238926265876,,,0.28458894764050524,33.74674157151172,1.3797907724237322,,0,4060422000.0,,,,,2361886000.0,675954000.0,1624926000.0,,,0.5816848593569831,,,,,,,,,,,,,,0.09827245632318737,0.07724964253380251,0.26190786232959407,0.23980328065052392,,,,,,,,,0.0,,121257164800.0,0.401,1.86,APTUS.NS,,,,,0.2641833841972505,,78.73510540788267,75.0912408759124,8.524289642529789,,37.13503649635037,13.503649635036496,74.77148080438756,92.18146718146718,67.9245283018868,82.13740458015268,83.99419729206963,62.3725671918443,84.85130111524164,76.95238095238095,62.544976631809504,Q5 (Highest)
2026-02-28,434.20001220703125,469.6499938964844,421.79998779296875,435.1000061035156,2677213,0.009512775182170863,-0.09749014603809869,,,0.2705694374150098,42.82116750026232,1.2922405390910683,,0,10842200000.0,3685400000.0,1119700000.0,1461800000.0,1172200000.0,799200000.0,253700000.0,119300000.0,0.33991256387080115,0.10327239859069193,0.07371197727398499,0.13482503550939845,,,,,,,,,,,,,0.2164615332832187,0.2096261540790072,0.11332224344361608,0.18787158145065397,0.2200984892746849,36737100000.0,2695000000.0,3765600000.0,4955300000.0,,,,0.0,,85776744448.0,-0.03,0.34,ASKAUTOLTD.NS,,,,,0.29281189220164466,,73.60219981668195,80.38321167883211,21.63153070577452,,46.806569343065696,43.886861313868614,70.29250457038391,68.53281853281852,64.90566037735849,24.961832061068705,39.60348162475822,71.6404077849861,73.23420074349443,50.476190476190474,55.33049793528546,Q4 (High)
2026-02-28,4.75,6.449999809265137,4.75,5.269999980926514,1472900,0.10020877304721254,0.043564313244043085,,,0.4601950198464658,60.256412085174546,1.6053548035682212,,0,11504000.0,1020000.0,239000.0,765000.0,239000.0,239000.0,0.0,0.0,0.08866481223922114,0.02077538247566064,0.02077538247566064,0.06649860917941586,,,,,,,,,,,,,-0.8250980630644328,-1.0015643204042362,-0.1885448261268251,-0.6778975741239892,-0.4051321928460342,164203000.0,-152251000.0,40000.0,-150308000.0,,,,0.0,,157586400.0,0.108,,LYPSAGEMS.NS,,,,,0.28054467446071724,,89.00091659028413,25.821167883211686,67.00274977085243,,82.84671532846716,78.01094890510949,1.1882998171846435,1.1100386100386102,20.471698113207548,,54.40038684719536,12.418906394810008,14.312267657992564,9.904761904761905,40.43259052154103,Q2 (Low)
2026-02-28,4600.0,6934.5,4507.2001953125,6133.5,1412179,0.2799457429048413,0.22006281065135314,,,0.5990200010210817,67.49537778716571,2.1638224373272936,,0,10527155000.0,3628487000.0,721968000.0,1117994000.0,733877000.0,465451000.0,82327000.0,186099000.0,0.3446787854838273,0.06858149234052315,0.04421432001333694,0.1062009631282146,,,,,,,,,,,,,0.043735719735257694,0.3059572510002637,0.18671442763994972,0.3902691820593085,0.26963544913878956,38614792000.0,1623440000.0,2054248000.0,4171214000.0,,,,0.0,,57379917824.0,0.624,0.57,LUMAXIND.NS,,,,,0.3437683836230341,,97.52520623281393,7.025547445255469,84.051329055912,,96.25912408759125,95.52919708029196,63.98537477148081,75.0965250965251,76.41509433962264,42.29007633587786,94.97098646034816,76.18164967562558,56.13382899628253,66.85714285714286,68.82140549565133,Q5 (Highest)
2026-02-28,884.5300635447741,1027.9296673660822,845.7383599744652,933.5,15967660,0.08969986996528734,-0.13952871863769034,,,0.464382032023426,61.44791761702648,1.1251968911704704,,0,14064500000.0,5881400000.0,2403000000.0,3280100000.0,2738000000.0,2086000000.0,544000000.0,108000000.0,0.4181734153364855,0.17085570052259233,0.14831668384940808,0.2332183867183334,,,,,,,,,,,,,-0.16600450664136623,-0.01927597555242122,-0.01487717921957843,0.017560975609756113,-0.023343754652374593,62612200000.0,8281000000.0,10508600000.0,13263600000.0,,,,0.0,,319744802816.0,0.035,0.54,KPRMILL.NS,,,,,0.3140935446737281,,60.03666361136572,24.90875912408758,70.85242896425298,,33.394160583941606,75.63868613138686,86.56307129798904,67.18146718146718,50.75471698113208,40.0763358778626,46.663442940038685,51.99258572752549,83.08550185873605,23.61904761904762,54.31779119325557,Q4 (High)
2026-02-28,338.0,359.70001220703125,316.6499938964844,329.8500061035156,1845736,-0.06412258567390894,-0.20249032583195636,,,0.5247042885054412,53.120322563344985,0.9270670294130026,,0,777100000.0,-392200000.0,-1901700000.0,-1656400000.0,-1684700000.0,-1928100000.0,0.0,240900000.0,-0.5046969501994595,-2.447175395701969,-2.4811478574186077,-2.131514605584867,,,,,,,,,,,,,-0.06654654654654657,2.0963545848723304,0.17653292959878875,-0.42631438007676514,-0.13141059255374932,3729800000.0,-8505200000.0,-5961400000.0,-4119800000.0,,,,0.0,,23802490880.0,0.61,,BGRENERGY.NS,,,,,0.3378797907211045,,39.68835930339139,14.78102189781022,47.571035747021085,,18.065693430656935,14.507299270072993,52.10237659963437,77.7992277992278,27.358490566037734,,94.34235976789168,95.08804448563485,14.312267657992564,64.85714285714286,47.364887958834295,Q3 (Medium)
2026-02-28,26.889999389648438,27.899999618530273,24.610000610351562,25.15999984741211,35207792,-0.05590993592668336,0.047896693359749776,,,0.3100375084358724,40.82398769583334,0.9355113050045439,,0,295120000.0,45350000.0,25890000.0,28364000.0,25679000.0,17123000.0,3292000.0,5264000.0,0.15366630523177013,0.08772702629438872,0.058020466251016534,0.09611005692599621,,,,,,,,,,,,,0.4952627045650302,0.6435976195047033,0.46677004433311464,0.6650136133800078,0.40145264094075794,1035380833.0,39172982.0,75790350.0,77955776.0,,,,0.0,,2793137408.0,-0.276,,ATALREAL.NS,,,,,0.3454632459661435,,40.51329055912007,67.06204379562044,18.056828597616864,,83.3029197080292,16.514598540145986,21.846435100548444,18.822393822393824,83.77358490566039,,19.58413926499033,85.35681186283595,25.46468401486989,90.19047619047619,48.03254709082051,Q3 (Medium)
2026-02-28,34490.0,38030.0,33840.0,36145.0,92166,0.06371394938198938,0.012890570267619417,,,0.24698585053223604,58.69679453494483,1.3996690736055288,,0,12280530000.0,5213975000.0,2148404000.0,1655708000.0,1497164000.0,-620539000.0,1766962000.0,350741000.0,0.42457247366359596,0.1749439152870438,-0.05053031098820653,0.13482382275032104,,,,,,,,,,,,,0.026827039871528457,-1.3492326931042555,0.10555427019912611,-1.46384757752981,-0.17829522766377814,47095079000.0,3007696000.0,8064440000.0,8330895000.0,,,,0.0,,407175954432.0,-0.057,0.44,3MINDIA.NS,,,,,0.24271261527283322,,79.56003666361137,86.58759124087591,62.87809349220899,,77.55474452554745,67.88321167883211,88.75685557586837,81.75675675675676,8.584905660377357,32.29007633587786,35.783365570599614,8.2483781278962,92.93680297397769,48.38095238095238,58.08011806555881,Q4 (High)
2026-02-28,190.39999389648438,333.989990234375,190.39999389648438,227.99000549316406,291414,0.11765282295070212,0.036318206787109286,,,0.6678060868138772,56.721923178330826,1.9861860823278348,,0,1065400000.0,529200000.0,-138100000.0,8300000.0,-63000000.0,-113400000.0,-39300000.0,89800000.0,0.4967148488830486,-0.12962267692885301,-0.10643889618922471,0.007790501220198987,7081900000.0,3309400000.0,4669600000.0,2412300000.0,3604300000.0,4648500000.0,184000000.0,1349600000.0,1.3718857521867098,0.4673039720978833,0.7753683984080886,0.4850381843605464,-0.21326244277063944,-0.33333333333333337,-0.4249784110535406,-0.7764636309875813,-1.026731078904992,5031972000.0,-152028000.0,-850264000.0,277407000.0,-0.06302201218753886,-0.021467120405540885,-0.14860338710523097,0.0,0.981128228300315,1173832704.0,0.06,,LOYALTEX.NS,,,,,0.24678528166467498,,95.96700274977086,3.010948905109487,57.65352887259395,,81.93430656934306,82.3905109489051,11.974405850091408,63.803088803088805,18.39622641509434,,49.37137330754352,29.564411492122332,3.8104089219330852,4.190476190476191,43.47111260173814,Q2 (Low)
2026-02-28,977.9500122070312,1042.550048828125,890.2000122070312,945.7999877929688,4488162,0.034792109182679054,-0.11838185612862806,,,0.44147691643964576,51.584813989252964,1.4382575987994435,,0,3710251000.0,2491031000.0,646682000.0,692664000.0,585388000.0,421450000.0,125588000.0,20424000.0,0.6713915042405487,0.1742960247163871,0.11359069777219924,0.18668925633333164,,,,,,,,,,,,,0.10154945756070499,-0.17862975681438142,0.3333003923806499,-0.06500069883682491,0.13174844370373995,13409149000.0,1911242000.0,2437808000.0,2758099000.0,,,,0.0,,52220952576.0,-0.871,0.63,AURIONPRO.NS,,,,,0.2865942259552302,,82.30980751604034,29.197080291970806,43.538038496791934,,39.78102189781022,56.29562043795621,63.16270566727605,36.196911196911195,43.9622641509434,46.18320610687023,3.2882011605415857,37.90546802594995,62.26765799256505,84.38095238095238,48.564595688171956,Q3 (Medium)
2026-02-28,1172.0999755859375,1247.300048828125,1106.0,1158.800048828125,35973840,0.033074885683546995,-0.04049010873628056,,,0.2736533986953456,48.2058895335478,1.3999977305197402,,0,86045100000.0,51233000000.0,13086100000.0,18960200000.0,14312900000.0,9102900000.0,4287200000.0,927700000.0,0.5954203086520906,0.15208419770562182,0.10579219502330754,0.22035188523227936,,,,,,,,,,,,,0.10430749367601977,0.103716277659897,0.1253300654834224,0.11366806136680618,0.11370738469490838,326705500000.0,34843200000.0,51551400000.0,71626000000.0,,,,0.0,,673032896512.0,0.054,0.35,AUROPHARMA.NS,,,,,0.4390462922286689,,79.74335472043997,79.37956204379562,35.28872593950504,,64.78102189781022,55.018248175182485,91.86471663619744,88.8030888030888,59.43396226415094,26.33587786259542,48.8394584139265,64.50417052826691,96.37546468401487,53.80952380952381,62.94514505189988,Q5 (Highest)
2026-02-28,6.75,6.960000038146973,6.070000171661377,6.519999980926514,1819119,-0.01361575654614089,-0.1788413181436478,,,0.23977781656741365,53.658541313077194,0.8379163122088377,,0,1611343000.0,121810000.0,18000000.0,42163000.0,31814000.0,16301000.0,5893000.0,9620000.0,0.07559532638302335,0.011170805967444547,0.010116406004184087,0.026166371778075802,,,,,,,,,,,,,-0.10294356706393748,0.4344420978528687,-0.09947785304438561,-0.23079463948659873,-0.24119499685053536,7853499000.0,75402000.0,92571000.0,193970000.0,,,,0.0,,1736145536.0,-0.139,,KRITIKA.NS,,,,,0.2505189687985658,,30.339138405132903,88.32116788321167,48.94592117323556,,23.266423357664234,31.204379562043794,17.184643510054844,26.44787644787645,35.094339622641506,,29.061895551257255,80.53753475440223,28.71747211895911,15.619047619047619,40.31598933370181,Q2 (Low)
2026-02-28,123.44000244140625,144.0,122.81999969482422,138.7899932861328,215598,0.2815326812115,0.30736613129629853,,,0.5034371411193121,75.61675103335601,0.695395607728314,,0,3568351000.0,513314000.0,53304000.0,118826000.0,60412000.0,-38258000.0,0.0,98670000.0,0.14385188004206986,0.014937992366782303,-0.010721478912808745,0.03329997525467646,,,,,,,,,,,,,-0.018801521257988285,3.1204092622509423,0.30436630957302646,-2.8178276156989455,-0.2763954352247677,13043421000.0,-59464000.0,238060000.0,504417000.0,,,,0.0,,4477904384.0,-0.333,,BEDMUTHA.NS,,,,,0.2982817267787387,,18.698441796516956,17.88321167883211,92.66727772685608,,98.08394160583941,95.8029197080292,26.96526508226691,65.54054054054053,4.339622641509433,,17.64990328820116,96.57089898053754,14.312267657992564,81.52380952380952,52.002540015395425,Q3 (Medium)
2026-02-28,71.30000305175781,84.44999694824219,70.0,76.55999755859375,316976,0.05498136806598475,-0.07747922003481444,,,0.3341293535576165,60.10413017587826,1.372402671864662,,0,89215000.0,41503000.0,-17889000.0,-4910000.0,-10148000.0,-37953000.0,12172000.0,1110000.0,0.46520204001569243,-0.20051560836182256,-0.42541052513590766,-0.055035588185843184,1989610000.0,27707000.0,280414000.0,1709196000.0,785896000.0,138437000.0,6928000.0,444686000.0,0.016210545777078814,0.013925844763546625,5.6769216322226,2.464731249593678,-0.45719431245018527,-2.0704253158844765,-0.12702916915369333,1.7183068328319724,-0.09476401179941008,417394000.0,7140000.0,-130918000.0,-21129000.0,0.004177402708641958,0.0035886430003870106,-0.0753743876313185,1.0,1.7861444202632675,1133088000.0,0.133,,LOVABLE.NS,,,,,0.3577495629643231,,78.09349220898258,59.3978102189781,66.63611365719522,,55.018248175182485,64.59854014598541,11.517367458866545,8.301158301158301,91.98113207547169,,58.51063829787234,5.004633920296571,33.457249070631974,13.238095238095237,46.38363191791443,Q2 (Low)
2026-02-28,179.08999633789062,188.38999938964844,169.30999755859375,187.33999633789062,973142,0.03337196357114425,0.15123210997655523,,,0.3292149823317325,64.31740722134819,0.6694109353912217,,0,1148200000.0,,3200000.0,382900000.0,105700000.0,32600000.0,-1500000.0,80100000.0,,0.0027869709109911165,0.028392266155722,0.3334784880682808,,,,,,,,,,,,,0.6786549707602338,-1.346072186836518,0.777949829668628,-1.493939393939394,1.214574898785425,,,,,,,,0.0,,14269267968.0,-0.224,,AURUM.NS,,,,,0.23508160727417837,,17.048579285059578,60.85766423357664,77.54353803849679,,92.88321167883211,55.29197080291971,45.155393053016454,61.67953667953668,8.30188679245283,,22.53384912959381,8.341056533827619,9.851301115241636,94.85714285714286,46.95634201331312,Q3 (Medium)
2026-02-28,217.404254067044,256.9159777793464,208.1296649696853,216.64999389648438,10197928,0.029590856824289746,-0.1601837255251286,,,0.40949797236897845,51.895973855781484,1.1264065448464242,,0,5333230000.0,2400660000.0,458540000.0,753500000.0,527940000.0,380900000.0,124140000.0,22900000.0,0.45013247131663175,0.08597791582211906,0.0714201337650917,0.14128398737725542,,,,,,,,,,,,,-0.03281364194429992,0.043332968116577275,0.08372771626374931,0.10105798693415036,0.10141495644039056,19492830000.0,1397530000.0,1629710000.0,2838390000.0,,,,0.0,,66454589440.0,0.151,0.55,BECTORFOOD.NS,,,,,0.3890857787791852,,60.31164069660861,36.587591240875916,44.27131072410632,,27.82846715328467,53.37591240875912,66.45338208409507,38.996138996138995,58.490566037735846,41.06870229007634,60.541586073500966,58.480074142724746,61.98884758364313,43.42857142857143,50.12151939067474,Q3 (Medium)
2026-02-28,481.6449271956263,528.3198165231667,453.29998779296875,455.3500061035156,18366260,-0.08660976812565135,-0.10514853689304193,,,0.2492947436461326,37.9084321755054,1.228816431659268,,0,77430770000.0,34830040000.0,8005990000.0,12085430000.0,8232030000.0,4705180000.0,2525910000.0,1000940000.0,0.44982169233238933,0.10339545893706081,0.06076628193158869,0.15608045742022197,,,,,,,,,,,,,0.13350534102171108,0.8233810119861886,0.11765710338146018,0.3951815445744191,0.2707540345136503,272160690000.0,9260610000.0,24122830000.0,33284790000.0,,,,0.0,,288383074304.0,0.198,1.87,APOLLOTYRE.NS,,,,,0.32293383405302484,,69.93583868011,85.94890510948905,13.107241063244729,,44.43430656934307,10.036496350364963,85.83180987202925,89.28571428571429,76.69811320754717,82.44274809160305,65.57059961315281,87.95180722891565,94.51672862453532,51.714285714285715,63.83163962735566,Q5 (Highest)
2026-02-28,127.0,136.7100067138672,108.9000015258789,117.51000213623047,472046,0.06017688576970581,0.11563657166466235,,,0.5224154682394168,46.19222149051837,0.7712830035729825,,0,130384000.0,61430000.0,-736000.0,10433000.0,1979000.0,1158000.0,-428000.0,1249000.0,0.47114676647441406,-0.0056448644005399435,0.008881457847588661,0.08001748680819733,715148000.0,47993000.0,108972000.0,606176000.0,104080000.0,74195000.0,14753000.0,37016000.0,0.07917337538932587,0.06710918579091321,1.4027899454141115,0.9038884021834356,-0.03540012872774079,-0.7874449339207048,0.009758062017905189,0.12755598831548198,-0.2616941476187107,493550000.0,6739000.0,6076000.0,46536000.0,0.011117233278783719,0.009423224283644784,0.009288119736642977,1.0,1.9360874951758236,2443776768.0,0.574,,LOTUSEYE.NS,,,,,0.4194580001578403,,24.106324472960587,15.602189781021906,30.064161319890008,,90.96715328467153,66.87956204379562,20.109689213893965,8.687258687258687,60.37735849056604,,93.23017408123792,16.867469879518072,10.780669144981413,27.904761904761905,41.03845148697051,Q2 (Low)
2026-02-28,71.56999969482422,77.55000305175781,69.0,70.06999969482422,193987,0.008636799533296768,-0.15272064957054898,,,0.46382949578866095,42.450574768102484,0.569707352273987,,0,2243073000.0,247660000.0,100651000.0,134125000.0,119714000.0,91558000.0,26412000.0,1175000.0,0.11041102986839929,0.044871923472842835,0.04081810979847736,0.05979520060203123,,,,,,,,,,,,,0.053407872546961555,0.029296699343466237,0.29716408562739227,0.11025149758688424,-0.009606722490511421,8654039000.0,324597000.0,345454000.0,482911000.0,,,,0.0,,3516897536.0,0.09,0.43,KRITINUT.NS,,,,,0.4125422020135462,,9.899175068744272,25.18248175182481,20.989917506874427,,29.83576642335766,43.24817518248175,24.49725776965265,8.397683397683398,59.15094339622642,31.297709923664126,52.27272727272727,56.90454124189064,40.613382899628256,81.14285714285714,38.89550793184086,Q1 (Lowest)
2026-02-28,27.0,30.790000915527344,26.010000228881836,27.1299991607666,268210,-0.0007366651213512876,-0.14199878429148238,,,0.40072788914117524,55.46074507669754,0.9585946843730082,,0,710100000.0,238600000.0,41400000.0,65100000.0,47200000.0,20500000.0,17900000.0,8800000.0,0.3360090128150965,0.058301647655259824,0.02886917335586537,0.09167722855935784,1830600000.0,309500000.0,971400000.0,859200000.0,1102400000.0,903600000.0,33400000.0,244700000.0,0.3602188081936685,0.16907025019119415,1.2200088534749889,0.9492031872509961,0.08148035333536408,-0.2931034482758621,0.036793692509855536,-0.3512658227848101,-0.06060606060606055,2768800000.0,93400000.0,147300000.0,236600000.0,0.10870577281191807,0.05102152299792418,0.12603747753914607,1.0,2.385010379110674,1069925760.0,-0.41,0.37,BEARDSELL.NS,,,,,0.31304063933139514,,43.538038496791934,39.68978102189781,54.53712190650779,,32.846715328467155,37.13503649635037,11.060329067641682,24.903474903474905,30.283018867924525,27.86259541984733,13.829787234042554,31.417979610750695,37.174721189591075,34.285714285714285,34.570954255266805,Q1 (Lowest)
2026-02-28,107.02999877929688,114.94999694824219,102.0999984741211,103.56999969482422,158213,-0.29630381268617323,0.024127385619243435,,,0.8262434422389552,45.1386642605424,0.1572881581105102,,0,543447000.0,6567000.0,5328000.0,31991000.0,31498000.0,20620000.0,10852000.0,26000.0,0.01208397507024604,0.009804083930907705,0.03794298248035227,0.05886682601983266,,,,,,,,,,,,,-0.5437152505486866,0.14092845681403188,272.2262443438914,11.712700369913687,7.908660540239488,21710399000.0,296902000.0,170716000.0,325759000.0,,,,0.0,,1410991360.0,0.017,0.97,AUSOMENT.NS,,,,,0.42529481555075016,,0.5499541704857929,0.6386861313868621,26.85609532538955,,79.47080291970804,0.45620437956204374,14.625228519195613,3.3301158301158305,98.30188679245283,61.45038167938931,44.92263056092843,66.5430954587581,32.43494423791822,99.33333333333333,41.92755728924159,Q2 (Low)
2026-02-28,1860.0,2115.0,1835.0,2023.5,360500,0.0769026077700905,0.23564974973572927,,,0.3867934941710235,58.42632914572226,1.3344412773730532,,0,5622940000.0,1856450000.0,549820000.0,605210000.0,516230000.0,388060000.0,124080000.0,4090000.0,0.3301564661902848,0.09778158756806937,0.0690137188019079,0.1076323062312598,,,,,,,,,,,,,0.14900199437651218,0.0863637636124408,0.1366731084894599,0.07875350957662697,0.05855911006943848,20997770000.0,1600350000.0,1970250000.0,2519940000.0,,,,0.0,,30596784128.0,0.281,1.51,AUTOAXLES.NS,,,,,0.30088601011461436,,76.53528872593951,44.06934306569343,61.96150320806599,,96.44160583941606,71.71532846715328,56.12431444241316,16.312741312741313,56.41509433962264,77.17557251908397,74.22630560928434,63.02131603336423,61.89591078066915,56.76190476190476,60.843748607023464,Q5 (Highest)
2026-02-28,140.9199981689453,163.99000549316406,120.5,122.11000061035156,434296,-0.13415584154229432,-0.31217258238052925,,,0.4465936531293971,39.71923815389484,1.427820063802468,,0,939522000.0,668249000.0,65680000.0,108839000.0,67283000.0,11531000.0,29889000.0,25863000.0,0.711264877246089,0.06990788933095765,0.012273262361072972,0.11584507866766292,,,,,,,,,,,,,-0.04466141437641591,-0.8724136404877293,0.4502892020431697,-0.08946620341124445,0.6029307805596464,3722712000.0,232440000.0,437134000.0,623676000.0,,,,0.0,,3498922752.0,-1.496,,LORDSCHLO.NS,,,,,0.26888555359518096,,81.66819431714025,28.37591240875912,15.582034830430796,,4.288321167883212,4.37956204379562,24.40585009140768,41.40926640926641,42.45283018867924,,0.5802707930367506,15.19925857275255,42.37918215613383,90.0,36.048045531952354,Q1 (Lowest)
2026-02-28,659.7000122070312,909.9000244140625,630.0499877929688,879.0999755859375,23586165,0.41630410552129704,0.056737528292681194,,,0.4210673126397892,81.6165473481388,2.3278939485811008,,0,1532276000.0,523668000.0,253160000.0,333373000.0,275778000.0,226639000.0,32097000.0,17042000.0,0.341758273313685,0.16521827660290966,0.14791003709514475,0.2175672006870825,,,,,,,,,,,,,0.32915344186131246,0.8246731289449956,0.5997118531703982,0.8933918128654972,0.764886813628952,5107890000.0,636801000.0,748429000.0,978207000.0,,,,0.0,,54641864704.0,,,KRN.NS,,,,,0.3161312642273358,,98.53345554537121,34.032846715328475,97.06691109074244,,84.76277372262774,98.35766423357664,63.43692870201097,33.49420849420849,86.69811320754717,,,88.04448563484708,43.30855018587361,92.85714285714286,68.03953869261845,Q5 (Highest)
2026-02-28,7.710000038146973,9.210000038146973,7.400000095367432,8.609999656677246,1584461,0.09961682510489811,-0.027118724796328597,,,0.20581814678733393,73.05388947993885,1.3338083837788526,,0,248069000.0,189135000.0,6945000.0,8793000.0,8793000.0,2775000.0,951000.0,5067000.0,0.7624290016084234,0.027996242980783573,0.01118640378281849,0.03544578322966594,1065207000.0,262356000.0,453439000.0,611768000.0,303114000.0,417707000.0,1978000.0,,0.42884884466006723,0.24629579039566957,0.7256617676984106,,-0.03754243674348545,-0.002620143838348965,-0.046115926202213275,-0.7679959869576123,-0.5934624809283832,969897390.0,9226290.0,19988160.0,32454880.0,0.015081354369630318,0.0086614995958532,0.022866504065784717,1.0,1.612717424876104,871762496.0,-0.489,,AAKASH.NS,,,,,0.19053105100451415,,76.44362969752521,95.07299270072993,90.10082493125573,,68.06569343065694,77.91970802919708,9.597806215722121,18.33976833976834,18.584905660377355,,10.444874274661508,54.03151065801668,20.074349442379184,20.38095238095238,47.27046771741617,Q3 (Medium)
2026-02-28,1389.0543815806552,1410.7770342006584,1227.699951171875,1310.4000244140625,26408718,-0.07337538311926473,-0.1306500916661173,,,0.45077032258921207,47.96420874291138,0.9209003013798237,,0,5485626000.0,2170685000.0,66802000.0,1231574000.0,1038527000.0,729220000.0,302565000.0,6742000.0,0.395704154822075,0.012177643900623192,0.13293286855501998,0.22450929027972377,,,,,,,,,,,,,-0.5217751841413117,-0.6622162766341322,-0.31368687499929626,-0.5043547885001503,-0.41712862107496507,37272819000.0,5799274000.0,3922109000.0,8698789000.0,,,,0.0,,480343490560.0,0.123,0.39,BDL.NS,,,,,0.3721117891686033,,38.95508707607699,27.55474452554745,34.64711274060495,,36.13138686131387,12.59124087591241,89.6709323583181,22.00772200772201,24.62264150943396,28.77862595419847,57.156673114119926,19.462465245597777,75.37174721189591,6.095238095238095,38.203041171731996,Q1 (Lowest)
2026-02-28,75.5999984741211,83.25,72.83999633789062,78.66000366210938,1005607,0.06773456789995613,0.20238468150017552,,,0.40012915226613494,62.39783466449357,0.9732467856256507,,0,2094600000.0,719900000.0,144100000.0,205700000.0,153000000.0,48300000.0,800000.0,103900000.0,0.34369330659791847,0.06879595149431872,0.02305929533085076,0.0982049078583023,,,,,,,,,,,,,0.20858577116150245,0.7374100719424461,0.34209008778112393,3.6893203883495147,0.42649098474341196,6665794000.0,147712000.0,503856000.0,792846000.0,,,,0.0,,3569229056.0,-0.909,,AUTOIND.NS,,,,,0.4013105748436965,,44.91292392300642,39.87226277372263,72.96058661778186,,95.43795620437956,68.7956204379562,24.77148080438757,66.5057915057915,95.37735849056604,,2.9013539651837523,86.74698795180723,19.516728624535315,84.85714285714285,56.84374627708406,Q4 (High)
2026-02-28,171.0,185.83999633789062,167.1999969482422,180.63999938964844,621755,0.10883306935719395,0.05748736473703109,,,0.6134791533456991,56.46733623017705,0.6448854862578788,,0,504303000.0,211586000.0,56991000.0,98196000.0,59049000.0,6262000.0,2677000.0,50110000.0,0.4195612558323072,0.1130094407528807,0.012417138109430244,0.1947162717651888,4585418000.0,1605671000.0,2328469000.0,2256949000.0,2230669000.0,1434538000.0,2534000.0,1509651000.0,0.7114343301510136,0.3501689486105738,1.5549737964417814,0.5026133849364743,0.04960132869621692,0.37475301866081234,-0.3304260658284318,-0.818739687961328,-0.20405930080813162,1889565000.0,-28965000.0,124089000.0,266104000.0,-0.012833697172598938,-0.0063167632700006845,0.0321256038647343,0.0,1.3520059676129854,3613326848.0,0.484,,LOKESHMACH.NS,,,,,0.3277598697155007,,14.940421631530706,5.748175182481745,56.920256645279565,,84.94525547445255,80.01824817518248,25.045703839122485,54.633204633204635,17.641509433962263,,88.49129593810446,78.22057460611677,24.070631970260223,5.6190476190476195,45.75295500991637,Q2 (Low)
2026-02-28,333.20001220703125,389.95001220703125,321.8500061035156,324.1499938964844,700460,0.037778093684615266,-0.14618728010603543,,,0.32788424079160733,42.58064516129032,1.1025874602605679,,0,6381471000.0,1569163000.0,394710000.0,533924000.0,374853000.0,166971000.0,98799000.0,109083000.0,0.24589361919845754,0.061852510181429954,0.02616497042766472,0.08366785651772138,,,,,,,,,,,,,-0.04490386584082362,-3.533587241855454,0.03460742294275687,1.4770205316876335,0.41774074487124335,26938290000.0,733697000.0,1908831000.0,2504622000.0,,,,0.0,,6488970752.0,0.288,3.08,AVADHSUGAR.NS,,,,,0.344719191644247,,58.020164986251146,61.67883211678832,21.264894592117322,,31.47810218978102,58.21167883211679,31.992687385740403,67.56756756756756,90.75471698113208,92.51908396946565,74.56479690522244,3.243744207599629,59.38661710037175,34.095238095238095,52.31854166195948,Q3 (Medium)
2026-02-28,122.97000122070312,132.58999633789062,118.1500015258789,119.87999725341797,508195,0.003012053384059854,-0.1672108385210921,,,0.2796291643561852,44.25138584198891,0.8448973993608849,,0,255332000.0,141693000.0,81771000.0,96876000.0,92192000.0,66762000.0,25037000.0,392000.0,0.554936318205317,0.32025363056726147,0.2614713392759231,0.379411902934219,1126792000.0,26140000.0,112751000.0,1014041000.0,810515000.0,99175000.0,26504000.0,75688000.0,0.02577805039441206,0.023198602758983024,8.172573733299723,7.40939752961936,0.05133304510736414,0.06330928376893308,0.027116830456452634,0.031376002224591026,0.10036347114947741,999619000.0,257987000.0,316004000.0,363766000.0,0.25441476232223353,0.22895707459761871,0.30379712761529004,1.0,3.1746036535580657,4448027648.0,,0.42,KRONOX.NS,,,,,0.38184796807041016,,30.7974335472044,77.18978102189782,25.114573785517873,,26.186131386861316,39.872262773722625,26.782449725776964,5.405405405405405,51.79245283018869,30.610687022900763,,60.704355885078776,40.05576208178439,31.71428571428571,39.74837207870832,Q1 (Lowest)
2026-02-28,281.29998779296875,324.95001220703125,260.29998779296875,262.0,105607,-0.07240223516804711,-0.21592097924393672,,,0.47274728426917,42.45754111744995,0.7825919217608887,,0,976190000.0,529676000.0,63718000.0,113345000.0,67095000.0,23356000.0,3067000.0,40672000.0,0.5425951915098495,0.06527212940103873,0.023925670207644002,0.11610956883393601,3268860000.0,1839706000.0,2498731000.0,770129000.0,2238909000.0,1927364000.0,2808000.0,1053223000.0,2.3888283651180515,0.5627974278494643,1.1616430523761987,0.6151852997150512,0.36162146479721935,-1.8599727530468722,0.26384652432172095,-0.08954118426694735,0.33295308880081853,3213520000.0,13504000.0,150687000.0,306683000.0,0.017534724701965515,0.00413110380989091,0.05773813287046882,1.0,1.4950068525418647,3254532096.0,-0.568,,BCONCEPTS.NS,,,,,0.26722408892929195,,25.022914757103575,23.722627737226276,21.081576535288725,,14.78102189781022,12.864963503649635,23.308957952468006,50.0965250965251,42.35849056603774,,7.640232108317215,5.560704355885079,24.814126394052042,77.42857142857143,31.91204748886233,Q1 (Lowest)
2026-02-28,872.0,1127.5,826.2000122070312,1028.050048828125,5318793,0.21461486197358437,0.049244806732281265,,,0.5347763040575537,77.34059857358088,1.1191098589647772,,0,4175420000.0,1426520000.0,400180000.0,553990000.0,474510000.0,326020000.0,118900000.0,29590000.0,0.34164706783988197,0.09584185543011242,0.07808076792274789,0.13267886823361483,,,,,,,,,,,,,0.09171582161981262,0.3051763481324312,0.4867029136446015,0.35903955979824076,0.2423250285919314,14638840000.0,960720000.0,1256520000.0,1737560000.0,,,,0.0,,68697927680.0,0.281,,AVALON.NS,,,,,0.44580317045202367,,59.120073327222734,13.229927007299267,93.95050412465628,,83.57664233576642,91.97080291970804,67.27605118829982,43.24324324324324,74.52830188679245,,74.22630560928434,75.99629286376273,61.71003717472119,90.66666666666666,65.29965655649487,Q5 (Highest)
2026-02-28,432.0,460.0,420.25,441.1499938964844,229501934,0.09561654186910973,0.05956523941254077,,,0.2915674851689403,51.63085648249308,0.6866953729436438,,0,71538500000.0,33293500000.0,19918000000.0,22657800000.0,21303400000.0,15791000000.0,5581200000.0,20300000.0,0.4653927605415266,0.27842350622392137,0.22073428992780111,0.31672176520335205,,,,,,,,,,,,,0.6113218341614599,0.6280892041529627,0.5535299355034855,0.4454666117442445,0.4545582939057977,258624200000.0,59870000000.0,75057700000.0,85336500000.0,,,,0.0,,3224708841472.0,0.253,0.54,BEL.NS,,,,,0.5938125547724119,,18.240146654445464,73.17518248175182,43.62969752520623,,85.40145985401459,77.00729927007299,98.62888482632542,35.955598455598455,78.58490566037736,40.0763358778626,71.47001934235976,85.26413345690455,97.21189591078067,92.28571428571428,66.46208490676094,Q5 (Highest)
2026-02-28,58.11000061035156,60.939998626708984,52.5099983215332,53.060001373291016,1578006,-0.1150766813965558,0.027896212150380073,,,0.6540988834261463,40.10662630195298,0.5853946179866798,,0,728146000.0,425669000.0,37534000.0,93205000.0,50158000.0,18492000.0,5475000.0,40231000.0,0.584592925045252,0.05154735451406724,0.025396005746100368,0.12800317518739374,,,,,,,,,,,,,0.08163680630550996,-2.5584021574245743,0.2813944689350545,-0.15108111830326398,0.28095709298809823,2610753000.0,-15523000.0,40104000.0,223218000.0,,,,0.0,,7512009216.0,-0.844,,BIGBLOC.NS,,,,,0.2653061813703645,,10.724106324472961,3.832116788321173,16.040329972502292,,80.01824817518248,6.204379562043796,33.180987202925046,49.80694980694981,39.62264150943396,,3.771760154738878,4.355885078776645,28.066914498141266,79.52380952380952,33.67654190648653,Q1 (Lowest)
2026-02-28,965.0,1039.199951171875,950.4500122070312,1029.6500244140625,27000938,0.03492813262364303,0.12487032487760619,,,0.21968231106565123,73.15849288828865,0.7901793593144768,,0,30650663000.0,,,,,6676564000.0,2165125000.0,23861980000.0,,,0.21782771876745374,,,,,,,,,,,,,,0.0734741621584063,0.14943096266868583,0.17330890606795446,0.16884496500764,,114196596000.0,22806595000.0,,,,,,0.0,,769334640640.0,0.276,0.1,AUBANK.NS,,,,,0.4592443425577581,,26.214482126489457,92.33576642335767,90.19248395967003,,91.42335766423358,56.47810218978102,92.59597806215723,97.58687258687259,63.58490566037736,5.343511450381679,73.59767891682786,67.0064874884152,93.77323420074349,64.19047619047619,67.62155579465222,Q5 (Highest)
2026-02-28,1697.5580243478387,1802.407221865457,1567.7447249723598,1706.5,5239451,0.018872501002864084,-0.10239255647669288,,,0.4061716100270657,47.112094093240145,1.0971750135524538,,0,10832700000.0,4815000000.0,-176500000.0,74400000.0,-138000000.0,-223800000.0,-30300000.0,116100000.0,0.4444875238860118,-0.016293260221366786,-0.020659669334514942,0.006868093827023734,,,,,,,,,,,,,0.7086547106421237,-0.6509124941506785,0.25985066989207284,-1.4385655496766607,-0.9152812571168298,40625743000.0,2255245000.0,3648684000.0,4528046000.0,,,,0.0,,142167064576.0,0.431,0.77,BEML.NS,,,,,0.2632862170934794,,57.37855178735105,37.68248175182482,31.98900091659028,,45.43795620437956,48.722627737226276,77.42230347349177,68.43629343629344,8.867924528301886,53.358778625954194,85.88007736943906,19.833178869323447,4.646840148698884,76.57142857142857,47.748496228020215,Q3 (Medium)
2026-02-28,3770.39990234375,3930.0,3366.39990234375,3396.60009765625,1548760,-0.1287864826234456,-0.2036854279970589,,,0.32866249757759525,29.991913582381812,1.1456865322175565,,0,29235000000.0,12810000000.0,4271000000.0,5117000000.0,4250000000.0,3026000000.0,1070000000.0,149000000.0,0.4381734222678297,0.1460920129981187,0.10350607148965281,0.17502992987857022,,,,,,,,,,,,,0.020062805303558973,-0.04149509027557807,0.13626646974231416,-0.05319148936170215,-0.036346516007532914,114249000000.0,12517000000.0,16453000000.0,20948000000.0,,,,0.0,,360026439680.0,-0.17,1.65,LTTS.NS,,,,,0.25053558914228846,,62.41979835013749,61.222627737226276,5.682859761686526,,17.7007299270073,5.018248175182482,87.56855575868373,72.2972972972973,44.905660377358494,79.00763358778626,26.063829787234045,50.23169601482854,90.14869888475836,56.666666666666664,50.5956201550569,Q3 (Medium)
2026-02-28,527.0,560.0,499.20001220703125,509.29998779296875,220520,-0.013749102024442905,-0.22035975844933986,,,0.40420387674085423,46.38232852272527,1.0374848041754277,,0,2115713000.0,2114821000.0,1493558000.0,1729508000.0,1555878000.0,383975000.0,372960000.0,217022000.0,0.9995783927215081,0.7059360130603726,0.18148728111988724,0.8174587006838829,,,,,,,,,,,,,0.021841196122079243,0.07567773510271425,0.07149882301462207,0.03852811511102705,0.09977336951959925,8497957000.0,1479235000.0,5650379000.0,6503156000.0,,,,0.0,,19200081920.0,-0.315,,BFUTILITIE.NS,,,,,0.31969565676877204,,53.25389550870761,38.412408759124084,30.430797433547202,,13.777372262773724,30.930656934306572,48.9945155393053,76.35135135135135,52.64150943396226,,18.085106382978726,62.09453197405005,78.43866171003717,41.23809523809524,46.30992683521595,Q2 (Low)
2026-02-28,336.0,396.20001220703125,326.3999938964844,363.54998779296875,8179812,0.09701265687568683,-0.12576654453030855,,,0.32534979050776563,60.41359074092384,1.1500350572328537,,0,14769300000.0,4288300000.0,2055200000.0,2534100000.0,2301400000.0,1699700000.0,587200000.0,14500000.0,0.2903522848069983,0.139153514384568,0.11508331471362894,0.17157888322398487,,,,,,,,,,,,,-0.022599729994441042,-0.012433908546859551,-0.12186812533444324,0.28172837644219895,0.24672832824953272,59936500000.0,6468700000.0,8609600000.0,9691300000.0,,,,0.0,,83212918784.0,-0.369,0.96,KRBL.NS,,,,,0.3857334751805308,,62.786434463794684,62.31751824817518,67.73602199816682,,37.591240875912405,77.46350364963503,69.6526508226691,31.56370656370656,70.56603773584905,60.91603053435114,16.054158607350097,52.91936978683967,83.92193308550185,13.523809523809524,53.800827726384064,Q4 (High)
2026-02-28,71.83999633789062,79.69999694824219,65.25,67.4800033569336,253598,-0.08302749402110066,-0.2234752339234657,,,0.3271757024354118,39.22943873910708,1.1831077330574091,,0,114078000.0,51145000.0,14415000.0,15993000.0,14443000.0,8985000.0,2996000.0,2462000.0,0.44833359631129577,0.1263609109556619,0.07876189975280072,0.1401935517803608,572755000.0,126245000.0,196280000.0,376475000.0,535860000.0,184047000.0,174000.0,314858000.0,0.3353343515505678,0.2204171067908617,2.911538900389574,1.200791102272789,-0.07788187175155403,-0.27499394819656253,-0.325971355643789,-0.4594188075326394,-0.39758173873738134,557775000.0,58438000.0,88814000.0,95136000.0,0.1552241184673617,0.10202966364326807,0.1766669318905156,1.0,2.7143848591457083,773523264.0,-0.566,1.26,ATAM.NS,,,,,0.2797404461215289,,66.08615948670943,61.86131386861314,14.57378551787351,,13.047445255474452,10.583941605839415,8.592321755027422,12.258687258687258,26.32075471698113,70.53435114503816,7.88201160541586,32.90083410565338,24.721189591078065,5.714285714285714,30.338472108445128,Q1 (Lowest)
2026-02-28,64.22000122070312,78.5199966430664,61.08000183105469,78.5199966430664,4164976,0.21135447412438224,-0.16971558743312787,,,0.48092778101930045,69.77377151992334,1.135283119835773,,0,964263000.0,-3699000.0,-23391000.0,26685000.0,18428000.0,5695000.0,3542000.0,9191000.0,-0.00383609036123962,-0.02425790474175614,0.005906065046569245,0.027673985209429378,,,,,,,,,,,,,0.14572253511085753,-0.4437390115256886,-0.27926370408241064,-0.20682451253481893,-0.0735983336226349,3891876000.0,34347000.0,-39306000.0,119085000.0,,,,0.0,,2226379776.0,0.526,,AAREYDRUGS.NS,,,,,0.2986218037655616,,61.228230980751604,22.262773722627742,87.35105407882676,,25.547445255474454,91.6970802919708,19.012797074954296,25.386100386100384,36.41509433962264,,90.86073500967117,25.11584800741427,25.743494423791823,6.761904761904762,44.49217055554072,Q2 (Low)
2026-02-28,522.6500244140625,564.7999877929688,511.0,519.2000122070312,6977704,-0.01694596571676865,-0.14605261150159332,,,0.2483751806566752,50.081935846032614,0.7300850634790195,,0,15073500000.0,4725300000.0,2426700000.0,3168200000.0,2543800000.0,1586500000.0,551000000.0,406300000.0,0.3134839287491293,0.16099114339735296,0.10525093707499918,0.21018343450426244,,,,,,,,,,,,,0.09340770938211773,-0.03988138465262647,0.23690148935297262,-0.1452047413793104,-0.015353058180009982,54914800000.0,6208600000.0,9095000000.0,11619300000.0,,,,0.0,,571323711488.0,0.451,0.05,ATGL.NS,,,,,0.31768031816351633,,20.989917506874427,86.13138686131387,40.05499541704858,,31.569343065693428,29.470802919708028,90.76782449725776,83.3976833976834,39.905660377358494,2.213740458015267,86.79883945841392,50.417052826691375,83.17843866171005,74.57142857142857,54.63114093461314,Q4 (High)
2026-02-28,6068.5,6275.5,4862.0,4889.5,5168773,-0.1633299110198494,-0.17490718866014177,,,0.27995373765973874,13.728084684088657,0.8946343279333336,,0,107810000000.0,33585000000.0,17371000000.0,16396000000.0,13740000000.0,9706000000.0,3451000000.0,693000000.0,0.3115202671366293,0.1611260550969298,0.09002875428995455,0.15208236712735368,342885000000.0,23332000000.0,105220000000.0,236829000000.0,255658000000.0,80241000000.0,19723000000.0,31000000.0,0.09851834023704867,0.06804613791796084,3.186126793035979,3.1857404568736682,0.09556327866187031,-0.22605852802806792,0.14291469219434116,-0.22414068745004,-0.17946151536382748,400542000000.0,44386000000.0,58179000000.0,78106000000.0,0.18741792601412835,0.12944864896393835,0.2236269079531521,1.0,2.8812721466380857,1449436774400.0,0.267,1.37,LTIM.NS,-10329000000.0,-5742000000.0,,45458000000.0,0.36284747917711635,,36.20531622364803,77.0985401459854,0.458295142071494,,24.543795620437955,2.9197080291970803,96.25228519195612,87.45173745173746,35.283018867924525,72.82442748091603,72.678916827853,34.84708063021316,95.53903345724906,57.714285714285715,52.92109605223167,Q4 (High)
2026-02-28,377.04998779296875,429.0,363.8999938964844,402.45001220703125,256191,0.0888798851759629,-0.12128818295408028,,,0.28307981055495135,62.93403778087369,0.8502908583555316,,0,138660000.0,137750000.0,89370000.0,1198140000.0,1197410000.0,893840000.0,303570000.0,0.0,0.993437184480023,0.6445261791432281,6.44627145535843,8.640848117697967,,,,,,,,,,,,,-0.21390101479675716,1.2372287437739344,0.07488372093023266,11.7837528604119,10.9443724454192,396440000.0,1644480000.0,310290000.0,2186960000.0,,,,0.0,,15256818688.0,-0.221,,BFINVEST.NS,,,,,0.49081409908864976,,31.25572868927589,75.54744525547446,74.33547204399633,,38.95985401459854,75.36496350364963,46.16087751371115,1.1100386100386102,98.39622641509433,,22.727272727272727,91.56626506024097,75.46468401486989,41.904761904761905,54.852905983532295,Q4 (High)
2026-02-28,24.049999237060547,28.290000915527344,23.110000610351562,25.34000015258789,4987030,0.0497100577166556,-0.1759349543873857,,,0.4468028168303227,60.30871717419607,1.0353470128497468,,0,2183500000.0,1844900000.0,261000000.0,291000000.0,291000000.0,150300000.0,10000000.0,130700000.0,0.8449278681016716,0.11953286008701626,0.06883444011907489,0.13327226929242042,,,,,,,,,,,,,0.054016219347364336,0.33008849557522124,0.16552791715597315,0.2748091603053435,0.378493604926575,7955103000.0,336328000.0,922662000.0,1061649000.0,,,,0.0,,7395715584.0,0.28,,ATL.NS,,,,,0.41271426834048536,,52.428964252978915,28.284671532846716,67.46104491292392,,24.17883211678832,61.861313868613145,32.9981718464351,70.27027027027027,70.0,,74.03288201160542,77.386468952734,31.87732342007435,62.761904761904766,53.56945652981167,Q4 (High)
2026-02-28,59.779998779296875,62.79999923706055,54.0,58.599998474121094,190499,-0.026901406737685152,-0.1296599304844671,,,0.42464448747430955,56.93779617362065,1.3146723158404492,,0,72742000.0,72725000.0,-13378000.0,3010000.0,-13336000.0,-31265000.0,0.0,17929000.0,0.9997662973247917,-0.18391025817272003,-0.42980671414038657,0.04137912072805257,1659140000.0,2214724000.0,3267465000.0,-1608325000.0,97765000.0,1116130000.0,1475000.0,57664000.0,-1.3770376012310945,1.3348626396807985,0.08759284312759266,0.035928610466522716,0.7455007918606325,-0.4910301491176662,-0.3656515976001117,-0.5960020157903578,-1.0674162336498836,230230000.0,-228620000.0,-160002000.0,-96355000.0,0.1421478867766154,-0.13779427896380053,-0.2638559760157916,0.0,-1.9814312234048967,1274430464.0,0.232,,KREBSBIO.NS,,,,,0.18838644409024122,,75.06874427131073,32.93795620437956,58.38680109990834,,36.31386861313868,26.186131386861316,12.888482632541134,34.16988416988417,22.547169811320757,,69.24564796905223,23.911028730305837,14.312267657992564,4.9523809523809526,37.39469089993842,Q1 (Lowest)
2026-02-28,360.0,441.95001220703125,350.0,414.3500061035156,17268403,0.22954851150638622,0.017671649657778454,,,0.4222825328114052,68.40669283550076,1.4482325026860885,,0,28092011000.0,9603187000.0,2514544000.0,3181949000.0,2553166000.0,1573521000.0,630151000.0,349494000.0,0.3418476163917208,0.0895110001202833,0.056013113479131134,0.11326882222849763,,,,,,,,,,,,,0.1401363934097286,-0.06618513678558335,0.3327737728897828,0.06040915679896175,0.20354358868257516,97301831000.0,6296346000.0,8750155000.0,11808145000.0,,,,0.0,,143958147072.0,0.257,0.97,LTFOODS.NS,,,,,0.2820522900977409,,83.04307974335472,33.85036496350365,85.6095325389551,,78.55839416058394,92.97445255474453,77.6965265082267,81.66023166023166,54.71698113207547,61.45038167938931,71.80851063829788,48.4708063021316,84.10780669144981,84.28571428571429,69.2155188572439,Q5 (Highest)
2026-02-28,43.5,51.45000076293945,39.400001525878906,39.709999084472656,1150649,-0.10219309302608992,-0.07241303876136851,,,0.47542162138729005,31.8661738898586,0.6512986194595632,,0,167296000.0,111747000.0,-51826000.0,128854000.0,14884000.0,-7957000.0,-2601000.0,25457000.0,0.6679597838561592,-0.30978624713083397,-0.04756240436113236,0.7702156656465188,,,,,,,,,,,,,0.38116192095899337,-0.9617760654855694,0.18887420230531982,-1.0367264234546931,0.41797253279337965,810078000.0,-15606000.0,-197978000.0,410674000.0,,,,0.0,,3254786560.0,0.912,,ATLANTAA.NS,,,,,0.29869170411764895,,15.490375802016498,23.448905109489047,6.8744271310724105,,55.93065693430657,7.937956204379562,23.40036563071298,40.92664092664093,13.39622641509434,,98.40425531914893,13.623725671918443,9.107806691449815,67.33333333333333,35.058311677970856,Q1 (Lowest)
2026-02-28,19.969999313354492,20.700000762939453,17.610000610351562,17.729999542236328,5721365,-0.2031460879893785,-0.114974367880046,,,0.7106568806183292,18.443824785725795,0.2255356780317179,,0,2029100000.0,649500000.0,-66200000.0,50400000.0,-53300000.0,-127400000.0,-71400000.0,145500000.0,0.320092651914642,-0.03262530185796659,-0.06278645704992361,0.024838598393376373,,,,,,,,,,,,,-0.6073950815548633,-1.3272540457230928,-0.2597497355076429,-0.472682119205298,-1.8615384615384616,13701500000.0,242200000.0,1004200000.0,1300800000.0,,,,0.0,,6330735616.0,-0.859,1.13,BESTAGRO.NS,,,,,0.3087292461535013,,1.0999083409715857,2.0985401459854103,1.1915673693858846,,40.96715328467153,1.4598540145985401,31.53564899451554,71.91119691119691,25.566037735849058,66.87022900763358,3.5783365570599615,8.804448563484709,2.323420074349442,6.9523809523809526,24.290581463472204,Q1 (Lowest)
2026-02-28,1272.0,1320.0,1216.699951171875,1278.0,23866,-0.006452653745668946,-0.009686168151879171,,,0.281906720055374,43.683628981143684,0.9977325559773522,,0,1496252000.0,192423000.0,37404000.0,91363000.0,63236000.0,30900000.0,16305000.0,16031000.0,0.12860333687106182,0.024998462825780682,0.020651601468201882,0.06106123834755108,3413135000.0,821745000.0,1886799000.0,1526336000.0,2204009000.0,1442705000.0,106371000.0,32956000.0,0.5383775263113757,0.24075959491786877,1.5276920784221306,1.5048488776291757,0.08203260592877148,-0.21738469721145814,0.10788263456914993,0.3925191527715186,0.08274374562994047,5669410000.0,110563000.0,96249000.0,312981000.0,0.07243686842215606,0.03239338613913601,0.040990493939519125,1.0,2.61593051549382,3323311104.0,-0.817,0.35,APOLSINHOT.NS,,,,,0.34162775996816797,,48.30430797433547,76.27737226277372,24.106324472960587,,71.80656934306569,34.58029197080292,23.857404021937842,32.625482625482626,76.60377358490567,26.33587786259542,3.8684719535783367,35.217794253938834,36.152416356877325,49.142857142857146,42.591929588407446,Q2 (Low)
2026-02-28,98.9000015258789,99.0,87.0,90.5,78074,-0.042530647332193916,-0.08363711986191069,,,0.3788245543136984,41.95026011357219,0.9862372660607568,,0,19527000.0,1178000.0,-23856000.0,-19456000.0,-23854000.0,-23869000.0,0.0,15000.0,0.060326727095816046,-1.2216930404055923,-1.222358785271675,-0.9963640088083167,4802055000.0,90000000.0,966273000.0,3835782000.0,262934000.0,576453000.0,13043000.0,19221000.0,0.02346327293886879,0.018741976091485833,0.4561239164337769,0.4227803480942939,-0.015130882130428236,0.5070715999494886,-0.47181498512307274,-1.2737930006079445,-1.2109508836604141,71859000.0,-27186000.0,-87671000.0,-10450000.0,-0.0070874726457342985,-0.005661326244701487,-0.022332111156452394,0.0,1.0385163851725978,588710848.0,0.334,,ATLASCYCLE.NS,,,,,0.29717238107068983,,47.02108157653529,47.71897810218978,20.348304307974335,,52.55474452554745,20.985401459854014,6.855575868372943,2.9440154440154442,10.471698113207548,,79.49709864603481,83.03985171455051,14.312267657992564,3.7142857142857144,35.96422020870403,Q1 (Lowest)
2026-02-28,279.0,303.04998779296875,269.0,297.75,72970427,0.058290362682453356,0.03134737585836622,,,0.28259600813075375,64.57431311277315,0.7490489268146835,,0,27172300000.0,,,,,7386100000.0,2541800000.0,17030200000.0,,,0.27182461550917664,,,,,,,,,,,,,,0.07225782520164792,0.053501640279560725,0.1100339885942121,0.06186204318698074,,101945900000.0,27022800000.0,,,,,,0.0,,746378100736.0,0.568,0.92,LTF.NS,,,,,0.3832385566609915,,22.273143904674612,76.0948905109489,78.36846929422549,,80.83941605839416,65.69343065693431,92.50457038391224,97.00772200772201,55.00000000000001,59.00763358778626,92.98839458413927,59.3141797961075,94.6096654275093,49.904761904761905,68.24041854114107,Q5 (Highest)
2026-02-28,4.050000190734863,4.449999809265137,3.2100000381469727,3.4700000286102295,1135382,0.0,-0.08684208627552847,,,0.5752724505764646,25.96152655823812,0.674806647191355,,0,12500000.0,11472000.0,7654000.0,8355000.0,7684000.0,2581000.0,,5103000.0,0.91776,0.61232,0.20648,0.6684,355423000.0,227191000.0,3163259000.0,-2807836000.0,169562000.0,3153437000.0,3955000.0,150000.0,-0.08091320148327752,0.6392129940943608,0.053770536719141684,0.05372296957256479,-0.1896272285251216,-0.7904011694006822,inf,-0.9961641978923151,-0.9875985768420678,53692000.0,65425000.0,36969000.0,96089000.0,-0.023300862301074563,0.18407643849722724,-0.014325488395343025,1.0,-20.911902718732325,328883840.0,0.451,,KRIDHANINF.NS,,,,,0.314186370537444,,17.415215398716775,8.667883211678827,3.4830430797433545,,50.72992700729927,37.86496350364963,3.0164533820840953,18.436293436293436,14.433962264150942,,86.79883945841392,16.589434661723818,,99.76190476190476,37.14652801104392,Q1 (Lowest)
2026-02-28,467.04998779296875,484.95001220703125,448.75,455.45001220703125,8922058,-0.11700266966691109,-0.21413161625372934,,,0.2166109375297768,38.991789767821544,1.603318026841938,,0,29839700000.0,12846200000.0,3709500000.0,4663500000.0,3663300000.0,2711600000.0,808800000.0,141000000.0,0.43050700911872436,0.12431425248913361,0.09087222726770042,0.15628508329507335,,,,,,,,,,,,,-0.0677307889376273,-0.13816228585958112,0.0754556496228298,0.0055625602610696046,0.004761494376696707,117765900000.0,11429700000.0,15615800000.0,19510100000.0,,,,0.0,,532342865920.0,0.244,0.83,BERGEPAINT.NS,,,,,0.21029555547198725,,88.81759853345554,92.6094890510949,14.298808432630613,,15.51094890510949,5.930656934306569,90.31078610603291,71.47683397683397,49.43396226415094,56.10687022900763,70.74468085106383,41.519925857275254,86.52416356877323,42.0,55.01898164731564,Q4 (High)
2026-02-28,5955.0,6903.5,5868.0,6581.0,372653,0.13270223752151455,0.10216044213699549,,,0.2847543180726944,77.24867724867725,1.0341887071962221,,0,15736200000.0,7473900000.0,1672600000.0,2869800000.0,2071800000.0,1607400000.0,399400000.0,37000000.0,0.47494947954398137,0.10628995564367509,0.10214664277271514,0.18236931406565754,,,,,,,,,,,,,0.06469553450608934,0.25804179384832127,0.1298004781631643,0.1749141144653168,0.03453496755587593,58467500000.0,5237500000.0,6113600000.0,10664700000.0,,,,0.0,,193756200960.0,0.127,0.38,ATUL.NS,,,,,0.381932593200438,,52.15398716773603,75.0,93.76718606782768,,89.6897810218978,84.94525547445255,81.90127970749543,47.39382239382239,64.15094339622641,28.320610687022903,57.640232108317214,74.05004633920296,79.5539033457249,54.85714285714286,65.56161270445794,Q5 (Highest)
2026-02-28,3830.699951171875,4390.0,3825.0,4380.60009765625,30102999,0.1630426384325634,0.08837491712660261,,,0.17740804191473095,86.93904494944596,0.9416337855588085,,0,714497000000.0,233876900000.0,63450700000.0,88578500000.0,77861100000.0,32151100000.0,19879900000.0,6251300000.0,0.3273308355388476,0.08880471156631868,0.044998229523706884,0.12397322871894494,,,,,,,,,,,,,0.12203065001730562,-0.11115810891880162,0.1607535946147305,-0.053067631925402536,0.18685275032123827,2726628700000.0,156884000000.0,281862600000.0,335409100000.0,,,,0.0,,6026003742720.0,0.252,0.78,LT.NS,,,,,0.5354351436976308,,41.338221814848765,97.81021897810218,99.26672777268561,,88.6861313868613,88.6861313868613,99.6343692870201,94.78764478764478,45.0,53.969465648854964,71.37330754352031,44.48563484708063,99.34944237918215,61.71428571428571,72.40677210312987,Q5 (Highest)
2026-02-28,470.75,537.6500244140625,458.8999938964844,503.0,1884788,0.06918904654772207,-0.04581243155761161,,,0.30197789901023503,60.5314613661093,1.2235151868737637,,0,6591085000.0,1628163000.0,611840000.0,745693000.0,656187000.0,333241000.0,233728000.0,89218000.0,0.24702503457321517,0.09282841899323101,0.05055935403655089,0.11313660800915176,,,,,,,,,,,,,0.6663683372356339,0.08972443043397216,1.1929064002696266,0.9901519902057392,0.747917340571659,13436830000.0,1172886000.0,2142767000.0,2514341000.0,,,,0.0,,31099283456.0,-0.426,0.1,KRISHANA.NS,,,,,0.29923182916409685,,69.56920256645279,69.8905109489051,67.82768102658112,,63.59489051094891,69.25182481751825,56.39853747714808,63.51351351351351,87.9245283018868,5.343511450381679,12.959381044487428,63.29935125115848,71.6542750929368,96.85714285714285,59.87229005727078,Q4 (High)
2026-02-28,396.1499938964844,531.0,383.1499938964844,475.29998779296875,11679501,0.2092609147804465,0.05739708074075356,,,0.38587426155640364,62.09695881847501,2.23107519906757,,0,2264600000.0,639900000.0,235800000.0,274300000.0,227400000.0,153500000.0,54400000.0,27200000.0,0.28256645765256555,0.10412434867084695,0.06778238982601784,0.12112514351320322,,,,,,,,,,,,,0.16002458764470862,0.6739367502726281,0.1708805129000568,0.9806451612903226,0.5791594703511802,7804600000.0,346200000.0,813200000.0,714200000.0,,,,0.0,,13190182912.0,-0.363,,ATULAUTO.NS,,,,,0.2688401082549068,,97.80018331805684,44.52554744525548,72.04399633363886,,84.85401459854015,91.51459854014598,42.50457038391225,41.988416988416986,87.83018867924528,,16.247582205029012,85.54216867469879,50.09293680297397,63.61904761904762,61.90421677259741,Q5 (Highest)
2026-02-28,81.06167662174977,87.93214455312165,79.08456255780466,83.69999694824219,3449029,0.027160752285070755,-0.08367039140721788,,,0.21925444395134186,58.686148465850096,0.9526231603840738,,0,3013903000.0,1008388000.0,484543000.0,604775000.0,584200000.0,422218000.0,161485000.0,497000.0,0.3345787837232983,0.16076927492357915,0.1400901090711944,0.20066173330727632,,,,,,,,,,,,,-0.02117022962643489,-0.07996670414629259,-0.17857001716773058,-0.08860764958436496,-0.06259251624023299,13000772000.0,1684519000.0,1986847000.0,2393411000.0,,,,0.0,,20886872064.0,0.131,4.78,BEPL.NS,,,,,0.2168702713907844,,42.80476626947755,92.51824817518248,62.786434463794684,,52.46350364963504,52.37226277372263,50.18281535648994,6.177606177606178,42.64150943396226,97.32824427480917,58.31721470019342,46.98795180722892,66.54275092936803,10.476190476190476,52.10663323251071,Q3 (Medium)
2026-02-28,6.630000114440918,6.980000019073486,6.059999942779541,6.269999980926514,308262,-0.01104103627391928,-0.11814347915809209,,,0.6107536000248496,52.44755874351059,0.6244983288339753,,0,15860000.0,2782000.0,803000.0,807000.0,803000.0,2522000.0,872000.0,,0.17540983606557378,0.05063051702395965,0.15901639344262294,0.0508827238335435,,,,,,,,,,,,,inf,-8.712538226299694,2.4114863411486342,0.8764880952380953,2.995049504950495,15860000.0,1745000.0,-4350000.0,-4335000.0,,,,0.0,,848205376.0,-0.34,,LPDC.NS,,,,,0.39692425534704423,,13.565536205316223,6.021897810218974,45.646196150320804,,39.96350364963504,32.846715328467155,9.414990859232175,,86.60377358490567,,17.02127659574468,1.4828544949026876,19.79553903345725,98.28571428571429,38.04319986652766,Q1 (Lowest)
2026-02-28,1223.0,1407.0,1211.0999755859375,1285.0,4083070,0.052416052416052406,0.03063839402940305,,,0.3011216911679016,56.72542512379484,1.0109396435321008,,0,5124470000.0,2388630000.0,930080000.0,1295810000.0,951090000.0,490410000.0,-6440000.0,351590000.0,0.4661223502137782,0.1814977939182003,0.09569965284214758,0.25286712577105536,,,,,,,,,,,,,0.05479316711504301,0.440856739922435,0.743242323837775,1.9413422899298265,0.5735206615584509,18524390000.0,1558370000.0,3947600000.0,5192880000.0,,,,0.0,,146411536384.0,0.164,0.12,ANURAS.NS,,,,,0.40864882094425053,,50.04582951420715,70.43795620437956,57.74518790100826,,80.65693430656934,63.138686131386855,77.87934186471664,81.85328185328186,93.01886792452831,6.870229007633588,62.18568665377177,81.00092678405932,7.806691449814126,94.57142857142857,61.81406987778569,Q5 (Highest)
2026-02-28,77.94999694824219,89.80000305175781,72.0,82.06999969482422,586202,0.10860463390654274,-0.1435876225953634,,,0.47710723859137566,66.38900884291552,1.6582549031073852,,0,1357934000.0,294061000.0,12050000.0,50250000.0,6743000.0,-4660000.0,-21266000.0,31848000.0,0.21655028889474745,0.008873774424972053,-0.0034316837195327607,0.03700474397135649,,,,,,,,,,,,,0.5838791061262243,-0.9518440822990833,-0.35298425502617015,-0.9572273010977714,-8.338980575434498,5823531000.0,-65405000.0,6258000.0,125264000.0,,,,0.0,,4324760576.0,0.254,,KRITI.NS,,,,,0.2340258353548855,,90.65077910174152,23.083941605839414,81.30155820348305,,32.299270072992705,79.92700729927007,26.508226691042047,44.884169884169886,15.188679245283017,,71.56673114119923,13.901760889712698,5.297397769516729,5.238095238095238,42.65650780948971,Q2 (Low)
2026-02-28,89.69999694824219,94.7699966430664,87.11000061035156,88.06999969482422,66831339,-0.012003586517283171,-0.1654505760109798,,,0.21204481686670773,38.569439822458676,0.6850896629807224,,0,28645900000.0,9859400000.0,9208200000.0,9328400000.0,9208200000.0,6648900000.0,1996500000.0,,0.3441818899039653,0.3214491428092676,0.23210651437029384,0.32564520577115746,,,,,,,,,,,,,0.11512544523814161,0.1398765643751072,0.21773082809046085,0.2186400293255133,0.37739387227759313,101145200000.0,23828900000.0,29097900000.0,32399700000.0,,,,0.0,,733505257472.0,,,BAJAJHFL.NS,,,,,0.5489871076957117,,17.965169569202565,93.7956204379562,13.932172318973418,,26.459854014598537,31.843065693430656,92.41316270566728,,66.60377358490565,,,66.4504170528267,93.40148698884758,72.09523809523809,54.99733069744312,Q4 (High)
2026-02-28,19.350000381469727,22.940000534057617,17.399999618530273,19.989999771118164,61699,0.017820793907671995,-0.17498967607189764,,,0.7386394153944145,57.906457945836834,0.6370179482545286,,0,17322000.0,11635000.0,15061000.0,-6258000.0,-6657000.0,-7053000.0,214000.0,182000.0,0.6716891813878305,0.8694723473040065,-0.4071700727398684,-0.3612746795981988,44508000.0,10473000.0,30866000.0,13642000.0,31058000.0,16847000.0,1742000.0,392000.0,0.7677026828910717,0.23530601240226476,1.843532973229655,1.8202647355612276,0.26152501638627923,-0.7532103992442003,,,,77298000.0,-33784000.0,-9846000.0,-30863000.0,-2.47646972584665,-0.7590545519906534,-0.40829359319925357,0.0,2.0554035229621643,203680080.0,0.018,,GTECJAINX.NS,,,,,0.2508813583587667,,14.390467461044912,1.2773722627737243,60.49495875343721,,24.45255474452555,48.083941605839414,1.6453382084095063,4.343629343629344,,,45.11605415860735,17.608897126969417,18.029739776951672,,32.36286356281254,Q1 (Lowest)
2026-02-28,5532.0,5929.0,5440.0,5648.0,216024,0.07081239927955263,-0.027129446214796293,,,0.1946593634684996,59.32626325639426,0.6429642952710722,,0,16161600000.0,2695200000.0,1361800000.0,1027700000.0,1027700000.0,683300000.0,106600000.0,237800000.0,0.16676566676566676,0.08426145926145927,0.04227922977922978,0.06358900108900109,,,,,,,,,,,,,0.12083888149134481,0.39934466516485756,0.11577813677975235,0.0873647358370464,-0.027811938321823826,59870900000.0,2533200000.0,4328100000.0,4182400000.0,,,,0.0,,134015369216.0,0.082,0.44,BLUEDART.NS,,,,,0.3658676731821239,,14.665444546287809,96.16788321167883,64.34463794683776,,67.97445255474453,69.98175182481752,76.23400365630712,77.31660231660231,57.26415094339623,32.29007633587786,51.59574468085106,79.24003707136237,59.94423791821561,51.42857142857142,59.89650629570336,Q4 (High)
2026-02-28,7.199999809265137,7.579999923706055,6.900000095367432,6.96999979019165,1557888,-0.002861227694048174,-0.19515012551940014,,,0.2994962956782628,40.298493122509505,0.7057997027696069,,0,689637000.0,210718000.0,39505000.0,65569000.0,41495000.0,11977000.0,3659000.0,25857000.0,0.30554915122013465,0.057283759427060904,0.017367107623285874,0.09507755529358199,4829064000.0,882790000.0,2040470000.0,2788594000.0,2873521000.0,1805424000.0,10708000.0,1629981000.0,0.3165717203723453,0.1828076828138952,1.591604520600147,0.6887800317266194,0.06220071374333269,0.4797380775883371,-0.013414609721693727,-2.903225806451613,0.1302466688500854,3057203000.0,67502000.0,195182000.0,290366000.0,0.024206463902597508,0.013978278192212819,0.05316305785502143,1.0,1.7353020171196736,3118452480.0,-0.051,,EXXARO.NS,,,,,0.27038176190341107,,19.431714023831347,70.98540145985402,16.590284142988086,,19.251824817518248,36.77007299270073,22.943327239488116,41.312741312741316,4.150943396226415,,36.46034816247582,82.29842446709917,26.022304832713754,24.0,36.681159123175796,Q1 (Lowest)
2026-02-28,10.779999732971191,11.899999618530273,10.40999984741211,11.15999984741211,6704434581,0.10276679581163584,0.11935802893794056,,,0.5223552986244141,55.59104156097799,0.8343048592382015,,0,113080000000.0,68160000000.0,-7330000000.0,60880000000.0,5380000000.0,-52860000000.0,-40000000.0,58280000000.0,0.6027591085956845,-0.064821365405023,-0.4674566678457729,0.5383799080297135,,,,,,,,,,,,,0.012390774960607365,-0.04311936570001085,0.01873873873873877,-0.20018157058556518,0.2269246271664651,444356000000.0,-245844000000.0,-33121000000.0,203138000000.0,,,,0.0,,1209108267008.0,-0.029,,IDEA.NS,,,,,0.4311681505074295,,29.88084326306141,15.69343065693431,55.17873510540788,,91.33211678832117,78.74087591240875,95.06398537477148,98.93822393822393,36.79245283018868,,39.79690522243714,50.046339202965704,3.717472118959108,29.904761904761905,51.67240948789611,Q3 (Medium)
2026-02-28,4.650000095367432,5.5,4.139999866485596,4.809999942779541,12188620,0.2930107273618836,0.006276094488371298,,,0.49583798297412246,65.34090601215718,1.541028278217816,,0,292744000.0,65748000.0,9411000.0,23143000.0,19333000.0,15438000.0,3680000.0,215000.0,0.2245921351078075,0.032147541879594455,0.05273549585986391,0.07905542043560244,950511000.0,19397000.0,69723000.0,880788000.0,620039000.0,48212000.0,68301000.0,239870000.0,0.022022325463108033,0.0204069179630746,12.860677839542022,7.885360491164025,-0.13986355062201405,1.109016393442623,,,,1146919000.0,33591000.0,29165000.0,57086000.0,0.038137440564585345,0.035339938201662056,0.03239889578253359,1.0,3.2929797761414648,828491712.0,0.293,,AJOONI.NS,,,,,0.27828917338091663,,86.34280476626948,18.978102189781026,79.74335472043997,,75.27372262773723,96.35036496350365,9.23217550274223,4.72972972972973,,,75.09671179883945,90.63948100092678,26.20817843866171,,54.1729750492421,Q4 (High)
2026-02-28,775.2999877929688,825.9000244140625,748.2999877929688,781.0499877929688,1464159,-0.013950243824707553,-0.11530836564321734,,,0.3248871779904207,50.53144968814372,0.6622740126468684,,0,15678400000.0,2765000000.0,-514500000.0,-36700000.0,-122400000.0,-679000000.0,-61600000.0,618200000.0,0.17635728135524034,-0.0328158485559751,-0.043307990611286866,-0.002340800081640984,,,,,,,,,,,,,0.5035338569387304,-16.864485981308412,0.0822915444247323,-7.073345259391771,-1.044094677399976,30020208000.0,151020000.0,619613000.0,3188146000.0,,,,0.0,,505395576832.0,0.092,0.05,FACT.NS,,,,,0.3579316191903875,,16.315307057745187,62.5,40.971585701191565,,40.693430656934304,30.83941605839416,89.85374771480804,86.87258687258688,1.8867924528301887,2.213740458015267,52.46615087040619,0.7414272474513438,2.6951672862453533,42.952380952380956,38.06678222193263,Q1 (Lowest)
2026-02-28,133.47999572753906,156.89999389648438,130.6300048828125,142.6999969482422,341355887,0.036837839755557766,-0.043052564237948676,,,0.33165293850802546,57.99130779062222,1.1219952331585854,,0,124514400000.0,54136000000.0,31027700000.0,47813300000.0,36460300000.0,24795800000.0,4569300000.0,7010100000.0,0.43477702177418837,0.24918965195993395,0.19914001914637985,0.3839981560365709,,,,,,,,,,,,,-0.11749184040144167,-0.26744976158541267,-0.0665303233854716,-0.2557836604838225,-0.2030505672101528,543979000000.0,115586200000.0,160385100000.0,219599900000.0,,,,0.0,,2752118259712.0,0.132,,ADANIPOWER.NS,,,,,0.3792616892689857,,59.76168652612282,60.127737226277375,60.76993583868011,,64.14233576642336,57.846715328467155,98.26325411334552,95.17374517374517,33.77358490566038,,58.41392649903289,33.364226135310474,96.74721189591078,18.952380952380953,59.15578269075713,Q4 (High)
2026-02-28,99.98999786376953,116.4000015258789,96.69999694824219,112.83000183105469,403406803,0.14898172441414093,0.1255986057022418,,,0.40862655524108554,66.75127419597513,1.457741957090835,,0,44891200000.0,,,,,19540900000.0,5296500000.0,38624900000.0,,,0.4352946679972912,,4237475600000.0,272035400000.0,3539467800000.0,696284100000.0,,,292186700000.0,,0.39069598171206266,0.0641975141992558,,,-0.03402241765524838,-0.03223585812062324,-0.14504840279351638,0.050134350816853024,,177804721000.0,80088327000.0,,,0.11502248435660099,0.01890000900536159,,1.0,,1213311352832.0,0.301,1.86,IDBI.NS,,,,,0.27049719324129773,,83.50137488542622,36.95255474452554,82.40146654445462,,91.6058394160584,87.5,95.15539305301645,98.16602316602317,53.9622641509434,82.13740458015268,76.20889748549324,50.973123262279884,97.11895910780669,12.571428571428573,69.88364859784058,Q5 (Highest)
2026-02-28,619.9500122070312,675.0999755859375,590.4500122070312,592.25,167073,-0.11762516503453102,-0.1503478798196256,,,0.3911559045306818,40.60533260899058,0.9202239199705887,,0,1001340000.0,193818000.0,13819000.0,35525000.0,7566000.0,-971000.0,-1080000.0,9617000.0,0.1935586314338786,0.013800507320190945,-0.0009697006011943995,0.03547746020332754,,,,,,,,,,,,,-0.10212001682168748,-1.1257446257446257,-0.11831210134999492,-1.027602478821991,-0.5724361211741908,4618947000.0,24424000.0,74066000.0,181335000.0,,,,0.0,,7674677760.0,-0.113,1.27,FAIRCHEMOR.NS,,,,,0.28811788422557094,,38.771769019248396,43.15693430656934,17.598533455545372,,30.748175182481752,5.839416058394161,33.729433272394886,26.351351351351347,13.584905660377359,70.91603053435115,30.89941972920696,10.658016682113068,10.130111524163569,14.000000000000002,29.75893978507983,Q1 (Lowest)
2026-02-28,6201.0,6329.5,5697.5,5722.5,78978,-0.05988171513060625,-0.06981469440832244,,,0.20887723661178842,16.32492113564669,0.9742428567938244,,0,1635911000.0,799538000.0,472346000.0,658456000.0,558867000.0,388174000.0,158504000.0,9755000.0,0.4887417469532267,0.2887357564072862,0.23728307958073513,0.40250111405816086,,,,,,,,,,,,,0.31410401104678587,-0.08534306645020062,0.2971046668178452,0.057141767794505416,0.0740359536559625,5441446000.0,1790285000.0,1757684000.0,2707488000.0,,,,0.0,,55070560256.0,0.11,1.05,ICRA.NS,,,,,0.294796009619221,,45.37121906507791,94.52554744525547,0.8249312557286892,,56.56934306569343,15.602189781021897,63.61974405850091,26.73745173745174,54.52830188679245,64.8854961832061,54.73887814313346,46.52455977757183,65.89219330855019,81.04761904761905,51.39116498370687,Q3 (Medium)
2026-02-28,368.75,623.0499877929688,356.54998779296875,551.9500122070312,3761319,0.5547887667803697,-0.016745281531533984,,,0.8320287003073383,71.79760716735986,1.0196002036491674,,0,2269300000.0,1078400000.0,106800000.0,209800000.0,130800000.0,64000000.0,20300000.0,46500000.0,0.47521262063191294,0.04706297096020799,0.02820252941435685,0.09245141673643854,,,,,,,,,,,,,0.0963861242632138,-2.230769230769231,0.2735282563555754,-0.2784667418263811,-0.042883211678832134,8201600000.0,313900000.0,1191900000.0,873000000.0,,,,0.0,,13396335616.0,-0.455,,FAZE3Q.NS,,,,,0.28348851975347256,,50.87076076993584,0.5474452554744573,89.27589367552704,,70.07299270072993,99.63503649635037,43.327239488117,52.8957528957529,33.11320754716981,,11.895551257253386,4.633920296570899,38.47583643122677,78.57142857142857,48.2210043590358,Q3 (Medium)
2026-02-28,896.0999755859375,925.0,806.0499877929688,829.1500244140625,288872,-0.06983396712482515,-0.25529907828912546,,,0.34606221329354564,26.55543279209924,1.4131269158957438,,0,2793460000.0,1068230000.0,387660000.0,396690000.0,323680000.0,221280000.0,98180000.0,4220000.0,0.3824039005391164,0.13877413673365646,0.07921359174643632,0.14200668704760405,,,,,,,,,,,,,-0.01184668989547033,-0.443446766769788,0.08451453351813254,0.11870576339737116,-0.04174215522863978,10774840000.0,1063880000.0,1902930000.0,1802690000.0,,,,0.0,,12868192256.0,-0.105,5.67,EXPLEOSOL.NS,,,,,0.2736937398492384,,80.65994500458295,56.386861313868614,3.84967919340055,,8.302919708029197,13.412408759124087,42.04753199268739,16.65057915057915,59.81132075471698,98.62595419847328,31.67311411992263,25.208526413345687,59.20074349442379,43.523809523809526,42.62355957513092,Q2 (Low)
2026-02-28,230.8300018310547,343.0,228.6699981689453,293.92999267578125,26089913,0.25343280458755335,-0.06925267879213781,,,0.7206154476967516,66.71500582900772,1.8515412097028368,,0,10628284000.0,5674667000.0,516000000.0,1024077000.0,630137000.0,244291000.0,90678000.0,295168000.0,0.533921280236772,0.04854970002683406,0.022984989862897907,0.09635393634569796,,,,,,,,,,,,,0.0006501039083530724,-0.3740253217751379,-0.07704256840692059,-0.6548226290965713,-0.36748200176894075,37716675000.0,1124518000.0,2371710000.0,4256805000.0,,,,0.0,,58214109184.0,-0.161,0.68,ICIL.NS,,,,,0.22236266092370188,,94.86709440879928,1.8248175182481816,82.30980751604034,,57.02554744525548,94.52554744525547,64.62522851919562,80.21235521235522,21.22641509433962,49.08396946564885,26.789168278529978,27.98887859128823,57.899628252788105,17.61904761904762,51.7331670244528,Q3 (Medium)
2026-02-28,1.659999966621399,1.8799999952316284,1.5700000524520874,1.6699999570846558,28951951,0.05031441636894951,-0.1932367096898957,,,0.35012283892362334,57.89472693551909,0.966754848764839,,0,148581000.0,33543000.0,-13643000.0,7005000.0,-2708000.0,-19721000.0,3475000.0,13539000.0,0.2257556484341874,-0.09182196916160208,-0.13272894919269623,0.0471460011710784,,,,,,,,,,,,,0.8088750913075238,0.5950339695891298,0.6059859269107299,-2.568145674300254,-0.7959510632100204,318230000.0,-27716000.0,-125235000.0,76312000.0,,,,0.0,,2854953728.0,0.211,,FCSSOFT.NS,,,,,0.23798948810717335,,43.996333638863426,55.10948905109489,60.40329972502292,,19.61678832116788,62.13503649635036,22.02925045703839,30.212355212355213,4.905660377358491,,66.97292069632496,84.80074142724744,25.650557620817843,93.23809523809524,47.93803521744913,Q3 (Medium)
2026-02-28,643.0,665.0,629.8499755859375,651.2999877929688,16436131,0.006490515168430022,0.06613187389811515,,,0.1946949097994963,57.387255692982365,0.8942260640773925,,0,228340700000.0,,,,,3871500000.0,561000000.0,,,,0.016954927439567277,,3338299800000.0,25950000000.0,3203755000000.0,134544800000.0,,,1132900000.0,,0.19287255992056176,0.007773418073475606,,,-0.10088670711102166,0.2862553573208413,-0.09294558206584846,0.542491732738356,,675464100000.0,13983300000.0,,,0.10393043803996885,0.004188749015292156,,1.0,,943200206848.0,0.425,0.13,ICICIPRULI.NS,,,,,0.3700105831816556,,36.11365719523373,96.07664233576642,59.211732355637025,,86.22262773722628,42.153284671532845,93.60146252285192,,80.84905660377359,7.862595419847327,85.29980657640233,75.25486561631139,83.364312267658,16.0,60.80066955348274,Q5 (Highest)
2026-02-28,372.15431940282133,399.5,353.04798117888345,368.8999938964844,1240983,-0.004518576323579104,-0.09098746863549323,,,0.253923063122264,48.2902565689916,1.1680984266319319,,0,4647077000.0,3131544000.0,374957000.0,522882000.0,375048000.0,283026000.0,80815000.0,11207000.0,0.6738739211766881,0.08068663377000208,0.06090409089412549,0.11251847128851103,,,,,,,,,,,,,-0.01759879078076032,-0.0024144287673019127,0.0012811532361400868,-0.23589711746395148,-0.2014788955014638,20724863000.0,2166964000.0,2220761000.0,3518623000.0,,,,0.0,,60089028608.0,-0.041,2.71,FDC.NS,,,,,0.18938890913637002,,64.80293308890926,85.21897810218978,35.56370302474794,,49.36131386861314,35.583941605839414,65.17367458866545,28.86100386100386,34.62264150943396,90.45801526717557,38.34622823984526,54.1241890639481,55.762081784386616,26.190476190476193,50.93794534634896,Q3 (Medium)
2026-02-28,284.79998779296875,298.25,276.0,292.6000061035156,93752029,0.05976095485421262,0.1939933445627129,,,0.27576167156787057,66.52047396773528,0.5470124306997515,,0,41023500000.0,,,,,10940700000.0,3835500000.0,44008100000.0,,,0.26669348056601705,,,,,,,,,,,,,,0.08651088139714114,0.1913820890321456,0.13267013451726184,-0.0019885974914480853,,150519850000.0,40474758000.0,,,,,,0.0,,719643934720.0,0.183,0.41,FEDERALBNK.NS,,,,,0.4097822737575628,,8.707607699358388,78.74087591240875,81.66819431714025,,95.25547445255475,66.42335766423358,92.23034734917734,98.35907335907336,48.490566037735846,30.0,64.60348162475822,70.25023169601484,96.00371747211895,55.714285714285715,65.76314755325733,Q5 (Highest)
2026-02-28,1832.9000244140625,1983.0999755859375,1801.800048828125,1936.0999755859375,8206752,0.05532541227009591,-0.033930443006027655,,,0.1514613415680802,73.9702248780767,0.6673701517606895,,0,69047400000.0,,,,,6587600000.0,2109900000.0,,,,0.0954069233598948,,758478700000.0,,593426000000.0,165052700000.0,,,3856300000.0,,,,,,0.074829974330755,-0.11822027092145415,0.12277124361557346,-0.05070970531018082,,264826200000.0,26398100000.0,,,0.1599374018116638,0.03480400965775308,,1.0,,967975567360.0,0.462,0.67,ICICIGI.NS,,,,,0.3613148773365044,,16.86526122823098,99.08759124087591,90.83409715857012,,66.6970802919708,64.78102189781022,93.78427787934186,,45.37735849056604,48.396946564885496,87.52417794970987,43.2808155699722,93.68029739776952,53.142857142857146,63.563452187504026,Q5 (Highest)
2026-02-28,138.41000366210938,153.89999389648438,130.6699981689453,138.83999633789062,4788621,-0.08537553658314712,-0.2992833513395875,,,0.48345775469152713,52.18625789012999,0.9690622388186783,,0,1817500000.0,671000000.0,540800000.0,566500000.0,555400000.0,255400000.0,140300000.0,136400000.0,0.36918844566712516,0.2975515818431912,0.14052269601100412,0.31169188445667123,,,,,,,,,,,,,-0.1702428780131483,-0.15903852486005932,-0.05770427208627127,-0.2463853644142815,-0.17695772192357984,8106849000.0,1194620000.0,2307222000.0,2419184000.0,,,,0.0,,27341207552.0,0.297,0.65,AJMERA.NS,,,,,0.37335878439046527,,44.36296975252063,21.441605839416056,44.72960586617782,,5.018248175182482,10.127737226277372,54.11334552102377,71.04247104247105,33.9622641509434,47.25190839694656,75.62862669245648,39.295644114921224,63.66171003717472,19.428571428571427,42.00431388293887,Q2 (Low)
2026-02-28,140.0,150.85000610351562,132.00999450683594,134.0399932861328,12866392,-0.10966462591135917,-0.06357416614725597,,,0.5163230868487134,43.724460141675934,0.5146144089780967,,0,5507900000.0,2272200000.0,1132000000.0,1272500000.0,1132000000.0,879100000.0,303800000.0,,0.4125347228526299,0.2055229760888905,0.1596071097877594,0.23103179070063,,,,,,,,,,,,,0.07725556924641586,0.1719770697240368,0.05194904409939083,3.686034115138593,3.3578767123287667,,,4110300000.0,5205800000.0,,,,0.0,,50186395648.0,0.551,,FEDFINA.NS,,,,,0.4657195542599574,,7.149404216315307,16.14963503649635,24.381301558203482,,59.12408759124088,6.843065693430657,62.705667276051194,,95.28301886792453,,92.06963249516441,68.39666357738648,75.55762081784387,37.904761904761905,49.7043239356546,Q3 (Medium)
2026-02-28,1329.9000244140625,1434.4000244140625,1329.0999755859375,1394.5,179599904,0.033728687916975586,0.01825483753194601,,,0.16928472451557652,62.28639456760995,0.7758028272833851,,0,549077600000.0,,,,,125379800000.0,43427300000.0,218743200000.0,,,0.22834623011392197,,27534710100000.0,2154355500000.0,23877945700000.0,3487452300000.0,,,1793773400000.0,,0.6177447932406129,0.07824144478644793,,,0.014383364247023689,-0.06132187771859976,0.05605757681540746,-0.026808979327613836,,2163793537000.0,529548555000.0,,,0.1518439564033607,0.019232036693932725,,1.0,,9978680180736.0,0.187,0.79,ICICIBANK.NS,,,,,0.3824511216527419,,24.56461961503208,98.35766423357664,72.59395050412466,,78.64963503649635,55.65693430656934,99.81718464351006,99.8069498069498,46.88679245283019,54.656488549618324,64.8936170212766,48.65616311399444,100.0,38.952380952380956,65.56615868242396,Q5 (Highest)
2026-02-28,0.44999998807907104,0.4699999988079071,0.41999998688697815,0.4399999976158142,2667086,-0.02222220161814692,0.12820516347415012,,,0.27577072817786746,59.99998807907389,0.9470623047651023,,0,,,,,,,,,,,,,,,,,,,,,,,,,,,,,,,,,,,,,,,386888800.0,0.231,,FEL.NS,,,,,0.22480936992408135,,41.979835013748854,78.64963503649635,66.17781851512375,,91.78832116788321,27.919708029197082,3.5648994515539303,,,,68.95551257253385,,,,51.93571531910248,Q3 (Medium)
2026-02-28,22.270000457763672,25.920000076293945,21.309999465942383,24.90999984741211,35732789,0.1473975540251471,0.011779000743029178,,,0.3736914677931523,71.86588726736466,1.2403936871249963,,0,1377054000.0,529488000.0,280181000.0,387453000.0,357377000.0,259854000.0,93175000.0,3439000.0,0.38450779707985305,0.20346406168530792,0.18870283954006162,0.2813636937985003,8775988000.0,297000.0,898429000.0,7794012000.0,3133054000.0,780600000.0,264923000.0,818893000.0,3.8106176895801546e-05,3.384234344896552e-05,4.013648475531642,2.9645926210607225,0.0046209291467258495,0.04733806512460248,-0.055047338419088265,-0.18422151411932752,-0.10502402291416424,5190156000.0,983997000.0,1021583000.0,1403709000.0,0.12625038298632335,0.112123785948659,0.1310678085767449,1.0,2.2908032349178233,28906594304.0,-0.179,0.64,FCL.NS,,,,,0.28607060186559147,,70.66911090742438,49.45255474452554,89.36755270394133,,77.09854014598541,87.13503649635037,55.02742230347349,15.347490347490348,37.54716981132076,46.717557251908396,25.145067698259187,58.850787766450416,57.99256505576208,19.80952380952381,52.677358602827695,Q3 (Medium)
2026-02-28,442.0,455.0,404.0,414.0,2391479,-0.01744394445721187,-0.13642051466234695,,,0.5406385573406901,41.108394718559715,0.5861813330800157,,0,315450000.0,74740000.0,-374920000.0,-239130000.0,-348800000.0,-338530000.0,-20800000.0,10530000.0,0.23693136788714536,-1.1885243303217625,-1.0731653193850055,-0.7580599144079886,,,,,,,,,,,,,1.4683098591549295,0.43712854474443885,-0.14975337591978655,1.465802316264841,1.3934541086978283,821800000.0,-1071350000.0,-1201060000.0,-697680000.0,,,,0.0,,17913012224.0,1.438,,IDEAFORGE.NS,,,,,0.41676499699703323,,10.81576535288726,12.591240875912419,18.51512373968836,,34.67153284671533,29.288321167883215,47.98903107861061,28.28185328185328,90.47169811320754,,99.70986460348162,80.9082483781279,5.4832713754646845,11.904761904761903,41.37538084790627,Q2 (Low)
2026-02-28,318.0,345.8999938964844,308.45001220703125,336.45001220703125,29103302,0.03221352847604986,-0.10363658788846897,,,0.21498888341999298,62.34816593243341,1.0022420738366749,,0,42005900000.0,13919100000.0,3028500000.0,4575200000.0,3081900000.0,1940100000.0,881500000.0,250700000.0,0.3313605945831419,0.07209701494313894,0.04618636905767999,0.10891803294299134,,,,,,,,,,,,,-0.03755748067938902,0.1283587297894615,0.045776155669302376,0.23722976850966138,0.04597517203539003,175023100000.0,8258100000.0,12463500000.0,19402100000.0,,,,0.0,,286061461504.0,0.322,0.59,EXIDEIND.NS,,,,,0.32709427732414914,,49.12923923006416,93.15693430656934,72.77726856095326,,44.981751824817515,54.56204379562044,85.74040219378428,78.37837837837837,67.64150943396227,43.4351145038168,78.23984526112186,65.70898980537535,88.01115241635688,36.38095238095238,63.8762388061182,Q5 (Highest)
2026-02-28,82.08000183105469,86.19000244140625,79.37999725341797,83.51000213623047,319693151,0.024536865999062574,0.06613047598732624,,,0.20883101091173978,58.55655741799538,0.822204843637204,,0,76175400000.0,,,,,4786500000.0,1325000000.0,49244500000.0,,,0.06283524602430705,,,,,,,,,,,,,,0.06389926285122116,0.05552737777581762,0.1691251291134035,1.258422194960838,,283940200000.0,15678900000.0,,,,,,0.0,,717997670400.0,0.412,0.3,IDFCFIRSTB.NS,,,,,0.3213715469002071,,28.597616865261227,94.61678832116789,62.60311640696609,,86.13138686131386,51.368613138686136,92.13893967093236,98.55212355212355,89.62264150943396,22.137404580152673,84.81624758220502,59.777571825764596,91.44981412639405,63.33333333333333,68.34303985158232,Q5 (Highest)
2026-02-28,171.35777084239896,175.6257822775365,159.9273860862309,168.1999969482422,42404733,-0.028386184750170185,-0.14880065049464697,,,0.24537580533075015,46.416419879086185,1.4453579891383066,,0,40675000000.0,9617600000.0,3389400000.0,6375900000.0,5056700000.0,3937500000.0,1111800000.0,24800000.0,0.23644990780577751,0.08332882606023356,0.09680393362015981,0.15675230485556238,,,,,,,,,,,,,0.010960878858676804,0.01931191591809256,0.08325121840794703,0.20578778135048226,0.19791451385627057,158887100000.0,16642300000.0,14334500000.0,26227500000.0,,,,0.0,,235698110464.0,0.397,2.82,IGL.NS,,,,,0.339909793926116,,82.85976168652613,86.86131386861314,30.522456461961507,,31.02189781021898,25.638686131386862,83.91224862888483,40.58880308880309,65.9433962264151,90.99236641221374,83.70406189555126,55.6997219647822,90.61338289962825,43.238095238095234,60.77307948753868,Q5 (Highest)
2026-02-28,1.5800000429153442,1.6399999856948853,1.409999966621399,1.4199999570846558,18970231,0.11811021922119358,-0.12345681919446161,,,0.6048532367630258,35.48386848679988,0.5418160588175166,,0,1400537000.0,46512000.0,14163000.0,39059000.0,29830000.0,12437000.0,8449000.0,8945000.0,0.03321011869018812,0.010112549686298898,0.00888016525090019,0.027888588448573653,,,,,,,,,,,,,0.16059933572877583,0.14132329999082316,0.12376313095165492,0.004847701381594849,0.14849010556029296,4393971000.0,28288000.0,20678000.0,119720000.0,,,,0.0,,1526227968.0,0.096,,ESSENTIA.NS,,,,,0.3281662882814211,,8.340971585701192,6.204379562043798,10.81576535288726,,38.41240875912409,82.66423357664233,15.26508226691042,25.096525096525095,49.339622641509436,,53.23984526112186,66.63577386468953,30.855018587360593,53.42857142857142,39.35321319887247,Q1 (Lowest)
2026-02-28,310.4552699554071,337.7943553209913,300.3829700234833,331.6499938964844,16424481,0.12736784700214754,-0.0026612202720046607,,,0.3872195840061995,66.12420475482594,0.9353057837812613,,0,3196660000.0,3108210000.0,1793440000.0,1907250000.0,1907250000.0,1345500000.0,536860000.0,24890000.0,0.9723304949541084,0.5610355808875513,0.420908072800986,0.5966383662948203,17550840000.0,1426030000.0,3453630000.0,14097210000.0,10802510000.0,2092550000.0,983790000.0,26920000.0,0.10115689558430356,0.0812513817002491,5.162366490645385,5.14950180401902,0.052443396754429106,0.03665066683103091,0.27797900325425573,0.22765718665316292,0.2724840543353526,11821850000.0,5155260000.0,6927040000.0,7448070000.0,0.3656936372516264,0.2937329495340394,0.44623673923742724,1.0,2.752222742615168,143325757440.0,,1.51,IGIL.NS,,,,,0.5989509390410457,,40.421631530705774,43.97810218978102,80.84326306141155,,73.17518248175182,84.03284671532847,77.51371115173674,40.73359073359074,67.0754716981132,77.17557251908397,,57.738646895273405,82.8996282527881,79.14285714285715,63.64870029149479,Q5 (Highest)
2026-02-28,95.0,109.79000091552734,94.4000015258789,100.83000183105469,1628759,0.0576943238682317,-0.09260259774286095,,,0.29644479004458646,60.99744711296119,1.4247711363223183,,0,3389802000.0,1110662000.0,-9186000.0,209593000.0,33144000.0,-124126000.0,-2635000.0,159905000.0,0.3276480455200628,-0.0027098927901983657,-0.036617477952989586,0.0618304549941265,,,,,,,,,,,,,-0.042941137441962596,-0.2132670782258167,-0.019088665674316108,-1.5001914110825,-0.6771881781623447,13456188000.0,-333838000.0,294278000.0,1063695000.0,,,,0.0,,9849515008.0,-0.163,0.6,ESTER.NS,,,,,0.23770552405831621,,81.48487626031165,71.98905109489051,69.38588450962419,,48.722627737226276,65.51094890510949,37.93418647166362,73.06949806949807,8.20754716981132,44.274809160305345,26.4990328820116,35.588507877664505,9.014869888475836,22.76190476190476,46.29624965256649,Q2 (Low)
2026-02-28,266.0,308.54998779296875,266.0,269.45001220703125,603383140,-0.04955903983410492,-0.12202666156482489,,,0.3672462442043871,48.21230012258182,0.6336431734754054,,0,163150000000.0,65140000000.0,-710000000.0,7160000000.0,2770000000.0,1020000000.0,680000000.0,1070000000.0,0.39926448053938096,-0.0043518234753294515,0.006251915415262029,0.04388599448360404,,,,,,,,,,,,,1.2764057485698341,3.08,2.3996665972077516,-0.4204545454545454,0.6017897091722595,347200000000.0,2250000000.0,-3340000000.0,20360000000.0,,,,0.0,,2455267704832.0,0.246,,ETERNAL.NS,,,,,0.32773608239128177,,13.932172318973418,51.0948905109489,35.47204399633364,,38.68613138686132,18.886861313868614,97.80621572212065,90.05791505791507,27.641509433962263,,70.93810444874275,96.47822057460613,85.13011152416357,98.19047619047619,58.287643498598165,Q4 (High)
2026-02-28,393.1000061035156,428.0,364.79998779296875,367.25,811897,-0.013696806821315799,-0.1634396355353075,,,0.47865705219488547,45.56737396775871,0.89497365909662,,0,2160935000.0,733994000.0,62264000.0,204764000.0,63097000.0,35039000.0,7166000.0,20892000.0,0.33966500612003603,0.02881345343566558,0.016214740378586123,0.09475713059393272,,,,,,,,,,,,,-0.013920970758067086,-0.2278927304378484,0.025094946286445152,-0.3203832651240375,-0.15070924927416007,8085773000.0,136131000.0,299984000.0,815359000.0,,,,0.0,,11559211008.0,-0.016,0.68,IGARASHI.NS,,,,,0.32196696257524254,,36.29697525206233,22.71897810218978,28.230980751604033,,27.0985401459854,31.02189781021898,40.40219378427788,36.77606177606177,31.132075471698112,49.08396946564885,41.63442940038685,34.75440222428175,29.83271375464684,31.428571428571427,36.02745262450893,Q1 (Lowest)
2026-02-28,2480.0,2735.0,2400.0,2462.10009765625,592285,-0.017674675396402217,-0.15149735014403853,,,0.36685619490475857,43.69435188785011,1.4491823437106641,,0,4685193000.0,1355416000.0,365881000.0,744863000.0,496735000.0,304272000.0,115174000.0,75903000.0,0.2892977941356952,0.0780930476076439,0.06494332250560436,0.1589823514207419,,,,,,,,,,,,,0.22203564232477158,0.3049978769852333,0.26651449295146823,0.03183274835952998,0.19126426781347616,15095474000.0,955115000.0,1337151000.0,2366929000.0,,,,0.0,,65880117248.0,-0.109,,ETHOSLTD.NS,,,,,0.22217417221440017,,83.13473877176902,51.18613138686132,24.289642529789184,,30.29197080291971,29.014598540145986,66.36197440585009,60.810810810810814,51.981132075471706,,31.189555125725338,75.90361445783132,61.2453531598513,78.0,52.89396813780172,Q3 (Medium)
2026-02-28,177.3000030517578,197.64999389648438,171.77000427246094,178.27000427246094,454604,0.02956979818917871,-0.18794695365673653,,,0.4064337852968698,52.30611098173809,1.20128646528209,,0,4686400000.0,2244700000.0,30900000.0,201300000.0,1400000.0,-30800000.0,-6600000.0,38800000.0,0.4789817343803346,0.006593547285763059,-0.006572208945032435,0.0429540798907477,,,,,,,,,,,,,-0.0409103002271658,-1.2427107959022852,0.23703938338084685,0.4128440366972477,0.028615227388860465,18488866000.0,288474000.0,436845000.0,1360422000.0,,,,0.0,,12849456128.0,0.494,3.93,IFGLEXPOR.NS,,,,,0.24986214225098252,,67.64436296975252,37.40875912408759,45.096241979835014,,20.71167883211679,53.284671532846716,41.95612431444241,48.745173745173744,77.54716981132076,96.10687022900764,88.97485493230174,9.63855421686747,7.527881040892194,74.66666666666667,51.28726729302076,Q3 (Medium)
2026-02-28,534.9500122070312,558.9000244140625,481.0,514.5499877929688,3168956,-0.02795879564665449,-0.10027982894361909,,,0.33742858708903645,37.916342619405015,1.2401476122715378,,0,6453958000.0,3949595000.0,514503000.0,335630000.0,164281000.0,100229000.0,37114000.0,27379000.0,0.6119647819214193,0.07971898794507185,0.01552985005480358,0.052003747157945555,,,,,,,,,,,,,-0.16408105176747367,-0.8406435375166346,0.07972031481730868,-0.7140048565159207,-0.4720773378465952,26234381000.0,1610937000.0,2403511000.0,2886960000.0,,,,0.0,,99561209856.0,-0.158,,EUREKAFORB.NS,,,,,0.18759552212580605,,70.57745187901008,58.48540145985402,13.198900091659027,,45.8029197080292,25.91240875912409,71.93784277879341,42.181467181467184,19.622641509433965,,27.321083172147002,15.755329008341057,45.539033457249076,42.57142857142857,41.92706050510244,Q2 (Low)
2026-02-28,1348.0,1583.9000244140625,1348.0,1511.5,45080655,0.09640216652229139,0.021421780055338235,,,0.30721856660433033,65.82944168879132,1.0287635871501757,,0,97045900000.0,48766500000.0,44017200000.0,44463300000.0,44463300000.0,30536100000.0,5677900000.0,8356100000.0,0.5025096371922977,0.45357093911231694,0.31465626059421364,0.45816773300056984,,,,,,,,,,,,,0.06338386218050562,-0.07873673667029712,0.3732223766170182,0.2489202453987731,0.24417065642899716,352827200000.0,119026800000.0,162356000000.0,169711300000.0,,,,0.0,,3482434142208.0,0.192,0.46,ADANIPORTS.NS,,,,,0.4471023912007067,,51.787351054078826,68.06569343065694,80.20164986251146,,79.01459854014598,77.09854014598541,98.81170018281536,95.55984555984556,68.39622641509435,34.35114503816794,65.08704061895551,47.26598702502317,97.30483271375465,86.66666666666667,69.97408515024678,Q5 (Highest)
2026-02-28,57.43000030517578,68.12999725341797,54.79999923706055,59.970001220703125,614538418,0.02407786568214121,0.1418507368241686,,,0.5320080038239293,60.974223998286114,0.7174362468723358,,0,3371500000.0,,,,,-152400000.0,-82700000.0,1027500000.0,,,-0.04520243215186119,,,,,,,,,,,,,,-0.4542732275817417,-1.1066032456631225,0.13598840931298217,-0.50293542074364,,15247000000.0,3949300000.0,,,,,,0.0,,161822392320.0,0.113,,IFCI.NS,,,,,0.2990854346741338,,20.256645279560036,13.777372262773724,69.11090742438131,,92.6094890510949,51.09489051094891,79.06764168190128,89.38223938223938,24.71698113207547,,55.27079303675049,11.028730305838739,1.7657992565055762,56.57142857142857,47.643527859699894,Q3 (Medium)
2026-02-28,12.569999694824219,14.899999618530273,12.119999885559082,12.359999656677246,14479,-0.030588262221392437,-0.41917296720606334,,,0.5518882927526819,43.05317068853803,0.8172347828099784,,0,178000.0,178000.0,-12710000.0,-6432000.0,-8138000.0,-10344000.0,-3943000.0,6149000.0,1.0,-71.40449438202248,-58.1123595505618,-36.13483146067416,,,,,,,,,,,,,-0.5615763546798029,-1.5074319352465047,4.5625,0.3419823559937727,24.027237354085603,3661000.0,17992000.0,-15188000.0,40161000.0,,,,0.0,,145308480.0,0.489,,EUROTEXIND.NS,,,,,0.3752064022926677,,28.32263978001833,10.948905109489047,22.181484876260313,,0.8211678832116789,24.635036496350367,1.0054844606946984,21.042471042471043,73.86792452830188,,88.73307543520309,7.32159406858202,8.364312267657994,98.76190476190476,35.73373338067635,Q1 (Lowest)
2026-02-28,323.79998779296875,358.3500061035156,316.0,325.70001220703125,1390388,0.032984537953396176,-0.034676887673693146,,,0.29908161530802135,55.2718530167681,0.9997965787802394,,0,3672400000.0,1535800000.0,259800000.0,239800000.0,169700000.0,74500000.0,47600000.0,47600000.0,0.4182006317394619,0.07074392767672368,0.020286461169807212,0.06529789783248012,,,,,,,,,,,,,-0.05051967526759393,-1.9418457648546146,0.1011694152923539,-0.4312977099236641,-0.18766937669376693,14136383000.0,401951000.0,1330737000.0,1097820000.0,,,,0.0,,23739054080.0,0.13,0.46,EVEREADY.NS,,,,,0.2639475350018415,,48.670944087992666,71.16788321167883,53.7121906507791,,66.6058394160584,54.92700729927007,52.0109689213894,53.66795366795367,27.169811320754718,34.35114503816794,58.12379110251451,5.375347544022243,48.234200743494426,46.95238095238095,48.064630930430454,Q3 (Medium)
2026-02-28,1115.0,1253.699951171875,1074.0,1159.0999755859375,1135484,-0.13182533384644746,-0.3175341739730486,,,0.4817706586052911,58.77119304107732,0.733404535132508,,0,14125400000.0,5529000000.0,450900000.0,633900000.0,320400000.0,239400000.0,76400000.0,4600000.0,0.39142254378637065,0.031921219930055075,0.016948192617554193,0.0448766052642757,,,,,,,,,,,,,0.055465475114136575,-0.08486238532110091,0.15845587330747213,-0.23782234957020054,-0.1526533885844138,53468300000.0,1000600000.0,1645900000.0,2916000000.0,,,,0.0,,47011254272.0,-0.1,,IFBIND.NS,,,,,0.2702412130557856,,21.173235563703024,21.989051094890513,62.96975252062328,,4.014598540145985,4.835766423357665,62.06581352833638,17.664092664092664,34.52830188679245,,32.495164410058024,46.61723818350325,55.20446096654275,60.857142857142854,38.29430790927925,Q1 (Lowest)
2026-02-28,24.149999618530273,31.200000762939453,23.260000228881836,27.81999969482422,991429,0.12222665056050963,0.056589433172639314,,,0.698176383303278,65.06224051940677,1.6540740597196355,,0,120620000.0,31566000.0,-131000.0,4720000.0,1844000.0,-10873000.0,1882000.0,10813000.0,0.26169789421323164,-0.001086055380533908,-0.09014259658431438,0.03913115569557287,2066239000.0,862198000.0,1228240000.0,837226000.0,1926866000.0,1089514000.0,11553000.0,359379000.0,1.0298270717822906,0.4172789304625457,1.7685555210855481,1.4387029446156727,-0.4313756918058135,-7.223812249570693,0.31127224499114003,-0.42908899973746395,-1.737961225766104,670160000.0,15330000.0,60482000.0,69660000.0,0.018310468141218738,0.007419277247210996,0.03558970568851564,1.0,1.3808586518790906,469115744.0,0.526,,AKASH.NS,,,,,0.2580196994898403,,90.46746104491292,2.372262773722639,79.19340054995418,,84.58029197080292,83.3029197080292,5.118829981718465,28.57142857142857,27.264150943396224,,90.86073500967117,1.9462465245597778,22.676579925650557,82.28571428571428,49.90933475263739,Q3 (Medium)
2026-02-28,419.54998779296875,496.79998779296875,392.95001220703125,396.25,108582,-0.043567435010373634,-0.2927264614011602,,,0.3369294730178068,41.2259042433151,0.7357392160369289,,0,2829534000.0,1110306000.0,-291166000.0,-311453000.0,-409166000.0,-379785000.0,-100329000.0,70948000.0,0.392398889711168,-0.10290245672962403,-0.1342217481747878,-0.1100721885653256,,,,,,,,,,,,,-0.43490659544651433,-24.234124556466412,-0.24910674100053498,2.253589541498184,-88.63449634214969,15905042000.0,-441805000.0,-299033000.0,88571000.0,,,,0.0,,6282842624.0,-0.379,0.63,EVERESTIND.NS,,,,,0.4415775993938206,,21.356553620531624,58.75912408759124,18.973418881759855,,5.748175182481752,20.529197080291972,31.17001828153565,59.45945945945946,93.67924528301886,46.18320610687023,15.473887814313347,0.5560704355885079,1.5799256505576207,7.333333333333333,32.0534410144889,Q1 (Lowest)
2026-02-28,1177.699951171875,1223.800048828125,872.2999877929688,943.0999755859375,464194,-0.3298038599272609,-0.31783003574254065,,,0.6996633184500113,16.845672109688024,0.9733350447774505,,0,3417300000.0,1129400000.0,71000000.0,225600000.0,114500000.0,73000000.0,25700000.0,15800000.0,0.3304948351037369,0.02077663652591227,0.021361893892839375,0.06601703098937758,,,,,,,,,,,,,-0.1498830787601373,-0.6784140969162995,0.15852459572159883,-0.3528368794326241,0.2214401732539253,12524600000.0,478100000.0,583500000.0,1082000000.0,,,,0.0,,8868745216.0,0.38,,IFBAGRO.NS,,,,,0.27318039855513404,,45.004582951420716,2.28102189781022,1.0999083409715857,,3.923357664233577,0.2737226277372263,35.831809872029254,32.432432432432435,30.0,,82.59187620889749,18.906394810009267,40.24163568773234,60.952380952380956,33.569274896377,Q1 (Lowest)
2026-02-28,1.309999942779541,1.3300000429153442,1.1100000143051147,1.1299999952316284,60972546,-0.06611573586217279,-0.24666666984558105,,,0.505982128556954,34.61536874431751,0.8367260410843778,,0,0.0,-50000.0,-20448000.0,-506000.0,-2456000.0,-2568000.0,0.0,112000.0,,,,,,,,,,,,,,,,,-1.0,-1.2354235423542355,-1.0,-1.2681424245588389,-1.050034608919213,112437940.0,-10634370.0,-57504540.0,-6007140.0,,,,0.0,,1605636736.0,-1.053,,EXCEL.NS,,,,,0.33596200301135687,,30.155820348304307,17.33576642335767,9.440879926672777,,9.397810218978101,14.233576642335766,15.63071297989031,3.9575289575289574,10.566037735849058,,2.127659574468085,9.823911028730306,14.312267657992564,0.38095238095238093,19.157528258337354,Q1 (Lowest)
2026-02-28,123.51497621740701,128.08999633789062,117.58625735897147,125.41999816894531,117843855,-0.011618661164920385,-0.10056740843504242,,,0.40479491421023656,57.3552559350643,0.540393795828465,,0,1456680000.0,1326231000.0,1158872000.0,1635042000.0,1574573000.0,1191052000.0,378310000.0,5211000.0,0.9104477304555565,0.7955570200730429,0.8176483510448417,1.1224441881538842,,,,,,,,,,,,,0.02763006220749853,-0.0131859446032907,0.04497087857812576,0.09953038900997657,0.08171752482924521,5612628000.0,4642071000.0,4495198000.0,6313406000.0,,,,0.0,,111536037888.0,0.212,2.39,IEX.NS,,,,,0.42416723239161985,,8.249312557286894,38.138686131386855,59.120073327222734,,45.71167883211679,32.39051094890511,73.308957952468,18.629343629343627,58.39622641509435,88.09160305343512,67.16634429400386,52.82669138090825,78.71747211895911,36.19047619047619,50.46249178877379,Q3 (Medium)
2026-02-28,922.5499877929688,1019.7999877929688,879.0,935.5,227016,0.04735780028534542,-0.016608838427113803,,,0.2969825348596321,56.365197977075574,0.9107459312450019,,0,2335377000.0,1075166000.0,65560000.0,208522000.0,116665000.0,84368000.0,27762000.0,4535000.0,0.46038219953352283,0.028072555309057168,0.036126073006628054,0.08928836757405764,,,,,,,,,,,,,-0.1357862187739841,-0.6018499292118924,0.18903222291748012,0.3603134422211831,0.2108377416339069,10552350000.0,757918000.0,753169000.0,1376247000.0,,,,0.0,,11770594304.0,0.206,1.47,EXCELINDUS.NS,,,,,0.356844978364558,,37.763519706691106,71.62408759124088,56.64527956003666,,70.16423357664233,60.67518248175182,40.76782449725777,17.277992277992276,74.62264150943396,76.03053435114504,66.63442940038685,21.03799814643188,41.44981412639405,67.42857142857143,53.4748072435984,Q4 (High)
2026-02-28,96.9800033569336,105.94999694824219,93.19999694824219,95.66000366210938,4570163,-0.05939029958090092,-0.2098132695252255,,,0.4303323738529542,50.842852961596435,0.968435428464315,,0,2767334000.0,770172000.0,-617364000.0,-266702000.0,-560961000.0,-678661000.0,3192000.0,114508000.0,0.27830829238537885,-0.22308980412194554,-0.24524000355576883,-0.09637506712236397,,,,,,,,,,,,,-0.017718684732498158,-0.013749015436216205,0.4074057121467798,0.38582566222055226,0.07032723595180945,10293056000.0,-2820836000.0,-2284033000.0,-1163084000.0,,,,0.0,,13316838400.0,,,EXICOM.NS,,,,,0.418973810885575,,44.17965169569202,31.660583941605836,41.70485792850596,,16.423357664233578,15.784671532846714,43.05301645338208,68.33976833976834,76.32075471698113,,,52.73401297497683,25.185873605947958,87.80952380952381,46.879738177564285,Q3 (Medium)
2026-02-28,723.5999755859375,850.0,708.0999755859375,845.3499755859375,585126,0.1606370617447701,0.20428799898163152,,,0.33199040502232396,81.87850605600343,1.6124980453635815,,0,1474889000.0,413232000.0,54156000.0,97043000.0,55034000.0,20269000.0,7463000.0,27334000.0,0.2801783727453388,0.03671869544080945,0.013742729113851958,0.0657968158959759,4263998000.0,1687093000.0,3056334000.0,1211361000.0,2703254000.0,2284703000.0,35764000.0,1186998000.0,1.3927252074319711,0.39565989477480995,1.1831971157739103,0.6636556261360886,0.3227537950196142,-2.4248857644991215,0.4265875971361637,-0.579524945545068,0.1321588986758444,5497473000.0,151810000.0,282053000.0,429241000.0,0.12532184873047753,0.035602737149501476,0.09731153228583238,1.0,1.8473863730705316,13339399168.0,-0.77,0.27,ICEMAKE.NS,,,,,0.2132532052229649,,89.36755270394133,60.03649635036496,97.34188817598533,,95.8029197080292,88.5036496350365,43.144424131627055,42.084942084942085,23.0188679245283,20.15267175572519,4.158607350096712,4.448563484708063,30.018587360594793,88.76190476190476,52.456071695165626,Q3 (Medium)
2026-02-28,26.5,32.290000915527344,25.100000381469727,26.979999542236328,4528881,0.1466212815518051,-0.11250000392135828,,,0.470329320116556,53.93189051935398,1.7517481210002643,,0,100000.0,-16900000.0,-33800000.0,21500000.0,21500000.0,-156500000.0,0.0,178000000.0,-169.0,-338.0,-1565.0,215.0,2973500000.0,16449700000.0,26681600000.0,-23707700000.0,513000000.0,11448200000.0,52600000.0,4500000.0,-0.6938547391775668,5.532100218597612,0.044810537901154766,0.04441746300728499,-0.9940828402366864,-1.5720029239766082,-0.9999323455787835,-1.0243564602981916,-0.996777867697749,-1485000000.0,641900000.0,-192300000.0,1401300000.0,-0.027075591474499845,0.21587354968891878,0.02649490217690824,1.0,-16.050805448125107,5608724480.0,0.984,,ESSARSHPNG.NS,,,,,0.2750438808542569,,93.85884509624198,24.087591240875923,49.95417048579285,,41.605839416058394,86.95255474452554,29.433272394881172,74.61389961389962,13.679245283018867,,99.12959381044487,7.0435588507877664,14.312267657992564,0.6666666666666667,45.68916701741242,Q2 (Low)
2026-02-28,2.950000047683716,3.119999885559082,2.559999942779541,2.6700000762939453,35639,-0.04982201755744997,-0.168224285182486,,,0.5237240445137364,48.95833436813615,0.9244507496506192,,0,,,,,,,,,,,,,,,,,,,,,,,,,,,,,,,,,,,,,,,1319794560.0,0.231,,FELDVR.NS,,,,,0.3319841784695503,,39.13840513290559,15.145985401459853,37.305224564619614,,26.003649635036496,18.613138686131386,13.43692870201097,,,,68.95551257253385,,,,41.23992297964652,Q2 (Low)
2026-02-28,39.25,49.5,36.599998474121094,44.0,24873,0.00022728622759049522,-0.029126207054563813,,,0.6019828945872733,61.71131873791216,1.5576317099806627,,0,5291000.0,,8000.0,-777000.0,-1724000.0,-3158000.0,1285000.0,149000.0,,0.001512001512001512,-0.5968625968625969,-0.14685314685314685,330892000.0,875000.0,30859000.0,300033000.0,178735000.0,25095000.0,1398000.0,,0.0029163458686211185,0.0026443673464453658,7.122335126519227,,-0.314015298846104,-1.2293724578733294,0.005511212466742688,-1.4891573729863692,-1.0813527379332006,25131000.0,11233000.0,7842000.0,31387000.0,0.03743921501968117,0.03394763246013805,0.0260611216717402,1.0,1.8853764974674514,573174784.0,,,ICDSLTD.NS,,,,,0.27805287343499224,,87.25939505041246,6.478102189781026,71.31072410632447,,67.7007299270073,38.22992700729927,6.581352833638025,4.054054054054054,8.49056603773585,,,9.916589434661724,21.468401486988846,27.047619047619047,36.569164078368146,Q1 (Lowest)
2026-02-28,2970.0,3600.0,2918.0,3425.699951171875,1240503,0.05679289485730621,-0.015914551414845768,,,0.30013471450550866,72.89608786766362,1.024336977528303,,0,11360000000.0,7590000000.0,1670000000.0,2650000000.0,1760000000.0,1030000000.0,410000000.0,330000000.0,0.6681338028169014,0.14700704225352113,0.09066901408450705,0.23327464788732394,,,,,,,,,,,,,-0.06115702479338847,-0.4245810055865922,-0.010452961672473893,-0.18253968253968256,-0.13961038961038963,47296700000.0,6570600000.0,8447900000.0,13126500000.0,,,,0.0,,376313151488.0,-0.598,0.09,FLUOROCHEM.NS,,,,,0.30394270461315587,,51.329055912007334,70.80291970802921,89.91750687442713,,70.34671532846716,64.87226277372264,88.11700182815356,81.17760617760618,37.83018867924529,4.65648854961832,7.0599613152804634,25.671918443002777,79.92565055762083,24.285714285714285,53.06619936219301,Q4 (High)
2026-02-28,39.5,42.5,36.29999923706055,37.400001525878906,1008559,-0.004259846686956892,-0.18819184342037998,,,0.30162239872499613,48.91429403499318,1.0374450584475468,,0,650603000.0,260754000.0,49137000.0,68851000.0,54303000.0,35337000.0,12670000.0,6296000.0,0.40078819187738146,0.07552532035665376,0.054314228492644515,0.10582644100934056,2320441000.0,21298000.0,435674000.0,1884767000.0,1508265000.0,411789000.0,24418000.0,573153000.0,0.011300070512694672,0.00917842772128229,3.662713185636333,2.2708523054282654,-0.01580215687490638,-0.1573990175974057,0.10406428183546024,-0.15323972011885367,0.025300810102454108,2645847000.0,161894000.0,198191000.0,274946000.0,0.08589602852766416,0.06976863449663231,0.10397914027066234,1.0,2.921639421127277,3453400320.0,-0.05,1.07,HPAL.NS,,,,,0.2681689619654438,,53.16223648029331,70.07299270072993,37.03024747937672,,20.529197080291972,35.675182481751825,24.131627056672762,21.332046332046332,39.528301886792455,65.19083969465649,36.847195357833655,39.666357738646894,33.7360594795539,47.61904761904761,41.63475542584625,Q2 (Low)
2026-02-28,425.54998779296875,484.0,417.04998779296875,425.04998779296875,1295064,-0.009784536300596947,-0.19930299078603075,,,0.4246957137692489,51.218678161275776,1.3478656753279097,,0,4956516000.0,2973099000.0,465357000.0,647710000.0,428856000.0,290536000.0,97588000.0,23892000.0,0.5998364577053721,0.09388792450180732,0.05861698015299456,0.1306784846452629,,,,,,,,,,,,,0.010494923790600685,-0.409747208074389,0.14446434554237597,0.004845487402078685,-0.010335017128258683,18958895000.0,1809160000.0,2398354000.0,3513267000.0,,,,0.0,,23646435328.0,-0.051,,FMGOETZE.NS,,,,,0.21954518330436112,,77.0852428964253,32.846715328467155,42.988084326306144,,18.43065693430657,33.48540145985402,51.82815356489945,39.67181467181467,49.24528301886792,,36.46034816247582,26.32066728452271,59.10780669144982,58.285714285714285,45.050392575006924,Q2 (Low)
2026-02-28,8.649999618530273,8.9399995803833,7.670000076293945,8.5600004196167,307155,0.1413333892822266,-0.22111004568785608,,,0.4362794960027656,61.718755529726884,0.43132516588687564,,0,243202000.0,193350000.0,35846000.0,144159000.0,62657000.0,19454000.0,845000.0,43733000.0,0.7950181330745635,0.14739188000098682,0.07999111849409134,0.5927541714295113,,,,,,,,,,,,,-0.0009201975138235508,-0.276264880952381,-0.06710855897843093,-0.6983127597543577,0.03923844401511012,973067000.0,-233419000.0,204550000.0,296786000.0,,,,0.0,,520676416.0,-0.488,,FMNL.NS,,,,,0.25763582975383204,,4.216315307057745,30.109489051094897,71.40238313473877,,13.686131386861314,86.3138686131387,5.850091407678245,51.54440154440154,20.28301886792453,,10.589941972920697,32.808155699721965,19.702602230483272,18.761904761904763,34.351220265195096,Q1 (Lowest)
2026-02-28,2022.1226977049525,2491.0856008525216,1969.006086324412,2210.89990234375,169000,0.06943586298895399,-0.11101444930403992,,,0.24248271692538406,63.50023261936265,1.5239294756206736,,0,2704000000.0,1080700000.0,262300000.0,285300000.0,227700000.0,166700000.0,60600000.0,400000.0,0.39966715976331363,0.09700443786982249,0.06164940828402367,0.10551035502958579,,,,,,,,,,,,,0.5397756392005011,0.4923903312444047,0.3243216769517092,-0.1267679413305396,-0.0855769230769231,8641500000.0,734800000.0,731800000.0,1223600000.0,,,,0.0,,22425315328.0,0.61,5.65,HONDAPOWER.NS,,,,,0.1685719015533264,,85.4262144821265,87.86496350364963,75.89367552703942,,41.97080291970803,69.34306569343066,51.18829981718464,5.55019305019305,40.943396226415096,98.47328244274809,94.34235976789168,82.57645968489342,51.02230483271375,83.33333333333334,64.52855675208849,Q5 (Highest)
2026-02-28,68.08000183105469,74.58000183105469,63.709999084472656,64.19000244140625,992048,-0.05100527763709839,-0.1604760239339078,,,0.6446498309615722,42.77597432756628,1.159708390413132,,0,487733000.0,206228000.0,19182000.0,48718000.0,24967000.0,17108000.0,5930000.0,1928000.0,0.422829703956878,0.039328895112694856,0.035076568532373245,0.0998866182932055,2103703000.0,127284000.0,656702000.0,1447001000.0,1392244000.0,519153000.0,192180000.0,513979000.0,0.08796400278921715,0.060504738549120286,2.681760482940482,1.6917267164015233,0.07505003482600214,-0.6523682766748624,,,,,,,,,,,0.0,1.5001650423087287,4309448704.0,-0.297,0.53,FOCUS.NS,,,,,0.21622171771143214,,63.97800183318056,4.379562043795616,21.53987167736022,,27.73722627737226,18.15693430656934,26.3254113345521,10.521235521235521,,39.00763358778626,18.762088974854933,19.74050046339203,28.810408921933085,,31.93059166280213,Q1 (Lowest)
2026-02-28,32950.0,34645.0,30805.0,30895.0,50321,-0.07762352589938792,-0.10926913651434333,,,0.24319264129277793,20.900321543408353,0.6273517449811145,,0,11687000000.0,4503000000.0,1349000000.0,1817000000.0,1690000000.0,1212000000.0,437000000.0,41000000.0,0.38529990587832635,0.11542739796354924,0.10370497133567211,0.15547189184564045,,,,,,,,,,,,,-0.0121714140816499,-0.027287319422150902,0.14142006055278844,0.052997393570807905,0.06756756756756754,45492000000.0,5178000000.0,5742000000.0,7630000000.0,,,,0.0,,273339154432.0,0.209,0.34,HONAUT.NS,,,,,0.2924970482710159,,13.748854262144821,87.5,2.016498625114574,,42.79197080291971,11.77007299270073,85.10054844606947,50.48262548262549,54.339622641509436,24.961832061068705,66.82785299806577,51.343836886005555,80.57620817843866,57.61904761904761,48.60526473304737,Q3 (Medium)
2026-02-28,59.34000015258789,77.44999694824219,56.150001525878906,61.83000183105469,3030372,-0.0070659807848793,-0.19805443508785336,,,0.4002178947818153,55.42505767649723,1.4701310089843334,,0,1925122000.0,815344000.0,111263000.0,201591000.0,136466000.0,6720000.0,3165000.0,126581000.0,0.4235284828701765,0.0577952981681161,0.0034906878628990787,0.10471596085858455,14305351000.0,4821678000.0,8858128000.0,5447223000.0,10703842000.0,8136896000.0,161119000.0,6825737000.0,0.885162586514266,0.3370541554695163,1.315469928582103,0.4766074188486617,-0.18477674461542115,-0.9052867471917239,0.14115859676619102,-0.939967303620722,-0.22451279841818172,9663812000.0,314841000.0,955482000.0,1098740000.0,0.057798441517815595,0.022008617614485658,0.09304617894358899,1.0,1.4554411981922009,4562672640.0,0.554,0.49,FOODSIN.NS,,,,,0.19727008280667827,,83.68469294225481,39.78102189781022,54.26214482126489,,18.704379562043798,34.306569343065696,27.148080438756857,69.78764478764478,15.566037735849056,36.87022900763359,92.2147001934236,14.64318813716404,25.092936802973973,57.52380952380952,44.63902901291299,Q2 (Low)
2026-02-28,93.01000213623047,99.98999786376953,89.0999984741211,92.26000213623047,30257,0.01686320646630901,-0.11117534273841156,,,0.3094197684124351,53.66235007732447,0.8356773635983472,,0,554585000.0,215096000.0,48746000.0,54082000.0,42380000.0,27809000.0,6082000.0,8489000.0,0.38785037460443395,0.08789635493206632,0.05014380122073262,0.09751796388290343,2164750000.0,902843000.0,1440694000.0,733100000.0,1567481000.0,1164054000.0,3175000.0,849402000.0,1.231541399536216,0.41706571197597875,1.3465706917376685,0.6168777393488618,0.027186163542980646,1.5494132746607994,,,,2135180000.0,27032000.0,72645000.0,332610000.0,0.03687355067521484,0.012487354197944335,0.044405581368055,1.0,1.7486944912807485,1384084608.0,-0.851,,AIROLAM.NS,,,,,0.2905560381018823,,30.064161319890008,67.42700729927007,49.03758020164986,,41.87956204379562,47.9014598540146,14.259597806215721,24.517374517374517,,,3.67504835589942,92.7710843373494,29.182156133828997,,43.38100212461921,Q2 (Low)
2026-02-28,129.49000549316406,135.0,122.37000274658203,130.3300018310547,41595,-0.005114489839277203,-0.04617972472760257,,,0.39218810568679,55.32850993979472,0.9980248674482227,,0,313318000.0,32741000.0,3358000.0,10909000.0,9864000.0,1392000.0,576000.0,7896000.0,0.10449766690710396,0.01071754575223894,0.004442770603667839,0.0348176612898078,1066978000.0,379343000.0,548024000.0,518954000.0,683411000.0,404335000.0,829000.0,188551000.0,0.730976155882795,0.35553029209599446,1.6902098507425773,1.2238861340225309,0.039045711405300665,0.4233128834355828,0.5440621334726343,-0.788642575159429,-0.33880841263106853,1205186000.0,9591000.0,21413000.0,48071000.0,0.01848140682989244,0.008988938853472142,0.02383732774349686,1.0,2.15483730686106,1488904448.0,0.214,0.35,HPIL.NS,,,,,0.31838625134931114,,48.39596700274977,42.79197080291971,53.987167736022,,63.503649635036496,35.4014598540146,15.173674588665447,23.84169884169884,17.92452830188679,26.33587786259542,67.31141199226306,80.25949953660798,18.866171003717472,92.0,45.719538477211835,Q2 (Low)
2026-02-28,270.0,319.0,269.54998779296875,300.79998779296875,33832680,0.10082337710144107,0.03634793382590429,,,0.31561009544382196,73.49397454056721,2.1107440669362987,,0,6015410000.0,4122620000.0,544590000.0,813610000.0,703170000.0,502000000.0,168850000.0,32320000.0,0.6853431436926162,0.09053248240768294,0.0834523332574172,0.135254288568859,,,,,,,,,,,,,0.11797503266346143,0.27973079766487374,0.1623756062684778,0.9289886258837996,0.7941870465521423,22684180000.0,1557310000.0,1416840000.0,2658420000.0,,,,0.0,,97905418240.0,0.426,,HONASA.NS,,,,,0.32038650283750353,,97.34188817598533,65.87591240875912,90.65077910174152,,82.02554744525547,78.19343065693431,71.75502742230347,45.27027027027027,87.16981132075472,,85.44487427466152,75.16218721037998,67.1003717472119,62.1904761904762,70.54537174831559,Q5 (Highest)
2026-02-28,1048.5999755859375,1145.0,1025.0,1081.699951171875,217226,0.07835707058015351,-0.02558330334082959,,,0.26694677986017223,60.99782021081887,0.8001938575246262,,0,2881200000.0,1095100000.0,303400000.0,413400000.0,363800000.0,267200000.0,93300000.0,3300000.0,0.3800846869359989,0.10530334582812717,0.09273913647091489,0.14348188254893796,,,,,,,,,,,,,0.1440597204574332,-7.764556962025316,0.07012331005794081,2.988059701492537,1.717948717948718,11191300000.0,562700000.0,741100000.0,1036000000.0,,,,0.0,,18824626176.0,0.319,1.85,ADOR.NS,,,,,0.3282931485044882,,27.039413382218147,81.11313868613138,69.4775435380385,,68.61313868613139,72.26277372262774,48.72029250457038,14.575289575289574,94.90566037735849,81.75572519083968,78.04642166344294,1.6682113067655238,58.08550185873605,40.95238095238095,55.81436609630205,Q4 (High)
2026-02-28,1117.0,1210.0,1111.0,1160.0,2599490,0.11270983213429253,-0.008970525416488684,,,0.41182950615041614,58.23135357381207,0.2059644388394972,,0,4489180000.0,1912580000.0,1637080000.0,1685890000.0,1637080000.0,1402000000.0,426330000.0,,0.4260421725125747,0.3646723900578725,0.31230647913427395,0.3755451997914987,,,,,,,,,,,,,0.08530246546463771,0.1792313968256638,0.3137512547299295,0.5201951748441311,0.7185247856800645,15400570000.0,4611660000.0,4675650000.0,6625640000.0,,,,0.0,,120878415872.0,0.407,0.32,HOMEFIRST.NS,,,,,0.4900173864327682,,0.8249312557286892,36.131386861313864,61.5032080659945,,72.17153284671532,81.2956204379562,74.49725776965265,,80.37735849056604,23.206106870229007,84.52611218568666,68.95273401297499,80.3903345724907,82.57142857142857,59.76320079604915,Q4 (High)
2026-02-28,828.0,943.0,812.5999755859375,921.0,21668670,0.09103829101856653,0.0,,,0.2456911685280476,76.39022335349479,0.8337387953563168,,0,22650100000.0,12553300000.0,3855100000.0,4715600000.0,3514200000.0,1937300000.0,682800000.0,857400000.0,0.5542271336550391,0.1702023390625207,0.08553163120692624,0.2081933413097514,,,,,,,,,,,,,-0.028493120131764083,-0.39820452286282304,0.17463931212595818,-0.21851553045582894,0.11778509967525541,87115122000.0,9598252000.0,15488208000.0,19760680000.0,,,,0.0,,695316447232.0,0.506,0.11,FORTIS.NS,,,,,0.37068092970706484,,29.789184234647117,86.67883211678833,93.49220898258478,,73.72262773722628,76.1861313868613,91.9561243144424,88.41698841698842,35.84905660377358,5.9541984732824424,89.99032882011605,26.876737720111215,85.22304832713755,64.47619047619048,63.24077717401,Q5 (Highest)
2026-02-28,4344.0,4975.0,4300.0,4723.5,18967,0.04831554990215525,-0.0944210122699386,,,0.2746383866842904,63.80232759620631,1.114939580375446,,0,1507157000.0,703526000.0,250348000.0,263252000.0,238165000.0,164851000.0,72976000.0,338000.0,0.4667901220642574,0.16610611900419134,0.10937878402847215,0.1746679343956867,,,,,,,,,,,,,-0.041565157559304566,-0.23444756102091613,0.07081871797914152,-0.13825927861996867,-0.06698847788256723,5924106000.0,792345000.0,955229000.0,1186695000.0,,,,0.0,,35778846720.0,-0.001,0.53,FOSECOIND.NS,,,,,0.22392824743741596,,58.57011915673694,79.01459854014598,76.44362969752521,,48.175182481751825,61.222627737226276,58.13528336380256,5.019305019305019,40.28301886792453,39.00763358778626,43.133462282398455,34.291010194624654,54.27509293680297,41.04761904761905,49.24123886090997,Q3 (Medium)
2026-02-28,460.0,535.2999877929688,446.54998779296875,494.54998779296875,839536,0.0601285911960745,-0.09967231242800478,,,0.2742069724224446,63.95613314813477,0.8803487331794341,,0,9982400000.0,1706000000.0,678600000.0,894200000.0,661400000.0,361200000.0,109800000.0,190400000.0,0.1709007853822728,0.06797964417374579,0.03618368328257734,0.08957765667574932,,,,,,,,,,,,,-0.038850749573941634,0.025262560317910854,0.1347117865708798,0.25853658536585367,0.1288978664310061,39552400000.0,1338300000.0,2491200000.0,3375600000.0,,,,0.0,,59118166016.0,0.527,,HNDFDS.NS,,,,,0.439960849513782,,34.73877176901925,79.10583941605839,76.9019248395967,,46.167883211678834,66.6970802919708,64.89945155393053,75.2895752895753,69.0566037735849,,91.00580270793037,56.53382761816496,60.501858736059475,56.19047619047619,61.80593969320305,Q5 (Highest)
2026-02-28,2.75,2.75,2.75,2.75,0,0.0,0.0,,,0.0,,,,0,,,,,,,,,,,,,,,,,,,,,,,,,,,,,,,,,,,,,,,120679904.0,0.499,,FSC.NS,,,,,0.22991773877845226,,,99.86313868613139,,,73.72262773722628,37.86496350364963,0.3656307129798903,,,,89.65183752417795,,,,53.43121321094435,Q4 (High)
2026-02-28,70.61000061035156,74.69999694824219,68.5,70.69000244140625,220366,0.006406671288764931,-0.021727091730004755,,,0.3509702879575268,47.44286247976423,0.5301741851079185,,0,2122400000.0,1577700000.0,-45400000.0,73000000.0,35200000.0,8900000.0,4500000.0,21800000.0,0.7433565774594798,-0.02139087825103656,0.004193366000753864,0.0343950245005654,,,,,,,,,,,,,0.07807182404632496,-0.9117063492063492,0.07479617157036511,-0.9505280711506392,-0.7162844928099494,7459600000.0,666100000.0,-366000000.0,950300000.0,,,,0.0,,5196763136.0,0.064,,HMVL.NS,,,,,0.24665565368884457,,7.791017415215398,54.83576642335766,33.18056828597617,,69.34306569343066,42.06204379562044,28.427787934186473,37.5,15.283018867924527,,49.90328820116054,14.272474513438368,27.137546468401485,41.80952380952381,38.1030734272157,Q1 (Lowest)
2026-02-28,303.37864728355015,313.165039850686,237.10000610351562,243.14999389648438,22828856,-0.19930121723708372,-0.3091705031685227,,,0.30592304620036503,20.585114128180834,1.7152636805567696,,0,24674470000.0,10362730000.0,2914520000.0,3061260000.0,1949270000.0,1203340000.0,313480000.0,432500000.0,0.4199778151263229,0.1181188491586648,0.04876862603330487,0.12406588672421333,,,,,,,,,,,,,0.110995193913912,-0.2893605461460327,0.2767420465152861,-0.1293772066909764,0.07583632932345097,89439990000.0,6106550000.0,10245560000.0,13477180000.0,,,,0.0,,168063991808.0,0.179,2.26,FSL.NS,,,,,0.2178024205356264,,93.12557286892759,68.33941605839416,1.833180568285976,,4.562043795620438,1.551094890510949,79.89031078610603,84.12162162162163,40.56603773584906,86.56488549618321,64.31334622823984,31.510658016682115,75.74349442379183,79.04761904761905,54.077952102522126,Q4 (High)
2026-02-28,176.0,200.08999633789062,175.0,182.9499969482422,5842969,0.09459134627454668,0.07922364521768133,,,0.4011513472593864,54.176488920497675,0.785528667265611,,0,3683500000.0,914500000.0,549600000.0,574500000.0,549600000.0,140500000.0,0.0,,0.24826930908103706,0.14920591828424054,0.03814307044930094,0.15596579340301345,,,,,,,,,,,,,-0.1276288366805608,-1.1523035230352303,-0.4157811260904044,-1.046059533175977,-0.7369264584668926,16607600000.0,-9620800000.0,2210600000.0,-14260900000.0,,,,0.0,,29586003968.0,0.584,,FUSION.NS,,,,,0.30528001475251093,,25.664527956003667,39.41605839416058,50.59578368469294,,87.68248175182481,76.91605839416059,55.484460694698356,,13.11320754716981,,93.42359767891682,10.472659870250231,14.312267657992564,4.285714285714286,44.757787861038985,Q2 (Low)
2026-02-28,18710.0,26450.0,18400.0,24475.0,2365071,0.23268698060941828,0.44813916336311466,,,0.44309628091661574,74.5824391154241,1.5469142722234872,,0,21285600000.0,6820200000.0,3012900000.0,6155000000.0,5427800000.0,4061100000.0,1364700000.0,1600000.0,0.3204138008794678,0.14154639756455067,0.19079095726688466,0.28916262637651746,,,,,,,,,,,,,0.022657826462957553,0.1580973564890067,0.1265262054840195,2.5218974937126006,1.4445944872507743,87984100000.0,13678200000.0,11176200000.0,20987600000.0,,,,0.0,,322489024512.0,0.456,0.16,FORCEMOT.NS,,,,,0.3815399063532012,,86.61778185151238,28.923357664233578,91.56736938588452,,99.45255474452554,93.33941605839416,86.74588665447898,9.266409266409266,94.33962264150944,10.15267175572519,87.04061895551257,68.0259499536608,91.91449814126395,54.095238095238095,66.76542501122323,Q5 (Highest)
2026-02-28,1.2899999618530273,1.3700000047683716,1.1200000047683716,1.2699999809265137,1064875,-0.09285714103251086,-0.12413797299161544,,,0.42035788027322313,63.15789803903853,1.1156055497620871,,0,,,,,,,,,,,,,,,,,,,,,,,,,,,,,,,,,,,,,,,256254096.0,0.385,,FLFL.NS,,,,,0.2498152174762214,,58.661778185151235,34.30656934306569,74.97708524289642,,38.04744525547446,9.215328467153284,2.010968921389397,,,,83.07543520309478,,,,46.686307374548356,Q2 (Low)
2026-02-28,10.6899995803833,11.289999961853027,9.029999732971191,10.270000457763672,293055,0.009832879126798089,-0.1764233971255018,,,0.5725597887286275,42.458098921628455,0.7056864605256209,,0,56854000.0,11586000.0,-95553000.0,-20765000.0,-82651000.0,-180274000.0,-575000.0,98198000.0,0.20378513385161995,-1.6806733035494423,-3.1708235128574946,-0.3652337566398143,4337293000.0,2690500000.0,4667834000.0,-232334000.0,1405051000.0,3002877000.0,116407000.0,221698000.0,-11.580311103841883,0.6203177880765722,0.4679016156838925,0.3940730839125279,-0.4883549316054716,-0.016551378008597517,-0.9331605151627371,0.5182886259316966,-1.2457629124650855,1132093000.0,-634074000.0,-687127000.0,-186316000.0,2.7291485533757434,-0.1461911842248149,-0.27952831501208625,0.0,-0.318934897872936,342177408.0,-0.026,,FLEXITUFF.NS,,,,,0.4088552301922644,,19.34005499541705,8.850364963503651,21.173235563703024,,23.813868613138688,44.06934306569343,3.19926873857404,65.34749034749035,80.28301886792453,,40.232108317214696,52.27062094531975,10.408921933085502,0.9523809523809524,34.66271182022971,Q1 (Lowest)
2026-02-28,329.75,376.3999938964844,307.8999938964844,358.95001220703125,5274511,0.13001737479650544,-0.17168568789338434,,,0.380669662652291,61.89428635447009,1.7452700988454686,,0,4739166000.0,1623277000.0,563574000.0,671574000.0,517852000.0,194469000.0,66234000.0,256480000.0,0.3425237689500642,0.11891839197023274,0.0410344351727709,0.1417072117752364,,,,,,,,,,,,,0.09084719421095544,-0.12694336573211518,0.20750373971625802,0.07545416839485686,0.18525120497556524,17839320000.0,972897000.0,2284364000.0,2618969000.0,,,,0.0,,23080660992.0,0.199,0.28,HPL.NS,,,,,0.30920255222376214,,93.76718606782768,46.806569343065696,71.67736021998167,,25.09124087591241,84.48905109489051,51.553930530164536,78.76447876447877,56.22641509433962,20.763358778625953,65.71566731141199,42.53938832252086,52.60223048327137,70.38095238095238,57.3585219511629,Q4 (High)
2026-02-28,39.560001373291016,46.5,38.0,43.220001220703125,1370759,0.36988913679383817,0.11881957094680029,,,0.4551892846783324,59.9210286051481,1.5567908461436715,,0,256621000.0,88861000.0,40980000.0,55389000.0,43364000.0,39272000.0,2250000.0,1842000.0,0.3462732979763932,0.15969075017243328,0.15303502051663737,0.21583970134946087,,,,,,,,,,,,,0.2666324450520974,0.5397161452207324,0.01900450691921307,0.1061600428132834,0.003278510360817277,1013517341.0,165506017.0,168419933.0,227622174.0,,,,0.0,,1244377728.0,-0.148,,FIBERWEB.NS,,,,,0.2758923891305952,,87.16773602199817,26.82481751824818,65.99450045829515,,91.24087591240875,97.8102189781022,12.614259597806216,10.328185328185329,59.056603773584904,,28.04642166344294,83.68860055607044,23.234200743494423,30.0,51.06709470344246,Q3 (Medium)
2026-02-28,2130.0,2555.300048828125,2090.800048828125,2282.60009765625,1368885,0.046392316788759436,0.01206003214074558,,,0.3816081797433701,57.47797979860803,1.2445568873846955,,0,6858720000.0,2742040000.0,796127000.0,1026679000.0,845542000.0,633668000.0,207804000.0,3715000.0,0.3997888818904985,0.11607515688058413,0.09238866727319384,0.14968959222712108,,,,,,,,,,,,,-0.03672260523311732,-0.004744859735286822,0.16225556940392782,0.3477767048524114,0.26115091741485186,26816834000.0,2433922000.0,2985931000.0,3969902000.0,,,,0.0,,60077256704.0,0.403,1.31,FIEMIND.NS,,,,,0.36940809343897196,,71.12740604949587,45.98540145985402,59.48670944087993,,77.1897810218978,60.12773722627737,65.08226691042047,15.444015444015443,73.9622641509434,71.6030534351145,84.23597678916828,53.66079703429101,69.9814126394052,62.095238095238095,60.66547064646676,Q5 (Highest)
2026-02-28,2183.39990234375,2366.5,2125.0,2293.39990234375,7015140,0.006009541371807536,-0.018194272775711506,,,0.21231213316349037,63.71729951887335,0.784367666593288,,0,176178060000.0,47864920000.0,14495820000.0,22620000000.0,16932360000.0,12343990000.0,4316310000.0,272060000.0,0.2716849078710482,0.08227937122250069,0.07006542131296031,0.12839283166133172,,,,,,,,,,,,,0.0888890070073356,-0.0984747676438067,0.028401963780215533,-0.17135075843217074,-0.1177860876972111,676477570000.0,53787260000.0,64603260000.0,95242670000.0,,,,0.0,,1863481688064.0,,0.92,HYUNDAI.NS,,,,,0.3462584560617846,,25.29789184234647,93.7043795620438,76.3519706691109,,69.7992700729927,41.51459854014598,97.16636197440585,79.34362934362935,38.49056603773585,59.00763358778626,,45.69045412418906,96.46840148698885,32.19047619047619,60.33504222879009,Q5 (Highest)
2026-02-28,47.540000915527344,52.779998779296875,44.33000183105469,46.54999923706055,14054572,0.08205482895711658,-0.13844160117032067,,,0.3558096942308013,49.51768007575423,1.2284129413201066,,0,10497000000.0,2182700000.0,737600000.0,979400000.0,783100000.0,549600000.0,188200000.0,45300000.0,0.20793560064780414,0.07026769553205678,0.05235781651900543,0.09330284843288558,,,,,,,,,,,,,-0.024378909408604654,0.15583596214511042,-0.01776941863402859,0.1661362189688096,0.2063061953442542,42451482000.0,1842810000.0,2657590000.0,3361090000.0,,,,0.0,,20670916608.0,0.074,0.54,FILATEX.NS,,,,,0.3725486738419533,,69.8441796516957,53.558394160583944,38.4051329055912,,33.667883211678834,73.63138686131386,50.0,51.833976833976834,63.39622641509434,40.0763358778626,50.91876208897486,67.84059314179795,68.58736059479554,23.047619047619047,52.32052338606565,Q3 (Medium)
2026-02-28,21.700000762939453,23.899999618530273,18.100000381469727,18.420000076293945,232046,0.0005431954896644164,-0.15349265245662735,,,0.5136864099681754,31.197476529290128,0.5429320147211099,,0,12322000.0,8552000.0,4366000.0,4715000.0,4391000.0,4368000.0,0.0,23000.0,0.6940431748092842,0.35432559649407563,0.35448790780717415,0.3826489206297679,,,,,,,,,,,,,-0.18896860396235104,-0.5975677169707021,-0.036591086786551985,0.3857868020304569,0.3754375729288215,37481000.0,33302000.0,5203000.0,34551000.0,,,,0.0,,552283136.0,-2.975,,HYBRIDFIN.NS,,,,,0.46147601497746094,,8.524289642529789,16.423357664233578,6.691109074243813,,29.470802919708028,38.32116788321168,6.307129798903108,3.1853281853281854,76.22641509433963,,0.09671179883945842,21.1306765523633,14.312267657992564,21.428571428571427,26.14118851335096,Q1 (Lowest)
2026-02-28,0.30000001192092896,0.3499999940395355,0.23000000417232513,0.23999999463558197,1108696320,-0.17241378778793282,-0.4146341543194796,,,0.744900533838581,30.76923782303271,1.4141819538533444,,0,238984000.0,39023000.0,20733000.0,22474000.0,20737000.0,10425000.0,5520000.0,4792000.0,0.16328708198038364,0.08675476182505942,0.04362216717437151,0.09403976835269307,25176105000.0,518095000.0,2031242000.0,23141825000.0,2834485000.0,1513147000.0,9498000.0,291392000.0,0.022387819456762808,0.020578838545517664,1.8732383568813868,1.6806648660044265,-0.4829939036789934,-0.2695487668161435,-0.35627205387205385,-0.5293028715911143,-0.40748747693118903,1922003000.0,79322000.0,71744000.0,136374000.0,0.0034276466959714718,0.003150685938114732,0.0030323010390567676,1.0,1.4289182421188662,2000177408.0,-0.576,,FILATFASH.NS,,,,,0.270506575819083,,80.75160403299725,1.0948905109489147,6.3244729605866175,,1.094890510948905,2.5547445255474455,18.190127970749543,18.146718146718147,24.056603773584907,,7.446808510638298,33.178869323447636,28.15985130111524,5.142857142857142,25.076162580675998,Q1 (Lowest)
2026-02-28,526.5999755859375,545.0,465.0,488.45001220703125,1580730,-0.061845790256648936,-0.23958896120222017,,,0.32902846054957446,44.14038005679452,1.1916023690506603,,0,4335480000.0,1083450000.0,416420000.0,546610000.0,517990000.0,382410000.0,134700000.0,880000.0,0.2499031249135044,0.09604934171072177,0.08820476625425558,0.1260783119746833,,,,,,,,,,,,,-0.025318675389492173,-0.021118107817539533,-0.20911090923021358,-0.4386724598538003,-0.4243786857624263,20985080000.0,2211300000.0,2507320000.0,3078680000.0,,,,0.0,,55882002432.0,,,AJAXENGG.NS,,,,,0.24966848710836542,,66.91109074243813,61.04014598540146,24.74793767186068,,10.675182481751824,15.145985401459855,63.71115173674588,7.818532818532818,26.9811320754717,,,51.62187210379982,63.10408921933085,8.952380952380953,40.04730007927826,Q1 (Lowest)
2026-02-28,721.9000244140625,844.5999755859375,701.3499755859375,791.9000244140625,4180850,0.10995866685088296,0.04458521292261075,,,0.2741929947151442,70.1841651905952,1.3796417385806774,,0,15986200000.0,2938800000.0,1425800000.0,2318200000.0,2168400000.0,1640300000.0,523600000.0,4500000.0,0.1838335564424316,0.08918942587982134,0.10260724875204864,0.14501257334450965,,,,,,,,,,,,,0.16196512549153574,0.008546483030004826,0.3523445364644575,0.11395585738539893,0.13259722493648618,58394600000.0,6810000000.0,5414100000.0,9435600000.0,,,,0.0,,121112674304.0,0.067,1.01,FINCABLES.NS,,,,,0.3035392510081537,,78.64344637946837,79.1970802919708,87.99266727772685,,83.02919708029196,80.38321167883211,74.6800731261426,17.18146718146718,59.528301886792455,63.58778625954199,50.338491295938105,54.86561631139944,82.62081784386616,85.71428571428571,66.51749615518158,Q5 (Highest)
2026-02-28,182.0,200.69000244140625,176.0,182.4499969482422,3895668,-0.015008361730926456,-0.18381496632369998,,,0.2723321655426455,50.73255874867908,1.383204403157471,,0,5991300000.0,1861100000.0,404400000.0,621400000.0,485600000.0,303000000.0,106800000.0,75800000.0,0.3106337522741308,0.0674978719142757,0.05057333133042912,0.1037170563984444,20043200000.0,1440700000.0,7107900000.0,12935300000.0,13041500000.0,5475600000.0,945200000.0,2056900000.0,0.11137739364375004,0.07187973976211383,2.381748118927606,2.00609978815107,0.012146501334594717,0.21491579791499604,-0.05599760505459528,1.5875320239111872,0.8910529519172246,23853400000.0,930800000.0,1084100000.0,1939800000.0,0.07195813007815823,0.04643969026901892,0.0754104062326099,1.0,2.6265456613714377,13778976768.0,-0.412,1.1,HUHTAMAKI.NS,,,,,0.30086073090054993,,78.82676443629697,80.01824817518248,41.24656278643447,,21.897810218978105,30.10948905109489,44.24131627056673,60.71428571428571,91.32075471698113,66.18320610687023,13.636363636363635,72.10379981464318,60.13011152416357,19.523809523809526,51.99683479837804,Q3 (Medium)
2026-02-28,4166.10009765625,4679.89990234375,4166.10009765625,4470.39990234375,204320,0.11790742742114002,-0.014918180263909231,,,0.2767186600958865,59.17688753072826,0.9711641918916334,,0,5548040000.0,2110502000.0,805977000.0,1150097000.0,1012416000.0,739347000.0,268470000.0,4599000.0,0.38040497184591315,0.14527238448172689,0.13326273783173878,0.20729789258909453,,,,,,,,,,,,,-0.07112536670025194,-0.3188648530627023,0.07345572859024618,-0.10585288689691541,-0.10270157669342994,23505378000.0,3967021000.0,4231008000.0,5837971000.0,,,,0.0,,137062350848.0,-0.098,0.25,FINEORG.NS,,,,,0.2842418375583025,,44.454628780934925,78.28467153284672,63.703024747937675,,70.71167883211679,82.48175182481752,76.59963436928702,17.56756756756757,41.60377358490566,18.549618320610687,32.785299806576404,30.02780352177943,74.07063197026022,41.523809523809526,51.49092629223,Q3 (Medium)
2026-02-28,190.86617548298713,202.94000244140625,176.94885018735266,195.44000244140625,89985607,-0.032189606377034385,-0.14528742348222834,,,0.347340848170744,60.30695265209735,1.1720401788264843,,0,8175500000.0,,,,,7130000000.0,754900000.0,23941500000.0,,,0.8721179132774753,,,,,,,,,,,,,,-0.2126829738058552,0.004465858022343339,-0.18838292084859676,-0.029971565786430454,,37047100000.0,27808000000.0,,,,,,0.0,,391251361792.0,0.74,2.76,HUDCO.NS,,,,,0.3403707217358735,,65.35288725939506,56.113138686131386,67.36938588450963,,32.11678832116788,24.361313868613138,88.48263254113346,97.68339768339769,46.79245283018868,90.68702290076335,96.90522243713733,54.58758109360519,85.78066914498142,10.095238095238095,61.08851538308415,Q5 (Highest)
2026-02-28,213.0,240.0,207.5,213.0800018310547,2345980,0.0029654266503282845,-0.2338008013141104,,,0.5031005741802824,50.79412750613794,0.7425758299883317,,0,3650000000.0,,,,,184500000.0,52000000.0,294100000.0,,,0.05054794520547945,,,,,,,,,,,,,,-0.14137849917666434,0.038851351351351315,-0.15187285063667633,-0.12765957446808507,,6242878000.0,833247000.0,,,,,,0.0,,17738950656.0,0.379,,FINOPB.NS,,,,,0.3370435715185583,,21.53987167736022,18.065693430656935,41.52153987167736,,11.952554744525548,39.78102189781022,47.714808043875685,80.11583011583011,40.84905660377359,,82.49516441005802,58.20203892493049,49.628252788104085,11.80952380952381,43.57835708787507,Q2 (Low)
2026-02-28,204.89999389648438,254.0,200.0,213.05999755859375,8629363,0.05805235499262551,-0.32511881748400995,,,0.5656767305074271,55.06299099361812,0.8802424882130582,,0,875900000.0,441100000.0,13400000.0,463300000.0,455200000.0,223400000.0,-22200000.0,234100000.0,0.5035963009475968,0.015298550062792557,0.25505194656924307,0.5289416600068501,,,,,,,,,,,,,-0.5799242242578293,-0.07148794679966752,-0.052671425481289225,0.06941120153183333,-0.23686377861966723,5684660000.0,1285826000.0,800711000.0,2732090000.0,,,,0.0,,30282088448.0,0.179,,HUBTOWN.NS,,,,,0.45196236138206025,,34.64711274060495,9.30656934306569,53.07057745187901,,3.4671532846715327,65.6021897810219,55.94149908592322,77.02702702702703,55.943396226415096,,64.31334622823984,48.19277108433735,5.111524163568773,20.095238095238095,42.84789363413283,Q2 (Low)
2026-02-28,173.75,197.8000030517578,170.00999450683594,189.88999938964844,16616240,0.09019409446818494,0.05523758049445937,,,0.21426138838849632,68.50705270383556,1.6941824556876743,,0,8976600000.0,3827300000.0,965900000.0,1864800000.0,1599900000.0,1160800000.0,408900000.0,30200000.0,0.42636410222133103,0.10760198738943476,0.12931399416260053,0.20774012432324043,,,,,,,,,,,,,0.04532221627034949,-0.060537390741340236,-0.10345171986736446,0.2346309295894491,0.2505364806866952,39387200000.0,5023800000.0,4166200000.0,7940100000.0,,,,0.0,,117411627008.0,0.384,1.05,FINPIPE.NS,,,,,0.26351650619761824,,92.48395967002749,93.33941605839416,85.88450962419797,,84.30656934306569,75.72992700729927,74.22303473491773,43.77413127413127,67.45283018867924,64.8854961832061,82.97872340425532,48.748841519925854,79.83271375464685,15.428571428571427,67.27124827942123,Q5 (Highest)
2026-02-28,261.5,289.70001220703125,207.0500030517578,219.35000610351562,83995782,-0.1990140543557225,-0.30793501291857805,,,0.33528109318794413,26.90142366610283,2.521897547472657,,0,24236310000.0,8431490000.0,-65250000.0,1375190000.0,339980000.0,-284340000.0,332100000.0,391920000.0,0.34788670387530113,-0.002692241516963597,-0.011731983953002748,0.05674089826380336,,,,,,,,,,,,,0.15461528163991756,-0.18880520369736387,0.11569348559528136,2.648659052996279,-0.0990159337491483,81240480000.0,-1866570000.0,-2024530000.0,3310280000.0,,,,0.0,,106420289536.0,,,FIRSTCRY.NS,,,,,0.32998163492445526,,99.35838680109991,59.03284671532847,4.124656278643447,,4.744525547445255,1.6423357664233578,72.6691042047532,83.1081081081081,94.43396226415094,,,37.16404077849861,76.48698884758365,51.33333333333333,52.273219243024556,Q3 (Medium)
2026-02-28,22.149999618530273,22.989999771118164,20.600000381469727,21.81999969482422,1487110,-0.036644588860258565,-0.14531926721654786,,,0.3443467926957065,51.68197020796561,1.0987552239514546,,0,4966100000.0,3871000000.0,-69600000.0,103500000.0,-116500000.0,-233500000.0,-33200000.0,153700000.0,0.7794849076740299,-0.014015021848130324,-0.04701878737842573,0.020841304041400697,,,,,,,,,,,,,0.09991140642303442,4.794044665012407,0.013903634136382292,2.8981636060100167,-0.7769396551724138,18011400000.0,3100000.0,-912700000.0,1573000000.0,,,,0.0,,5077666304.0,-0.096,,HTMEDIA.NS,,,,,0.3389822582211165,,57.56186984417965,57.11678832116788,43.72135655362053,,32.02554744525548,22.99270072992701,27.787934186471663,72.77992277992279,94.81132075471697,,32.97872340425532,97.59036144578313,3.9962825278810405,28.666666666666668,48.135298310656545,Q3 (Medium)
2026-02-28,450.95001220703125,466.6499938964844,420.54998779296875,439.70001220703125,26213591,-0.14976314135300117,-0.2901194787278595,,,0.3523893202448706,49.55062885629778,0.9562375683869943,,0,8074167000.0,4591662000.0,4111010000.0,4207154000.0,4111010000.0,2770278000.0,917852000.0,,0.5686855374678279,0.5091559290264865,0.34310387684574767,0.5210635350990387,,,,,,,,,,,,,0.042753157511102646,0.0402393286661189,0.17704820957963885,0.03392887133915812,0.14705953721781584,29536776000.0,10963223000.0,15624568000.0,16445511000.0,,,,0.0,,129564876800.0,0.193,0.45,FIVESTAR.NS,,,,,0.36431323497768353,,43.26306141154904,54.105839416058394,38.4967919340055,,6.021897810218978,3.5583941605839415,75.86837294332724,,52.45283018867924,33.20610687022901,65.18375241779498,58.294717330861914,88.38289962825279,65.04761904761904,48.92548554394533,Q3 (Medium)
2026-02-28,74.0,77.79000091552734,69.0,71.41999816894531,14460,0.021160933312505348,-0.0915798057250734,,,0.4926386896233858,52.94876510772465,0.8249160618359817,,0,131531000.0,36707000.0,1768000.0,10599000.0,6644000.0,1415000.0,651000.0,4577000.0,0.2790748948916985,0.013441698154807611,0.010757920186115821,0.0805817639947997,753203000.0,188263000.0,245742000.0,507461000.0,457777000.0,221481000.0,6402000.0,275371000.0,0.37099008593763855,0.24994988070945018,2.066890613641802,0.8235740311810043,0.1892387953092649,-1.9805959805959805,-0.06727509963267098,-0.4656344410876133,-0.09926064417438596,501661000.0,76000.0,8478000.0,37170000.0,0.00014976520363141208,0.00010090241276256202,0.012185866809251945,1.0,2.014844338113364,397541568.0,-0.1,,ADL.NS,,,,,0.3164615684782844,,28.964252978918424,19.434306569343065,47.112740604949586,,49.08759124087591,50.0,3.930530164533821,17.374517374517374,26.132075471698112,,32.495164410058024,5.282669138090825,19.052044609665426,18.666666666666668,31.168837281954474,Q1 (Lowest)
2026-02-28,445.54998779296875,496.0,444.04998779296875,489.70001220703125,23332161,0.08484718393534108,0.11156514760172898,,,0.2633485704175012,70.44025505960633,1.3960354567166722,,0,11836200000.0,4425300000.0,2351500000.0,2892000000.0,2716200000.0,1922000000.0,632100000.0,163700000.0,0.37387844071577025,0.19867018130819014,0.16238319730994744,0.24433517514067016,,,,,,,,,,,,,0.05841955127918519,0.057845781275799535,0.04107588924462591,0.4199172576832151,0.3044654939106901,45637955000.0,6715436000.0,8827315000.0,10384753000.0,,,,0.0,,247392124928.0,0.018,0.12,HSCL.NS,,,,,0.35709239865360365,,79.46837763519706,82.66423357664233,88.17598533455545,,90.78467153284672,74.27007299270073,84.27787934186472,73.64864864864865,77.73584905660378,6.870229007633588,45.11605415860735,59.962928637627435,84.20074349442379,35.523809523809526,65.51329886274407,Q5 (Highest)
2026-02-28,297.6693403939246,329.6000061035156,289.8819271155604,315.1000061035156,1993684,0.027372359006903713,0.028209138827294256,,,0.2832035036947268,60.395850485132264,1.295728075035221,,0,3176985000.0,1617306000.0,434520000.0,600354000.0,465727000.0,327440000.0,122496000.0,11827000.0,0.5090694479199619,0.13677118399992447,0.10306627195281061,0.1889697307352726,,,,,,,,,,,,,-0.010017350486050458,-0.2311196479643831,0.2009119716406531,0.11566545028331165,0.15886598475445557,12144341000.0,1348190000.0,1646133000.0,2353381000.0,,,,0.0,,33210083328.0,0.151,0.48,FLAIR.NS,,,,,0.291566425320387,,73.87717690192484,75.45620437956205,67.64436296975252,,80.2007299270073,52.55474452554745,57.22120658135283,29.24710424710425,59.62264150943396,36.10687022900763,60.541586073500966,34.56904541241891,61.80297397769516,69.42857142857143,57.218214544191945,Q4 (High)
2026-02-28,2810.0,2991.5,2756.89990234375,2939.39990234375,1409836,0.08341004627252513,0.17074917732474493,,,0.23538764114618596,71.33721387983157,0.9109811911678635,,0,13748400000.0,10885800000.0,7145500000.0,4072100000.0,3637000000.0,2737700000.0,848300000.0,51000000.0,0.791786680631928,0.519733205318437,0.19912862587646563,0.29618719269151317,,,,,,,,,,,,,0.05541780217249448,0.07217827210777794,0.15859906964201453,0.26464338507021434,0.23154392862543483,49334400000.0,9872500000.0,22686300000.0,14514200000.0,,,,0.0,,367414804480.0,0.163,1.91,AJANTPHARM.NS,,,,,0.4538500554234613,,37.85517873510541,89.68978102189782,88.63428047662694,,93.97810218978103,74.08759124087592,87.6599634369287,54.826254826254825,69.43396226415094,83.3587786259542,61.89555125725339,61.53846153846154,87.17472118959108,61.04761904761905,70.07868305670007,Q5 (Highest)
2026-02-28,170.0399932861328,237.5,168.1999969482422,226.50999450683594,6547676,0.28116510518682314,0.08253674517436438,,,0.5179045001527611,79.5466989411957,2.0384845430740954,,0,1910083000.0,1102287000.0,317423000.0,327635000.0,274295000.0,223760000.0,44908000.0,5627000.0,0.5770885348961275,0.16618283079845222,0.11714674179080176,0.17152919532816113,,,,,,,,,,,,,0.17461454638480411,-0.15212877214786968,0.2950514235115522,0.19291586253958437,0.08011301074063581,6140040000.0,804538000.0,1049193000.0,1272082000.0,,,,0.0,,24885200896.0,0.082,0.53,ADFFOODS.NS,,,,,0.2662468971006755,,96.51695692025665,16.058394160583944,95.60036663611365,,88.13868613138686,95.71167883211679,52.6508226691042,19.69111969111969,65.37735849056604,39.00763358778626,51.59574468085106,40.037071362372565,47.58364312267658,80.85714285714286,59.25510794280515,Q4 (High)
2026-02-28,14.199999809265137,15.0,13.149999618530273,14.1899995803833,2150198,0.0733736228261439,0.16982682988518083,,,0.2810254176867107,56.2874224140737,1.6794387712119816,,0,232316000.0,25395000.0,3560000.0,3989000.0,3671000.0,1120000.0,332000.0,2219000.0,0.10931231598340192,0.015323955302260713,0.004821019645655056,0.01717057800581966,477957000.0,109923000.0,-54681000.0,532638000.0,248341000.0,-59189000.0,6849000.0,49605000.0,0.20637468599686842,0.2299851241848116,-4.195728936119887,-3.357650914865938,-0.18643759148882522,0.4414414414414414,-0.3116583358271531,-0.2924826279216677,-0.24764239909468122,1103448000.0,6651000.0,17662000.0,19071000.0,0.012486904802135785,0.013915477752182728,0.027486884513688196,1.0,4.666301571061831,450909600.0,0.07,,AKG.NS,,,,,0.23256482457500277,,91.4757103574702,76.82481751824818,56.461961503208066,,93.88686131386861,70.71167883211679,5.027422303473491,11.293436293436294,32.45283018867924,,50.67698259187621,81.09360518999074,18.308550185873607,6.190476190476191,49.626955497914516,Q3 (Medium)
2026-02-28,348.20001220703125,374.20001220703125,324.04998779296875,369.6499938964844,437973,0.037759632870634885,-0.03283625826717329,,,0.28445653830045337,60.97323658785058,1.5120595028384296,,0,4653164000.0,801737000.0,-79206000.0,138512000.0,-25613000.0,-108562000.0,-20896000.0,103845000.0,0.172299321493934,-0.0170219661288534,-0.023330791693565927,0.029767272333405828,,,,,,,,,,,,,-5.608772033505183e-05,4.418346975444201,-0.16617525364187402,-1.3803587695326187,-0.7488112638867228,18759485000.0,-68906000.0,180578000.0,1007563000.0,,,,0.0,,11397637120.0,-0.119,2.71,IGPL.NS,,,,,0.20571611404580134,,85.1512373968836,75.18248175182481,69.019248395967,,67.06204379562044,58.120437956204384,40.21937842778793,66.40926640926641,9.433962264150944,90.45801526717557,30.754352030947775,97.21964782205747,5.390334572490707,11.142857142857142,53.704217548882276,Q4 (High)
2026-02-28,3480.245836737237,3852.86643312843,3376.071337313066,3417.800048828125,2577702,-0.039257333968095276,-0.05043832234828427,,,0.2812167041249749,45.84459989720832,1.3537653131720337,,0,32804900000.0,9513500000.0,3704300000.0,5366000000.0,4723200000.0,3582900000.0,1076400000.0,63600000.0,0.29000240817682726,0.11291910659688034,0.10921843992818146,0.16357312474660798,,,,,,,,,,,,,0.312169756604868,-0.7435491836720087,0.44054890767372923,0.10504888505073562,0.5516294132955499,110392200000.0,23944600000.0,11344700000.0,19487200000.0,,,,0.0,,376043438080.0,0.074,1.35,ESCORTS.NS,,,,,0.27367277686849356,,77.54353803849679,76.55109489051095,29.14757103574702,,62.31751824817518,22.26277372262774,88.0255941499086,57.52895752895753,58.867924528301884,72.36641221374046,50.91876208897486,17.794253938832252,90.33457249070632,89.33333333333333,59.53282041388753,Q4 (High)
2026-02-28,111.41000366210938,121.01000213623047,110.63999938964844,113.52999877929688,587388,0.005491055682212753,-0.09932569590910723,,,0.31225070063597665,53.086421775415836,0.6885515768849876,,0,2774244000.0,919263000.0,198604000.0,275056000.0,221054000.0,118670000.0,44220000.0,58163000.0,0.3313562181264518,0.07158851204147869,0.04277561742946907,0.09914628994421543,,,,,,,,,,,,,0.0013690911696326857,-0.3447519974379787,0.07177891925972624,0.049016574585635464,0.025869013874384672,11215197000.0,697638000.0,994534000.0,1344726000.0,,,,0.0,,8249774592.0,-0.476,0.44,INDOAMIN.NS,,,,,0.29482902506078446,,18.331805682859763,66.60583941605839,47.38771769019248,,46.25912408759124,41.058394160583944,35.0091407678245,56.56370656370656,53.77358490566038,32.29007633587786,11.121856866537717,29.28637627432808,47.39776951672863,41.333333333333336,41.76124837341886,Q2 (Low)
2026-02-28,255.6999969482422,264.0,231.5,234.1999969482422,238506,-0.08354531734907278,0.023243585948687695,,,0.6221931007889752,20.74555826108289,0.17665351514960106,,0,,,,,,,,,,,,,,,,,,,,,,,,,,,,,,,,,,,,,,,5808159744.0,-0.082,,EIFFL.NS,,,,,0.3032362052905782,,0.6416131989000917,5.291970802919707,1.924839596700275,,79.37956204379562,10.492700729927007,29.798903107861058,,,,34.23597678916828,,,,37.4510377512848,Q1 (Lowest)
2026-02-28,445.0,506.0,424.20001220703125,478.3500061035156,6214948,0.13974265473109693,0.13474088472383605,,,0.2546036288085252,68.25103544233562,2.0763934764458742,,0,11595870000.0,4810100000.0,1072080000.0,1629570000.0,1233080000.0,663170000.0,318920000.0,237420000.0,0.41481148029427717,0.09245360632708025,0.05719018926566096,0.1405302060130029,,,,,,,,,,,,,0.13960964295892997,0.626094205919133,0.14763893108843829,0.0174127826700623,0.15813001485356093,42096310000.0,3181920000.0,3132700000.0,5527060000.0,,,,0.0,,73284829184.0,,,AKUMS.NS,,,,,0.2054483008468633,,96.88359303391384,84.85401459854015,85.51787351054078,,92.06204379562044,86.22262773722628,68.00731261425959,77.22007722007721,50.66037735849057,,,85.17145505097312,75.92936802973978,58.666666666666664,70.7463606410699,Q5 (Highest)
2026-02-28,703.6012675615481,902.068009004685,690.9237434683092,857.2000122070312,1728558,0.21313567901354014,0.03746009716295573,,,0.3404269804511965,79.19191771341585,2.0810922114148145,,0,2717600000.0,854700000.0,248700000.0,378600000.0,333800000.0,249300000.0,83700000.0,800000.0,0.3145054459817486,0.09151457168089491,0.09173535472475713,0.139314100677068,,,,,,,,,,,,,-0.0029351335485764407,0.07456896551724146,0.2659430754180836,0.5620300751879699,0.3658008658008658,9898900000.0,983600000.0,901400000.0,1452500000.0,,,,0.0,,19391084544.0,-0.015,1.81,INDNIPPON.NS,,,,,0.30352192069266837,,96.97525206232814,57.846715328467155,95.23373052245645,,82.2992700729927,91.78832116788321,49.26873857404022,7.287644787644787,81.13207547169812,81.45038167938932,41.77949709864603,61.81649675625579,56.41263940520446,77.90476190476191,65.41303498878456,Q5 (Highest)
2026-02-28,330.8500061035156,363.29998779296875,323.3500061035156,337.79998779296875,360800,0.008057241540661453,-0.06374723053814979,,,0.23541536919591435,55.28318163103786,1.301767595569147,,0,1294665000.0,1032094000.0,533218000.0,590157000.0,547912000.0,405942000.0,140645000.0,1325000.0,0.797190006681265,0.41185789374085185,0.31354983721657725,0.4558376105015583,,,,,,,,,,,,,1.2196667066710098,13.6602383531961,-0.026648171955702904,0.017115539286063353,0.019235983620571995,3964477000.0,958141000.0,1155580000.0,1459593000.0,,,,0.0,,20584280064.0,-0.382,1.04,EIHAHOTELS.NS,,,,,0.1589969832141547,,74.33547204399633,89.5985401459854,53.803849679193405,,58.941605839416056,42.97445255474452,49.90859232175503,8.880308880308881,50.47169811320755,64.50381679389314,15.232108317214701,99.35125115848007,63.7546468401487,22.095238095238095,52.923438718905466,Q4 (High)
2026-02-28,1022.4000244140625,1073.0,941.5,944.0,1378169,-0.14259763851044505,-0.2631907305830353,,,0.32328716566439114,25.27965885886215,1.4277612566098055,,0,3587760000.0,1677490000.0,533245000.0,659402000.0,509136000.0,371362000.0,132029000.0,5745000.0,0.46755914553927796,0.14862894953954556,0.10350803844181328,0.18379211541463197,,,,,,,,,,,,,0.1615990084953276,0.4325248036538134,0.19777775329536107,0.6398352048679035,0.4143094913305707,13915996000.0,1559082000.0,1995052000.0,2697212000.0,,,,0.0,,45005828096.0,0.148,0.37,INDIGOPNTS.NS,,,,,0.35650577498323804,,81.57653528872594,63.04744525547446,3.0247479376718607,,7.755474452554745,3.923357664233577,61.334552102376605,19.98069498069498,83.30188679245283,27.86259541984733,59.96131528046421,80.44485634847081,63.01115241635687,68.85714285714286,48.27211711976447,Q3 (Medium)
2026-02-28,315.20001220703125,374.6499938964844,311.70001220703125,326.6000061035156,41089595,-0.012696438465655824,-0.12790385553133343,,,0.2134998557222384,51.265320439393115,1.7829536041533556,,0,8728900000.0,6392800000.0,3396100000.0,4020100000.0,3653700000.0,2430300000.0,1050100000.0,56100000.0,0.7323717765125044,0.38906391412434554,0.27841996127805335,0.46055058483886857,,,,,,,,,,,,,0.45982874535906615,1.1361518853827897,0.09088068785383108,-0.08099829835507655,-0.0057870656609373405,28718560000.0,6435950000.0,10068620000.0,10944480000.0,,,,0.0,,204243943424.0,-0.579,0.46,EIHOTEL.NS,,,,,0.1773262711919562,,94.13382218148487,93.61313868613139,43.26306141154904,,36.95255474452554,31.47810218978102,82.44972577696527,56.08108108108109,43.0188679245283,34.35114503816794,7.35009671179884,90.91751621872103,90.05576208178438,44.38095238095238,56.536388428498064,Q4 (High)
2026-02-28,220.345767736613,240.5,207.94671809823276,231.61000061035156,11668517,0.13528650051222835,-0.026195561895838826,,,0.3443955432925391,60.796328982799345,1.0422728568514918,,0,4966220000.0,,3242970000.0,5644970000.0,4443160000.0,1137140000.0,425810000.0,2880260000.0,,0.6530057065534752,0.22897495479459226,1.1366733652556673,,,,,,,,,,,,,-0.02810655519546601,-0.1308262630895055,0.6038690091719416,80.86753059755219,0.8686013717493777,18435050000.0,4799640000.0,12473770000.0,18971570000.0,,,,0.0,,140349128704.0,,0.09,ACMESOLAR.NS,,,,,0.4104129993473187,,53.803849679193405,57.02554744525548,68.6526122823098,,68.43065693430657,85.49270072992701,77.05667276051187,93.53281853281852,99.52830188679245,4.65648854961832,,42.07599629286376,80.29739776951673,93.14285714285714,64.91306000039806,Q5 (Highest)
2026-02-28,4610.0,5056.0,4582.7998046875,4854.60009765625,13546292,-0.0005969948211528298,-0.16923075251882436,,,0.3161787653007096,60.77952911692937,0.6852203236915938,,0,234719000000.0,58938000000.0,36986000000.0,21074000000.0,21074000000.0,5498000000.0,131000000.0,15452000000.0,0.25110025179043877,0.15757565429300568,0.023423753509515633,0.08978395443061704,,,,,,,,,,,,,0.1451774222664579,-0.7473693884115242,0.3831734395625117,-1.557210905036992,5.328528528528529,850465000000.0,82424000000.0,144721000000.0,141930000000.0,,,,0.0,,1876850507776.0,0.607,0.21,INDIGO.NS,,,,,0.32657492496062074,,18.056828597616864,65.69343065693431,68.37763519706691,,25.638686131386862,37.22627737226277,97.25776965265082,96.71814671814671,7.830188679245283,14.122137404580155,94.0522243713733,17.701575532900833,62.825278810408925,86.85714285714286,52.82382146544777,Q3 (Medium)
2026-02-28,171.9499969482422,194.5800018310547,159.0,160.92999267578125,12454378,-0.040884444155458,-0.24375004526367694,,,0.3594570509541627,37.04444037543403,1.1693238288161172,,0,2500178000.0,945036000.0,597634000.0,762327000.0,682483000.0,404095000.0,161308000.0,99966000.0,0.37798748729090487,0.2390365805954616,0.1616264921937558,0.3049090904727583,,,,,,,,,,,,,0.03776188132003866,-0.03548531847757075,0.2185279086383578,0.31294736123881894,0.42330872550886656,11272441000.0,1922502000.0,2655068000.0,3056114000.0,,,,0.0,,28248041472.0,,,EIEL.NS,,,,,0.39675545134003426,,64.89459211732355,52.737226277372265,12.28230980751604,,10.036496350364963,21.624087591240876,54.844606946983546,65.92664092664093,72.64150943396226,,,50.78776645041705,66.44981412639405,72.28571428571429,49.634050954261994,Q3 (Medium)
2026-02-28,1734.0,1795.0,1606.0,1611.0999755859375,309780,0.02722516609742298,-0.04854430453662084,,,0.46502412210623667,40.9246147392253,0.3469546133620156,,0,630574000.0,327413000.0,104923000.0,184559000.0,164460000.0,125153000.0,35955000.0,3352000.0,0.519230098291398,0.16639284207721852,0.19847472303012811,0.29268412589164794,,,,,,,,,,,,,-0.06678269466138032,-0.13583886871141926,-0.05357445716369813,-0.041817555410940566,-0.13002140075986834,2393129000.0,480701000.0,427989000.0,712844000.0,,,,0.0,,9293445120.0,0.046,0.31,EIMCOELECO.NS,,,,,0.30927820979487153,,2.1081576535288726,24.81751824817519,18.240146654445464,,62.95620437956204,52.46350364963504,36.654478976234,14.864864864864865,45.75471698113208,22.519083969465647,47.63056092843327,41.705282669138086,45.07434944237918,20.0,35.65259122779958,Q1 (Lowest)
2026-02-28,811.0999755859375,824.0,716.2000122070312,722.5999755859375,3004227,-0.038904037972741445,-0.19316659749439635,,,0.25783902172133355,31.88871555507515,0.9514114027549396,,0,3466516000.0,1528210000.0,1295107000.0,1328182000.0,1295107000.0,1240659000.0,358796000.0,,0.44084896766667164,0.3736047951314807,0.35789795864204865,0.38314607519480653,,,,,,,,,,,,,0.07056625018800067,0.038653381197634396,0.26326476544344524,0.29048326851405926,0.2503066502868816,,,,,,,,0.0,,78511915008.0,0.007,0.69,INDIASHLTR.NS,,,,,0.3996341372698062,,42.71310724106325,84.30656934306569,6.966086159486709,,19.708029197080293,22.536496350364963,69.01279707495429,,71.0377358490566,49.770992366412216,44.10058027079304,58.109360518999075,77.88104089219331,77.23809523809524,51.558726033437644,Q3 (Medium)
2026-02-28,890.0,1008.7999877929688,862.0,907.0499877929688,69499,0.030387368364125367,0.1181582521493787,,,0.6515757512516667,52.589637621578134,1.61000566119196,,0,430800000.0,344288000.0,174489000.0,197687000.0,195681000.0,136707000.0,48739000.0,10235000.0,0.7991829155060353,0.40503481894150417,0.31733286908077996,0.45888347260909934,,,,,,,,,,,,,0.3035742383713189,4.19364030088899,0.242931332948644,1.3698471032832922,1.1219703312509393,1405665000.0,226731000.0,295899000.0,373574000.0,,,,0.0,,8970963968.0,0.273,0.99,ELDEHSG.NS,,,,,0.3109837341409996,,89.18423464711273,3.9233576642335777,46.104491292392304,,91.14963503649635,53.92335766423357,36.0146252285192,27.606177606177607,90.09433962264151,62.44274809160305,73.21083172147002,97.12696941612604,48.42007434944237,74.95238095238095,59.610214886188615,Q4 (High)
2026-02-28,394.0,494.0,389.79998779296875,421.29998779296875,8156136,0.11249002960857712,-0.18090792691681967,,,0.5471561266549378,55.308769820723256,0.5491047634308502,,0,5517400000.0,2387400000.0,819400000.0,1280300000.0,1007900000.0,719900000.0,219800000.0,68200000.0,0.43270380976546924,0.14851198028056695,0.13047812375394208,0.23204770362852067,,,,,,,,,,,,,0.12469168518254281,-0.5896602827177382,0.08580312512299759,-0.17932056543547648,0.01724137931034475,23388100000.0,5014500000.0,4947100000.0,7393300000.0,,,,0.0,,94539694080.0,0.152,0.47,ELECON.NS,,,,,0.31733325819314445,,8.799266727772686,11.770072992700733,53.895508707607696,,22.62773722627737,81.11313868613139,71.20658135283364,58.59073359073359,38.20754716981132,35.41984732824427,60.783365570599614,21.316033364226136,70.4460966542751,43.80952380952381,45.19903021204916,Q2 (Low)
2026-02-28,372.6499938964844,409.1000061035156,356.79998779296875,361.79998779296875,370241,-0.006316996077975756,-0.04475250747731019,,,0.3133740714653349,39.58700624539086,1.0240669857262072,,0,3647836000.0,949221000.0,466311000.0,630923000.0,581754000.0,346933000.0,113236000.0,121585000.0,0.2602148232541156,0.12783222710670106,0.0951065234292331,0.1729581593032143,27498569000.0,5008760000.0,13495836000.0,14002733000.0,24764775000.0,12727337000.0,17816000.0,2391203000.0,0.3576987435238535,0.18214620549891158,1.9457939237406852,1.7579146368167984,0.18655708302011864,0.5827379811859597,0.029375196473328424,1.616367900694565,0.7051143457885833,14414805000.0,5702488000.0,1611213000.0,7481594000.0,0.4072410721535574,0.20737399098840378,0.08474941973257966,1.0,1.8322169782725786,19088328704.0,0.56,0.5,INDIANHUME.NS,,,,,0.391729498826566,,51.14573785517873,66.33211678832117,15.307057745187901,,63.868613138686136,34.762773722627735,48.90310786106033,68.72586872586872,91.41509433962264,37.55725190839695,92.60154738878144,84.43002780352178,60.87360594795539,32.38095238095238,56.55358370707742,Q4 (High)
2026-02-28,69.0,79.66000366210938,67.97000122070312,70.5,21780444,-0.029193096480319425,-0.06411790407077256,,,0.3846658335524375,49.040422386115196,0.9113420071859449,,0,14718060000.0,5842154000.0,-105042000.0,496609000.0,50623000.0,-218842000.0,-99412000.0,368827000.0,0.39693777576664313,-0.007136946037725081,-0.014868943325411093,0.03374147136239423,,,,,,,,,,,,,0.05446083906168986,-1.2795434659036475,-0.1715904059775829,-1.1366518114442037,-0.8311616385523818,61017539000.0,3137684000.0,3406115000.0,6174953000.0,,,,0.0,,43582013440.0,0.069,1.99,ELECTCAST.NS,,,,,0.29524974008564603,,37.94683776351971,45.07299270072993,37.58020164986251,,58.75912408759124,25.27372262773723,61.06032906764168,82.33590733590734,12.075471698113208,84.27480916030534,50.483558994197296,9.360518999073216,1.6728624535315983,10.857142857142858,41.11689862635687,Q2 (Low)
2026-02-28,5.599999904632568,5.849999904632568,4.809999942779541,5.039999961853027,7031481,0.039175270300310094,-0.26744187819499954,,,0.5570857765674885,41.481474155582546,1.091771816052693,,0,264041000.0,78777000.0,-42744000.0,-12996000.0,-40907000.0,-58054000.0,-12514000.0,29661000.0,0.29835139239739283,-0.16188394984112317,-0.21986736908283183,-0.04921962876977439,,,,,,,,,,,,,-0.15343798293031696,0.9022248435400897,-0.08910231863358964,0.22588001773761013,3.0752587017873942,1176648000.0,-219668000.0,-129356000.0,8752000.0,,,,0.0,,819997760.0,-0.418,,AKSHOPTFBR.NS,,,,,0.46550187722309233,,56.73693858845096,10.21897810218978,19.523373052245645,,7.2992700729927,58.66788321167883,8.86654478976234,43.33976833976834,66.69811320754717,,13.2495164410058,88.69323447636701,7.063197026022305,16.380952380952383,36.44918464593222,Q1 (Lowest)
2026-02-28,228.0,244.97999572753906,219.0,219.8699951171875,30843,-0.011464810146347038,-0.1369185667627576,,,0.2732683173038391,47.334016750545366,0.7267862968882146,,0,107280000.0,79188000.0,-45024000.0,80320000.0,68771000.0,54126000.0,12140000.0,2505000.0,0.7381431767337807,-0.4196868008948546,0.5045302013422819,0.7486950037285608,3757666000.0,49864000.0,288149000.0,3469517000.0,1308653000.0,188657000.0,109371000.0,111858000.0,0.014372029305520048,0.013269939371939923,6.936678734422788,6.343761429472535,0.11130677992437965,1.3590481171548117,-0.04462512578924405,-0.30684117511461717,-0.19008581137630964,388575000.0,249297000.0,-193961000.0,353525000.0,0.07185351736279141,0.0663435760389561,-0.055112248432323756,1.0,1.8141150118185065,1321136640.0,-0.216,,INDIANCARD.NS,,,,,0.33956029460260084,,20.89825847846013,79.47080291970804,32.90559120073327,,34.3978102189781,32.57299270072993,13.528336380255942,12.451737451737452,31.981132075471695,,23.017408123791103,92.12233549582947,33.36431226765799,20.666666666666668,38.49182559866798,Q1 (Lowest)
2026-02-28,795.5,836.0499877929688,710.0,734.8499755859375,275314,-0.11110443360933642,-0.17223320125492814,,,0.4507359212198612,43.41643661608698,1.1487965562975428,,0,8142600000.0,2207200000.0,-226600000.0,-107800000.0,-213100000.0,-216200000.0,-68100000.0,71800000.0,0.2710682091715177,-0.027828948984353893,-0.026551715668214085,-0.01323901456537224,19739700000.0,11704900000.0,21280100000.0,-1540400000.0,11575300000.0,17754800000.0,194100000.0,6671000000.0,-7.598610750454427,0.5929624057103198,0.6519532746074301,0.27622389438349065,-0.023727594268928676,-1.7790990990990991,0.0007128109330449828,-1.3635446443585,-1.1315275744265496,38856400000.0,2799700000.0,2326000000.0,3250900000.0,-1.8175149311867047,0.1418309295480681,0.2288356534999262,1.0,1.4479049833584097,9430533120.0,0.305,,ELECTHERM.NS,,,,,0.2590076025237468,,62.69477543538039,27.645985401459853,22.9147571035747,,24.90875912408759,6.751824817518248,36.74588665447898,59.65250965250966,9.716981132075473,,76.64410058027079,6.116774791473587,2.509293680297398,25.80952380952381,34.140744812176706,Q1 (Lowest)
2026-02-28,843.1500244140625,952.5,806.2000122070312,946.7000122070312,27680501,0.11304453094350797,0.11141115963144177,,,0.36542381054144796,76.04748579540612,0.9057817478156828,,0,96918800000.0,,,,,31468800000.0,11132200000.0,102029000000.0,,,0.3246924229354883,,9496900000000.0,489640000000.0,8697380000000.0,799180000000.0,,,595590000000.0,,0.6126779949448184,0.051557876780844274,,,0.07909249112899719,0.3824114708944504,0.09913673829516023,0.12400614351537675,,368213500000.0,113146200000.0,,,0.14157786731399685,0.011914014046688919,,1.0,,1275627700224.0,0.297,1.72,INDIANB.NS,,,,,0.6260645847501151,,37.39688359303391,51.55109489051095,93.03391384051329,,90.69343065693431,81.38686131386861,95.88665447897623,99.42084942084942,60.09433962264151,80.53435114503816,75.62862669245648,78.3132530120482,98.23420074349443,46.76190476190476,72.59575761148467,Q5 (Highest)
2026-02-28,106.80000305175781,129.6999969482422,102.33000183105469,118.19999694824219,7461501,0.1692551313698918,-0.06368822125776352,,,0.4577827323534881,64.44853758176393,0.1331345580748082,,0,3651100000.0,1816100000.0,456400000.0,666300000.0,530800000.0,356900000.0,147800000.0,25700000.0,0.4974117389279943,0.12500342362575662,0.09775136260305113,0.18249294733094135,,,,,,,,,,,,,0.013125034685609549,1.6108266276517922,-0.0051769706547505345,0.9718232044198896,0.5762952448545067,15048800000.0,1142600000.0,1644500000.0,2160500000.0,,,,0.0,,13281196032.0,0.36,0.59,EKC.NS,,,,,0.4116395517943421,,0.36663611365719523,26.459854014598534,78.09349220898258,,59.03284671532847,89.50729927007299,42.87020109689214,41.02316602316603,87.64150943396226,43.4351145038168,81.09284332688588,93.14179796107507,64.21933085501858,25.142857142857146,55.46846324442092,Q4 (High)
2026-02-28,877.0,942.1500244140625,870.25,886.9000244140625,3430206,-0.0234529701681101,-0.12912411316531403,,,0.268790812658956,48.814123529374136,1.2419382147704638,,0,103155800000.0,22963000000.0,6315200000.0,8945800000.0,6910500000.0,2321500000.0,1509300000.0,1031200000.0,0.2226050304490877,0.061220018651399144,0.02250479371979084,0.08672125076825539,,,,,,,,,,,,,-0.11259553148366719,-0.45300534860158803,0.18293187773426522,0.19130702519628473,0.10334365248708055,292854200000.0,11893600000.0,27275900000.0,40760900000.0,,,,0.0,,157862051840.0,-0.04,,EIDPARRY.NS,,,,,0.29626476123415596,,70.76076993583868,80.47445255474452,36.84692942254812,,36.58759124087591,27.37226277372263,78.61060329067642,89.47876447876449,65.18867924528303,,38.53965183752418,24.7451343836886,92.37918215613384,66.19047619047619,57.14496650068511,Q4 (High)
2026-02-28,241.0500030517578,254.89999389648438,241.0500030517578,245.0500030517578,643590,0.005745984774652824,0.008851417082331059,,,0.39301890053599725,52.247660708970194,0.5304780260678057,,0,410242000.0,203373000.0,78216000.0,129540000.0,121486000.0,92719000.0,28765000.0,2000.0,0.4957391003358993,0.19065819686916502,0.2260105011188518,0.31576484124004855,,,,,,,,,,,,,-0.2908252344946567,-0.4298250468898933,0.09376283080138847,0.02218130905001825,-0.09508141752415278,2025570000.0,459785000.0,382709000.0,655504000.0,,,,0.0,,7897952768.0,0.665,0.41,INDOBORAX.NS,,,,,0.295517541945718,,7.882676443629697,42.42700729927007,44.82126489459212,,76.09489051094891,41.24087591240876,34.27787934186471,2.364864864864865,50.84905660377359,30.0,95.74468085106383,25.57924003707136,41.82156133828997,45.04761904761905,42.54344114302647,Q2 (Low)
2026-02-28,6805.0,8140.0,6738.0,7936.5,8859862,0.11155462184873954,0.11241152148013178,,,0.21401658965657058,80.95703125,1.1936446474852274,,0,59998300000.0,26016400000.0,13456200000.0,20215700000.0,18104700000.0,14206100000.0,3725900000.0,172700000.0,0.43361895253698857,0.22427635449671074,0.23677504195952218,0.33693787990659735,,,,,,,,,,,,,-0.011753873622798783,0.03735806345613213,0.22743350702009568,0.21367791542076042,0.22261533251082555,221670200000.0,53574300000.0,47396700000.0,77113200000.0,,,,0.0,,2177094647808.0,0.047,0.88,EICHERMOT.NS,,,,,0.4303917252385521,,67.18606782768103,93.43065693430657,96.51695692025665,,90.87591240875912,80.83941605839416,97.53199268738574,74.22779922779922,66.32075471698113,57.786259541984734,47.823984526112184,57.92400370713624,95.91078066914498,73.33333333333333,73.313861237285,Q5 (Highest)
2026-02-28,9.449999809265137,9.949999809265137,8.609999656677246,9.170000076293945,3557513,0.036158156048697876,-0.18343718164855394,,,0.3853386312134179,33.06450992667473,0.781913292039165,,0,717021000.0,238960000.0,22243000.0,100128000.0,64535000.0,74801000.0,-23515000.0,7713000.0,0.333267784346623,0.031021406625468432,0.10432190967907495,0.1396444455601719,,,,,,,,,,,,,-0.10474881260956204,0.7291830412871607,-0.01461813104507892,0.46899057344854667,0.16634050880626217,3445360000.0,211756000.0,38467900.0,467197000.0,,,,0.0,,2493426944.0,0.492,,ALANKIT.NS,,,,,0.40538307867375367,,24.931255728689276,44.70802919708029,8.340971585701192,,21.98905109489051,57.299270072992705,20.20109689213894,23.552123552123554,79.05660377358491,,88.87814313346229,86.46895273401297,4.925650557620818,23.714285714285715,42.27102893577221,Q2 (Low)
2026-02-28,11.5,13.0,10.1899995803833,10.270000457763672,23310587,-0.23586303732081082,-0.34124436451279416,,,0.655541336645438,35.59719016629674,1.0350129556233363,,0,61917000.0,61917000.0,-12683000.0,12487000.0,4041000.0,4214000.0,-1288000.0,1751000.0,1.0,-0.20483873572686015,0.06805885298060306,0.20167320768125072,,,,,,,,,,,,,-0.651040110915106,-0.9111645164010456,-0.25244488445657165,17.8125,0.13137627978617372,417883000.0,26885000.0,47618000.0,166156000.0,,,,0.0,,1653492480.0,-0.4,,INDOWIND.NS,,,,,0.3934152807881657,,52.33730522456462,3.649635036496349,10.999083409715857,,2.8284671532846715,0.9124087591240875,16.087751371115175,10.038610038610038,98.67924528301887,,14.216634429400388,14.365152919369786,9.944237918215613,7.238095238095238,26.08644178540071,Q1 (Lowest)
2026-02-28,255.0,272.6499938964844,242.25,247.64999389648438,209935,-0.028823553347120057,-0.17792533146395229,,,0.26364130135014335,45.420556109656694,1.2355283004989732,,0,716827000.0,43648000.0,-486004000.0,135455000.0,72531000.0,60363000.0,-20669000.0,97568000.0,0.06089056355299117,-0.6779934349571096,0.08420860263355036,0.188964701385411,,,,,,,,,,,,,-0.12471167735704147,-1.565064357594196,-0.3634773358338639,-0.9353986335499448,-0.6052681425703104,3696367000.0,-204150000.0,-1390762000.0,660834000.0,,,,0.0,,8693673984.0,0.33,1.41,DVL.NS,,,,,0.1737913426338367,,70.30247479376719,82.48175182481752,27.68102658111824,,23.44890510948905,25.547445255474454,35.64899451553931,64.86486486486487,15.660377358490566,73.89312977099237,78.9651837524178,7.136237256719184,5.5762081784386615,5.0476190476190474,41.08361455398321,Q2 (Low)
2026-02-28,34.5,38.599998474121094,33.54999923706055,36.15999984741211,8979175,0.11158933920481684,-0.11307335193992374,,,0.36776306463904157,59.10289883371615,1.2248061371875514,,0,3251158000.0,999601000.0,251860000.0,406774000.0,282256000.0,154350000.0,113575000.0,14331000.0,0.30745998810270064,0.0774677822486634,0.047475391844998,0.12511665074413486,,,,,,,,,,,,,0.3219706041530874,-1.4731411545441169,0.03964497098185227,0.4388254486133769,0.3168340870758781,14296957000.0,197584000.0,586625000.0,1123981000.0,,,,0.0,,6700500992.0,0.237,1.38,DWARKESH.NS,,,,,0.25325591884692883,,69.6608615948671,50.82116788321168,63.51970669110908,,41.42335766423358,80.93065693430657,32.08409506398537,31.08108108108108,78.20754716981132,73.12977099236642,69.82591876208897,7.599629286376275,60.966542750929364,35.333333333333336,52.97224461384667,Q4 (High)
2026-02-28,120.0,150.99000549316406,120.0,150.72000122070312,1674732,0.35612742530517916,0.20933968179614681,,,0.6669810000605009,80.52632981480643,1.9389760648771954,,0,227983000.0,68170000.0,39255000.0,41553000.0,39305000.0,29966000.0,1666000.0,7673000.0,0.2990135229381138,0.17218389090414637,0.13143962488431155,0.1822635898290662,,,,,,,,,,,,,-0.26091128653169726,-0.13194866892616086,-0.03247395336006964,-0.4071421505589079,-0.2526035577459216,1177990012.0,148357252.0,173412055.0,184655108.0,,,,0.0,,3038149376.0,-0.611,0.18,INDOUS.NS,,,,,0.23251674186683094,,95.69202566452796,3.102189781021906,96.42529789184235,,96.07664233576642,97.71897810218978,22.760511882998173,23.35907335907336,28.11320754716981,11.374045801526718,6.72147001934236,41.98331788693234,22.58364312267658,21.714285714285715,44.50831260729023,Q2 (Low)
2026-02-28,293.3999938964844,326.70001220703125,276.0,282.54998779296875,2926199,0.007308334377785108,-0.21426589822795217,,,0.3965002332189484,46.80482504571048,0.46189616210073986,,0,2987677000.0,607733000.0,311169000.0,361079000.0,329904000.0,224227000.0,76268000.0,29409000.0,0.2034132203715462,0.10415081683863417,0.07505061624800807,0.12085610325346414,,,,,,,,,,,,,0.14018111300271374,0.23153604912369352,0.2759943624677017,0.6185000721813194,0.4138005293739917,11431522000.0,799972000.0,1097270000.0,1260427000.0,,,,0.0,,13691987968.0,-0.338,0.09,DYCL.NS,,,,,0.4128676222933522,,4.949587534372136,40.96715328467153,31.622364802933088,,15.328467153284672,42.88321167883212,43.96709323583181,42.95366795366795,82.73584905660377,4.65648854961832,17.11798839458414,73.12326227988879,55.111524163568774,78.66666666666666,42.27222165030159,Q2 (Low)
2026-02-28,240.10000610351562,272.6000061035156,236.64999389648438,254.58999633789062,10836754,-0.049327826950054,-0.4169472119625274,,,0.497847879696806,59.13182211996532,1.0277213449039306,,0,27268000.0,-1867000.0,190503000.0,233755000.0,232318000.0,170023000.0,56211000.0,6085000.0,-0.06846853454598797,6.986320962300132,6.235257444623735,8.572502567111632,,,,,,,,,,,,,-0.010451444331542992,0.9834231585823943,0.06035153212008093,16.794139194139195,12.830838411928289,,,372419000.0,,,,,0.0,,32592150528.0,2.139,0.06,INDOTHAI.NS,,,,,0.4775508658859649,,51.69569202566453,18.704379562043798,63.61136571952337,,0.9124087591240875,19.06934306569343,57.038391224862885,20.84942084942085,98.58490566037736,2.900763358778626,99.90328820116055,89.43466172381835,50.371747211895915,39.80952380952381,47.52572607812583,Q3 (Medium)
2026-02-28,8377.680536203165,10913.0,8075.836164700736,9952.0,547302,0.24308748698693905,0.07994911203036326,,,0.5058327986580433,73.63118587193978,1.3205799402542882,,0,4248700000.0,2100000000.0,304000000.0,416600000.0,220100000.0,57700000.0,21700000.0,140700000.0,0.49426883517311176,0.0715512980441076,0.013580624661661215,0.09805352225386589,,,,,,,,,,,,,0.08280238544268315,0.743202416918429,0.34695495038518853,0.6345609065155808,0.06793129966675204,15580400000.0,359400000.0,995000000.0,1842200000.0,,,,0.0,,67608276992.0,0.119,0.05,DYNAMATECH.NS,,,,,0.27102886009304944,,75.52703941338221,17.427007299270073,90.74243813015582,,87.86496350364963,94.06934306569343,66.81901279707495,71.33204633204633,83.11320754716981,2.213740458015267,55.89941972920697,86.83966635773864,38.7546468401487,85.23809523809524,63.72270844744314,Q5 (Highest)
2026-02-28,220.0,263.67999267578125,213.8800048828125,225.69000244140625,494274,0.05290411017023344,-0.19266674191898203,,,0.4833560821211919,54.35624317749085,1.487853603930167,,0,878940000.0,454333000.0,81233000.0,123200000.0,81549000.0,44423000.0,13669000.0,23441000.0,0.5169101417616675,0.09242155323457801,0.050541561426263454,0.14016883973877625,4143369000.0,791235000.0,1810137000.0,2332501000.0,1646743000.0,1609839000.0,6617000.0,844909000.0,0.3392217195190913,0.19096416466889626,1.0229240315335881,0.49808334870754156,-0.05415265016755233,-0.07711644333644951,-0.08068362480127189,0.14212623730556628,-0.019069230462996134,3674222000.0,175865000.0,319313000.0,478488000.0,0.07539760969019949,0.042444928269724465,0.10222150655497135,1.0,1.7505367974708506,2804962816.0,-0.519,,DYNPRO.NS,,,,,0.3124361657844134,,84.1429880843263,21.532846715328475,51.42071494042163,,19.7992700729927,63.412408759124084,21.937842778793417,39.38223938223938,61.50943396226415,,9.381044487427467,47.54402224281743,34.29368029739777,17.238095238095237,41.43963913074854,Q2 (Low)
2026-02-28,1252.0,1544.199951171875,1198.800048828125,1417.4000244140625,537768,0.10346440203508167,-0.17212777020864034,,,0.5954653896874201,61.473546472078034,1.136213279686132,,0,1963000000.0,602500000.0,317800000.0,352900000.0,340800000.0,249000000.0,86000000.0,5800000.0,0.3069281711665818,0.1618950585838003,0.12684666327050434,0.17977585328578707,,,,,,,,,,,,,0.073498851580444,0.004842615012106588,0.10691327393706995,0.29216398546964184,0.1536449820202681,7428901000.0,898316000.0,1153068000.0,1220195000.0,,,,0.0,,15061472256.0,-0.702,,INDOTECH.NS,,,,,0.4083330894634244,,61.5032080659945,7.390510948905103,70.94408799266728,,25.0,78.92335766423358,46.06946983546618,20.173745173745175,71.22641509433963,,5.1257253384912955,54.68025949953661,56.877323420074354,48.857142857142854,46.45141639270644,Q2 (Low)
2026-02-28,2339.0,3237.60009765625,2305.39990234375,2878.60009765625,6701101,0.3944678726769357,0.16110041721144164,,,0.5878005090294646,64.33744646729548,2.066276957714364,,0,700223000.0,437896000.0,-80034000.0,448699000.0,-27787000.0,-56991000.0,-18129000.0,47333000.0,0.6253664903894902,-0.11429787367738563,-0.08138978582537278,0.6407944326307476,,,,,,,,,,,,,0.5985038203488651,-0.5766150600261499,0.683038214432504,-1.491581417013128,0.1999481189093204,1834144000.0,-83901000.0,-546158000.0,1351799000.0,,,,0.0,,57504538624.0,0.422,,E2E.NS,,,,,0.3103400210152049,,96.70027497708524,8.211678832116789,77.63519706691109,,93.24817518248175,98.17518248175182,64.07678244972578,53.47490347490348,8.39622641509434,,85.20309477756285,21.686746987951807,6.226765799256506,94.19047619047619,57.148366975687836,Q4 (High)
2026-02-28,198.00999450683594,245.5,185.10000610351562,233.63999938964844,2911321,0.07643398343530339,0.027937904400048508,,,0.498430581005565,69.45060469217532,1.1879239904449532,,0,3401400000.0,1190700000.0,788500000.0,864500000.0,788500000.0,83000000.0,100000.0,,0.3500617392838243,0.2318163109307932,0.024401716940083494,0.2541600517433998,,,,,,,,,,,,,0.01737803966141227,-0.9847868323618901,0.03754994966903569,-0.7380050505050505,3.1602502406159765,13220261000.0,6177907000.0,5630732000.0,5185903000.0,,,,0.0,,37741568000.0,,,INDOSTAR.NS,,,,,0.3663988385733347,,66.54445462878094,18.613138686131393,87.07607699358387,,80.1094890510949,71.35036496350365,58.95795246800731,,19.339622641509436,,,13.160333642261355,17.750929368029738,34.76190476190476,47.84428448032049,Q3 (Medium)
2026-02-28,6.699999809265137,10.600000381469727,6.25,9.300000190734863,1927984553,0.45539912129133175,0.25845742337713884,,,0.5849488243875349,80.42553765679955,2.9278830895122656,,0,1516580000.0,1193980000.0,-240000.0,142200000.0,99260000.0,58520000.0,49530000.0,15600000.0,0.787284548128025,-0.00015825080114468079,0.038586820345778,0.09376359967822337,,,,,,,,,,,,,0.2815555311435791,-1.178960244648318,0.007239254024759667,-0.8260197407539541,-0.7213786076767835,5232710000.0,-101620000.0,78820000.0,-32260000.0,,,,0.0,,33822736384.0,-0.178,,EASEMYTRIP.NS,,,,,0.21645619928296123,,99.7250229147571,8.394160583941598,96.33363886342805,,97.17153284671532,98.8138686131387,57.495429616087755,32.239382239382245,17.264150943396224,,25.338491295938105,10.194624652455978,48.79182156133829,27.42857142857143,51.27937970394339,Q3 (Medium)
2026-02-28,2720.0,3087.0,2686.5,3054.39990234375,406735,0.036619685166723315,-0.09766620314807972,,,0.35484461959219404,70.6367097335052,0.6347198437891078,,0,9077000000.0,3827000000.0,1177000000.0,1227000000.0,1041000000.0,743000000.0,270000000.0,28000000.0,0.4216150710587198,0.12966839264074034,0.08185523851492783,0.13517682053541918,,,,,,,,,,,,,-0.08783036880715511,-0.18351648351648353,-0.1359352689195621,-0.31583793738489874,-0.2903412377096588,,,,,,,,0.0,,139098324992.0,0.066,3.27,AKZOINDIA.NS,,,,,0.2631116457312898,,14.023831347387716,53.74087591240876,88.26764436296976,,46.715328467153284,57.481751824817515,76.87385740402193,42.374517374517374,31.41509433962264,93.2824427480916,50.09671179883946,37.53475440222428,74.1635687732342,12.761904761904763,51.91548556781289,Q3 (Medium)
2026-02-28,58.9900016784668,61.119998931884766,54.060001373291016,55.4900016784668,269796,-0.0706748864630824,-0.27388114357458604,,,0.40464353117085566,40.414111102464986,0.35569516784925664,,0,1102600000.0,1050700000.0,-183800000.0,56400000.0,-178100000.0,-441400000.0,0.0,263300000.0,0.9529294395066207,-0.1666968982405224,-0.40032650099764194,0.0511518229639035,,,,,,,,,,,,,0.10780669144981414,0.4902093180283593,1.0098432373313888,0.2654816513761469,-1.62876254180602,3644100000.0,-1674000000.0,-785100000.0,-89300000.0,,,,0.0,,5134303744.0,0.005,,ACL.NS,,,,,0.42183888013878396,,2.474793767186068,38.32116788321168,16.773602199816683,,6.934306569343065,13.229927007299269,28.244972577696526,79.15057915057915,69.52830188679245,,43.7137330754352,82.39110287303059,14.312267657992564,95.80952380952381,42.725618563860465,Q2 (Low)
2026-02-28,39.45000076293945,44.0,36.11000061035156,36.880001068115234,2484739,-0.05046341598281545,-0.2907692102285532,,,0.42087756581036967,39.645346807577695,1.1678412252262214,,0,11820500000.0,2278900000.0,435900000.0,568700000.0,448700000.0,87800000.0,,360900000.0,0.1927921830717821,0.036876612664438896,0.007427773782834906,0.048111332007952284,,,,,,,,,,,,,-0.031614562852274264,-0.6423625254582485,0.014086802844813562,-0.35393671817512873,-0.13466220328667078,47010300000.0,1371500000.0,2777200000.0,3144400000.0,,,,0.0,,9629853696.0,-0.135,,INDORAMA.NS,,,,,0.26472602456126687,,64.71127406049496,34.12408759124088,15.3987167736022,,5.930656934306569,18.33941605839416,37.38574040219378,82.04633204633205,29.90566037735849,,29.593810444874276,20.296570898980537,,28.76190476190476,37.76627802331218,Q1 (Lowest)
2026-02-28,4625.0,4995.0,3525.0,3553.5,2697342,-0.15394873517825625,-0.20273273605217101,,,0.43073251984529587,8.991412588490292,1.3741697684966654,,0,10703320000.0,3926580000.0,2299540000.0,3063330000.0,2600240000.0,1919760000.0,583070000.0,99090000.0,0.3668562651588479,0.2148436186155324,0.17936117017897252,0.2862037199672625,,,,,,,,,,,,,0.14528396372181018,0.3550163045779866,0.2867103611769628,0.3688323541155667,0.33899675668114937,37569950000.0,6228860000.0,7943600000.0,10195400000.0,,,,0.0,,164596154368.0,0.459,0.03,ECLERX.NS,,,,,0.4320388772877736,,78.1851512373969,31.56934306569343,0.27497708524289644,,17.88321167883212,3.375912408759124,79.43327239488117,65.63706563706563,75.18867924528301,0.9160305343511451,87.33075435203095,77.8498609823911,83.64312267657994,79.9047619047619,52.07947621355129,Q3 (Medium)
2026-02-28,166.85000610351562,184.39999389648438,134.10000610351562,142.32000732421875,7001133,-0.12110162563167604,-0.3426631059300811,,,0.5001416011288934,33.11249603151046,1.5046080535369264,,0,10587190000.0,4439290000.0,1047680000.0,1527920000.0,1223670000.0,555640000.0,230060000.0,437960000.0,0.4193076727630278,0.09895732484256918,0.052482292279632276,0.144317802929767,,,,,,,,,,,,,9.190308071537817,10.146462316194908,0.10090227237041738,0.3954492942890151,0.020531933368065358,-9267780000.0,-108296000.0,-1470163000.0,-1006257000.0,,,,0.0,,6838704128.0,,,INDOFARM.NS,,,,,0.3563645042653539,,84.60128322639781,18.521897810218974,8.43263061411549,,2.5547445255474455,5.474452554744526,32.449725776965266,84.36293436293437,76.79245283018868,,,98.79518072289156,71.37546468401487,46.85714285714286,48.68119399767746,Q3 (Medium)
2026-02-28,196.47000122070312,217.5,157.4600067138672,158.1300048828125,6193210,-0.08266620023411331,-0.34076788217901643,,,0.4775935368164169,27.31667831329497,0.950994303307931,,0,2060710000.0,540400000.0,159690000.0,262160000.0,188300000.0,139430000.0,47250000.0,1620000.0,0.26223971349680447,0.07749270882365787,0.06766114591572807,0.12721828884219516,,,,,,,,,,,,,-0.03798644308335819,-0.045392304532383965,0.22481232949175922,0.0912577287313141,0.13190276758343766,7784160000.0,599027000.0,700625000.0,1068609000.0,,,,0.0,,9487800320.0,,1.52,ECOSMOBLTY.NS,,,,,0.45541988250515014,,42.529789184234644,22.90145985401459,4.399633363886343,,2.9197080291970803,10.766423357664232,36.92870201096892,9.507722007722009,57.35849056603774,77.48091603053436,,49.95366079703429,48.141263940520446,73.04761904761905,39.062359212628905,Q1 (Lowest)
2026-02-28,100.25,130.6999969482422,100.25,121.0999984741211,188371829,0.16330451728321727,0.0842510146568527,,,0.3826707793008949,67.84232161540567,1.8021390052186796,,0,38013800000.0,,,,,2638500000.0,5219000000.0,5893600000.0,,,0.0694090040985116,,,,,,,,,,,,,,2.0027172625159957,1.0547465150689197,1.5268748587457956,1.1214923212993488,,71372500000.0,5643700000.0,,,,,,0.0,,114713378816.0,0.456,1.24,EDELWEISS.NS,,,,,0.23600154391889555,,94.31714023831348,45.43795620437956,84.78460128322641,,88.32116788321169,88.77737226277372,73.6745886654479,94.6911196911197,89.24528301886792,70.07633587786259,87.04061895551257,90.08341056533827,97.02602230483272,97.23809523809524,80.04758081259878,Q5 (Highest)
2026-02-28,210.0,254.0,195.0,198.25999450683594,1414929,-0.04199083145470939,-0.22931003107158043,,,0.38961770765662496,40.44425287466582,1.3664340664991446,,0,4343400000.0,3139200000.0,-5000000.0,263400000.0,-56700000.0,-297900000.0,-18600000.0,256400000.0,0.7227517612929962,-0.001151171892987061,-0.06858682138416908,0.060643735322558366,,,,,,,,,,,,,-0.07945658393913058,2.7566204287515763,0.07923965710026093,0.12883668056081854,0.8990627253064167,17191369000.0,-1138969000.0,-435652000.0,858180000.0,,,,0.0,,18300045312.0,0.341,0.1,INDOCO.NS,,,,,0.36297856655557065,,78.00183318056828,43.79562043795621,16.86526122823098,,12.59124087591241,21.259124087591243,48.354661791590495,78.66795366795367,60.66037735849057,5.343511450381679,79.73887814313346,95.9221501390176,6.04089219330855,42.47619047619048,45.98117966868838,Q2 (Low)
2026-02-28,435.1000061035156,545.0,424.3999938964844,532.25,16696967,0.25205832123745586,0.08016235413495698,,,0.4011243889160559,79.66917654289102,1.6499314319032297,,0,10034000000.0,5086000000.0,1226000000.0,1552000000.0,1339000000.0,952000000.0,337000000.0,50000000.0,0.5068766194937213,0.12218457245365756,0.09487741678293801,0.15467410803268886,,,,,,,,,,,,,0.0365702479338843,-0.21581548599670508,0.18381311939594158,0.18114143920595538,0.1513353115727003,38105900000.0,4042520000.0,4849520000.0,6614160000.0,,,,0.0,,168080015360.0,-0.38,0.41,ELGIEQUIP.NS,,,,,0.3025742823175042,,90.28414298808433,39.50729927007299,95.69202566452796,,87.95620437956204,94.43430656934306,79.981718464351,54.536679536679536,64.71698113207547,30.0,15.377176015473887,35.49582947173309,76.85873605947955,66.47619047619048,62.08781933517156,Q5 (Highest)
2026-02-28,42.5,45.9900016784668,38.29999923706055,39.47999954223633,697440,-0.023497421611887392,-0.27969351298949274,,,0.5032979125054791,45.86685843400979,1.0027359083283613,,0,944927000.0,508869000.0,-24296000.0,47653000.0,5979000.0,-60102000.0,722000.0,65359000.0,0.5385273148084455,-0.02571203913106515,-0.06360491339542632,0.05043035070434013,5430285000.0,3053790000.0,3763181000.0,1667104000.0,3025285000.0,2813110000.0,99929000.0,1351159000.0,1.831793337428259,0.5623627489164933,1.0754236414502099,0.595115726011425,0.10416788387696863,2.9684384285242653,-0.04241467965029733,0.4560651210117015,-0.11076900110097221,3663569000.0,-280411000.0,-88477000.0,175035000.0,-0.16820246367353206,-0.05163835783941358,-0.01874157733683493,0.0,1.154977188121802,1975974016.0,-0.198,,ELGIRUBCO.NS,,,,,0.46833637252100513,,49.220898258478464,17.97445255474453,29.23923006416132,,6.569343065693431,27.28102189781022,17.915904936014627,58.011583011583014,78.77358490566037,,24.177949709864606,96.3855421686747,19.33085501858736,20.952380952380953,39.72218310291024,Q1 (Lowest)
2026-02-28,2195.199951171875,2310.699951171875,2143.5,2185.699951171875,1585281,-0.03484065313166451,-0.0666581665391821,,,0.29421164880208,45.83045818526495,0.64916510932146,,0,4015940000.0,3776620000.0,1267850000.0,2550050000.0,2476280000.0,1883100000.0,586670000.0,6510000.0,0.9404074762073139,0.31570441789468967,0.4689064079642624,0.634982096346061,43661180000.0,256740000.0,20264210000.0,23396970000.0,29331310000.0,12270110000.0,491710000.0,,0.010973215762553869,0.005880280835286632,2.3904683821090438,,0.07932165125779411,0.22644765893149055,0.13357213222571285,0.5562424072130443,0.5085482725982016,,,,8251050000.0,,,,1.0,,131294502912.0,0.23,1.37,INDIAMART.NS,1287690000.0,1272470000.0,-15220000.0,6746800000.0,0.4251928462178334,,15.307057745187901,72.26277372262774,28.964252978918424,,57.846715328467155,23.631386861313867,75.95978062157222,21.71814671814672,80.9433962264151,72.82442748091603,68.7137330754352,72.65987025023169,83.82899628252788,56.00000000000001,55.37736915278399,Q4 (High)
2026-02-28,151.89999389648438,169.5,135.0,136.10000610351562,1474199,-0.06383270372550387,-0.2569743546211922,,,0.43861476111731634,40.03693156057745,1.30409508130904,,0,2873180000.0,667800000.0,57040000.0,124700000.0,64750000.0,36630000.0,11610000.0,16510000.0,0.23242539625084402,0.01985256753840692,0.012748940198664894,0.043401388009104896,,,,,,,,,,,,,-0.2158265919933624,-0.644334401398194,0.10475055272517553,1.6182987848463188,0.2856995566553253,12518460000.0,405770000.0,446130000.0,864070000.0,,,,0.0,,6767667712.0,0.23,,ELIN.NS,,,,,0.3316807033334255,,74.70210815765353,30.018248175182478,15.857011915673693,,8.120437956204379,14.5985401459854,32.35831809872029,32.818532818532816,91.50943396226415,,68.7137330754352,20.203892493049118,32.899628252788105,47.904761904761905,41.31364313041674,Q2 (Low)
2026-02-28,50.25,52.939998626708984,45.0099983215332,46.29999923706055,8619202,-0.05741041848829731,-0.05548758048353586,,,0.3802006573715266,24.70892575058984,0.8111709425633786,,0,920836000.0,802085000.0,-4968000.0,237845000.0,10919000.0,-51654000.0,8560000.0,54013000.0,0.87104001146784,-0.005395097498360185,-0.05609467918282952,0.2582924646734055,,,,,,,,,,,,,1.2025301317208865,-0.8672379405354279,0.0024199526895438694,-2.6050088556069975,-0.24037150239375038,3362097000.0,146549000.0,281298000.0,1354362000.0,,,,0.0,,26204256256.0,0.046,,IMAGICAA.NS,,,,,0.29004757697427364,,27.68102658111824,47.080291970802925,2.841429880843263,,60.94890510948905,16.05839416058394,53.199268738574034,55.4054054054054,4.716981132075472,,47.63056092843327,15.291936978683967,31.226765799256505,26.571428571428573,35.91015968377964,Q1 (Lowest)
2026-02-28,168.35000610351562,236.64999389648438,165.99000549316406,214.89999389648438,435481573,0.2035843753762887,0.1032775924448397,,,0.3966939805572153,74.12037831941589,2.620195880445757,,0,9212891000.0,4407002000.0,1096083000.0,1566090000.0,1464761000.0,834866000.0,368685000.0,5461000.0,0.47835169221040386,0.11897275241832342,0.09061932893811508,0.16998898608482396,54567388000.0,197738000.0,27514652000.0,27052736000.0,31831236000.0,27223631000.0,742322000.0,6387000.0,0.007309353109423018,0.0036237395126920862,1.169250200313103,1.1690155879647355,0.05851583363330515,0.2765359498110882,0.3372508827295626,-0.1620503452705958,0.43224655905619835,35664932000.0,5374297000.0,5582747000.0,7383457000.0,0.198660017234486,0.09848917452306861,0.2048678859677817,1.0,1.537577714000164,120878931968.0,0.617,1.4,ENGINERSIN.NS,,,,,0.2923219686651231,,99.54170485792851,40.784671532846716,91.01741521539871,,89.87226277372264,90.96715328467153,74.58866544789763,19.015444015444018,38.67924528301887,73.5114503816794,94.77756286266924,74.60611677479147,78.3457249070632,84.66666666666667,70.02493893358657,Q5 (Highest)
2026-02-28,111.45999908447266,117.0,104.75,106.61000061035156,381322,-0.03911668731198992,-0.1850011268244407,,,0.33735420686002693,39.27813387025276,1.2684253213470917,,0,1629321000.0,904408000.0,-66762000.0,139056000.0,-81202000.0,-64238000.0,-55592000.0,37470000.0,0.5550827614693483,-0.04097535108183102,-0.039426239519407165,0.08534598154691433,,,,,,,,,,,,,0.18280758735189684,0.567353909967061,0.03692415589110176,-1.7027151202222854,-0.6246882658404137,5725234000.0,-38487000.0,-197818000.0,886304000.0,,,,0.0,,5082143232.0,0.124,1.88,ENIL.NS,,,,,0.2120603038571294,,72.50229147571035,58.57664233576642,14.665444546287809,,21.532846715328464,22.354014598540147,27.879341864716633,47.49034749034749,7.0754716981132075,82.67175572519085,57.350096711798834,84.15199258572753,3.066914498141264,34.38095238095238,42.24654084177476,Q2 (Low)
2026-02-28,2.740000009536743,2.940000057220459,2.5,2.509999990463257,838479,-0.05283022636448742,-0.14334473267052972,,,0.39187516546604473,44.30380434470972,1.153644760004968,,0,,,,,,,,,,,,,,,,,,,,,,,,,,,,,,,,,,,,,,,825689664.0,-0.627,,IL&FSTRANS.NS,,,,,0.21073567836111795,,63.15307057745188,42.97445255474452,25.20623281393217,,32.481751824817515,17.60948905109489,9.049360146252285,,,,6.479690522243714,,,,39.79693649936913,Q1 (Lowest)
2026-02-28,1148.800048828125,1216.0,1051.0,1079.199951171875,1375043,-0.02493684174072175,0.016100156274369448,,,0.4102537880488564,35.411923763446566,0.9414157686551284,,0,17065180000.0,1725920000.0,579760000.0,642080000.0,544100000.0,276260000.0,65210000.0,140110000.0,0.1011369349751951,0.033973271890481084,0.0161885195468199,0.03762515250351886,,,,,,,,,,,,,0.08629820974341618,-0.1257871586342204,0.25571966363403575,0.08601305134051418,0.11646670144322724,59900450000.0,1127130000.0,1930880000.0,2389810000.0,,,,0.0,,46956998656.0,-0.17,,ENTERO.NS,,,,,0.4302716036104619,,41.24656278643447,36.40510948905109,10.540788267644363,,78.19343065693431,26.916058394160586,61.97440585009141,71.13899613899613,57.07547169811321,,26.063829787234045,42.81742354031511,52.32342007434945,76.19047619047619,48.725731524920036,Q3 (Medium)
2026-02-28,23.399999618530273,29.690000534057617,21.0,22.540000915527344,1330862,-0.09112896738141485,-0.15832709717713123,,,0.4744220667095267,51.169188896765476,2.28580633702377,,0,545300000.0,120700000.0,-54200000.0,9900000.0,-8800000.0,-12600000.0,0.0,8900000.0,0.22134604804694663,-0.09939482853475151,-0.023106546854942234,0.01815514395745461,16454900000.0,26717200000.0,48451500000.0,-31996600000.0,5393800000.0,43980900000.0,272700000.0,188200000.0,-0.835001218879506,1.623662252581298,0.12263960037197966,0.11836047011316277,0.3229015041242116,-0.8643702906350915,-0.17240855972074665,-0.8824626865671642,-1.1148491879350348,2644900000.0,-17100000.0,-316400000.0,56400000.0,0.0005344317833769838,-0.0010392041276458684,0.059931052771148234,0.0,-5.3773587198949855,2955469312.0,-0.357,,IL&FSENGG.NS,,,,,0.2127103751357618,,98.25847846012832,23.540145985401466,42.71310724106325,,28.467153284671532,9.397810218978101,22.486288848263253,25.0,16.50943396226415,,16.53771760154739,15.477293790546803,14.312267657992564,10.761904761904761,31.56410678751743,Q1 (Lowest)
2026-02-28,233.00999450683594,273.9100036621094,222.82000732421875,251.72999572753906,7526770,0.005110795747230057,-0.028444655354550985,,,0.5257688513452917,63.95875391086318,0.7990905588283049,,0,4277534000.0,712831000.0,180853000.0,321293000.0,185187000.0,25892000.0,24492000.0,134803000.0,0.16664531480053693,0.042279734071079274,0.00605302026821996,0.07511173493886898,,,,,,,,,,,,,1.0057590970005994,-1.1163894632742966,0.13511427876168303,0.031759314604502986,0.14580948407136773,18772188000.0,409495000.0,1068759000.0,1712342000.0,,,,0.0,,24223594496.0,0.271,,EPACK.NS,,,,,0.28108752758249256,,26.85609532538955,14.324817518248182,76.993583868011,,67.7919708029197,40.693430656934304,52.55941499085923,70.65637065637065,51.886792452830186,,73.0174081237911,10.936051899907321,39.869888475836426,56.285714285714285,48.7914359371208,Q3 (Medium)
2026-02-28,975.7000122070312,1073.5,904.5999755859375,940.4000244140625,1211429,-0.13223210594671797,-0.35381021585801764,,,0.45255600692056674,52.449893655759354,1.0334597644696197,,0,5971200000.0,2389900000.0,599900000.0,1082600000.0,655100000.0,391100000.0,154500000.0,109500000.0,0.40023780814576637,0.10046556806002144,0.06549772240085745,0.18130359056806003,,,,,,,,,,,,,0.016616725687823575,-0.2364310816087466,-0.07457690161800257,-0.6225996333108174,-0.4068270231768122,23829200000.0,3379100000.0,4113200000.0,5802800000.0,,,,0.0,,40570114048.0,-0.335,1.17,EPIGRAL.NS,,,,,0.3046100123606127,,52.06232813932172,27.1897810218978,45.8295142071494,,2.18978102189781,4.744525547445255,60.51188299817185,67.66409266409266,21.69811320754717,68.24427480916032,17.408123791102515,34.19833178869324,65.61338289962825,18.19047619047619,39.03630721910561,Q1 (Lowest)
2026-02-28,6.010000228881836,7.0,5.900000095367432,6.050000190734863,966426,0.03066444781687383,-0.21834620547271077,,,0.44807258306029646,50.0,0.8168132519191944,,0,275244000.0,49985000.0,-396000.0,18553000.0,13634000.0,7737000.0,1887000.0,5563000.0,0.18160250541337866,-0.0014387234599119326,0.02810960456903693,0.06740564735289416,1538845000.0,259895000.0,540262000.0,998583000.0,1187550000.0,462107000.0,50673000.0,476515000.0,0.26026379379580866,0.16888965425367727,2.5698593615764316,1.5386804354835568,0.5582730391657325,2.7250842561386617,1.0296433943898768,0.9792785878741366,0.34403071573456967,888790000.0,18341000.0,-20880000.0,64312000.0,0.01836702607594962,0.011918679269192154,-0.01659147001377855,1.0,2.08099581179391,630564608.0,-0.421,,AKI.NS,,,,,0.432673065938674,,28.230980751604033,28.102189781021906,39.73418881759853,,14.142335766423358,54.01459854014598,7.40402193784278,19.44980694980695,87.73584905660378,,13.152804642166343,95.8294717330862,22.769516728624538,96.0,43.7710509803283,Q2 (Low)
2026-02-28,1572.0,1772.5,1525.800048828125,1594.4000244140625,3052825,-0.041999652925132636,0.0025150905046507077,,,0.33256721613295787,48.61557723898226,0.9355557882416792,,0,8149500000.0,4090410000.0,2495560000.0,2847600000.0,2527130000.0,1833280000.0,460420000.0,233430000.0,0.5019215902816123,0.30622246763605127,0.22495613227805386,0.3494202098288239,,,,,,,,,,,,,0.10114242090542436,0.20977438151235006,0.2678462249312754,0.6210088863344976,0.47112612752239547,29361620000.0,6123430000.0,8156020000.0,9626570000.0,,,,0.0,,267081039872.0,,,IKS.NS,,,,,0.46070066976076596,,40.60494958753437,59.85401459854015,36.48029330889093,,74.45255474452554,21.16788321167883,84.73491773308957,76.83397683397683,82.83018867924528,,,71.82576459684893,81.50557620817844,78.0952380952381,60.5590238398498,Q5 (Highest)
2026-02-28,192.1999969482422,228.0,188.1999969482422,212.6999969482422,8153968,0.036802355722064695,0.07925712894288295,,,0.2786751303450617,67.88416150510668,1.0362805601226925,,0,11488000000.0,6963000000.0,1340000000.0,2324000000.0,1356000000.0,817000000.0,237000000.0,288000000.0,0.6061107242339833,0.11664345403899722,0.07111768802228412,0.20229805013927576,,,,,,,,,,,,,-0.04735052657765981,-0.2166826462128476,0.13260376614413882,-0.12620320855614975,0.08496732026143783,45161000000.0,4003000000.0,6027000000.0,9652000000.0,,,,0.0,,68130082816.0,0.312,2.35,EPL.NS,,,,,0.24266410276573544,,52.97891842346472,77.46350364963504,84.87626031164069,,87.77372262773723,57.75547445255474,66.91042047531994,79.72972972972973,41.0377358490566,87.55725190839695,77.321083172147,35.403151065801666,72.11895910780669,55.61904761904762,65.10301722615591,Q5 (Highest)
2026-02-28,151.0,160.47999572753906,141.7899932861328,145.72000122070312,1873302,-0.05025087546846463,-0.24583376306753935,,,0.3127736149077339,49.01588585831868,1.3412853376599656,,0,1455880000.0,642970000.0,138680000.0,248430000.0,168280000.0,91890000.0,40180000.0,20460000.0,0.44163667335219936,0.09525510344259142,0.06311646564277276,0.1706390636590928,,,,,,,,,,,,,-0.11343596239099718,-0.08403110047846885,0.19809736989367654,0.16641279512566642,0.32978267851407783,5422280000.0,192540000.0,297880000.0,644000000.0,,,,0.0,,11280552960.0,0.053,,IKIO.NS,,,,,0.313543494931048,,76.7186067827681,66.42335766423358,37.39688359303391,,9.48905109489051,18.52189781021898,39.853747714808044,36.293436293436294,63.49056603773585,,48.54932301740813,46.80259499536608,46.6542750929368,68.95238095238095,47.27640806994781,Q3 (Medium)
2026-02-28,18.1299991607666,18.899999618530273,17.0,17.690000534057617,56477,-0.10203046451973452,0.044273906514473715,,,0.4225564255771043,44.88637995375762,0.5122789454416586,,0,108641000.0,108641000.0,3452000.0,4889000.0,3452000.0,1343000.0,1138000.0,153000.0,1.0,0.031774376156331406,0.01236181552084388,0.045001426717353486,305690000.0,98132000.0,168609000.0,87195000.0,202773000.0,67055000.0,54804000.0,,1.1254315041000058,0.3210180247963623,3.0239803146670643,,0.14208672798948752,-0.5148121387283238,21.65714285714286,-1.255955784257671,-2.5639795265515035,265878000.0,6008000.0,27392000.0,31605000.0,0.06890303343081598,0.019653897739540058,0.14780361199393505,1.0,1.8391318001897345,1852934656.0,-1.142,,EQUIPPP.NS,,,,,0.31788735132031815,,6.8744271310724105,33.57664233576642,26.306141154903756,,82.93795620437956,8.02919708029197,17.641681901279707,4.1505791505791505,10.660377358490566,,1.6441005802707929,23.44763670064875,20.817843866171003,99.04761904761905,32.34228016743154,Q1 (Lowest)
2026-02-28,139.66000366210938,145.0,120.19999694824219,129.47999572753906,788592,-0.05475252032360933,-0.25981820643233045,,,0.3908013159557207,40.598283432520134,1.1518641261380573,,0,48838000.0,36741000.0,79833000.0,84780000.0,79833000.0,60964000.0,17124000.0,,0.7523035341332569,1.634649248535976,1.2482902657766493,1.7359433228223924,,,,,,,,,,,,,0.1375398877320475,-2.8513772055027484,-0.3235359299684193,-2.180740625968392,-2.226757730541608,265168000.0,55459000.0,54859000.0,111836000.0,,,,0.0,,2919456768.0,-0.233,,IITL.NS,,,,,0.2678214424364499,,62.96975252062328,43.339416058394164,17.506874427131073,,8.02919708029197,16.78832116788321,22.212065813528337,,5.566037735849057,,21.760154738878143,3.8924930491195555,36.98884758364313,5.809523809523809,29.65751226565771,Q1 (Lowest)
2026-02-28,69.55999755859375,71.18000030517578,64.29000091552734,67.44000244140625,41290209,-0.006335645907977194,0.0540794455130591,,,0.28188427229894464,44.61415707982784,0.6363547865881848,,0,11410842000.0,,,,,900278000.0,236978000.0,8400500000.0,,,0.0788967194533059,,,,,,,,,,,,,,0.05907543504044743,-1.4023349673516614,0.12957473708885425,2.4952343607443326,,42333787000.0,-253254000.0,,,,,,0.0,,77170188288.0,-0.037,,EQUITASBNK.NS,,,,,0.30096416878061044,,14.207149404216315,76.36861313868613,25.847846012832264,,84.21532846715328,34.67153284671533,68.73857404021938,95.65637065637065,94.24528301886792,,38.78143133462282,8.063021316033364,72.02602230483272,54.761904761904766,54.50553848683033,Q4 (High)
2026-02-28,814.2000122070312,1019.9500122070312,807.0,968.25,45706888,0.10191190002153983,-0.06040756914119361,,,0.4584326516714662,69.15843943457077,0.6801110498938165,,0,26180000000.0,26060000000.0,13550000000.0,24490000000.0,15630000000.0,-410000000.0,-370000000.0,16980000000.0,0.9954163483575248,0.5175706646294882,-0.01566080977845684,0.9354469060351414,,,,,,,,,,,,,-0.31105263157894736,-1.0575035063113605,-0.12878535773710487,-1.1485507246376812,-0.024691358024691357,117160000000.0,13940000000.0,65250000000.0,104500000000.0,,,,0.0,,1594878328832.0,0.716,,ADANIGREEN.NS,,,,,0.45171253442072185,,17.78185151237397,26.186131386861305,86.98441796516957,,60.03649635036496,78.46715328467153,96.80073126142597,96.91119691119691,11.69811320754717,,96.61508704061895,12.140871177015756,0.6505576208178439,13.142857142857142,49.82769765739474,Q3 (Medium)
2026-02-28,295.9935715401221,340.0,292.52586442584453,321.1499938964844,10067381,-0.06936350344642905,0.032788552045866615,,,0.4705416927388757,56.68733529892785,0.9864562111455268,,0,4720904000.0,1672174000.0,591614000.0,3245441000.0,3075736000.0,1868689000.0,663937000.0,533341000.0,0.35420631302818273,0.12531794757953138,0.39583287438168624,0.6874617657973981,,,,,,,,,,,,,0.01126400932241145,1.2138609099072841,0.000341576660227938,-0.05208226596637244,0.05001874894243996,18964992000.0,5745660000.0,3327369000.0,9758812000.0,,,,0.0,,99995623424.0,0.351,0.93,IIFLCAPS.NS,,,,,0.3742878698002132,,47.112740604949586,23.996350364963504,57.56186984417965,,81.02189781021897,13.686131386861314,72.0292504570384,86.10038610038609,45.28301886792453,59.541984732824424,80.70599613152805,91.47358665430954,84.66542750929368,25.61904761904762,57.91984587223503,Q4 (High)
2026-02-28,1375.0,1529.0,1316.199951171875,1342.4000244140625,1089806,-0.03047808169577404,-0.19597505747270139,,,0.3620560273672486,45.053087637314405,1.1297624938824498,,0,8008900000.0,5775900000.0,2112700000.0,2645100000.0,1941700000.0,997200000.0,365200000.0,488200000.0,0.7211851814855973,0.2637940291425789,0.12451148097741263,0.33027007454207197,,,,,,,,,,,,,0.013592355881794527,-0.17031367002246445,0.10908159308702148,0.19239507353820406,0.04002673691660452,30652000000.0,4313500000.0,8127100000.0,10965000000.0,,,,0.0,,182857564160.0,-0.227,0.97,ERIS.NS,,,,,0.3650090534126758,,60.67827681026581,52.372262773722625,26.581118240146655,,19.06934306569343,24.72627737226277,81.07861060329068,85.8108108108108,65.28301886792453,61.45038167938931,22.340425531914892,38.46153846153847,78.06691449814126,49.42857142857143,51.02317000957817,Q3 (Medium)
2026-02-28,5385.820295881382,5873.630469234217,5385.820295881382,5486.0,56012,0.007243514518316729,-0.036063968136388125,,,0.3104155128891739,45.45412805613896,0.945638695785329,,0,3788300000.0,1644200000.0,713900000.0,631300000.0,588100000.0,430000000.0,151800000.0,6300000.0,0.4340205369162949,0.1884486445107304,0.11350737797956867,0.16664466911279466,,,,,,,,,,,,,-0.00712881666885079,-0.45707070707070707,0.12249251829683838,0.06488360574541852,0.07896086139121516,14731100000.0,2105700000.0,2580100000.0,2964300000.0,,,,0.0,,84573659136.0,0.07,2.1,ESABINDIA.NS,,,,,0.2606762431543025,,41.888175985334556,66.87956204379563,27.864344637946836,,66.14963503649635,42.60948905109489,69.83546617915904,21.428571428571427,55.37735849056604,85.0381679389313,50.67698259187621,24.467099165894346,65.14869888475836,53.047619047619044,51.36074469880293,Q3 (Medium)
2026-02-28,475.75,533.2999877929688,475.75,497.6000061035156,26777085,-0.19518047799852756,-0.0717003412970838,,,0.42960340160027966,51.157302761773394,0.45161803804253453,,0,19830200000.0,,,,,4643000000.0,1615900000.0,14370100000.0,,,0.23413783017821302,,,,,,,,,,,,,,0.18708171206225677,0.9897150203556888,0.2502648037929991,-3.9445712836123796,,63968200000.0,9460300000.0,,,,,,0.0,,211593428992.0,0.135,0.8,IIFL.NS,,,,,0.3845536947725867,,4.491292392300641,31.751824817518255,42.529789184234644,,56.38686131386861,1.824817518248175,83.27239488117002,96.52509652509652,2.9245283018867925,55.267175572519086,58.70406189555126,89.62001853568118,92.56505576208178,75.71428571428571,52.77181349429618,Q3 (Medium)
2026-02-28,29.329999923706055,29.969999313354492,27.280000686645508,27.469999313354492,6386096,-0.04915195937327521,0.011413824288806884,,,0.39646540447105677,41.87815723037525,0.5871667081695394,,0,7017200000.0,,,,,71200000.0,20100000.0,4617200000.0,,,0.01014649717836174,,,,,,,,,,,,,,0.37802914261026666,-1.0614800103617994,0.1716618523651301,-1.033760075865339,,23629844000.0,-3730995000.0,,,,,,0.0,,14164224000.0,0.468,,ESAFSFB.NS,,,,,0.2766397607853858,,10.907424381301558,41.058394160583944,20.256645279560036,,77.00729927007299,19.16058394160584,45.063985374771484,94.4980694980695,13.49056603773585,,88.00773694390716,11.955514365152919,38.38289962825279,63.8095238095238,44.906576179369196,Q2 (Low)
2026-02-28,17.59000015258789,18.200000762939453,16.34000015258789,16.68000030517578,389752,-0.019976506665297933,-0.2639011289719525,,,0.6366544740708505,30.180158894491612,0.7054613801023009,,0,206649000.0,206649000.0,131651000.0,157080000.0,134853000.0,105670000.0,6074000.0,23109000.0,1.0,0.6370754274155694,0.5113501638043252,0.7601294949406966,1977258000.0,1432618000.0,1881800000.0,161574000.0,463262000.0,1058529000.0,35456000.0,8139000.0,8.866636958916658,0.7245478334137477,0.43764696101854555,0.4299579888694594,1.0091293568616013,5.416686907942677,0.36914392478781966,0.6131100493077075,0.38835612200705305,418425000.0,-911425000.0,131916000.0,-518782000.0,-5.6409137608773685,-0.46095400802525516,0.08274787478547126,0.0,0.1898199931420179,805693376.0,-0.025,,ENERGYDEV.NS,,,,,0.47628589430258506,,19.24839596700275,4.8357664233576685,5.957836846929423,,7.664233576642336,28.558394160583944,8.683729433272395,39.189189189189186,82.64150943396227,,40.522243713733076,97.86839666357739,28.99628252788104,86.38095238095238,40.03646202113892,Q1 (Lowest)
2026-02-28,45.900001525878906,47.779998779296875,42.20000076293945,47.779998779296875,98969,0.13169108000563812,-0.06405485811231437,,,0.28162996400900575,70.02117479714221,0.5893784756081185,,0,208300000.0,162300000.0,-248100000.0,-78800000.0,-95600000.0,-272400000.0,0.0,176800000.0,0.7791646663466154,-1.1910705712914067,-1.3077292366778686,-0.3783005280844935,,,,,,,,,,,,,-0.19357336430507166,-0.30296827021494366,-0.2863994518670777,-0.46879875195007803,-0.7522791574976423,1109900000.0,-1298400000.0,-1527600000.0,-503900000.0,,,,0.0,,57531498496.0,-0.239,,HMT.NS,,,,,0.27179222061344266,,10.999083409715857,76.45985401459853,87.80934922089826,,58.85036496350365,84.76277372262774,64.25959780621572,74.42084942084942,25.849056603773583,,21.663442940038685,30.954587581093605,14.312267657992564,6.571428571428571,47.127510394182416,Q3 (Medium)
2026-02-28,1163.199951171875,1477.699951171875,1116.0999755859375,1267.9000244140625,3105635,0.1601244359874756,-0.026489557242999284,,,0.581300063447467,59.826274012298484,0.8841789500558764,,0,7028300000.0,3536600000.0,1489600000.0,1860500000.0,1707000000.0,1312900000.0,299700000.0,92700000.0,0.5031942290454307,0.2119431441458105,0.18680192934279982,0.26471550730617643,,,,,,,,,,,,,0.09553574212052252,0.42258099469064914,0.01576771881142336,0.050151975683890626,-0.016545089332910434,25248000000.0,3642200000.0,4326600000.0,5616200000.0,,,,0.0,,68433625088.0,-0.135,1.97,IMFA.NS,,,,,0.32627141349365524,,34.92208982584785,8.485401459854018,65.71952337305224,,68.24817518248175,88.41240875912408,67.09323583180988,64.28571428571429,54.05660377358491,83.89312977099237,29.593810444874276,80.16682113067655,75.18587360594795,29.428571428571427,56.63275725816877,Q4 (High)
2026-02-28,2450.0,2627.0,2380.10009765625,2465.199951171875,1385259,0.011571584395517087,-0.08979469795483996,,,0.2730136457225843,54.607504693245474,1.1407643590093535,,0,36082200000.0,15145600000.0,2992200000.0,4935400000.0,3156300000.0,2216400000.0,790300000.0,149600000.0,0.41975267583462206,0.08292731596188703,0.06142640969785656,0.13678212525843766,,,,,,,,,,,,,0.007089387689027005,-0.024772297267567245,0.2619860378572727,0.20201746298606205,0.25111539241533154,132839750000.0,9203930000.0,11657020000.0,19393000000.0,,,,0.0,,346762051584.0,0.542,0.41,ENDURANCE.NS,,,,,0.3606011392267473,,62.236480293308894,79.56204379562044,51.787351054078826,,49.81751824817518,45.43795620437956,87.11151736745887,72.39382239382239,65.66037735849056,30.0,91.87620889748548,51.43651529193698,86.15241635687732,77.04761904761904,63.36798842061691,Q5 (Highest)
2026-02-28,885.0,1003.6500244140625,841.5,946.5999755859375,1526064,0.12182980478804106,-0.15988464558603288,,,0.3695395305345489,65.3975962311131,0.8232590604804009,,0,11024000000.0,4106800000.0,1342500000.0,1786400000.0,1374200000.0,675700000.0,230400000.0,468100000.0,0.37253265602322205,0.12177975326560232,0.06129354136429608,0.16204644412191582,,,,,,,,,,,,,0.009338948910456057,0.03857977251767597,0.13043478260869557,0.1894032740714664,0.24958030218242855,40244724000.0,2699045000.0,5241311000.0,6526784000.0,,,,0.0,,63619235840.0,0.042,0.53,INDIAGLYCO.NS,,,,,0.4587405040779657,,28.780934922089823,50.45620437956204,79.83501374885427,,28.01094890510949,83.21167883211679,65.90493601462522,85.03861003861005,65.09433962264151,39.00763358778626,47.38878143133462,58.01668211306765,71.46840148698885,55.14285714285714,57.157134815042916,Q4 (High)
2026-02-28,469.4264367459372,521.7496277385667,464.4362297441913,479.6000061035156,13028264,-0.0028856013252447354,-0.05446044884741341,,,0.20391349091784058,52.651117126023216,1.3997206824794035,,0,11518100000.0,8135500000.0,3388800000.0,3932900000.0,3479700000.0,3194800000.0,255700000.0,29200000.0,0.706323091482102,0.2942151917416935,0.2773721360293798,0.34145388562349693,,,,,,,,,,,,,0.4424490613768144,1.1535557802494103,0.09750543126119604,0.14513064984408053,0.12651810265811192,37733434000.0,7942681000.0,8180030000.0,10650837000.0,,,,0.0,,209365204992.0,-0.016,2.5,EMAMILTD.NS,,,,,0.2891327366852905,,79.65169569202565,95.25547445255475,46.2878093492209,,61.131386861313864,36.67883211678832,83.18098720292505,42.857142857142854,61.79245283018868,88.85496183206106,41.63442940038685,91.19555143651529,73.3271375464684,46.38095238095238,63.215254263902935,Q5 (Highest)
2026-02-28,849.9000244140625,1040.0,842.7999877929688,998.0999755859375,23674588,0.10986321487164741,0.004528985618529546,,,0.4316043700009722,68.20076687392778,0.7846798511500602,,0,67296500000.0,33454700000.0,18395500000.0,22101900000.0,17140000000.0,5523100000.0,2261700000.0,9129500000.0,0.4971239217492737,0.2733500256328338,0.08207113297125408,0.32842569821610335,,,,,,,,,,,,,-0.013143616334862385,0.07772010615048397,0.08828856509856564,-0.18171447196870927,0.16864596772487883,255328300000.0,22737200000.0,71831600000.0,81957400000.0,,,,0.0,,1201217601536.0,0.518,,ADANIENSOL.NS,,,,,0.403212419426398,,25.481209899175067,31.478102189781026,85.4262144821265,,74.90875912408758,80.2919708029197,94.9725776965265,95.84942084942085,37.924528301886795,,90.37717601547389,62.557924003707136,94.05204460966543,44.095238095238095,64.49434440466725,Q5 (Highest)
2026-02-28,440.0,475.0,412.6000061035156,423.20001220703125,5468525,-0.06598983335624453,0.0483031939815739,,,0.39081110417787,28.562741125091208,0.8312112053898881,,0,11142600000.0,8732000000.0,43300000.0,942900000.0,195600000.0,-26700000.0,-18700000.0,241000000.0,0.7836591100820275,0.0038859871125231094,-0.002396209143287922,0.0846211835657746,,,,,,,,,,,,,0.0873587446571813,-0.9799097065462754,0.09044468801377903,-0.9921269129832218,-1.4153378556955334,42761361000.0,14122000.0,-2744226000.0,3840871000.0,,,,0.0,,196722507776.0,0.066,,INDIACEM.NS,,,,,0.330938363532278,,29.605866177818513,43.24817518248175,5.0412465627864345,,83.3941605839416,14.324817518248176,82.08409506398537,77.8957528957529,14.528301886792452,,50.09671179883946,13.253012048192772,5.947955390334572,44.285714285714285,40.913720626325876,Q2 (Low)
2026-02-28,84.98999786376953,94.0,81.80999755859375,86.44000244140625,299311,0.10735338387017324,-0.08616126664569568,,,0.24758538509947167,61.01060214632066,1.1283732454314044,,0,5004500000.0,1721000000.0,458900000.0,582700000.0,441700000.0,169900000.0,94600000.0,177200000.0,0.3438904985513038,0.09169747227495255,0.03394944549905085,0.11643520831251873,,,,,,,,,,,,,0.1106056234881605,1.582066869300912,0.10156060839514858,8.994117647058824,0.845739626227431,18750400000.0,338000000.0,1127700000.0,1662400000.0,,,,0.0,,5232848384.0,-0.241,1.85,EMAMIPAP.NS,,,,,0.3460161996759423,,60.49495875343721,86.31386861313868,69.56920256645279,,51.18613138686131,79.74452554744525,28.519195612431442,74.5173745173745,98.0188679245283,81.75572519083968,21.37330754352031,92.86376274328082,58.45724907063197,47.14285714285714,63.330468440853295,Q5 (Highest)
2026-02-28,67.25,81.98999786376953,66.25,66.91999816894531,203257,-0.044818719655568606,-0.24144188117239807,,,0.4792453499394151,46.175050148407735,1.1361120861608107,,0,48912000.0,18287000.0,-268389000.0,-192800000.0,-196203000.0,-372766000.0,-63971000.0,240534000.0,0.3738755315668956,-5.4871810598626105,-7.621156362446843,-3.9417729800457963,,,,,,,,,,,,,-0.4665736035073178,0.04884259454653406,-0.9145252246002108,0.9144578375130321,-5.8328069383867245,315472000.0,-2033021000.0,-1613727000.0,-1255456000.0,,,,0.0,,2933363712.0,-0.391,,EMAMIREAL.NS,,,,,0.3753669972549754,,61.3198900091659,22.62773722627736,29.97250229147571,,10.31021897810219,20.164233576642335,22.394881170018284,77.7027027027027,86.9811320754717,,14.506769825918761,58.94346617238183,2.6022304832713754,1.1428571428571428,37.24457477695235,Q1 (Lowest)
2026-02-28,220.9600067138672,230.99000549316406,215.0,221.39999389648438,25673,0.06080200648938994,-0.11084339800608689,,,0.3681295590493893,50.654846783133515,0.4021594193338827,,0,803787000.0,344993000.0,-12624000.0,29811000.0,-12170000.0,-46156000.0,15457000.0,18529000.0,0.4292094796258213,-0.015705653363391046,-0.05742317305455301,0.03708818380988994,,,,,,,,,,,,,-0.09992676568602854,2.3715120525931335,-0.11365726497422968,-4.877026459470811,-0.533466877415922,3573814000.0,-38865000.0,21553000.0,190059000.0,,,,0.0,,1778528128.0,-0.017,0.34,AKSHARCHEM.NS,,,,,0.3027920515922106,,3.3913840513290556,50.63868613138686,41.06324472960587,,42.33576642335766,67.24452554744525,17.45886654478976,34.36293436293436,2.4528301886792456,24.961832061068705,41.441005802707934,95.45875810936052,35.594795539033456,14.761904761904763,38.07776895024023,Q1 (Lowest)
2026-02-28,664.0,713.9000244140625,646.7000122070312,674.9500122070312,24891443,0.03266529592806955,-0.0794462616342021,,,0.20723520365291137,54.70412373116264,0.57849715296299,,0,28419600000.0,19235600000.0,9255000000.0,14096000000.0,12592800000.0,9032300000.0,2691400000.0,558200000.0,0.6768427423327563,0.32565553350504584,0.3178193922504187,0.49599572126279046,,,,,,,,,,,,,0.39238050443882644,2.047643148766744,0.5562832672551639,0.6286739514587616,0.6151616192866063,95478700000.0,23042200000.0,29013200000.0,39824100000.0,,,,0.0,,960745570304.0,-0.433,0.33,INDHOTEL.NS,,,,,0.5318707959779502,,10.540788267644363,94.7992700729927,52.15398716773603,,53.83211678832117,54.653284671532845,93.6928702010969,86.38996138996139,82.9245283018868,23.969465648854964,12.572533849129593,94.90268767377201,94.79553903345726,92.38095238095238,63.17386569648923,Q5 (Highest)
2026-02-28,65.0,70.87999725341797,60.7400016784668,60.93000030517578,16927057,-0.0265218060930692,-0.25522549659610183,,,0.5082588170514966,44.39436739585116,0.6806934267742629,,0,2124040000.0,-109380000.0,-1724070000.0,-1051490000.0,-1251690000.0,-2331360000.0,-50580000.0,1134720000.0,-0.05149620534453212,-0.8116937534133067,-1.0976064480894898,-0.49504246624357356,,,,,,,,,,,,,-0.6880627504886778,0.40571242515782435,-0.5532775852205808,5.789643824445933,-2.3406219320949093,24700040000.0,-2383260000.0,2299590000.0,4273710000.0,,,,0.0,,84694736896.0,0.437,,EMBDL.NS,,,,,0.4724469698864325,,17.873510540788267,17.153284671532845,25.481209899175067,,8.394160583941606,26.459854014598537,69.92687385740403,90.54054054054053,96.98113207547169,,86.073500967118,79.51807228915662,3.2527881040892193,3.0476190476190474,44.980169772762366,Q2 (Low)
2026-02-28,480.45001220703125,510.75,460.5,485.04998779296875,6899488,0.008839434500630627,-0.049014803643417815,,,0.20673626980448243,47.1669929761059,1.4310357442777581,,0,9421000000.0,,1199000000.0,1789000000.0,1393000000.0,1029000000.0,318000000.0,46000000.0,,0.12726886742384036,0.1092240738775077,0.18989491561405372,,,,,,,,,,,,,0.23830178759200837,-0.115979381443299,0.3717239370995924,0.12213740458015265,0.21288135593220336,31789000000.0,4466000000.0,4922000000.0,6989000000.0,,,,0.0,,116565819392.0,,0.41,INDGN.NS,,,,,0.24135260736361097,,82.03483043079743,94.8905109489051,32.44729605866178,,62.77372262773723,43.43065693430657,74.04021937842778,52.41312741312741,60.0,30.0,,43.83688600556071,75.8364312267658,86.47619047619047,59.211991433365355,Q4 (High)
2026-02-28,1505.300048828125,1565.199951171875,1419.5999755859375,1437.9000244140625,1928038,-0.07702676559436661,0.05595951823058365,,,0.3076188135886155,45.51782051299479,0.6973677898295693,,0,23634780000.0,14010480000.0,3554380000.0,4564470000.0,3517670000.0,2305410000.0,824220000.0,379750000.0,0.5927907939062687,0.1503876913599365,0.0975431123116018,0.19312513169151563,,,,,,,,,,,,,0.04126138525399781,-0.05307971609765716,0.20424022867275027,0.49972677951106537,0.2732027347051489,87623560000.0,8699150000.0,12874410000.0,17127170000.0,,,,0.0,,272586358784.0,,0.21,EMCURE.NS,,,,,0.43252084091227755,,18.881759853345553,67.88321167883211,28.047662694775433,,84.3978102189781,11.952554744525548,85.0091407678245,82.81853281853282,79.81132075471699,14.122137404580155,,49.119555143651525,86.80297397769516,69.80952380952381,55.24374559113211,Q4 (High)
2026-02-28,35.130001068115234,38.119998931884766,34.7599983215332,36.5099983215332,742273,0.019547526428308926,-0.02821403731437999,,,0.564128499033568,62.78710972413865,0.4956492536901601,,0,61396000.0,37527000.0,25960000.0,26567000.0,25984000.0,19166000.0,6653000.0,165000.0,0.6112287445436185,0.42282884878493715,0.3121701739527005,0.43271548635090235,,,,,,,,,,,,,-0.03072211171102901,-0.10393192762634995,-0.21933728352363757,-0.41922972031150574,-0.41021201021201026,182261000.0,63673000.0,36914000.0,94077000.0,,,,0.0,,1633746176.0,-0.334,,INDBANK.NS,,,,,0.2650255593988884,,6.14115490375802,9.489051094890513,73.96883593033914,,67.88321167883211,48.996350364963504,15.904936014625228,4.247104247104247,27.735849056603772,,17.504835589941973,45.13438368860056,29.64684014869888,8.476190476190476,33.67524954630323,Q1 (Lowest)
2026-02-28,90.0999984741211,111.8499984741211,86.55999755859375,100.97000122070312,29712229,0.15685154253981914,-0.19211074965056363,,,0.4103747324212982,66.09976770146416,1.445814090537904,,0,19396530000.0,2777030000.0,785760000.0,1183910000.0,781110000.0,296450000.0,97580000.0,387020000.0,0.1431714847965074,0.040510338704912684,0.015283661562145393,0.06103720613944865,,,,,,,,,,,,,0.2191607153856694,0.8365134431916739,0.07461309777736913,-0.11518027698185296,0.13819989232425778,65867280000.0,988680000.0,2761590000.0,4323190000.0,,,,0.0,,38848081920.0,-0.031,,EMIL.NS,,,,,0.24707541660389562,,82.95142071494043,36.31386861313869,80.75160403299725,,19.89051094890511,88.13868613138686,59.6892138939671,82.91505791505791,41.22641509433962,,39.313346228239844,88.32252085264133,59.01486988847584,41.714285714285715,58.016120001891714,Q4 (High)
2026-02-28,232.0,265.0,215.75,233.1999969482422,358534,-0.1687755940294975,-0.22266667683919272,,,0.5598529121131984,54.748598849445415,0.8115324238050597,,0,849305000.0,274225000.0,47071000.0,130010000.0,94466000.0,43015000.0,16832000.0,34331000.0,0.3228816502905317,0.05542296348190579,0.05064729396388812,0.15307810503882585,,,,,,,,,,,,,0.20348104808369483,8.361262241566921,0.12077452149953016,-0.4978989144391269,-0.18809210074377536,2821547000.0,180290000.0,-88214000.0,335807000.0,,,,0.0,,6117549568.0,0.024,0.64,EMKAY.NS,,,,,0.3174849612262799,,27.772685609532537,9.854014598540147,52.33730522456462,,13.138686131386862,2.8284671532846715,30.712979890310788,46.23552123552124,24.90566037735849,46.717557251908396,45.64796905222437,98.4244670991659,36.52416356877323,52.57142857142857,39.17806038426666,Q1 (Lowest)
2026-02-28,37.09000015258789,39.9900016784668,34.70000076293945,36.439998626708984,77104,0.051963027389615,-0.12968713741811766,,,0.3729352586553663,47.83332935968655,0.6144327184329662,,0,1889750000.0,208638000.0,29875000.0,48898000.0,36989000.0,17935000.0,13573000.0,5481000.0,0.11040508003704194,0.01580896944040217,0.00949067336949332,0.02587538034131499,,,,,,,,,,,,,-0.1091589630935601,0.20636308602946118,0.16748092244429946,-0.4071858266675481,0.16127959721661478,8158168000.0,128360000.0,201160000.0,248547000.0,,,,0.0,,1760845952.0,0.093,,INCREDIBLE.NS,,,,,0.31623946640388795,,12.557286892758937,49.72627737226277,34.097158570119156,,36.222627737226276,62.77372262773723,17.36745886654479,19.111969111969113,28.0188679245283,,52.707930367504844,71.54772937905469,34.014869888475836,62.95238095238095,42.073218646037525,Q2 (Low)
2026-02-28,95.0,98.0,89.76000213623047,90.7300033569336,172462,-0.012193741271569691,-0.16076216034868684,,,0.26696500301365317,40.63306216083042,1.0068951957069914,,0,1221320000.0,494850000.0,86960000.0,118280000.0,87590000.0,28630000.0,10690000.0,48260000.0,0.40517636655422,0.07120165067304228,0.023441849801853733,0.09684603543706809,4363320000.0,1649950000.0,2399410000.0,1963910000.0,2480400000.0,1908980000.0,24000000.0,1288800000.0,0.8401352404132573,0.3781409568860409,1.2993326278955253,0.62420769206592,0.1725872729367488,0.9331532748143148,0.19114821569640994,0.8189326556543837,0.2208918249380678,4367920000.0,78910000.0,249250000.0,372790000.0,0.040180048983914744,0.01808485281849601,0.06897057439967237,1.0,1.8545843531989403,1745667968.0,-0.242,0.33,EMMBI.NS,,,,,0.34326885617055314,,49.58753437213566,81.02189781021897,17.69019248395967,,27.645985401459853,31.751824817518248,17.276051188299817,53.95752895752896,85.84905660377359,23.969465648854964,21.228239845261122,88.87859128822984,32.15613382899628,68.0,46.60083348308246,Q2 (Low)
2026-02-28,337.45001220703125,388.0,298.0,307.3999938964844,3548937,-0.09308162612272186,-0.3229820456758866,,,0.40523686144063475,43.01044854379174,1.2632790726022605,,0,2003548000.0,539479000.0,281137000.0,332724000.0,306404000.0,188255000.0,78775000.0,34824000.0,0.2692618295144414,0.14031957307736076,0.09396081351682116,0.1660673964387177,,,,,,,,,,,,,0.1616750912909215,-0.33327784841283614,-0.18319380489664294,-0.6272126544328338,-0.5486603218700148,8925069000.0,1312157000.0,1750631000.0,1960028000.0,,,,0.0,,17083937792.0,-0.282,0.49,EMSLIMITED.NS,,,,,0.2556362448435839,,72.41063244729607,37.86496350364964,21.906507791017415,,3.5583941605839415,9.032846715328468,46.80073126142596,46.33204633204633,21.60377358490566,36.87022900763359,19.148936170212767,29.65708989805375,55.297397769516735,10.380952380952381,34.05763340150818,Q1 (Lowest)
2026-02-28,1.7799999713897705,1.9299999475479126,1.6699999570846558,1.7599999904632568,264497,0.03529408299799286,-0.07853402030340195,,,0.3556403877429441,52.941174408143254,1.147111572509981,,0,0.0,-16702000.0,-18266000.0,-18141000.0,-18141000.0,-18141000.0,0.0,0.0,,,,,1623384000.0,2676860000.0,4812271000.0,-3188887000.0,65766000.0,2118743000.0,4580000.0,0.0,-0.8394339467030346,1.6489382672245136,0.03104010255137126,0.03104010255137126,,-0.028021860265752263,,-0.014932667245873166,-0.014236809215888768,0.0,-73225000.0,-73180000.0,-73250000.0,0.02296255715552166,-0.04510639503654095,0.142922150589715,0.0,-4.304514212287419,157255744.0,-1.437,,IMPEXFERRO.NS,,,,,0.2548436667905026,,62.51145737855178,53.64963503649635,46.92942254812099,,54.379562043795616,56.84306569343066,1.0968921389396709,1.1100386100386102,47.35849056603774,,0.6769825918762089,51.15848007414272,14.312267657992564,,39.335086289294864,Q1 (Lowest)
2026-02-28,524.2999877929688,590.75,457.29998779296875,466.20001220703125,2633819,-0.1042367157797659,-0.23460838796035155,,,0.3471961639189614,34.97197138092835,1.3440389839752196,,0,1880100000.0,1318290000.0,321340000.0,441410000.0,351850000.0,286670000.0,50950000.0,10850000.0,0.7011807882559439,0.17091644061486091,0.15247593213126961,0.23478006489016542,,,,,,,,,,,,,0.27638341061378546,0.15202539784600555,0.3313647178789938,0.3074432180972362,0.30490436633458473,6210360000.0,984130000.0,1129550000.0,1512440000.0,,,,0.0,,38226006016.0,-0.248,0.27,EMUDHRA.NS,,,,,0.3513402714212643,,76.8102658111824,56.20437956204379,9.899175068744272,,11.678832116788321,7.572992700729928,59.23217550274224,28.667953667953665,72.26415094339622,20.15267175572519,20.59961315280464,67.46987951807229,49.25650557620818,84.0,44.25390635842607,Q2 (Low)
2026-02-28,0.49000000953674316,0.5199999809265137,0.44999998807907104,0.46000000834465027,17166409,0.0,-0.1636363665919658,,,0.25733121894810723,37.50000931322769,1.0500079210058533,,0,223418000.0,42553000.0,-19562000.0,2008000.0,-14883000.0,-19682000.0,3709000.0,1090000.0,0.19046361528614525,-0.0875578512026784,-0.08809496101477947,0.008987637522491473,962359000.0,48885000.0,112150000.0,850209000.0,542217000.0,82017000.0,595000.0,403301000.0,0.05749762705405377,0.050797051827852185,6.611031859248692,1.6937464184254485,-0.1468687948678784,0.5917509098261222,-0.036721495246513025,0.22690437601296587,-1.2231359039893321,1050874000.0,-66808000.0,-72779000.0,-16570000.0,-0.07857832603512784,-0.0694210788281712,-0.08094704224474861,0.0,2.8516309402208533,362235520.0,0.884,,AKSHAR.NS,,,,,0.3747369798745745,,54.53712190650779,84.58029197080292,12.648945921173235,,26.916058394160586,37.86496350364963,3.2906764168190126,8.108108108108109,66.98113207547169,,98.06576402321083,84.70806302131604,26.301115241635685,21.333333333333336,45.02237159441259,Q2 (Low)
2026-02-28,1049.9000244140625,1111.0,1011.2999877929688,1024.4000244140625,37458,0.001558631338008043,0.0023354305586544832,,,0.17375076589028643,34.901700924613095,0.46212189480520166,,0,2309900000.0,350200000.0,173900000.0,237900000.0,234100000.0,171800000.0,62300000.0,0.0,0.15160829473137366,0.07528464435689856,0.07437551409151912,0.10299147149227239,,,,,,,,,,,,,0.1743860897859575,-0.15825575698187166,0.21318277310924372,-0.23982300884955754,-0.1921901528013582,8251000000.0,778200000.0,629400000.0,1012900000.0,,,,0.0,,12784512000.0,0.147,2.93,IMPAL.NS,,,,,0.269543254219722,,5.0412465627864345,97.9014598540146,9.715857011915674,,74.27007299270073,38.777372262773724,41.86471663619744,1.1100386100386102,34.33962264150943,91.90839694656489,59.767891682785304,39.38832252085264,51.6728624535316,71.14285714285714,47.79338115456854,Q3 (Medium)
2026-02-28,1956.5999755859375,2288.0,1934.0,2160.800048828125,25014817,0.06328122268780301,-0.1079552469672409,,,0.3948343354730947,63.84795181781853,0.8570074468822013,,0,248195900000.0,102015000000.0,22699300000.0,86900600000.0,86900600000.0,56270200000.0,14051100000.0,17581300000.0,0.41102612895700535,0.0914571916780253,0.22671687969059923,0.3501290714310752,,,,,,,,,,,,,0.1301563666830592,6.661959940632617,0.0862716109035111,96.30278402213384,3.3842470902220363,,,,,,,,0.0,,2793228206080.0,0.346,0.06,ADANIENT.NS,,,,,0.5468798400332062,,32.26397800183318,41.51459854014598,76.53528872593951,,43.43065693430657,67.7007299270073,98.44606946983546,97.1042471042471,99.71698113207546,2.900763358778626,80.17408123791103,98.23911028730305,98.60594795539033,44.0,65.37549684498491,Q5 (Highest)
2026-02-28,900.0,1064.199951171875,880.0,952.2999877929688,6103973,0.06676372215856463,-0.06618944970384066,,,0.5483574291999447,54.64028120919053,1.13670638813212,,0,11786560000.0,3075370000.0,813990000.0,1006020000.0,751250000.0,546660000.0,172590000.0,32010000.0,0.2609217617354003,0.06906086254174246,0.046379944614883394,0.08535314799228952,,,,,,,,,,,,,-0.001395404400395539,-0.20806049718954622,0.1594417316235348,-0.09058242251834103,-0.0032695279990488935,44915090000.0,2500270000.0,3347370000.0,4429070000.0,,,,0.0,,136792121344.0,0.496,0.51,GABRIEL.NS,,,,,0.3012713983370522,,61.778185151237395,11.587591240875923,51.97066911090742,,58.02919708029197,68.61313868613139,76.50822669104204,45.125482625482626,42.26415094339623,38.01526717557252,89.11992263056094,35.86654309545876,67.4721189591078,61.238095238095234,53.839239241877344,Q4 (High)
2026-02-28,15.25,21.68000030517578,14.510000228881836,17.579999923706055,5902938,0.22168168896976592,-0.13823528174298005,,,0.5603413668525035,59.33755996756298,1.917182277644901,,0,262698000.0,49966000.0,13276000.0,24073000.0,11242000.0,7523000.0,3278000.0,265000.0,0.19020319911076597,0.05053711866858522,0.02863744680203123,0.09163754577499639,1850747000.0,10670000.0,277638000.0,1481784000.0,932680000.0,187412000.0,10425000.0,,0.007200779600805516,0.005765239657284329,4.976629031225322,,0.02221495861690581,-0.7612276636937824,0.0016662790121291238,-1.4519947128094208,-0.12538148524923698,1060806000.0,22887000.0,114944000.0,85587000.0,0.01544557101439886,0.012366358016519816,0.07701677907660806,1.0,2.1973418300826637,2197851648.0,0.299,,AIRAN.NS,,,,,0.26575273407004346,,95.50870760769936,9.762773722627742,64.43629697525206,,33.75912408759124,92.33576642335767,18.82998171846435,4.826254826254826,8.773584905660377,,76.01547388781431,17.516218721037998,25.37174721189591,26.285714285714285,41.561442958224674,Q2 (Low)
2026-02-28,25.350000381469727,30.979999542236328,24.780000686645508,27.68000030517578,5144985,0.05891357886324933,-0.11790946317859718,,,0.28790963509625306,58.2267705903415,1.5289408044418582,,0,11226100000.0,1308660000.0,-21790000.0,166220000.0,91420000.0,8050000.0,8260000.0,77190000.0,0.11657298616616635,-0.0019410124620304469,0.0007170789499469986,0.014806566839775166,,,,,,,,,,,,,-0.25137323706503045,-0.93910741301059,0.5753453492222977,-0.39564564564564564,-0.046849016572051094,55430150000.0,862520000.0,698190000.0,1825430000.0,,,,0.0,,13866080256.0,-0.057,1.08,HMAAGRO.NS,,,,,0.2248059310487639,,85.70119156736938,74.36131386861314,61.4115490375802,,40.237226277372265,65.87591240875912,44.60694698354662,61.003861003861005,28.77358490566038,65.49618320610688,35.783365570599614,14.087117701575533,30.576208178438662,92.66666666666666,53.37207515840997,Q4 (High)
2026-02-28,249.8000030517578,281.1000061035156,230.64999389648438,273.8500061035156,25862475,-0.002004328736159633,-0.018458759485607046,,,0.5015486483331747,66.62990417006897,1.405841958340192,,0,875000000.0,527721000.0,328309000.0,398794000.0,347644000.0,261056000.0,50541000.0,36047000.0,0.6031097142857142,0.3752102857142857,0.2983497142857143,0.4557645714285714,,,,,,,,,,,,,0.025751641495698196,0.18401872253189588,-0.04276070002089516,0.3694381786707235,0.2778091075708444,3476949000.0,839038000.0,986531000.0,1289293000.0,,,,0.0,,33487362048.0,-0.652,0.04,AGIIL.NS,,,,,0.3990667986004183,,80.47662694775435,18.15693430656934,82.03483043079743,,69.7080291970803,36.86131386861314,57.31261425959781,46.91119691119691,75.28301886792454,1.6030534351145038,5.802707930367505,69.5088044485635,49.07063197026022,20.857142857142858,47.572460362065485,Q3 (Medium)
2026-02-28,1507.9000244140625,1894.4000244140625,1486.4000244140625,1825.699951171875,25236380,0.11025293363299116,-0.12683531663787673,,,0.3816172672885686,75.43087538374903,0.8941793989063819,,0,4983600000.0,3487300000.0,-2143100000.0,3173100000.0,2857400000.0,1951600000.0,608400000.0,310300000.0,0.699755197046312,-0.43003050004013166,0.39160446263745086,0.6367084035636889,,,,,,,,,,,,,0.14681516936671568,-0.6747983736586016,-0.5441398424851129,-0.41779779839503595,0.1249734099127846,38996000000.0,13399100000.0,-3808900000.0,19671300000.0,,,,0.0,,549912379392.0,0.157,,GODREJPROP.NS,,,,,0.38956891664646054,,36.02199816681943,45.8941605839416,92.5756186984418,,37.408759124087595,80.56569343065694,90.40219378427788,80.3088803088803,27.830188679245282,,61.170212765957444,19.091751621872106,84.01486988847584,3.1428571428571432,53.895145613034224,Q4 (High)
2026-02-28,1.7599999904632568,1.8899999856948853,1.5299999713897705,1.7000000476837158,445817,0.017964126568860372,-0.10526312157057616,,,0.3790601540101925,54.28572985591675,0.8091953545408935,,0,31230000.0,11781000.0,-5967000.0,2810000.0,-3362000.0,-15106000.0,0.0,11744000.0,0.3772334293948127,-0.19106628242074927,-0.48370156900416267,0.08997758565481909,746882000.0,462675000.0,524676000.0,222206000.0,109198000.0,155435000.0,802000.0,63841000.0,2.082189499833488,0.6194753655865317,0.7025316048509023,0.29180686460578376,0.12007746933505481,-0.15268117567870765,-0.2969857956463994,-21.303763440860216,-0.8410543582781831,133627000.0,-59585000.0,-26475000.0,6980000.0,-0.2681520751014824,-0.0797783317846728,-0.03865635051928729,0.0,0.50628666911239,518272416.0,0.518,,HAVISHA.NS,,,,,0.2773806722450401,,27.58936755270394,47.44525547445255,50.96241979835013,,44.25182481751825,48.175182481751825,5.7586837294332724,29.054054054054053,1.0377358490566038,,90.37717601547389,39.94439295644115,14.312267657992564,6.380952380952381,37.01928751787871,Q1 (Lowest)
2026-02-28,0.8199999928474426,0.8199999928474426,0.8199999928474426,0.8199999928474426,0,0.0,-0.3278688740839206,,,0.3112521583051756,,,,0,3948000.0,1159000.0,-2408000.0,-1159000.0,-2213000.0,-3628000.0,32000.0,1384000.0,0.2935663627152989,-0.6099290780141844,-0.9189463019250254,-0.2935663627152989,7918270000.0,1814623000.0,5587404000.0,2330206000.0,7855924000.0,5586289000.0,6653000.0,74924000.0,0.7787393045936711,0.22916912406371595,1.4062867137736699,1.39287458991112,3.548387096774194,0.6102973812694186,1.036101083032491,-0.38622906445609884,-0.67232117613797,11638000.0,-16310000.0,-12250000.0,-6323000.0,-0.0069993811705917845,-0.0020597933639545,-0.0029554898404735154,0.0,0.7565017990040754,263110000.0,0.529,,GOENKA.NS,,,,,0.24285779679361538,,,66.78832116788321,,,3.2846715328467155,37.86496350364963,2.1937842778793417,8.976833976833976,29.056603773584904,,91.29593810444874,84.98609823911029,17.565055762081787,96.0952380952381,45.87383389557044,Q2 (Low)
2026-02-28,1275.0,1442.300048828125,1250.0999755859375,1412.9000244140625,7716834,0.07691602717914625,-0.016569617739693676,,,0.22809295714596198,81.7280254883529,0.513869021538408,,0,55878900000.0,18440000000.0,4098500000.0,5251700000.0,4165500000.0,3007800000.0,1075700000.0,89300000.0,0.3299993378538232,0.07334611096496173,0.053827115422816124,0.09398359667065743,,,,,,,,,,,,,0.024295416426077132,-0.13499367307028642,0.23099986561834296,0.12135107929761779,0.12225403880673569,222978000000.0,14446300000.0,18950300000.0,24266200000.0,,,,0.0,,886303293440.0,0.126,0.71,HAVELLS.NS,,,,,0.4300271881960806,,6.966086159486709,90.78467153284672,97.15857011915674,,70.25547445255475,71.80656934306569,93.05301645338209,63.61003861003861,59.905660377358494,50.61068702290077,57.446808510638306,41.79796107506951,90.24163568773234,73.71428571428571,64.49009767056776,Q5 (Highest)
2026-02-28,609.25,860.0,565.0,789.2000122070312,41209942,0.3994148330957188,-0.15845593678845604,,,0.7433271928491139,66.54631145927024,1.3853328086119716,,0,9786514000.0,5226060000.0,285798000.0,964281000.0,501389000.0,146131000.0,115231000.0,240027000.0,0.5340062866103292,0.029203248470292896,0.014931874618480084,0.09853161197133116,,,,,,,,,,,,,-0.005792837045549448,0.80774654856747,-0.009229093969067237,-0.7097131119860469,-0.17526357788537283,36479369000.0,1170301000.0,1756349000.0,4287387000.0,,,,0.0,,57800912896.0,-0.538,,GOKEX.NS,,,,,0.22973393075910978,,79.10174152153986,1.1861313868613053,81.85151237396883,,28.193430656934304,98.26642335766424,64.44241316270566,77.50965250965251,19.90566037735849,,8.704061895551257,87.76645041705282,61.33828996282528,24.571428571428573,52.18914641290288,Q3 (Medium)
2026-02-28,891.5,952.8499755859375,865.0999755859375,902.25,187665,-0.04599524187153048,-0.13775804764031818,,,0.22778213347790383,55.96816782881668,0.2900391536699454,,0,23637200000.0,6923300000.0,1090800000.0,2584900000.0,1120400000.0,605800000.0,183400000.0,331200000.0,0.29289848205371194,0.046147597854229776,0.025629093124397137,0.10935728428071007,,,,,,,,,,,,,-0.08746544775082232,-0.551889932687329,0.1407364509434872,-0.05814676616915426,0.04330804003874711,91904300000.0,2797200000.0,5282300000.0,10712200000.0,,,,0.0,,200974630912.0,-0.181,1.33,HATSUN.NS,,,,,0.22483806821846958,,1.5582034830430798,91.14963503649635,56.095325389550865,,33.941605839416056,19.89051094890511,82.35831809872029,81.27413127413128,44.528301886792455,71.90839694656489,24.95164410058027,22.520852641334567,68.21561338289963,57.333333333333336,50.381724824117875,Q3 (Medium)
2026-02-28,36.95000076293945,43.439998626708984,31.0,39.560001373291016,2248442,0.0776355859410478,0.07063600964710592,,,0.3058662479015353,62.9351519928466,2.3895058370028237,,0,10626524000.0,321061000.0,55931000.0,168024000.0,140388000.0,35216000.0,8801000.0,96370000.0,0.03021317224710545,0.005263339169045306,0.003313971718315415,0.015811755565601698,9029903000.0,3420899000.0,5511299000.0,3518604000.0,7299681000.0,5375513000.0,648182000.0,2462625000.0,0.9722318851453587,0.37884116806127377,1.3579505807166683,0.8998315137550593,0.14704138147661605,-0.0874319771961648,0.24145899403554272,-0.31544980950159396,-0.011925763883988472,38516105000.0,146014400.0,279871000.0,632398400.0,0.041497821295036326,0.016170096179327728,0.040330121623983736,1.0,5.117932341022932,3916242432.0,-0.174,,GOKUL.NS,,,,,0.20853442742048717,,98.80843263061412,68.43065693430657,74.42713107241063,,86.67883211678831,72.08029197080292,25.59414990859232,64.76833976833977,31.50943396226415,,25.676982591876207,46.43188137164041,31.319702602230482,74.85714285714286,56.70553185246726,Q4 (High)
2026-02-28,159.97000122070312,178.61000061035156,154.39999389648438,172.97999572753906,5663068,0.11809183776626564,-0.13136488772867394,,,0.3962327737637759,62.943220957151496,1.2188900967531504,,0,63142548000.0,2799521000.0,1469294000.0,1698093000.0,1550939000.0,778570000.0,307512000.0,464857000.0,0.04433652249826852,0.023269475916619646,0.012330354486169927,0.026893007231827262,,,,,,,,,,,,,-0.04879880972384254,-0.23156261535394296,0.26583443048590083,0.07347655178214185,0.14715550739597805,233021056000.0,2995650000.0,6046510000.0,6154299000.0,,,,0.0,,51044098048.0,-0.232,,GOKULAGRO.NS,,,,,0.3325127101057989,,69.11090742438131,41.14963503649635,74.61044912923923,,35.94890510948905,82.57299270072993,62.888482632541134,84.94208494208493,56.132075471698116,,21.8568665377176,34.47636700648749,75.65055762081785,77.80952380952381,57.80992316141379,Q4 (High)
2026-02-28,985.2000122070312,1063.0,955.2999877929688,1034.3499755859375,1958669,0.028283080307555553,-0.014341574688382819,,,0.26222385124567166,59.864395782464975,1.3879975659036172,,0,50511900000.0,19496700000.0,4180300000.0,12381700000.0,11120700000.0,2045500000.0,1333200000.0,6260700000.0,0.3859823130787003,0.08275871626290042,0.040495408012765306,0.24512441622667133,,,,,,,,,,,,,0.0037856657406192262,-0.15639048129665523,0.04691564262367787,0.08687566418703496,0.19912644301541804,202582800000.0,9793300000.0,12570700000.0,54874400000.0,,,,0.0,,348374073344.0,0.199,,GODREJIND.NS,,,,,0.396959793842691,,79.19340054995418,83.12043795620438,65.81118240146654,,70.98540145985402,53.01094890510949,87.29433272394881,94.88416988416989,57.16981132075472,,65.71566731141199,39.75903614457831,91.635687732342,37.047619047619044,65.04184636249423,Q5 (Highest)
2026-02-28,10.84000015258789,12.050000190734863,10.399999618530273,11.079999923706055,39795538,0.0072727203369140625,-0.1509578726617532,,,0.33823156258310555,55.241937034459156,0.9741163580130678,,0,5365600000.0,2491200000.0,34000000.0,1024300000.0,284200000.0,217000000.0,64700000.0,2400000.0,0.46429103921276277,0.006336663187714329,0.04044282093335321,0.190901297152229,,,,,,,,,,,,,0.011423185673892444,-0.3006767644215276,0.04645629363810122,-0.1589147286821705,-0.15368090556060476,20246300000.0,1010800000.0,749800000.0,4049600000.0,,,,0.0,,19612758016.0,0.184,,HATHWAY.NS,,,,,0.2906949868122091,,45.27956003666361,58.3029197080292,53.5288725939505,,30.474452554744524,42.79197080291971,49.45155393053016,12.017374517374517,38.9622641509434,,64.74854932301741,31.047265987025025,52.23048327137546,36.666666666666664,44.36679556954935,Q2 (Low)
2026-02-28,302.90942221725874,440.8844019248864,287.7664329575828,380.95001220703125,28387603,0.3115967581007555,-0.017561939079092204,,,0.641927510353131,73.99798350836093,1.9152187288405418,,0,3197110000.0,1010531000.0,687403000.0,907553000.0,887727000.0,683903000.0,201704000.0,2120000.0,0.3160763939933252,0.21500761625342887,0.2139128775675532,0.2838666795950092,,,,,,,,,,,,,0.6581471504396506,1.1809244094086435,0.14335219185626524,0.37441142129072325,0.28112167474820193,9408253000.0,1564643000.0,1802888000.0,2248227000.0,,,,0.0,,43016052736.0,0.528,0.98,GOLDIAM.NS,,,,,0.3467918868247182,,95.41704857928505,4.56204379562044,90.92575618698442,,69.98175182481752,96.71532846715328,60.96892138939671,11.1003861003861,75.75471698113208,61.98473282442748,91.15087040618955,91.28822984244671,69.70260223048327,57.99999999999999,65.17015924188817,Q5 (Highest)
2026-02-28,366.5,418.0,360.3999938964844,379.79998779296875,796052,0.03530048105219041,-0.0555762935290971,,,0.2977023177226524,56.75239495809314,0.6155608440756523,,0,4092500000.0,1982900000.0,452900000.0,641000000.0,520700000.0,336000000.0,136300000.0,48400000.0,0.4845204642638974,0.1106658521686011,0.0821014050091631,0.15662797800855224,,,,,,,,,,,,,0.08169900089866267,-0.07793633369923159,0.2074408449873133,0.2588984638441363,0.2952111537684381,15172000000.0,1055800000.0,1787700000.0,2118000000.0,,,,0.0,,34617786368.0,0.256,0.26,HARSHA.NS,,,,,0.3843894522526301,,12.648945921173235,71.35036496350365,57.83684692942255,,60.85766423357665,56.934306569343065,57.86106032906764,54.054054054054056,69.15094339622641,19.46564885496183,71.66344294003868,47.35866543095459,63.38289962825279,70.28571428571428,54.19003716908595,Q4 (High)
2026-02-28,607.4000244140625,670.0,559.2000122070312,573.25,2803825,-0.0899349455760996,-0.25542280579056265,,,0.3367423228616516,35.948058289366884,1.50288791732491,,0,6336900000.0,4625100000.0,1065600000.0,1488300000.0,1050800000.0,714500000.0,234900000.0,106200000.0,0.7298679164891351,0.16815793211191593,0.11275229213022141,0.2348624721867159,,,,,,,,,,,,,-0.07848355291859344,-0.1958356781091728,0.05759538035314926,-0.008602747328985694,-0.10391956168342464,26846620000.0,3474106000.0,4654238000.0,6980975000.0,,,,0.0,,37087772672.0,-0.534,1.22,AGI.NS,,,,,0.24692634437597782,,84.5096241979835,58.941605839416056,11.182401466544455,,8.211678832116789,9.58029197080292,58.40950639853748,66.98841698841699,48.20754716981132,69.61832061068702,8.897485493230175,36.886005560704355,71.84014869888475,39.14285714285714,44.8277260246662,Q2 (Low)
2026-02-28,44.0,47.5,39.540000915527344,41.310001373291016,817071,-0.054474647018253886,-0.31831679185714445,,,0.5036021696295515,43.64262016785976,1.1256309490193497,,0,405920000.0,355540000.0,-4400000.0,42430000.0,5400000.0,-17630000.0,6000000.0,17030000.0,0.8758868742609381,-0.01083957430035475,-0.04343220338983051,0.10452798581001183,,,,,,,,,,,,,0.21231669802586395,10.01875,0.8363266229359874,3.0622119815668203,4.193390452876377,1221140000.0,66410000.0,-20540000.0,211890000.0,,,,0.0,,2168297472.0,0.264,,GOLDTECH.NS,,,,,0.39460606353584343,,60.128322639780016,17.700729927007302,23.831347387717692,,3.832116788321168,17.244525547445257,18.647166361974406,33.397683397683394,95.09433962264151,,72.3404255319149,98.70250231696015,28.903345724907066,95.04761904761905,47.658008286264796,Q3 (Medium)
2026-02-28,164.99000549316406,190.89999389648438,153.66000366210938,176.7899932861328,230589,0.12669676349529047,0.01213714512744768,,,0.25914774730442736,68.83766542333512,1.6886792536003348,,0,1410942000.0,909837000.0,69514000.0,124742000.0,106604000.0,76353000.0,0.0,30251000.0,0.6448436576414905,0.04926779414036863,0.054114910464072935,0.08841043784932336,,,,,,,,,,,,,0.049789289476973586,0.1891694052050399,-0.008094450724662083,-0.318343734097544,-0.2430749813411326,5006952000.0,252072000.0,153428000.0,445971000.0,,,,0.0,,3262730752.0,0.166,,HARRMALAYA.NS,,,,,0.18901896847626493,,92.30064161319889,84.03284671532846,86.43446379468378,,77.28102189781022,83.94160583941606,23.491773308957953,43.91891891891892,31.32075471698113,,62.76595744680851,69.87951807228916,14.312267657992564,24.761904761904763,56.296111649619355,Q4 (High)
2026-02-28,1040.4291083222,1260.0,1029.8552606260216,1203.0,1839292,0.11488641140777633,0.05398761221974069,,,0.4200063312985302,66.99164678389532,1.2160823947518387,,0,10279527000.0,3132375000.0,838501000.0,1028322000.0,855896000.0,436427000.0,148439000.0,270646000.0,0.3047197599656093,0.08156999830828791,0.042455941795765506,0.10003592577751876,,,,,,,,,,,,,0.050316350836925094,0.030047486877383678,0.101172524181383,0.06536295529609348,0.22265144300221507,40720474000.0,1686165000.0,2911409000.0,3823138000.0,,,,0.0,,40034701312.0,-0.504,0.58,GOODLUCK.NS,,,,,0.3625817443726992,,68.7442713107241,34.397810218978094,82.95142071494043,,84.12408759124088,81.75182481751825,59.96343692870201,79.24710424710425,55.471698113207545,42.824427480916036,10.058027079303674,56.997219647822064,64.31226765799256,47.04761904761905,57.85941432373793,Q4 (High)
2026-02-28,335.0,350.20001220703125,315.3999938964844,320.0,5232686,-0.066511051939531,-0.1806426577853778,,,0.23528099851345405,38.15027561600946,0.7755694394426471,,0,29757700000.0,10161500000.0,3168800000.0,3834600000.0,2900600000.0,970900000.0,262300000.0,1670200000.0,0.341474643537639,0.10648672444442951,0.03262684952130037,0.12886076544894262,,,,,,,,,,,,,-0.004223009714260817,-0.07892989279954465,-0.07328641275575343,-0.34773261672824995,-0.21037024834232532,125131500000.0,4508300000.0,12480800000.0,15978800000.0,,,,0.0,,117691088896.0,,0.78,AFCONS.NS,,,,,0.33909598735709356,,24.47296058661778,89.78102189781022,13.565536205316223,,22.81021897810219,14.142335766423358,74.31444241316271,92.27799227799228,30.566037735849054,53.969465648854964,,47.173308619091756,73.7918215613383,18.38095238095238,47.016406271434086,Q3 (Medium)
2026-02-28,405.0,425.0,365.0,370.6000061035156,1564852,-0.10081278274482874,0.06387254086451266,,,0.49191330140761075,35.225547034968855,0.6970419896473768,,0,3628539000.0,852212000.0,275898000.0,467321000.0,290845000.0,115921000.0,39696000.0,135228000.0,0.23486367378165152,0.0760355614201749,0.03194701779421415,0.12879040296934938,,,,,,,,,,,,,0.08034867331571927,0.11319069660245451,0.20998570108055548,0.03228075799672303,0.16515076717479227,15593885000.0,628482000.0,1327333000.0,1969273000.0,,,,0.0,,11485669376.0,0.325,0.16,HARIOMPIPE.NS,,,,,0.30434237026260436,,18.790100824931255,19.708029197080293,10.357470210815766,,85.85766423357664,8.394160583941606,40.31078610603291,70.84942084942085,52.169811320754725,10.15267175572519,78.57833655705996,64.87488415199259,46.37546468401487,70.66666666666667,45.13903114280089,Q2 (Low)
2026-02-28,299.54998779296875,317.45001220703125,290.04998779296875,311.54998779296875,1010851,0.04686613468495526,-0.053516099424258945,,,0.24298618524133422,65.20437943767358,0.5985846368218817,,0,3996430000.0,1095250000.0,200390000.0,305730000.0,202210000.0,154910000.0,35880000.0,11420000.0,0.27405709595814265,0.050142251959874186,0.03876209516993917,0.076500776943422,,,,,,,,,,,,,0.0799877852363502,-0.39704966526545227,0.015427965983266123,1.9123895469073133,0.8818786162747754,14085820000.0,41950000.0,360640000.0,486880000.0,,,,0.0,,38834212864.0,,0.19,GOPAL.NS,,,,,0.36900276239207985,,12.007332722273144,87.68248175182481,79.56003666361137,,61.40510948905109,60.4014598540146,59.597806215722116,28.957528957528954,92.83018867924528,12.366412213740457,,26.969416126042635,44.888475836431226,29.23809523809524,49.72695624983872,Q3 (Medium)
2026-02-28,31.75,31.760000228881836,27.75,28.610000610351562,30257,0.017425311397377685,-0.15103857677610089,,,0.35886638303578927,36.72132521282563,0.6125281408740781,,0,,,,,,,,,,,,,,,,,,,,,,,,,,,,,,,,,,,,,,,505842848.0,-0.628,,GOLDENTOBC.NS,,,,,0.24674355040094761,,12.465627864344638,53.01094890510949,11.915673693858846,,30.38321167883212,47.99270072992701,5.6672760511883,,,,6.382978723404255,,,,37.854561176444314,Q1 (Lowest)
2026-02-28,756.0487956918221,814.8969112766636,716.7999877929688,720.3499755859375,23980023,0.02411947670370007,-0.22434854707317808,,,0.5094779319340893,33.80984908995772,0.6564421301334381,,0,8740400000.0,5100100000.0,2901100000.0,3119700000.0,2996800000.0,2206000000.0,795300000.0,25900000.0,0.5835087639009656,0.3319184476682989,0.25239119491098805,0.35692874467987734,,,,,,,,,,,,,-0.2852727124049391,-0.43037157538668114,0.9398970170454546,2.414332146726513,2.281822007153377,31607604000.0,7960946000.0,10714888000.0,11498339000.0,,,,0.0,,199677378560.0,-0.252,0.28,HBLENGINE.NS,,,,,0.4715946310615901,,15.948670944087992,16.970802919708035,8.799266727772686,,12.956204379562045,51.18613138686131,82.26691042047533,41.50579150579151,93.86792452830188,20.763358778625953,20.406189555125724,25.486561631139942,86.33828996282527,95.52380952380952,44.801327484272484,Q2 (Low)
2026-02-28,1007.0999755859375,1083.5999755859375,945.5,966.2000122070312,4829090,0.003479292419418911,0.05095995851986013,,,0.3641265481122867,31.58975248217382,0.9510693091374628,,0,3171210000.0,1644590000.0,933250000.0,1083660000.0,910950000.0,644790000.0,226950000.0,39210000.0,0.5186001557765018,0.2942883000495079,0.20332617518234364,0.34171814543975326,,,,,,,,,,,,,0.15274809160305347,0.19500713531145175,0.44355224165949725,0.4860336483060612,0.432257041276219,10885540000.0,2157530000.0,2979400000.0,3614470000.0,,,,0.0,,128250445824.0,0.121,,AETHER.NS,,,,,0.3721636751137987,,42.62144821264894,52.00729927007299,6.782768102658111,,83.94160583941606,40.05474452554745,75.59414990859233,49.22779922779923,79.62264150943396,,56.38297872340425,70.52826691380908,71.00371747211895,89.61904761904762,57.82576448830326,Q4 (High)
2026-02-28,1155.0,1220.0,1132.199951171875,1205.9000244140625,15990283,-0.009290993611012821,0.07637911055493474,,,0.18866202368659027,60.68021483228428,0.8091497671525091,,0,40794700000.0,21476600000.0,8140300000.0,8453300000.0,7789200000.0,4979100000.0,2020700000.0,789400000.0,0.5264556425221903,0.19954307789982523,0.12205261958048472,0.20721564320855404,,,,,,,,,,,,,0.12015497490307214,0.10047519062879884,0.11854865907526779,0.013433473774195459,0.006524974697862618,150482700000.0,18606600000.0,28466700000.0,32007800000.0,,,,0.0,,1233930682368.0,0.165,1.66,GODREJCP.NS,,,,,0.253611850008806,,27.497708524289642,96.98905109489051,68.01099908340971,,87.40875912408758,33.667883211678834,95.3382084095064,88.03088803088804,50.09433962264151,79.54198473282442,62.524177949709866,64.04077849860982,93.49442379182156,52.0,66.57594680495718,Q5 (Highest)
2026-02-28,89.87000274658203,102.55000305175781,89.12000274658203,99.75,234745555,0.06297958112476021,-0.04132631355732741,,,0.3054858211112831,65.12117188765578,1.0576570197406314,,0,39940300000.0,18891400000.0,12507300000.0,11626300000.0,11626300000.0,1218300000.0,717300000.0,9169400000.0,0.4729909389764223,0.3131498761902139,0.030503025765955687,0.2910919547424531,,,,,,,,,,,,,0.08829451851367431,-4.2847128606093285,0.5053406401230194,-0.5433487012256831,0.08109389819791346,122927000000.0,-3644400000.0,35348300000.0,37459400000.0,,,,0.0,,1053257826304.0,0.496,,GMRAIRPORT.NS,,,,,0.35065010289492954,,55.08707607699358,68.7043795620438,79.46837763519706,,64.6897810218978,67.51824817518248,94.05850091407679,95.94594594594594,23.67924528301887,,89.11992263056094,2.6876737720111215,85.40892193308551,91.04761904761904,64.49437946650886,Q5 (Highest)
2026-02-28,717.2999877929688,735.7999877929688,688.9000244140625,728.6500244140625,44390024,0.005936424343283342,-0.04626960155227422,,,0.16654560939876523,56.67265206890858,0.9805250796728676,,0,294208500000.0,,,,,4181900000.0,228200000.0,,,,0.01421406927400126,,3891260600000.0,30990000000.0,3715254300000.0,176006300000.0,,,5884100000.0,,0.17607324283278497,0.007964000149463133,,,-0.0016535695452735144,-0.2373666453907176,0.032320668413584386,-0.03904131623695939,,935287800000.0,18632100000.0,,,0.10586041522377324,0.004788191261207229,,1.0,,1571753426944.0,0.5,0.29,HDFCLIFE.NS,,,,,0.28984875479442723,,46.2878093492209,98.63138686131387,57.470210815765356,,63.32116788321168,41.332116788321166,96.61791590493601,,46.132075471698116,21.52671755725191,89.74854932301741,34.10565338276182,71.2360594795539,33.33333333333333,56.649533076692364,Q4 (High)
2026-02-28,103.0,116.0,99.63999938964844,115.08000183105469,21853021,0.10579419783334587,-0.09121057942731281,,,0.39899244468141765,70.79507155972703,0.9406117886945922,,0,18689600000.0,6316400000.0,2032500000.0,4730000000.0,3074300000.0,-1685300000.0,880900000.0,3792400000.0,0.3379633593014297,0.10875032103415803,-0.09017314442256656,0.25308192791713036,,,,,,,,,,,,,0.03236925252435974,-1.189702720651966,0.15975699809495447,0.5831845937059652,0.10413408342865149,70052900000.0,7557800000.0,9488100000.0,30494200000.0,,,,0.0,,89879502848.0,0.536,,GMRP&UI.NS,,,,,0.4242965601306691,,41.15490375802017,40.237226277372265,88.45096241979834,,49.27007299270073,79.28832116788321,70.6581352833638,94.01544401544402,81.98113207547169,,91.63442940038685,10.009267840593141,87.9182156133829,61.33333333333333,63.063429611850026,Q5 (Highest)
2026-02-28,177.85000610351562,233.99000549316406,167.3000030517578,223.3000030517578,49385669,0.3800136358749875,0.24853226408343088,,,0.4864095134202348,78.16143902018044,1.037916244977098,,0,1208902000.0,535915000.0,220905000.0,285767000.0,223167000.0,164914000.0,55921000.0,2331000.0,0.44330723251347093,0.18273193360586715,0.13641635136677746,0.23638557964169138,,,,,,,,,,,,,0.4334794992256923,1.301050663466771,0.2726141550588672,0.20741814561002747,0.34954899645808735,3870697000.0,500994000.0,606018000.0,856427000.0,,,,0.0,,29571737600.0,0.096,0.13,AEROFLEX.NS,,,,,0.47551662924383387,,53.345554537121906,20.802919708029194,94.68377635197068,,96.80656934306569,97.90145985401459,55.3016453382084,11.776061776061777,66.0377358490566,7.862595419847327,53.23984526112186,91.7516218721038,50.278810408921935,78.38095238095238,58.544636540031746,Q4 (High)
2026-02-28,915.0,994.0,901.0,911.8499755859375,411372326,-0.009235617129873308,-0.08636843170315456,,,0.13243779976085518,42.61698736258068,0.847184060605798,,0,853464600000.0,,,,,162579100000.0,37594000000.0,477085100000.0,,,0.1904930796192367,,44560480400000.0,5996128100000.0,38929003400000.0,5426340200000.0,,,2146127800000.0,,1.1050040872852018,0.13456156769799996,,,-0.10449962746268882,0.05615696536061421,0.1785419416079017,-0.013167949935811274,,2654874600000.0,666890300000.0,,,0.12289872647498216,0.014965958490878388,,1.0,,14031561687040.0,0.396,1.21,HDFCBANK.NS,,,,,0.38634780452776535,,30.889092575618697,99.54379562043796,21.356553620531624,,51.09489051094891,33.75912408759124,100.0,100.0,47.45283018867924,69.38931297709924,83.51063829787235,59.87025023169601,99.72118959107806,65.33333333333333,64.12806740232577,Q5 (Highest)
2026-02-28,353.95001220703125,470.0,337.29998779296875,417.79998779296875,3920378,0.24996256632152214,0.35649346686028816,,,0.5226104368604978,68.4644845713085,1.41962540937956,,0,3753262000.0,1527261000.0,504073000.0,702758000.0,512722000.0,319510000.0,154353000.0,38859000.0,0.4069156376506623,0.13430264127577557,0.08512861612112343,0.18723926014224426,,,,,,,,,,,,,0.0787067573832223,0.024349582418287108,0.0006926773499305039,0.25982295999842275,0.3260710815069203,14176475000.0,1115774000.0,1579997000.0,2331368000.0,,,,0.0,,17936488448.0,0.173,0.72,GNA.NS,,,,,0.3535223738533062,,81.20989917506874,15.510948905109487,85.79285059578369,,98.63138686131386,94.34306569343066,48.08043875685558,48.93822393822394,69.24528301886792,51.221374045801525,63.15280464216635,56.34847080630213,65.52044609665427,25.71428571428571,60.24729854999092,Q5 (Highest)
2026-02-28,460.0,491.25,454.75,464.20001220703125,2205903,0.04420205815687406,-0.057078968683124676,,,0.20383442192398152,47.122762597474775,0.8565108435098494,,0,19960000000.0,9000000000.0,1080000000.0,2780000000.0,2050000000.0,1500000000.0,540000000.0,10000000.0,0.45090180360721444,0.05410821643286573,0.07515030060120241,0.13927855711422846,,,,,,,,,,,,,0.014227642276422703,-0.16201117318435754,0.05107951553449186,-0.07975460122699385,-0.03806228373702425,75864000000.0,6237700000.0,4521300000.0,11318900000.0,,,,0.0,,68209868800.0,-0.316,3.88,GNFC.NS,,,,,0.24128236424089697,,32.080659945004584,95.34671532846716,32.35563703024748,,60.31021897810219,59.67153284671532,67.0018281535649,27.075289575289574,43.20754716981132,95.72519083969465,17.988394584139265,38.83225208526414,82.99256505576209,37.714285714285715,52.686807820423226,Q3 (Medium)
2026-02-28,2468.89990234375,2901.5,2432.0,2715.699951171875,16022199,0.09680935023096726,0.007026958810373518,,,0.2737713326263632,62.72757813608613,0.8612159022931583,,0,10751000000.0,9493800000.0,8580000000.0,10356900000.0,10172900000.0,7694200000.0,2445100000.0,33600000.0,0.8830620407403963,0.7980652962515115,0.7156729606548228,0.9633429448423403,,,,,,,,,,,,,0.11046841914992522,0.029255568189418657,0.15029476905299433,0.1996694524136211,0.20854872399267177,,,,,,,,0.0,,1163157307392.0,0.313,1.66,HDFCAMC.NS,,,,,0.47108196629028887,,32.630614115490374,79.28832116788321,73.87717690192484,,75.54744525547446,77.28102189781022,94.88117001828154,45.84942084942085,65.56603773584906,79.54198473282442,77.51450676982591,56.811862835959225,94.42379182156134,59.14285714285714,67.49041408301083,Q5 (Highest)
2026-02-28,382.5,399.0,364.1499938964844,386.79998779296875,363523,0.05323345893252207,-0.08838086513991983,,,0.3841447441353214,58.429311976766996,0.9501996362695618,,0,1934425000.0,20518000.0,-129082000.0,-132559000.0,-140901000.0,-233674000.0,24422000.0,68351000.0,0.01060676945345516,-0.0667288729208938,-0.12079765304935575,-0.06852630626672009,,,,,,,,,,,,,0.8895020878611022,0.09153163084655658,0.4946324042996397,1.8005369191864715,1.2090589431233023,6271110000.0,-592672000.0,-368900000.0,-363244000.0,,,,0.0,,3554207232.0,0.968,4.37,GOACARBON.NS,,,,,0.36401839512775847,,42.438130155820346,45.25547445255474,62.0531622364803,,50.45620437956204,63.68613138686131,24.680073126142595,58.68725868725869,92.54716981132076,96.4885496183206,99.03288201160542,63.48470806302131,39.77695167286245,90.76190476190476,61.95657335758103,Q5 (Highest)
2026-02-28,261.1499938964844,291.8999938964844,248.60000610351562,254.60000610351562,1221995,0.006324134796504399,-0.19595764720985098,,,0.34825756478018455,48.62042771042113,1.488462606512216,,0,18182000.0,19075000.0,-105637000.0,1968574000.0,1963003000.0,2102721000.0,258975000.0,67551000.0,1.0491145088549114,-5.809976900230998,115.64849851501485,108.27048729512705,,,,,,,,,,,,,-0.1810647689397351,13.986572302165964,-0.6040850100165491,1.2755834188278379,3.6081822884845423,1149974000.0,14699673000.0,257615000.0,3069052000.0,,,,0.0,,12642905088.0,0.616,3.93,GOCLCORP.NS,,,,,0.27996171510532447,,84.2346471127406,55.74817518248175,36.57195233730523,,19.16058394160584,41.78832116788321,41.590493601462526,58.204633204633204,89.81132075471699,96.10687022900764,94.63249516441006,99.44392956441149,73.51301115241635,2.9523809523809526,59.58392095769705,Q4 (High)
2026-02-28,1670.0,1780.0999755859375,1396.0,1436.5,50189811,-0.14621099554234773,-0.10018269617281605,,,0.2092384445500796,15.543459387401313,1.1332659337663185,,0,338720000000.0,94580000000.0,62850000000.0,68410000000.0,57140000000.0,40760000000.0,14270000000.0,2050000000.0,0.27922768068020787,0.18555148795465282,0.12033538025507794,0.20196622579121398,,,,,,,,,,,,,0.116082902237306,0.060629716367421205,0.1332218133154901,-0.1121759965149205,-0.06760256235518602,,,347830000000.0,,,,,0.0,,3886669889536.0,0.224,3.76,HCLTECH.NS,,,,,0.27060871856514224,,61.044912923923015,94.43430656934306,0.7332722273143905,,45.98540145985402,3.832116788321168,98.90310786106032,92.95366795366795,41.41509433962264,95.26717557251908,68.3752417794971,60.24096385542169,98.69888475836431,55.9047619047619,61.185927199578046,Q5 (Highest)
2026-02-28,143.39999389648438,147.89999389648438,128.0,129.89999389648438,64691,-0.06445813333532613,0.044632050586782324,,,0.7709204383707331,29.282955576593594,0.8769561568149521,,0,492000.0,-160000.0,-5983000.0,-5782000.0,-5937000.0,-5937000.0,0.0,0.0,-0.3252032520325203,-12.160569105691057,-12.067073170731707,-11.752032520325203,,,,,,,,,,,,,0.4385964912280702,-25.634854771784234,0.7202797202797202,4.387477313974592,4.246823956442832,2575000.0,-9304000.0,-11236000.0,-8290000.0,,,,0.0,,772520192.0,,,AGRITECH.NS,,,,,0.39743216474837917,,34.46379468377635,0.9124087591240766,5.316223648029331,,83.12043795620438,14.416058394160583,8.500914076782449,1.1100386100386102,96.1320754716981,,,0.46339202965708987,14.312267657992564,94.28571428571428,36.86888837154518,Q1 (Lowest)
2026-02-28,393.95001220703125,394.8500061035156,331.0,340.1000061035156,2725369,-0.10441078050423802,-0.364477266957257,,,0.3387088219560572,28.352523236742186,0.5978671153750283,,0,1948926000.0,1253594000.0,173194000.0,571621000.0,223785000.0,71652000.0,27788000.0,124345000.0,0.6432229853775875,0.08886638076561142,0.03676486434066763,0.2933005152581473,,,,,,,,,,,,,-0.1306148066960815,-0.6713844121774704,-0.09236481706661104,-0.7054182615023454,-0.24415351212404102,8452197000.0,711212000.0,1287597000.0,2739112000.0,,,,0.0,,18368456704.0,-0.165,,GOCOLORS.NS,,,,,0.31469412440291983,,11.915673693858846,58.21167883211679,4.949587534372136,,1.824817518248175,7.481751824817519,48.446069469835464,69.20849420849422,20.09433962264151,,26.402321083172147,19.184430027803522,41.542750929368026,16.095238095238095,31.690476855997762,Q1 (Lowest)
2026-02-28,13.199999809265137,14.640000343322754,12.300000190734863,12.84000015258789,5112589,0.03548391512852067,-0.12175100868019761,,,0.3918635884918053,54.96367725637438,1.0356429040556558,,0,50700000.0,-32500000.0,-175000000.0,-54100000.0,-55000000.0,-55000000.0,0.0,0.0,-0.6410256410256411,-3.4516765285996054,-1.0848126232741617,-1.0670611439842208,4240000000.0,3550000000.0,7246600000.0,-3006600000.0,2341700000.0,7231400000.0,111700000.0,3100000.0,-1.1807357147608595,0.8372641509433962,0.3238238791935172,0.3233951931852753,-0.2788051209103841,0.22222222222222232,-0.2533136966126657,-0.298469387755102,-0.29188481675392675,224527000.0,-191492000.0,-95619000.0,-188347000.0,0.06369054746224971,-0.04516320754716981,-0.1759642988590357,0.0,-2.366474764150943,4227055360.0,0.43,,HCL-INSYS.NS,,,,,0.324761866398007,,52.52062328139322,43.065693430656935,52.887259395050414,,38.777372262773724,57.11678832116789,26.142595978062154,1.1100386100386102,32.35849056603774,,85.73500967117988,72.47451343836886,14.312267657992564,7.0476190476190474,42.23655144402273,Q2 (Low)
2026-02-28,250.89999389648438,310.0,243.35000610351562,289.20001220703125,7456683,0.1390311900713901,0.1570314692458934,,,0.4401042090762933,76.09756242796273,1.7523285115874923,,0,4307508000.0,878532000.0,-214467000.0,-310658000.0,-445834000.0,-415924000.0,-153086000.0,123176000.0,0.20395365487423356,-0.04978911240559507,-0.09655791701373509,-0.07212012142519526,14634858000.0,4925400000.0,7384315000.0,7250543000.0,4894681000.0,3857558000.0,138033000.0,2108565000.0,0.6793146389173886,0.33655263344543557,1.2688548039977623,0.722248635017283,-0.19219528002876018,1.596798361720194,0.3421005649742159,-0.44542431458720566,-0.014519326851396563,19907602000.0,200801000.0,1001199000.0,1286799000.0,0.027694615423975832,0.013720734427351465,0.08222763526406127,1.0,2.038397475397438,14800093184.0,,,GODAVARIB.NS,,,,,0.23388542419007843,,93.95050412465628,29.56204379562044,93.21723189734189,,93.06569343065694,86.04014598540147,45.61243144424132,69.01544401544402,26.88679245283019,,,92.95644114921224,1.1152416356877324,84.95238095238096,61.09162339223157,Q5 (Highest)
2026-02-28,591.0999755859375,613.9500122070312,556.5,588.5999755859375,2247407,-0.06266428195899176,-0.1869604728763884,,,0.2648890038711101,50.04111961842601,0.8308678607261692,,0,6311800000.0,3154900000.0,489600000.0,993600000.0,387100000.0,-94300000.0,18300000.0,447800000.0,0.4998415665895624,0.07756899775024557,-0.014940270604265027,0.1574194366107925,,,,,,,,,,,,,-0.021669043338086724,-1.5795943454210204,0.13205990494126096,-2.351002865329513,0.05792163543441231,24542740000.0,189500000.0,2177910000.0,4486670000.0,,,,0.0,,82997092352.0,-0.401,,HCG.NS,,,,,0.2686545365208094,,29.514207149404214,82.02554744525548,39.96333638863428,,20.894160583941606,14.963503649635038,69.56124314442414,84.55598455598455,5.471698113207547,,14.119922630560927,6.85820203892493,37.36059479553903,55.52380952380952,40.72081400128808,Q2 (Low)
2026-02-28,1990.0,2635.0,1877.300048828125,2487.800048828125,36424040,0.20591374155507758,-0.1386330271840388,,,0.5460360357806414,75.2476221216364,2.213803668024519,,0,18169000000.0,7019200000.0,3490200000.0,4741900000.0,4432000000.0,3432900000.0,968600000.0,30500000.0,0.3863283614948539,0.19209642798172713,0.18894270460674775,0.2609884968903077,,,,,,,,,,,,,0.23242326606749186,-0.03654121411130762,0.3455927006650572,0.3823943945556316,0.24915044387661012,63385269000.0,12947428000.0,12571502000.0,18738272000.0,,,,0.0,,388051435520.0,0.049,1.49,GODFRYPHLP.NS,,,,,0.32828193340625395,,97.70852428964253,11.952554744525543,92.30064161319889,,33.48540145985402,91.33211678832117,88.29981718464352,44.11196911196911,76.0377358490566,76.6412213740458,48.25918762088975,50.602409638554214,88.84758364312268,85.04761904761905,65.64178549102952,Q5 (Highest)
2026-02-28,316.54998779296875,350.0,307.20001220703125,332.54998779296875,7100044,0.03759746581269496,-0.06244720510788704,,,0.187911017219253,62.632182918782455,0.9450621580110052,,0,25704000000.0,,,,,1400900000.0,228200000.0,,,,0.054501244942421416,,,,,,,,,,,,,,0.14956819635326046,0.012723198149352966,0.1504016828160315,0.5657762378450877,,101821300000.0,5125500000.0,,,,,,0.0,,307371671552.0,,,GODIGIT.NS,,,,,0.3554533216861992,,41.70485792850596,97.08029197080292,73.60219981668195,,59.397810218978094,58.02919708029197,86.19744058500915,,81.41509433962264,,,55.42168674698795,71.2360594795539,59.238095238095234,62.22151556030199,Q5 (Highest)
2026-02-28,19.350000381469727,20.600000381469727,18.610000610351562,18.690000534057617,291016865,0.01520916289876384,-0.2222222222222222,,,0.6439740488099225,44.206021407319874,0.6863763253631668,,0,9253200000.0,3507600000.0,622900000.0,1432400000.0,1383400000.0,80700000.0,73200000.0,1229500000.0,0.37906886266372714,0.06731725240997709,0.008721307223447024,0.15480050144814766,,,,,,,,,,,,,-0.152117141469583,-0.8409225310467179,-0.08093880672619458,-1.2073484069886948,-0.7170623790147355,,,,,,,,0.0,,48957857792.0,0.121,,HCC.NS,,,,,0.31325883646790753,,18.148487626031166,4.470802919708035,24.931255728689276,,13.412408759124087,47.08029197080292,62.24862888482633,90.92664092664093,11.037735849056604,,56.38297872340425,15.66265060240964,54.368029739776944,17.142857142857142,37.72085125822182,Q1 (Lowest)
2026-02-28,525.0,656.7000122070312,514.0,636.0499877929688,12277252,0.22813276271337846,0.10646258120590657,,,0.2911156945013645,76.30817980499324,2.060125340804085,,0,27132600000.0,7012100000.0,1856700000.0,2370400000.0,1811500000.0,1148200000.0,367400000.0,346800000.0,0.258438188747116,0.06843059640432543,0.042318097049306,0.08736354053795066,,,,,,,,,,,,,0.04223069004194646,-0.2846997258908547,0.11077177526323556,0.02243989314336603,-0.04415500625025204,98866800000.0,4576100000.0,6719800000.0,9439300000.0,,,,0.0,,122437935104.0,-0.054,1.73,GODREJAGRO.NS,,,,,0.19580650260646046,,96.60861594867094,73.44890510948905,93.40054995417049,,90.14598540145985,92.88321167883211,74.9542961608775,81.56370656370656,50.943396226415096,80.76335877862594,36.12185686653772,31.974050046339205,78.25278810408922,50.095238095238095,68.74373059563013,Q5 (Highest)
2026-02-28,62.4900016784668,67.4000015258789,60.209999084472656,61.75,33722,-0.03182814076747542,-0.2339660149801518,,,0.27798526398447904,46.693870916209605,0.7829933330713524,,0,13858000.0,5951000.0,-40100000.0,-39076000.0,-39681000.0,-37389000.0,-5506000.0,3214000.0,0.42942704574974744,-2.893635445230192,-2.6980083706162508,-2.8197431086736904,,,,,,,,,,,,,2.38330078125,-0.18677135896989738,-1.2098234563788874,-0.6731387907822499,-0.6851299737312855,117420000.0,-80222000.0,-70083000.0,-65909000.0,,,,0.0,,446050432.0,1.058,1.62,HBSL.NS,,,,,0.2827960847121369,,25.114573785517873,77.73722627737226,31.439046746104495,,11.77007299270073,24.45255474452555,4.753199268738574,14.382239382239382,20.566037735849058,78.70229007633588,99.32301740812379,37.34939759036144,7.899628252788105,0.09523809523809523,35.572301490393016,Q1 (Lowest)
2026-02-28,16.0,17.600000381469727,15.300000190734863,16.93000030517578,9838386,0.004151820420530861,0.08040843795450914,,,0.5087112644633822,60.97561429470608,1.2962736827568178,,0,506870000.0,85631000.0,63184000.0,67975000.0,63415000.0,43528000.0,17980000.0,1907000.0,0.16894075403949732,0.12465523704302879,0.08587606289581155,0.13410736480754434,4823117000.0,62091000.0,756376000.0,4011797000.0,1317514000.0,753711000.0,2895000.0,610347000.0,0.015477104150583891,0.012873625085188686,1.748036050953217,0.9382468877328313,0.18029084050344046,0.19799636703913692,-0.0185953213520913,0.07739907428033965,0.07724124815771538,1856585000.0,138376000.0,200819000.0,225574000.0,0.034492273661902634,0.028690160325781026,0.049294187763630225,1.0,1.733097890845277,8303500288.0,-0.404,,HARDWYN.NS,,,,,0.290571178441861,,74.06049495875344,17.06204379562044,69.2025664527956,,88.04744525547446,40.237226277372265,35.10054844606947,10.424710424710424,56.320754716981135,,13.926499032882012,70.80630213160333,37.267657992565056,22.857142857142858,45.687559489464704,Q2 (Low)
2026-02-28,7.659999847412109,7.889999866485596,6.949999809265137,7.019999980926514,1328091,-0.00987308464807668,0.033873346151053196,,,0.7455817795232894,29.032261372440146,0.35184700251860934,,0,121418000.0,9000000.0,6756000.0,7442000.0,7435000.0,5375000.0,1652000.0,408000.0,0.07412410021578349,0.055642491228648144,0.04426855985109292,0.06129239486731786,357694000.0,13887000.0,115401000.0,242293000.0,236126000.0,110235000.0,1158000.0,32982000.0,0.05731490385607508,0.03882368728578058,2.1420238581212865,1.8428266884383362,-0.3204381237022237,0.06943891762833276,-0.4398246828143022,0.04633054311855167,-0.07529821073558651,656261750.0,20996170.0,16467050.0,20483380.0,0.08665611470409793,0.05869869217823055,0.0642792177375283,1.0,3.273962241468965,1001984128.0,-0.041,,GOYALALUM.NS,,,,,0.2761718984879455,,2.2914757103574703,1.0036496350364956,5.224564619615032,,81.47810218978103,33.3029197080292,10.603290676416819,5.6949806949806945,53.49056603773585,,38.34622823984526,61.35310472659871,22.397769516728623,4.0,31.279110117008344,Q1 (Lowest)
2026-02-28,247.5500030517578,277.8999938964844,238.8000030517578,262.8500061035156,29606975,0.08280126098255658,0.08750521068398065,,,0.3755640872610157,59.925569717493495,1.0957752708125816,,0,11394500000.0,5381000000.0,1850700000.0,2448900000.0,2001200000.0,1432500000.0,441500000.0,125200000.0,0.47224538154372725,0.16242046601430515,0.12571854842248453,0.21491947869586203,,,,,,,,,,,,,-0.12864768138994254,-0.11267343904856297,-0.12187885326757086,-0.010567757977621217,0.014163250093179203,52340742000.0,7419075000.0,9653352000.0,11933699000.0,,,,0.0,,170502356992.0,0.649,0.38,GPIL.NS,,,,,0.27116976320325326,,56.920256645279565,48.631386861313864,66.08615948670943,,88.41240875912408,73.9963503649635,80.25594149908592,69.4015444015444,48.0188679245283,28.320610687022903,95.35783365570599,44.39295644114921,80.66914498141264,13.428571428571429,59.59280220909408,Q4 (High)
2026-02-28,1020.0999755859375,1370.0,1020.0999755859375,1347.5,1665228,0.31054275820982835,0.3258880411149825,,,0.3292031528809272,83.00385543505395,2.0939980458118628,,0,3913070000.0,2304254000.0,979712000.0,1285615000.0,1061343000.0,789407000.0,247291000.0,24645000.0,0.5888609199426538,0.25036914749800027,0.20173597712282174,0.32854382875849397,,,,,,,,,,,,,0.10600124249795218,0.20180528004067888,0.08355610493885623,0.1060845319078878,0.08538529208647194,13389172000.0,2768928000.0,3432590000.0,4600152000.0,,,,0.0,,127106875392.0,0.463,0.22,HAPPYFORGE.NS,,,,,0.2741882055238666,,97.06691109074244,60.94890510948905,97.89184234647112,,98.26642335766424,96.62408759124088,75.50274223034735,40.25096525096525,58.9622641509434,15.419847328244273,87.66924564796905,71.17701575532901,72.58364312267658,43.333333333333336,67.71314842102774,Q5 (Highest)
2026-02-28,965.3291079900376,1034.302533780629,949.5694686498339,975.2000122070312,1407844,0.07853963132747777,-0.10647396133746856,,,0.219789380071605,52.929354538162094,1.8506898472464919,,0,23082768000.0,7032245000.0,4190660000.0,5588618000.0,5098549000.0,2592034000.0,977420000.0,1533636000.0,0.30465345403982746,0.1815492838640496,0.11229303175425062,0.24211212450777134,,,,,,,,,,,,,0.4407463619275125,0.345694664224512,0.3622168943975339,-0.009575127823122864,0.06640539952101032,73705057000.0,10997726000.0,9199524000.0,21452749000.0,,,,0.0,,94474248192.0,0.479,0.51,GRINFRA.NS,,,,,0.2009301341951232,,94.77543538038496,92.24452554744525,46.83776351970669,,43.97810218978102,72.44525547445255,71.11517367458866,92.08494208494209,48.113207547169814,38.01526717557252,88.39458413926499,77.66450417052828,88.94052044609666,86.09523809523809,69.38030129634475,Q5 (Highest)
2026-02-28,38.79999923706055,44.45000076293945,38.060001373291016,42.0,43607,0.010100965619285418,-0.11504423071636738,,,0.47614587495592786,63.489214556232504,0.8693522964940378,,0,,,,,,,,,,,,,,,,,,,,,,,,,,,,,,,,,,,,,,,,0.638,,GUJRAFFIA.NS,,,,,0.283641856588559,,33.73052245646196,23.17518248175182,75.80201649862511,,40.87591240875913,44.43430656934307,,,,,95.16441005802709,,,,50.878823364864544,Q3 (Medium)
2026-02-28,165.67999267578125,170.0,158.52999877929688,161.38999938964844,20261653,0.03901369656317222,-0.006219178231494982,,,0.3294576828821153,46.29812059125232,0.8902042882838214,,0,4827880000.0,614886000.0,206265000.0,311909000.0,303902000.0,191426000.0,61989000.0,49303000.0,0.12736149200062968,0.04272372138495571,0.0396501155786805,0.06460578970479797,,,,,,,,,,,,,0.33209685478817663,0.29683625770611743,0.3004593741801218,0.4136143439475395,0.33781546485494185,14601660000.0,728315000.0,896093000.0,1242230000.0,,,,0.0,,33492275200.0,0.039,,GRMOVER.NS,,,,,0.36777620004330996,,35.747021081576534,60.76642335766424,30.339138405132903,,72.8102189781022,58.57664233576643,57.40402193784278,54.440154440154444,77.64150943396227,,46.905222437137326,75.62557924003707,51.57992565055763,81.33333333333333,56.87794604208449,Q4 (High)
2026-02-28,410.8999938964844,435.29998779296875,401.20001220703125,405.1499938964844,4227617,0.014650654351005876,0.007710499185767716,,,0.24310064945857135,39.516149375959436,0.784422641243196,,0,36584100000.0,7938600000.0,3121000000.0,5031800000.0,3679600000.0,2668400000.0,924000000.0,87200000.0,0.2169959080584188,0.08531028506919673,0.07293879034881273,0.13754062557231148,,,,,,,,,,,,,-0.032269072055867154,-0.046352882312998056,-0.11906888937583227,0.20747545137789047,0.14792170461285759,153062600000.0,11621700000.0,13919800000.0,21269900000.0,,,,0.0,,278901260288.0,0.063,1.44,GUJGASLTD.NS,,,,,0.419200673196521,,25.389550870760768,87.5912408759124,15.123739688359302,,75.63868613138686,46.806569343065696,85.55758683729434,63.12741312741312,66.13207547169812,74.8854961832061,49.75822050290135,49.76830398517145,88.47583643122677,13.80952380952381,56.13761621719467,Q4 (High)
2026-02-28,908.9000244140625,999.0,903.4000244140625,957.0,1033,-0.0033326517041756265,-0.11935212754174618,,,0.22297728569104866,61.17646256285719,0.5896264348663223,,0,389608000.0,437823000.0,152373000.0,176429000.0,166181000.0,163168000.0,,3013000.0,1.123752592349233,0.3910930987043387,0.4188004353093366,0.4528372107348925,1381143000.0,147966000.0,332490000.0,1048653000.0,767494000.0,259690000.0,926000.0,291078000.0,0.14110101244167517,0.1071330050545092,2.9554237745003658,1.8345565866995264,1.182433340802151,11.051702489105548,-0.24345463830844905,-0.30360854441859964,-0.281304356681671,994506000.0,-8248000.0,-50238000.0,62872000.0,-0.007865328187684583,-0.005971865331830231,-0.04198328791369684,0.0,2.6212943192703433,1112350720.0,-0.009,0.31,GROBTEA.NS,,,,,0.226764029217651,,11.182401466544455,91.97080291970804,70.30247479376719,,39.416058394160586,36.496350364963504,11.425959780621572,13.8996138996139,32.075471698113205,22.519083969465647,42.504835589941976,99.07321594068583,,7.809523809523809,41.911719508473986,Q2 (Low)
2026-02-28,202.50999450683594,220.0,201.0,201.02000427246094,272160,-0.0003978211269347609,-0.045579674614393495,,,0.1799531475278032,48.405681220657,0.6474001343305011,,0,64946144000.0,1285020000.0,433733000.0,452110000.0,447685000.0,320562000.0,15222000.0,89360000.0,0.019785932171739094,0.00667834875616326,0.0049358126634893055,0.006961306278629875,,,,,,,,,,,,,-0.049338735947107804,-0.1605863499245852,4.073355467339634,0.23586833319197176,-0.13439299718171793,162680507000.0,1351464000.0,1906401000.0,2007696000.0,,,,0.0,,10229318656.0,-0.14,,AFSL.NS,,,,,0.3593149823448157,,15.123739688359302,97.53649635036496,36.02199816681943,,63.68613138686131,37.408759124087595,38.75685557586837,63.7065637065637,67.54716981132076,,28.91682785299807,39.01760889712697,35.22304832713755,98.57142857142858,51.43444183059577,Q3 (Medium)
2026-02-28,174.0,224.88999938964844,164.7100067138672,204.38999938964844,817799,0.2429457331252307,-0.07870185365566462,,,0.5011437958135951,64.34232636794184,1.4093967002514212,,0,187675000.0,51101000.0,-25738000.0,-19688000.0,-24757000.0,-36885000.0,0.0,12128000.0,0.27228453443452777,-0.13714133475422938,-0.19653656587185295,-0.10490475556147595,,,,,,,,,,,,,-0.776649438097947,-2.606069842375686,-0.022240861918059407,-0.5052645697806988,-0.6779375439629648,2054652000.0,-201668000.0,-114035000.0,-83091000.0,,,,0.0,,2298624256.0,-0.505,,AFFORDABLE.NS,,,,,0.24865522930900053,,80.56828597616865,18.339416058394164,77.72685609532539,,54.1058394160584,93.97810218978103,19.378427787934186,29.53667953667954,24.528301886792452,,9.961315280464216,4.263206672845228,14.312267657992564,22.476190476190478,39.944992602308425,Q1 (Lowest)
2026-02-28,397.95001220703125,420.0,367.54998779296875,387.3999938964844,168483,-0.01135641734775339,-0.1540561555409511,,,0.457515368210372,47.74044274202874,0.695332465883376,,0,128887000.0,30052000.0,-38014000.0,54012000.0,39418000.0,18949000.0,11003000.0,9466000.0,0.2331654860459162,-0.29494052930086045,0.14702025805550598,0.41906476215599714,5612406000.0,454558000.0,697043000.0,4915363000.0,2227416000.0,545202000.0,1703000.0,255965000.0,0.0924769950866294,0.0809916460070779,4.085487580749887,3.616001041815694,0.16317708427341482,0.4746303501945526,0.31125309025057746,-0.5768328904173832,-0.22633320441751537,471547000.0,-40597000.0,-206192000.0,110239000.0,-0.008259206898859759,-0.007233439633554665,-0.03839758536484987,0.0,1.692997869362979,5045694464.0,-0.025,0.52,GUJAPOLLO.NS,,,,,0.3906314034284276,,18.606782768102658,26.551094890510953,33.73052245646196,,29.37956204379562,32.75547445255474,27.605118829981716,25.965250965250963,23.30188679245283,38.396946564885496,40.522243713733076,82.20574606116774,32.62081784386617,82.19047619047619,39.58879490488267,Q1 (Lowest)
2026-02-28,1706.699951171875,1880.0,1646.699951171875,1793.5999755859375,32478,0.05898330713473854,-0.05669509174501286,,,0.46436907330811183,60.14986898369608,0.7543138780742502,,0,1347085000.0,661097000.0,58593000.0,98241000.0,49335000.0,8523000.0,2198000.0,38610000.0,0.4907611620647546,0.043496141668862766,0.006326994955774877,0.07292858282884895,,,,,,,,,,,,,0.0177709578078582,-0.5648422342489534,0.018497376419530864,-0.8055574567106975,-0.24671630232254993,4976916000.0,240049000.0,442472000.0,639467000.0,,,,0.0,,9565863936.0,0.25,0.81,GRPLTD.NS,,,,,0.2876794679656832,,22.548120989917507,25.0,66.81943171402384,,60.67518248175182,65.96715328467153,37.202925045703836,48.55212355212355,17.830188679245282,55.648854961832065,71.1798839458414,22.150139017608897,23.141263940520446,29.809523809523807,43.101652761517606,Q2 (Low)
2026-02-28,444.6000061035156,491.54998779296875,437.29998779296875,464.5,391119,0.013528283596272006,-0.16313843759013558,,,0.23340705521400967,60.731588320117254,1.0000235862150126,,0,10444600000.0,3305300000.0,6300000.0,1264800000.0,223100000.0,-199500000.0,237800000.0,184800000.0,0.3164601803802922,0.0006031825057924669,-0.019100779350094785,0.12109606878195431,,,,,,,,,,,,,-0.03575549995845606,-2.2209302325581395,0.014620025062900055,0.7764915405164736,0.35446562433069184,41948321000.0,-85686000.0,180415000.0,4865659000.0,,,,0.0,,34131746816.0,-0.452,3.4,GUJALKALI.NS,,,,,0.31985626226231123,,48.762603116406964,90.14598540145985,68.28597616865261,,27.189781021897808,46.62408759124087,57.678244972577694,75.0,85.66037735849056,94.27480916030534,12.040618955512572,4.726598702502317,72.21189591078067,29.142857142857142,54.11625570017896,Q4 (High)
2026-02-28,2529.9787875958605,2708.300048828125,2387.0,2477.300048828125,12947358,0.09237722085470512,-0.11811736219688873,,,0.43912730528147725,41.14755049842746,0.6213273352349352,,0,18956931000.0,3577240000.0,1595616000.0,2339216000.0,2215570000.0,1707727000.0,469931000.0,37912000.0,0.18870354067332945,0.08417058647309525,0.09008457117874195,0.12339634511514548,,,,,,,,,,,,,0.44723825138597784,0.4210311278866188,0.6442482456994776,0.7466082461679446,0.6284033027290465,61139012000.0,6333827000.0,5733113000.0,9007103000.0,,,,0.0,,283826126848.0,0.351,1.08,GRSE.NS,,,,,0.4985437233786805,,13.290559120073327,29.83576642335767,18.698441796516956,,40.05474452554745,76.36861313868614,85.6489945155393,47.97297297297297,85.37735849056604,65.49618320610688,80.70599613152805,80.07414272474513,81.78438661710037,93.9047619047619,59.94752810450015,Q4 (High)
2026-02-28,2959.800048828125,4488.89990234375,2868.800048828125,4190.7001953125,2093238,0.5495286357228693,0.03341394894756489,,,0.6668651341339817,74.34414791213378,1.3939921321073605,,0,4587400000.0,2468200000.0,585000000.0,867300000.0,749700000.0,557700000.0,173400000.0,18600000.0,0.5380389763264595,0.12752321576492132,0.12157213236255832,0.18906134193660898,,,,,,,,,,,,,-0.19475504221594198,-0.3886879316014469,-0.01636040054034349,-0.08288110508140112,-0.0740898900395004,20391300000.0,3078200000.0,3605700000.0,4583800000.0,,,,0.0,,97439834112.0,0.031,0.29,GRWRHITECH.NS,,,,,0.2659962954778015,,79.37671860678277,3.1934306569343107,91.38405132905592,,81.2956204379562,99.54379562043796,71.57221206581352,34.45945945945946,42.83018867924528,21.52671755725191,46.22823984526112,27.52548656163114,67.65799256505576,23.238095238095237,52.65546724153203,Q3 (Medium)
2026-02-28,299.29998779296875,319.79998779296875,282.6499938964844,288.54998779296875,530553,-0.07545664162126264,-0.1813023753749432,,,0.29972510614756614,44.14615662954947,1.075771097892905,,0,2370545000.0,1326160000.0,300731000.0,399616000.0,321886000.0,168240000.0,57815000.0,95845000.0,0.5594325355561696,0.1268615444971515,0.07097102143178045,0.16857558072088907,12711077000.0,3692100000.0,6399434000.0,6311294000.0,7272090000.0,4696781000.0,745998000.0,2296617000.0,0.5849988924616727,0.290463192064685,1.5483136216059468,1.0593368096149256,0.05959168165919837,0.2871832537642307,0.16100801303164514,-0.22714368402193985,0.031804966718134375,7993383000.0,569192000.0,1071967000.0,1366609000.0,0.09018625974324758,0.044779211077078676,0.10716032978407129,1.0,1.6506696639474372,28936515584.0,-0.089,0.03,GUFICBIO.NS,,,,,0.2706520273174963,,56.003666361136574,70.89416058394161,24.839596700274978,,22.445255474452555,12.226277372262775,55.11882998171846,64.67181467181467,35.18867924528302,0.9160305343511451,33.704061895551256,75.34754402224281,50.65055762081785,61.904761904761905,44.26074909124064,Q2 (Low)
2026-02-28,177.25,186.1199951171875,171.1999969482422,171.97999572753906,8957847,0.02423912796535843,-0.0849694146315999,,,0.2495916117264732,40.190619780922994,0.8442983835830191,,0,29410500000.0,8675200000.0,1272900000.0,2348100000.0,1844400000.0,1580600000.0,248700000.0,14200000.0,0.2949694836877986,0.043280461059825574,0.05374271093657027,0.07983883306982201,,,,,,,,,,,,,-0.07728001455745648,-0.5122658684852038,0.04512325564040687,0.18087411281285015,0.07326995154950189,64956220000.0,6923355000.0,6571228000.0,10938998000.0,,,,0.0,,68530163712.0,-0.03,2.91,GSFC.NS,,,,,0.3353387830098138,,30.7057745187901,85.85766423357664,16.315307057745187,,51.73357664233576,51.277372262773724,67.18464351005484,30.79150579150579,64.62264150943396,91.6030534351145,39.60348162475822,23.540315106580167,72.76951672862454,36.285714285714285,50.819371113800514,Q3 (Medium)
2026-02-28,77.1500015258789,81.5,68.05000305175781,71.06999969482422,1263960,-0.0941881146556236,-0.29738014213829567,,,0.29745881494192866,37.17847855651553,1.2291923316255433,,0,9326210000.0,2487650000.0,195530000.0,1191730000.0,253550000.0,110080000.0,36820000.0,101140000.0,0.26673750644688465,0.02096564413625685,0.011803294157004828,0.1277828828645291,,,,,,,,,,,,,0.03200401903731209,0.04232553735441713,0.09006573441612775,-0.1389236545682102,0.04090313564503445,36079650000.0,423840000.0,629350000.0,4590000000.0,,,,0.0,,7992748032.0,0.219,2.81,GTPL.NS,,,,,0.22119684215392224,,70.0274977085243,71.53284671532847,12.37396883593034,,5.200729927007299,8.94160583941606,34.643510054844604,66.21621621621621,40.18867924528302,90.83969465648855,67.64990328820116,58.38739573679332,45.446096654275095,44.19047619047619,47.70924140458563,Q3 (Medium)
2026-02-28,88.11000061035156,93.0,79.5,84.66999816894531,402943,0.0020118126502404188,-0.34180660315084976,,,0.403897693346449,49.178734560154446,0.8316180207963797,,0,592660000.0,313370000.0,-14680000.0,56920000.0,9730000.0,-30100000.0,4250000.0,38830000.0,0.5287517294907704,-0.02476968244862147,-0.050787972868086256,0.09604157527081295,,,,,,,,,,,,,0.0959963014331946,-0.3547695605573419,0.28668504808840445,-0.7106325706594885,70.15,2429230000.0,-186060000.0,-129170000.0,144600000.0,,,,0.0,,3588468224.0,-1.332,,GSLSU.NS,,,,,0.2708926984458544,,29.697525206232818,38.503649635036496,37.67186067827681,,2.737226277372263,39.14233576642336,24.954296160877515,48.84169884169884,19.716981132075475,,1.160541586073501,28.82298424467099,26.95167286245353,79.80952380952381,35.20068641338103,Q1 (Lowest)
2026-02-28,297.3999938964844,316.1000061035156,292.6499938964844,300.3999938964844,4086065,0.010087424551340707,-0.001329766997064108,,,0.23500039174564405,51.230750450721146,0.6050239297497645,,0,38849980000.0,10126774000.0,4242996000.0,7079517000.0,5192210000.0,2567506000.0,1311133000.0,90587000.0,0.26066355761315707,0.10921488247870398,0.06608770454965485,0.18222704361752567,,,,,,,,,,,,,-0.030658841937876935,-0.015403010808107798,-0.10904190605778885,0.09656778289247203,0.09097688234860812,161958103000.0,10524983000.0,13658777000.0,35055983000.0,,,,0.0,,169544433664.0,0.449,1.66,GSPL.NS,,,,,0.49357651914263356,,12.098991750687443,89.96350364963504,43.17140238313474,,73.54014598540147,44.34306569343065,80.16453382084096,63.996138996138995,58.20754716981133,79.54198473282442,86.65377176015474,52.45597775718258,91.2639405204461,15.04761904761905,59.36324155115382,Q4 (High)
2026-02-28,1.0099999904632568,1.3200000524520874,0.9800000190734863,1.1699999570846558,1529611416,0.125,-0.12686572541742158,,,0.5003231877214837,63.076920255401326,1.3841316645242505,,0,3505900000.0,1378000000.0,386300000.0,1027000000.0,454300000.0,195800000.0,0.0,258500000.0,0.39305171282694884,0.11018568698479705,0.05584871217091189,0.292934767106877,,,,,,,,,,,,,-0.016550253864063502,-1.1012043210833722,0.03580819570419824,-1.0931715441351415,0.09383320907444892,13786300000.0,-6552000000.0,954500000.0,3607400000.0,,,,0.0,,14986659840.0,-0.279,,GTLINFRA.NS,,,,,0.28250562942589147,,79.01008249312558,18.43065693430657,74.88542621448214,,37.22627737226277,83.75912408759125,45.9780621572212,78.95752895752895,12.547169811320755,,19.294003868471954,11.214087117701576,14.312267657992564,34.19047619047619,43.987010857498774,Q2 (Low)
2026-02-28,14.949999809265137,16.219999313354492,14.100000381469727,15.050000190734863,708607,-0.011818736501093441,-0.24561405437673878,,,0.4093148740590923,59.45946033023529,0.9375668109041809,,0,191433000.0,15105000.0,-10402000.0,11751000.0,5989000.0,2586000.0,770000.0,2633000.0,0.07890489100625284,-0.05433754890745065,0.013508642710504459,0.06138440080863801,5222036000.0,1439113000.0,1718289000.0,3503747000.0,913129000.0,266656000.0,73757000.0,,0.4107354212504499,0.2755846570188333,3.424370724828993,,-0.20518409645757563,-1.1698968530319953,-0.43097190722338974,1.5402750491159134,0.11426133131044947,1049569000.0,-28387000.0,-29833000.0,2742000.0,-0.008101897768303477,-0.005436002356169126,-0.0060355745459106675,0.0,1.2926655618613123,389015936.0,-0.348,,GSS.NS,,,,,0.415609147260772,,40.78826764436297,36.67883211678832,64.71127406049496,,9.58029197080292,32.02554744525548,3.656307129798903,12.741312741312742,91.0377358490566,,16.827852998065765,10.287303058387396,19.423791821561338,4.095238095238096,32.7902503287417,Q1 (Lowest)
2026-02-28,4.949999809265137,6.199999809265137,3.9200000762939453,5.880000114440918,21942736,0.15068492383716348,-0.23834193338819432,,,0.3543907447445727,71.9047597422355,1.156069883820366,,0,372639000.0,172609000.0,144149000.0,148304000.0,144149000.0,103910000.0,37609000.0,,0.4632070180523241,0.3868328328489503,0.27884896642595114,0.39798303451866285,,,,,,,,,,,,,0.09083484334429137,0.03464069858908103,0.3825305898328226,0.1632541112989354,0.16555458625107078,1271359300.0,375928800.0,524985700.0,539654200.0,,,,0.0,,2521163520.0,,,AFIL.NS,,,,,0.41581954186869363,,63.336388634280475,53.92335766423358,89.45921173235564,,10.857664233576642,87.68248175182481,20.383912248628885,,63.113207547169814,,,57.367933271547734,45.91078066914498,86.76190476190476,55.25312283431115,Q4 (High)
2026-02-28,7.070000171661377,8.5,6.900000095367432,7.389999866485596,10601585,0.08199120776500357,-0.12023807117998353,,,0.4029380879306472,56.87500232830692,1.563909158916733,,0,553992000.0,494126000.0,175486000.0,-325920000.0,-343648000.0,-394749000.0,-33000000.0,84101000.0,0.8919370676832878,0.3167663070946873,-0.7125536108824676,-0.5883117445739289,1495515000.0,54619047000.0,62021124000.0,-60525609000.0,1333941000.0,58486700000.0,752347000.0,,-0.9024121839071458,36.52189847644457,0.022807595573010615,,-0.00587511170607935,-3.5302476732559036,-0.20729641246365527,-5.228562552890641,-2.067351336481592,2320595000.0,-544835000.0,672347000.0,67410000.0,0.009001726855817346,-0.3643126280913264,-0.11383051595835277,0.0,-101.7258983025914,1162423168.0,-0.099,,GTL.NS,,,,,0.2246435566379144,,87.62603116406966,38.777372262773724,58.111824014665444,,39.14233576642336,73.54014598540147,11.70018281535649,62.35521235521235,2.2641509433962264,,32.688588007736946,3.3364226135310475,4.228624535315985,9.142857142857142,38.194249840449324,Q1 (Lowest)
2026-02-28,1519.199951171875,1726.0,1505.0,1672.4000244140625,721662,0.06312380037456822,0.10004602427210263,,,0.2725052371037825,67.63212658596873,1.581354128163445,,0,7498280000.0,3964072000.0,1119237000.0,1575478000.0,1305817000.0,951676000.0,328642000.0,21377000.0,0.5286641736504906,0.14926583163072066,0.1269192401457401,0.21011191900009069,,,,,,,,,,,,,0.07109701636768828,0.0075859360028629474,0.08559003263453069,-0.010593991262816238,0.032278566439568834,28549832000.0,3689801000.0,4225791000.0,6035277000.0,,,,0.0,,185168134144.0,0.222,1.02,GRINDWELL.NS,,,,,0.19423344995417274,,88.08432630614116,79.83576642335767,84.3263061411549,,89.41605839416059,67.6094890510949,81.35283363802559,37.16216216216216,47.924528301886795,63.89312977099236,68.13346228239845,54.77293790546802,76.2081784386617,43.714285714285715,65.49556430198601,Q5 (Highest)
2026-02-28,2.069999933242798,2.740000009536743,2.069999933242798,2.5999999046325684,1588875,0.2807881484119268,-0.05109492861930498,,,0.38107642733155644,81.15940526663142,0.5771293955626685,,0,4059000.0,4059000.0,-28203000.0,-18798000.0,-24656000.0,-24656000.0,0.0,0.0,1.0,-6.948263118994826,-6.074402562207441,-4.631189948263119,39398762000.0,24836372000.0,62397086000.0,-22998324000.0,32444252000.0,62397084000.0,34466000.0,28146868000.0,-1.07992095423997,0.6303845790890586,0.5199642342260737,0.06887155175392491,-1.0127130588390054,-0.050523721503388797,-0.9783249495370222,0.5358166189111748,0.9611893583724569,-166987000.0,-8714000.0,-18469000.0,-821000.0,0.0003788971752898168,-0.00022117446228386568,-0.010048159786904367,0.0,-1.7358262120012804,1237243264.0,-0.101,,HDIL.NS,,,,,0.49489738691553953,,10.357470210815766,46.53284671532847,96.60861594867094,,62.04379562043796,95.62043795620438,12.431444241316271,1.1100386100386102,80.56603773584906,,32.15667311411992,49.30491195551436,14.312267657992564,0.7619047619047619,43.4537629685462,Q2 (Low)
2026-02-28,325.04998779296875,354.0,306.0,335.75,893558,0.06604218760688907,-0.20598322063685426,,,0.45637165911924615,57.461701441124184,0.6596043922926899,,0,433682000.0,361218000.0,174175000.0,217219000.0,178338000.0,124646000.0,44088000.0,9604000.0,0.8329098279384434,0.40161915873843046,0.2874133581748839,0.5008716063844014,,,,,,,,,,,,,0.024071520326431894,-0.12614974761637687,0.09737903531900471,-0.039137238577584554,0.1367842078270063,1593145000.0,477883000.0,628804000.0,749328000.0,,,,0.0,,36651356160.0,-0.478,0.2,GUJTHEM.NS,,,,,0.33335888930555896,,16.13198900091659,26.642335766423358,59.395050412465636,,17.244525547445257,68.33941605839416,58.3180987202925,26.158301158301157,46.0377358490566,13.129770992366414,11.02514506769826,42.72474513438369,47.11895910780669,46.285714285714285,38.5701191400843,Q1 (Lowest)
2026-02-28,1094.4869090920365,1173.6254949545348,1057.3724147767098,1080.4000244140625,603777,0.005072011917365726,-0.06305106628759494,,,0.23023906159011936,49.66937190888299,0.9604160452057215,,0,10175531000.0,4405588000.0,1147762000.0,1340247000.0,1162429000.0,764364000.0,259694000.0,141402000.0,0.43295902690483673,0.1127962756931309,0.07511784888670675,0.13171273322247262,,,,,,,,,,,,,0.05252438031270801,-0.10665377931065112,0.10555866532405789,-0.2193357300433042,-0.14582916417579417,39453025000.0,3500767000.0,4376215000.0,5705604000.0,,,,0.0,,53371838464.0,0.536,3.89,GULFOILLUB.NS,,,,,0.23625858337131977,,43.62969752520623,90.32846715328466,38.863428047662694,,59.215328467153284,40.6021897810219,63.25411334552102,71.62162162162163,35.660377358490564,95.87786259541986,91.63442940038685,44.94902687673772,73.60594795539033,48.47619047619048,59.84791204027248,Q4 (High)
2026-02-28,163.80999755859375,184.8800048828125,162.50999450683594,175.60000610351562,21048507,0.03721206697103119,-0.013205905507321036,,,0.32097338725963326,58.54868978544639,0.65297287828981,,0,2922510000.0,1777480000.0,1279940000.0,1461520000.0,1461520000.0,1079090000.0,358520000.0,23910000.0,0.6082032225723778,0.43795915155123505,0.3692339803798789,0.5000906754810077,,,,,,,,,,,,,0.16691755141806452,0.03435418164390125,0.2872281854659331,0.42948548113607465,0.14168762791569667,9839000000.0,4239670000.0,4898480000.0,5721250000.0,,,,0.0,,84924694528.0,0.267,6.15,GPPL.NS,,,,,0.40889963318418276,,15.765352887259395,64.05109489051095,62.51145737855178,,71.25912408759125,57.93795620437956,70.018281535649,39.768339768339764,78.01886792452831,98.77862595419847,72.678916827853,57.27525486561631,77.78810408921933,80.19047619047619,63.06945684027822,Q5 (Highest)
2026-02-28,414.8999938964844,436.75,365.0,377.04998779296875,10017569,-0.07868054296159133,-0.24119542679745554,,,0.25703249064263906,37.516285755780984,1.4409593199700943,,0,5875600000.0,1955100000.0,850300000.0,1007900000.0,787200000.0,403000000.0,139000000.0,245200000.0,0.3327489958472326,0.14471713527129143,0.06858873987337463,0.17153992783715705,34355700000.0,,18003900000.0,16351800000.0,20944700000.0,12095300000.0,,,,,1.7316395624746803,,0.06848517912347707,-0.29459128303868365,0.1263706770953148,-0.1861873990306947,-0.15181351510561303,22128500000.0,1815400000.0,2909500000.0,4393800000.0,0.11102141660245356,0.052841304354153754,,1.0,1.695149858684294,56644640768.0,-0.044,1.66,HAPPSTMNDS.NS,,,,,0.2018812682032472,,82.58478460128322,84.67153284671532,12.740604949587533,,10.401459854014599,11.405109489051094,63.89396709323584,77.99227799227799,37.45283018867924,79.54198473282442,38.007736943907155,31.32530120481928,63.47583643122676,54.0,49.83289508850816,Q3 (Medium)
2026-02-28,128.0,135.88999938964844,123.31999969482422,127.08000183105469,1482571,-0.024487620609379368,-0.11325096646452226,,,0.22983461740470654,45.9854142352418,0.9731177159401387,,0,1201586000.0,751958000.0,135982000.0,221297000.0,150198000.0,93683000.0,33894000.0,22621000.0,0.6258045616377022,0.11316876195295218,0.0779661214428264,0.18417075431970745,,,,,,,,,,,,,0.010517374777138544,-0.11656482214929653,0.17564423432537635,-0.23499726443520796,-0.043788429380679283,4469330000.0,405445000.0,592883000.0,864595000.0,,,,0.0,,10427527168.0,,1.97,GPTHEALTH.NS,,,,,0.25000106248459136,,44.82126489459212,90.51094890510949,29.514207149404214,,41.14963503649635,27.00729927007299,38.84826325411335,38.706563706563706,34.71698113207547,83.89312977099237,,43.65152919369787,43.95910780669145,64.66666666666666,48.76303978576507,Q3 (Medium)
2026-02-28,443.04998779296875,462.70001220703125,431.0,445.8999938964844,1181361,-0.05469581861961692,-0.0990099022111709,,,0.24403441258533648,55.45023696682465,0.4385847755718223,,0,5298600000.0,3331400000.0,753500000.0,1546400000.0,858900000.0,337400000.0,211300000.0,211300000.0,0.6287321179179406,0.1422073755331597,0.06367719775034915,0.29185067753746274,,,,,,,,,,,,,0.08707069878133855,0.1227953410981697,0.23017273402674587,0.5102954341987467,0.21267252195734,,,,,,,,0.0,,141264470016.0,,,AGARWALEYE.NS,,,,,0.3616455369729061,,4.307974335472044,87.22627737226277,54.44546287809349,,46.441605839416056,16.970802919708028,77.3308957952468,75.96525096525096,80.0,,,65.33827618164968,70.26022304832715,73.61904761904762,56.79372113029831,Q4 (High)
2026-02-28,99.60915290301519,131.75999450683594,98.66616941807516,121.94999694824219,7147126,0.23723060008690822,0.20341864151770706,,,0.38138840650672723,71.73151886660861,1.6623963876424972,,0,2839337000.0,1090798000.0,336840000.0,417798000.0,360069000.0,201520000.0,64380000.0,91659000.0,0.3841734883883104,0.1186333288369785,0.07097431548280461,0.14714632324377133,,,,,,,,,,,,,0.01889303718249047,-0.07569808828385871,0.021060698252139964,-0.05900371691664019,0.1709158578863439,12487301000.0,896697000.0,1389078000.0,1630355000.0,,,,0.0,,15410162688.0,-0.549,3.08,GPTINFRA.NS,,,,,0.26487256991209324,,90.83409715857012,46.16788321167883,89.09257561869845,,95.71167883211679,93.61313868613139,46.25228519195612,64.0926640926641,44.43396226415094,92.51908396946565,8.51063829787234,47.63670064874884,52.13754646840149,30.476190476190478,60.098562994443036,Q4 (High)
2026-02-28,4378.620808385828,4570.12951540431,3919.4358360565607,4170.0,32579344,-0.01285483967167289,-0.08495194159059805,,,0.3102908384859943,43.587842095892825,1.418212057118184,,0,76988000000.0,23700700000.0,15646100000.0,24877900000.0,24877900000.0,18666800000.0,6201500000.0,9800000.0,0.3078492752117213,0.20322777575726086,0.24246376058606536,0.3231399698654336,,,,,,,,,,,,,0.16145013811342057,0.1183952740148706,0.106577110981112,0.2964586096969781,0.21815537688639064,319700100000.0,88961800000.0,87093500000.0,117968400000.0,,,,0.0,,2788791681024.0,0.411,1.2,HAL.NS,,,,,0.35840945047622325,,81.11824014665444,66.97080291970804,23.464711274060495,,51.82481751824818,31.386861313868614,98.35466179159049,26.88223938223938,71.41509433962264,69.08396946564885,84.71953578336557,65.24559777571825,97.4907063197026,48.66666666666667,61.10826031313962,Q5 (Highest)
2026-02-28,552.9000244140625,602.0,537.6500244140625,599.0499877929688,11279786,0.11440796464809155,0.08759985669813752,,,0.3089327722724355,67.78161577667854,0.812537781169339,,0,13780200000.0,8764620000.0,2345690000.0,3044570000.0,2309280000.0,1502110000.0,520230000.0,286940000.0,0.6360299560238604,0.17022176746346207,0.10900494912991103,0.22093801251070377,,,,,,,,,,,,,0.06437605142298364,0.1501079582867555,0.21570191210020484,0.2772718383034447,0.2902579185136842,50783070000.0,5454840000.0,8167820000.0,10611490000.0,,,,0.0,,145382834176.0,-0.024,0.25,GRANULES.NS,,,,,0.4949358168083616,,27.864344637946836,67.51824817518249,84.6929422548121,,88.5036496350365,81.66058394160584,77.78793418647166,79.63320463320464,70.18867924528301,18.549618320610687,40.81237911025145,67.19184430027804,82.34200743494424,71.61904761904762,63.890965566311664,Q5 (Highest)
2026-02-28,3209.800048828125,3819.0,3152.0,3648.60009765625,10611927,0.4264602502169328,0.25727088134260856,,,0.4736394460975676,65.50381469662067,0.7675976552795636,,0,17006400000.0,7253000000.0,4430700000.0,4040800000.0,3925200000.0,2908000000.0,989100000.0,28100000.0,0.4264864992003011,0.2605313293818798,0.17099444914855583,0.2376046664785022,,,,,,,,,,,,,0.2785517205085217,-0.0013736263736263687,0.5351923233162119,1.0107868897801136,0.937568928314553,52546600000.0,9111700000.0,12449300000.0,12867100000.0,,,,0.0,,934211354624.0,0.402,0.14,GVT&D.NS,,,,,0.4679935170909642,,23.73968835930339,23.631386861313857,79.92667277726856,,97.08029197080292,98.44890510948905,93.51005484460696,42.471042471042466,88.11320754716981,8.702290076335878,84.13926499032883,54.21686746987952,89.12639405204462,91.42857142857143,64.96897586387715,Q5 (Highest)
2026-02-28,597.0,705.0,574.75,690.8499755859375,22959376,0.1126589602535224,0.24477473078547307,,,0.4351035002413132,72.48238323640746,1.1347826796866798,,0,6420000000.0,3020000000.0,180000000.0,1230000000.0,990000000.0,680000000.0,300000000.0,20000000.0,0.470404984423676,0.028037383177570093,0.1059190031152648,0.19158878504672897,,,,,,,,,,,,,-0.11934156378600824,-0.11688311688311692,0.22753346080305925,-4.4,10.181818181818182,26255100000.0,3291100000.0,131300000.0,5434500000.0,,,,0.0,,135059357696.0,0.882,1.59,GRAPHITE.NS,,,,,0.33777931860785043,,61.136571952337306,30.47445255474453,89.73418881759854,,96.71532846715328,81.2043795620438,76.41681901279708,35.61776061776062,2.6415094339622645,78.47328244274809,97.96905222437138,43.46617238183504,75.27881040892194,73.42857142857143,62.83712662032302,Q5 (Highest)
2026-02-28,7.849999904632568,8.890000343322754,6.329999923706055,6.940000057220459,1200054,-0.12040555454258717,-0.2348401002504158,,,0.4072551579153313,25.510179753183024,1.401900327735206,,0,18195000.0,10910000.0,-904038000.0,-901353000.0,-902881000.0,-902923000.0,-165800.0,208000.0,0.599615278922781,-49.68606760098928,-49.624787029403684,-49.538499587798846,1200650000.0,0.0,348102000.0,852548000.0,724163000.0,341731000.0,386636000.0,0.0,0.0,0.0,2.1191024519285637,2.1191024519285637,-0.5560245961641697,-43.99223883439672,3.6737734395068067,-4341.975961538462,-1204.4085447263017,82098830.0,-909899320.0,-883616780.0,-906451990.0,-1.0672704879959838,-0.7578389372423271,-1.0364422648343554,0.0,-1.036874084870695,1144258816.0,-1.012,2.16,GVPTECH.NS,,,,,0.21628579575847445,,80.20164986251146,37.22627737226277,3.2997250229147568,,11.587591240875913,5.565693430656935,11.608775137111516,4.633204633204633,0.09433962264150944,85.72519083969465,2.321083172147002,0.18535681186283595,10.966542750929369,98.47619047619047,30.126108024866923,Q1 (Lowest)
2026-02-28,2740.0,2979.0,2713.0,2832.800048828125,9094604,0.03553149133718492,0.03583442966588857,,,0.16727171336540975,56.183592147032265,0.8609392729736839,,0,443119700000.0,196162000000.0,39743200000.0,59582700000.0,39832300000.0,10365900000.0,8177200000.0,9325600000.0,0.44268399712312495,0.08968953535579664,0.023393001936045724,0.13446186211084726,,,,,,,,,,,,,0.10453865189959233,-0.2693278258662982,0.25251693550347465,0.2639491781690484,0.27064220183486243,,,,,,,,0.0,,1921789329408.0,0.148,0.35,GRASIM.NS,,,,,0.4349405029853931,,32.538955087076076,98.54014598540147,56.37030247479377,,81.84306569343066,57.20802919708029,97.3491773308958,96.04247104247105,69.33962264150944,26.33587786259542,59.96131528046421,33.27154772937905,97.95539033457248,75.90476190476191,65.51071083762878,Q5 (Highest)
2026-02-28,1599.9000244140625,1698.0,1467.0,1486.199951171875,2691854,-0.08066313644895295,-0.13542760257598896,,,0.24710304549907683,33.020918223562205,1.0271742567159774,,0,7174740000.0,2700680000.0,1298520000.0,1805770000.0,1473830000.0,1193240000.0,268000000.0,12590000.0,0.37641503385488534,0.18098495555239633,0.16631125309070433,0.2516843815943156,,,,,,,,,,,,,0.15583658214389273,0.13103317535545034,0.32160211611363065,0.29712689284821336,0.2703360558287431,25413280000.0,4281120000.0,4594270000.0,6393820000.0,,,,0.0,,209006444544.0,0.325,,AFFLE.NS,,,,,0.39594495490291587,,51.51237396883593,86.4963503649635,8.157653528872594,,34.85401459854015,10.948905109489052,82.9981718464351,29.922779922779924,71.50943396226414,,78.57833655705996,65.80166821130676,73.97769516728626,82.95238095238095,55.18065094601428,Q4 (High)
2026-02-28,2.940000057220459,3.190000057220459,2.8499999046325684,2.9700000286102295,10001253,0.006779654441774419,-0.03571425253915794,,,0.23663292260447732,60.000007947284075,0.8728396001820709,,0,0.0,,-25300000.0,-11900000.0,-12100000.0,-12100000.0,0.0,0.0,,,,,5822100000.0,7007700000.0,7927300000.0,-14527900000.0,3901500000.0,4753300000.0,338500000.0,0.0,-0.4823615250655635,1.203637862626887,0.820798182315444,0.820798182315444,-1.0,-0.9985495258987546,-1.0,-1.0016758074344911,-1.0012109371025022,2678700000.0,-9811600000.0,-2973000000.0,-12060900000.0,0.6753625782115791,-1.685233850328919,0.3953352304459988,0.0,-3.2157554834166366,4690254848.0,-0.513,,GVKPIL.NS,,,,,0.2435298592473018,,34.188817598533454,89.05109489051095,66.26947754353803,,66.24087591240875,42.24452554744526,27.3308957952468,1.1100386100386102,14.150943396226415,,9.767891682785299,12.696941612604263,14.312267657992564,0.38095238095238093,35.18298150855219,Q1 (Lowest)
2026-02-28,1555.0,1763.800048828125,1526.0,1585.9000244140625,2223275,0.02065901311442686,-0.06941669413642737,,,0.3247869233629329,43.21116213117387,0.7184236466082645,,0,10170700000.0,2197700000.0,1099400000.0,1314700000.0,1216300000.0,976700000.0,176000000.0,65400000.0,0.21608148898305918,0.10809482139872378,0.09603075501194608,0.12926347252401507,,,,,,,,,,,,,-0.02199165336461717,0.047287154192579894,0.09666601971059507,0.3565277777777778,0.26596051998074155,40603100000.0,3639900000.0,3669000000.0,4901600000.0,,,,0.0,,115512057856.0,-0.027,0.73,GRAVITA.NS,,,,,0.479667181107203,,20.531622364802935,62.591240875912405,22.548120989917507,,56.84306569343066,49.63503649635037,73.85740402193784,58.108108108108105,74.33962264150942,51.908396946564885,40.08704061895551,58.75810936051899,68.02973977695167,46.095238095238095,52.222183066013216,Q3 (Medium)
2026-02-28,163.0,177.5,157.25999450683594,161.6199951171875,14717523,-0.016012206288051778,-0.21064715449481075,,,0.3099793373527984,47.815749671693155,1.121533868324363,,0,8754700000.0,2912800000.0,345200000.0,512800000.0,236800000.0,255000000.0,113900000.0,63700000.0,0.3327127143134545,0.039430248894879324,0.029127211669160564,0.058574251544884465,,,,,,,,,,,,,0.17444964651275097,-0.2293744333635539,0.2412556180970069,-2.452991452991453,0.5773608120578284,31182800000.0,1034500000.0,1034500000.0,2412300000.0,,,,0.0,,37642874880.0,0.115,1.24,GREAVESCOT.NS,,,,,0.26384522037987884,,59.57836846929423,67.15328467153284,34.00549954170486,,16.33211678832117,29.83576642335766,58.775137111517374,57.625482625482626,5.188679245283019,70.07633587786259,55.512572533849124,34.661723818350325,61.05947955390335,74.76190476190476,48.30442342815759,Q3 (Medium)
2026-02-28,126.11000061035156,174.52000427246094,121.5,153.16000366210938,3819234,0.18940745965995553,0.07397800299141166,,,0.4277678326895592,75.16270046991401,1.684550437342962,,0,6266518000.0,2227010000.0,732455000.0,855774000.0,736879000.0,409044000.0,166632000.0,161203000.0,0.3553823670497715,0.11688388990504775,0.06527452725740196,0.13656292058843525,,,,,,,,,,,,,0.15678322703289327,1.5969069023312508,0.027694790365788702,5.0372824819565185,2.1129921718127056,22547349000.0,768021000.0,1371146000.0,1958825000.0,,,,0.0,,9559618560.0,-0.102,0.2,GULPOLY.NS,,,,,0.32489708630657943,,92.02566452795601,32.3905109489051,92.1173235563703,,87.13503649635037,90.69343065693431,37.111517367458866,73.26254826254826,96.79245283018868,13.129770992366414,31.866537717601545,93.04911955514366,66.82156133828995,32.095238095238095,62.5660474896901,Q5 (Highest)
2026-02-28,237.3000030517578,266.20001220703125,237.3000030517578,242.9199981689453,301106,-0.01790987598648519,-0.04022128679999626,,,0.3481274644224934,48.79904391416118,0.5427496222524407,,0,7063700000.0,3923000000.0,325000000.0,646100000.0,288800000.0,-1700000.0,61700000.0,233000000.0,0.555374662004332,0.04600988150685901,-0.00024066707249741637,0.09146764443563571,,,,,,,,,,,,,-0.12606092099077026,-1.005258274048871,0.17329413328018073,-1.013375295043273,-0.0037008481110254454,28047300000.0,188800000.0,1443100000.0,2807500000.0,,,,0.0,,62159171584.0,0.295,0.16,GREENLAM.NS,,,,,0.2770550891044442,,8.43263061411549,55.93065693430657,36.755270394133824,,64.96350364963503,28.923357664233578,65.63071297989032,76.64092664092664,13.962264150943396,10.15267175572519,75.3384912959381,12.32622798887859,51.39405204460966,64.09523809523809,44.30306694723829,Q2 (Low)
2026-02-28,709.0999755859375,744.9500122070312,591.6500244140625,608.7000122070312,704552,-0.11641749073132146,-0.21976543849473062,,,0.3811526052531577,22.121642995947425,1.7420212820944292,,0,2447991000.0,919474000.0,153709000.0,330101000.0,203728000.0,119899000.0,15860000.0,67969000.0,0.3756035050782458,0.06278985502806178,0.04897852974132667,0.134845675494722,13441970000.0,4167188000.0,6877148000.0,6564822000.0,5766951000.0,5374805000.0,190562000.0,1906256000.0,0.6347754744911591,0.31001319003092553,1.072960042271301,0.718294896279958,-0.5876071100973457,-0.07983054619688257,-0.2482992246828981,-0.34990836830519323,-0.10797014505912617,22039576000.0,832614000.0,1182644000.0,1831378000.0,0.12682963833596705,0.06194136722519095,0.11019781010267415,1.0,2.408367553267862,9104805888.0,-0.159,0.54,AGARIND.NS,,,,,0.23213360730131832,,93.67552703941338,46.35036496350365,2.2914757103574703,,13.959854014598541,6.021897810218978,36.38025594149909,58.4942084942085,30.377358490566035,40.0763358778626,27.079303675048354,47.08063021316033,35.78066914498142,7.428571428571429,36.333096853599315,Q1 (Lowest)
2026-02-28,33.77000045776367,35.5,31.510000228881836,33.0099983215332,698311,0.03805028658813581,-0.10904186231362167,,,0.30987731525226064,56.09755624789567,0.9118328188475016,,0,1521613000.0,221167000.0,68421000.0,76805000.0,76805000.0,54703000.0,19145000.0,2957000.0,0.14535036175426996,0.04496609847576223,0.03595066551087563,0.05047604088556026,3999293000.0,157478000.0,591819000.0,3407474000.0,3281569000.0,505859000.0,675000.0,827255000.0,0.04621546635425538,0.03937645978926775,6.48712190551122,4.851774901701858,-0.03813482180107963,-0.15082506713857713,0.21620068418696858,0.12868815251929178,0.11229381182024878,6283309000.0,271969000.0,348019000.0,378768000.0,0.07981542925932818,0.06800426975467914,0.09762235227851596,1.0,3.6601672095542885,1693544832.0,-0.07,,GULFPETRO.NS,,,,,0.48839958220242397,,38.13015582034831,67.24452554744525,56.18698441796517,,42.97445255474452,58.3029197080292,16.63619744058501,13.610038610038611,60.56603773584905,,34.96131528046422,40.12974976830399,37.9182156133829,71.80952380952381,45.898007753778664,Q2 (Low)
2026-02-28,225.0,234.8000030517578,211.0,214.92999267578125,2286188,0.018432522334163925,-0.1850995538359005,,,0.3001645952739445,44.315643892778986,0.7668996397900462,,0,4162722000.0,2164007000.0,154511000.0,442671000.0,188799000.0,102406000.0,12115000.0,74278000.0,0.5198538360236403,0.0371177801448187,0.024600730003108542,0.10634171582920983,,,,,,,,,,,,,0.051261446458605864,-2.6736835223743993,0.15812026447969574,0.20419562328759078,1.5516973040275306,14730551000.0,-11157000.0,-30582000.0,1026857000.0,,,,0.0,,26372407296.0,0.317,0.14,GREENPANEL.NS,,,,,0.3321744770765097,,23.556370302474793,70.71167883211679,25.29789184234647,,21.44160583941606,48.44890510948905,53.47349177330896,60.13513513513513,65.75471698113208,8.702290076335878,77.85299806576403,4.077849860982391,33.27137546468401,60.66666666666667,43.55939839665682,Q2 (Low)
2026-02-28,225.39999389648438,248.49000549316406,216.02000427246094,222.92999267578125,2735105,-0.016846779820148816,-0.2264747285449893,,,0.3940343014634362,49.32861323298357,1.0136554697140872,,0,6734025000.0,2730289000.0,423118000.0,483672000.0,317641000.0,143669000.0,76099000.0,98189000.0,0.40544681672550964,0.06283285256588741,0.021334788629385842,0.07182509717442391,,,,,,,,,,,,,-0.02203435269487064,-0.10200140010500791,0.0959367490281613,-0.412627352859409,-0.09374145122184285,26061169000.0,752654000.0,1855365000.0,2065353000.0,,,,0.0,,27841234944.0,0.32,0.22,GREENPLY.NS,,,,,0.2916718077658568,,50.229147571035746,41.97080291970803,38.13015582034831,,12.773722627737227,29.56204379562044,54.47897623400365,65.15444015444015,27.92452830188679,15.419847328244273,78.14313346228239,45.31974050046339,55.01858736059479,45.904761904761905,44.001992532075136,Q2 (Low)
2026-02-28,11.270000457763672,11.4399995803833,9.850000381469727,10.0600004196167,49153958,0.020284053742741337,-0.23498093449062263,,,0.3480191015677343,45.724913389310615,0.9751559453763343,,0,359700000.0,230900000.0,-87600000.0,139200000.0,-78200000.0,-255500000.0,0.0,134900000.0,0.641923825410064,-0.24353628023352794,-0.7103141506811231,0.3869891576313595,,,,,,,,,,,,,-0.7254408060453401,-1.315743944636678,0.042306577803535195,0.06369691923397158,-0.19257540603248258,2869400000.0,682400000.0,1029000000.0,2194300000.0,,,,0.0,,11810933760.0,0.248,,GREENPOWER.NS,,,,,0.2540317065088546,,45.554537121906506,56.02189781021898,28.689275893675525,,11.496350364963504,49.36131386861314,40.85923217550274,70.75289575289575,55.283018867924525,,71.08317214700193,8.989805375347544,14.312267657992564,35.80952380952381,42.54755272303777,Q2 (Low)
2026-02-28,3.2799999713897705,4.300000190734863,3.0999999046325684,3.5799999237060547,24178447,0.08814588608374652,-0.2366737995675524,,,0.5740071287740462,57.6131654134158,1.7670689096204668,,0,1130869000.0,105689000.0,74241000.0,77539000.0,74241000.0,36927000.0,16359000.0,20955000.0,0.09345821664578302,0.06564951378099497,0.03265364953854071,0.06856585510788606,3050893000.0,1010497000.0,1307440000.0,1743453000.0,2861559000.0,1230764000.0,452000.0,,0.5795952056063456,0.33121351682933486,2.3250265688629175,,0.007162278783819698,0.17924889825637091,0.0228055069669173,0.06753201699864131,-0.059118321583283784,4560039000.0,138395000.0,283088000.0,302639000.0,0.07937982842095542,0.04536212839978328,0.10279344214673469,1.0,3.0164356796518264,1163233664.0,0.177,,DUCON.NS,,,,,0.3754731826492543,,94.04216315307058,8.759124087591246,59.94500458295142,,11.13138686131387,75.18248175182481,11.882998171846435,36.87258687258687,55.660377358490564,,63.78143133462283,69.0454124189064,36.2453531598513,30.761904761904763,46.8873483009974,Q3 (Medium)
2026-02-28,975.5499877929688,1039.0,943.5499877929688,974.9500122070312,1202808,-0.015301448088553493,-0.21413023424689281,,,0.24904019820748008,50.146207744980146,1.017245628002572,,0,8835000000.0,5305300000.0,679200000.0,525800000.0,155400000.0,-79900000.0,-46100000.0,290400000.0,0.6004867006225241,0.0768760611205433,-0.009043576683644595,0.059513299377475945,,,,,,,,,,,,,0.11195016046818962,-1.716591928251121,0.09694320975391713,-1.5249671484888305,-0.433160845191893,32619100000.0,176900000.0,2396800000.0,2640900000.0,,,,0.0,,43856838656.0,-0.095,0.21,GMMPFAUDLR.NS,,,,,0.2575936642818577,,50.59578368469294,86.04014598540147,40.329972502291476,,15.602189781021897,30.01824817518248,61.15173674588665,79.92277992277992,7.9245283018867925,14.122137404580155,33.1237911025145,6.39481000926784,3.5315985130111525,46.19047619047619,38.32987988793289,Q1 (Lowest)
2026-02-28,37.95000076293945,37.95000076293945,34.0,34.70000076293945,373112,-0.04064134587841817,-0.15899170686999642,,,0.39236538240731306,41.32766003329483,1.1576813877443872,,0,228082000.0,81694000.0,36909000.0,41833000.0,36949000.0,24674000.0,2978000.0,9297000.0,0.358178199068756,0.16182337931094956,0.10818039126279146,0.18341210617234152,,,,,,,,,,,,,-0.2760358804745974,4.6774045098941555,,,,,,,,,,,0.0,,703511872.0,-0.558,2.88,AGROPHOS.NS,,,,,0.21345348261304206,,63.61136571952337,42.700729927007295,19.24839596700275,,28.102189781021895,21.715328467153284,8.043875685557587,25.57915057915058,,91.45038167938931,8.220502901353965,97.4050046339203,24.62825278810409,,42.04701187527896,Q2 (Low)
2026-02-28,3978.800048828125,4206.10009765625,3820.0,3949.0,775718,0.06118828048912106,0.02849252514878553,,,0.32040251588260915,46.58050268726168,0.8858131265370074,,0,10487361000.0,5645855000.0,2622327000.0,4222981000.0,3940927000.0,2944207000.0,849109000.0,162291000.0,0.5383484939633526,0.25004641301086133,0.28073859572489207,0.40267337035503975,,,,,,,,,,,,,0.0185119612522322,0.06120303272233141,-0.0012519395492046614,0.13583368922087047,0.1910127348403956,42567683000.0,11621041000.0,10901220000.0,16378321000.0,,,,0.0,,368522133504.0,0.121,0.41,AIAENG.NS,,,,,0.44982056006612503,,35.197066911090744,64.23357664233576,31.164069660861593,,80.2919708029197,67.33576642335767,87.84277879341865,73.55212355212355,61.13207547169811,30.0,56.38297872340425,60.333642261353106,87.36059479553904,25.238095238095237,57.33764928507983,Q4 (High)
2026-02-28,145.0,147.8000030517578,112.0,124.76000213623047,6293826,0.028270009506402793,-0.24870526333586573,,,0.3966899021527709,45.2978816414499,1.473384434708767,,0,2474200000.0,575900000.0,211800000.0,295400000.0,245600000.0,139100000.0,75400000.0,31200000.0,0.23276210492280333,0.08560342737046318,0.056220192385417506,0.11939212674803977,,,,,,,,,,,,,0.05870774497218667,-0.09792477302204927,0.12173006301854294,-0.21456804065499713,0.08046817849305055,9034800000.0,318600000.0,452500000.0,1060500000.0,,,,0.0,,7050702848.0,0.286,2.4,ADSL.NS,,,,,0.21766490929684387,,83.77635197066911,40.87591240875912,27.497708524289642,,9.215328467153284,52.919708029197075,32.72394881170018,44.5945945945946,36.13207547169811,88.2442748091603,74.41972920696325,45.78313253012048,54.832713754646846,52.761904761904766,49.58515888939046,Q3 (Medium)
2026-02-28,2356.10009765625,2479.60009765625,2275.60009765625,2314.5,24639090,-0.022592905405405372,-0.04897890190385956,,,0.19142192523682766,44.74974678487166,1.0807898738578445,,0,162350000000.0,82440000000.0,34510000000.0,33440000000.0,30070000000.0,66070000000.0,8010000000.0,880000000.0,0.5077918078226055,0.21256544502617802,0.4069602710194025,0.20597474591931014,,,,,,,,,,,,,-0.005391165839612855,1.3973149492017418,0.03216987729671317,1.5499807024314936,-0.16190476190476188,633570000000.0,148110000000.0,134510000000.0,153840000000.0,,,,0.0,,5438918623232.0,0.268,1.86,HINDUNILVR.NS,,,,,0.4177773816383459,,56.278643446379476,96.62408759124088,26.12282309807516,,62.86496350364964,27.73722627737226,99.3601462522852,88.51351351351352,91.13207547169812,82.13740458015268,72.82398452611218,92.3076923076923,97.76951672862454,33.23809523809524,68.46067816899274,Q5 (Highest)
2026-02-28,0.46000000834465027,0.5299999713897705,0.4399999976158142,0.47999998927116394,9691942,0.11627902624863751,-0.05882353284917219,,,0.2992542815553306,74.99999068677579,0.9417808146351958,,0,51298000.0,38253000.0,21763000.0,38499000.0,26188000.0,25136000.0,1052000.0,0.0,0.7457015868065032,0.42424655932005145,0.4899996101212523,0.7504970954033295,1214312000.0,0.0,166669000.0,1047643000.0,221218000.0,52008000.0,8566000.0,,0.0,0.0,4.253537917243501,,0.05992421143109805,0.43663675197554697,2.1292624900872323,6.124716553287982,4.570684416148169,171454800.0,62855420.0,61348420.0,100197420.0,0.0599969837053271,0.05176216656015917,0.05855851659391606,1.0,1.5874234957737385,825689792.0,0.174,,GATECHDVR.NS,,,,,0.5809686914250375,,41.429880843263064,71.07664233576642,91.75068744271312,,60.21897810218978,81.93430656934306,9.140767824497258,1.1100386100386102,97.12264150943396,,63.34622823984526,80.76923076923077,20.492565055762082,98.04761904761905,57.76263908998016,Q4 (High)
2026-02-28,438.95001220703125,475.75,426.75,430.8999938964844,68788419,0.004311866113857921,-0.08688281527927655,,,0.3053175611675713,32.24778850297879,0.8620608528092492,,0,1146234500000.0,110519400000.0,53235400000.0,60510100000.0,60510100000.0,40114000000.0,13055800000.0,7340300000.0,0.09641953718894344,0.0464437250841778,0.03499632928515064,0.05279033217024963,,,,,,,,,,,,,0.03950168902604201,-0.024211066595636543,0.15240655904895428,27.116632788953527,3.680980598446638,4440340600000.0,140814200000.0,96701700000.0,217756300000.0,,,,0.0,,916878655488.0,0.912,3.6,HINDPETRO.NS,,,,,0.3851763593440198,,32.81393217231897,68.7956204379562,7.332722273143904,,50.638686131386855,40.32846715328467,93.41864716636198,95.46332046332047,99.05660377358491,94.80916030534351,98.40425531914893,51.52919369786839,98.3271375464684,59.523809523809526,66.02943706426643,Q5 (Highest)
2026-02-28,56.092604530463596,63.75,54.41660467589576,59.709999084472656,19090124,0.1009995685366274,0.031185475220574244,,,0.3311380828962451,57.600703497862334,1.544529042872552,,0,5604146000.0,4440089000.0,838438000.0,868374000.0,868374000.0,678439000.0,48665000.0,148050000.0,0.7922864607738628,0.14961030636960565,0.12106019364948736,0.1549520658455365,,,,,,,,,,,,,0.018140376171630335,0.12596881856414033,0.4369874102771667,0.13239061892338944,0.14560004643750468,20457111000.0,3903767000.0,3108217000.0,4681349000.0,,,,0.0,,29838733312.0,,3.35,GATEWAY.NS,,,,,0.3147746609890989,,86.52612282309808,60.31021897810219,59.85334555453712,,80.74817518248175,78.28467153284672,55.667276051188296,72.2007722007722,60.94339622641509,94.04580152671755,,65.52363299351252,48.3271375464684,89.14285714285714,66.77156051726647,Q5 (Highest)
2026-02-28,155.5,159.85000610351562,129.36000061035156,132.3000030517578,8637119,-0.06296479379506903,-0.0823333236314373,,,0.3410766991828939,26.838922422397175,1.2530620219399635,,0,753795000.0,138264000.0,73623000.0,97009000.0,97009000.0,82756000.0,-14173000.0,28426000.0,0.18342387519153086,0.09766979085825722,0.10978581709881334,0.12869414097997467,,,,,,,,,,,,,-0.7607073686937259,1.9263083451202263,-0.48552983339328015,-0.8089578976042402,-0.8230941070272537,5124348000.0,1061364000.0,167202000.0,1169945000.0,,,,0.0,,17495787520.0,0.232,,HINDOILEXP.NS,,,,,0.22130460208748642,,71.21906507791017,57.57299270072993,4.032997250229148,,53.102189781021906,14.872262773722628,47.25776965265082,42.760617760617755,17.735849056603772,,69.24564796905223,94.53197405004634,6.877323420074349,3.619047619047619,42.18851580744711,Q2 (Low)
2026-02-28,2.1600000858306885,3.0199999809265137,1.9199999570846558,2.4600000381469727,7029031,0.05128210614497419,-0.33513513339358236,,,0.5503654843928689,63.461541400623624,1.2868403853212527,,0,0.0,-16155000.0,-18867000.0,-10553000.0,-10687000.0,-32422000.0,2463000.0,37732000.0,,,,,9806331000.0,4082856000.0,16119328000.0,-6312997000.0,9208975000.0,7336757000.0,292480000.0,,-0.6467381498834864,0.4163489892397065,1.2551833187333314,,,0.5311452184179457,-1.0,-0.9283293727549047,-1.069289963362267,33600000.0,12437691000.0,-73700000.0,328499000.0,-1.9701721702069557,1.268332774000796,0.03304723782038894,1.0,-0.6723412966582506,589543680.0,0.925,,GAYAHWS.NS,,,,,0.2961174463688143,,73.23556370302475,11.222627737226276,75.71035747021082,,3.102189781021898,62.59124087591241,7.038391224862889,47.68339768339768,15.849056603773585,,98.64603481624758,83.31788693234476,23.605947955390334,0.38095238095238093,43.492243144291024,Q2 (Low)
2026-02-28,12.100000381469727,12.699999809265137,12.100000381469727,12.699999809265137,458082,0.049586728006576486,0.10147442353777447,,,0.1339980199198372,100.0,0.7183237640810713,,0,731266000.0,119312000.0,-75496000.0,99433000.0,17539000.0,-33769000.0,0.0,51308000.0,0.16315813944583776,-0.10324013423296037,-0.04617881865148934,0.13597377698402496,33142556000.0,36122166000.0,47552457000.0,-14409901000.0,23978478000.0,46089595000.0,90583000.0,1621459000.0,-2.506760178296853,1.0899028427378987,0.5202579454213039,0.4850773585665051,-0.04513771914017917,4.789302245842619,,,,3716692000.0,-367919000.0,-112618000.0,295263000.0,0.02553237527447274,-0.011101105177283249,-0.005186837946202296,0.0,-1.295392880983591,2407708928.0,0.95,,GAYAPROJ.NS,,,,,0.2938469852157381,,20.439963336388633,99.45255474452554,100.0,,89.59854014598541,61.77007299270073,20.018281535648992,55.115830115830114,,,98.74274661508704,97.49768303985171,14.312267657992564,,60.46319601226739,Q5 (Highest)
2026-02-28,0.5299999713897705,0.5400000214576721,0.47999998927116394,0.5,84647147,0.08695650202114802,-0.1803278880745961,,,0.4658337526995325,50.0,0.59356908116288,,0,51298000.0,38253000.0,21763000.0,38499000.0,26188000.0,25136000.0,1052000.0,0.0,0.7457015868065032,0.42424655932005145,0.4899996101212523,0.7504970954033295,1214312000.0,0.0,166669000.0,1047643000.0,221218000.0,52008000.0,8566000.0,,0.0,0.0,4.253537917243501,,0.05992421143109805,0.43663675197554697,2.1292624900872323,6.124716553287982,4.570684416148169,171454800.0,62855420.0,61348420.0,100197420.0,0.0599969837053271,0.05176216656015917,0.05855851659391606,1.0,1.5874234957737385,667535296.0,0.174,,GATECH.NS,,,,,0.5760574423461341,,11.54903758020165,24.54379562043796,39.73418881759853,,22.9014598540146,74.72627737226277,7.769652650822668,1.1100386100386102,97.12264150943396,,63.34622823984526,80.76923076923077,20.492565055762082,98.04761904761905,46.14084900848453,Q2 (Low)
2026-02-28,589.2053243019748,656.946697121861,545.0,569.0499877929688,374416381,0.022720902938915044,0.8143000269810361,,,0.7816809932538117,39.33975227463726,0.5460899433441061,,0,6873400000.0,6373100000.0,1965800000.0,2145500000.0,2145500000.0,1562300000.0,562200000.0,20300000.0,0.92721215119155,0.28600110571187476,0.22729653446620304,0.3121453720138505,,,,,,,,,,,,,-0.04275527825747871,-0.14995375156428536,1.097019251304268,1.4849689836169873,1.5023326335432703,26411400000.0,6614460000.0,8891274000.0,9000665000.0,,,,0.0,,550497353728.0,1.744,0.43,HINDCOPPER.NS,,,,,0.4546493195351545,,8.615948670944087,0.821167883211686,14.848762603116409,,99.90875912408758,50.36496350364964,90.58500914076782,35.955598455598455,90.9433962264151,31.297709923664126,99.80657640232108,40.31510658016682,83.45724907063197,96.47619047619047,56.226429204051016,Q4 (High)
2026-02-28,31.049999237060547,31.049999237060547,24.399999618530273,26.260000228881836,1591342,-0.05573532063381592,-0.1561696812110781,,,0.3367533712936634,28.02769285090838,1.175998792457951,,0,1152656000.0,264522000.0,74436000.0,150681000.0,127623000.0,78173000.0,29499000.0,19951000.0,0.22948911036770728,0.06457780985827515,0.06781988728640635,0.13072503851973183,3346952000.0,1332253000.0,1699609000.0,1647343000.0,1735205000.0,888649000.0,24187000.0,385392000.0,0.8087283583321749,0.39804962843805347,1.9526325917206906,1.5189495515102138,-0.07198714403145079,-0.06339260040256878,0.017320797047918335,-0.18759353175922844,-0.11318211780215637,4552355000.0,307268000.0,291815000.0,567017000.0,0.1865233894823361,0.09180532018385683,0.09793777411434301,1.0,2.478571040158329,2744695296.0,0.076,1.24,GEEKAYWIRE.NS,-7048000.0,-111132000.0,-104084000.0,373775000.0,0.25170378081106126,,65.62786434463794,58.85036496350365,4.766269477543538,,28.740875912408757,16.605839416058394,21.572212065813527,35.424710424710426,37.264150943396224,70.07633587786259,51.20889748549323,48.56348470806302,42.100371747211895,29.714285714285715,40.701044205399256,Q2 (Low)
2026-02-28,24.0,24.350000381469727,21.010000228881836,21.040000915527344,351424,0.04106887029462447,-0.30169261528143965,,,0.4664026171287021,36.3984881525177,0.6674138862661131,,0,,,,,,,,,,,,,,,,,,,,,,,,,,,,,,,,,,,,,,,1077050752.0,-0.47,,HINDCON.NS,,,,,0.3367964540371046,,16.95692025664528,24.452554744525543,11.640696608615949,,4.927007299270073,58.941605839416056,11.151736745886655,,,,11.508704061895552,,,,35.97194837041701,Q1 (Lowest)
2026-02-28,51.349998474121094,55.95000076293945,50.20000076293945,55.849998474121094,3182293,0.2444295264021159,0.29073256027896033,,,0.5342366886674236,77.46317932270345,0.7394547114638328,,0,615929000.0,120193000.0,48107000.0,103336000.0,68579000.0,21543000.0,4730000.0,42304000.0,0.19514099839429544,0.07810478155761459,0.03497643397209743,0.16777258417772178,4777883000.0,675618000.0,1891474000.0,2886409000.0,3463019000.0,1816906000.0,41312000.0,781560000.0,0.2340686992037511,0.14140530439945892,1.9059978887185138,1.475838045556567,0.18542718790416957,0.07505364539148651,0.19881389383045733,0.0023729759910664505,0.07671949402436096,3136452000.0,121840000.0,350117000.0,416164000.0,0.04221162004414482,0.02550083373745234,0.09829150649335336,1.0,1.963018119112586,3202424832.0,0.555,,GENCON.NS,,,,,0.29035757852478017,,21.448212648945923,13.412408759124077,94.04216315307058,,97.71897810218978,94.16058394160584,23.12614259597806,50.77220077220077,48.77358490566038,,92.3597678916828,62.00185356811863,27.509293680297397,69.14285714285714,56.29786981078209,Q4 (High)
2026-02-28,839.5999755859375,929.9500122070312,775.0,805.75,2212134,-0.08140001416719767,-0.18491729305574822,,,0.39899817238914953,44.36356801521891,1.319666004086861,,0,10607204000.0,2358254000.0,699541000.0,1112955000.0,851438000.0,540648000.0,197082000.0,113708000.0,0.2223256948768026,0.06594961311199445,0.05096988801195867,0.10492444568804371,,,,,,,,,,,,,-0.09902238971666855,-0.3118628837334806,0.11425137603249058,0.09194684957071275,0.12026811022353923,44333918000.0,2671746000.0,3563210000.0,4805763000.0,,,,0.0,,53983481856.0,0.331,0.07,AHLUCONT.NS,,,,,0.35046486855801856,,75.43538038496791,40.145985401459846,25.389550870760768,,21.715328467153284,10.857664233576642,63.345521023766,68.24324324324324,57.54716981132076,3.5114503816793894,79.11025145067698,30.676552363299354,69.51672862453532,50.95238095238095,46.42981381392136,Q2 (Low)
2026-02-28,400.0,453.20001220703125,395.0,435.20001220703125,70933,0.07112976933877868,-0.049054915303967106,,,0.330279060311096,67.5421287653964,0.9935379193941442,,0,886800000.0,456800000.0,77100000.0,106300000.0,77100000.0,53800000.0,22500000.0,800000.0,0.5151105096977898,0.08694181326116374,0.060667568786648626,0.11986919260261615,12590900000.0,34900000.0,1219000000.0,11371900000.0,1348600000.0,606600000.0,14500000.0,162200000.0,0.003068968246291297,0.002771843156565456,2.223211341905704,1.955819320804484,0.01837390904915015,-0.2788203753351206,0.15243664717348926,-0.4208826695371367,-0.18730886850152906,3460361000.0,298773000.0,455790000.0,528072000.0,0.02627291833378767,0.023729280670960775,0.03995774450327875,1.0,1.6302131698290037,6427468800.0,0.049,0.46,HINDCOMPOS.NS,,,,,0.26872256460973604,,47.93767186067828,60.583941605839414,84.2346471127406,,62.68248175182482,70.16423357664233,31.901279707495426,7.287644787644787,27.547169811320753,34.35114503816794,48.25918762088975,32.437442075996294,39.07992565055763,59.61904761904761,47.072387881256375,Q3 (Medium)
2026-02-28,303.29998779296875,356.1000061035156,286.3500061035156,316.95001220703125,9843684,0.026891360682581356,-0.3188997355755342,,,0.6313832156375896,53.54290042260663,0.8994285746528513,,0,757771000.0,269903000.0,-10636000.0,217769000.0,49668000.0,10931000.0,10789000.0,28378000.0,0.3561801652478123,-0.014035902667164618,0.014425202336853746,0.28738101616451406,,,,,,,,,,,,,-0.0151962924841188,-0.9089159236730272,-0.14939097969707815,-0.9471017508541342,-0.5095513715598396,3177553000.0,391604000.0,658398000.0,1362701000.0,,,,0.0,,13245460480.0,-1.078,,GENESYS.NS,,,,,0.3253507039849969,,36.84692942254812,5.018248175182478,48.48762603116407,,3.7408759124087596,52.28102189781022,42.59597806215722,42.664092664092664,15.377358490566037,,2.0309477756286265,14.550509731232623,32.342007434944236,12.0,30.52903970651567,Q1 (Lowest)
2026-02-28,905.7000122070312,976.6500244140625,881.0,935.7000122070312,90288869,-0.0037265757607640726,0.20316317027128816,,,0.2885155520835578,51.17222940291521,0.8410138483019302,,0,665210000000.0,218020000000.0,57550000000.0,37100000000.0,37100000000.0,20490000000.0,7800000000.0,8810000000.0,0.32774612528374497,0.08651403316245998,0.030802303032125194,0.055771861517415554,,,,,,,,,,,,,0.007008992097853328,-0.5678126977430922,0.13925329679739673,-0.45140562248995986,-0.39309667920824476,2602270000000.0,160770000000.0,265930000000.0,248170000000.0,,,,0.0,,2092108611584.0,0.89,0.53,HINDALCO.NS,,,,,0.3614812412070156,,30.522456461961507,74.27007299270073,42.80476626947755,,95.62043795620438,36.13138686131387,97.44058500914076,95.75289575289575,26.79245283018868,39.00763358778626,98.25918762088975,21.96478220574606,97.67657992565056,57.14285714285714,60.89240630778753,Q5 (Highest)
2026-02-28,29.360000610351562,29.360000610351562,26.510000228881836,26.510000228881836,73969,0.2347462075787039,-0.09274466626130606,,,0.43474579705234334,0.0,0.07080665618586304,,0,3445100000.0,932300000.0,550100000.0,703100000.0,630100000.0,169100000.0,-18900000.0,470400000.0,0.270616237554788,0.15967606165278223,0.049084206554236454,0.2040869640939305,,,,,,,,,,,,,-0.00571445063349596,-0.42443839346494217,,,,,,,,,,,0.0,,1019601728.0,-0.548,,GENSOL.NS,,,,,0.23982481700553526,,0.09165902841429881,30.65693430656934,0.09165902841429881,,48.54014598540146,93.52189781021897,10.786106032906764,85.32818532818533,,,8.6073500967118,25.764596848934197,5.762081784386617,,37.276707750009535,Q1 (Lowest)
2026-02-28,40.5,45.0,37.709999084472656,40.34000015258789,16626,-0.016577286630602206,-0.1825734265474801,,,0.5982066671279347,52.91039678337959,0.7642165744935119,,0,930000.0,-210000.0,-665000.0,-731000.0,-731000.0,-733000.0,0.0,0.0,-0.22580645161290322,-0.7150537634408602,-0.7881720430107527,-0.7860215053763441,230502000.0,0.0,3153000.0,227349000.0,57370000.0,3137000.0,255000.0,0.0,0.0,0.0,18.288173414089893,18.288173414089893,-0.6912350597609562,-1.3023927392739274,-0.7551342812006319,-1.3488814850071393,-1.3360919540229885,4654080.0,-1992430.0,-4224930.0,-2639710.0,-0.008763750885202926,-0.008643872938195764,-0.01858345539237032,0.0,1.6729138141968396,125388824.0,,,ARENTERP.NS,,,,,0.3850701531819204,,23.006416131989003,7.116788321167888,46.74610449129239,,22.08029197080292,29.744525547445257,0.5484460694698354,1.1100386100386102,9.811320754716983,,,9.082483781278961,14.312267657992564,1.9047619047619049,24.364229682730418,Q1 (Lowest)
2026-02-28,306.45001220703125,332.3999938964844,291.1000061035156,292.1499938964844,82659,-0.0468189432414865,-0.20869451723457855,,,0.2285044848421557,42.2952903398448,1.5255580634943038,,0,163335000.0,105205000.0,63507000.0,71784000.0,66263000.0,49369000.0,15364000.0,1550000.0,0.6441056723910981,0.3888143998530627,0.3022560994275569,0.4394893929653779,,,,,,,,,,,,,-0.0756994431617547,-0.5177160162164802,-0.7219157651721777,-0.746999497781012,-0.7269116640036521,574319000.0,224004000.0,263243000.0,287338000.0,,,,0.0,,6109361152.0,-0.125,0.68,GEECEE.NS,,,,,0.18433466210867486,,85.51787351054078,90.69343065693431,20.531622364802935,,16.605839416058394,19.708029197080293,30.62157221206581,9.16988416988417,19.056603773584907,49.08396946564885,30.41586073500967,23.262279888785915,35.4089219330855,2.0952380952380953,35.47807502791465,Q1 (Lowest)
2026-02-28,229.0,256.7799987792969,221.11000061035156,232.7899932861328,2130512,0.07054493701161957,-0.3224971212136688,,,0.423237583304397,53.42999151628668,1.0703096968653008,,0,6400800000.0,2911000000.0,193300000.0,515200000.0,226800000.0,35500000.0,11600000.0,167100000.0,0.45478690163729535,0.030199350081239845,0.00554618172728409,0.0804899387576553,,,,,,,,,,,,,-0.053570108382250736,-0.2784552845528455,0.07715867593356118,-1.1998873873873874,0.3742331288343559,25093554000.0,-515993000.0,824910000.0,1417838000.0,,,,0.0,,19484776448.0,-0.054,,HINDWAREAP.NS,,,,,0.3842125145756025,,55.45371219065078,33.302919708029194,48.30430797433547,,3.64963503649635,69.8905109489051,49.36014625228519,73.93822393822393,11.132075471698114,,36.12185686653772,32.53012048192771,32.806691449814124,42.285714285714285,42.585060973641184,Q2 (Low)
2026-02-28,157.0,211.3000030517578,151.35000610351562,183.5,26652336,0.07222157680514263,-0.12859721528913548,,,0.6012257329841638,63.514664131532975,1.0423896888623143,,0,1251565000.0,420812000.0,363414000.0,379493000.0,378649000.0,280007000.0,94133000.0,4588000.0,0.33622864174054085,0.29036765969006806,0.2237254956794094,0.30321477510157285,,,,,,,,,,,,,0.5341303287268913,0.5529113587080101,,,,3040800000.0,675498000.0,896627000.0,912303000.0,,,,0.0,,17073160192.0,,0.03,GARUDA.NS,,,,,0.31062555482809306,,53.987167736022,6.751824817518255,75.9853345554537,,36.77007299270073,70.43795620437956,46.70932358318099,17.471042471042473,,0.9160305343511451,,83.87395736793327,58.36431226765799,,46.75113483534934,Q3 (Medium)
2026-02-28,631.5,773.0,617.5999755859375,657.9000244140625,3284502,0.09376562662354537,-0.10980307789632071,,,0.45796862221821333,53.594249201277954,1.5637380220393342,,0,3872471000.0,2730946000.0,614914000.0,885153000.0,791895000.0,562166000.0,191847000.0,37882000.0,0.705220516822463,0.15879111812586846,0.14516984116859752,0.22857575950859282,,,,,,,,,,,,,0.11310815755578307,0.7575816315045709,0.10415204194811234,0.1768648951915608,0.20383119355891632,15235185000.0,2123804000.0,2399531000.0,3297276000.0,,,,0.0,,65307004928.0,-0.097,1.44,GARFIBRES.NS,,,,,0.3910191109839262,,87.53437213565536,26.368613138686143,48.670944087992666,,42.60948905109489,76.73357664233576,66.17915904936015,47.87644787644788,64.43396226415095,74.8854961832061,32.88201160541586,87.1177015755329,68.86617100371747,47.80952380952381,58.13116456154134,Q4 (High)
2026-02-28,136.0,148.14999389648438,124.72000122070312,147.11000061035156,14988318,0.08744826979452291,0.33955564577628405,,,0.3941980477400795,75.24959042850188,1.008108796238606,,0,14841700000.0,3619800000.0,660200000.0,1271500000.0,937300000.0,659200000.0,222800000.0,55300000.0,0.24389389355666805,0.04448277488427876,0.044415397158007505,0.08567077895389343,,,,,,,,,,,,,-0.0016950406607968427,0.7338243029984219,0.31240273061686463,-0.07662137554279314,-0.03652345229976506,54990500000.0,2008600000.0,2121100000.0,4349900000.0,,,,0.0,,67475042304.0,-0.209,0.17,GAEL.NS,,,,,0.28778252173524094,,49.679193400549956,41.879562043795616,92.48395967002749,,98.44890510948905,74.90875912408758,66.72760511882998,55.88803088803089,43.301886792452834,10.763358778625955,23.355899419729205,86.6543095458758,70.63197026022306,82.38095238095238,59.80695950217799,Q4 (High)
2026-02-28,157.77222685817827,170.0,153.03004183474496,168.47000122070312,216325495,0.06787093374641806,-0.050651822664063206,,,0.23565085862940657,81.5812191369069,1.0964296874778072,,0,351733700000.0,57780500000.0,17350800000.0,36103600000.0,24184200000.0,17561700000.0,4355100000.0,2537800000.0,0.1642734261744041,0.049329364800700076,0.04992896614683211,0.10264469966909626,,,,,,,,,,,,,-0.0038886251978155206,-0.25874978895829814,0.03790238101561272,-0.34800913292866287,-0.21167908712370165,1434188600000.0,106986900000.0,95847100000.0,186494600000.0,,,,0.0,,1107703627776.0,0.388,7.42,GAIL.NS,,,,,0.4647269868071934,,57.011915673693856,89.50729927007299,96.88359303391384,,62.22627737226277,68.88686131386861,94.6069469835466,93.43629343629344,30.471698113207545,99.38931297709924,83.17214700193423,33.92029657089898,96.56133828996283,35.04761904761905,69.40810660562492,Q5 (Highest)
2026-02-28,8.600000381469727,9.149999618530273,7.800000190734863,8.640000343322754,5902243,0.04981784008398815,-0.0971786187207968,,,0.36788144789782173,61.49998450281453,1.0362229542708707,,0,609000000.0,414600000.0,66700000.0,124700000.0,75800000.0,68700000.0,0.0,7100000.0,0.6807881773399015,0.10952380952380952,0.11280788177339901,0.20476190476190476,,,,,,,,,,,,,0.699692994697181,-1.692540322580645,0.054910791616144206,-0.3310613437195715,-0.1636485580147552,1967309000.0,42249000.0,14702000.0,252942000.0,,,,0.0,,5696005632.0,-0.146,,HLVLTD.NS,,,,,0.2110488916028642,,52.79560036663611,50.72992700729927,71.03574702108158,,47.17153284671533,61.95255474452554,29.61608775137112,22.49034749034749,30.849056603773583,,28.336557059961315,6.580166821130677,14.312267657992564,38.57142857142858,40.29608492948421,Q2 (Low)
2026-02-28,837.8499755859375,857.0,714.7000122070312,781.0999755859375,404741,0.09928926747589317,0.06163775139101246,,,0.434235544832195,40.15218368922638,1.3031374576209707,,0,852500000.0,504400000.0,115300000.0,148400000.0,118000000.0,83100000.0,27300000.0,7700000.0,0.5916715542521994,0.1352492668621701,0.09747800586510263,0.17407624633431085,,,,,,,,,,,,,0.19381039070158246,-0.009535160905840279,0.4667928423950447,0.5649717514124293,0.5081300813008129,2864960000.0,332400000.0,392760000.0,524450000.0,,,,0.0,,9996167168.0,,,GALAPREC.NS,,,,,0.338820699271183,,74.61044912923923,30.839416058394164,16.22364802933089,,85.58394160583941,77.82846715328468,38.02559414990859,23.455598455598455,81.32075471698114,,,53.01204819277109,41.17100371747212,90.28571428571428,54.15710903296894,Q4 (High)
2026-02-28,378.0,415.5,314.3999938964844,322.3999938964844,2790653,-0.21557179100612078,-0.31338515114894416,,,0.3857014326116885,31.15518599462625,1.3588752863725455,,0,3265667000.0,1754835000.0,112011000.0,214126000.0,115161000.0,28325000.0,-9476000.0,78642000.0,0.537358830523749,0.03429957800351353,0.008673572657591848,0.06556884091366327,,,,,,,,,,,,,-0.06901428607267557,-0.7637003729070903,0.4135318135523305,-0.6665293148104545,-0.22337358049856193,12896980000.0,517085000.0,1190085000.0,1525792000.0,,,,0.0,,22392207360.0,0.298,0.34,HLEGLAS.NS,,,,,0.20014949869778254,,77.72685609532539,44.61678832116789,6.5994500458295136,,4.197080291970803,1.2773722627737227,51.09689213893967,61.2934362934363,20.849056603773587,24.961832061068705,75.91876208897486,17.42354031510658,7.24907063197026,88.0,38.74734247668915,Q1 (Lowest)
2026-02-28,1829.0,2061.0,1800.0,1900.199951171875,331528,-0.0035658357777268446,-0.09917510233096782,,,0.2063010422977875,59.0423419984924,1.4333409443517415,,0,13294900000.0,3309900000.0,886600000.0,1122700000.0,815800000.0,589700000.0,140700000.0,85400000.0,0.24896012756771393,0.06668722592873959,0.0443553543087951,0.08444591535099925,,,,,,,,,,,,,0.00250344978396444,-0.11309971424274323,0.27628181128742724,-0.08729298870143942,0.024922402775241936,50531500000.0,2808200000.0,3639200000.0,4893900000.0,,,,0.0,,67371118592.0,0.108,1.16,GALAXYSURF.NS,,,,,0.16413744508047687,,82.12648945921174,94.98175182481752,63.336388634280475,,46.35036496350365,36.222627737226276,66.63619744058501,62.54826254826254,42.735849056603776,67.78625954198473,54.40038684719536,44.300278035217794,63.847583643122675,78.85714285714286,60.27530550594362,Q5 (Highest)
2026-02-28,9.270000457763672,10.6899995803833,8.100000381469727,9.430000305175781,1505524,-0.044579491943770866,-0.11037736171587953,,,0.37499224901399164,53.030311787634844,1.3023920004252811,,0,143267000.0,74107000.0,15797000.0,28235000.0,23325000.0,15241000.0,4242000.0,4220000.0,0.5172649668102215,0.11026265643867743,0.10638179064264625,0.19707957868874199,,,,,,,,,,,,,0.252651458848834,0.9842468428590028,0.8651885797607113,1.8078481945467946,1.3039575683394533,459953000.0,23490000.0,-12191000.0,79469000.0,,,,0.0,,543651904.0,-0.59,,ADROITINFO.NS,,,,,0.2916522861467245,,74.51879010082493,48.996350364963504,47.29605866177818,,42.42700729927007,20.255474452554743,6.2157221206581355,16.65057915057915,92.73584905660377,,7.156673114119923,89.52734012974976,26.858736059479554,95.23809523809523,47.85844504991179,Q3 (Medium)
2026-02-28,635.0,700.0,625.2000122070312,675.4500122070312,32054,0.0033422459287004713,-0.09699196229006513,,,0.3456276377441935,53.187612425818415,0.9579379776152551,,0,2190790000.0,1083470000.0,39560000.0,249900000.0,70230000.0,8550000.0,22790000.0,38890000.0,0.4945567580644425,0.01805741307930016,0.0039027017651166933,0.11406844106463879,,,,,,,,,,,,,-0.06845057127185061,-0.8578317259727303,0.09247808351700959,-0.8755096097845079,-0.156996356766968,8751100000.0,225830000.0,420310000.0,1227230000.0,,,,0.0,,12779998208.0,0.607,0.74,HITECHGEAR.NS,,,,,0.2862571992524985,,43.446379468377636,56.56934306569343,47.75435380384968,,47.262773722627735,39.96350364963504,41.773308957952466,49.034749034749034,16.79245283018868,52.59541984732824,94.0522243713733,15.569972196478222,39.312267657992564,44.761904761904766,45.92591022454339,Q2 (Low)
2026-02-28,513.0499877929688,610.0,501.0,569.1500244140625,2278598,0.04652027206743381,-0.07183624741692995,,,0.4362325425568277,63.34931684346267,1.5582480340792066,,0,10735803000.0,2755754000.0,1212433000.0,1686931000.0,1362726000.0,1004107000.0,226293000.0,132326000.0,0.25668820487857313,0.1129336110209921,0.0935288212721489,0.15713132962667067,,,,,,,,,,,,,-0.04805740205699982,-0.42224399764549236,0.13899518538664424,1.0537035332617477,0.6924331000081265,41962598000.0,5041855000.0,6615206000.0,8156989000.0,,,,0.0,,137337421824.0,0.916,0.22,GALLANTT.NS,,,,,0.3450612140147587,,87.35105407882676,30.200729927007302,75.52703941338221,,56.11313868613139,60.21897810218978,76.691042047532,70.36679536679536,88.67924528301887,15.419847328244273,98.54932301740811,25.857275254865613,70.91078066914498,57.047619047619044,60.862191214811055,Q5 (Highest)
2026-02-28,142.8699951171875,159.8000030517578,137.10000610351562,143.67999267578125,4041560,-0.043495688564494706,0.07044825603054305,,,0.49105499125385277,53.911358783570584,0.3864894651799175,,0,11670600000.0,1092600000.0,516600000.0,627000000.0,552400000.0,323900000.0,108100000.0,101000000.0,0.09361986530255514,0.044265076345689165,0.027753500248487654,0.05372474422908848,,,,,,,,,,,,,0.10109037251170605,-0.10165025655248927,0.16091873986610827,0.6756337299534403,0.43445435827041856,40878180000.0,1063460000.0,1818590000.0,2082860000.0,,,,0.0,,14083647488.0,0.008,0.87,GANDHAR.NS,,,,,0.40566204892963786,,2.933088909257562,19.890510948905103,49.86251145737855,,86.4963503649635,20.62043795620438,44.78976234003657,66.11969111969111,84.15094339622642,57.099236641221374,44.197292069632496,45.412418906394805,60.31598513011153,61.80952380952382,49.579850203303145,Q3 (Medium)
2026-02-28,150.5,168.83999633789062,146.0,152.8800048828125,87521,-0.04042180608428381,-0.17593789692734285,,,0.2927188238732124,52.262093640238376,1.4155286006439378,,0,1451154000.0,579639000.0,27854000.0,112634000.0,12606000.0,-26170000.0,-6919100.0,45695000.0,0.3994331407969106,0.01919437909415541,-0.018033923346522835,0.0776168483841136,,,,,,,,,,,,,-0.11720250417778666,-1.6275327914058941,0.1797952040845363,-3.0796249205340116,-0.1963669054482149,6219832000.0,73130000.0,305810000.0,680470000.0,,,,0.0,,2625821184.0,0.184,0.65,HITECHCORP.NS,,,,,0.1895614748652041,,80.84326306141155,72.62773722627738,45.004582951420716,,24.087591240875913,21.806569343065693,21.206581352833638,52.123552123552116,4.056603773584905,47.25190839694656,64.74854932301741,6.672845227062095,7.434944237918216,65.71428571428571,40.90526759815013,Q2 (Low)
2026-02-28,696.0,972.0,695.0,888.3499755859375,712306,0.22084786061991557,0.14176465461537724,,,0.3765277854150202,73.36617772058369,2.4674123270195505,,0,484421000.0,325061000.0,214240000.0,271506000.0,262768000.0,196997000.0,65389000.0,382000.0,0.6710299512201164,0.44225993505649014,0.4066648638271256,0.56047528905642,,,,,,,,,,,,,0.008920352065447945,0.11354360974506816,0.21812983433750088,0.29940107911296376,0.44350516779379867,1839845000.0,709479000.0,769241000.0,984881000.0,,,,0.0,,10834702336.0,0.762,1.69,GANDHITUBE.NS,,,,,0.33557161311916733,,99.17506874427131,48.26642335766424,90.46746104491292,,92.51824817518248,92.24452554744525,39.30530164533821,5.212355212355212,71.79245283018868,80.07633587786259,97.00193423597679,64.96756255792401,52.41635687732342,72.19047619047619,67.04230015312808,Q5 (Highest)
2026-02-28,495.0,545.0999755859375,472.0,506.0,5156110,-0.11165726529484721,-0.06493701019553488,,,0.4544965862503409,48.20716816615181,0.5349308726108247,,0,4780400000.0,3689700000.0,2787400000.0,2863600000.0,2787400000.0,1610000000.0,1169300000.0,,0.7718391766379382,0.5830892812316961,0.33679190025939254,0.5990293699272028,,,,,,,,,,,,,-0.2097336793903225,-0.790055680884635,-0.2251434499303011,-0.7015257410874844,-0.5339420275702684,20164300000.0,36334600000.0,33034500000.0,32948700000.0,,,,0.0,,429708083200.0,-1.112,0.04,AIIL.NS,,,,,0.3784432929592462,,8.065994500458295,26.916058394160586,35.38038496791934,,58.57664233576643,6.569343065693431,89.03107861060329,,20.18867924528302,1.6030534351145038,1.83752417794971,16.682113067655237,90.79925650557621,8.285714285714285,34.26238950612628,Q1 (Lowest)
2026-02-28,74.0,92.0,70.69999694824219,86.43000030517578,14902866,0.10651644641930269,-0.15256395611830098,,,0.4019526020689688,68.96454308126503,1.1235661949616529,,0,10695882000.0,768467000.0,352059000.0,421301000.0,354595000.0,173870000.0,58218000.0,122507000.0,0.07184699681615785,0.03291537808663184,0.016255788910161873,0.03938908450934668,,,,,,,,,,,,,0.24549318860486924,-0.14173873553686367,0.4054758447599587,-0.09199628171250118,0.037360142615136205,33669212000.0,762030000.0,1335247000.0,1611495000.0,,,,0.0,,17528025088.0,-0.012,0.03,HITECH.NS,,,,,0.21176544061540223,,59.94500458295142,39.23357664233576,86.89275893675527,,29.927007299270077,79.56204379562044,47.53199268738574,68.91891891891892,42.16981132075472,0.9160305343511451,42.11798839458414,41.149212233549584,50.74349442379182,87.61904761904762,51.781792492621115,Q3 (Medium)
2026-02-28,706.9000244140625,859.7999877929688,662.0499877929688,742.0499877929688,3911851,0.07364531806543417,-0.11025181319787924,,,0.48100869345742225,59.375,1.570176967414867,,0,3572158000.0,919782000.0,143174000.0,349605000.0,185518000.0,47484000.0,34075000.0,103959000.0,0.2574863709835903,0.0400805339517457,0.013292805077490973,0.09786941115146643,,,,,,,,,,,,,-0.016967837667069552,-10.49869973994799,-0.10203222837739223,-0.8401561947721878,-0.43372342579469525,13579618000.0,387574000.0,818559000.0,1565693000.0,,,,0.0,,19872915456.0,-0.086,0.61,GANECOS.NS,,,,,0.24835954322955353,,87.71769019248396,22.171532846715323,64.61961503208066,,42.518248175182485,70.8941605839416,49.54296160877514,66.6023166023166,17.169811320754715,45.038167938931295,33.9458413926499,1.3901760889712698,44.237918215613384,15.523809523809524,44.091483301481716,Q2 (Low)
2026-02-28,161.44000244140625,179.89999389648438,158.0,169.64999389648438,42461,0.09296477620344579,-0.05313391957220548,,,0.35137863833505,61.425006909877446,0.8400141449512889,,0,597000000.0,129800000.0,28800000.0,37300000.0,30500000.0,8500000.0,2900000.0,19100000.0,0.21742043551088777,0.04824120603015075,0.01423785594639866,0.06247906197654941,1483700000.0,684200000.0,842800000.0,640900000.0,1138300000.0,586500000.0,2400000.0,543200000.0,1.0675612420034326,0.46114443620678036,1.940835464620631,1.0146632566069906,-0.03864734299516903,1.0238095238095237,-0.08054828276605575,-0.2410714285714286,-0.007978723404255317,2373726000.0,24676000.0,104869000.0,143351000.0,0.03850210641285692,0.016631394486756084,0.07914044223077503,1.0,2.718740985374402,916109952.0,0.203,0.59,HISARMETAL.NS,,,,,0.2832518650214265,,30.430797433547202,54.74452554744526,70.66911090742438,,61.496350364963504,76.64233576642336,10.23765996343693,34.942084942084946,34.056603773584904,43.4351145038168,66.29593810444874,89.80537534754403,24.53531598513011,17.333333333333336,47.64163639821223,Q3 (Medium)
2026-02-28,69.12000274658203,90.0,68.4000015258789,88.5,3132897,0.20522946523482433,0.038123167155425186,,,0.3300645651283193,80.08878060556685,1.5384524183439479,,0,990100000.0,757630000.0,160170000.0,391830000.0,331850000.0,237560000.0,80380000.0,13910000.0,0.7652055347944652,0.16177153822846177,0.23993536006463995,0.3957479042520958,7675710000.0,521270000.0,1810790000.0,5800650000.0,2640590000.0,1054200000.0,122020000.0,395110000.0,0.08986406695801333,0.06791163293037386,2.5048283058243217,2.1300322519446024,0.0354744922504131,0.31009761208845754,0.01415577498258691,0.443344067075764,0.3379887314324739,3837860000.0,470860000.0,851970000.0,953990000.0,0.08117366157240999,0.06134416229899253,0.13476443865154888,1.0,1.948685268203202,6376799744.0,-0.559,,GANESHBE.NS,,,,,0.3583911083142889,,86.25114573785518,60.675182481751825,96.05866177818515,,82.48175182481752,91.14963503649635,31.62705667276051,30.405405405405407,78.49056603773586,,8.123791102514506,76.64504170528267,55.576208178438655,28.857142857142858,58.42277258789243,Q4 (High)
2026-02-28,3.509999990463257,3.7799999713897705,2.880000114440918,3.190000057220459,5991770,0.025723525666604186,-0.00931676121838998,,,0.6114201867810739,43.33334392970789,0.45866467186941406,,0,82682000.0,1961000.0,-26276000.0,-23351000.0,-26158000.0,-29404000.0,982000.0,2263000.0,0.023717375003023632,-0.3177958926973223,-0.3556275852059699,-0.2824193899518638,592020000.0,168520000.0,302432000.0,289588000.0,305779000.0,208638000.0,1724000.0,193929000.0,0.5819301904775059,0.2846525455221107,1.465595912537505,0.5360960131903105,0.06748434574914475,9.135815236125474,-0.28171314394926594,-11.645908761766835,-4.165808026030369,387747680.0,-30083410.0,-24342670.0,-7837840.0,-0.10388348274099755,-0.05081485422789771,-0.0531374042802134,0.0,1.3908629438194655,430019104.0,-0.399,,GANGAFORGE.NS,,,,,0.27786424105297913,,4.766269477543538,5.930656934306569,22.731439046746104,,72.08029197080292,51.73357664233576,4.478976234003657,11.486486486486488,1.2264150943396228,,14.313346228239846,98.60982391102873,20.16728624535316,6.666666666666667,30.946082329190205,Q1 (Lowest)
2026-02-28,1253.5999755859375,1508.0,1165.5999755859375,1308.4000244140625,887328,0.048733608542730344,-0.10652826918820824,,,0.4030317500850549,57.63651736052072,1.6588717006909313,,0,2773890000.0,783380000.0,210920000.0,244710000.0,200240000.0,126970000.0,26210000.0,47060000.0,0.28241206392466894,0.07603762225610965,0.04577326426065922,0.08821907141234872,,,,,,,,,,,,,0.22118716073731992,-0.13766639500135835,0.6418990908229947,0.2689386368179092,0.3499751751530866,9032366000.0,501774000.0,884764000.0,951783000.0,,,,0.0,,22483294208.0,-0.156,0.15,HIRECT.NS,,,,,0.24113597387390123,,90.74243813015582,38.68613138686131,60.03666361136572,,43.886861313868614,61.31386861313869,51.27970749542962,53.37837837837838,69.71698113207547,9.389312977099237,27.562862669245646,41.61260426320667,40.427509293680295,93.80952380952381,52.12285620493528,Q3 (Medium)
2026-02-28,122.4000015258789,138.0,118.0,129.99000549316406,37012,0.08171762897435464,-0.14961399336563108,,,0.26526825476534,64.64250122237026,0.5337925228477337,,0,155091000.0,129096000.0,41041000.0,49899000.0,47878000.0,29059000.0,18799000.0,20000.0,0.8323887266185659,0.26462528451038425,0.1873674165489938,0.3217401396599416,7123749000.0,,529154000.0,6594595000.0,380330000.0,19590000.0,84783000.0,39241000.0,,,19.414497192445126,17.41138335885656,1.4399572078095746,1.8163403760418686,0.02327744898161166,-0.5809986590342162,-0.42847161772117104,369727000.0,6281000.0,2367000.0,23316000.0,0.0009524466627594265,0.0008816986673730363,,1.0,1.4308540910130323,1321523712.0,-0.092,,GANGESSECU.NS,,,,,0.21949044515760063,,7.974335472043996,81.75182481751824,78.55178735105409,,30.83941605839416,73.44890510948905,13.619744058500913,3.088803088803089,22.92452830188679,,33.51063829787234,94.06858202038924,37.54646840148699,31.142857142857146,43.89785934135306,Q2 (Low)
2026-02-28,565.0,643.9500122070312,560.3499755859375,589.3499755859375,163730278,-0.15511434893630127,0.28594804993136713,,,0.482622437681874,43.609484718087835,0.463215105635076,,0,106270000000.0,75990000000.0,51070000000.0,54250000000.0,54250000000.0,39160000000.0,13140000000.0,1950000000.0,0.7150653994542204,0.4805683636021455,0.36849534205326057,0.5104921426555001,,,,,,,,,,,,,0.39994730602028716,0.7529095792300806,0.32771114442778604,0.6828534593897722,0.5802505097582289,353620000000.0,118310000000.0,156990000000.0,163800000000.0,,,,0.0,,2490191577088.0,0.539,4.92,HINDZINC.NS,,,,,0.39530939730429615,,5.132905591200734,21.715328467153284,23.64802933088909,,97.62773722627736,3.2846715328467155,97.89762340036563,92.76061776061776,84.33962264150944,97.70992366412213,91.77949709864603,87.02502316960148,98.42007434944237,83.71428571428572,65.67035599646384,Q5 (Highest)
2026-02-28,55.689998626708984,58.0,54.0,55.060001373291016,674183,-0.05875564391900534,0.010136533413209303,,,0.37970629814119206,53.02096763344717,0.4119384325655853,,0,360911000.0,245663000.0,139838000.0,148586000.0,140927000.0,107785000.0,32949000.0,193000.0,0.6806747369850185,0.38745840387242286,0.2986470348645511,0.4116970665898241,,,,,,,,,,,,,1.3765408523415688,-12.036760188408765,0.027180022825527006,-0.09547506755509305,-0.11516977716375065,953955000.0,236237000.0,287315000.0,346260000.0,,,,0.0,,5089663488.0,-0.395,3.45,ADVANIHOTR.NS,,,,,0.24403243854212367,,3.758020164986251,47.354014598540154,47.204399633363884,,76.64233576642336,15.875912408759124,28.06215722120658,4.440154440154441,41.9811320754717,94.50381679389312,14.410058027079303,1.2974976830398517,43.773234200743495,31.9047619047619,36.747166327894874,Q1 (Lowest)
2026-02-28,104.0,126.97000122070312,100.02999877929688,106.69000244140625,15964701,0.11437230856446967,-0.14545451545583354,,,0.4841742757351508,55.61330472707172,1.633755634453396,,0,6113687000.0,2857746000.0,604524000.0,1209700000.0,863448000.0,76563000.0,35775000.0,751429000.0,0.4674341358986811,0.09888043009071286,0.012523212261275398,0.1978675061382763,,,,,,,,,,,,,-0.028915312441924912,-0.8176919505196861,-0.11587887065024549,-0.6494063128202545,-0.15352852721520893,23310595000.0,724939000.0,2855751000.0,4377961000.0,,,,0.0,,13415445504.0,-0.216,0.23,HIMATSEIDE.NS,,,,,0.2815104244946807,,89.82584784601283,21.259124087591246,55.27039413382218,,31.934306569343068,81.56934306569343,43.41864716636197,87.74131274131274,21.41509433962264,16.6412213740458,23.017408123791103,16.311399443929563,44.795539033457246,14.38095238095238,43.172039353729076,Q2 (Low)
2026-02-28,11.619999885559082,14.0,11.020000457763672,12.920000076293945,1645605,0.05901641625289322,-0.10835056726181469,,,0.33324913046057075,73.45359785826437,1.2575897829253455,,0,2444926000.0,727624000.0,146386000.0,223485000.0,147345000.0,38204000.0,-1801000.0,110942000.0,0.29760573530650825,0.059873386760989904,0.015625830802241048,0.09140767450630408,11625409000.0,4428293000.0,6406095000.0,5219314000.0,3703185000.0,2966428000.0,876000.0,2021910000.0,0.8484434927655243,0.3809150284519022,1.2483650370074717,0.5667675062398279,-0.04291061062585366,0.3942556840991205,0.1582584193012908,-10.001885014137606,0.38102035519632205,9412434000.0,70885000.0,474885000.0,758493000.0,0.013581286736149617,0.0060974198843240695,0.04922308713445728,1.0,1.556058844897414,3322067200.0,-0.459,,GENUSPAPER.NS,,,,,0.27332407961335314,,71.76901924839598,59.762773722627735,90.55912007332722,,43.24817518248175,66.05839416058394,23.76599634369287,67.95366795366795,1.4150943396226416,,11.750483558994198,78.8693234476367,9.572490706319703,60.76190476190476,49.032429566617026,Q3 (Medium)
2026-02-28,264.81622314453125,293.0,206.36048889160156,260.3500061035156,10762539,0.004436704638600908,-0.21569514526440203,,,0.3674574204178359,47.71134488685046,0.9801843123800136,,0,11223600000.0,4520100000.0,1986000000.0,2264200000.0,2126100000.0,1402400000.0,420000000.0,415600000.0,0.4027317438255105,0.17694857265048647,0.12495099611532841,0.2017356284970954,,,,,,,,,,,,,0.19093056650694007,0.021247095337028288,0.85759682224429,1.4751147193787504,1.1479935489991462,,,,,,,,0.0,,73490776064.0,-0.265,0.94,GENUSPOWER.NS,,,,,0.4087601051871042,,46.104491292392304,51.003649635036496,33.638863428047664,,15.054744525547445,40.41970802919708,68.09872029250457,83.68725868725869,90.56603773584906,60.0,20.116054158607348,55.97775718257646,80.0185873605948,95.14285714285714,55.988581964697936,Q4 (High)
2026-02-28,1815.800048828125,1984.9000244140625,1748.9000244140625,1821.699951171875,1633568,0.0762731758525792,0.0024211204674688958,,,0.2610717016725326,36.73897202975816,0.3648083086512418,,0,16953630000.0,11187120000.0,3272310000.0,4737030000.0,3660580000.0,2614750000.0,1006530000.0,39300000.0,0.6598657632613193,0.19301530114789575,0.15422950719108533,0.2794109580072232,,,,,,,,,,,,,0.12602167077792426,0.21344242210486253,0.20594907076445068,0.5989225350390137,0.3279555725002523,59770680000.0,8681900000.0,11082770000.0,17043840000.0,,,,0.0,,300136759296.0,0.406,0.99,GLAND.NS,,,,,0.40504191013788765,,2.6581118240146653,83.48540145985402,12.007332722273144,,74.36131386861314,71.25912408759125,86.0146252285192,49.32432432432432,82.26415094339623,62.44274809160305,84.38104448742747,72.01112140871177,89.49814126394052,70.19047619047619,62.65986106004967,Q5 (Highest)
2026-02-28,2400.199951171875,2719.800048828125,2342.10009765625,2596.89990234375,1270972,0.13974101485352208,0.039633293514727885,,,0.2666581834633949,68.69699884932069,1.0745225365136155,,0,10412600000.0,6774400000.0,3510200000.0,4214400000.0,4011200000.0,2956200000.0,1043100000.0,11900000.0,0.6505963928317615,0.3371108080594664,0.2839060369168123,0.4047404106563202,,,,,,,,,,,,,0.2932175813803297,0.44197844007609377,0.030165121639937897,0.1707722772277227,0.16761788662935673,37470447000.0,9933829000.0,11820697000.0,14172246000.0,,,,0.0,,439930519552.0,-0.045,1.62,GLAXO.NS,,,,,0.39576428838698846,,55.82034830430798,81.2043795620438,86.15948670944088,,82.57299270072993,86.13138686131386,89.21389396709324,29.440154440154444,63.67924528301887,78.70229007633588,37.765957446808514,81.18628359592215,89.86988847583643,32.666666666666664,66.29419827264485,Q5 (Highest)
2026-02-28,353.25,387.95001220703125,337.5,340.75,6057709,-0.16981364388868503,-0.26403887688984884,,,0.3789475557167073,49.20292726772129,1.0412875305008416,,0,11191580000.0,2580010000.0,426110000.0,706620000.0,502450000.0,345980000.0,117880000.0,38590000.0,0.23053134588681848,0.03807415932334845,0.030914312366975887,0.0631385380795205,,,,,,,,,,,,,-0.015480028678123259,-0.1472444050083802,0.0977270743278964,-0.2885315346809517,-0.20325184917914485,43360010000.0,1563860000.0,2222080000.0,3046560000.0,,,,0.0,,31675193344.0,0.196,0.73,HERITGFOOD.NS,,,,,0.2843061749649942,,53.7121906507791,47.53649635036496,37.763519706691106,,7.572992700729928,2.737226277372263,56.58135283363802,48.455598455598455,32.73584905660377,51.908396946564885,65.32882011605416,40.68582020389249,61.61710037174721,46.476190476190474,43.54077027641512,Q2 (Low)
2026-02-28,1935.0999755859375,2057.0,1842.0,2043.199951171875,7601059,0.05243634772722161,0.10790586989959938,,,0.23846171364062682,67.92175248104365,1.0188774012489847,,0,38879990000.0,25928970000.0,7153030000.0,7298770000.0,5754310000.0,4032130000.0,1307710000.0,414320000.0,0.6668975480703571,0.1839771563727254,0.10370707399873302,0.18772561412695837,,,,,,,,,,,,,-0.3524096596252303,-0.3393773766984024,0.17750213210317445,0.1587845799253942,0.15604483675638336,161712580000.0,10650870000.0,38231650000.0,23885620000.0,,,,0.0,,576790986752.0,0.292,0.24,GLENMARK.NS,,,,,0.39345166002767246,,50.779101741521536,88.86861313868613,84.967919340055,,90.32846715328468,63.22992700729927,90.85923217550274,83.4942084942085,62.35849056603774,17.709923664122137,74.90328820116055,29.379054680259497,91.17100371747212,65.23809523809524,66.21915500784702,Q5 (Highest)
2026-02-28,4.380000114440918,7.449999809265137,4.099999904632568,6.960000038146973,103185,0.5466666751437717,-0.08541394007403946,,,0.48115593005566043,87.12328237403727,0.9008796029899907,,0,0.0,-336000.0,-787000.0,-783000.0,-787000.0,278000.0,0.0,,,,,,,,,,,,,,,,,,,-1.4744027303754266,,0.13469387755102047,-0.023690773067331694,0.0,649000.0,-3615000.0,-3600000.0,,,,0.0,,265908912.0,-0.78,,GLFL.NS,,,,,0.4369368205700365,,37.03024747937672,22.080291970802918,99.35838680109991,,51.368613138686136,99.36131386861314,2.2851919561243146,,61.03773584905661,,4.061895551257253,7.506950880444857,14.312267657992564,,43.226859676896964,Q2 (Low)
2026-02-28,159.32000732421875,159.32000732421875,159.32000732421875,159.32000732421875,0,0.0,-0.02473061502839402,,,0.21636851196632276,,,,0,0.0,,-2322000.0,-2322000.0,-2322000.0,26120000.0,1117000.0,,,,,,,,,,,,,,,,,,,-0.4974700348230948,,-0.042100630776001124,1.3243243243243241,0.0,-93499000.0,-7644000.0,-67465000.0,,,,0.0,,5104820736.0,-0.143,,HERCULES.NS,,,,,0.20252665266408437,,,92.7919708029197,,,68.88686131386861,37.86496350364963,28.153564899451556,,45.660377358490564,,28.578336557059963,23.725671918443002,20.724907063197026,,46.42577689447201,Q2 (Low)
2026-02-28,84.47000122070312,107.5,80.5,107.0,2466387,0.3462505722285636,0.38385929154578813,,,0.46712382340402314,79.22849043330936,1.708051958109846,,0,289963000.0,134603000.0,88132000.0,101425000.0,89451000.0,66924000.0,22625000.0,12000.0,0.464207502336505,0.30394222711173496,0.2308018609270838,0.34978600718022645,1378970000.0,1609000.0,149013000.0,1232225000.0,552513000.0,147246000.0,8464000.0,25039000.0,0.0013057680212623507,0.0011668129110858105,3.7523124567051056,3.582263694769298,0.11882685681433203,-0.09460611226104954,0.736721370388117,0.09397629750715164,0.14243072764136078,862215000.0,225391000.0,269094000.0,350420000.0,0.1829138347298586,0.16344880599287875,0.21809578922286144,2.0,2.4430108704322793,5446460416.0,-1.126,0.93,GLOBAL.NS,20563000.0,13994000.0,-6569000.0,258211000.0,0.37974600480649046,,92.942254812099,24.361313868613138,95.32538955087077,,98.9963503649635,97.44525547445255,28.884826325411332,2.799227799227799,57.92452830188679,59.541984732824424,1.7408123791102514,46.06116774791474,39.21933085501858,94.47619047619048,55.98124217923888,Q4 (High)
2026-02-28,4.309999942779541,4.309999942779541,3.5999999046325684,3.7100000381469727,2636652,-0.01066665649414067,-0.2725489985250772,,,0.38180714319158554,29.33333714803061,1.0431041533307885,,0,2095950000.0,1517210000.0,-2178860000.0,-1701850000.0,-2139750000.0,-1942640000.0,-575630000.0,378520000.0,0.7238770008826546,-1.0395572413464063,-0.9268541711395787,-0.8119707054080488,,,,,,,,,,,,,-0.4040381925093548,-13.804112839441075,,,,,,,,,,,0.0,,481392672.0,-0.029,,AGSTRA.NS,,,,,0.3001192452657189,,54.1704857928506,45.8029197080292,5.40788267644363,,7.025547445255474,33.02919708029197,5.393053016453382,82.72200772200772,,,39.79690522243714,1.0194624652455977,0.37174721189591076,,34.982613889394045,Q1 (Lowest)
2026-02-28,214.35000610351562,244.0,205.44000244140625,210.16000366210938,763346,0.009850574435373183,-0.1862148938543683,,,0.3217957620843977,45.60797212578598,1.2805570356014935,,0,3013700000.0,1094200000.0,-132400000.0,162300000.0,-94400000.0,-232500000.0,16100000.0,123900000.0,0.363075289511232,-0.04393270730331486,-0.07714769220559445,0.0538540664299698,,,,,,,,,,,,,-0.4223419140902034,15.03448275862069,-0.11696797444988138,1.2816486751717369,0.2679687500000001,16028300000.0,-594500000.0,-101600000.0,901300000.0,,,,0.0,,8409230336.0,0.047,0.48,HERANBA.NS,,,,,0.32105831682563374,,73.14390467461045,63.68613138686132,28.32263978001833,,21.16788321167883,44.25182481751825,35.191956124314444,69.1119691119691,90.0,36.10687022900763,47.823984526112184,99.62928637627432,35.87360594795539,14.19047619047619,50.56670215845309,Q3 (Medium)
2026-02-28,12.140000343322754,12.649999618530273,10.100000381469727,11.479999542236328,184687,0.015030867932133152,-0.07194829034410533,,,0.4017848431549165,48.07197224979596,1.2114012593948023,,0,27496000.0,5279000.0,-2021000.0,-530000.0,-530000.0,-2582000.0,-431000.0,2483000.0,0.1919915624090777,-0.07350160023276113,-0.0939045679371545,-0.019275530986325284,258152000.0,111233000.0,154495000.0,103657000.0,252308000.0,154183000.0,250000.0,87936000.0,1.0730872010573334,0.430881806067743,1.6364190604671072,1.0660838094991016,1.6395315349908803,-0.2861487420514238,-0.8449392073267015,-2.0133437990580845,-1.0710551012200027,134310000.0,-20735000.0,-53898000.0,-18557000.0,-0.2000347299265848,-0.08032089621618271,-0.25081669691470054,0.0,1.5317750782484738,122513568.0,,,GLOBALE.NS,,,,,0.1800297444268138,,68.37763519706691,39.32481751824818,35.105407882676445,,56.02189781021898,46.98905109489051,0.4570383912248629,12.355212355212355,5.754716981132075,,,31.881371640407785,10.687732342007434,1.2380952380952381,33.879531763412054,Q1 (Lowest)
2026-02-28,698.7999877929688,726.2999877929688,677.0,693.0499877929688,4455959,0.05135008337242941,-0.10867468500623145,,,0.28046913270192186,45.70275936796654,0.5680060700008104,,0,17254000000.0,3455100000.0,2443500000.0,3250500000.0,3250500000.0,1768300000.0,667500000.0,256700000.0,0.20024921757273675,0.14161933464703838,0.10248637996986205,0.18839109771647156,,,,,,,,,,,,,-0.24786727172069867,-0.015587596726604702,0.01078506611052199,0.4231790744466801,0.27206198880757637,72491809000.0,7694579000.0,10550213000.0,13469210000.0,,,,0.0,,243260538880.0,0.586,1.15,AEGISLOG.NS,,,,,0.5077687529917492,,9.624197983501375,77.00729927007299,28.597616865261227,,43.15693430656935,62.68248175182482,84.09506398537478,78.86100386100387,77.83018867924528,67.40458015267176,93.52030947775629,52.36329935125116,84.75836431226766,28.285714285714285,59.212470285500984,Q4 (High)
2026-02-28,129.3800048828125,146.5,126.55000305175781,141.94000244140625,9947168,0.08899805454531395,0.02424592701656758,,,0.339768386209197,67.19314964704768,1.5087004310408865,,0,2555000.0,2555000.0,-23969000.0,-10399000.0,-10752000.0,-32358000.0,0.0,21606000.0,1.0,-9.381213307240705,-12.664579256360078,-4.070058708414873,,,,,,,,,,,,,0.07082984073763621,0.22433690264482187,0.09892473118279566,0.5858655165653794,1.3253577817531306,9713000.0,-92583000.0,-102360000.0,-40463000.0,,,,0.0,,40470605824.0,-0.126,,HEMIPROP.NS,,,,,0.3398683928463355,,84.967919340055,58.02919708029197,83.40971585701192,,79.56204379562044,75.45620437956204,60.42047531992687,37.35521235521235,82.0754716981132,,30.174081237911025,72.56719184430028,14.312267657992564,46.666666666666664,58.33309648217762,Q4 (High)
2026-02-28,173.00999450683594,200.0,163.50999450683594,167.1699981689453,129778,0.023260103846070468,-0.1782835422591348,,,0.4477392435181339,49.45423247526244,0.47392717834022324,,0,1176179000.0,102307000.0,-134395000.0,8359000.0,8359000.0,-61618000.0,-18824000.0,88801000.0,0.08698250861476017,-0.11426407034983621,-0.05238828443629753,0.007106911448002387,9493249000.0,6353872000.0,9448178000.0,45071000.0,2341414000.0,5057196000.0,6030000.0,373308000.0,140.97472876128774,0.6693042603222564,0.4629866036436001,0.38916941324797377,-0.09068636546371034,-0.34625586182018797,-0.053731960488058395,0.48334135772749165,-0.7330672201820214,5208241000.0,-59558000.0,74995000.0,240379000.0,-1.3214261942268866,-0.006273721462483497,0.011719904365455357,0.0,0.21488814840946446,2340379904.0,0.103,,GLOBALVECT.NS,,,,,0.4163461770119537,,5.40788267644363,28.19343065693431,38.313473877176904,,23.357664233576642,50.72992700729927,19.561243144424132,63.41698841698842,79.52830188679245,,53.868471953578336,29.008341056533826,5.855018587360595,19.904761904761905,37.8097003601247,Q1 (Lowest)
2026-02-28,165.85000610351562,180.97999572753906,163.25,164.02999877929688,1325152,0.006380718148858655,-0.09645254574421902,,,0.20381409681292237,40.89708894998078,1.1590948742279266,,0,5741700000.0,4370000000.0,252700000.0,544300000.0,267600000.0,156000000.0,68900000.0,42700000.0,0.7610986293258094,0.04401135552188376,0.027169653586916767,0.09479770799588971,,,,,,,,,,,,,-0.03911035244502459,-0.6765498652291105,0.2443813528098655,0.391614629794826,0.08361536930121449,23169900000.0,1194700000.0,1681700000.0,2950100000.0,,,,0.0,,37257293824.0,0.157,4.27,HEIDELBERG.NS,,,,,0.22946578837258652,,63.703024747937675,95.43795620437956,18.148487626031166,,47.44525547445255,41.97080291970803,58.59232175502742,50.868725868725875,76.50943396226415,96.33587786259542,61.170212765957444,18.999073215940683,53.3457249070632,75.23809523809524,57.184332836545224,Q4 (High)
2026-02-28,2.680000066757202,3.059999942779541,2.549999952316284,2.890000104904175,16676413,0.021201478026736664,0.0176057014950608,,,0.5340133140642502,77.77779740070748,1.0512114650792943,,0,1565599000.0,177316000.0,62020000.0,94469000.0,82047000.0,44638000.0,-3066000.0,40475000.0,0.11325760938784453,0.039614230719360446,0.028511770894079518,0.060340483099439894,4285493000.0,1634477000.0,2766803000.0,1518690000.0,3504227000.0,2668686000.0,5228000.0,1178804000.0,1.0762413659140444,0.38139765949915216,1.3130907870015431,0.8713737772072099,0.055854581161454364,2.1993979357798166,0.05809525161204854,0.1723395314633891,0.01478091800672443,5792784000.0,88393000.0,246323000.0,327956000.0,0.058203451658995584,0.020626098327543644,0.0781192369449509,1.0,2.144993423160416,1301710336.0,-0.229,,GLOBE.NS,,,,,0.39204730005437377,,54.62878093492209,13.686131386861305,94.22548120989917,,78.46715328467153,50.09124087591241,13.16270566727605,49.9034749034749,63.96226415094339,,22.147001934235977,95.27340129749768,8.736059479553903,39.33333333333333,48.90780189723878,Q3 (Medium)
2026-02-28,904.2000122070312,1008.0,888.0499877929688,951.3499755859375,1137915,0.027708721011845183,-0.1293584532829397,,,0.3797713790814243,57.32518357117962,0.6293827772162841,,0,7167387000.0,2470853000.0,525987000.0,777305000.0,553219000.0,306511000.0,109016000.0,134523000.0,0.34473553611657914,0.073386158721442,0.04276467839674347,0.10845026227828915,,,,,,,,,,,,,0.08373801840123174,0.39613832432974094,0.19052050028063006,54.35687195232075,1.1296085742700663,27326340000.0,759941000.0,1520817000.0,2342696000.0,,,,0.0,,27562639360.0,0.201,0.29,GLOBUSSPR.NS,,,,,0.42353244604564244,,13.84051329055912,47.262773722627735,58.93675527039414,,36.496350364963504,52.645985401459846,54.296160877513714,70.46332046332047,99.43396226415095,21.52671755725191,66.15087040618955,79.05468025949953,60.4089219330855,67.9047619047619,55.22811824771852,Q4 (High)
2026-02-28,525.0,600.0,506.0,556.4500122070312,37194787,0.01588318066094252,0.10527360952412712,,,0.39999436928618776,59.87943414337411,1.3008463017390735,,0,6563300000.0,3098800000.0,2230800000.0,3094400000.0,2555400000.0,2069700000.0,391200000.0,93900000.0,0.4721405390580958,0.339889994362592,0.31534441515700945,0.47147014459189734,,,,,,,,,,,,,-0.0613397786104517,0.44401032582153066,0.371984614741419,1.4816546762589926,0.7334603103467592,24993607000.0,3814554000.0,7601272000.0,7104489000.0,,,,0.0,,107727405056.0,0.888,0.32,HEG.NS,,,,,0.31606325058954143,,74.24381301558203,39.96350364963504,65.90284142988084,,90.05474452554745,47.35401459854015,72.76051188299817,64.47876447876449,90.84905660377358,23.206106870229007,98.16247582205028,81.27896200185357,79.36802973977694,86.57142857142858,67.61295021267068,Q5 (Highest)
2026-02-28,607.0,671.9000244140625,571.2000122070312,575.9000244140625,41912,-0.01403860899608711,-0.052796012476870935,,,0.2589322402450147,37.71508287427424,1.1202276186360236,,0,3825887000.0,1538134000.0,216905000.0,393844000.0,242175000.0,-7437000.0,47087000.0,202525000.0,0.40203330626335804,0.05669404245342322,-0.001943862952564987,0.10294187988301798,,,,,,,,,,,,,0.0624273655605081,-1.0969268063809823,1.1530700162357306,-1.8926899531868924,0.8025804502743845,13202891000.0,76086000.0,655286000.0,1401795000.0,,,,0.0,,6302223872.0,-0.009,3.47,GLOSTERLTD.NS,,,,,0.2645750661161974,,59.395050412465636,84.12408759124088,12.923923006416132,,61.67883211678832,30.656934306569344,31.26142595978062,75.77220077220078,6.415094339622642,94.65648854961832,42.504835589941976,11.399443929564411,48.04832713754647,96.66666666666667,50.36688735856147,Q3 (Medium)
2026-02-28,115.80000305175781,130.0,110.12999725341797,116.13999938964844,271423,0.038912232207674036,-0.12650426049101948,,,0.5805837745465717,56.123456813380265,0.4995229118727227,,0,573519000.0,213702000.0,48614000.0,53188000.0,52808000.0,29164000.0,9658000.0,13986000.0,0.3726153797868946,0.08476441059494105,0.050850974422817725,0.09273973486493037,,,,,,,,,,,,,0.4161417526982347,0.3068650295751927,1.0823130881840362,1.0374458572027385,0.8487955785741597,1722567000.0,121539000.0,221729000.0,191348000.0,,,,0.0,,1258743936.0,-0.361,,HECPROJECT.NS,,,,,0.41444525942164373,,6.507791017415215,8.576642335766422,56.278643446379476,,37.5,58.3941605839416,12.705667276051189,30.694980694980696,88.49056603773585,,16.344294003868473,76.274328081557,31.784386617100374,96.38095238095238,44.66216083171657,Q2 (Low)
2026-02-28,956.0499877929688,1089.0,926.25,1021.4500122070312,1618665,0.07804750628710422,-0.009454945138199222,,,0.4978194146203203,59.57928810899099,0.6987204741500492,,0,2021400000.0,666500000.0,513800000.0,573300000.0,561300000.0,420100000.0,141200000.0,0.0,0.32972197486890276,0.25418027109923813,0.20782625902839616,0.2836153161175423,,,,,,,,,,,,,0.24118875107454252,0.6245166279969063,0.35664429530201347,0.9386248269497,0.876595744680851,6994732000.0,1502988000.0,1375465000.0,1934440000.0,,,,0.0,,23336990720.0,0.448,0.73,GMBREW.NS,,,,,0.5438114854383884,,18.973418881759855,18.795620437956202,64.98625114573785,,71.8978102189781,72.17153284671532,51.645338208409505,1.1100386100386102,87.45283018867924,51.908396946564885,86.55705996131529,85.07877664504171,63.94052044609665,85.80952380952381,57.355141223121144,Q4 (High)
2026-02-28,577.5,641.0,536.5999755859375,567.5999755859375,64787562,0.058362835176963834,0.16097357879312302,,,0.554169158879473,47.92249616179392,0.921641188619842,,0,5791500000.0,2583200000.0,787300000.0,1799400000.0,1799400000.0,1330600000.0,463600000.0,6000000.0,0.4460329793663127,0.13594060260726928,0.22975049641716308,0.3106967106967107,,,,,,,,,,,,,0.0977482088024566,-0.7143102522812668,-0.1136634936181935,-0.09887579574698635,-0.0023286759813705427,26256100000.0,9888000000.0,4629000000.0,13190100000.0,,,,0.0,,180526940160.0,0.266,1.78,GMDCLTD.NS,,,,,0.3070175520461134,,39.04674610449129,10.583941605839414,34.555453712190655,,93.15693430656934,65.78467153284672,80.80438756855575,20.704633204633204,41.79245283018868,81.22137404580153,72.5338491295938,18.350324374420758,81.64498141263941,14.666666666666666,50.323094432962485,Q3 (Medium)
2026-02-28,5443.890787905144,5805.0,5314.414466463076,5465.0,7275291,0.005961987911724087,-0.07179992851272465,,,0.2301946079300358,47.43586819072178,1.0528486970199131,,0,124868200000.0,41727800000.0,16276100000.0,19304200000.0,17118100000.0,12675500000.0,4170200000.0,196400000.0,0.33417475386047046,0.13034623707236911,0.10151103323344134,0.15459660666206448,,,,,,,,,,,,,0.021969342933070513,-0.031584013935472055,0.21705203467093703,0.14446300392758782,0.12077333952624247,441918400000.0,54430600000.0,57672300000.0,80750800000.0,,,,0.0,,1093490638848.0,0.615,3.2,HEROMOTOCO.NS,,,,,0.4395755530661888,,54.81209899175069,90.41970802919708,33.08890925756187,,56.29562043795621,41.42335766423358,94.42413162705667,75.4826254826255,61.698113207547166,92.97709923664122,94.48742746615088,51.06580166821131,96.18959107806691,72.0,67.62429894313325,Q5 (Highest)
2026-02-28,8.279999732971191,8.979999542236328,7.559999942779541,8.029999732971191,358000,0.0024968169185866085,-0.21887160101605285,,,0.37469244127905316,47.12230758781,0.9121985310923144,,0,29588000.0,582000.0,172000.0,10463000.0,10463000.0,7821000.0,2642000.0,0.0,0.01967013654184129,0.005813167500337975,0.26433013383804244,0.35362309044207113,273961000.0,0.0,83364000.0,190597000.0,253421000.0,77383000.0,10486000.0,0.0,0.0,0.0,3.2748924182313943,3.2748924182313943,-0.7427667269439422,-0.7316244595429278,inf,1.9303109778943424,2.7758931793576327,158808000.0,50551000.0,34023000.0,46849000.0,0.265224531340997,0.18451896437814141,0.1785075315980839,1.0,2.4507769354032143,177323344.0,0.171,,HEADSUP.NS,,,,,0.4743614409861918,,38.221814848762605,49.087591240875916,32.26397800183318,,14.051094890510948,39.50729927007299,1.2797074954296161,1.1100386100386102,92.9245283018868,,63.007736943907155,18.072289156626507,23.884758364312265,99.76190476190476,41.544849459077426,Q2 (Low)
2026-02-28,1701.5,1803.0,1640.0,1682.800048828125,11020,0.009296467070155856,-0.008542979781336446,,,0.2842471183120925,55.75114450263978,1.184482966912793,,0,101626000.0,,60789000.0,98208000.0,88728000.0,50807000.0,15403000.0,22518000.0,,0.5981638557062169,0.4999409599905536,0.9663668746187,,,,,,,,,,,,,-0.06503519021114124,-1.3259073473000886,6.450586510263929,-1.1627365440545285,-1.370810316899946,428117000.0,71107000.0,215549000.0,257031000.0,,,,0.0,,10040426496.0,-0.452,,GKWLIMITED.NS,,,,,0.21198567123207038,,66.17781851512375,75.36496350364963,55.545371219065075,,72.35401459854015,43.613138686131386,38.29981718464351,38.513513513513516,11.50943396226415,,12.040618955512572,8.897126969416126,35.501858736059475,98.95238095238095,47.11800378642002,Q3 (Medium)
2026-02-28,136.6999969482422,154.97000122070312,133.14999389648438,137.75999450683594,3417839,0.005620767813680372,-0.17936499366269854,,,0.32847863590128173,50.264851058326514,1.033018209981047,,0,3213953000.0,1458809000.0,435417000.0,1286675000.0,644496000.0,212957000.0,249699000.0,181840000.0,0.45389867244480553,0.13547709005078792,0.06626014755038422,0.40034032856112084,85800728000.0,28028356000.0,50440494000.0,35360234000.0,7655979000.0,4945222000.0,2324999000.0,2380572000.0,0.7926518812064423,0.32666804412195666,1.5481567864900707,1.0667684888565165,-0.134925123094634,-0.6294228095422882,0.1642154634271975,-0.3866993442405776,0.3026625778175549,13448465000.0,1876915000.0,2375369000.0,4993105000.0,0.05307982407582484,0.021875280592024815,0.037473131994259536,1.0,0.7964097670593191,21388007424.0,-0.095,2.97,GIPCL.NS,,,,,0.26765085136461136,,51.97066911090742,61.31386861313868,40.60494958753437,,23.175182481751825,41.14963503649635,50.45703839122486,74.7104247104247,28.962264150943394,92.06106870229007,33.1237911025145,20.389249304911957,72.95539033457248,62.476190476190474,50.2233148001934,Q3 (Medium)
2026-02-28,27.0,29.010000228881836,20.940000534057617,21.1200008392334,3475908,-0.28333894362655265,-0.508608630428699,,,0.5488318188924908,26.555667147209164,1.421172357385771,,0,876401000.0,64064000.0,28378000.0,37800000.0,32179000.0,17413000.0,-441000.0,15207000.0,0.07309895812533304,0.032380154746514435,0.019868758707486642,0.04313094120157325,2344713000.0,674428000.0,1169856000.0,1174857000.0,1750235000.0,923942000.0,63714000.0,914257000.0,0.5740511398408488,0.28763776206299024,1.8943126300135722,0.9047948897225151,2.974517584635269,10.7575962187711,1.0032389163687565,1.8031229877656147,0.23804532949037083,1948577000.0,68699000.0,81105000.0,148852000.0,0.058474350495421996,0.029299534740499157,0.043857490868092264,1.0,2.0007220926399096,735591744.0,-1.347,,HILTON.NS,,,,,0.36468175524217683,,81.39321723189734,11.405109489051085,3.9413382218148487,,0.18248175182481752,0.5474452554744526,8.226691042047532,32.142857142857146,92.64150943396227,,1.0638297872340425,98.88785912882298,10.594795539033457,95.71428571428572,39.11609464922037,Q1 (Lowest)
2026-02-28,68.29000091552734,73.80000305175781,65.36000061035156,66.05999755859375,5315679,-0.04427090663186639,-0.1070560345898871,,,0.37091763351769436,34.58403030846128,0.6658922245620496,,0,1234381000.0,360621000.0,-87794000.0,289046000.0,187742000.0,127271000.0,33018000.0,24366000.0,0.2921472381703866,-0.07112390744834861,0.10310511908397813,0.23416270989265064,,,,,,,,,,,,,0.04200587530178446,-0.5403088903497049,-0.2901809537391432,-0.7728565029064216,-0.6930981430614587,5098996000.0,1074014000.0,178561000.0,1925060000.0,,,,0.0,,18438805504.0,-0.022,2.27,GEOJITFSL.NS,,,,,0.32359648846597766,,16.773602199816683,50.18248175182482,9.349220898258478,,43.70437956204379,20.437956204379564,48.53747714808044,40.15444015444015,18.49056603773585,86.79389312977099,40.95744680851064,22.613531047265987,43.866171003717476,6.476190476190475,36.55582376146902,Q1 (Lowest)
2026-02-28,1178.7918842712445,1368.9000244140625,1172.0417012217777,1287.199951171875,7355349,0.18399283366453,0.18248122141356005,,,0.2474402674281982,66.38170892369253,0.906618752622523,,0,14544400000.0,7719600000.0,5553100000.0,8714900000.0,8714900000.0,8125200000.0,340200000.0,249500000.0,0.5307609801710624,0.38180330573966614,0.5586480019801435,0.5991928164791948,,,,,,,,,,,,,0.17125416740485422,0.39749918302058784,0.17590369238481007,0.36866219721726234,0.3015861162554514,50842000000.0,22615200000.0,17584600000.0,25247700000.0,,,,0.0,,183769890816.0,0.682,2.24,GESHIP.NS,,,,,0.4991029975766082,,37.48854262144821,86.4051094890511,81.20989917506874,,94.8905109489051,90.32846715328468,81.17001828153565,78.18532818532819,75.09433962264151,86.41221374045801,96.37330754352031,79.14735866543096,77.04460966542752,64.76190476190476,75.23410732360031,Q5 (Highest)
2026-02-28,189.91865041446454,222.5874394424732,177.18081166432873,202.27000427246094,50914365,0.010395991455821374,-0.11324829477476783,,,0.44966460128927466,60.12163832826328,2.3935042140052016,,0,4907000000.0,2587000000.0,415000000.0,475000000.0,63000000.0,-59000000.0,-33000000.0,155000000.0,0.5272060321988995,0.08457305889545547,-0.012023639698390055,0.09680048909720806,,,,,,,,,,,,,0.5518659076533838,-0.830945558739255,0.11802232854864436,-1.3430232558139534,-0.37252311756935275,17282000000.0,-130000000.0,795000000.0,2041000000.0,,,,0.0,,24945000448.0,0.369,0.49,HIKAL.NS,,,,,0.20918023236893665,,98.9000916590284,28.010948905109487,66.72777268560954,,41.24087591240876,44.70802919708029,52.74223034734917,72.87644787644788,9.90566037735849,36.87022900763359,81.67311411992263,15.940685820203893,4.228624535315985,51.90476190476191,47.04863148988201,Q3 (Medium)
2026-02-28,48.5,51.540000915527344,46.54999923706055,47.75,1172124,-0.023117860953819402,-0.21785420807977263,,,0.2911014631965888,53.945808819366626,1.112737842528984,,0,6900000.0,5100000.0,3000000.0,3000000.0,3000000.0,146300000.0,24900000.0,,0.7391304347826086,0.43478260869565216,21.202898550724637,0.43478260869565216,26926600000.0,,1658000000.0,25268600000.0,330900000.0,1500000.0,3900000.0,,,,220.6,,0.2321428571428572,-2.792892156862745,0.18965517241379315,-1.4138613861386138,0.19999999999999996,23561000.0,-72368000.0,6691000.0,6909000.0,-0.0028639497241635865,-0.0026876025937177363,,0.0,1.3297178626339754,5256942080.0,-0.413,,GFLLIMITED.NS,,,,,0.3214666539803969,,58.47846012832264,73.54014598540147,50.13748854262145,,14.324817518248176,27.463503649635037,28.610603290676416,,9.056603773584905,,13.49129593810445,3.985171455050973,39.96282527881041,67.61904761904762,39.11133087863357,Q1 (Lowest)
2026-02-28,134.0,164.0,131.0500030517578,160.55999755859375,129566,0.22527476942098468,0.1413136616279831,,,0.35010795178062265,77.89559246955949,1.6988833371723622,,0,260686000.0,169010000.0,49257000.0,61186000.0,49884000.0,-69765000.0,16135000.0,103514000.0,0.6483278733802352,0.188951458843206,-0.267620815847418,0.23471149198652785,7008571000.0,3534077000.0,4724782000.0,2283789000.0,771357000.0,3192619000.0,60119000.0,11841000.0,1.5474621341989123,0.5042507238636806,0.24160634262967176,0.23789747539559214,0.044528053916088606,0.06890053318624756,0.13156261258719404,-3.3094875529661016,-0.5648036189311065,1174596000.0,13824000.0,372730000.0,582261000.0,0.006053098600615031,0.001972442028481983,0.0640664463567913,1.0,0.23271554215545512,2786633984.0,-0.699,0.62,AHLEAST.NS,,,,,0.20689711512196804,,92.5756186984418,55.200729927007295,94.50045829514208,,92.42700729927007,92.6094890510949,21.755027422303474,66.31274131274131,3.8679245283018866,45.648854961832065,5.222437137330754,61.260426320667285,35.96654275092937,55.333333333333336,54.84537273589304,Q4 (High)
2026-02-28,404.25,431.0,390.0,391.29998779296875,247022,-0.04292532236407365,-0.2170868400359861,,,0.25872125703624577,44.497599271750595,1.159308570279208,,0,10754200000.0,10374400000.0,-1063700000.0,1292500000.0,59200000.0,425800000.0,151400000.0,469500000.0,0.964683565490692,-0.09891019322683231,0.03959383310706514,0.12018560190437225,,,,,,,,,,,,,-0.014316615339492578,-3.1802355350742446,0.010685588083266806,-17.12878787878788,-0.44852156846012714,43214800000.0,442900000.0,-2543000000.0,7110100000.0,,,,0.0,,18207475712.0,-0.107,1.32,HGS.NS,,,,,0.20227448905211698,,63.79468377635197,84.21532846715328,25.664527956003667,,14.507299270072993,20.802919708029197,48.263254113345525,85.13513513513513,1.1320754716981132,71.7557251908397,31.52804642166344,3.707136237256719,64.96282527881041,28.19047619047619,42.91062888112243,Q2 (Low)
2026-02-28,517.0,568.0,491.20001220703125,497.0,1664229,-0.07698024193022757,-0.16540722082283799,,,0.26058716802023235,39.41909854629918,1.1192217666350075,,0,7565400000.0,3216000000.0,1298900000.0,1748000000.0,1460200000.0,1060100000.0,373700000.0,26400000.0,0.42509318740582125,0.17168953393079017,0.14012477859729822,0.23105189414968144,,,,,,,,,,,,,-0.04941761845527537,-0.2643813753382832,-0.04572459289345221,-0.31531356972163016,-0.23474301724892743,31055300000.0,5688100000.0,6952700000.0,8985600000.0,,,,0.0,,45691273216.0,-0.599,2.41,GHCL.NS,,,,,0.26944411796485274,,59.211732355637025,83.57664233576642,15.032080659945004,,26.551094890510953,12.043795620437956,61.608775137111515,41.74710424710425,31.60377358490566,88.3969465648855,6.963249516441006,33.45690454124189,78.53159851301115,20.476190476190474,43.946659229545915,Q2 (Low)
2026-02-28,634.5,704.9500122070312,584.0,590.5499877929688,2387188,-0.0953584576655081,-0.31617646539152466,,,0.4062339185704139,41.76914252123786,0.36602113686984167,,0,14211600000.0,4145890000.0,2647260000.0,3122410000.0,2681840000.0,942840000.0,449240000.0,1291770000.0,0.2917257733119424,0.1862745925863379,0.06634298741872836,0.21970854794674774,,,,,,,,,,,,,0.5712054023038067,0.8069684541377593,0.12358786598473648,-0.1814488123350465,0.07269822729146624,49121960000.0,3922530000.0,6418710000.0,10227800000.0,,,,0.0,,38519980032.0,-0.153,0.34,HGINFRA.NS,,,,,0.33601403166046967,,2.749770852428964,37.59124087591241,20.07332722273144,,4.105839416058394,8.576642335766424,59.41499085923218,91.21621621621621,38.0188679245283,24.961832061068705,27.852998065764023,87.67377201112141,81.04089219330855,53.333333333333336,42.44064822449803,Q2 (Low)
2026-02-28,73.30000305175781,86.94999694824219,72.19999694824219,81.5999984741211,4161184,0.17443860868751693,0.05891514481395199,,,0.38037971794166764,64.6006436968989,1.3274586023764954,,0,3491200000.0,1061900000.0,168000000.0,337200000.0,186100000.0,131800000.0,45200000.0,9100000.0,0.3041647571035747,0.04812098991750687,0.037752062328139324,0.09658570119156737,,,,,,,,,,,,,0.03277718613181868,-0.17676452217364147,0.22498245614035084,0.40661686232657424,0.2944337811900193,12283900000.0,569100000.0,750700000.0,1354800000.0,,,,0.0,,7799799808.0,-0.05,0.61,GHCLTEXTIL.NS,,,,,0.27299271109080575,,76.1686526122823,46.98905109489051,78.46012832263978,,85.21897810218978,89.96350364963503,33.912248628884825,25.193050193050194,76.9811320754717,45.038167938931295,36.847195357833655,38.09082483781279,47.67657992565056,73.14285714285714,56.91215799214197,Q4 (High)
2026-02-28,162.61000061035156,167.0,155.16000366210938,158.8300018310547,1099927,-0.02576211114328697,-0.06669403768485305,,,0.2330441196068045,49.969950351557955,0.7862764965496865,,0,2684600000.0,720800000.0,524200000.0,552600000.0,524200000.0,436900000.0,111700000.0,,0.2684943753259331,0.19526186396483647,0.1627430529687849,0.20584072115026447,,,,,,,,,,,,,0.008603524063568457,-0.1267239656206276,0.00727900345189858,-0.12110239388453026,-0.04526606772633035,10488500000.0,1363400000.0,1899900000.0,2208100000.0,,,,0.0,,8584299520.0,0.528,2.83,GICHSGFIN.NS,,,,,0.25247640503936897,,25.847846012832264,90.23722627737226,39.50504124656279,,57.75547445255474,26.733576642335766,35.55758683729433,,41.132075471698116,91.14503816793894,91.15087040618955,42.63206672845227,60.594795539033456,27.523809523809522,51.987693820404935,Q3 (Medium)
2026-02-28,65.69999694824219,75.4000015258789,63.45000076293945,71.30999755859375,289462846,0.14979034234539657,-0.004745344871519008,,,0.41625428452416935,64.50837540628336,0.9724806108725769,,0,12107900000.0,4570900000.0,1843300000.0,2446400000.0,2008700000.0,976200000.0,357400000.0,627600000.0,0.37751385459080433,0.1522394469726377,0.0806250464572717,0.20204990130410724,,,,,,,,,,,,,0.3900828913228169,-4.027915632754342,0.10714971516354099,0.32115306536743815,0.41549499508187226,38866100000.0,576000000.0,2421500000.0,3680200000.0,,,,0.0,,109117661184.0,0.079,0.14,HFCL.NS,,,,,0.3716363892649778,,44.63794683776352,35.3102189781022,78.27681026581118,,72.90145985401459,87.59124087591242,72.85191956124314,86.96911196911196,73.11320754716981,8.702290076335878,51.353965183752415,2.873030583873957,77.69516728624535,48.952380952380956,56.08191666478116,Q4 (High)
2026-02-28,373.5,400.29998779296875,365.8500061035156,380.79998779296875,7680694,0.028355388458371822,0.0021052310341282965,,,0.2079015370875281,59.09090909090909,0.9736280336798903,,0,126693700000.0,,,,,17256600000.0,6089400000.0,,,,0.13620724629559322,,2105951600000.0,13700000.0,1400036500000.0,705915100000.0,,,268970500000.0,,1.94074329901712e-05,6.505372678080541e-06,,,-0.03335952878702331,-0.3994654676809789,0.11388771418347621,0.029249323042788378,,545956000000.0,96286500000.0,,,0.13639954719767292,0.04572113623124102,,1.0,,668075491328.0,0.37,2.63,GICRE.NS,,,,,0.31901020475407094,,45.096241979835014,94.7080291970803,63.42804766269477,,74.17883211678831,53.102189781021906,91.59049360146253,,51.22641509433963,89.77099236641222,81.86653771760155,26.69138090824838,97.39776951672863,50.857142857142854,64.66093818662374,Q5 (Highest)
2026-02-28,702.0,744.9000244140625,514.2000122070312,520.9500122070312,37657342,-0.26153518577848445,-0.28139871241459014,,,0.40476240981597333,22.62155925969553,2.094197899609932,,0,34782000000.0,14568000000.0,13217000000.0,4804000000.0,3567000000.0,2919000000.0,339000000.0,312000000.0,0.4188373296532689,0.3799953999194986,0.08392271864757633,0.13811741705479846,109046000000.0,6807000000.0,45920000000.0,63158000000.0,50477000000.0,35103000000.0,19708000000.0,,0.10777732037113272,0.062423197549657944,1.4379682648206706,,0.06670346858036624,-0.23163990523822053,0.18487480838017367,0.060297856883399836,-0.06536964980544746,,,,,,,,2.0,,317438787584.0,,4.42,HEXT.NS,8148000000.0,7769000000.0,-379000000.0,,0.23148209599099076,,97.15857011915674,38.22992700729927,2.383134738771769,,6.478102189781023,0.6386861313868614,86.47166361974405,80.5019305019305,54.62264150943397,96.79389312977099,,34.38368860055607,76.95167286245353,66.66666666666666,52.752038471796766,Q3 (Medium)
2026-02-28,90.66000366210938,99.63999938964844,85.0,95.80000305175781,159667,0.007254783271772425,-0.2115226086275077,,,0.3752461393345275,64.65932641874909,1.2062489953191629,,0,1068311000.0,623237000.0,56378000.0,111822000.0,84922000.0,45440000.0,7621000.0,31861000.0,0.5833853625021178,0.05277302208813726,0.042534430516956205,0.10467176692929306,,,,,,,,,,,,,-0.19236950887983717,-0.6814380157177811,-0.16302083455748995,-0.6512663085188027,-0.4675269636437228,4277619000.0,153916000.0,169103000.0,330119000.0,,,,0.0,,2044596864.0,-0.013,,GILLANDERS.NS,,,,,0.18504314804149485,,68.01099908340971,48.722627737226276,78.64344637946837,,16.149635036496353,42.700729927007295,18.281535648994517,44.98069498069498,21.32075471698113,,41.8762088974855,18.813716404077848,30.20446096654275,11.523809523809524,39.41524128681296,Q1 (Lowest)
2026-02-28,273.0,318.0,259.0,312.95001220703125,2488336,0.14801909464445617,-0.013398486243519137,,,0.42281104540003356,76.06413380362,0.964353283158112,,0,1719490000.0,1305430000.0,391440000.0,690650000.0,588590000.0,425000000.0,151080000.0,5680000.0,0.7591960406864826,0.22764889589354984,0.24716631094103483,0.40165979447394284,,,,,,,,,,,,,-0.06816851643111077,-0.019064764806351886,0.016775864515823802,0.1289080139187717,0.0973672084783197,7091670000.0,1522370000.0,1741620000.0,2590320000.0,,,,0.0,,35027492864.0,0.36,1.66,ADVENZYMES.NS,,,,,0.4520506929776087,,43.81301558203483,33.3941605839416,93.12557286892759,,71.16788321167883,87.31751824817519,57.95246800731262,19.884169884169882,60.75471698113207,79.54198473282442,81.09284332688588,52.08526413345691,64.86988847583643,29.523809523809526,58.30155303734572,Q4 (High)
2026-02-28,157.1999969482422,170.0,147.25999450683594,163.86000061035156,114315,0.03525399212843916,-0.02614997052258683,,,0.2022708658122624,58.51033130682085,1.416747908296768,,0,201000.0,-6783000.0,-45180000.0,-45155000.0,-45180000.0,-43543000.0,6540000.0,,-33.74626865671642,-224.77611940298507,-216.6318407960199,-224.65174129353233,,,,,,,,,,,,,-0.9935342747772381,3.9068064007212078,inf,-1.166286050348283,0.6106077899843059,46297000.0,-90965000.0,-83925000.0,-83828000.0,,,,0.0,,9178986496.0,0.081,,HEXATRADEX.NS,,,,,0.22840426732148278,,81.02658111824014,95.52919708029196,62.328139321723185,,68.52189781021897,56.75182481751825,36.56307129798903,,11.415094339622641,,51.45067698259188,97.03429101019464,29.460966542750928,99.76190476190476,59.322909672203096,Q4 (High)
2026-02-28,8539.714932947658,8887.5,8405.501218847185,8444.5,283297,0.06502847359333086,0.04147989165061783,,,0.2969112879625338,47.387524402060535,0.4527488420473278,,0,7067200000.0,4906800000.0,1897900000.0,2169300000.0,1964700000.0,1456900000.0,497400000.0,10400000.0,0.6943060901064071,0.2685504867557165,0.20614953588408422,0.30695324881141045,,,,,,,,,,,,,-0.07915618851551198,-0.08186286866649861,0.0951296236034278,0.2562731740967492,0.2111551560493552,29415600000.0,5633500000.0,7244700000.0,8438700000.0,,,,0.0,,275165872128.0,0.076,1.98,GILLETTE.NS,,,,,0.43297774065159944,,4.582951420714941,71.71532846715328,32.997250229147575,,82.66423357664233,68.06569343065694,85.19195612431444,27.84749034749035,68.9622641509434,84.12213740458016,51.20889748549323,46.8952734012975,82.15613382899627,45.61904761904762,56.80191049909854,Q4 (High)
2026-02-28,35.0099983215332,45.650001525878906,34.75,39.09000015258789,1692862,0.08043117255020626,-0.05236363266453603,,,0.5241293373272122,56.43752399579848,1.2599089060469604,,0,950337000.0,513887000.0,141257000.0,170512000.0,145475000.0,102559000.0,32927000.0,12262000.0,0.5407418631495985,0.14863885127065452,0.10791855941629128,0.17942266795883988,3064919000.0,415262000.0,862144000.0,2202775000.0,1451140000.0,516399000.0,60777000.0,422974000.0,0.18851766521773672,0.13548873559138105,2.8101138848061287,1.991030191770317,-0.06412138866649142,-0.03339239599630539,0.31708807778874193,134.6600529100529,2.028901323385736,3907067000.0,249603000.0,464992000.0,537634000.0,0.11331298021813395,0.08143869381213663,0.17761093521596524,1.0,2.8035679572608605,3348060928.0,0.122,,GINNIFILA.NS,,,,,0.4096649014225393,,71.95233730522457,14.872262773722639,56.82859761686526,,61.77007299270073,72.8102189781022,23.948811700182816,29.633204633204635,99.81132075471699,,56.81818181818182,50.880444856348475,43.68029739776952,82.85714285714286,54.39085957894417,Q4 (High)
2026-02-28,48.150001525878906,53.529998779296875,46.0,48.02000045776367,267893,-0.06119258992654453,-0.08498473939358964,,,0.5583333086148858,47.2961322236546,0.8851451665561787,,0,236575000.0,110380000.0,14927000.0,38845000.0,15672000.0,4405000.0,1018000.0,10249000.0,0.4665750818979182,0.06309626968191906,0.018619887984782837,0.164197400401564,2166405000.0,372753000.0,785462000.0,1380943000.0,1449821000.0,701941000.0,29412000.0,350695000.0,0.26992641984499,0.17206062578326767,2.0654456713598437,1.5658381544887676,-0.09420012405332756,-0.14631782945736438,,,,,,,,,,,0.0,1.3305424424334322,620466432.0,0.259,3.33,AHLADA.NS,,,,,0.3251900561987612,,35.01374885426215,10.127737226277361,32.72227314390467,,51.64233576642335,15.41970802919708,7.312614259597806,27.7027027027027,,93.81679389312977,71.95357833655706,40.77849860982391,20.353159851301115,,40.45621004487847,Q2 (Low)
2026-02-28,373.0,407.0,352.5,359.5,142735,-0.053698326465472346,-0.23979698743939315,,,0.4594091610621248,38.5620929072186,0.501353161759193,,0,1756700000.0,654400000.0,64100000.0,27900000.0,-21000000.0,-20000000.0,-6500000.0,5500000.0,0.3725166505379405,0.036488871178915014,-0.011384983207149769,0.01588205157397393,,,,,,,,,,,,,-0.04078846783881185,-1.1228501228501229,-0.17518076814724393,-1.116144018583043,-0.9037931034482759,7827879000.0,420294000.0,554963000.0,762757000.0,,,,0.0,,9521315840.0,0.381,,HEUBACHIND.NS,,,,,0.32929006309944975,,6.5994500458295136,26.003649635036496,13.84051329055912,,10.583941605839415,17.51824817518248,37.02010968921389,19.20849420849421,12.264150943396226,,82.68858800773694,10.750695088044486,7.713754646840148,10.571428571428571,26.9842015938401,Q1 (Lowest)
2026-02-28,1530.0,1629.0,1476.699951171875,1572.300048828125,49903,0.11140178348468943,-0.07255352825892014,,,0.23630594020119447,67.68925419363568,0.6368438600729079,,0,774150000.0,566870000.0,133620000.0,197770000.0,153460000.0,87650000.0,42140000.0,18220000.0,0.7322482722986501,0.17260220887424918,0.11322095201188401,0.2554672867015436,,,,,,,,,,,,,0.09082838986036146,-0.3933836251643712,0.2245721155367142,-0.24841365117475567,2.9077257459000196,3144140000.0,409470000.0,553560000.0,787310000.0,,,,0.0,,13375344640.0,0.014,0.45,HESTERBIO.NS,,,,,0.28341196500215804,,14.298808432630613,89.14233576642336,84.4179651695692,,55.839416058394164,80.74817518248175,43.235831809872025,34.26640926640926,33.867924528301884,33.20610687022901,44.63249516441006,27.15477293790547,46.74721189591078,72.95238095238096,50.7006556023279,Q3 (Medium)
2026-02-28,376.0,439.0,355.29998779296875,411.3500061035156,4758802,0.08851551401769542,-0.20396709026895865,,,0.37217394436507056,64.09342871826915,1.1885473559358792,,0,3716100000.0,1375100000.0,507000000.0,691000000.0,578500000.0,410000000.0,153900000.0,14600000.0,0.3700384812034122,0.13643335755227254,0.11033072306988509,0.18594763327144048,,,,,,,,,,,,,0.017942256067495777,-0.20326467158958417,0.06228917729117822,-0.03301886792452835,-0.00846606399770411,13459400000.0,1662800000.0,2151500000.0,2709000000.0,,,,0.0,,37726646272.0,0.524,1.09,INDRAMEDCO.NS,,,,,0.2524020508035888,,66.63611365719522,49.90875912408759,77.1769019248396,,17.427007299270073,75.27372262773723,58.866544789762344,31.66023166023166,46.41509433962264,65.87786259541984,90.71566731141199,36.329935125115846,65.33457249070632,40.285714285714285,54.793875148740966,Q4 (High)
2026-02-28,150.75999450683594,156.0,138.0,139.0800018310547,62999,-0.02035640885256962,-0.13754181713581182,,,0.24472663040761403,38.84741206488062,0.9573399837288488,,0,1412127000.0,953858000.0,-62972000.0,10467000.0,-35858000.0,-71151000.0,-3444000.0,38737000.0,0.6754760726195307,-0.044593722802552464,-0.05038569477107937,0.007412222838314117,,,,,,,,,,,,,-0.17415948166208262,-1.336311169722494,0.15323214876336766,6.37621812150114,-0.6580194073251218,4720978000.0,-137287000.0,-513488000.0,94779000.0,,,,0.0,,1472447104.0,0.006,0.72,DTIL.NS,,,,,0.3266031453462249,,43.35472043996334,86.95255474452554,14.115490375802016,,34.215328467153284,28.375912408759124,15.082266910420476,48.64864864864865,97.54716981132076,51.221374045801525,43.95551257253385,8.526413345690456,8.643122676579926,59.71428571428572,42.69018667743231,Q2 (Low)
2026-02-28,928.1500244140625,1010.0,902.0499877929688,946.4500122070312,479173,-0.011643654619021726,-0.006403837766111309,,,0.4932914721526779,52.44922341696535,0.9274437799579697,,0,3405893000.0,467054000.0,365038000.0,420100000.0,379067000.0,234789000.0,79520000.0,64604000.0,0.13713114299245455,0.10717835234401081,0.06893610574377997,0.12334503755696377,,,,,,,,,,,,,-0.03349830970399881,0.0358368701084415,0.0950808234263345,0.28015986390848724,0.47400922790828237,13507395000.0,839673000.0,1303801000.0,1417310000.0,,,,0.0,,12043888640.0,0.005,0.05,DSSL.NS,,,,,0.4517711523314485,,39.780018331805685,19.34306569343066,45.7378551787351,,72.71897810218978,32.299270072992705,41.13345521023766,57.818532818532816,70.47169811320755,2.213740458015267,43.7137330754352,57.64596848934198,55.48327137546468,45.52380952380952,45.59222642954657,Q2 (Low)
2026-02-28,5490.0,6246.0,5368.5,5987.0,7183265,0.2718003186404674,0.17576590730557728,,,0.31948258444757016,73.0257320319432,1.0373703877062996,,0,31445200000.0,11831600000.0,3785500000.0,5138400000.0,4783000000.0,3517400000.0,1220300000.0,41900000.0,0.37626092376578935,0.12038403317517458,0.11185808962894178,0.1634080877208604,127996800000.0,732200000.0,56053500000.0,71943300000.0,111500800000.0,55442500000.0,10969400000.0,23121500000.0,0.010177459193559373,0.005720455511387785,2.0111070027505975,1.594071335167065,0.001541558375375729,-0.25891747255757114,0.11965191135418451,-0.20688177861958557,-0.18339584260377595,124996700000.0,17952300000.0,20920100000.0,25644600000.0,0.24953400803132467,0.14025585014625366,0.28785629269836466,1.0,2.412335152128803,1268769095680.0,0.472,0.66,ABB.NS,,,,,0.358884633562225,,53.07057745187901,64.6897810218978,90.00916590284143,,94.52554744525547,95.25547445255475,95.79524680073126,50.67567567567568,36.32075471698113,47.786259541984734,88.29787234042553,33.82761816496756,90.89219330855019,52.19047619047619,66.2224428676147,Q5 (Highest)
2026-02-28,228.9600067138672,275.0,219.55999755859375,221.83999633789062,3929577,-0.041520850019715505,-0.08425182110261864,,,0.39212457453734906,46.491110155121014,1.2177867401217999,,0,2951328000.0,2246144000.0,993560000.0,1333387000.0,1051862000.0,654217000.0,180749000.0,216881000.0,0.7610621388066661,0.3366484511379284,0.22166868609656398,0.4517922101508202,,,,,,,,,,,,,0.2813904689211597,2.8920406208541802,0.16884693846433518,1.0135019928288935,0.315871435324397,10237601000.0,1461852000.0,2992407000.0,4018496000.0,,,,0.0,,49359929344.0,,,JUNIPER.NS,,,,,0.3123558667314385,,68.9275893675527,42.88321167883211,30.889092575618697,,52.28102189781022,21.44160583941606,62.43144424131627,76.25482625482626,88.20754716981132,,,96.29286376274328,68.12267657992564,63.142857142857146,58.05831576738065,Q4 (High)
2026-02-28,178.0,190.0,168.6999969482422,169.72999572753906,455364,-0.00980110786230437,-0.24423370583449266,,,0.32028788181059886,43.010968865433654,0.9334780879837513,,0,537142000.0,195075000.0,40887000.0,108030000.0,80354000.0,57465000.0,21957000.0,932000.0,0.3631721220831735,0.07611953636096228,0.1069828834833247,0.2011200017872369,5477886000.0,2616000.0,350976000.0,5126910000.0,2674107000.0,292923000.0,190125000.0,756316000.0,0.0005102488633504391,0.000477556488032062,9.129044151534703,6.5470823390447315,0.003666056280130059,-0.10029590894146012,0.021219397658850836,-0.09203665665981986,-0.10058944984680962,2152216000.0,248879000.0,210334000.0,465152000.0,0.04854366470252062,0.04543340259362827,0.04100456845330348,1.0,2.273227117176224,6217328640.0,-0.243,,CHEMCON.NS,,,,,0.3320436819848931,,40.14665444546288,64.32481751824818,21.998166819431713,,9.762773722627738,33.394160583941606,30.804387568555757,7.915057915057915,42.07547169811321,,21.08317214700193,45.50509731232623,38.940520446096656,30.571428571428573,35.76811391655282,Q1 (Lowest)
2026-02-28,395.0,422.0,376.54998779296875,388.70001220703125,130673,0.010266438484811458,-0.24052360008209572,,,0.36511801329764587,35.97417284418444,0.49056219438059456,,0,681445000.0,182869000.0,-55261000.0,47074000.0,-27585000.0,-44479000.0,-3454000.0,20348000.0,0.26835474616440064,-0.08109385203501383,-0.06527159198467962,0.06907967627614847,,,,,,,,,,,,,-0.10993892499634283,1.2121151837668473,-0.1850966482825258,-3.3598790322580645,-0.6743838582268675,3283341000.0,-130974000.0,23143000.0,294128000.0,,,,0.0,,5587058176.0,-0.716,0.32,CHEMFAB.NS,,,,,0.2626098682504284,,5.774518790100825,51.73357664233576,11.365719523373052,,10.492700729927007,44.61678832116788,29.341864716636195,36.1003861003861,3.6792452830188678,23.206106870229007,4.932301740812379,91.38090824837812,8.550185873605948,10.19047619047619,28.757651935363157,Q1 (Lowest)
2026-02-28,959.0999755859375,998.3499755859375,847.2000122070312,872.5499877929688,2283167,-0.07842205424302962,-0.17512767298544185,,,0.3145177274182591,28.571411027537366,1.0362671855744063,,0,21161000000.0,13998000000.0,1688000000.0,2702000000.0,1495000000.0,559000000.0,376000000.0,561000000.0,0.6614999291148812,0.07976938708000567,0.02641652095836681,0.12768772742308965,,,,,,,,,,,,,0.12624407898238332,-0.45675413022351796,0.2146137068074847,-0.4562256809338522,-0.089622641509434,77245000000.0,4133000000.0,8083000000.0,11836000000.0,,,,0.0,,138288283648.0,0.558,0.57,JUBLPHARMA.NS,,,,,0.29775315312569556,,52.887259395050414,66.14963503649635,5.132905591200734,,24.361313868613138,11.587591240875913,76.78244972577697,86.48648648648648,26.60377358490566,42.29007633587786,92.45647969052224,24.559777571825762,78.62453531598513,71.33333333333334,50.61704114513,Q3 (Medium)
2026-02-28,255.0,338.95001220703125,244.6999969482422,288.3999938964844,5052980,0.1298726499372551,-0.06500248830299715,,,0.5566587750568981,61.07289650657671,0.8685530317603207,,0,8351400000.0,2625700000.0,-1099300000.0,-513700000.0,-1045500000.0,-1192000000.0,-435900000.0,582400000.0,0.31440237564959167,-0.13163062480542184,-0.14273056014560434,-0.061510644921809514,,,,,,,,,,,,,-0.19169570267131242,1.335423197492163,-0.21030684128410004,1.4416222859483816,-2.1985534297713487,41013900000.0,-2886600000.0,-1468700000.0,-320600000.0,,,,0.0,,45738459136.0,0.127,,CHEMPLASTS.NS,,,,,0.44654728449072084,,33.638863428047664,10.3102189781022,69.93583868011,,58.3941605839416,84.3978102189781,61.700182815356484,86.67953667953668,90.28301886792453,,57.640232108317214,91.84430027803522,0.5576208178438662,8.857142857142856,53.6159284208891,Q4 (High)
2026-02-28,835.0,938.0,828.0999755859375,883.6500244140625,13352740,0.06650176505085126,-0.13807055550091574,,,0.43868313637415385,54.308800103003676,0.6497223335506745,,0,156831700000.0,19159500000.0,13206700000.0,13640500000.0,13640500000.0,10015900000.0,3298100000.0,326500000.0,0.12216599067662978,0.08420937858863993,0.06386400198429272,0.08697540101905418,,,,,,,,,,,,,0.05879870890473615,-25.977306733167083,0.2975881983055335,-2.580567785510265,-2.6846362850438434,605828600000.0,14521900000.0,20731400000.0,21085900000.0,,,,0.0,,131711459328.0,0.129,0.57,CHENNPETRO.NS,,,,,0.33740507312903634,,15.3987167736022,29.927007299270073,51.14573785517873,,33.85036496350365,68.43065693430657,76.05118829981718,80.98455598455598,4.811320754716982,42.29007633587786,57.88201160541586,0.3707136237256719,95.26022304832715,81.23809523809524,49.176044581092874,Q3 (Medium)
2026-02-28,620.5026423783564,695.917343216287,589.9500122070312,602.3499755859375,3253506,-0.06951575493579232,-0.15994631229878387,,,0.3969750161640811,47.87811907120768,1.073946433284654,,0,10397200000.0,4836600000.0,815100000.0,1229100000.0,778700000.0,469000000.0,185100000.0,124600000.0,0.4651829338668103,0.07839610664409649,0.045108298388027546,0.11821451929365598,,,,,,,,,,,,,0.010005634240640271,-0.37549933422103865,0.010417881438289589,-0.20508474576271185,-0.0888131069760546,41533630000.0,2654420000.0,3952520000.0,5782530000.0,,,,0.0,,95229321216.0,0.189,0.83,JUBLINGREA.NS,,,,,0.28042743185645824,,55.72868927589367,40.602189781021906,34.37213565536205,,27.919708029197082,13.594890510948904,71.38939670932358,69.3050193050193,36.50943396226415,56.10687022900763,64.99032882011605,27.89620018535681,68.40148698884758,28.095238095238095,46.327439169839785,Q2 (Low)
2026-02-28,1000.0,1109.800048828125,989.0999755859375,1082.300048828125,27341,0.08457763538348417,-0.023106756044595778,,,0.21597305856939333,81.22347213773928,1.4017078312492088,,0,1482139000.0,615135000.0,205689000.0,223335000.0,203276000.0,148391000.0,53832000.0,1053000.0,0.41503192345657186,0.13877848164038595,0.10011948946758704,0.15068424756382498,7631286000.0,102855000.0,647908000.0,6983378000.0,1912185000.0,344633000.0,36671000.0,905291000.0,0.014728545411690445,0.01347806909608682,5.548467500210369,2.9216412821755315,0.23799416977806742,-0.48315268122100397,0.441116186631352,-0.19693583214724453,-0.16341086084379997,5056472000.0,562974000.0,697468000.0,828017000.0,0.08061628627291835,0.07377183871761588,0.09842577854834861,1.0,2.2781316805581655,6322661376.0,0.221,0.46,CHEVIOT.NS,,,,,0.20609880297054622,,80.10999083409716,92.88321167883211,96.70027497708524,,69.16058394160584,74.17883211678831,31.352833638025597,8.011583011583012,36.9811320754717,34.35114503816794,67.94003868471954,24.096385542168676,50.0,89.42857142857143,57.01297219780777,Q4 (High)
2026-02-28,147.86000061035156,163.47999572753906,142.0,147.92999267578125,113445,0.006326480787627542,-0.12368938560978937,,,0.4536399658531262,54.60706442078182,0.40680763239766227,,0,628952000.0,258572000.0,33324000.0,39021000.0,30917000.0,15886000.0,13763000.0,1269000.0,0.4111156336254595,0.05298337551991249,0.025257889314287896,0.06204130044900088,,,,,,,,,,,,,0.09051061985262243,-0.601874592752243,0.2635596931867037,-0.7475848480996568,-0.5081303887460293,138139000.0,-71771000.0,-135258000.0,-115999000.0,,,,0.0,,1990264960.0,0.383,1.18,CHEMBOND.NS,,,,,0.28292081648700074,,3.5747021081576533,27.09854014598541,51.69569202566453,,38.22992700729927,41.87956204379562,18.09872029250457,8.783783783783784,18.867924528301888,68.62595419847328,82.88201160541587,20.945319740500462,34.386617100371744,77.33333333333333,39.49347252757251,Q1 (Lowest)
2026-02-28,44.70000076293945,46.5099983215332,41.119998931884766,43.11000061035156,164961,-0.05460521813794916,-0.21375161096684725,,,0.5249190900065979,53.62947704798042,0.3021942319107671,,0,589637000.0,181573000.0,-24512000.0,15781000.0,-18879000.0,-29460000.0,-10246000.0,20827000.0,0.30794030903759434,-0.04157133965473673,-0.0499629433024047,0.026763924244916786,2613982000.0,832009000.0,1056619000.0,1557363000.0,1475979000.0,819001000.0,89336000.0,643744000.0,0.5342421773215364,0.3182917862479543,1.8021699607204387,1.016158710428925,-0.3196624371309925,-2.947511072915978,0.09411061773661711,1.6653397267710126,-0.6275958089484615,2698697000.0,-30820000.0,37694000.0,203338000.0,-0.01978986273591963,-0.011790440791099557,0.01577569336210519,0.0,2.144268055403595,835752256.0,-0.179,,AMDIND.NS,,,,,0.43230753978202535,,1.7415215398716772,14.6897810218978,48.762603116406964,,15.784671532846714,17.062043795620436,9.323583180987203,36.67953667953668,91.79245283018868,,25.145067698259187,3.7998146431881374,7.156133828996282,45.23809523809524,31.145020340393,Q1 (Lowest)
2026-02-28,754.0,814.4000244140625,737.8499755859375,805.25,10613731,0.025796178343949094,0.03283521424266844,,,0.3098751197608056,66.39675656021703,1.3065753556328028,,0,3033644000.0,2157788000.0,1086401000.0,1170073000.0,1138758000.0,656226000.0,267754000.0,214778000.0,0.7112858331432429,0.35811749829577894,0.216316087187554,0.38569884930466464,,,,,,,,,,,,,0.2970803715540924,0.3682463496458588,0.4491205376036931,1.1349986660853837,0.896565809159031,,,,,,,,0.0,,179573063680.0,-0.759,,CHOICEIN.NS,,,,,0.3092701992109412,,74.79376718606783,67.33576642335765,81.39321723189734,,81.11313868613139,51.82481751824818,80.71297989031079,76.15830115830116,89.33962264150944,,4.352030947775629,78.12789620018535,73.88475836431226,89.90476190476191,66.59607054352392,Q5 (Highest)
2026-02-28,2150.0,2256.199951171875,1806.0999755859375,1848.0999755859375,118061,-0.05713994255140964,-0.24183627274921604,,,0.48011314571943164,33.0554031210047,1.0583871103100633,,0,4495800000.0,1841800000.0,1298800000.0,356100000.0,309600000.0,215200000.0,74700000.0,19700000.0,0.4096712487210285,0.28889185461986744,0.047866897993682996,0.07920726010943548,,,,,,,,,,,,,-0.12160525184635218,-0.49101229895931886,0.13467265660491656,0.008434864104967188,0.02859618717504331,17994290000.0,1239490000.0,2500540000.0,1898920000.0,,,,0.0,,28003321856.0,,,JUBLCPL.NS,,,,,0.28723370244545277,,55.17873510540788,22.354014598540147,8.249312557286894,,10.127737226277372,16.149635036496353,54.57038391224863,35.13513513513514,49.81132075471698,,,24.003707136237256,54.553903345724905,56.095238095238095,39.08194152688731,Q1 (Lowest)
2026-02-28,1569.7261047942345,1776.699951171875,1525.8588864780584,1669.5999755859375,19734376,0.026445909229677822,0.006717306164586878,,,0.2936383850377322,60.26753191680411,0.8291269850850477,,0,43629400000.0,,,,,12899700000.0,4457700000.0,36457400000.0,,,0.2956653082554424,,,,,,,,,,,,,,0.1230132071052219,0.1337106597646398,0.33677924608658083,0.3328890266584006,,153350800000.0,47755700000.0,,,,,,0.0,,1421980729344.0,0.338,0.12,CHOLAFIN.NS,,,,,0.43302524159912686,,29.330889092575617,72.44525547445255,67.09440879926673,,75.45620437956204,52.0985401459854,96.16087751371116,98.06949806949807,73.49056603773585,6.870229007633588,79.59381044487428,66.07970342910102,96.6542750929368,84.57142857142857,66.52771240391745,Q5 (Highest)
2026-02-28,1715.0,1781.0,1607.199951171875,1684.5999755859375,2320124,0.02313997909865617,-0.08659115600179135,,,0.29647300363404316,54.150699838175086,0.6577994879504722,,0,104607100000.0,36051800000.0,24840200000.0,25712000000.0,24840200000.0,6257300000.0,4773800000.0,,0.3446400865715616,0.23746189312197738,0.05981716346213593,0.24579593545753586,,,,,,,,,,,,,0.03289130692365427,0.13785641547861505,0.1689145699893173,0.2870071371274605,0.2527955485609319,397423800000.0,23677200000.0,71816000000.0,81027100000.0,,,,0.0,,316748660736.0,0.228,0.08,CHOLAHLDNG.NS,,,,,0.4636220603383045,,16.040329972502292,71.89781021897811,50.32080659945004,,50.912408759124084,50.54744525547446,86.38025594149909,,70.75471698113208,4.0458015267175576,68.52030947775629,66.26506024096386,96.84014869888475,63.23809523809524,56.38421259403851,Q4 (High)
2026-02-28,70.9000015258789,76.5,63.400001525878906,65.0199966430664,51812362,-0.0930395532318663,-0.03859235126938665,,,0.6555067742857447,33.7817459276602,0.27833054867769313,,0,4705171000.0,727520000.0,324649000.0,422591000.0,361112000.0,264873000.0,65608000.0,30631000.0,0.15462137295328904,0.0689983424619424,0.056294022045107396,0.08981416403357073,,,,,,,,,,,,,0.09599827255519733,0.236822690001681,0.04193520527924188,0.06192593424128101,0.13584769748070813,19136336000.0,812776000.0,966455000.0,1339275000.0,,,,0.0,,25558165504.0,-0.373,0.19,JTLIND.NS,,,,,0.2944332938943487,,1.374885426214482,3.740875912408754,8.615948670944087,,65.32846715328468,9.124087591240876,52.925045703839125,44.30501930501931,55.094339622641506,12.366412213740457,15.76402321083172,73.58665430954588,52.5092936802974,35.61904761904762,35.35694002793705,Q1 (Lowest)
2026-02-28,411.79998779296875,479.79998779296875,407.1000061035156,469.3500061035156,5302890,0.17410883327958881,0.1283807965604904,,,0.28265508956396973,81.61371512534993,1.6650429978362036,,0,23690040000.0,11555520000.0,2496660000.0,3595450000.0,2724560000.0,2035330000.0,677990000.0,16450000.0,0.48777967449611737,0.10538859368747372,0.08591500900800506,0.1517705331016748,101121570000.0,4863940000.0,31858630000.0,69262940000.0,34959390000.0,24104830000.0,2282110000.0,11101980000.0,0.07022427866908335,0.048099925663733265,1.4503064323623107,0.9897356670841487,0.04240729235052987,-0.01387139285645067,0.033287142989862906,-0.06130289403897149,-0.08106332840909669,85516540000.0,7901400000.0,10428030000.0,14190990000.0,0.1140783224044489,0.07813763176343089,0.14067811838296715,1.0,2.022329914379296,178326372352.0,-0.21,1.49,CIEINDIA.NS,,,,,0.2355258316568466,,90.92575618698442,75.91240875912409,96.97525206232814,,91.87956204379562,89.78102189781022,80.53016453382084,32.722007722007724,44.24528301886792,76.6412213740458,23.21083172147002,52.548656163113996,85.03717472118959,34.0,64.9606226803039,Q5 (Highest)
2026-02-28,134.0399932861328,156.0,130.9199981689453,136.47999572753906,2003412,0.019572651316609235,-0.08335014919055861,,,0.3613959289213344,45.291756351423864,1.0019261245261668,,0,6801234000.0,1870181000.0,263708000.0,571890000.0,312989000.0,203560000.0,67724000.0,41705000.0,0.27497671746039026,0.03877355197600906,0.029929862727852034,0.08408621141398752,,,,,,,,,,,,,0.06418067009938278,0.11676185146782103,0.14899936090059795,0.2520066179952887,0.2662462747043013,25157890000.0,740452000.0,943198000.0,2054345000.0,,,,0.0,,37859127296.0,0.66,0.51,JTEKTINDIA.NS,,,,,0.37788486250848574,,49.03758020164986,52.46350364963504,27.406049495875344,,52.82846715328468,49.08759124087591,59.04936014625228,50.57915057915058,68.58490566037736,38.01526717557252,95.64796905222437,65.15291936978684,53.06691449814126,58.857142857142854,54.65178807199793,Q4 (High)
2026-02-28,1600.0,1718.0,1300.0,1320.0,1338120,-0.1917707326326722,-0.23831506058857477,,,0.3257467095180946,19.505263725857574,1.19278971363877,,0,5794000000.0,2840000000.0,990000000.0,1141000000.0,1092000000.0,803000000.0,273000000.0,16000000.0,0.49016223679668625,0.17086641353123921,0.13859164653089404,0.1969278564031757,,,,,,,,,,,,,0.08461250467989512,0.21851289833080423,0.16065705128205132,0.5179584120982987,0.3796856106408706,21602771000.0,2829502000.0,3383620000.0,4112648000.0,,,,0.0,,36361986048.0,-0.149,,CIGNITITEC.NS,,,,,0.4212403336509965,,67.09440879926673,62.13503649635037,1.5582034830430798,,10.948905109489052,2.0072992700729926,58.22669104204753,32.528957528957534,80.18867924528303,,27.949709864603484,72.28915662650603,74.34944237918215,61.61904761904762,46.72636916425664,Q2 (Low)
2026-02-28,27470.0,27910.0,26210.0,26295.0,117050,-0.046418857660924795,-0.11090448013524934,,,0.18534571645276635,32.17993079584775,1.1822766685449557,,0,17240400000.0,8152300000.0,4447000000.0,5332300000.0,5144600000.0,3759600000.0,1330200000.0,54800000.0,0.4728602584626807,0.25794065102897845,0.21806918632978353,0.3092909677269669,,,,,,,,,,,,,-0.01884301283328116,-0.094661304693332,0.06799316103773823,0.0420755030766673,0.04999606175173277,68219500000.0,15241300000.0,17868000000.0,21283400000.0,,,,0.0,,558750367744.0,-0.002,1.81,ABBOTINDIA.NS,,,,,0.26587429602814483,,65.99450045829515,97.17153284671532,7.241063244729606,,42.24452554744526,19.7992700729927,90.6764168190128,55.5984555984556,53.113207547169814,81.45038167938932,42.89168278529981,45.968489341983314,91.54275092936803,40.76190476190476,55.630278775517425,Q4 (High)
2026-02-28,493.8999938964844,575.0,488.45001220703125,532.4000244140625,32780741,0.04906408751539404,-0.09617174187739197,,,0.24430344041957247,67.73556942136766,0.9861980894222339,,0,24372190000.0,13443300000.0,2339180000.0,4672360000.0,2187940000.0,709030000.0,423730000.0,1035380000.0,0.5515835876874421,0.09597742344861089,0.029091764014641277,0.19170866467067588,,,,,,,,,,,,,0.04147892957380539,-0.6188645978358446,0.13318808255488856,0.6522499009624123,0.12704037204904362,87058090000.0,3966950000.0,9143510000.0,18206090000.0,,,,0.0,,350148820992.0,-0.143,0.23,JUBLFOOD.NS,,,,,0.3580675624712822,,46.92942254812099,87.13503649635037,84.60128322639781,,47.71897810218978,61.496350364963504,87.38574040219378,89.57528957528957,83.58490566037736,16.6412213740458,28.578336557059963,20.574606116774792,80.20446096654274,55.80952380952381,59.34901034665536,Q4 (High)
2026-02-28,653.5,713.4000244140625,600.4000244140625,603.1500244140625,1874775,-0.12421952414203152,-0.1943498233555483,,,0.28103873525940803,36.89951524457591,1.0473738353537743,,0,3056900000.0,,840700000.0,1587900000.0,1476200000.0,1179300000.0,276900000.0,20000000.0,,0.27501717426150674,0.38578298276031275,0.519447806601459,,,,,,,,,,,,,0.026287517625730228,-0.2613216410898841,0.07323666748586866,-0.23456870253780748,-0.1884806051004242,11800800000.0,5664900000.0,3076700000.0,7312800000.0,,,,0.0,,51305295872.0,0.086,,JUSTDIAL.NS,,,,,0.293571702193257,,54.353803849679196,76.73357664233576,12.098991750687443,,19.434306569343065,5.291970802919708,62.979890310786104,35.61776061776062,34.81132075471698,,52.12765957446809,33.64226135310472,74.53531598513011,41.42857142857143,43.537028642633544,Q2 (Low)
2026-02-28,430.8500061035156,469.0,415.5,454.3999938964844,15078492,0.08048985158972233,-0.010345203230190836,,,0.25314764215333263,62.97502297102023,1.0686826603789614,,0,58982600000.0,20952100000.0,7329600000.0,8567400000.0,7689600000.0,5864100000.0,1816500000.0,9200000.0,0.3552251002838125,0.12426715675470393,0.09942084614784699,0.14525300681896017,,,,,,,,,,,,,0.03521652061127378,0.06821990673273093,0.3571136032101754,0.09329380837854462,-0.015411136011032611,189625800000.0,18001500000.0,22242300000.0,28035500000.0,,,,0.0,,182056402944.0,0.286,2.2,CHAMBLFERT.NS,,,,,0.3312761447984442,,55.36205316223648,85.31021897810218,74.79376718606783,,71.62408759124088,72.90145985401459,80.98720292504571,25.482625482625483,57.73584905660377,86.18320610687023,74.41972920696325,61.16774791473587,93.12267657992564,85.90476190476191,68.33302572994626,Q5 (Highest)
2026-02-28,304.0,322.75,286.6000061035156,289.3500061035156,21116919,-0.07304176914554006,-0.03032837794262222,,,0.6149740723420102,31.945814073994867,0.37070719776953037,,0,8903641000.0,1971181000.0,992822000.0,1052849000.0,1052849000.0,629947000.0,244725000.0,184599000.0,0.22139044015813306,0.11150741589873177,0.07075161723164715,0.11824926454244955,,,,,,,,,,,,,0.13300146148320513,0.35299929337425606,-0.13542907664200088,-0.35282853136220504,-0.26920959895162,31505131000.0,2455199000.0,3686084000.0,3835815000.0,,,,0.0,,123659624448.0,0.165,0.69,JWL.NS,,,,,0.3340447012847314,,2.841429880843263,5.65693430656934,7.057745187901008,,67.51824817518248,12.682481751824817,75.0457038391225,74.9034749034749,30.09433962264151,49.770992366412216,62.524177949709866,77.75718257645968,72.39776951672863,12.857142857142856,43.40717486226753,Q2 (Low)
2026-02-28,36.54999923706055,39.0,35.52000045776367,38.310001373291016,83042404,0.044956141491786505,0.012541608504241353,,,0.21949094418190113,67.01576013543877,0.7878057317735465,,0,54552000000.0,,,,,12642900000.0,3273400000.0,55517400000.0,,,0.23175868895732513,,5335061900000.0,331626400000.0,4939128200000.0,395032500000.0,,,369625500000.0,,0.8394914342490808,0.06215980361914826,,,0.051430509833550575,-0.013798967222577563,0.07433622044452837,0.36853100678696293,,206965894000.0,46142254000.0,,,0.11680622227285097,0.008648869472348577,,1.0,,346944634880.0,0.275,2.06,CENTRALBK.NS,,,,,0.4362891260340655,,26.12282309807516,92.42700729927007,83.04307974335472,,77.37226277372264,59.762773722627735,87.20292504570384,98.74517374517374,75.0,84.58015267175573,73.45261121856866,52.64133456904542,95.16728624535315,41.61904761904761,69.8090985167799,Q5 (Highest)
2026-02-28,24.200000762939453,27.799999237060547,23.450000762939453,25.280000686645508,3406944,0.018123268800730896,-0.22119527419400709,,,0.3684924373820564,56.50273542988827,0.9106708727429351,,0,8328859000.0,6090619000.0,1517144000.0,4511501000.0,4272191000.0,-406508000.0,-232692000.0,4589931000.0,0.7312669118302999,0.18215508270700706,-0.048807165543323525,0.5416709539686049,235147808000.0,49906806000.0,217778043000.0,4518980000.0,149184242000.0,2000335000.0,7951732000.0,,11.043820950745522,0.2122358971766388,74.57962891215722,,0.029058514747761555,1.9184291765381576,0.12054626108725897,0.7291958227875024,0.12492709730972562,28848983000.0,-1273645000.0,6665769000.0,13273652000.0,-0.2818434691014344,-0.005416359228830234,0.12247446458559183,0.0,0.9606488600565649,11337667584.0,0.313,,CENTRUM.NS,,,,,0.6149044014976038,,37.67186067827681,50.54744525547446,57.10357470210816,,13.594890510948904,48.26642335766424,40.12797074954296,94.4015444015444,85.18867924528301,,77.51450676982591,94.43929564411492,0.8364312267657992,52.38095238095239,53.471571661500136,Q4 (High)
2026-02-28,112.0,121.4800033569336,106.55000305175781,114.5,9472014,0.009433127849294287,-0.30928396544041303,,,0.44139421494257136,58.28509756185082,0.6713939646783926,,0,4112500000.0,1736900000.0,544300000.0,742200000.0,584200000.0,381400000.0,129500000.0,73300000.0,0.42234650455927053,0.13235258358662613,0.09274164133738602,0.1804741641337386,,,,,,,,,,,,,0.08503509049654379,0.26879574184963406,0.18410065935331543,0.604543542280185,0.20428362810319656,16376700000.0,1277300000.0,2138200000.0,2851700000.0,,,,0.0,,16932872192.0,0.608,0.87,KALAMANDIR.NS,,,,,0.4638608906746168,,17.140238313473876,29.28832116788321,61.686526122823096,,4.47080291970803,43.70437956204379,46.61791590493601,59.94208494208494,82.35849056603773,57.099236641221374,94.1972920696325,74.32808155699722,62.54646840148699,66.57142857142857,53.33008444931715,Q4 (High)
2026-02-28,2290.0,2645.0,2220.10009765625,2542.800048828125,2118398,0.16412580322576797,0.01089295839553972,,,0.4499988831475517,62.145987502332915,1.5785012093515611,,0,3239990000.0,1413200000.0,221160000.0,-229790000.0,-323210000.0,-617500000.0,-73000000.0,69080000.0,0.4361741857227954,0.0682594699366356,-0.19058700798459255,-0.07092305840450125,,,,,,,,,,,,,0.12899111787888407,-15.59465847317419,0.21289793656973433,2.199979271389335,-3.4290697674418604,12401800000.0,-271350000.0,773250000.0,756080000.0,,,,0.0,,37501071360.0,-0.174,0.24,CENTUM.NS,,,,,0.2975071705649375,,87.99266727772685,27.919708029197082,72.22731439046746,,76.91605839416059,88.86861313868614,58.68372943327239,59.07335907335908,93.49056603773585,17.709923664122137,25.676982591876207,0.9267840593141797,2.137546468401487,71.04761904761905,52.17805810706256,Q3 (Medium)
2026-02-28,111.01000213623047,123.87999725341797,111.0,117.55999755859375,49394,0.03980187597003848,-0.1514976905870069,,,0.2886003762258765,61.60777813256941,0.9941980177026237,,0,130698000.0,113889000.0,-66034000.0,-38938000.0,-45684000.0,-49120000.0,1195000.0,2241000.0,0.8713905339025846,-0.5052410901467506,-0.3758282452677164,-0.297923457130178,,,,,,,,,,,,,-0.4855563908886589,-0.5723638389747876,-0.24469486823855757,0.07015250544662299,0.5406956040042734,838862000.0,-274870000.0,-288540000.0,-239699000.0,,,,0.0,,913894720.0,0.021,2.55,KAKATCEM.NS,,,,,0.33902101854553673,,48.02933088909258,74.17883211678833,71.12740604949587,,30.2007299270073,58.75912408759124,10.146252285191956,11.389961389961389,56.0377358490566,89.08396946564886,45.40618955512573,21.872103799814642,21.096654275092938,7.7142857142857135,43.00283836027687,Q2 (Low)
2026-02-28,766.4000244140625,859.0,747.2999877929688,752.9000244140625,2250222,0.012847311685989293,-0.02290566953282258,,,0.2926588993474561,29.550926156476777,1.699575789707892,,0,13500804000.0,6651623000.0,1219308000.0,1643292000.0,1160223000.0,638682000.0,197249000.0,312510000.0,0.49268347277688057,0.09031373242660215,0.04730696038547037,0.121718084345199,,,,,,,,,,,,,-0.02558776834707166,-0.07296858716256815,0.18378967607480834,0.09264569019790336,0.24653868210491825,50834240000.0,2370929000.0,4457340000.0,6054430000.0,,,,0.0,,167274053632.0,0.158,0.13,CENTURYPLY.NS,,,,,0.3757842654265448,,92.66727772685608,72.71897810218978,5.5912007332722276,,69.25182481751825,46.07664233576642,79.79890310786107,80.5984555984556,57.64150943396227,7.862595419847327,61.36363636363637,48.00741427247451,69.6096654275093,66.38095238095238,57.171270381353445,Q4 (High)
2026-02-28,162.50999450683594,184.8000030517578,157.5399932861328,164.25999450683594,82654,-0.052546581686143345,-0.16240888279225496,,,0.5238468691956809,48.04584001998035,0.7999748264498284,,0,1424639000.0,477120000.0,111197000.0,128471000.0,114254000.0,75811000.0,29674000.0,8769000.0,0.3349058954584284,0.07805275582094832,0.053214182680665065,0.09017793279560647,,,,,,,,,,,,,0.07006856934261618,0.2295403678354795,-0.2533095939176221,-0.22296930251627123,-0.2522234639472888,5798876000.0,339856000.0,516279000.0,579366000.0,,,,0.0,,9037585408.0,-0.498,0.3,AMNPLST.NS,,,,,0.32196696257524254,,26.947754353803848,15.054744525547449,35.01374885426215,,27.28102189781022,17.791970802919707,36.19744058500914,24.806949806949806,35.56603773584905,22.137404580152673,10.251450676982591,72.93790546802596,42.28624535315985,7.142857142857142,31.561035452221972,Q1 (Lowest)
2026-02-28,21.350000381469727,21.950000762939453,20.170000076293945,20.420000076293945,909282,-0.09485813121933262,-0.4197214869796757,,,0.49539499385799485,43.027881482990026,0.5631714575816044,,0,913080000.0,736540000.0,377330000.0,248950000.0,248950000.0,295570000.0,-78980000.0,32010000.0,0.8066544004906471,0.4132496604897709,0.32370657554650195,0.2726486178648092,,,,,,,,,,,,,-0.12852425219997332,-1.0961387713414932,-0.2149735194992778,-1.1068783719282005,1.5875688597858852,4262150000.0,-7905650000.0,3182680000.0,471620000.0,,,,0.0,,1191819904.0,-0.228,,ABAN.NS,,,,,0.2717037811042814,,9.25756186984418,19.06934306569343,22.08982584784601,,0.7299270072992701,8.667883211678832,12.340036563071298,45.125482625482626,12.358490566037736,,22.243713733075435,11.492122335495829,1.858736059479554,8.761904761904763,21.599668509793933,Q1 (Lowest)
2026-02-28,875.0,1013.1500244140625,869.5999755859375,993.7999877929688,4085618,0.030164792389048234,-0.0781931079695577,,,0.2650474621963151,76.71857165989991,1.1962528880618777,,0,11682600000.0,6825600000.0,1596900000.0,1724400000.0,1309400000.0,877200000.0,385600000.0,59400000.0,0.5842535052128807,0.13669046273945867,0.07508602537106467,0.1476041292178111,,,,,,,,,,,,,0.05941563741226408,-0.19508166636080015,0.005551682288842397,0.040939836240655,0.011793698292554167,46063000000.0,3169600000.0,5304700000.0,7001800000.0,,,,0.0,,158284791808.0,0.359,1.21,KAJARIACER.NS,,,,,0.23697919201904027,,67.27772685609533,81.84306569343066,93.58386801099908,,54.74452554744526,53.64963503649635,78.70201096892139,56.85328185328186,52.83018867924528,69.38931297709924,80.89941972920697,37.071362372567194,79.182156133829,27.142857142857142,62.21129406676498,Q5 (Highest)
2026-02-28,5060.0,5349.5,4875.0,5095.39990234375,241010,0.010891757235145239,-0.10323831356146607,,,0.21192410503117787,53.84694093022765,0.8979199623418187,,0,4989749000.0,2500801000.0,412595000.0,440013000.0,342077000.0,236681000.0,85683000.0,19713000.0,0.5011877350944908,0.08268852802014691,0.047433448055202776,0.08818339359354549,,,,,,,,,,,,,0.022672079381381494,-0.582187065294911,0.11063332432614104,-0.48389523562390013,-0.3845946206767301,19499550000.0,2125022000.0,2436803000.0,3225490000.0,,,,0.0,,65693945856.0,-0.413,1.28,CERA.NS,,,,,0.21782266429244937,,36.663611365719525,93.88686131386861,49.49587534372136,,45.16423357664234,45.07299270072993,66.27056672760511,35.231660231660236,25.09433962264151,71.22137404580153,13.49129593810445,21.59406858202039,56.78438661710037,50.0,47.33141773770769,Q3 (Medium)
2026-02-28,190.0,272.8800048828125,190.0,250.41000366210938,1307066,0.22282451975200268,0.056626852854064325,,,0.5880995029957177,67.27149150540069,1.3569960821364986,,0,1103371000.0,420026000.0,-66211000.0,28958000.0,-52073000.0,-49814000.0,-31929000.0,29669000.0,0.380675221661617,-0.06000792117973012,-0.0451470992077914,0.026245025471940082,,,,,,,,,,,,,-0.18026963998225876,-16.0087375715577,-0.08938821356446125,-1.707725968232319,-0.828367541681237,4654477000.0,-14348000.0,-90048000.0,325860000.0,,,,0.0,,8785128448.0,0.15,1.0,KABRAEXTRU.NS,,,,,0.2646521076785308,,77.63519706691109,8.120437956204384,83.68469294225481,,84.67153284671532,92.42700729927007,35.74040219378428,43.43629343629344,6.981132075471698,63.12977099236641,60.299806576402325,0.8341056533827619,4.4609665427509295,16.28571428571429,45.18047065783478,Q2 (Low)
2026-02-28,5.949999809265137,6.349999904632568,4.920000076293945,5.150000095367432,1419634,-0.1089965556353859,-0.36887252553065664,,,0.4224383542425933,20.51280797272001,1.0358455202328742,,0,22065000.0,6605000.0,-106918000.0,-108080000.0,-109047000.0,-96486000.0,-31311000.0,18750000.0,0.2993428506684795,-4.8455925674144575,-4.372807613868117,-4.898255155223204,2325502000.0,414103000.0,935900000.0,1410617000.0,1012183000.0,935177000.0,2267000.0,2716000.0,0.29356161169190503,0.17807036932240866,1.082343770216761,1.0794395071735083,0.23233733593968164,-0.31581858407079644,-0.8188810270385631,-0.5321527973079123,-0.42800590623064994,172567000.0,-397656000.0,-291583000.0,-468013000.0,-0.28190217472212514,-0.17099791786891605,-0.15979602349949582,0.0,0.8084202464672143,641600192.0,0.444,,CEREBRAINT.NS,,,,,0.3098485328393485,,52.61228230980751,33.66788321167883,1.7415215398716772,,1.6423357664233578,6.934306569343065,7.586837294332724,34.65250965250965,23.962264150943398,,86.36363636363636,30.30583873957368,4.553903345724907,1.5238095238095237,29.03647523117698,Q1 (Lowest)
2026-02-28,144.60000610351562,157.2899932861328,142.50999450683594,155.42999267578125,24944698,0.07104463826827034,-0.09638975850554876,,,0.2870747279297261,68.94102350297497,0.7730610501607899,,0,40050000000.0,16780000000.0,9790000000.0,10780000000.0,7700000000.0,2850000000.0,810000000.0,3850000000.0,0.41897627965043693,0.24444444444444444,0.07116104868913857,0.26916354556803995,,,,,,,,,,,,,-0.23010380622837368,-0.26356589147286824,-0.14787234042553188,-0.19263456090651554,-0.006451612903225823,166452900000.0,13099400000.0,15963300000.0,44477600000.0,,,,0.0,,206033403904.0,0.145,3.86,CESC.NS,,,,,0.39897230630486946,,24.289642529789184,74.63503649635037,86.80109990834097,,47.53649635036496,70.07299270072993,82.6325411334552,94.1119691119691,37.16981132075471,95.49618320610686,59.57446808510638,33.549582947173306,86.61710037174721,12.19047619047619,60.31182669015762,Q5 (Highest)
2026-02-28,9.369999885559082,12.899999618530273,8.949999809265137,12.539999961853027,213606541,0.573400287574096,0.04937239849413633,,,0.6183397653329521,77.06271071132318,1.3019315245140541,,0,2089600000.0,414500000.0,113400000.0,197200000.0,164500000.0,170100000.0,-15600000.0,10000000.0,0.19836332312404287,0.0542687595712098,0.0814031393568147,0.09437212863705972,,,,,,,,,,,,,0.3875166002656043,0.75,0.5213687659264652,0.4817073170731707,0.4760479041916168,6757200000.0,498700000.0,303700000.0,612000000.0,,,,0.0,,14968495104.0,-0.727,,JYOTISTRUC.NS,,,,,0.32937355351487113,,74.42713107241063,5.383211678832112,93.67552703941338,,83.66788321167883,99.81751824817519,45.88665447897623,27.075289575289574,79.43396226415095,,4.738878143133462,86.93234476367007,6.5055762081784385,91.23809523809524,56.585471461466945,Q4 (High)
2026-02-28,402.70001220703125,442.0,338.0,339.8999938964844,729926,-0.153740821457387,-0.1815554926865831,,,0.5453901571655437,30.37658118258561,1.5422689283363673,,0,1248450000.0,499140000.0,39490000.0,134010000.0,96930000.0,44910000.0,-4650000.0,48480000.0,0.3998077616244143,0.03163122271616805,0.03597260603147903,0.10734110296767993,9155450000.0,1653990000.0,3657540000.0,5497910000.0,7138700000.0,3424930000.0,357370000.0,2013290000.0,0.30083977365944514,0.1806563303824498,2.0843345703415834,1.496500658407617,0.21928470974294867,0.09031318281136191,-0.22884727043621134,-0.7404046242774567,-0.5275515600211529,5542030000.0,471770000.0,725140000.0,888010000.0,0.08580897104536088,0.05152887078188401,0.10139123869181615,1.0,1.9677347372330143,7034649600.0,,,CEWATER.NS,,,,,0.22128835706030878,,86.43446379468378,12.043795620437962,6.049495875343721,,22.26277372262774,3.4671532846715327,32.63254113345521,54.15057915057915,19.245283018867926,,,63.3920296570899,8.085501858736059,8.190476190476192,34.39693955379794,Q1 (Lowest)
2026-02-28,793.0,885.5,750.0,837.25,8462566,0.012210572795536168,-0.15612560661432462,,,0.4072491496337871,62.45607872202806,1.3521988626026156,,0,5759000000.0,3319600000.0,1413400000.0,1606200000.0,1473900000.0,885100000.0,352400000.0,236400000.0,0.5764195172773051,0.2454245528737628,0.1536898767147074,0.2789025872547317,,,,,,,,,,,,,0.133884622957275,0.035204678362573016,0.2811728326399858,0.10306580259222331,0.42862225384683805,20665090000.0,3544050000.0,5117840000.0,5858430000.0,,,,0.0,,190409998336.0,-1.209,,JYOTICNC.NS,,,,,0.3740675842679143,,77.1769019248396,37.31751824817518,73.14390467461045,,28.832116788321166,45.98540145985402,81.62705667276052,77.12355212355212,58.679245283018865,,1.3539651837524178,57.46061167747914,77.5092936802974,79.42857142857143,56.37587594301548,Q4 (High)
2026-02-28,165.91000366210938,180.89999389648438,161.2899932861328,173.02000427246094,9800545,0.030187599978231505,-0.09256828062087352,,,0.2360307086960761,55.568259108323886,0.5644623824821754,,0,10553360000.0,3019540000.0,2278070000.0,2559090000.0,2278070000.0,2554390000.0,848440000.0,,0.2861211974195896,0.215862057202635,0.24204518750426404,0.24249054329616349,,,,,,,,,,,,,0.17578978447003246,0.4604525911357087,0.5431415670402171,1.633826198135775,1.18363568100756,35252570000.0,7361690000.0,7925740000.0,10542900000.0,,,,0.0,,166471892992.0,-0.108,0.12,CGCL.NS,,,,,0.4625358192058493,,9.440879926672777,89.32481751824818,54.995417048579284,,48.81386861313868,53.83211678832117,79.52468007312615,,91.60377358490565,6.870229007633588,31.382978723404253,81.83503243744208,87.26765799256505,91.9047619047619,58.45308090791992,Q4 (High)
2026-02-28,600.4500122070312,719.4000244140625,586.4000244140625,712.1500244140625,52001306,0.2406081176128716,0.0049588761419609995,,,0.38499686406863454,81.74315789788045,0.6267749832427089,,0,31753500000.0,9679300000.0,3466500000.0,4381600000.0,3874900000.0,2848300000.0,1000600000.0,35200000.0,0.30482623962712774,0.10916906797675847,0.08970034799313462,0.1379879383375061,,,,,,,,,,,,,0.10329910877156401,0.05794302269435048,0.3161036022033499,0.28905684286748734,0.3532645623571562,112279100000.0,10665600000.0,13188600000.0,16305100000.0,,,,0.0,,1121733181440.0,0.048,0.18,CGPOWER.NS,,,,,0.6644908103898346,,13.657195233730523,44.799270072992705,97.25022914757103,,75.0,93.7956204379562,94.78976234003656,46.52509652509653,70.84905660377359,11.374045801526718,48.0174081237911,60.05560704355886,89.40520446096654,82.76190476190476,61.88536003686034,Q5 (Highest)
2026-02-28,247.3000030517578,260.29998779296875,236.75,246.0500030517578,8402843,0.0024445146098011072,-0.20577788009408637,,,0.20539323845388738,56.799595907589215,1.051557715582611,,0,7396100000.0,3440000000.0,951800000.0,1260400000.0,1105300000.0,811200000.0,283400000.0,10700000.0,0.4651099904003461,0.12868944443693298,0.10967942564324441,0.17041413718040588,,,,,,,,,,,,,0.0048229763877944976,-0.07566089334548765,0.0510153330207046,-0.07195973000800826,-0.027394089050081005,28919300000.0,3419700000.0,4087300000.0,5280000000.0,,,,0.0,,90353131520.0,0.112,1.42,JYOTHYLAB.NS,,,,,0.22009465201863826,,54.72043996333639,95.16423357664233,57.92850595783685,,17.335766423357665,39.416058394160586,70.74954296160878,28.474903474903474,43.58490566037736,74.35114503816794,54.932301740812385,47.72937905468026,74.72118959107806,37.61904761904762,53.11516129706731,Q4 (High)
2026-02-28,856.2000122070312,914.0,832.8499755859375,863.8499755859375,1563580,0.02839282807849708,-0.036741762550779544,,,0.26532238400624,52.31767839315512,0.8514910406875795,,0,5816760000.0,4510660000.0,2066370000.0,2716120000.0,2131510000.0,1240910000.0,431680000.0,459150000.0,0.7754591903396393,0.35524415654075464,0.213333539633748,0.4669472352306095,,,,,,,,,,,,,-0.34975647000562293,-0.38916564115185825,0.5426861934895266,-1.8960221241813549,0.7450625136527762,24559920000.0,5476280000.0,8668360000.0,11108380000.0,,,,0.0,,189143318528.0,-0.23,0.23,CHALET.NS,,,,,0.29696472244932554,,31.347387717690196,81.66058394160584,45.27956003666361,,65.78467153284672,53.193430656934304,81.53564899451554,84.84555984555985,6.320754716981132,16.6412213740458,22.00193423597679,27.43280815569972,80.48327137546468,91.80952380952381,52.55575709290053,Q3 (Medium)
2026-02-28,42.9900016784668,43.97999954223633,39.040000915527344,40.56999969482422,615092,-0.08769960465085958,-0.2477285469080439,,,0.35012837581777406,50.47169098356585,0.988589774492237,,0,118184000.0,44666000.0,989000.0,24838000.0,20176000.0,13098000.0,6573000.0,0.0,0.37793609964123737,0.008368307046639139,0.11082718472889731,0.2101638123603872,,,,,,,,,,,,,0.06848448137131702,-0.72854448612464,-0.23033239554027296,-0.4230972515856237,-0.417850278910608,626393000.0,200286000.0,212818000.0,325626000.0,,,,0.0,,1663369984.0,-0.037,0.49,AMJLAND.NS,,,,,0.3845579125627795,,47.38771769019248,55.018248175182485,40.879926672777266,,9.306569343065693,9.762773722627738,16.36197440585009,1.1100386100386102,27.452830188679243,36.87022900763359,38.78143133462282,18.164967562557923,29.55390334572491,8.095238095238095,29.249723210279395,Q1 (Lowest)
2026-02-28,1200.0,1264.0,1174.0,1235.800048828125,17922260,0.05210290695916142,0.08374988679351936,,,0.25271027477575403,63.53551952038716,0.69141328449802,,0,452190000000.0,179530000000.0,41340000000.0,61230000000.0,37610000000.0,21390000000.0,-9530000000.0,23040000000.0,0.39702337512992325,0.09142174749552179,0.04730312479267564,0.1354076826112917,,,,,,,,,,,,,0.06497880357983976,-0.020604395604395642,0.1563778641571194,3.8724373576309796,0.18067875048206705,1728130000000.0,65430000000.0,168600000000.0,253500000000.0,,,,0.0,,3018888839168.0,0.57,0.23,JSWSTEEL.NS,,,,,0.5157557563673003,,18.51512373968836,85.4014598540146,76.07699358386802,,88.22992700729927,62.86496350364964,98.53747714808044,97.49034749034749,95.84905660377359,16.6412213740458,93.13346228239845,51.714550509731225,0.09293680297397769,60.1904761904762,62.98253307268981,Q5 (Highest)
2026-02-28,86.48999786376953,90.0,80.0,83.55000305175781,255159,0.03211866833272414,-0.0029832934474428585,,,0.4269963341249662,45.520092746936555,0.8260557554679259,,0,672057000.0,442223000.0,98608000.0,196350000.0,123163000.0,62121000.0,27025000.0,34017000.0,0.658014126777937,0.14672564975887462,0.09243412389127707,0.292162718340855,,,,,,,,,,,,,0.08442990771832393,0.5350268106451852,0.06160415001469066,4.7070280202112995,0.294151765411512,2294751000.0,-43017000.0,164525000.0,248886000.0,,,,0.0,,2862960384.0,-0.031,,CINELINE.NS,,,,,0.4919074691977591,,29.14757103574702,32.57299270072993,28.139321723189738,,73.08394160583941,54.47080291970803,22.120658135283364,46.04247104247104,96.32075471698113,,39.313346228239844,83.41056533827617,40.89219330855018,40.19047619047619,49.04700632969948,Q3 (Medium)
2026-02-28,15.899999618530273,16.739999771118164,14.40999984741211,15.460000038146973,276453,0.0071661012341104335,-0.04744297756050686,,,0.5446375806589232,41.04478567951423,0.8920233103372908,,0,82544000.0,51880000.0,41365000.0,41971000.0,41447000.0,35196000.0,0.0,6251000.0,0.6285132777670092,0.5011266718356271,0.42639077340569875,0.5084682108935841,,,,,,,,,,,,,1.1770803112224715,3.5649805447470815,311.6666666666667,-2.5676807269163957,-4.345369041925713,281498000.0,-205822000.0,-39830000.0,-75026000.0,,,,0.0,,887967936.0,0.216,,CINEVISTA.NS,,,,,0.30424533633709305,,35.83868010999083,12.226277372262771,18.331805682859763,,63.138686131386855,42.518248175182485,9.963436928702011,21.235521235521233,5.0,,67.40812379110251,96.75625579240037,14.312267657992564,99.42857142857143,42.410524953731525,Q2 (Low)
2026-02-28,499.8500061035156,547.0,493.3500061035156,512.0,24794133,-0.04947558378569106,-0.06492555672635747,,,0.24159238267442948,50.786163320823476,0.748669267850992,,0,101805200000.0,82756400000.0,3940400000.0,14302900000.0,4712600000.0,2037000000.0,454400000.0,588500000.0,0.812889714867217,0.038705292067595765,0.020008801122143073,0.14049282354928824,,,,,,,,,,,,,-0.006207469462940152,-0.7414580900644768,0.3936811152164956,-0.5752090588701437,0.07421065280740224,383898900000.0,41060700000.0,36865600000.0,93388700000.0,,,,0.0,,1265573560320.0,-0.176,0.39,AMBUJACEM.NS,,,,,0.4091309868266495,,22.08982584784601,87.95620437956204,41.338221814848765,,58.66788321167883,18.97810218978102,95.70383912248629,86.77606177606178,23.39622641509434,28.77862595419847,25.483558994197292,17.88693234476367,81.22676579925651,87.23809523809524,51.70135620585801,Q3 (Medium)
2026-02-28,166.89999389648438,192.38999938964844,165.0500030517578,191.4600067138672,674884,0.2876454608258896,0.35854691452609067,,,0.26485239598023985,88.31690880518084,1.6474019548863528,,0,974822000.0,468149000.0,93600000.0,122365000.0,95053000.0,60028000.0,13448000.0,21577000.0,0.4802404951878394,0.09601752935407695,0.061578421496437295,0.1255254805492695,,,,,,,,,,,,,-0.009867582427069754,-0.2872984589081756,0.12705826856864055,0.7059224735705354,0.2778566803817957,3842350000.0,280495000.0,381542000.0,513548000.0,,,,0.0,,7649248256.0,0.316,0.21,COMSYN.NS,,,,,0.29427657596421153,,90.19248395967003,82.11678832116789,99.7250229147571,,98.72262773722628,95.98540145985402,33.54661791590494,37.25868725868725,84.71698113207547,14.122137404580155,77.75628626692456,31.788693234476366,33.92193308550186,54.285714285714285,62.27595833176934,Q5 (Highest)
2026-02-28,23.1200008392334,28.799999237060547,22.65999984741211,25.020000457763672,285368,0.018729682484691423,-0.03843197472741111,,,0.28274148005926436,57.419350551642005,1.2552739744400547,,0,346288000.0,40658000.0,14198000.0,39699000.0,35645000.0,9334000.0,3137000.0,23175000.0,0.11741094118190638,0.0410005544517858,0.026954442544933697,0.11464157002264011,2243529000.0,837233000.0,1123091000.0,1120438000.0,800561000.0,272405000.0,12382000.0,63388000.0,0.7472372411503359,0.37317681206706044,2.938863089884547,2.706165452175988,0.14879824837858902,-0.17783845679556065,0.03326371068807066,0.003979778423147229,-0.1209450632182636,1318678000.0,5103000.0,63909000.0,152539000.0,0.004554468877349751,0.002274541581588649,0.03264542407789665,1.0,1.6218675577627923,429778560.0,0.324,,AMBICAAGAR.NS,,,,,0.2106874258076871,,71.49404216315307,75.82116788321167,59.30339138405133,,65.41970802919708,48.54014598540146,4.387568555758683,39.285714285714285,49.056603773584904,,78.43326885880077,37.998146431881366,25.0,33.904761904761905,49.24296795036776,Q3 (Medium)
2026-02-28,77.8499984741211,95.0,73.55999755859375,90.83000183105469,468238,0.26030251443969044,0.03770139492494029,,,0.3217229039667077,87.52785090225241,2.0749872163050083,,0,1416465000.0,191628000.0,60712000.0,63188000.0,60712000.0,58593000.0,21430000.0,,0.1352860819010706,0.04286163089098566,0.04136565322828308,0.044609644431736754,3300582000.0,,707496000.0,2563769000.0,2973271000.0,689146000.0,110630000.0,925870000.0,,,4.314428292408285,2.9709248838417404,0.0187757127650392,0.06275733226923985,0.11763861152162791,0.4097055143874506,0.4428789989267692,5802842000.0,279241000.0,306383000.0,316501000.0,0.10891815916332556,0.08460356385631383,,1.0,3.7367404294151756,2074652928.0,-0.388,2.2,JMA.NS,,,,,0.40372359196015833,,96.79193400549954,63.777372262773724,99.6333638863428,,82.3905109489051,94.7992700729927,18.46435100548446,,77.16981132075472,86.18320610687023,14.65183752417795,60.51899907321594,38.66171003717472,51.61904761904762,62.31076092421598,Q5 (Highest)
2026-02-28,501.63001122092606,535.3535076570215,493.1867338043362,503.0,16855490,0.020617113344059357,-0.009430430598936113,,,0.19858479778577073,49.037468635398575,0.8069689592633581,,0,23075100000.0,7648800000.0,3605200000.0,4529800000.0,4529800000.0,3339100000.0,1041000000.0,204100000.0,0.3314741864607304,0.156237676109746,0.14470576508877533,0.19630684157381767,,,,,,,,,,,,,-0.01997001524720432,-0.11827303934512812,0.04492122935638565,-0.08929496795308878,-0.04671913801085903,84284100000.0,12776800000.0,13421300000.0,17753900000.0,,,,0.0,,383093800960.0,0.1,2.7,CONCOR.NS,,,,,0.28618563801803765,,27.222731439046743,95.89416058394161,37.48854262144821,,71.98905109489051,49.54379562043796,88.20840950639854,75.86872586872587,42.54716981132076,90.1526717557252,53.52998065764023,43.18813716404078,89.77695167286245,36.095238095238095,60.1003710594478,Q4 (High)
2026-02-28,1307.5999755859375,1333.800048828125,1198.800048828125,1211.699951171875,467238,-0.08495695827540328,-0.17621868851721623,,,0.2724610603020932,40.22374562559873,0.9822877425591777,,0,3653670000.0,2963230000.0,617250000.0,861610000.0,644580000.0,425540000.0,144120000.0,75480000.0,0.8110283632621447,0.1689397236203598,0.11646919398851019,0.2358204216582231,,,,,,,,,,,,,-0.07179857175157323,-0.25963428849800785,0.09783448064493827,-0.18300503014245673,0.03130012208843036,14320670000.0,1887410000.0,2572660000.0,3588200000.0,,,,0.0,,79446351872.0,0.64,0.08,JLHL.NS,,,,,0.28795289108665206,,46.4711274060495,79.92700729927007,16.406966086159485,,23.905109489051096,10.31021897810219,69.28702010968921,60.52123552123552,37.64150943396227,4.0458015267175576,95.26112185686654,33.734939759036145,64.12639405204462,46.57142857142857,45.88065867264085,Q2 (Low)
2026-02-28,1142.5999755859375,1385.0,1090.300048828125,1097.9000244140625,5886856,-0.10790601448497672,-0.2310008671549707,,,0.38109214273287706,48.888001332475994,1.6102871094334845,,0,2777660000.0,2120312000.0,802335000.0,1049843000.0,862374000.0,636415000.0,225144000.0,815000.0,0.7633446858146785,0.2888528473607281,0.22911911465046117,0.3779595054830325,,,,,,,,,,,,,0.12429697540046347,0.009176566850821688,0.1373588261740839,-0.1617415975269062,-0.08321624399525995,11384258000.0,3111493000.0,3811496000.0,4839419000.0,,,,0.0,,114858139648.0,0.222,0.97,CONCORDBIO.NS,,,,,0.2075584632168887,,89.27589367552704,46.441605839416056,36.93858845096242,,12.317518248175183,7.116788321167883,73.76599634369288,7.4324324324324325,38.77358490566038,61.45038167938931,68.13346228239845,54.95829471733086,70.817843866171,56.85714285714286,48.285302241297785,Q3 (Medium)
2026-02-28,501.8999938964844,611.9000244140625,501.75,538.2999877929688,34458308,0.053527693380023944,0.20573406445186548,,,0.29115360672127544,53.86987641329846,1.7228491863855533,,0,42229600000.0,16536000000.0,4513800000.0,4790800000.0,3596700000.0,2077500000.0,450300000.0,1055900000.0,0.3915736829143539,0.10688711235720916,0.04919535112811867,0.11344649250762498,,,,,,,,,,,,,0.09150309904004716,0.25642576353190205,0.1660610344713327,0.5384330568720379,0.10887880751782242,153742300000.0,5227400000.0,11880400000.0,16083700000.0,,,,0.0,,155309719552.0,0.371,0.56,JKTYRE.NS,,,,,0.3204060321063095,,93.49220898258478,73.35766423357664,49.679193400549956,,95.8941605839416,63.868613138686136,78.33638025594149,89.86486486486487,80.75471698113208,41.6793893129771,82.01160541586073,73.95736793327154,81.13382899628253,62.857142857142854,71.12580913045416,Q5 (Highest)
2026-02-28,31.760000228881836,34.560001373291016,29.110000610351562,31.639999389648438,7629204,-0.008150477491880803,-0.20302270071528938,,,0.3604028824471194,53.39892816545279,1.1697355728322525,,0,13938800000.0,1717700000.0,432400000.0,951500000.0,523200000.0,210500000.0,60700000.0,249700000.0,0.12323155508365138,0.03102132177805837,0.015101730421557092,0.06826269119292909,,,,,,,,,,,,,0.4179713329467656,0.035415641908509654,0.9990534513172802,-0.3138852672750978,-0.07270246564662308,44137000000.0,847400000.0,1729400000.0,3264900000.0,,,,0.0,,10526487552.0,0.382,0.32,CONFIPET.NS,,,,,0.17353792824927228,,64.98625114573785,52.55474452554745,48.212648945921174,,17.791970802919707,34.03284671532847,38.93967093235832,78.28185328185329,31.79245283018868,23.206106870229007,82.7852998065764,57.553290083410566,51.11524163568774,95.61904761904762,51.79142834632042,Q3 (Medium)
2026-02-28,491.1000061035156,544.0,466.29998779296875,500.79998779296875,5579391,0.14796558806411175,-0.2304264497995102,,,0.3517854076650698,52.69892616282545,0.6900555425683436,,0,10029786000.0,4640336000.0,1172643000.0,1337283000.0,1152755000.0,664787000.0,253578000.0,261767000.0,0.46265553422575517,0.11691605384202614,0.06628127459548988,0.13333115980739768,,,,,,,,,,,,,0.08682014454907971,0.17537845168088761,0.1559469032178653,0.3977712597638796,0.2695873337757435,36444112000.0,2591438000.0,4450158000.0,5226369000.0,,,,0.0,,140078841856.0,,0.72,ABDL.NS,,,,,0.44356136805069346,,18.42346471127406,54.28832116788321,46.3794683776352,,12.5,87.22627737226277,76.96526508226691,79.05405405405406,76.88679245283019,51.221374045801525,,68.58202038924931,73.14126394052045,60.09523809523809,56.98423597926772,Q4 (High)
2026-02-28,326.6499938964844,383.0,314.95001220703125,342.0,5490744,0.04300093432745511,-0.07592544080006347,,,0.292183988309794,57.98200055917561,1.3793281508998176,,0,17630000000.0,6573100000.0,801900000.0,1815100000.0,844800000.0,274000000.0,94800000.0,474700000.0,0.37283607487237663,0.0454849688031764,0.015541690300623936,0.10295519001701645,,,,,,,,,,,,,0.053065417881206,-0.6626861996799212,0.04757773644774299,-0.7867870204653334,-0.3858568770089663,66167400000.0,2502200000.0,4617800000.0,8696900000.0,,,,0.0,,57935597568.0,-0.135,1.46,JKPAPER.NS,,,,,0.22131616699430498,,78.55178735105409,73.08394160583941,60.67827681026581,,55.47445255474452,59.397810218978094,64.53382084095064,85.42471042471043,18.0188679245283,75.57251908396947,29.593810444874276,19.369786839666357,58.550185873605955,37.238095238095234,54.365871014085506,Q4 (High)
2026-02-28,163.44000244140625,245.9499969482422,161.1199951171875,240.0,1640458,0.5590489553964411,0.3868022846743775,,,0.550903522622301,79.22922174950985,2.2803792179393745,,0,40200000.0,39600000.0,180500000.0,189000000.0,188900000.0,157100000.0,31800000.0,0.0,0.9850746268656716,4.490049751243781,3.9079601990049753,4.701492537313433,11369900000.0,0.0,985800000.0,10384100000.0,50400000.0,400000.0,800000.0,,0.0,0.0,126.0,,29.923076923076923,0.24091627172195884,0.6341463414634145,-0.6668787107718406,0.38258961228968547,164834000.0,665232000.0,706281000.0,734105000.0,0.06406255717876369,0.05850816629873613,0.06801562003447578,1.0,1.3532171786911054,7758327808.0,0.174,0.47,CONSOFINVT.NS,,,,,0.31187842402491206,,98.16681943171403,11.040145985401466,95.41704857928505,,99.08759124087592,99.72627737226277,33.820840950639855,1.1100386100386102,20.754716981132077,35.41984732824427,63.34622823984526,73.77201112140871,43.215613382899626,93.71428571428572,57.90609766253555,Q4 (High)
2026-02-28,624.341004459175,688.0499877929688,611.0499877929688,673.5499877929688,311305,0.029880933371571716,-0.09632220769244182,,,0.30152654140546115,61.154020899591096,0.7670313206267273,,0,1188399000.0,666115000.0,131124000.0,180168000.0,133020000.0,52601000.0,74856000.0,5563000.0,0.5605146083091621,0.11033667985247379,0.044262070230621196,0.15160564759815517,,,,,,,,,,,,,0.06144014433597422,-0.7170041749160713,0.15004388634645927,-0.36427690894587994,0.03146468810112668,4641556000.0,990490000.0,698022000.0,931754000.0,,,,0.0,,10783936512.0,-0.05,1.48,CONTROLPR.NS,,,,,0.22293367527541041,,23.64802933088909,70.16423357664235,70.11915673693859,,47.627737226277375,53.558394160583944,39.21389396709324,19.44980694980695,29.62264150943396,76.33587786259542,36.847195357833655,18.257645968489342,54.646840148698885,59.04761904761905,46.56927145619346,Q2 (Low)
2026-02-28,759.0,790.0,686.25,712.7000122070312,3738232,-0.07345293695184307,-0.10329639764328113,,,0.2661036140390697,27.13370310415617,1.2226116754487668,,0,15884000000.0,5381300000.0,1200900000.0,2153000000.0,1301900000.0,569200000.0,189000000.0,549600000.0,0.3387874590783178,0.07560438176781667,0.035834802316796775,0.13554520271971796,,,,,,,,,,,,,-0.08761409131900766,-0.6209629087034694,0.06117595184489888,-0.24035766715601226,0.03266343709530428,,,,,,,,0.0,,88477728768.0,0.221,0.91,JKLAKSHMI.NS,,,,,0.2359384632000467,,69.38588450962419,81.38686131386862,4.307974335472044,,45.07299270072993,12.5,70.56672760511883,86.2934362934363,34.24528301886792,58.54961832061068,67.94003868471954,20.481927710843372,68.68029739776952,39.904761904761905,50.621053586388186,Q3 (Medium)
2026-02-28,35.41999816894531,36.9900016784668,33.5099983215332,34.06999969482422,213266,-0.050710496678056605,-0.13768663269580927,,,0.3848689614835896,44.74523269919157,0.5276333554842193,,0,39254000.0,39254000.0,31384000.0,47221000.0,47036000.0,37531000.0,9490000.0,15000.0,1.0,0.7995108778723188,0.9561063840627707,1.2029602078769042,,,,,,,,,,,,,0.021867027646170767,0.06320113314447595,0.06567123659562912,0.6079431044085515,0.6542072444475584,94111000.0,144415000.0,62727000.0,174543000.0,,,,0.0,,1373096704.0,0.054,1.17,CORALFINAC.NS,,,,,0.4530333190323061,,7.6993583868011,44.981751824817515,26.03116406966086,,34.03284671532847,18.248175182481752,14.168190127970751,2.9440154440154442,82.45283018867924,68.24427480916032,48.8394584139265,60.61167747914736,31.691449814126393,40.666666666666664,38.70745727485216,Q1 (Lowest)
2026-02-28,160.75999450683594,184.0,158.72000122070312,170.6199951171875,358392,0.09871854268683022,-0.07382480736835006,,,0.4182750596853401,59.81036833664,0.905199169809763,,0,2257006000.0,411929000.0,113438000.0,144640000.0,118539000.0,35792000.0,12361000.0,70386000.0,0.18251125606223467,0.050260389205877165,0.015858176717297164,0.0640848983121888,4347991000.0,1009829000.0,2449280000.0,1898711000.0,3303438000.0,2107806000.0,2554000.0,961533000.0,0.5318497654461368,0.23225186068692413,1.5672400590946225,1.1110628777031661,1.4621353467747511e-05,-0.07420915134114481,0.23368042459920524,0.3620519065377883,0.20177807320011643,8900470000.0,166115000.0,468108000.0,550652000.0,0.08748830127386421,0.038205000884316456,0.16094260350553885,1.0,3.078341813495014,2208410112.0,0.108,0.59,CORDSCABLE.NS,,,,,0.4403776170827851,,37.305224564619614,35.03649635036497,65.62786434463794,,55.565693430656935,77.73722627737226,18.921389396709323,59.26640926640927,74.71698113207546,43.4351145038168,54.40038684719536,47.9147358665431,33.64312267657992,73.90476190476191,51.83169377078286,Q3 (Medium)
2026-02-28,566.7000122070312,601.2999877929688,529.0,546.4000244140625,1938524,-0.0327491577278457,-0.09723250819650975,,,0.3336048547927392,43.123933179194395,1.2008908419551014,,0,13112376000.0,3206270000.0,1451695000.0,1985621000.0,1558133000.0,828479000.0,276037000.0,456125000.0,0.24452242675164287,0.11071181912416178,0.06318298071989394,0.15143106024415406,,,,,,,,,,,,,-0.11634865138197636,-0.19835525615545235,0.014598361105413238,-0.08120939641080349,0.0128011694832606,59147429000.0,4010533000.0,6838698000.0,8221830000.0,,,,0.0,,41425223680.0,-0.072,0.73,JKIL.NS,,,,,0.21443639444319923,,67.46104491292392,59.58029197080292,22.36480293308891,,47.08029197080292,23.996350364963504,60.78610603290676,84.65250965250965,42.924528301886795,51.908396946564885,34.81624758220503,36.6079703429101,74.44237918215613,29.04761904761905,49.04456928275603,Q3 (Medium)
2026-02-28,6028.0,7920.0,5813.5,7650.5,6796799,0.32270055325034575,0.06316008893829905,,,0.3652384923506337,86.88854143399598,1.2369983323576297,,0,29428166000.0,5800997000.0,1548746000.0,1891266000.0,978989000.0,-272420000.0,278857000.0,793514000.0,0.19712397299920084,0.05262801630247702,-0.00925711782378827,0.06426720577830096,,,,,,,,,,,,,-0.14679506920610352,-1.2622749429324307,0.7467894881237622,-2.418543860197248,0.46744909265276857,119797094000.0,2285676000.0,7186618000.0,8987138000.0,,,,0.0,,269083688960.0,-0.351,,AMBER.NS,,,,,0.4058447270070842,,70.39413382218149,51.64233576642336,99.17506874427131,,85.67518248175182,96.98905109489051,84.82632541133455,88.12741312741312,5.283018867924529,,16.634429400386846,9.453197405004634,74.62825278810409,94.66666666666667,61.83300503842352,Q5 (Highest)
2026-02-28,2209.29135839635,2399.0,2169.448412347723,2274.800048828125,3325193,0.009846062539572431,0.009265884737476249,,,0.2725440033393417,59.26321910977971,0.8619653546435448,,0,87794500000.0,20315000000.0,6530900000.0,8828300000.0,7362800000.0,5058800000.0,1642900000.0,835200000.0,0.2313926271007865,0.07438848675030896,0.0576209215839261,0.10055641298714613,,,,,,,,,,,,,0.246673671953765,0.00172273816360069,0.18117190894988844,-0.23818989533920643,-0.14027929261452166,195967300000.0,21023300000.0,23968500000.0,34470400000.0,,,,0.0,,672452050944.0,0.112,0.66,COROMANDEL.NS,,,,,0.29263085369575437,,32.72227314390467,79.74452554744525,64.06966086159487,,76.36861313868614,44.16058394160584,91.77330895795247,88.32046332046332,34.43396226415094,47.786259541984734,54.932301740812385,54.40222428174235,92.65799256505576,65.80952380952381,61.812112874328164,Q5 (Highest)
2026-02-28,5489.5,5988.5,5380.0,5748.0,1021761,0.019420058526203876,0.022593844511652694,,,0.34069157726267724,59.33988764044944,0.560388053706583,,0,33525300000.0,28009400000.0,5412400000.0,7441100000.0,5976900000.0,3244200000.0,1649000000.0,1085400000.0,0.8354705252451133,0.16144225405887494,0.09676870900484112,0.22195476252263216,,,,,,,,,,,,,0.04916067896752874,-0.09973359973359974,0.19410379794626675,0.7506880362635584,0.4014954608807022,120383700000.0,10002300000.0,16440300000.0,25077300000.0,,,,0.0,,444137897984.0,0.326,0.26,JKCEMENT.NS,,,,,0.44440513324484376,,9.165902841429881,57.75547445255474,64.52795600366636,,79.1970802919708,48.81386861313868,89.3053016453382,90.15444015444015,85.47169811320755,19.46564885496183,78.72340425531915,45.597775718257644,92.75092936802974,68.38095238095238,61.95402884621782,Q5 (Highest)
2026-02-28,576.0,763.25,560.7999877929688,673.0499877929688,2363967,0.13003696336763237,-0.09887539725149763,,,0.46806715601476967,66.6488312042114,1.5520618086424653,,0,8989800000.0,2895400000.0,330300000.0,1033900000.0,679800000.0,295000000.0,15300000.0,369500000.0,0.32207613072593383,0.03674164052592939,0.03281496807492936,0.1150081203141338,,,,,,,,,,,,,-0.021816480419572848,-0.36817305632897834,0.28306572468422186,-0.002029769959404626,0.20206952679920942,32778900000.0,1461600000.0,2146200000.0,4265000000.0,,,,0.0,,17430753280.0,0.13,0.59,COSMOFIRST.NS,,,,,0.26392539360732953,,86.98441796516957,24.270072992700733,82.12648945921174,,46.62408759124087,84.58029197080292,47.16636197440585,82.43243243243244,48.39622641509434,43.4351145038168,58.12379110251451,28.3595922150139,35.31598513011153,79.61904761904762,56.495594091437525,Q4 (High)
2026-02-28,285.75,433.1499938964844,245.35000610351562,353.79998779296875,971201,0.45148712940705127,0.16362441045015053,,,0.5534882334820269,66.85451974846023,1.5384046483204632,,0,8220017000.0,2556304000.0,1288434000.0,1537982000.0,1291276000.0,-12496000.0,155990000.0,949291000.0,0.3109852449210263,0.1567434714551077,-0.001520191503253582,0.18710204613932063,,,,,,,,,,,,,0.5292172916538767,-0.9302978073037813,0.5459563732766008,-0.8431628490743646,0.32411378902436305,26742497000.0,-598577000.0,4434147000.0,5388415000.0,,,,0.0,,9110466560.0,-0.382,,JITFINFRA.NS,,,,,0.2838659304090789,,86.15948670944088,10.766423357664237,82.67644362969753,,93.43065693430657,98.72262773722628,36.471663619744064,89.0926640926641,17.075471698113205,,15.232108317214701,14.17979610750695,65.79925650557621,92.0952380952381,56.78012245362619,Q4 (High)
2026-02-28,14.300000190734863,15.489999771118164,13.819999694824219,14.869999885559082,356594,0.0806685783585519,-0.14046239645466874,,,0.2976952324105235,63.97516061428522,0.8495499410012711,,0,89573000.0,49635000.0,-3308000.0,22813000.0,7624000.0,-2371000.0,663000.0,9332000.0,0.5541290344188539,-0.03693077154946245,-0.02647003003137106,0.254686121934065,,,,,,,,,,,,,0.05717050832654702,-1.345023282887078,0.10406754591396528,-1.710944527736132,-0.20611776169265028,358162000.0,26410000.0,6672000.0,127507000.0,,,,0.0,,1176591616.0,0.498,1.34,COMPUSOFT.NS,,,,,0.2556618964287099,,31.164069660861593,71.44160583941606,77.0852428964253,,33.21167883211679,72.99270072992701,12.065813528336381,25.77220077220077,6.886792452830188,72.13740458015268,89.41005802707932,8.433734939759036,19.237918215613384,47.714285714285715,44.50356707926694,Q2 (Low)
2026-02-28,138.08999633789062,138.08999633789062,138.08999633789062,138.08999633789062,0,0.0,0.0,,,0.0,,,,0,1812127000.0,57581000.0,23503000.0,27493000.0,26691000.0,6322000.0,1660000.0,18709000.0,0.03177536673754102,0.01296984151773027,0.003488717954094829,0.015171673950004608,,,,,,,,,,,,,0.5306070391164319,1.6232365145228216,0.32368179809423636,1.4763023893458675,0.2225631447883316,4964929587.84,22271379.31,77442746.44,102634041.76,,,,0.0,,138090000.0,,,KALYANI.NS,,,,,0.32340382356372643,,,99.86313868613139,,,73.72262773722628,37.86496350364963,0.8226691042047531,34.55598455598455,90.66037735849056,,,93.2344763670065,22.490706319702603,83.23809523809523,55.76353592469943,Q4 (High)
2026-02-28,121.62999725341797,144.89999389648438,116.38999938964844,134.8300018310547,72662812,0.060484524762647984,-0.03734110965803139,,,0.4048199308679832,60.32643901279465,1.4853289269768122,,0,9013900000.0,,,,,3128000000.0,953700000.0,2478300000.0,,,0.34701960305750007,,,,,,,,,,,,,,-0.16134164495720138,-0.3107247526497874,0.3138455259667381,0.49722381772927426,,,,,,,,,0.0,,128946569216.0,0.094,3.12,JMFINANCIL.NS,,,,,0.3126881643667354,,83.95967002749771,38.04744525547446,67.55270394133822,,65.69343065693431,67.06204379562044,75.77696526508227,93.24324324324324,79.71698113207547,92.82442748091603,52.90135396518375,30.76923076923077,88.7546468401487,82.66666666666667,67.9312539359608,Q5 (Highest)
2026-02-28,218.86000061035156,288.3999938964844,209.39999389648438,245.30999755859375,7000797,0.20379820899045042,-0.10323520926547403,,,0.4921126512078269,66.00591732246659,1.101432460871105,,0,2026350000.0,524320000.0,236600000.0,295100000.0,272500000.0,181780000.0,51670000.0,40620000.0,0.25875095615268834,0.11676166506279764,0.089708095837343,0.14563130752337947,,,,,,,,,,,,,0.13598013219044836,0.3958381325347462,1.1585159304195916,5.396199859254047,2.027598235354468,6714840000.0,455660000.0,573900000.0,815910000.0,,,,0.0,,13726055424.0,,0.12,JNKINDIA.NS,,,,,0.369318089520239,,57.92850595783685,19.61678832116789,80.38496791934006,,45.25547445255474,91.05839416058394,44.14990859232176,50.0,96.88679245283018,6.870229007633588,,78.96200185356813,49.44237918215613,96.76190476190476,57.82115644412654,Q4 (High)
2026-02-28,258.6499938964844,270.8500061035156,251.14999389648438,253.0,18377720,-0.052789239166288526,-0.08416289592760184,,,0.23575113602390016,43.085097403145525,0.715996598262797,,0,13496600000.0,11294500000.0,4797200000.0,5180800000.0,5180800000.0,3591000000.0,743200000.0,789100000.0,0.8368403894314124,0.35543766578249336,0.2660670094690515,0.3838596387238267,,,,,,,,,,,,,0.10279854557339552,-0.06649682853280647,0.3478269553407365,-0.03340421522973813,-0.17584550284750722,50337000000.0,15829100000.0,18805500000.0,20834000000.0,,,,0.0,,527330246656.0,0.774,0.32,JSWINFRA.NS,,,,,0.3662340174466491,,20.07332722273144,89.41605839416059,22.273143904674612,,52.37226277372263,17.7007299270073,90.12797074954297,87.93436293436294,46.320754716981135,23.206106870229007,97.1953578336557,48.37812789620018,85.68773234200744,85.33333333333334,57.734617926573954,Q4 (High)
2026-02-28,1330.0,1381.300048828125,1293.0999755859375,1341.0999755859375,21552426,-0.020808995698037513,-0.11291180561510505,,,0.16856743984194644,60.2787281571072,0.6525027613761388,,0,69629700000.0,43308900000.0,9767100000.0,11854900000.0,9071400000.0,6758000000.0,2185500000.0,140300000.0,0.6219888926707999,0.140272039086769,0.09705628488992485,0.170256370485583,,,,,,,,,,,,,0.018418789417642634,-0.47920038223825157,0.0002513927156446716,-0.48116358164495254,-0.4290097293131683,273593300000.0,47657700000.0,55633800000.0,71302800000.0,,,,0.0,,1083314667520.0,-0.05,0.97,CIPLA.NS,,,,,0.31704648486898834,,15.673693858845098,98.44890510948905,67.18606782768103,,41.51459854014598,28.193430656934304,94.3327239488117,71.23552123552123,25.37735849056604,61.45038167938931,36.847195357833655,24.28174235403151,93.86617100371747,25.523809523809526,52.262106639118386,Q3 (Medium)
2026-02-28,17389.0,18257.0,16866.0,17281.0,23876,0.010584795321637364,-0.0024821057492495635,,,0.4063920422335458,45.93199757134183,0.8964729102411151,,0,326628000.0,,290746000.0,290773000.0,290746000.0,321241000.0,67454000.0,,,0.8901441395103911,0.9835072314682146,0.8902268023561972,,,,,,,,,,,,,0.08605211007222002,-0.04986956598896186,-0.7985969589884588,-0.7314830990518685,-0.8165012731879553,1214194000.0,895450000.0,1069644000.0,1069671000.0,,,,0.0,,192081739776.0,-0.27,,JSWHL.NS,,,,,0.31984972765478953,,36.57195233730523,37.5,29.422548120989916,,73.26642335766424,44.89051094890511,81.80987202925046,,19.433962264150946,,19.825918762088975,49.39759036144578,52.88104089219331,1.6190476190476188,43.10792444620277,Q2 (Low)
2026-02-28,803.65992398195,848.5986008581281,707.1500244140625,711.0499877929688,6219348,-0.17465323810568956,-0.22224685696706636,,,0.2526482047750559,26.526620839858424,1.445012563720186,,0,2196700000.0,1334390000.0,529190000.0,820080000.0,627370000.0,458840000.0,166860000.0,1670000.0,0.6074520872217417,0.24090226248463603,0.20887695179132335,0.3733236217963309,,,,,,,,,,,,,-0.09552063046333625,-0.3451036923911337,-0.07753230337668449,-0.2189425663023865,-0.18600057569952455,9500940000.0,2556820000.0,3020680000.0,4161580000.0,,,,0.0,,75701608448.0,-0.022,0.84,CLEAN.NS,,,,,0.2625658481697668,,82.76810265811181,85.49270072992701,3.758020164986251,,13.321167883211679,2.4635036496350367,68.46435100548446,9.845559845559846,35.75471698113207,56.33587786259542,40.95744680851064,29.19369786839666,66.91449814126395,17.523809523809526,40.85289687484162,Q2 (Low)
2026-02-28,443.0,495.8999938964844,440.04998779296875,493.95001220703125,28480596,0.03380080541370867,0.0193994936557067,,,0.3198434035017039,75.96329083398226,0.5734861840497499,,0,40817600000.0,27924300000.0,12008700000.0,21407000000.0,13120000000.0,4199400000.0,-7016300000.0,14848800000.0,0.6841240053310337,0.29420397083610994,0.10288209007878954,0.5244551369997256,,,,,,,,,,,,,-0.20640358364263123,-0.43489611368285064,0.260712984068741,-0.5078347494872546,0.11784149595567683,145918000000.0,17389400000.0,46601900000.0,77600500000.0,,,,0.0,,867438755840.0,-0.424,0.4,JSWENERGY.NS,,,,,0.45002756897739066,,10.082493125572869,64.50729927007299,92.8505957836847,,78.74087591240875,55.74817518248175,92.96160877513712,96.62162162162163,24.339622641509433,29.312977099236644,13.056092843326885,25.393883225208526,0.18587360594795538,76.66666666666667,50.69785238352507,Q3 (Medium)
2026-02-28,74.01000213623047,75.1500015258789,44.0099983215332,48.25,3583509,-0.36387605839620163,-0.4147258785649187,,,0.520178962833976,19.133188595263803,2.5666407720157607,,0,1204489000.0,262017000.0,-67063000.0,32195000.0,-67846000.0,-173838000.0,-33032000.0,134552000.0,0.21753374252483834,-0.05567755288757307,-0.14432510384071587,0.02672917726936485,,,,,,,,,,,,,-0.267107075751823,-4.346964708600474,0.7254114094498114,3.8305777086170005,0.9360755306993807,5048298000.0,-324422000.0,234344000.0,576730000.0,,,,0.0,,2619618048.0,-0.492,,CLEDUCATE.NS,,,,,0.31002586408419514,,99.45004582951421,15.784671532846716,1.374885426214482,,1.0036496350364963,0.18248175182481752,21.115173674588668,70.55984555984556,95.75471698113208,,10.34816247582205,2.5949953660797034,4.089219330855019,94.38095238095238,37.775919996314144,Q1 (Lowest)
2026-02-28,236.99000549316406,321.0,230.02000427246094,271.6400146484375,10811055,0.1549320500553164,0.013015181172446377,,,0.3503234089542519,68.91487031746496,2.104713122537101,,0,2729544000.0,560442000.0,231679000.0,280920000.0,269996000.0,189287000.0,61932000.0,18777000.0,0.20532440583482076,0.08487828003505347,0.0693474807513636,0.10291828964838083,9721623000.0,669225000.0,2120152000.0,7601471000.0,8062447000.0,2096401000.0,2173000.0,2153790000.0,0.08803888089555298,0.06883881425971775,3.8458515331751895,2.8184765223828836,-0.11166539143860366,-0.1254851049674749,-0.2611377726430756,-0.2910413381624237,-0.2698882169023529,13059761000.0,941311000.0,1250420000.0,1372171000.0,0.12383274237315382,0.09682652783388124,0.15118679250210623,1.0,3.2661277237350186,13540718592.0,-0.053,0.92,CLSEL.NS,,,,,0.23800490450464803,,97.25022914757103,54.92700729927007,86.61778185151238,,77.73722627737226,87.95620437956204,43.60146252285192,34.74903474903475,32.64150943396226,59.00763358778626,36.2669245647969,42.91010194624653,51.486988847583646,6.857142857142858,54.13394983097952,Q4 (High)
2026-02-28,790.0,819.5,734.0,761.2999877929688,7321231,0.01639065472087542,0.01294645322453336,,,0.3429282346662345,37.25316095014146,0.7542197105106714,,0,105175500000.0,30117600000.0,11390400000.0,14853600000.0,12164600000.0,8287900000.0,2545000000.0,1341800000.0,0.2863556626780952,0.10829898598057533,0.07880067125899093,0.1412268066232155,,,,,,,,,,,,,-0.034447588218985414,0.027077601804347262,0.06159599487246781,0.2656374076110195,0.1495348801213492,416941000000.0,29408800000.0,39901600000.0,53764400000.0,,,,0.0,,627097206784.0,0.486,0.39,JSL.NS,,,,,0.5849990140336154,,22.45646196150321,57.39051094890511,12.465627864344638,,77.64598540145985,47.627737226277375,91.40767824497257,91.5057915057915,69.62264150943396,28.77862595419847,88.58800773694391,56.62650602409639,94.70260223048327,40.095238095238095,58.594227646909886,Q4 (High)
2026-02-28,312.2900191976906,334.00160198216406,299.84799349764836,315.0,6720850,-0.04022494727798176,-0.10383998253854876,,,0.23942604156506392,47.23037711103831,1.0789379415428122,,0,6182220000.0,5634820000.0,840040000.0,1371340000.0,815270000.0,574030000.0,196250000.0,44990000.0,0.9114557553759005,0.1358799913299753,0.09285175875332809,0.22181999346513065,,,,,,,,,,,,,-0.014636478829464172,-0.3865824597398989,-0.01011149059223071,-0.3686219298920994,-0.17706433029284685,24461890000.0,3417360000.0,4333950000.0,6584490000.0,,,,0.0,,51808849920.0,0.15,1.75,CMSINFO.NS,,,,,0.23123360180843183,,56.095325389550865,88.5948905109489,32.630614115490374,,44.799270072992705,21.897810218978105,63.07129798903108,51.737451737451735,29.433962264150942,81.06870229007633,60.299806576402325,27.710843373493976,69.33085501858736,24.476190476190478,50.07646800222301,Q3 (Medium)
2026-02-28,413.5332603409552,435.6409932517375,401.29506441538587,423.54998779296875,106375301,0.03646700081221321,0.13471478232616718,,,0.2785881434423088,54.338954068303806,0.7847650243208977,,0,308181700000.0,265066900000.0,71129200000.0,97933400000.0,97933400000.0,71574500000.0,23066300000.0,3207300000.0,0.8600994153773569,0.23080280237275608,0.23224772918054512,0.31777811596210936,,,,,,,,,,,,,-0.03332012773980775,-0.18138637460570173,0.13005870640563533,0.13807222019048826,0.17124060127895557,1265260400000.0,340104200000.0,376610600000.0,466747100000.0,,,,0.0,,2610223644672.0,,5.19,COALINDIA.NS,,,,,0.5303324586365108,,25.572868927589365,77.55474452554745,51.237396883593036,,91.97080291970804,57.3905109489051,98.08043875685559,93.82239382239382,61.22641509433963,98.01526717557252,,37.627432808155696,99.44237918215613,55.047619047619044,66.46588467282903,Q5 (Highest)
2026-02-28,359.0,411.79998779296875,338.8999938964844,382.6000061035156,12617646,0.013107407088660095,-0.14854790050814637,,,0.3488838355705201,61.41304223884518,1.6849650582337714,,0,9195005000.0,,,,,96942000.0,0.0,7093588000.0,,,0.010542898019087537,,,,,,,,,,,,,,0.06783507154026558,-0.9048888888888889,0.19497885622846156,-0.8997685024829892,,32622474000.0,3457578000.0,,,,,,0.0,,40285982720.0,0.137,,JSFB.NS,,,,,0.2208662763243163,,92.1173235563703,55.56569343065693,70.57745187901008,,31.113138686131386,46.167883211678834,60.237659963436926,95.36679536679536,16.32075471698113,,58.9458413926499,14.735866543095458,14.312267657992564,68.66666666666667,51.6084895380977,Q3 (Medium)
2026-02-28,46.4900016784668,53.9900016784668,44.0,48.439998626708984,1768730,0.17544284646588326,0.12546462816717807,,,0.4844406085534477,55.541292834751125,1.451012176391393,,0,1596833000.0,695972000.0,80678000.0,169846000.0,139119000.0,36665000.0,31723000.0,70731000.0,0.43584520109491726,0.05052375545846059,0.02296107357500753,0.10636428480623834,7997611000.0,4168017000.0,5286572000.0,2711039000.0,4359310000.0,4233788000.0,135062000.0,2859382000.0,1.5374242126358197,0.5211577557348063,1.0296476819340032,0.35427565102456715,-0.1305418102302971,-0.36292396441479013,0.03171515222782029,6.129107524790978,0.819063939166756,6495754000.0,103397000.0,283984000.0,528727000.0,0.03813925214650177,0.012928485769062786,0.041282408516517384,1.0,1.3630229952419541,3285055744.0,-0.155,0.45,COASTCORP.NS,,,,,0.3293794564253697,,83.22639780018332,21.076642335766422,54.903758020164986,,91.51459854014598,90.05474452554745,23.6745886654479,59.36293436293436,97.26415094339622,33.20610687022901,27.659574468085108,28.73030583873957,43.12267657992565,33.14285714285714,52.4626224062282,Q3 (Medium)
2026-02-28,1249.0999755859375,1480.0,1230.4000244140625,1400.5,213227,0.244556953017522,0.07739054827026681,,,0.32821355356087345,72.24606580829757,1.5194181274394087,,0,1741700000.0,703200000.0,199800000.0,279200000.0,228800000.0,151700000.0,51700000.0,25400000.0,0.4037434690245163,0.11471550783717058,0.08709881150599988,0.16030315209278292,,,,,,,,,,,,,-0.1275796433580445,-0.048306148055207054,0.11461666453346986,0.062324929971988796,-0.029207232267037586,6841046000.0,628916000.0,851450000.0,1189228000.0,,,,0.0,,8027606016.0,0.041,2.64,AMBIKCO.NS,,,,,0.20541085831858027,,85.33455545371218,61.4051094890511,89.64252978918424,,87.5,94.25182481751825,34.73491773308958,40.83011583011583,55.188679245283026,89.92366412213741,47.24371373307544,49.4902687673772,49.53531598513011,51.23809523809524,62.42125268025131,Q5 (Highest)
2026-02-28,14.920000076293945,16.18000030517578,14.5600004196167,14.65999984741211,440782625,-0.03552631372560089,-0.2673663328472978,,,0.45056782059046135,45.73863536304226,0.7910490628924685,,0,11555700000.0,3047400000.0,540900000.0,2294400000.0,1099700000.0,37700000.0,148500000.0,913500000.0,0.26371401126716687,0.04680806874529453,0.0032624592192597593,0.19855136426179287,,,,,,,,,,,,,-0.27008640945956186,-0.9864451875022472,0.013506757764192967,-0.9702399747395011,-0.4354608533044634,,,,,,,,0.0,,100530184192.0,-0.147,,JPPOWER.NS,,,,,0.3550756887813795,,26.306141154903756,27.737226277372258,28.87259395050413,,7.39051094890511,23.44890510948905,72.12065813528336,88.7065637065637,15.0,,28.191489361702125,13.067655236329937,64.40520446096654,28.57142857142857,38.25455846089657,Q1 (Lowest)
2026-02-28,1556.289144727919,1594.101437603986,1455.0,1517.5999755859375,14166933,0.03668029263448913,-0.10379952676221382,,,0.35894724230165603,52.25582134265353,0.9803742921901571,,0,13504099000.0,3030838000.0,1536786000.0,2248203000.0,2248203000.0,1446722000.0,521054000.0,280427000.0,0.2244383723786385,0.11380144650894518,0.10713206412364128,0.16648300638198815,,,,,,,,,,,,,0.20724608749734386,0.34544497495522064,0.17668885286312586,-0.18259675687891974,-0.11036247081635076,51147044000.0,7272119000.0,8954846000.0,10578598000.0,,,,0.0,,399362293760.0,0.242,0.87,COCHINSHIP.NS,,,,,0.31166628514823835,,46.1961503208066,52.82846715328467,44.91292392300642,,44.89051094890511,57.57299270072993,88.57404021937842,79.53667953667953,37.735849056603776,57.099236641221374,70.40618955512572,77.47914735866543,82.5278810408922,64.95238095238095,60.31416329384535,Q5 (Highest)
2026-02-28,327.5,360.8500061035156,317.0,344.8500061035156,90032720,-0.004043303672156995,0.05895904365695892,,,0.23674969938752016,59.50081896197982,1.1365226459243816,,0,115004900000.0,,,,43090000000.0,9450200000.0,3558900000.0,29872600000.0,,,0.08217215092574316,,,,,,,,,,,,,,0.26754538721310617,0.1316520572879245,0.15409989061606244,-0.055829753222100154,,454633700000.0,33526900000.0,,,,,,0.0,,902858866688.0,0.566,,ABCAPITAL.NS,,,,,0.26318573430979175,,61.5948670944088,88.95985401459853,64.80293308890926,,85.3102189781022,35.94890510948905,93.23583180987202,97.97297297297297,44.716981132075475,,92.74661508704062,65.89434661723818,95.72490706319702,60.0,69.12722886452693,Q5 (Highest)
2026-02-28,984.5,1353.8499755859375,961.2999877929688,1278.5,823440,0.4712313003452244,0.33909400366588116,,,0.4540788155720231,85.06107034443197,1.5055917962705396,,0,1400000.0,1000000.0,9617000000.0,8398900000.0,8398900000.0,7020500000.0,1375200000.0,3200000.0,0.7142857142857143,6869.285714285715,5014.642857142857,5999.214285714285,,,,,,,,,,,,,-0.9871912168344007,11.20107751129649,1.7999999999999998,20.00059826503141,23.34463768115942,112799000.0,8890024000.0,9966863000.0,10049457000.0,,,,0.0,,13439501312.0,-1.355,,JPOLYINVST.NS,,,,,0.35639740855746854,,84.78460128322641,27.00729927007299,98.35013748854263,,98.35766423357664,99.08759124087592,43.51005484460695,14.14092664092664,98.86792452830188,,0.9671179883945842,99.16589434661724,92.00743494423791,97.80952380952381,66.93707804126024,Q5 (Highest)
2026-02-28,30.860000610351562,35.369998931884766,29.670000076293945,31.90999984741211,19061704,-0.0037464544632554997,-0.11777712295243448,,,0.48207149912577435,58.038147658205965,1.1593553233974239,,0,2795300000.0,1002000000.0,35600000.0,346100000.0,64500000.0,-124600000.0,0.0,221500000.0,0.3584588416270168,0.012735663435051694,-0.04457482202268093,0.12381497513683683,47172000000.0,11452700000.0,17635200000.0,26063400000.0,35067300000.0,13900400000.0,627800000.0,366100000.0,0.4394169601817107,0.24278597473077249,2.5227547408707665,2.496417369284337,0.03791029258874201,-1.4421575585521647,0.037833221949951756,2.7872340425531914,-0.3037618185475759,10894200000.0,-275900000.0,205600000.0,2228900000.0,-0.010585725576862574,-0.005848808615280251,0.005480313785281519,0.0,1.5474453065377767,6741042176.0,-0.108,,COFFEEDAY.NS,,,,,0.31830056579138744,,63.88634280476627,21.897810218978094,60.95325389550871,,40.32846715328467,36.04014598540146,32.17550274223035,76.54440154440154,94.62264150943396,,31.382978723404253,7.6923076923076925,14.312267657992564,34.95238095238095,44.31923339200603,Q2 (Low)
2026-02-28,136.39999389648438,150.0,121.25,134.10000610351562,97589,0.09756102282342916,-0.09514164058755603,,,0.3342692539192392,62.814927213063854,1.3832615882588195,,0,2627249000.0,440630000.0,20193000.0,35547000.0,21618000.0,15827000.0,5324000.0,467000.0,0.1677153554916188,0.007685986368250592,0.006024172052211268,0.013530122192453019,,,,,,,,,,,,,0.0689268373261378,-0.15544290288153684,0.1944625291654012,-1.6020388755753356,-2.763069139966273,9559298000.0,61303000.0,69258000.0,136073000.0,,,,0.0,,1190962432.0,-0.244,0.37,JOCIL.NS,,,,,0.22432154723567735,,78.91842346471127,59.306569343065696,74.06049495875344,,48.083941605839414,77.64598540145985,12.248628884826324,5.984555984555985,7.735849056603773,27.86259541984733,20.986460348162474,39.85171455050973,27.881040892193308,68.57142857142857,43.275845898797144,Q2 (Low)
2026-02-28,1665.4000244140625,1759.0,1318.9000244140625,1340.5999755859375,52139569,-0.19494179962133174,-0.2524043534317857,,,0.3232432631930029,16.351681915009664,1.3522749024956613,,0,41881000000.0,18550000000.0,5594000000.0,5965000000.0,4257000000.0,2502000000.0,875000000.0,415000000.0,0.4429216112318235,0.13356892146796878,0.05974069387072897,0.14242735369260523,,,,,,,,,,,,,0.13541723146993445,-0.2117202268431002,0.38422131147540983,0.23800098960910443,0.24895309882747063,144042000000.0,10443000000.0,17341000000.0,22197000000.0,,,,0.0,,450150039552.0,0.165,1.19,COFORGE.NS,,,,,0.404358041504863,,77.2685609532539,63.13868613138686,1.008249312557287,,8.75912408759124,1.916058394160584,89.48811700182814,83.59073359073359,67.73584905660377,68.85496183206106,62.524177949709866,35.68118628359592,87.73234200743495,86.95238095238095,55.64336183688654,Q4 (High)
2026-02-28,2100.0,2230.5,2080.300048828125,2197.89990234375,4191032,0.03523140749231457,0.007933506334377505,,,0.18527802246801794,60.964246823129535,0.7112525849870075,,0,14729200000.0,10266100000.0,4057800000.0,4729200000.0,4366700000.0,3238600000.0,1118400000.0,9700000.0,0.6969896532058768,0.2754935773837004,0.2198761643538006,0.3210765010998561,,,,,,,,,,,,,0.03680031535082784,0.01010542074730214,-0.08469373170686234,-0.18020503733704596,-0.17513473915546018,57977900000.0,13222600000.0,16964600000.0,19352600000.0,,,,0.0,,597797175296.0,0.291,2.32,COLPAL.NS,,,,,0.2556124715498105,,19.706691109074242,97.26277372262774,68.9275893675527,,75.72992700729927,56.660583941605836,91.0420475319927,26.54440154440155,38.113207547169814,87.17557251908397,74.75822050290135,55.23632993512512,90.70631970260223,16.857142857142858,59.91472048590529,Q4 (High)
2026-02-28,1.409999966621399,1.559999942779541,1.2799999713897705,1.4500000476837158,489981,0.12403107795511525,-0.2786069380281313,,,0.4652101355929435,62.222225754349886,1.0545058349643524,,0,,,,,,,,,,,,,,,,,,,,,,,,,,,,,,,,,,,,,,,126611232.0,-0.336,,COMPINFO.NS,,,,,0.29958995752249884,,54.903758020164986,24.635036496350367,72.31897341888175,,6.660583941605839,83.48540145985402,0.6398537477148081,,,,17.263056092843325,,,,43.99377754516101,Q2 (Low)
2026-02-28,5.059999942779541,5.400000095367432,4.599999904632568,5.119999885559082,510778,-0.005825283350059718,-0.16747970631483577,,,0.5560596259185543,46.280985547499675,0.7639955746758547,,0,58347000.0,29547000.0,2858000.0,3309000.0,2946000.0,2064000.0,877000.0,5000.0,0.5064013573962671,0.048982809741717655,0.03537456938660085,0.056712427374158055,411463000.0,117000.0,157021000.0,254442000.0,404959000.0,157021000.0,9237000.0,365275000.0,0.0004598297450892541,0.0002843512053331648,2.5790117245463984,0.2527305264900873,0.6463600451467268,0.4934876989869754,0.1695363707430495,0.27486102532427426,0.13166894664842688,168943000.0,5867000.0,9838000.0,10026000.0,0.0230583001234073,0.014258876253757932,0.038647229129592744,1.0,2.0230475158155166,397298144.0,0.164,,COUNCODOS.NS,,,,,0.40678729134657016,,22.9147571035747,10.40145985401459,30.247479376718605,,26.094890510948904,34.94525547445255,3.8391224862888484,2.606177606177606,70.09433962264151,,62.18568665377177,82.66913809082483,19.888475836431226,63.42857142857142,38.6210236029611,Q1 (Lowest)
2026-02-28,21.270000457763672,23.65999984741211,21.0,21.040000915527344,1658870,-0.030861271174557836,-0.1327287420847194,,,0.40911350327346807,47.89916594940774,0.8491214330373068,,0,1096600000.0,252200000.0,65600000.0,77000000.0,65900000.0,27600000.0,8100000.0,30200000.0,0.22998358562830568,0.05982126573043954,0.025168703264636147,0.07021703447018056,1813000000.0,509300000.0,933400000.0,879600000.0,1141600000.0,870900000.0,72600000.0,500900000.0,0.5790131878126421,0.28091560948703803,1.3108278792054198,0.7356757377425651,0.05290446471435439,0.1694915254237288,0.029671361502347393,0.1596638655462186,0.13737075332348603,4371400000.0,102400000.0,236400000.0,268600000.0,0.11641655297862664,0.056480970766685054,0.17020663834689323,1.0,3.3894925537782683,1714329344.0,-0.113,,CENTEXT.NS,,,,,0.4274361816457198,,31.072410632447294,36.861313868613145,34.46379468377635,,35.583941605839414,24.543795620437955,16.727605118829985,43.77413127413127,62.45283018867924,,30.89941972920696,68.30398517145505,30.39033457249071,32.476190476190474,39.83665019613985,Q1 (Lowest)
2026-02-28,430.0,505.0,423.29998779296875,440.8999938964844,332465,0.011470520922253868,-0.03237133808313175,,,0.2941363873866587,55.488166436072994,1.1194049758882538,,0,4116500000.0,1704600000.0,272800000.0,459700000.0,324000000.0,237300000.0,79100000.0,7600000.0,0.41408963925665004,0.06626988946920928,0.057646058544880356,0.11167253734969027,,,,,,,,,,,,,0.007218008319060498,0.06269592476489039,-0.16568706931495747,0.6962115796997856,0.34730363423212185,16544800000.0,682000000.0,489200000.0,1429000000.0,,,,0.0,,9661228032.0,-0.167,2.27,CENTENKA.NS,,,,,0.3409012008154966,,59.30339138405133,72.35401459854015,54.72043996333639,,67.24452554744525,45.25547445255474,37.47714808043875,23.262548262548265,84.62264150943396,86.79389312977099,26.305609284332686,60.42632066728453,55.39033457249071,11.238095238095239,52.29296244602152,Q3 (Medium)
2026-02-28,972.0,1061.4000244140625,951.0999755859375,1007.4000244140625,15919659,0.006997200948790416,-0.05417327245748249,,,0.26825657671764414,51.210736591842696,1.2551382027243982,,0,3708710000.0,2232570000.0,1283560000.0,1496550000.0,1263900000.0,919930000.0,332180000.0,11790000.0,0.6019802033591195,0.34609338557072405,0.24804581646987767,0.40352305788266,,,,,,,,,,,,,0.3532573396872194,0.19073999767011407,0.3223008193272816,0.029903047401536043,0.09172678927057731,11932030000.0,3444810000.0,4497340000.0,5450120000.0,,,,0.0,,173774159872.0,-0.529,0.74,KFINTECH.NS,,,,,0.21746822689718356,,71.40238313473877,80.74817518248176,42.896425297891845,,61.222627737226276,42.42700729927007,80.43875685557586,29.150579150579148,51.41509433962265,52.59541984732824,9.090909090909092,69.97219647822057,76.57992565055763,83.04761904761905,56.73247460746807,Q4 (High)
2026-02-28,22.010000228881836,22.760000228881836,19.309999465942383,20.450000762939453,822790,0.029707962459999404,-0.15843615617276907,,,0.4117843248101602,43.529420740464154,0.5661713008550078,,0,171040000.0,171040000.0,-542665000.0,193875000.0,122867000.0,47530000.0,1216000.0,3000.0,1.0,-3.172737371375117,0.2778882132834425,1.133506782039289,16067560000.0,4343087000.0,10450931000.0,4132180000.0,9066548000.0,6279460000.0,500086000.0,,1.051040128939204,0.2703015890402774,1.4438419864128444,,-0.6301501974233336,-0.5353588675777661,-0.7755804677331318,-1.6634283879792862,0.49852755899425705,1583600000.0,1788082000.0,-784032000.0,2465508000.0,0.4327212270520645,0.1112852231452691,-0.09250823602371465,1.0,0.6919917336546431,1716777600.0,-0.517,,BRNL.NS,,,,,0.321725361511313,,9.532538955087077,36.222627737226276,23.1897341888176,,28.284671532846716,53.46715328467153,16.910420475319928,2.5096525096525095,7.264150943396226,,9.526112185686655,22.706209453197403,21.28252788104089,1.8095238095238095,25.513688197097775,Q1 (Lowest)
2026-02-28,281.1499938964844,332.0,273.1000061035156,290.6499938964844,105027,0.059992636605110006,-0.042497099045454734,,,0.6361668096757,57.84752718867648,0.9479191504749532,,0,29015000.0,6586000.0,-60573000.0,-45021000.0,-47670000.0,-9147000.0,-31949000.0,513000.0,0.22698604170256764,-2.0876443219024643,-0.31525073237980356,-1.5516457004997415,1609135000.0,14412000.0,114131000.0,1495004000.0,345236000.0,37316000.0,14134000.0,,0.009640107986333147,0.008956364754977053,9.251688283846072,,-0.5430708661417323,-1.072813679132636,-0.4410302843492333,-1.1049666062289136,-1.5383612752014924,211338000.0,95887000.0,-21928000.0,36723000.0,0.06413828993099684,0.05958915815018628,-0.014527472876927235,1.0,1.5639064466312644,1627855616.0,-0.288,0.34,KEYFINSERV.NS,,,,,0.35525091923182456,,42.16315307057745,4.927007299270073,60.31164069660861,,64.23357664233576,66.6058394160584,15.813528336380255,6.274131274131274,12.452830188679245,24.961832061068705,19.05222437137331,11.677479147358666,4.368029739776952,3.9047619047619047,29.116402276558706,Q1 (Lowest)
2026-02-28,61.97999954223633,82.44000244140625,58.349998474121094,74.47000122070312,1866338,0.14340556365976198,-0.2917736553491632,,,0.593795166686884,74.56985877350795,1.8214130290916593,,0,165663000.0,75673000.0,3391000.0,60530000.0,56601000.0,54988000.0,0.0,1613000.0,0.45678878204547785,0.020469265919366424,0.3319268635724332,0.36538032028877904,,,,,,,,,,,,,-0.2935690619043355,-0.31065952939111685,-0.19248261036992265,-3.5789325579213958,-5.133998087692938,884744000.0,216025000.0,95466000.0,241715000.0,,,,0.0,,2196692224.0,0.396,,BROOKS.NS,,,,,0.2599102938738041,,94.50045829514208,7.7554744525547505,91.4757103574702,,5.839416058394161,86.67883211678831,18.738574040219376,9.362934362934363,3.3962264150943398,,83.51063829787235,30.86190917516219,14.312267657992564,9.619047619047619,40.40343258991148,Q2 (Low)
2026-02-28,735.6407841086166,801.8005554915846,692.532159436524,698.75,3110446,-0.11798588986364678,0.008978405310490656,,,0.3958265874992807,32.34488834045426,0.8934112533535326,,0,4322727000.0,2596170000.0,736907000.0,1040661000.0,754484000.0,479556000.0,149132000.0,125796000.0,0.6005861577656881,0.17047271317388307,0.11093830352923051,0.24074178175027014,,,,,,,,,,,,,0.03331757243241529,0.7174167624654855,-0.19618775919142872,-0.35184536931038723,-0.2212807033953793,17715030000.0,2137208000.0,3189009000.0,4172533000.0,,,,0.0,,63442755584.0,-0.358,0.57,AARTIPHARM.NS,,,,,0.3421421779913959,,35.93033913840513,41.33211678832117,7.4243813015582045,,76.1861313868613,5.748175182481752,65.81352833638026,69.6911196911197,30.18867924528302,42.29007633587786,16.44100580270793,86.19091751621872,64.68401486988847,9.523809523809524,43.42961967459421,Q2 (Low)
2026-02-28,9.050000190734863,10.5,8.5,9.40999984741211,15354014,-0.13827840827216398,0.7754716054278821,,,0.8378119328702625,54.353557756134336,0.6725173590205121,,0,647900000.0,271400000.0,-211500000.0,179700000.0,128700000.0,60200000.0,0.0,68500000.0,0.4188918042907856,-0.326439265318722,0.0929155733909554,0.27735761691619076,,,,,,,,,,,,,0.0612612612612613,-1.060599959734246,0.10355987055016191,-1.0860983981693364,-2.7179732313575524,2574100000.0,56031300000.0,-890400000.0,-838800000.0,,,,0.0,,2923344896.0,0.835,,KESORAMIND.NS,,,,,0.334107971069682,,17.231897341888175,0.4562043795620383,51.329055912007334,,99.81751824817519,4.197080291970803,22.30347349177331,58.88030888030889,12.641509433962264,,97.678916827853,12.048192771084338,14.312267657992564,47.42857142857143,39.2216664443433,Q1 (Lowest)
2026-02-28,2565.300048828125,3227.0,2530.0,2739.5,93808290,0.042110449298425445,-0.04156318329030284,,,0.3750088258820724,51.74702201159054,1.3218164317073213,,0,12441000000.0,8355600000.0,6873100000.0,7321400000.0,6873100000.0,6018100000.0,1987400000.0,,0.6716180371352786,0.5524555903866248,0.4837312113174182,0.588489671248292,,,,,,,,,,,,,0.1644624154101031,0.07768207295453333,0.6197109751334462,1.739609414121182,2.107818999915103,41006600000.0,21940700000.0,25311200000.0,29903200000.0,,,,0.0,,1112590647296.0,0.035,0.22,BSE.NS,,,,,0.34331418838562067,,75.71035747021082,48.81386861313869,43.996333638863426,,64.50729927007299,59.215328467153284,94.6983546617916,,92.16981132075472,15.419847328244273,46.663442940038685,62.46524559777572,93.3085501858736,93.42857142857143,62.693134061499286,Q5 (Highest)
2026-02-28,87.0999984741211,96.01000213623047,87.0999984741211,92.16000366210938,191908,-0.005396071446568063,-0.187659707878579,,,0.4037177755026615,63.31967095646192,0.8957544727106562,,0,268492000.0,90224000.0,37473000.0,41865000.0,37865000.0,22438000.0,1457000.0,13970000.0,0.3360398075175424,0.139568404272753,0.08357046019993147,0.1559264335622663,1630200000.0,298381000.0,435696000.0,1194504000.0,1516873000.0,395634000.0,2799000.0,1231171000.0,0.2497948939476134,0.1830333701386333,3.8340309477951844,0.7221371267383491,-0.824448368955793,-0.817082018798862,,,,3647749000.0,276977000.0,346523000.0,377242000.0,0.23187615947707166,0.16990369279842965,0.23211633849894667,1.0,4.165437308305729,9671020544.0,-0.081,,BSHSL.NS,,,,,0.2886267272827361,,36.38863428047663,38.59489051094891,75.43538038496791,,20.802919708029197,35.21897810218978,37.56855575868373,30.598455598455597,,,34.332688588007734,16.404077849860982,21.933085501858738,,39.818511085565284,Q1 (Lowest)
2026-02-28,1216.300048828125,1295.0,1072.699951171875,1106.199951171875,2608030,-0.06341548214570492,-0.14724021522468678,,,0.6636784923704553,32.660588281134125,0.5151528961109222,,0,471168000.0,214089000.0,133009000.0,147598000.0,137887000.0,65743000.0,25827000.0,46851000.0,0.45437932966585165,0.28229633591415376,0.13953197161097528,0.3132598139092638,4614335000.0,888717000.0,2884022000.0,1737380000.0,4117056000.0,2816607000.0,81097000.0,2154910000.0,0.5115271270533792,0.19259915025675423,1.461707650375079,0.696634638769271,-0.15757403463979014,-0.11929321616118316,0.14307340718205497,-0.039925814507060786,0.40431766933389146,2229243000.0,538087000.0,492230000.0,512264000.0,0.30971174987625044,0.11661203618722958,0.18743785930222684,1.0,1.4470429433493666,18586841088.0,-1.035,,KERNEX.NS,,,,,0.3412463562119105,,7.241063244729606,3.558394160583944,7.6993583868011,,31.295620437956206,14.78102189781022,48.62888482632541,53.18532818532818,45.943396226415096,,2.2243713733075436,43.09545875810936,40.33457249070632,57.80952380952381,33.719799586506454,Q1 (Lowest)
2026-02-28,5733.0,6198.0,5697.5,6098.5,4375781,0.05101249461439039,0.049114054704971544,,,0.17111979559590335,63.46153846153846,0.7651251234036797,,0,48852300000.0,20654100000.0,8954800000.0,10367900000.0,9522800000.0,6799600000.0,2368900000.0,332500000.0,0.4227866446410916,0.18330354967933957,0.13918689601103734,0.2122295163175531,,,,,,,,,,,,,0.0772614810600547,0.30580734367798423,0.0698606947087641,0.2794430332110265,0.255406485360715,182589600000.0,23423200000.0,30576500000.0,36122700000.0,,,,0.0,,1468935307264.0,0.523,1.23,BRITANNIA.NS,,,,,0.4927385675384643,,23.281393217231898,98.17518248175182,75.61869844179651,,83.48540145985402,62.31751824817518,96.43510054844607,81.37065637065636,70.37735849056604,69.77099236641222,90.61895551257253,76.08897126969416,94.23791821561338,40.85714285714286,70.84235263199419,Q5 (Highest)
2026-02-28,148.3800048828125,151.0,121.80000305175781,132.38999938964844,92939,0.013395590999510265,-0.29282626653609367,,,0.3234184125902996,32.071164993327756,0.8241678881377733,,0,1668818000.0,581303000.0,89052000.0,131410000.0,89275000.0,11831000.0,3626000.0,73818000.0,0.34833217283130935,0.05336231991745055,0.00708944893930914,0.07874435678426288,,,,,,,,,,,,,-0.09471388699777317,-0.31227111550310993,-0.017077852507902835,-0.6114741716199796,-0.19718731481424912,6554742000.0,36519000.0,344716000.0,488692000.0,,,,0.0,,1362580096.0,0.119,0.6,BSL.NS,,,,,0.2966271946891007,,28.87259395050413,62.77372262773723,7.149404216315307,,5.656934306569343,46.441605839416056,13.985374771480805,60.03861003861004,22.07547169811321,44.274809160305345,55.89941972920697,30.583873957367935,25.929368029739774,23.142857142857142,35.121603031214896,Q1 (Lowest)
2026-02-28,16.0,22.0,15.119999885559082,19.170000076293945,125782787,0.26785715749925143,-0.036683394785423706,,,0.4452541871301532,69.80519038184535,2.2993088524207885,,0,3078870000.0,1671271000.0,349827000.0,396763000.0,358501000.0,254144000.0,49084000.0,55273000.0,0.5428196058943703,0.1136218807549523,0.08254456992338098,0.12886643476340345,,,,,,,,,,,,,0.02735091104080145,0.055283810156542046,0.1040401903375372,0.214634262910125,0.1535987904691294,11893844182.0,913441265.0,1261290163.0,1403202062.0,,,,0.0,,10118016000.0,0.03,,KELLTONTEC.NS,,,,,0.35635004559349215,,98.35013748854263,28.558394160583944,87.53437213565536,,65.96715328467153,95.16423357664233,38.391224862888485,55.79150579150579,66.41509433962264,,46.131528046421664,59.592215013901765,48.51301115241636,47.523809523809526,59.195511958444136,Q4 (High)
2026-02-28,68.0999984741211,76.5999984741211,68.0999984741211,71.9800033569336,2348506,0.07352721969856102,-0.08001015692428515,,,0.2349668855520952,59.25608156848665,1.191076008555732,,0,6313374000.0,2612765000.0,303020000.0,526035000.0,315437000.0,223535000.0,86660000.0,5998000.0,0.41384606709502714,0.04799652293686387,0.035406582914302244,0.08332074101740211,,,,,,,,,,,,,0.05670219651488018,-0.31587951571241446,0.23573406730505564,27.574076441262942,1.459981200634128,23235654000.0,844039000.0,1523834000.0,2123726000.0,,,,0.0,,9766070272.0,0.123,1.11,ANDHRSUGAR.NS,,,,,0.3353029498785087,,66.72777268560954,90.05474452554745,63.97800183318056,,53.558394160583944,70.8029197080292,37.842778793418645,20.55984555984556,99.24528301886792,66.41221374045801,57.156673114119926,30.213160333642264,57.06319702602231,74.28571428571429,59.19337991900264,Q4 (High)
2026-02-28,8.149999618530273,8.5,6.659999847412109,7.139999866485596,6660615,-0.06910041780135678,-0.20930231698508794,,,0.52286294502002,41.71974768942845,1.4759220473045267,,0,234018000.0,55545000.0,38274000.0,49093000.0,48278000.0,26339000.0,11590000.0,6178000.0,0.23735353690741737,0.16355152167781967,0.1125511712774231,0.20978300814467263,1335880000.0,259153000.0,528051000.0,802556000.0,884916000.0,526439000.0,35485000.0,216651000.0,0.3229095539750497,0.19399422103781777,1.680946890332973,1.269406331977684,0.2841903089502278,1.7319780105798155,0.6707933516106923,0.4703846368559148,0.5318106649193421,987042000.0,72445000.0,128629000.0,148002000.0,0.09026784423766067,0.054230170374584545,0.12115278291886006,1.0,2.0212221157589005,1288754048.0,-0.474,,BTML.NS,,,,,0.3163927065502947,,83.86801099908341,15.419708029197082,19.890009165902843,,16.514598540145986,13.777372262773724,13.071297989031077,21.138996138996138,79.15094339622641,,11.218568665377177,93.69786839666358,32.71375464684015,94.0952380952381,42.970424421698375,Q2 (Low)
2026-02-28,3949.89990234375,4785.0,3928.39990234375,4756.0,4095356,0.2087505741860829,0.16695205628184717,,,0.3139954569322606,83.33007218568373,0.7709644554083114,,0,29547040000.0,7152190000.0,2974960000.0,3538980000.0,3313010000.0,2348610000.0,798090000.0,166310000.0,0.24206113370408677,0.10068555090459146,0.07948714998185943,0.11977443425805089,,,,,,,,,,,,,0.1406731842755864,0.1998191543165413,0.2937551996216865,0.5170723199751956,0.48992746087813166,108178840000.0,8219610000.0,10663830000.0,12330490000.0,,,,0.0,,454676414464.0,0.113,0.09,KEI.NS,,,,,0.5089404518312773,,24.01466544454629,66.24087591240877,97.98350137488544,,93.7043795620438,91.42335766423358,89.57952468007313,73.84169884169884,80.09433962264151,4.65648854961832,55.27079303675049,70.89898053753475,86.43122676579925,80.76190476190476,67.66011578360926,Q5 (Highest)
2026-02-28,592.75,655.0,589.2000122070312,603.0,82984,0.011575280484251271,-0.16522458589290634,,,0.26118988088146067,54.15721051989396,1.0267194838876237,,0,2445829000.0,948749000.0,140061000.0,209827000.0,148297000.0,107678000.0,37345000.0,3274000.0,0.3879048780597499,0.057265246262105815,0.04402515466126209,0.08578972610104794,,,,,,,,,,,,,-0.16522983552922366,-0.36648447658102357,0.02661623610970021,0.29643497838833577,0.1549707441391952,9009447000.0,432306000.0,547487000.0,830062000.0,,,,0.0,,10781370368.0,-0.058,,BUTTERFLY.NS,,,,,0.3069344233021365,,51.42071494042163,83.39416058394161,50.41246562786434,,26.642335766423358,45.52919708029197,39.122486288848265,14.478764478764477,71.32075471698113,,35.5899419729207,28.544949026876736,45.72490706319702,31.523809523809526,44.913632471356046,Q2 (Low)
2026-02-28,2.299999952316284,2.4600000381469727,1.7100000381469727,1.9600000381469727,1429745,-0.0883721157175057,-0.19008265439868477,,,0.6391574375259262,35.000008940699914,1.0032996317082228,,0,22281000.0,12004000.0,1017000.0,1865000.0,1105000.0,344000.0,-87000.0,849000.0,0.5387549930434002,0.04564427090346035,0.015439163412773215,0.08370360396750595,119566000.0,23696000.0,44749000.0,74817000.0,69921000.0,40634000.0,14000.0,,0.31671946215432323,0.19818343007209407,1.7207510951419993,,-0.177549739765974,-0.8854478854478854,0.11343760931487679,-0.7152317880794702,-0.23314144736842102,103537000.0,4298000.0,7613000.0,10877000.0,0.05744683694882179,0.03594667380358965,0.07727914082405368,1.0,2.0664043289898464,305195680.0,0.675,,KEEPLEARN.NS,,,,,0.32972347363000604,,49.31255728689276,4.7445255474452495,9.99083409715857,,20.072992700729927,9.67153284671533,2.6508226691042047,7.722007722007722,19.528301886792455,,96.13152804642166,14.828544949026876,11.338289962825279,50.57142857142857,29.770891085769904,Q1 (Lowest)
2026-02-28,46.599998474121094,54.900001525878906,42.5,43.40999984741211,800561,0.07423905002048947,0.0039315023669384,,,0.5111748164366003,48.46253963386831,0.949677589270281,,0,476514000.0,346216000.0,-6781000.0,8535000.0,-4776000.0,-23067000.0,4065000.0,14233000.0,0.7265599751528812,-0.014230431844604775,-0.0484078117327088,0.017911331041690275,,,,,,,,,,,,,0.006329234219679458,11.730132450331126,-0.12924923937176214,-2.701733677609738,-0.8593626417084103,2091213000.0,246000.0,68660000.0,114059000.0,,,,0.0,,965348800.0,0.323,,BVCL.NS,,,,,0.32523154082637923,,42.34647112740605,16.697080291970806,36.20531622364803,,74.72627737226277,70.98540145985402,10.511882998171847,30.984555984555982,4.528301886792453,,78.33655705996132,99.25857275254866,26.765799256505574,13.047619047619047,43.62625569741977,Q2 (Low)
2026-02-28,51.95000076293945,54.560001373291016,48.029998779296875,48.279998779296875,1041022,-0.055185905656188416,-0.21788434898232611,,,0.5269990528185668,34.06898119330907,0.7450302852058658,,0,246209000.0,171784000.0,40640000.0,116900000.0,43901000.0,13005000.0,541000.0,30355000.0,0.697716167971114,0.1650630155680743,0.052820977299773766,0.47479986515521366,3380753000.0,1029980000.0,1099913000.0,2280840000.0,729858000.0,234276000.0,30746000.0,124540000.0,0.45157924273513267,0.30465993818536874,3.1153767351329202,2.5837815226485,-0.0820837651830919,-0.3944685011873167,0.2017640196609607,1.7264150943396226,0.46537135694139775,1043232000.0,52654000.0,158608000.0,455017000.0,0.023085354518510723,0.0155746367747067,0.04790595683244634,1.0,1.4718554416723135,2524044544.0,0.163,,BYKE.NS,,,,,0.45470154714961303,,21.906507791017415,14.233576642335763,9.165902841429881,,14.233576642335766,16.697080291970803,20.47531992687386,44.01544401544402,92.0754716981132,,61.89555125725339,27.06209453197405,18.773234200743495,69.61904761904762,37.34352049723594,Q1 (Lowest)
2026-02-28,82.0,107.5,78.01000213623047,90.29000091552734,10409189,0.1328733296459521,-0.16668202873032156,,,0.3930487360145903,60.59089722549632,1.6815376812492167,,0,1514200000.0,459000000.0,147500000.0,114000000.0,103400000.0,41000000.0,2100000.0,60300000.0,0.3031303658697662,0.09741117421740854,0.027077004358737288,0.0752872804120988,,,,,,,,,,,,,0.06551263106044614,-0.5891783567134268,0.26446764091858044,6.192982456140351,0.5616438356164384,5549039000.0,106406000.0,350362000.0,359602000.0,,,,0.0,,6026527232.0,0.149,,KECL.NS,,,,,0.30061420749913015,,91.8423464711274,42.33576642335767,67.91934005499542,,26.277372262773724,85.03649635036497,30.16453382084095,57.04633204633205,97.35849056603773,,60.154738878143135,21.408711770157556,22.95539033457249,77.61904761904762,55.34123777318338,Q4 (High)
2026-02-28,424.0,474.0,374.0,378.6499938964844,39032892,-0.0702271481977057,-0.007210278038825457,,,0.4027409501428906,38.886258977915844,1.6533287288717209,,0,13475320000.0,5369720000.0,2247220000.0,2175210000.0,1974440000.0,1198890000.0,718680000.0,56870000.0,0.3984855276164128,0.16676561298729825,0.08896931575650893,0.16142176957578744,,,,,,,,,,,,,0.04874628180602669,0.12641637070860812,-0.015118215897039766,-0.05973836525339982,0.09471517506202787,53120210000.0,4653700000.0,6691850000.0,7870670000.0,,,,0.0,,105530638336.0,0.361,1.72,BSOFT.NS,,,,,0.2512003609294019,,90.37580201649862,38.868613138686136,14.207149404216315,,72.44525547445255,13.321167883211679,72.57769652650823,56.37065637065637,44.339622641509436,80.53435114503816,81.23791102514507,65.61631139944393,85.50185873605948,23.523809523809526,55.928013685682366,Q4 (High)
2026-02-28,169.89999389648438,174.0,135.3000030517578,138.99000549316406,944936,-0.12220532583210708,-0.35329421795404004,,,0.47560250340273696,23.3425874875378,0.9825030332054945,,0,862370000.0,430680000.0,43180000.0,130360000.0,62830000.0,-1770000.0,-130000.0,64730000.0,0.4994144044899521,0.05007131509676821,-0.0020524832728411237,0.15116481324721406,,,,,,,,,,,,,-0.15120227561294897,-1.1058612440191387,-0.21769855309112351,-1.1528497409326426,-0.36013351003779515,2225250000.0,32680000.0,388640000.0,618510000.0,,,,0.0,,2566128384.0,-0.276,,KHADIM.NS,,,,,0.35277566169965907,,46.562786434463796,23.266423357664237,2.474793767186068,,2.281021897810219,5.383211678832116,20.6581352833638,57.91505791505791,11.60377358490566,,19.58413926499033,11.121408711770158,11.059479553903346,8.666666666666668,24.705126541107624,Q1 (Lowest)
2026-02-28,2313.0,2808.699951171875,2256.10009765625,2496.300048828125,15534277,-0.014060529597821225,-0.08363069855913197,,,0.4285574785683212,55.93008739076155,0.9881359163179543,,0,13304460000.0,8736670000.0,4950970000.0,5320310000.0,5005320000.0,2686640000.0,1047720000.0,1270960000.0,0.6566722738089332,0.3721285944713277,0.20193529087238415,0.39988921008443784,,,,,,,,,,,,,0.17287080707012836,1.3470664290456722,-0.1183260437375746,-0.3654125961338599,-0.20957399709401658,47682430000.0,8391190000.0,15019330000.0,16513290000.0,,,,0.0,,226927460352.0,-0.101,2.84,ANGELONE.NS,,,,,0.39373978160050666,,47.29605866177818,32.11678832116789,56.003666361136574,,52.645985401459846,30.565693430656932,83.63802559414991,91.02316602316603,29.528301886792452,91.29770992366413,32.15667311411992,91.93697868396663,89.96282527881041,13.904761904761905,56.13844230570872,Q4 (High)
2026-02-28,735.0499877929688,811.7000122070312,717.9500122070312,740.6500244140625,5085336,-0.03886575671002601,-0.1758651225616754,,,0.2946029073075111,50.46055172610794,0.6628678983793156,,0,15751100000.0,7714800000.0,3308100000.0,4395900000.0,3594900000.0,1865200000.0,638000000.0,898600000.0,0.48979436356825873,0.21002342693526166,0.11841712642291649,0.2790852702350947,,,,,,,,,,,,,0.2294596999547278,0.24446223645583132,0.46909976122966723,0.5676584299882332,0.22821379676454967,57404100000.0,8194600000.0,12522000000.0,17691700000.0,,,,0.0,,181158166528.0,0.044,0.34,BRIGADE.NS,,,,,0.4107582251425907,,16.406966086159485,72.17153284671534,40.78826764436297,,24.27007299270073,22.62773722627737,80.89579524680073,88.61003861003861,81.69811320754718,24.961832061068705,47.48549323017408,73.86468952734013,84.29368029739777,90.38095238095238,56.563678090502364,Q4 (High)
2026-02-28,348.79998779296875,385.70001220703125,335.0,340.8500061035156,3179403,-0.01145586377405805,-0.035102601263933164,,,0.4910115132109698,45.88964594793178,0.9367889720039337,,0,1596500000.0,1293600000.0,10300000.0,263800000.0,167700000.0,181300000.0,-50000000.0,36400000.0,0.8102724710303789,0.0064516129032258064,0.11356091450046978,0.16523645474475415,,,,,,,,,,,,,0.12003648098779296,-2.0565268065268065,-0.1157084302647613,-1.3793680686336054,-1.8042682926829268,6398163000.0,-736827000.0,-1210921700.0,-371677000.0,,,,0.0,,207151972352.0,0.498,,KIOCL.NS,,,,,0.3648057447715446,,40.69660861594867,19.981751824817522,29.330889092575617,,66.51459854014598,32.66423357664234,82.81535648994516,47.10424710424711,9.528301886792454,,89.41005802707932,5.189990732159407,3.3457249070631967,14.476190476190476,39.403863418240476,Q1 (Lowest)
2026-02-28,410.04998779296875,453.0,352.54998779296875,355.8500061035156,12015121,-0.19699873405247348,-0.3591175036406743,,,0.36460437012805985,34.944010018833865,1.6797435877156943,,0,1924140000.0,995650000.0,409070000.0,600990000.0,541160000.0,401660000.0,136110000.0,3390000.0,0.5174519525606245,0.2125988753417111,0.2087478042138306,0.31234213726651905,,,,,,,,,,,,,-0.45761899661177474,-0.5594384117582538,-0.07608758282915584,-0.3116248778899381,-0.2631314369789113,12021090000.0,3404120000.0,4104920000.0,4787920000.0,,,,0.0,,61727670272.0,-0.314,0.34,BLUEJET.NS,,,,,0.2380536540247839,,91.56736938588452,51.916058394160586,9.807516040329972,,2.0072992700729926,1.7335766423357664,65.44789762340037,14.961389961389962,31.886792452830186,24.961832061068705,18.181818181818183,22.335495829471732,63.28996282527881,17.904761904761905,34.40011803818691,Q1 (Lowest)
2026-02-28,1792.0,2029.5999755859375,1765.9000244140625,1968.4000244140625,8377595,0.14862582744897468,0.10814612976713667,,,0.24557403402769187,68.72846163436094,1.1372925243040237,,0,29253100000.0,6679000000.0,1748700000.0,1755700000.0,1297100000.0,806600000.0,270700000.0,220900000.0,0.22831768257039425,0.05977827990879599,0.02757314609391825,0.060017570787369544,,,,,,,,,,,,,-0.019092966719758575,-0.3331679894179894,0.2853081776481132,-0.16145129431333816,0.04799140452456285,126189200000.0,5278300000.0,7923100000.0,9141600000.0,,,,0.0,,404684963840.0,-0.047,0.46,BLUESTARCO.NS,,,,,0.24629818791863117,,61.96150320806599,86.77007299270073,86.34280476626948,,90.41970802919708,87.40875912408758,88.6654478976234,76.44787644787645,38.86792452830189,34.35114503816794,37.475822050290134,29.74976830398517,74.25650557620817,79.71428571428572,64.82877491180399,Q5 (Highest)
2026-02-28,4184.0,4629.0,3979.10009765625,4045.0,55915,-0.027223363473482975,-0.03342968902682697,,,0.4152277872818128,41.16055685086158,0.7652760048272181,,0,4894596000.0,1190522000.0,993741000.0,689403000.0,615610000.0,451744000.0,155562000.0,8304000.0,0.2432319235336277,0.20302819681134052,0.0922944406443351,0.14084982703373272,,,,,,,,,,,,,0.05104371135162933,0.09796372722014013,0.1114664665937588,0.3046456688365322,0.22926142999534616,18852122000.0,1680068000.0,1718528000.0,2553001000.0,,,,0.0,,54872743936.0,0.673,0.22,KINGFA.NS,,,,,0.4716056361627735,,23.373052245646196,35.40145985401459,18.790100824931255,,66.87956204379562,26.003649635036496,63.52833638025594,24.324324324324326,72.0754716981132,15.419847328244273,95.98646034816247,63.94810009267841,65.70631970260223,50.19047619047618,48.108477377885414,Q3 (Medium)
2026-02-28,48.0,54.5,46.560001373291016,48.16999816894531,1978958,0.03391281414858849,-0.11841144386851643,,,0.356073987272763,51.230560859235716,1.1608196366900392,,0,4804520000.0,2063320000.0,74600000.0,428820000.0,254670000.0,59930000.0,-4410000.0,199150000.0,0.42945393088175304,0.015527045365614047,0.012473670626826406,0.08925345299842648,23128510000.0,8663070000.0,11909160000.0,11219350000.0,8724990000.0,7683630000.0,155030000.0,2964720000.0,0.7721543583184409,0.37456239074631265,1.1355296910444672,0.7496808149273195,0.05779133999555275,-0.37134165530263297,0.11184084161222607,-25.764462809917354,0.1364588026395992,17936630000.0,354450000.0,1067740000.0,1862600000.0,0.03159273932981857,0.015325241444433731,0.053702718280772666,1.0,1.5450092980481664,6077536256.0,-0.049,,BODALCHEM.NS,,,,,0.27295041856547353,,64.06966086159487,53.46715328467153,43.07974335472044,,39.68978102189781,55.93065693430657,30.53016453382084,75.67567567567568,0.8490566037735849,,37.234042553191486,28.174235403151066,8.178438661710038,50.28571428571429,42.47762154494855,Q2 (Low)
2026-02-28,20.049999237060547,21.940000534057617,18.290000915527344,19.889999389648438,150437,0.2580644441330542,0.006578904820891074,,,0.6117944409455421,53.76781001408564,0.5973018113068248,,0,0.0,0.0,-6398000.0,-3082000.0,-6396000.0,-6398000.0,0.0,2000.0,,,,,816895000.0,11782000.0,62648000.0,754247000.0,594156000.0,48663000.0,229217000.0,24886000.0,0.015620877510948004,0.01442290624866109,12.20960483324086,11.698210139120071,,-0.06036128653253048,,,,,,,,,,,0.0,2.068112303294793,204810352.0,-1.706,,BOHRAIND.NS,,,,,0.33047324187332305,,11.732355637030247,5.839416058394164,49.12923923006416,,75.36496350364963,94.7080291970803,1.736745886654479,2.364864864864865,,,0.19342359767891684,48.84151992585728,14.312267657992564,,36.94818837061777,Q1 (Lowest)
2026-02-28,593.0,716.2000122070312,578.5999755859375,692.5,7562961,0.1358976007022472,0.033427884241416184,,,0.3281601177049542,74.23283865010283,1.1569692360608979,,0,9977000000.0,8008000000.0,1202000000.0,2041000000.0,1254000000.0,534000000.0,167000000.0,568000000.0,0.802646085997795,0.12047709732384485,0.053523103137215595,0.20457051217800942,,,,,,,,,,,,,0.03851358384511294,-0.2017937219730942,0.2916882444329363,-0.39797068771138666,-0.004390243902439028,35954000000.0,3007000000.0,5536000000.0,8236000000.0,,,,0.0,,277096235008.0,-0.176,,KIMS.NS,,,,,0.3013331393436769,,63.42804766269477,61.58759124087591,91.20073327222732,,81.38686131386861,85.58394160583941,85.46617915904936,86.58301158301158,28.49056603773585,,25.483558994197292,36.42261353104727,67.00743494423791,80.38095238095238,62.868099448382516,Q5 (Highest)
2026-02-28,112.0999984741211,127.69999694824219,108.29000091552734,115.41000366210938,13364333,-0.004227764083852281,-0.20859903851737682,,,0.35200399120654047,53.86113741526057,0.9259973703196476,,0,3240200000.0,621600000.0,-357900000.0,-17100000.0,-100200000.0,-98500000.0,-27900000.0,26200000.0,0.19184000987593358,-0.11045614468242701,-0.03039935806431702,-0.005277452009135239,,,,,,,,,,,,,-0.1064721617075256,-6.130208333333333,-0.21887129047033582,-1.1405937767627747,-1.016211604095563,13986400000.0,174200000.0,-819000000.0,522000000.0,,,,0.0,,23836192768.0,-0.222,1.04,BOMDYEING.NS,,,,,0.28046134592389166,,39.321723189734186,54.1970802919708,49.58753437213566,,16.697080291970803,35.76642335766424,52.19378427787934,41.602316602316606,11.981132075471699,64.50381679389314,22.63056092843327,2.131603336422614,4.83271375464684,8.571428571428571,33.601146522931174,Q1 (Lowest)
2026-02-28,50.189998626708984,52.56999969482422,45.099998474121094,47.290000915527344,213999,-0.03252864398206934,-0.3375822759513232,,,0.5383327734453562,39.55794322851065,0.45442638614361464,,0,716826000.0,30805000.0,4021000.0,7997000.0,6910000.0,2838000.0,2679000.0,1393000.0,0.04297416667364186,0.005609450550063753,0.003959119786391676,0.011156124359328484,4723941000.0,191074000.0,659932000.0,3875746000.0,2985124000.0,487023000.0,15883000.0,1138981000.0,0.04929992832347631,0.04044800728882939,6.129328594337434,3.79066902384487,0.5007882621175672,0.22697795071335936,1.5787519696086685,-0.7105558388577257,-0.4207171314741036,1974149000.0,16106000.0,27485000.0,34361000.0,0.004155587079235842,0.0034094413964950027,0.006758351734278871,1.0,2.2059372883784953,1333201024.0,-0.044,,ANIKINDS.NS,,,,,0.35556262367677843,,4.674610449129239,12.773722627737229,15.215398716773601,,3.010948905109489,24.17883211678832,13.711151736745887,9.073359073359073,19.81132075471698,,38.007736943907155,72.84522706209454,24.1635687732342,97.42857142857143,32.32629657254448,Q1 (Lowest)
2026-02-28,339.0,406.0,311.1000061035156,313.8500061035156,463790,-0.013360578178099658,-0.134326253838582,,,0.34584588033909813,45.186282195428696,1.6748593610624825,,0,489245000.0,225627000.0,41783000.0,117015000.0,108387000.0,81897000.0,13591000.0,14396000.0,0.4611738495028053,0.08540301893734223,0.16739465911762,0.23917464664942922,3986553000.0,836128000.0,1344833000.0,2656587000.0,2093312000.0,828966000.0,330905000.0,130103000.0,0.31473766904678824,0.20973708364092988,2.5252085127737445,2.368262389531054,0.1340919522111832,1.706533593311081,0.030534029560883802,-0.04958802367413251,0.03949577592409992,2083776000.0,279590000.0,289382000.0,446596000.0,0.10524405938898293,0.07013327052217794,0.08285302408012105,1.0,1.925947077588082,5496526848.0,-0.23,,KILITCH.NS,,,,,0.2287212177682949,,91.29239230064161,56.47810218978102,27.039413382218147,,35.127737226277375,31.295620437956206,28.97623400365631,31.177606177606176,45.47169811320755,,22.00193423597679,93.51251158480073,34.20074349442379,32.857142857142854,45.29540906691256,Q2 (Low)
2026-02-28,249.0,273.8999938964844,243.0500030517578,256.25,1574480,0.016461696929830127,-0.22159784174355857,,,0.2903105125148258,53.546099674533245,1.4360655647201335,,0,3387468000.0,1949387000.0,311688000.0,552971000.0,335831000.0,239514000.0,82873000.0,13444000.0,0.5754702332243433,0.09201208690384677,0.07070590777536497,0.16324021363449043,,,,,,,,,,,,,-0.0047396873898225556,0.05466314398943206,0.001904449799158714,-0.32488668906577667,-0.21811495019993554,11627939000.0,752200000.0,932638000.0,1959212000.0,,,,0.0,,30642919424.0,0.063,,BOROLTD.NS,,,,,0.20433578223285126,,82.21814848762602,73.9051094890511,48.57928505957837,,13.503649635036496,47.71897810218978,56.21572212065814,30.115830115830118,31.037735849056602,,49.75822050290135,59.49953660797034,56.226765799256505,26.380952380952383,48.343995610007156,Q3 (Medium)
2026-02-28,366.0,474.70001220703125,360.8500061035156,450.6499938964844,33459065,0.32544115851907174,0.17128003611821807,,,0.41295626079854775,72.76458907905244,1.628631741056779,,0,23180000000.0,7870000000.0,2050000000.0,3080000000.0,1870000000.0,1330000000.0,-150000000.0,690000000.0,0.33951682484900775,0.08843830888697153,0.05737704918032787,0.13287316652286454,,,,,,,,,,,,,0.3838805970149253,2.0930232558139537,0.4238329238329239,1.5576923076923075,0.5098039215686274,76443200000.0,3178700000.0,5978400000.0,9868000000.0,,,,0.0,,163650732032.0,0.375,0.22,AARTIIND.NS,,,,,0.30712020227494097,,89.64252978918424,36.04014598540146,89.82584784601283,,94.16058394160584,97.08029197080292,79.15904936014626,87.35521235521236,91.22641509433961,15.419847328244273,82.30174081237911,94.99536607970343,1.20817843866171,88.66666666666667,69.80545837789072,Q5 (Highest)
2026-02-28,4599.0,4986.0,4500.0,4902.0,26859,0.07222542749442873,-0.09264229523368805,,,0.2634854837637171,75.22755225699453,0.9318495055305042,,0,25380000.0,23230000.0,-8940000.0,23390000.0,23390000.0,17120000.0,6270000.0,0.0,0.9152876280535855,-0.35224586288416077,0.6745468873128447,0.921591804570528,,,,,,,,,,,,,-0.93318766946587,-0.9095472076927141,inf,-0.4706246134817563,-1.6254010695187167,565740000.0,431330000.0,452790000.0,485260000.0,,,,0.0,,21415946240.0,0.118,,KICL.NS,,,,,0.37662346612291986,,39.871677360219984,82.57299270072993,92.20898258478461,,48.63138686131387,70.52919708029196,50.54844606946983,1.1100386100386102,25.754716981132077,,55.60928433268859,14.457831325301203,29.275092936802977,99.76190476190476,50.68877010697857,Q3 (Medium)
2026-02-28,488.1499938964844,525.0,467.1000061035156,479.3500061035156,6660906,-0.05416334323328087,-0.1880928416640184,,,0.39432110343892784,49.82190835651591,0.934510470666347,,0,3904617000.0,2976633000.0,1008861000.0,1474185000.0,1252617000.0,1000989000.0,220575000.0,30145000.0,0.7623367413500479,0.258376429749704,0.25636035493365933,0.37754919368532175,,,,,,,,,,,,,0.03058185417354009,2.7900171139516567,0.0801541964164687,-4.741861082348016,28.580131227802635,14829488000.0,-601575000.0,2114793000.0,1333618000.0,,,,0.0,,67199524864.0,-0.43,,BORORENEW.NS,,,,,0.3032110575248354,,40.23831347387718,41.6970802919708,39.413382218148485,,20.62043795620438,17.335766423357665,66.54478976234005,43.62934362934363,2.547169811320755,,12.76595744680851,96.01482854494903,70.53903345724906,42.66666666666667,42.93418464548241,Q2 (Low)
2026-02-28,19.520000457763672,20.010000228881836,17.010000228881836,17.450000762939453,130579,-0.09161886545615716,-0.20825771152097372,,,0.3768055167456485,27.61197358182612,0.8864627942635096,,0,33979000.0,24699000.0,931000.0,3745000.0,2993000.0,2432000.0,1000.0,560000.0,0.7268901380264281,0.027399276023426233,0.07157361899997057,0.11021513287618824,516386000.0,28636000.0,230920000.0,285466000.0,311094000.0,199889000.0,106000.0,,0.1003131721465954,0.05545464052085068,1.556333765239708,,1.9753940455341508,-1.4150170648464164,0.0831341047464218,0.029635901778154006,0.20418006430868174,84392620.0,-18575130.0,23377300.0,-3769860.0,-0.06506950039584398,-0.035971405111680024,0.07442582345862173,0.0,1.2149204664727549,266178912.0,0.049,,KHANDSE.NS,,,,,0.23794581774347992,,35.28872593950504,48.08394160583942,4.674610449129239,,16.78832116788321,9.306569343065693,2.376599634369287,6.370656370656371,51.320754716981135,,48.25918762088975,7.970342910101946,17.193308550185872,43.142857142857146,29.385058363430943,Q1 (Lowest)
2026-02-28,111.69999694824219,126.5999984741211,103.19999694824219,112.19999694824219,2830773,0.09688137593134516,-0.12908487655399392,,,0.4337270294283417,58.160920033019785,1.658068889701181,,0,1212976000.0,777110000.0,124008000.0,176870000.0,129012000.0,86753000.0,39483000.0,2554000.0,0.6406639537797945,0.10223450422761868,0.07152078853992165,0.1458149213174869,,,,,,,,,,,,,0.13469561865989133,1.9990320461852247,0.1955956263793237,1.0158708028349017,0.4894692076431404,4522394000.0,160735000.0,280180000.0,481975000.0,,,,0.0,,9996512256.0,,,BOROSCI.NS,,,,,0.30576941611912783,,90.55912007332722,30.93065693430657,61.136571952337306,,36.67883211678832,77.37226277372264,38.11700182815356,12.548262548262548,88.30188679245283,,,94.81000926784058,46.28252788104089,68.76190476190476,56.366602462009155,Q4 (High)
2026-02-28,36000.0,38620.0,34730.0,35215.0,278178,0.002419584400797037,-0.035205479452054766,,,0.26500207063301257,39.82430453879942,0.808821219413287,,0,48856000000.0,17984000000.0,5137000000.0,8123000000.0,7136000000.0,5326000000.0,1772000000.0,43000000.0,0.3681021778287211,0.10514573440314394,0.10901424594727362,0.16626412313738334,,,,,,,,,,,,,0.01893718194710936,-0.03949504057709652,0.09402781198916177,0.16110747765424027,0.12118702553485172,189742000000.0,27567000000.0,20368000000.0,39984000000.0,,,,0.0,,1038916845568.0,0.401,1.45,BOSCHLTD.NS,,,,,0.5581000054662354,,27.406049495875344,81.93430656934306,15.765352887259395,,66.42335766423358,39.324817518248175,93.96709323583181,51.061776061776065,62.735849056603776,75.26717557251908,83.99419729206963,50.5097312326228,93.02973977695167,45.14285714285714,59.10415356707943,Q4 (High)
2026-02-28,98.0999984741211,108.4000015258789,92.05000305175781,94.2699966430664,28026,0.041082202826456804,-0.0765990790022375,,,0.3621437798070507,51.77007868984815,0.7450109446795843,,0,268289000.0,62125000.0,16034000.0,18342000.0,17413000.0,12246000.0,389000.0,4778000.0,0.23155999686904793,0.05976391130460064,0.04564480839691527,0.06836657485025477,,,,,,,,,,,,,0.3704015855016498,2.6028243601059136,0.499952478125961,0.5968183596296779,0.11264786169244778,1016312822.0,65687760.0,59564424.0,89073437.0,,,,0.0,,473321920.0,0.105,,KHAITANLTD.NS,,,,,0.3907541788047852,,21.814848762603116,52.28102189781022,44.087992667277724,,55.200729927007295,59.03284671532847,5.301645338208409,18.05019305019305,82.16981132075472,,53.9651837524178,95.73679332715477,18.494423791821564,90.85714285714286,49.79950889384801,Q3 (Medium)
2026-02-28,353.0,391.6499938964844,351.0,366.29998779296875,90833596,0.07013168335369069,0.03314460361810512,,,0.23885739826480018,49.66940131069215,0.8036655054439438,,0,1190294300000.0,176425200000.0,97079700000.0,103946100000.0,103946100000.0,71884000000.0,25487900000.0,6574200000.0,0.14821981420897337,0.08155940929902798,0.060391787140373604,0.087328066680652,,,,,,,,,,,,,0.05755572229411521,0.051086266745820286,0.15803976581469303,2.129159901272402,1.5880608609266575,4544428700000.0,222251900000.0,295667000000.0,329968700000.0,,,,0.0,,1589194653696.0,0.88,4.78,BPCL.NS,,,,,0.4364633757219451,,27.131072410632445,88.77737226277372,38.95508707607699,,81.2043795620438,69.61678832116789,96.70932358318099,95.07722007722008,93.39622641509435,97.32824427480917,97.87234042553192,59.036144578313255,99.62825278810409,60.476190476190474,73.68057615007595,Q5 (Highest)
2026-02-28,62.619998931884766,69.9000015258789,58.209999084472656,59.08000183105469,3509453,-0.061328199553157936,-0.33023463956191823,,,0.42758291052493835,39.20000861672794,0.9388536234177525,,0,2657329000.0,931479000.0,293873000.0,329469000.0,297907000.0,204396000.0,1404000.0,92108000.0,0.35053205681343935,0.11058961837243338,0.07691783742246444,0.12398502405987366,,,,,,,,,,,,,0.13406999635964634,-0.04550739933034775,0.15211447747216544,-7.660019550342131,2.696001884633506,8586264000.0,630305000.0,758027000.0,848440000.0,,,,0.0,,5757095936.0,-0.087,,KHAICHEM.NS,,,,,0.28334761748854703,,40.879926672777266,32.48175182481752,14.482126489459212,,3.1934306569343067,15.328467153284672,29.70749542961609,64.1891891891892,1.7924528301886793,,33.849129593810446,49.86098239110287,21.74721189591078,59.42857142857143,34.46271570371083,Q1 (Lowest)
2026-02-28,58.650001525878906,61.5,55.15999984741211,55.38999938964844,856033,-0.05815340764803645,-0.13331247814278735,,,0.5933939296644447,41.46568456588397,0.8208205425231052,,0,198390000.0,73346000.0,-1196000.0,7164000.0,1093000.0,-1881000.0,0.0,2974000.0,0.3697061343817733,-0.006028529663793538,-0.00948132466354151,0.036110691063057615,5455526000.0,1064531000.0,2933336000.0,2522190000.0,2168629000.0,2932065000.0,18958000.0,71741000.0,0.422066140933078,0.19512893898773465,0.7396251447358773,0.7151574061284454,0.018586024541767276,-1.0688254665203074,-0.05145993602769261,-1.0462707861851814,-0.8537541338341567,773723000.0,-146497000.0,-7932000.0,-101736000.0,-0.058083253045964026,-0.026852956066931034,-0.0022114906623626426,0.0,0.6218048818757347,2712766976.0,-0.567,,BPL.NS,-966816000.0,-967000000.0,-184000.0,,0.32477969537120327,,28.41429880843263,7.846715328467155,19.431714023831347,,35.21897810218978,15.967153284671534,21.480804387568554,13.803088803088803,13.018867924528301,,7.7369439071566735,11.770157553290083,14.312267657992564,20.19047619047619,23.946097731446237,Q1 (Lowest)
2026-02-28,14.0600004196167,14.920000076293945,13.25,14.3100004196167,392311,-0.0069395856248651855,-0.11884232627477309,,,0.5135428393579028,58.1395419756752,0.9769543773169284,,0,15449000.0,6174000.0,3084000.0,4506000.0,3084000.0,2282000.0,802000.0,0.0,0.39963751699139105,0.19962457116965499,0.14771182600815586,0.2916693637128617,282574000.0,5932000.0,33052000.0,249522000.0,257903000.0,33052000.0,1591000.0,0.0,0.023773454845664913,0.020992731107603673,7.802946871596273,7.802946871596273,-0.0006468723720809422,0.181159420289855,0.44437172774869116,1.986910994764398,0.8302193338748984,63913000.0,8911000.0,12363000.0,18017000.0,0.03571228188296022,0.03153510230948353,0.04839618874631049,1.0,2.4533120527720174,884764800.0,0.35,,CALSOFT.NS,,,,,0.6196922153226762,,45.7378551787351,16.514598540145982,61.044912923923015,,39.5985401459854,34.3978102189781,9.87202925045704,1.1100386100386102,93.30188679245282,,80.56092843326887,69.23076923076923,19.60966542750929,89.71428571428571,47.37955469776994,Q3 (Medium)
2026-02-28,635.0,655.6500244140625,577.6500244140625,584.2999877929688,10569355,-0.1032154113421131,-0.16433069566371938,,,0.3814464390100919,35.905414492185486,1.1167988909162867,,0,60013500000.0,13423600000.0,3796200000.0,3814400000.0,3310700000.0,1274600000.0,324700000.0,1711400000.0,0.22367633949028135,0.06325576745232322,0.021238554658535164,0.06355903255100935,,,,,,,,,,,,,-0.01480901443965088,-0.20709175738724728,0.12187767554370788,-0.01620870639086136,0.016170711564589713,236778000000.0,6810000000.0,17811600000.0,17206000000.0,,,,0.0,,155540652032.0,0.013,0.94,KEC.NS,,,,,0.3488681955029818,,58.93675527039414,46.07664233576643,11.090742438130157,,26.824817518248175,7.846715328467154,78.42778793418648,92.37451737451737,47.264150943396224,60.0,44.439071566731144,36.05189990732159,76.11524163568774,52.85714285714286,49.2203656739993,Q3 (Medium)
2026-02-28,138.89999389648438,192.0,136.22000122070312,142.0500030517578,17070336,0.047720911147097755,-0.10800626027153648,,,0.645621160079617,50.80066709797792,1.1713738848302777,,0,4598169000.0,2131009000.0,174430000.0,339403000.0,151130000.0,-143840000.0,59121000.0,152053000.0,0.4634472982615471,0.03793466486334017,-0.03128201682017342,0.07381264151013153,20369257000.0,6717119000.0,11768058000.0,8895725000.0,11669792000.0,8563767000.0,874362000.0,5309511000.0,0.7550951721191921,0.32976750207432703,1.3626937771660532,0.7426966427274353,0.08562089188576616,0.44407521559729735,0.10183869463511974,-0.8564923636857039,-0.3695636021858898,17001431000.0,-292049000.0,1448238000.0,3158938000.0,-0.03283026397511164,-0.014337734557524608,0.09275939732697003,0.0,1.653541167456427,27285903360.0,0.218,,CAMLINFINE.NS,,,,,0.28151048772546183,,65.26122823098075,4.197080291970806,41.61319890009166,,43.33941605839416,60.94890510948905,54.02193784277879,72.68339768339769,16.9811320754717,,67.50483558994198,81.4643188137164,50.8364312267658,47.333333333333336,50.41234767708881,Q3 (Medium)
2026-02-28,405.0,455.0,400.0,418.5,135110,-0.02606472396755488,-0.05679515779520172,,,0.5283106588969047,55.84885644350708,0.25407157482548964,,0,2077873000.0,330425000.0,82240000.0,127372000.0,82646000.0,36567000.0,14442000.0,31637000.0,0.15902078712221585,0.03957893480496642,0.01759828439947966,0.061299222811018766,,,,,,,,,,,,,0.1597467378036359,1.3497622413571522,0.2764657062487368,3.585203761755486,0.4594997192652772,7943345000.0,178768000.0,361633000.0,545621000.0,,,,0.0,,3550365696.0,0.441,0.24,AARTISURF.NS,,,,,0.4335796462529455,,1.1915673693858846,14.142335766423358,55.72868927589367,,60.58394160583942,26.642335766423358,24.588665447897622,44.78764478764479,95.18867924528301,17.709923664122137,86.26692456479691,92.02965708989805,34.75836431226766,78.95238095238095,48.83807398988378,Q3 (Medium)
2026-02-28,223.5,238.0,196.6999969482422,198.69000244140625,10684093,-0.13315301853535733,-0.17136540389972854,,,0.2626897723132881,8.021769593699474,1.8547545936236058,,0,19819900000.0,7074400000.0,1797200000.0,2301800000.0,1702100000.0,1213600000.0,443600000.0,88000000.0,0.3569341924025853,0.09067654226307903,0.06123138865483681,0.11613580290516097,,,,,,,,,,,,,-0.0832735900981948,-0.45063600561314565,0.015691539789993714,-0.011645899503216928,-0.03532961736725204,78466300000.0,11316000000.0,7257300000.0,16948700000.0,,,,0.0,,160645775360.0,-0.062,1.26,KANSAINER.NS,,,,,0.2068361735550681,,94.95875343721356,82.93795620437956,0.18331805682859761,,25.27372262773723,4.47080291970803,78.88482632541134,63.22393822393823,47.83018867924528,70.53435114503816,35.49323017408123,24.837812789620017,80.85501858736059,29.333333333333332,49.25448350025968,Q3 (Medium)
2026-02-28,790.2999877929688,1045.0,750.0,942.7000122070312,2649422,0.2790177434638639,-0.04931420389558927,,,0.5200020825939838,65.68849387030374,1.4281195378967488,,0,2225700000.0,1220600000.0,326600000.0,436600000.0,341400000.0,210800000.0,81400000.0,47400000.0,0.5484117356337332,0.14674035135013705,0.09471177607044974,0.19616300489733568,,,,,,,,,,,,,-0.07520671458844064,-0.22471496873850683,0.09575620322961798,0.6863999999999999,0.31863485351857435,8872000000.0,896700000.0,1347600000.0,1754400000.0,,,,0.0,,26821795840.0,0.314,0.25,CARYSIL.NS,,,,,0.3633908740560639,,81.75985334555453,15.87591240875912,80.10999083409716,,62.59124087591241,95.43795620437956,53.93053016453382,53.57142857142857,84.43396226415094,18.549618320610687,77.6595744680851,34.93975903614458,56.040892193308544,45.80952380952381,57.38068283309924,Q4 (High)
2026-02-28,175.0,218.39999389648438,165.0,195.1199951171875,390468,0.09145824497384791,-0.0763550526997041,,,0.6150157415101749,68.65548346171008,1.5508873603015874,,0,1906708000.0,624395000.0,114572000.0,194252000.0,163562000.0,107377000.0,32504000.0,24042000.0,0.32747279604428153,0.060088907163551,0.05631538756852124,0.10187821103178882,,,,,,,,,,,,,0.17724040250870243,0.38882493694625886,0.18986382802929747,0.3729494047999591,0.08773462348250693,7147487000.0,275111000.0,538151000.0,625073000.0,,,,0.0,,4685310464.0,0.275,0.46,KANPRPLA.NS,,,,,0.27203813393490944,,86.89275893675527,5.5656934306569354,86.06782768102657,,55.38321167883211,76.27737226277372,27.239488117001827,39.86486486486486,75.66037735849058,34.35114503816794,73.45261121856866,78.68396663577386,43.49442379182156,67.71428571428572,56.70986844860131,Q4 (High)
2026-02-28,182.5,190.10000610351562,182.02000427246094,187.74000549316406,31260286,0.010441347737038642,-0.00677176357192244,,,0.14578613216342307,57.9939150518983,0.9934257612833153,,0,14399200000.0,6904000000.0,3433600000.0,3344600000.0,3344600000.0,2446700000.0,875100000.0,22800000.0,0.4794710817267626,0.23845769209400522,0.16991916217567643,0.2322767931551753,33948500000.0,660500000.0,14945500000.0,19003000000.0,23446800000.0,14082300000.0,4266200000.0,5463400000.0,0.03475766984160396,0.01945594061593296,1.6649837029462518,1.2770215092705026,-0.038020349672307496,0.0027459016393442948,0.11779409709823163,0.17953044400520657,0.18397111402173527,57126400000.0,9935200000.0,12995100000.0,13552800000.0,0.5228227122033363,0.2926550510331826,0.6608742085590052,1.0,3.1225291249981586,185697845248.0,0.31,5.59,CASTROLIND.NS,,,,,0.33020359468655647,,47.75435380384968,99.36131386861314,60.861594867094404,,72.62773722627736,44.799270072992705,81.44424131627058,38.8996138996139,64.52830188679245,98.3206106870229,77.07930367504837,54.49490268767377,87.82527881040892,51.8095238095238,65.32040310741213,Q5 (Highest)
2026-02-28,2879.5,3060.699951171875,2827.0,3017.39990234375,2071907,-0.011822530753643368,0.05121237632427844,,,0.17224480391510405,77.9517950899504,0.5511474534107812,,0,2896239000.0,1679687000.0,1227915000.0,1475356000.0,1388981000.0,998514000.0,352243000.0,35707000.0,0.5799545548554522,0.42396880920393654,0.34476229344332426,0.5094040926871022,,,,,,,,,,,,,0.05695788392304846,0.06651955276233767,0.19441746641905988,0.3118888175035177,0.32592432821065875,10226400000.0,3439484000.0,4275561000.0,5099583000.0,,,,0.0,,250530611200.0,0.33,0.43,ANANDRATHI.NS,,,,,0.4410314924917093,,8.890925756186984,97.99270072992701,94.59211732355637,,84.03284671532847,31.934306569343068,84.36928702010968,46.62162162162162,72.54716981132076,31.297709923664126,78.9651837524178,60.98239110287304,77.41635687732342,68.47619047619048,62.541253845324185,Q5 (Highest)
2026-02-28,17.670000076293945,19.8700008392334,16.190000534057617,17.6299991607666,4675262,0.10118669011398929,-0.1198203416677387,,,0.49128888056049735,49.69324453436416,0.9875359304824464,,0,741414000.0,187087000.0,3726000.0,66746000.0,61129000.0,35151000.0,3463000.0,22515000.0,0.252338099901,0.005025532293698258,0.04741075836172503,0.0900252760266194,,,,,,,,,,,,,0.44504864814295075,-0.9548987656855449,0.3092895287070525,-0.923716951282235,-0.8684895987263908,2218662000.0,1255879000.0,-270006000.0,1296833000.0,,,,0.0,,7876368896.0,8.421,,CCCL.NS,,,,,0.28585563655680357,,47.204399633363884,19.799270072992698,39.04674610449129,,39.23357664233576,78.37591240875912,34.18647166361974,38.41698841698842,15.943396226415093,,100.0,13.80908248378128,25.55762081784387,82.0,45.57156429803941,Q2 (Low)
2026-02-28,68.02999877929688,80.5,65.30000305175781,74.79000091552734,275475,0.10342287197520061,-0.015532450786037488,,,0.3714107002099177,66.29357216636205,0.6406072417860087,,0,2098400000.0,625800000.0,-25200000.0,185300000.0,97800000.0,934400000.0,33900000.0,86300000.0,0.2982272207396111,-0.012009149828440717,0.44529165078154787,0.08830537552420892,11078700000.0,3273700000.0,5765100000.0,5313600000.0,3113600000.0,3511000000.0,448100000.0,1003400000.0,0.6160983137609154,0.2954949587948044,0.8868128738251211,0.6010253489034463,-0.5375732733923928,-12.933588761174969,0.18842385456193012,-7.717469446441409,0.5352112676056338,14204810000.0,325630000.0,-178400000.0,211180000.0,0.06128236976814212,0.029392437740890176,-0.020774865207923328,1.0,1.9397320985314161,3267824384.0,-0.274,,KANORICHEM.NS,,,,,0.27351711201431206,,14.482126489459212,50.091240875912405,81.02658111824014,,70.43795620437956,78.83211678832117,23.583180987202926,62.74131274131274,1.6981132075471699,,19.729206963249517,1.1121408711770158,44.05204460966542,67.14285714285714,44.32859186662163,Q2 (Low)
2026-02-28,13.600000381469727,15.5,12.579999923706055,13.829999923706055,308459,0.014673500189720246,-0.1478742875059612,,,0.24285481755895996,66.41508863591133,0.8632561643047437,,0,200810000.0,82191000.0,-14202000.0,34905000.0,3975000.0,1339000.0,930000.0,1706000.0,0.40929734574971366,-0.07072356954334943,0.006667994621781784,0.1738210248493601,5747980000.0,237280000.0,2583798000.0,3164182000.0,496486000.0,861812000.0,8858000.0,275185000.0,0.0749893653399204,0.04128058900692069,0.5760954825414359,0.25678570268225553,-0.16419016224225624,-0.4816105303910182,1.1153258682622114,-1.040845585992313,6.861486486486487,683626000.0,83517000.0,-125004000.0,223994000.0,0.026394499431448632,0.014529800034098936,-0.03675007981861917,1.0,0.8156268984930357,2260717312.0,-0.216,,CCHHL.NS,,,,,0.23279176369110052,,32.997250229147575,87.77372262773723,81.57653528872594,,31.204379562043794,46.8978102189781,19.195612431444243,9.942084942084941,13.20754716981132,,23.017408123791103,24.18906394810009,19.981412639405207,96.57142857142857,42.4369503835132,Q2 (Low)
2026-02-28,1.6200000047683716,1.75,1.5,1.5700000524520874,2735064,0.019480578793626746,-0.15591395678637654,,,0.3462039027857095,50.0,0.9196868788942208,,0,487175000.0,8842000.0,5165000.0,14853000.0,14816000.0,13565000.0,1244000.0,7000.0,0.018149535587827784,0.010601939754708268,0.027844203828193154,0.030488017652794172,955792000.0,3240000.0,287495000.0,668297000.0,953933000.0,284255000.0,2432000.0,124999000.0,0.004848143864180148,0.0033898588814302694,3.3559057888163797,2.916163304075566,-0.4179134615614388,3.7899011299435026,0.02889805952370894,25.08653846153846,26.505555555555556,1869898000.0,21065000.0,9895000.0,22787000.0,0.031520416820665066,0.02203931399300266,0.014734854520301934,1.0,3.827213661549793,312262368.0,-0.377,,KANANIIND.NS,,,,,0.34825923220898813,,38.6801099908341,56.29562043795621,39.73418881759853,,28.923357664233578,48.9051094890511,2.83363802559415,2.7027027027027026,98.9622641509434,,15.570599613152805,96.9416126042632,21.37546468401487,32.285714285714285,42.21402549773726,Q2 (Low)
2026-02-28,961.4032517022356,1056.1473876953125,942.4544324259467,994.0,5084934,0.059908326566415315,-0.001718001464166119,,,0.32407868393043515,57.00244244740984,1.339074351822222,,0,10505646000.0,3893847000.0,1459121000.0,1875645000.0,1485134000.0,1002678000.0,160069000.0,322387000.0,0.3706432712467182,0.13888922204308046,0.09544182242576991,0.17853685532522226,,,,,,,,,,,,,-0.004806852040029952,0.3839853358104919,0.4231480266058807,0.35581857297200825,0.3629437308708505,37004620000.0,3376290000.0,4872472000.0,6390417000.0,,,,0.0,,132398850048.0,-0.031,0.78,CCL.NS,,,,,0.37662599166922744,,76.62694775435381,62.68248175182482,58.661778185151235,,73.44890510948905,66.51459854014598,76.14259597806216,80.79150579150578,74.24528301886792,53.969465648854964,39.313346228239844,78.40593141797962,65.98513011152416,88.57142857142857,66.35729320716186,Q5 (Highest)
2026-02-28,5.679999828338623,5.699999809265137,4.269999980926514,4.519999980926514,25649998,-0.23259760893280357,-0.36067894325604233,,,0.42416897512352697,18.571437329658508,1.0057559992650609,,0,632320000.0,276592000.0,25301000.0,40944000.0,26475000.0,9913000.0,4718000.0,11844000.0,0.4374240890688259,0.040012968117408905,0.015677188765182187,0.06475202429149797,,,,,,,,,,,,,0.11348056005085616,-0.019776525264511013,-0.146055883425392,-0.5012577983497686,-0.1447013849721126,2530232000.0,47605000.0,107751000.0,163021000.0,,,,0.0,,1420884608.0,0.962,,KAMOPAINTS.NS,,,,,0.3531156268066529,,49.40421631530706,33.029197080291965,1.2832263978001834,,1.916058394160584,1.0036496350364963,14.80804387568556,29.343629343629345,24.81132075471698,,98.93617021276596,51.899907321594064,27.416356877323423,12.476190476190476,33.08853111230013,Q1 (Lowest)
2026-02-28,1229.0,1412.0,1195.0,1320.4000244140625,29298300,-0.010046501667049568,-0.1799776025001747,,,0.33129306917223256,60.844646961653154,0.9968835134381969,,0,3043550000.0,2216576000.0,1439439000.0,1890520000.0,1719714000.0,1333274000.0,389833000.0,400000.0,0.7282863761068489,0.47294738052603047,0.43806541702945573,0.6211562156034893,,,,,,,,,,,,,0.17599033103381134,0.30243112844724096,-0.05557157073539465,-0.1771229167682451,-0.201084198200018,10657407000.0,4661063000.0,5025260000.0,6783834000.0,,,,0.0,,275963609088.0,0.13,0.95,CDSL.NS,,,,,0.2424376200997809,,48.212648945921174,60.21897810218978,68.7442713107241,,23.083941605839417,33.21167883211679,85.28336380255942,5.55019305019305,38.301886792452834,60.534351145038165,58.12379110251451,75.71825764596849,79.27509293680298,19.61904761904762,50.391833526091226,Q3 (Medium)
2026-02-28,1433.800048828125,1500.0,1264.0999755859375,1280.0,3825398,-0.07787621748232287,-0.21578235615005692,,,0.2772678353840026,20.98892165296401,0.8680513371687281,,0,6023690000.0,2113977000.0,1549257000.0,1660381000.0,1549257000.0,1700457000.0,492775000.0,,0.3509438566725711,0.2571940123080703,0.28229490561433274,0.2756418407985803,,,,,,,,,,,,,0.018923278943418165,0.03727956870526783,0.11915093244153363,0.16133268771483156,0.15294788343732946,21942861000.0,6268926000.0,4315982000.0,8143799000.0,,,,0.0,,101365596160.0,0.29,,AAVAS.NS,,,,,0.4259095515956334,,33.547204399633365,78.19343065693431,2.1081576535288726,,14.963503649635038,11.678832116788321,72.21206581352834,,62.83018867924528,,74.6615087040619,57.831325301204814,82.06319702602231,52.095238095238095,49.47897680638804,Q3 (Medium)
2026-02-28,21.25,23.8700008392334,20.5,21.510000228881836,20808482,-0.020045581720458006,-0.18553576852861742,,,0.4401482378789371,53.77855740241526,0.49340083880252944,,0,1911416000.0,634421000.0,222691000.0,273715000.0,260262000.0,186953000.0,70535000.0,2774000.0,0.33191152527759527,0.11650577373005144,0.09780864029598998,0.1432001197018336,4260167000.0,5680000.0,618806000.0,3641361000.0,3235800000.0,469132000.0,163477000.0,105270000.0,0.0015598563284442274,0.0013332810662117236,6.8974190632913555,6.673025928736475,-0.023682424132219104,-0.1273624316767722,0.005058904876708681,0.176641260770233,0.2265854664085467,7596966000.0,696604000.0,847032000.0,994801000.0,0.19130319679921876,0.16351565560692807,0.23225184471466045,1.0,3.9608159961804317,6068163584.0,1.375,1.16,KAMDHENU.NS,,,,,0.5479560545145941,,5.957836846929423,29.470802919708035,49.220898258478464,,21.259124087591243,28.467153284671532,30.347349177330894,13.320463320463322,64.33962264150944,67.78625954198473,99.5164410058027,42.446709916589434,53.90334572490706,26.95238095238095,42.199225845223154,Q2 (Low)
2026-02-28,3699.199951171875,4128.2998046875,3651.0,3793.800048828125,1741630,0.07015315345716089,-0.02166176670851938,,,0.31960634504754537,53.64378483889571,0.7233927470486081,,0,41570500000.0,16597100000.0,3752100000.0,5114400000.0,3233000000.0,1557700000.0,676100000.0,1049600000.0,0.39925187332363093,0.0902587171191109,0.037471283722832295,0.12302955220649259,,,,,,,,,,,,,0.17783142224904447,0.3852378835037795,0.25798525055000265,0.27806038726616333,0.39852337981952424,142098100000.0,4648200000.0,10522400000.0,16166600000.0,,,,0.0,,153047662592.0,0.544,0.79,CEATLTD.NS,,,,,0.4330059090062291,,20.623281393217233,64.5985401459854,48.85426214482126,,69.43430656934306,69.7080291970803,78.06215722120659,89.76833976833977,70.28301886792453,54.656488549618324,91.97292069632496,78.49860982391102,84.94423791821562,76.47619047619048,66.52535885147856,Q5 (Highest)
2026-02-28,274.95001220703125,307.8999938964844,268.1000061035156,287.29998779296875,7510057,0.0654551985758991,0.17866661658653848,,,0.25024860975383495,63.953475403952275,1.26295033555254,,0,9911420000.0,1760460000.0,1236400000.0,1500090000.0,1345030000.0,741130000.0,246580000.0,374580000.0,0.17761935222198233,0.12474499113144231,0.07477536014012119,0.15134965524617058,,,,,,,,,,,,,0.2288341633904516,0.27803069494740473,0.19337776252656425,0.012500341539386284,0.11982949752532535,33132870000.0,2593830000.0,3476240000.0,5454740000.0,,,,0.0,,50060521472.0,,0.18,CEIGALL.NS,,,,,0.23334140306169646,,72.31897341888175,85.76642335766424,76.8102658111824,,94.61678832116789,68.15693430656934,62.614259597806225,82.62548262548263,50.0,11.374045801526718,,74.7914735866543,72.4907063197026,68.19047619047619,64.6503886224743,Q5 (Highest)
2026-02-28,216.1199951171875,223.80999755859375,180.35000610351562,188.63999938964844,1728607,-0.09650842734052945,-0.21400000254313156,,,0.36487043333042674,31.071286237008678,1.5131988553150977,,0,1177384000.0,841346000.0,310681000.0,371136000.0,297416000.0,172984000.0,38885000.0,67925000.0,0.7145892928730134,0.2638739782432919,0.14692232950337358,0.31522086252233766,,,,,,,,,,,,,0.567187383530865,-6.882809046080599,0.11644613695284001,-0.3392639559977846,-0.19485066807244988,3273553000.0,289837000.0,635558000.0,951911000.0,,,,0.0,,5561120768.0,0.158,,KAMATHOTEL.NS,,,,,0.16784383569828715,,85.24289642529789,51.824817518248175,6.507791017415215,,15.693430656934307,8.485401459854014,29.250457038391225,58.301158301158296,30.754716981132074,,61.36363636363637,2.0389249304911954,46.09665427509294,51.523809523809526,39.80557963276408,Q1 (Lowest)
2026-02-28,8.210000038146973,9.770000457763672,7.309999942779541,7.75,788386,0.011749367412624334,-0.2364531732738917,,,0.4953131538532544,44.81132775703987,1.0945999541231888,,0,453800000.0,246700000.0,-17500000.0,-7000000.0,-16900000.0,-34200000.0,0.0,17300000.0,0.5436315557514323,-0.03856324371970031,-0.0753635962979286,-0.015425297487880123,,,,,,,,,,,,,0.06726246472248354,-0.13417721518987347,0.18920335429769386,0.014836795252225476,1.2580645161290325,1734200000.0,-162500000.0,-95600000.0,-60400000.0,,,,0.0,,469694272.0,-0.866,,CELEBRITY.NS,,,,,0.33275863736050765,,56.82859761686526,19.160583941605836,26.214482126489457,,11.222627737226277,45.71167883211679,5.210237659963437,33.59073359073359,50.18867924528302,,3.433268858800774,41.890639481000925,14.312267657992564,67.52380952380952,35.019173751459164,Q1 (Lowest)
2026-02-28,569.1945432783003,657.0,567.8467117224669,616.25,168089,0.008710969875661556,-0.11317492938611107,,,0.30227307304253487,62.57059745652438,0.903719673843674,,0,1410387000.0,772452000.0,235440000.0,280363000.0,264119000.0,194522000.0,69118000.0,479000.0,0.5476879750026057,0.16693290564930052,0.13792101033262502,0.19878444710565257,,,,,,,,,,,,,0.1982876834533842,0.3932643823057529,0.1489774055714186,0.010729669484612181,0.011812046627449613,4868873000.0,569028000.0,634068000.0,842547000.0,,,,0.0,,17809674240.0,0.197,0.91,AMRUTANJAN.NS,,,,,0.25254779752639517,,37.213565536205316,69.7992700729927,73.51054078826765,,41.332116788321166,43.33941605839416,47.89762340036563,6.081081081081082,49.905660377358494,58.54961832061068,65.47388781431334,78.77664504170528,53.53159851301115,58.76190476190476,52.27819523696876,Q3 (Medium)
2026-02-28,368.95001220703125,445.0,355.8500061035156,401.20001220703125,169116749,0.011726199866863185,-0.19186221705696827,,,0.4606996282612009,61.21231453192518,1.0155267266398351,,0,103434170000.0,13577400000.0,6415980000.0,7731610000.0,6642770000.0,4162900000.0,1436380000.0,1043410000.0,0.13126609900770703,0.0620295981492383,0.04024685459360287,0.07474908920330679,,,,,,,,,,,,,0.3166220427478219,0.5979808836512994,0.421171510335401,0.9023964464592549,0.6445475351813093,315255840000.0,11284890000.0,17936490000.0,22992230000.0,,,,0.0,,414517657600.0,-0.179,0.37,KALYANKJIL.NS,,,,,0.38434491870594917,,50.50412465627865,25.547445255474457,70.48579285059579,,19.98175182481752,45.62043795620438,88.84826325411335,89.67181467181467,86.79245283018868,27.86259541984733,25.145067698259187,84.89341983317887,92.19330855018588,88.28571428571429,59.72214593911153,Q4 (High)
2026-02-28,493.6000061035156,525.0,441.0,443.45001220703125,2389214,-0.1143399213186519,-0.2537024518731845,,,0.22097544248672374,21.745721843618256,1.5071361806578665,,0,5536645000.0,2745495000.0,857896000.0,1148437000.0,949419000.0,636387000.0,249811000.0,5551000.0,0.49587701577399307,0.15494870991367515,0.11494090735454414,0.20742471298051438,,,,,,,,,,,,,-0.05749784957164217,-0.257116141594408,-0.0057198568518321835,-0.2634332996524269,-0.177767356611514,22589372000.0,3105117000.0,4016232000.0,5306170000.0,,,,0.0,,97978572800.0,0.4,0.34,CELLO.NS,,,,,0.19295798476297313,,84.87626031164069,92.06204379562044,2.1998166819431715,,8.485401459854014,6.295620437956205,71.84643510054845,19.305019305019304,33.490566037735846,24.961832061068705,83.84912959381045,34.0129749768304,73.04832713754647,25.047619047619047,43.96540306314622,Q2 (Low)
2026-02-28,2574.699951171875,2644.60009765625,1906.0,1978.0999755859375,11633784,-0.22125117139630435,-0.3460394261920561,,,0.5365334697418132,25.47380664345117,1.2096726088916627,,0,2096718000.0,,688749000.0,904438000.0,810688000.0,558570000.0,164699000.0,30759000.0,,0.32848909581546015,0.2664020626522022,0.4313589142650561,,,,,,,,,,,,,0.21169766244393617,0.30289353066722646,0.35965641523798153,1.0035582465592259,0.7831803708559655,7284407000.0,1832425000.0,1881958000.0,2923283000.0,,,,0.0,,94679965696.0,0.129,,CARTRADE.NS,,,,,0.3938728475164059,,68.28597616865261,13.047445255474457,3.1164069660861595,,2.3722627737226274,1.094890510948905,71.29798903107861,44.4015444015444,88.0188679245283,,57.88201160541586,75.8109360518999,66.72862453531599,86.0,48.537130348311194,Q3 (Medium)
2026-02-28,630.0,737.0999755859375,591.0,650.75,48127,0.16621863799283143,-0.024216559938278426,,,0.3398829083416974,63.28638372090801,1.4159596893821864,,0,556732000.0,337077000.0,41395000.0,71120000.0,46974000.0,21501000.0,1167000.0,24306000.0,0.60545648534663,0.07435354892479686,0.03862001824935517,0.12774548615851075,2586558000.0,907999000.0,1666391000.0,920167000.0,1701021000.0,1327310000.0,14037000.0,636593000.0,0.9867763134300621,0.35104528875826485,1.2815551755053454,0.8019437810308067,-0.1319061882627739,0.5286882332029861,-0.10679499500238254,-0.4518546845124283,-0.14172620196949215,2365670000.0,76013000.0,163595000.0,266574000.0,0.08260783096981308,0.02938770365868463,0.08948585631720533,1.0,1.6459600751268675,2367428608.0,-0.564,0.61,KALYANIFRG.NS,,,,,0.21146840112784085,,80.93492208982585,57.93795620437956,75.34372135655362,,68.97810218978103,89.05109489051095,19.74405850091408,40.057915057915054,26.69811320754717,45.038167938931295,8.027079303675048,83.22520852641334,20.910780669144984,15.238095238095239,48.74568101157914,Q3 (Medium)
2026-02-28,492.20001220703125,614.5,478.1499938964844,526.5,1944112,0.11322547079146195,-0.011174780863217881,,,0.4317934900600092,60.7180928563261,1.2939785697653303,,0,5695860000.0,1556810000.0,435550000.0,529050000.0,412330000.0,280640000.0,88540000.0,43130000.0,0.27332308027233815,0.07646782048716085,0.04927087393299695,0.09288325204622305,,,,,,,,,,,,,-0.028433019761025524,-0.11456065625492984,0.2695213768939648,0.9132806108535587,0.4512810665496241,20853380000.0,1125940000.0,1702520000.0,2152590000.0,,,,0.0,,29932333056.0,,0.86,CARRARO.NS,,,,,0.3459780208359881,,73.69385884509624,31.386861313868607,68.19431714023831,,71.53284671532847,81.47810218978103,55.758683729433265,51.15830115830116,86.88679245283019,56.5648854961832,,44.20759962928638,57.71375464684015,78.19047619047619,60.451098633844225,Q5 (Highest)
2026-02-28,1600.0,1728.0,1551.0999755859375,1609.5999755859375,736175,0.0204133071342103,0.06511383509360047,,,0.2628940392692207,58.21216350343317,1.0401180062162778,,0,1121242000.0,577584000.0,366506000.0,533319000.0,496408000.0,358950000.0,124542000.0,6470000.0,0.515128759001179,0.32687501895219767,0.3201360634011213,0.4756502164563939,,,,,,,,,,,,,-0.17780086836580478,-0.366580434314594,0.163371159810207,0.29096415007480725,0.2613948405987687,4520512000.0,1609517000.0,1710209000.0,2382952000.0,,,,0.0,,48361017344.0,0.297,1.18,CARERATING.NS,,,,,0.3144546274281557,,53.5288725939505,82.75547445255475,61.3198900091659,,85.94890510948905,49.45255474452554,62.15722120658135,21.62162162162162,71.1320754716981,68.62595419847328,75.62862669245648,28.45227062094532,62.174721189591075,62.38095238095238,59.01194268613369,Q4 (High)
2026-02-28,2345.39990234375,2604.0,2225.5,2485.199951171875,341458,0.1835412388712141,-0.025182377669683675,,,0.37628100738606124,57.549407705819306,1.40133059132262,,0,5967200000.0,2366700000.0,495600000.0,989400000.0,656500000.0,229900000.0,160800000.0,112800000.0,0.396618179380614,0.08305402869017295,0.0385272824775439,0.16580640836573268,,,,,,,,,,,,,0.1548227279764669,0.18627450980392157,0.26415693917759464,-0.2919618109023714,0.10522788203753342,19787597000.0,831086000.0,1865767000.0,3409674000.0,,,,0.0,,30566170624.0,0.142,0.8,KDDL.NS,,,,,0.24670556310088698,,80.01833180568286,48.44890510948905,59.76168652612282,,68.7956204379562,90.23722627737226,56.03290676416819,68.14671814671814,32.54716981132076,55.267175572519086,59.18762088974855,69.69416126042633,66.2639405204461,77.52380952380953,62.128351509718655,Q5 (Highest)
2026-02-28,255.0,284.75,255.0,265.20001220703125,10403639,0.05952860157253914,0.01648148106991898,,,0.27472564878632233,41.48682985661844,1.4450053083792518,,0,5886100000.0,3096900000.0,2504700000.0,1157600000.0,933600000.0,636800000.0,223800000.0,73000000.0,0.5261378501894294,0.42552793870304617,0.10818708482696522,0.19666672329725965,,,,,,,,,,,,,0.5224903649672796,2.1728948679621327,0.1433760683760683,0.3703464600817732,0.34808431349714675,17242000000.0,1409800000.0,2305800000.0,3022900000.0,,,,0.0,,81043324928.0,-0.289,0.23,CAMPUS.NS,,,,,0.2839430928638085,,82.67644362969753,78.92335766423358,19.615032080659944,,78.28467153284672,66.24087591240875,69.37842778793419,59.84555984555985,75.37735849056604,16.6412213740458,18.95551257253385,95.18072289156626,70.72490706319702,58.0952380952381,59.32928859603251,Q4 (High)
2026-02-28,64.88999938964844,71.88999938964844,63.560001373291016,68.30999755859375,2447400,0.09069130438463602,-0.018111285636877916,,,0.21132487923988663,62.9411773505648,1.3170804918608083,,0,4186862000.0,1206383000.0,-119904000.0,441217000.0,167322000.0,98489000.0,23295000.0,45538000.0,0.2881353624743304,-0.028638154302673458,0.0235233451687684,0.10538130943890675,,,,,,,,,,,,,0.15633840432192625,-1.4860701894651644,0.08551731647748784,-0.15450651145621397,0.011791549618758168,15625856000.0,187461000.0,-284373000.0,1435789000.0,,,,0.0,,13583456256.0,-0.248,1.46,ANDHRAPAP.NS,,,,,0.1752065564865037,,75.16040329972502,94.06934306569343,74.51879010082493,,69.8905109489051,76.0036496350365,43.875685557586834,52.02702702702703,39.339622641509436,75.57251908396947,20.59961315280464,7.414272474513438,39.498141263940525,43.61904761904762,54.10590839137226,Q4 (High)
2026-02-28,669.0,748.5,662.0,720.25,12010813,0.03315476971141185,-0.08332075550258411,,,0.2612888916302133,59.17797513865244,0.6603368099570075,,0,3901390000.0,2656815000.0,1535685000.0,1917263000.0,1663948000.0,1255387000.0,401180000.0,16793000.0,0.6809919028858945,0.39362509259520323,0.3217794170795537,0.4914307464775375,,,,,,,,,,,,,0.10161487203654707,0.15077573207566197,0.055162925373279714,0.0003657580355207468,0.021084064645939593,,,,,,,,0.0,,178541543424.0,-0.093,1.71,CAMS.NS,,,,,0.2110700491831335,,16.22364802933089,83.3029197080292,63.79468377635197,,52.919708029197075,55.1094890510949,80.62157221206581,33.011583011583014,48.679245283018865,80.30534351145037,33.36557059961315,67.37720111214087,79.73977695167285,38.666666666666664,55.54116052948103,Q4 (High)
2026-02-28,22.989999771118164,23.700000762939453,21.75,22.479999542236328,1897944,-0.0013327714944674218,-0.1852120544432927,,,0.305523688511883,47.118643519865515,1.137426475947523,,0,671992000.0,118355000.0,17369000.0,41143000.0,29494000.0,4202000.0,5041000.0,20251000.0,0.17612560863819807,0.025847033893260634,0.006253050631555138,0.06122543125513399,5866097000.0,610842000.0,1178219000.0,4687878000.0,2648993000.0,315723000.0,135990000.0,536921000.0,0.13030245241023763,0.1041309068022571,8.390243979691059,6.689636168413451,0.13185415750813956,-0.9780599617798478,-0.08866005666106569,-0.9792557340468597,-0.8677979390321098,2745100000.0,-404120000.0,-37383000.0,-210342000.0,-0.08620531507005942,-0.06889078036043386,-0.0070551000996467075,0.0,2.080665116857086,2548895744.0,0.212,0.44,KCPSUGIND.NS,,,,,0.2542156148777208,,62.0531622364803,68.52189781021897,32.17231897341888,,21.350364963503647,37.04379562043796,20.56672760511883,35.810810810810814,14.90566037735849,32.29007633587786,67.16634429400386,13.34569045412419,27.788104089219328,16.666666666666664,36.64544134914932,Q1 (Lowest)
2026-02-28,141.0500030517578,157.5,139.0,154.14999389648438,373096734,0.022486067346564775,0.05748775041784504,,,0.2436770438892706,64.22222473395988,0.8702797953329545,,0,103805700000.0,,,,,52536700000.0,15103300000.0,227087900000.0,,,0.5061061194134812,,18263715800000.0,1479023700000.0,17089317300000.0,1173678300000.0,,,2025143800000.0,,1.260161067986006,0.08098153279410973,,,-0.46627676503327875,0.6443668915006495,-0.40948559804219387,0.25452986799625577,,658890375000.0,177329741000.0,,,0.15108888099916307,0.009709401029991935,,1.0,,1398240837632.0,0.373,2.59,CANBK.NS,,,,,0.4228836536616558,,33.91384051329056,87.4087591240876,77.4518790100825,,85.03649635036497,50.27372262773723,96.06946983546618,99.9034749034749,68.86792452830188,89.31297709923665,82.20502901353966,85.44949026876738,98.7918215613383,4.571428571428571,70.61708756047442,Q5 (Highest)
2026-02-28,167.00999450683594,184.75,163.0,163.4199981689453,1836067,-0.011612424165182489,-0.08668191550725557,,,0.25742443823128747,40.490391210776544,0.8527289468747449,,0,6143700000.0,3308700000.0,125000000.0,464000000.0,272500000.0,154900000.0,28600000.0,78000000.0,0.5385516870940964,0.020346045542588342,0.025212819636375474,0.07552452105408793,,,,,,,,,,,,,0.021311611669852848,-0.5310323947926128,0.022807864551251056,-0.03187499999999999,0.00563502384048542,25181300000.0,1496000000.0,2474400000.0,3922000000.0,,,,0.0,,21070635008.0,0.177,0.15,KCP.NS,,,,,0.262443706333144,,31.622364802933088,84.48905109489051,17.140238313473876,,50.82116788321168,32.481751824817515,50.27422303473492,61.196911196911195,46.69811320754717,9.389312977099237,63.78143133462283,22.89156626506024,41.72862453531599,30.857142857142854,42.89145995518407,Q2 (Low)
2026-02-28,914.0,956.0,859.4500122070312,885.7000122070312,3158761,-0.014081331020970422,0.008492183743905368,,,0.25093833350112055,42.96966973361755,0.9269384918074948,,0,4277786000.0,,,,,2647794000.0,765898000.0,6421798000.0,,,0.6189636414724813,,,,,,,,,,,,,,0.15110564680815908,0.18271986878292323,0.2610717051526996,0.2519724355500832,,15021105000.0,9346879000.0,,,,,,0.0,,117966315520.0,0.39,1.58,CANFINHOME.NS,,,,,0.3897380244602224,,39.59670027497709,85.58394160583941,21.814848762603116,,75.91240875912408,30.474452554744524,74.40585009140767,94.98069498069498,68.49056603773585,78.32061068702289,83.36557059961315,69.41612604263206,85.87360594795538,76.85714285714286,65.67283461343287,Q5 (Highest)
2026-02-28,3577.5,4177.0,3337.10009765625,3870.89990234375,36406814,0.10888617170818082,-0.3420753119157389,,,0.644662740914125,62.84373247063223,1.318377135254409,,0,8040320000.0,2775570000.0,989110000.0,1615800000.0,1411790000.0,766420000.0,396750000.0,248620000.0,0.3452064096951365,0.12301873557271352,0.09532207673326434,0.20096215076016874,,,,,,,,,,,,,0.19387170250613983,0.027207419718007886,0.4053653454893762,0.27295376029763485,0.39684460773719477,31231560000.0,3337020000.0,4357990000.0,6061010000.0,,,,0.0,,259681665024.0,-0.51,,KAYNES.NS,,,,,0.419550832758428,,75.34372135655362,4.288321167883211,74.15215398716774,,2.645985401459854,80.1094890510949,84.55210237659963,78.08880308880309,69.90566037735849,,9.864603481624759,56.7191844300278,79.46096654275094,87.52380952380953,56.84365338567558,Q4 (High)
2026-02-28,285.23788319458083,320.643273310019,277.1000061035156,283.3999938964844,4240926,0.03329896217804307,0.14027767101922306,,,0.3723366862477855,46.088410626500966,1.2167985140016342,,0,2644377000.0,1875450000.0,698310000.0,973830000.0,720433000.0,450918000.0,148884000.0,120631000.0,0.709221869650205,0.2640735417075553,0.1705195590492581,0.3682644343072111,,,,,,,,,,,,,0.5026764739643297,5.675717288958635,0.1880285894890632,0.3112617446151431,0.30640033269388134,8169371000.0,890333000.0,1532330000.0,2540203000.0,,,,0.0,,23703019520.0,-0.403,0.53,CANTABIL.NS,,,,,0.33173988359501083,,68.8359303391384,49.81751824817518,29.697525206232818,,92.33576642335767,55.200729927007295,51.91956124314442,68.62934362934364,72.45283018867924,39.00763358778626,14.02321083172147,98.05375347544022,64.59107806691449,67.04761904761905,58.10750001430401,Q4 (High)
2026-02-28,211.9600067138672,274.0,207.60000610351562,251.0399932861328,8056480,0.1785915177752715,-0.11946689613544281,,,0.4182875066395082,67.99961269362275,1.4689293905485987,,0,6754175000.0,1988310000.0,850498000.0,1150819000.0,919044000.0,500246000.0,173635000.0,240518000.0,0.29438236350109376,0.12592181872693556,0.07406470812497455,0.17038631661157727,,,,,,,,,,,,,0.04527968012856265,0.01893264297251651,0.1438339901938337,-0.03841932364921108,0.011137440550089028,25649935000.0,1973374000.0,3287120000.0,4344663000.0,,,,0.0,,21335007232.0,-0.248,,CAPACITE.NS,,,,,0.2086480187677016,,83.59303391384051,34.94525547445255,85.1512373968836,,39.324817518248175,90.14598540145985,50.36563071297989,77.60617760617761,46.22641509433962,,20.59961315280464,55.60704355885079,67.75092936802974,58.19047619047619,57.300441025902884,Q4 (High)
2026-02-28,336.20001220703125,364.95001220703125,310.0,330.20001220703125,85265,-0.04964742954080381,-0.1733633693422154,,,0.5256863162496227,42.920357806257236,0.6652652197954568,,0,600366000.0,464296000.0,-230114000.0,-149797000.0,-265397000.0,-355566000.0,0.0,90169000.0,0.7733549201653658,-0.38328952672203287,-0.5922487282757518,-0.24950946589247225,,,,,,,,,,,,,0.11493755513255022,0.8952098202150172,0.033017480044805536,-10.672370174913631,-3.4649015994207857,2206005000.0,-754296000.0,-489607000.0,-72314000.0,,,,0.0,,5014948864.0,-0.043,,KAYA.NS,,,,,0.33112883536460935,,16.681943171402384,14.416058394160586,21.723189734188818,,24.817518248175183,18.795620437956202,27.513711151736747,63.899613899613904,1.3207547169811322,,38.20116054158607,88.60055607043559,14.312267657992564,33.80952380952381,34.2727945222502,Q1 (Lowest)
2026-02-28,255.8000030517578,274.29998779296875,251.0,263.70001220703125,361168,0.03900712780233695,-0.06621806690373988,,,0.1575130718754277,61.9791887424236,0.9836602051599335,,0,1457800000.0,,,,,344100000.0,114800000.0,1526100000.0,,,0.23604060913705585,,120914900000.0,5655200000.0,106623900000.0,14291000000.0,,,17440000000.0,,0.39571758449373734,0.04677008375311893,,,0.09881661264792352,0.07497656982193068,0.15131890696572414,0.03209358128374329,,5323381000.0,1347072000.0,,,0.09426016373941641,0.01114066173813153,,1.0,,11976930304.0,0.239,1.52,CAPITALSFB.NS,,,,,0.28017551522368933,,46.654445462878094,98.9963503649635,71.86067827681026,,57.93795620437956,58.48540145985402,41.04204753199269,91.8918918918919,52.075471698113205,77.48091603053436,70.16441005802709,61.90917516218721,61.152416356877325,59.333333333333336,63.265632922122826,Q5 (Highest)
2026-02-28,1790.0999755859375,1939.0,1681.0999755859375,1692.0999755859375,1208196,-0.027081403466117537,-0.11814679355498281,,,0.28278448056048905,35.41044698374523,1.204022578213917,,0,5427700000.0,3276300000.0,1704100000.0,2233500000.0,2040700000.0,1638800000.0,380300000.0,1800000.0,0.6036258452014666,0.3139635573078836,0.30193267866683865,0.41150026714814747,,,,,,,,,,,,,0.0637960095645016,0.07251308900523568,0.12351480024839567,0.2529051987767583,0.20449765410127818,20321600000.0,5982100000.0,6350400000.0,8118000000.0,,,,0.0,,128836304896.0,0.022,0.35,CAPLIPOINT.NS,,,,,0.35212313733438844,,67.73602199816682,75.72992700729927,10.449129239230064,,39.872262773722625,26.094890510948904,75.68555758683729,10.135135135135135,68.77358490566039,26.33587786259542,45.55125725338491,61.631139944392956,78.81040892193309,53.23809523809524,49.33621922516015,Q3 (Medium)
2026-02-28,805.1500244140625,914.2999877929688,800.0,842.8499755859375,6265,-0.024479194923683445,-0.13863058192545985,,,0.2762083798805157,60.71330613737587,0.8129999234079521,,0,252000.0,206000.0,-2375000.0,-2952000.0,-3016000.0,-2512000.0,-530000.0,26000.0,0.8174603174603174,-9.424603174603174,-9.968253968253968,-11.714285714285714,805060000.0,0.0,16142000.0,773171000.0,36518000.0,15122000.0,1389000.0,0.0,0.0,0.0,2.414892210025129,2.414892210025129,0.16666666666666674,-1.6100048567265663,-0.30578512396694213,-1.0583047070838363,0.20538995508370772,1204000.0,14046000.0,-13394000.0,-2028000.0,0.01816674448472589,0.01744714679651206,-0.017323464020249077,1.0,1.3655700196258662,302041184.0,-1.387,,KAUSHALYA.NS,,,,,0.2611660799513039,,27.956003666361134,78.55839416058394,68.10265811182401,,33.57664233576642,27.0985401459854,2.5594149908592323,3.3301158301158305,12.924528301886792,,0.8704061895551257,6.765523632993513,10.50185873605948,6.2857142857142865,28.568653359180338,Q1 (Lowest)
2026-02-28,538.0,587.0,525.0,548.7000122070312,76359913,0.05215726214195837,-0.10115488371725645,,,0.48540737691008995,45.844271241613676,1.290237483809104,,0,6415900000.0,1979600000.0,1563000000.0,1885500000.0,1750900000.0,1442500000.0,295700000.0,33100000.0,0.30854595614021413,0.24361352265465483,0.22483205785626334,0.2938792686918437,,,,,,,,,,,,,0.017121387466510152,0.044381697075007276,0.200041149184498,0.3075598259608412,0.3196388577827547,24054442000.0,5271686000.0,5899218000.0,6792405000.0,,,,0.0,,197572722688.0,0.005,0.13,ANANTRAJ.NS,,,,,0.43106893417759123,,73.41888175985335,20.985401459854018,29.055912007332722,,45.62043795620438,62.95620437956204,82.17550274223035,45.75289575289575,72.35849056603773,7.862595419847327,43.7137330754352,58.665430954587585,75.09293680297398,69.33333333333334,52.46611708067651,Q3 (Medium)
2026-02-28,13.720000267028809,15.970000267028809,13.100000381469727,13.210000038146973,922456,-0.1602034060664116,-0.21555819961694456,,,0.5657173661982389,34.313739468976735,0.3914402354961748,,0,81434000.0,-11039000.0,-77114000.0,-76258000.0,-77114000.0,-178835000.0,-52035000.0,,-0.13555762949136724,-0.9469509050273841,-2.196072893386055,-0.9364393250976251,1481686000.0,801903000.0,884471000.0,597215000.0,575115000.0,4190000.0,89045000.0,,1.34273754008188,0.5412098109855934,137.25894988066827,,-0.3003170457181644,1.1485811086815483,-0.6716384208128193,-77.88521066208082,-23.641923990498814,552817000.0,-260622000.0,-170377000.0,-114800000.0,-0.4363956029235702,-0.17589556761689049,-0.12177457512518601,0.0,1.2280279357434705,447690272.0,0.179,,CAPTRUST.NS,,,,,0.36304563489074676,,3.2080659945004584,9.215328467153284,9.25756186984418,,15.145985401459855,3.102189781021898,4.844606946983546,,0.2830188679245283,,64.31334622823984,91.10287303058388,3.1598513011152414,2.4761904761904763,27.073934557667812,Q1 (Lowest)
2026-02-28,288.5,329.0,285.0,322.6000061035156,43491452,0.2663395725358808,0.3057028232495347,,,0.34486517685982643,69.99256034550537,0.45938931836631025,,0,17482000000.0,,,,,6899600000.0,2106100000.0,15549300000.0,,,0.39466880219654504,,,,,,,,,,,,,,0.14515917725664873,0.3231565826061942,0.1411525105094127,0.4568412162162163,,58637455000.0,22207967000.0,,,,,,0.0,,311831265280.0,-0.201,0.67,KARURVYSYA.NS,,,,,0.4776571630827138,,4.857928505957837,56.93430656934307,87.71769019248396,,97.99270072992701,95.07299270072993,86.28884826325411,96.81467181467181,78.9622641509434,48.396946564885496,23.984526112185687,76.92307692307693,93.58736059479554,57.42857142857143,66.99745897005508,Q5 (Highest)
2026-02-28,785.114610719648,864.75,747.0865806802378,843.5499877929688,4115947,0.05320695409431453,0.013485917315901652,,,0.3263597720718882,71.22430118002968,1.067107447230049,,0,12728300000.0,7631600000.0,959600000.0,1788900000.0,1177500000.0,759200000.0,400000000.0,45900000.0,0.5995773198306137,0.0753910577217696,0.059646614237565114,0.14054508457531642,,,,,,,,,,,,,0.05484606140968795,0.2266925189852964,0.052569339926897385,-0.34472639392370097,-0.1780085466158159,49196380000.0,2017290000.0,3808590000.0,5903660000.0,,,,0.0,,160666370048.0,0.061,0.47,CARBORUNIV.NS,,,,,0.27424479650960343,,55.27039413382218,61.95255474452554,88.54262144821264,,77.82846715328468,63.59489051094891,78.97623400365632,52.22007722007722,30.660377358490564,35.41984732824427,49.56479690522244,72.75254865616311,79.64684014869889,38.095238095238095,58.96832584710565,Q4 (High)
2026-02-28,133.0,137.6999969482422,126.0,126.98999786376953,399438,0.07038097199155624,-0.09531949646537863,,,0.4282061464954857,47.61069050808511,0.9324420430125077,,0,1588524000.0,409448000.0,51476000.0,62353000.0,57999000.0,48031000.0,2841000.0,7127000.0,0.25775373869075946,0.03240492431968293,0.030236244463413834,0.039252161125673896,2216731000.0,320146000.0,892621000.0,1324110000.0,1682104000.0,819782000.0,93892000.0,,0.241782027172969,0.1444225754049544,2.0518918444171743,,0.0498986798640606,0.13876902650670964,0.3132714888396344,1.2773220805082737,1.0500065754865862,5799382000.0,143473000.0,179306000.0,208827000.0,0.10835429080665504,0.06472278323350916,0.10904992896483273,1.0,4.005591612153211,1880810752.0,-0.208,1.57,AARVI.NS,,,,,0.45669909056694025,,39.96333638863428,32.20802919708029,33.547204399633365,,47.99270072992701,69.7992700729927,17.73308957952468,22.779922779922778,89.90566037735849,78.09160305343511,23.500967117988395,66.35773864689527,24.349442379182157,82.47619047619048,48.580343679917675,Q3 (Medium)
2026-02-28,37.84000015258789,49.70000076293945,37.709999084472656,45.0099983215332,82592,0.12300389883362395,-0.1846014909522915,,,0.4437582041358749,64.86486012191239,0.9245018073932141,,0,46241000.0,30609000.0,10909000.0,19650000.0,14625000.0,10476000.0,3720000.0,429000.0,0.6619450271404165,0.23591617828334163,0.22655219394044246,0.4249475573625138,512089000.0,17383000.0,95949000.0,416140000.0,201697000.0,42419000.0,2765000.0,18324000.0,0.041771999807757004,0.0339452712321491,4.754873995143686,4.322897758080106,0.5120332221568242,0.7227429699062655,0.04612913442830635,-0.39121338912133896,-0.24367807243755046,95690000.0,5597000.0,-21987000.0,28616000.0,0.013449800547892536,0.0109297407286624,-0.05071703231431781,1.0,1.7920363452446741,520865952.0,-0.193,,KARMAENG.NS,,,,,0.29543892906046587,,39.23006416131989,28.740875912408754,78.82676443629697,,21.806569343065693,83.3941605839416,5.941499085923217,5.7915057915057915,28.867924528301884,,24.516441005802708,86.28359592215014,26.394052044609666,36.57142857142857,41.09099209245032,Q2 (Low)
2026-02-28,402.0,420.0,368.8500061035156,393.6499938964844,152075,0.13182865932361176,0.17088036764875403,,,0.42895166599542306,47.86641271221692,0.21617532123019495,,0,2126552000.0,2109269000.0,101991000.0,114221000.0,103958000.0,74290000.0,-2943000.0,32611000.0,0.9918727592835727,0.04796073644096171,0.03493448549576968,0.05371183023034471,,,,,,,,,,,,,0.009499459065833493,0.052982197528064434,0.16491864667865253,0.6404990614993928,0.3686537655023665,7983568000.0,266660000.0,353481000.0,409768000.0,,,,0.0,,7986419712.0,0.027,,KAPSTON.NS,,,,,0.49829489743780414,,1.008249312557287,31.934306569343065,34.188817598533454,,94.06934306569343,84.85401459854015,34.552102376599635,45.366795366795365,83.39622641509435,,45.889748549323016,59.22150139017609,8.921933085501859,62.66666666666667,49.07131366632163,Q3 (Medium)
2026-02-28,461.25,525.9000244140625,447.3999938964844,455.54998779296875,11566284,-0.034851720777608564,-0.1488229121774599,,,0.7133463890574668,48.34137502866775,0.5160304373066257,,0,1735916000.0,346075000.0,-605086000.0,59076895000.0,58958042000.0,50220146000.0,8170483000.0,670258000.0,0.19936160505462247,-0.3485687095458536,28.930055371342853,34.03211618534537,,,,,,,,,,,,,-0.18668383334082972,254.6135878942734,-0.028194363814387335,27.39081637210291,123.32686763164651,7831312000.0,49671576000.0,-1265652000.0,62862015000.0,,,,0.0,,27365894144.0,-0.736,,KIRIINDUS.NS,,,,,0.3724246575748235,,7.332722273143904,1.9160583941605864,35.83868010999083,,30.930656934306572,23.54014598540146,54.20475319926874,87.16216216216216,99.15094339622641,,4.642166344294004,99.90732159406858,97.86245353159852,22.0,47.632537594974785,Q3 (Medium)
2026-02-28,98.58000183105469,102.88999938964844,94.5,95.18000030517578,206187,-0.07177687287534495,-0.18857631859414137,,,0.32321223371554164,40.68859131479236,0.8087456794953811,,0,150995000.0,129687000.0,107733000.0,170307000.0,163370000.0,124971000.0,17742000.0,20657000.0,0.8588827444617372,0.7134872015629656,0.8276499221828537,1.1278982747773105,,,,,,,,,,,,,0.0154405880335442,0.22959384470069666,0.032783409255687346,0.43901203293223556,0.44413635207326374,231243000.0,255312000.0,326768000.0,448055000.0,,,,0.0,,1734517888.0,-0.876,5.25,CPCAP.NS,,,,,0.4205495172759272,,27.314390467461045,63.22992700729927,17.78185151237397,,20.346715328467152,13.047445255474452,17.09323583180987,36.58301158301158,78.30188679245283,98.1679389312977,3.1914893617021276,73.03058387395737,37.0817843866171,33.61904761904762,41.2526205300648,Q2 (Low)
2026-02-28,7250.0,8220.0,7080.0,8038.0,690224,0.08731822793371657,0.18729689807976357,,,0.39242259271918506,69.79355306048532,0.9475040930417558,,0,20572800000.0,9266800000.0,1973400000.0,3364900000.0,2216100000.0,1071100000.0,351100000.0,793900000.0,0.4504394151501011,0.09592277181521232,0.05206389018509877,0.16356062373619537,,,,,,,,,,,,,0.027822880809756256,0.17884657715166186,0.30530616906394936,7.283836040216551,0.7435618425825172,75465000000.0,3343300000.0,7085500000.0,11369700000.0,,,,0.0,,191751176192.0,0.092,0.06,CRAFTSMAN.NS,,,,,0.47781831965606913,,42.07149404216315,42.6094890510949,87.44271310724106,,94.98175182481752,74.81751824817519,81.71846435100548,88.22393822393822,97.9245283018868,2.900763358778626,52.46615087040619,68.86005560704356,77.32342007434944,81.71428571428572,66.2036381850124,Q5 (Highest)
2026-02-28,236.0,272.0,227.16000366210938,235.1999969482422,750640,-0.0041493596321867665,-0.06962027646776658,,,0.40271952795201027,50.18712082186494,1.1304031413380469,,0,1895400000.0,434760000.0,24460000.0,104920000.0,56150000.0,7560000.0,2170000.0,46420000.0,0.22937638493194049,0.012904927719742535,0.003988603988603989,0.05535507016988499,,,,,,,,,,,,,-0.45418890005557744,-0.956386292834891,0.08613931739519098,-0.3587786259541985,0.10932543878198353,11124130000.0,482260000.0,769910000.0,972880000.0,,,,0.0,,7949124096.0,-0.306,,DHARMAJ.NS,,,,,0.27564901336326014,,60.861594867094404,39.05109489051095,40.421631530705774,,56.660583941605836,35.85766423357664,34.46069469835466,52.702702702702695,29.81132075471698,,18.568665377176018,13.71640407784986,23.04832713754647,43.904761904761905,39.93769640777347,Q1 (Lowest)
2026-02-28,1409.0,1530.0,1391.800048828125,1449.800048828125,2953555,-0.02100072595936553,0.008065705778113719,,,0.3201667161697415,51.8326592574816,1.0065861966089682,,0,23925000000.0,17346000000.0,4257600000.0,5711900000.0,4636000000.0,3262700000.0,819300000.0,176200000.0,0.7250156739811913,0.17795611285266458,0.13637199582027168,0.23874190177638455,,,,,,,,,,,,,-0.06415020535888916,0.15465194465088294,0.06552594895273378,0.3148625775771743,0.1821229743993047,94195500000.0,9098700000.0,15400000000.0,17838100000.0,,,,0.0,,369155407872.0,0.2,0.28,IPCALAB.NS,,,,,0.3878229380881265,,49.49587534372136,64.41605839416059,44.17965169569202,,75.82116788321169,28.01094890510949,87.93418647166362,74.32432432432432,72.9245283018868,20.763358778625953,65.95744680851064,67.74791473586654,86.7100371747212,40.57142857142857,58.59046182592818,Q4 (High)
2026-02-28,39.150001525878906,39.150001525878906,22.219999313354492,25.979999542236328,1723850,-0.3738250544414926,-0.4756811313368339,,,0.47551841079597507,19.32397613186204,2.0296873748954836,,0,192310000.0,192310000.0,8747000.0,21251000.0,10478000.0,10074000.0,-3529000.0,3933000.0,1.0,0.04548385419374967,0.05238417138994332,0.11050387395351256,1499990000.0,236025000.0,440203000.0,1059787000.0,1237512000.0,404529000.0,18489000.0,0.0,0.22270984641253383,0.15735104900699337,3.0591428550239907,3.0591428550239907,-0.08581832356450514,-0.36907371453623095,-0.4113956207417927,-0.4663912283489592,-0.4620544754961523,898607000.0,67913000.0,92169000.0,147122000.0,0.06408174472795004,0.04527563517090114,0.07112837356036215,1.0,2.2776590510603403,492751424.0,-0.037,1.41,DHRUV.NS,,,,,0.27664025505769024,,96.42529789184235,23.357664233576642,1.466544454628781,,0.2737226277372263,0.09124087591240876,5.484460694698354,15.926640926640925,26.037735849056602,73.89312977099237,38.78143133462282,28.26691380908248,8.45724907063197,4.476190476190476,28.195881467707558,Q1 (Lowest)
2026-02-28,1005.2999877929688,1085.0,920.0,987.5999755859375,19126,-0.010718233334537808,-0.23524860080900645,,,0.41993860851355375,51.06951435305747,0.9903071022128035,,0,1044755000.0,266686000.0,-566645000.0,-74581000.0,-147917000.0,-267561000.0,35940000.0,146688000.0,0.25526175993414724,-0.5423711779316682,-0.25609927686395373,-0.07138611444788491,46031325000.0,5347090000.0,11346680000.0,27108506000.0,1989484000.0,447766000.0,1007793000.0,307683000.0,0.19724768307039864,0.11616198317124263,4.443133243703184,3.7559819191274015,0.06362043566743325,-2.0999560117904847,-0.13412448988387093,-1.502686646801763,-1.0459765792601434,4579242000.0,-115330000.0,-720155000.0,639729000.0,-0.004254384214312659,-0.0025054677439765205,-0.022188931609821615,0.0,0.9535481739880396,6021572608.0,0.293,0.3,DHUNINV.NS,,,,,0.3754844557171945,,47.47937671860678,34.48905109489051,42.25481209899175,,11.405109489051094,32.93795620437956,30.073126142595978,72.1042471042471,8.11320754716981,22.137404580152673,75.09671179883945,4.819277108433735,44.98141263940521,12.95238095238095,35.922938231942965,Q1 (Lowest)
2026-02-28,69.4800033569336,71.9800033569336,66.25,70.12999725341797,101818,-0.032422820014822995,-0.1703537410839968,,,0.2604526744435412,52.1311385194178,1.1574447286787595,,0,187736000.0,87672000.0,-5418000.0,2328000.0,-4887000.0,-9134000.0,0.0,4247000.0,0.46699620744023523,-0.028859675288703285,-0.04865342821834917,0.012400392039885797,834908000.0,180975000.0,415462000.0,419446000.0,392065000.0,383353000.0,643000.0,282740000.0,0.43146197603505576,0.21676040953015183,1.0227257905898741,0.2851810211476107,-0.0891598298020988,-0.207805724197745,-0.08229416681738855,-0.5179947229551451,-2.8159126365054603,865707000.0,-26466000.0,-2682000.0,19688000.0,-0.06309751434034416,-0.031699301000828836,-0.0044668657491993115,0.0,1.7334349413348535,714099136.0,-0.068,0.71,ALKALI.NS,,,,,0.2046848232153464,,63.51970669110908,83.66788321167883,44.546287809349224,,25.456204379562042,24.27007299270073,8.135283363802559,16.795366795366796,24.150943396226417,50.61068702290077,35.1063829787234,35.959221501390175,14.312267657992564,17.047619047619047,36.23852845656145,Q1 (Lowest)
2026-02-28,350.0,404.0,344.5,381.1499938964844,4524303,0.08497013134286546,0.07049573645291196,,,0.37813141552160384,69.55445479112649,1.0705330671015538,,0,7344400000.0,2729200000.0,406800000.0,548200000.0,362500000.0,203000000.0,81200000.0,75700000.0,0.37160285387506126,0.0553891400250531,0.027640106747998477,0.0746419040357279,,,,,,,,,,,,,0.25934944014815065,-0.5831622176591376,0.13960308470526162,-0.6014919513152729,-0.3381625015091151,28215879000.0,1809166000.0,2340534000.0,3179089000.0,,,,0.0,,46904184832.0,0.205,0.39,IONEXCHANG.NS,,,,,0.22062108711866985,,55.545371219065075,47.9014598540146,87.25939505041246,,86.58759124087592,74.36131386861314,61.88299817184644,60.61776061776062,22.358490566037737,28.77862595419847,66.48936170212765,21.50139017608897,55.8550185873606,57.23809523809524,55.09179148309979,Q4 (High)
2026-02-28,119.69999694824219,144.99000549316406,115.56999969482422,135.3000030517578,23654992,0.057444363257693754,-0.06599473642353826,,,0.3256447595841259,67.12132047077672,1.2226398753931549,,0,4740806000.0,1102452000.0,612576000.0,697567000.0,618959000.0,497197000.0,10778000.0,110984000.0,0.23254526761905042,0.1292134712958092,0.10487604850314482,0.147141013574485,,,,,,,,,,,,,0.0815537688364254,0.7931354092282836,0.5421081718813481,6.924342157690898,3.3522860565524466,15403340000.0,1052185000.0,1316965000.0,1607995000.0,,,,0.0,,71299186688.0,0.304,,DIACABS.NS,,,,,0.3472699622057281,,69.4775435380385,62.22627737226277,83.31805682859762,,58.120437956204384,65.23722627737226,67.55027422303473,68.05019305019306,97.73584905660377,,76.4990328820116,87.48841519925857,32.24907063197026,91.71428571428571,67.31111084865555,Q5 (Highest)
2026-02-28,72.02367589045765,82.28458520817924,69.26112092755221,73.31999969482422,13863526,0.05484602804910321,-0.1772154705630743,,,0.35170066859937205,55.265541810281185,1.2735989430936097,,0,5803900000.0,1979500000.0,371000000.0,513600000.0,311800000.0,205800000.0,69700000.0,36300000.0,0.3410637674667034,0.06392253484725788,0.03545891555678079,0.08849222074811765,,,,,,,,,,,,,0.022659595087484385,-0.31331331331331336,0.1090961207720238,0.00243546030199715,0.008244994110718551,22163700000.0,1159000000.0,1609500000.0,2472500000.0,,,,0.0,,21521436672.0,0.04,1.36,IOLCP.NS,,,,,0.2254752605703596,,72.68560953253895,54.37956204379562,53.620531622364794,,23.631386861313867,64.50729927007299,50.914076782449726,47.00772200772201,48.867924528301884,72.51908396946564,47.050290135396516,30.49119555143652,53.71747211895911,49.523809523809526,51.261064263175136,Q3 (Medium)
2026-02-28,254.0500030517578,259.79998779296875,226.5500030517578,236.6999969482422,118228,-0.025725458236295018,-0.14130236825932663,,,0.39890963937800267,43.66971459896951,1.3524054507430985,,0,93023000.0,39669000.0,-48481000.0,-32771000.0,-42408000.0,-41495000.0,-2397000.0,705000.0,0.42644292271803746,-0.5211721832235039,-0.44607247669931094,-0.3522892187953517,1774979000.0,98147000.0,232879000.0,1542100000.0,807023000.0,197938000.0,127005000.0,333451000.0,0.06364502950522015,0.055294738698317,4.077150420838849,2.3925269528842366,-0.24069055587298993,0.47417223248543405,-0.5153285051841817,-2.6843237538561455,-1.742349076905652,548374000.0,-49479000.0,-82183000.0,-4916000.0,-0.03208546786849102,-0.02787582275621289,-0.050104039208728926,0.0,1.8582020407001998,2315870464.0,0.234,0.42,DIAMINESQ.NS,,,,,0.23239414483195792,,77.3602199816682,40.32846715328468,24.01466544454629,,33.02919708029197,26.824817518248175,19.46983546617916,6.756756756756757,4.622641509433962,30.610687022900763,69.53578336557061,82.11306765523632,9.200743494423792,3.2380952380952377,35.140331845775734,Q1 (Lowest)
2026-02-28,155.32000732421875,184.3800048828125,152.0,153.99000549316406,2373726,0.009174973385367213,-0.12236407385824111,,,0.27197757347803886,46.694919144550575,1.1998628575914592,,0,2253900000.0,1101100000.0,321800000.0,408600000.0,353400000.0,226900000.0,112100000.0,14400000.0,0.488530990727184,0.14277474599582946,0.100669949864679,0.1812857713296952,,,,,,,,,,,,,-0.22375671580107448,-0.28196202531645564,0.30873301590988267,0.41194772868699436,0.39740082079343364,9963300000.0,1093700000.0,1427900000.0,1815000000.0,,,,0.0,,17750441984.0,-0.056,0.49,IPL.NS,,,,,0.29154152765459485,,67.36938588450963,80.1094890510949,31.53070577451879,,38.5948905109489,43.52189781021898,47.80621572212066,31.322393822393824,77.35849056603774,36.87022900763359,35.97678916827853,32.15940685820204,60.78066914498142,81.9047619047619,51.020355015046725,Q3 (Medium)
2026-02-28,160.5,182.25,159.0500030517578,173.7899932861328,261966048,0.0942575574332647,0.07030622436180067,,,0.20112815484141494,64.10568785450617,1.2539133080233478,,0,2051573700000.0,356887400000.0,187516000000.0,199148700000.0,199148700000.0,130069200000.0,43245900000.0,20880200000.0,0.17395787438686702,0.09140105471229232,0.0633997209069311,0.0970711897895747,,,,,,,,,,,,,0.06663552400389627,0.9089336059210034,0.1724878229097777,-77.70079018752212,9.172793028411471,7832449300000.0,300595600000.0,443930300000.0,474120200000.0,,,,0.0,,2454129999872.0,0.733,4.6,IOC.NS,,,,,0.26175894590062676,,71.31072410632447,95.71167883211679,77.2685609532539,,86.40510948905109,76.82481751824818,97.71480804387569,97.2972972972973,0.37735849056603776,96.94656488549617,96.80851063829788,88.78591288229842,99.90706319702602,64.0,76.62389375559013,Q5 (Highest)
2026-02-28,5.059999942779541,5.46999979019165,4.900000095367432,4.929999828338623,1135758,0.0164948299544585,-0.1944444574302061,,,0.2843175022770408,36.36364424523272,0.7597787411666467,,0,1905010000.0,72250000.0,42640000.0,45890000.0,45890000.0,5970000.0,5730000.0,34190000.0,0.03792631009810972,0.02238308460323043,0.003133841817103322,0.024089112393110797,3051000000.0,1314350000.0,1833050000.0,1217950000.0,2171990000.0,1528570000.0,30870000.0,205370000.0,1.0791493903690628,0.43079318256309407,1.4209293653545472,1.286575034182275,0.17819394021856771,0.45965770171149134,-0.2474896703192523,0.37241379310344835,0.1483983983983983,8429280000.0,27480000.0,184510000.0,163930000.0,0.022562502565786773,0.009006882989183874,0.07286261501401887,1.0,3.624369387086201,742260800.0,-0.623,,ACCURACY.NS,,,,,0.3978849356918419,,22.823098075160402,75.27372262773723,11.54903758020165,,19.34306569343066,47.81021897810219,8.318098720292506,46.13899613899614,75.56603773584905,,6.5764023210831715,81.74235403151066,28.438661710037177,7.523809523809525,38.740233542414025,Q1 (Lowest)
2026-02-28,34.349998474121094,36.95000076293945,33.720001220703125,36.209999084472656,88591989,0.0492611082475396,-0.06891232571963302,,,0.26849615137865696,67.07071687894137,0.9160633523284045,,0,47977300000.0,,,,,14271600000.0,23300000.0,48738500000.0,,,0.29746567647616684,,4475416200000.0,468052900000.0,4118631100000.0,356785100000.0,,,207822700000.0,,1.311862238641692,0.10458310000307905,,,0.13459601095403184,0.211048411048411,0.14971315462810741,0.8306076114980567,,178617163000.0,45728337000.0,,,0.12816773178027893,0.010217672492672301,,1.0,,697667092480.0,0.144,,IOB.NS,,,,,0.45897670825897297,,38.5884509624198,80.65693430656934,83.13473877176902,,57.20802919708029,61.587591240875916,92.04753199268738,98.45559845559846,85.94339622641509,,59.4294003868472,71.91844300278035,39.5910780669145,58.952380952380956,65.16757157082256,Q5 (Highest)
2026-02-28,536.0,570.0,508.04998779296875,550.3499755859375,30694,0.07848322310604727,0.02486028973172716,,,0.3372904958963146,50.14072174006088,0.7583998170151008,,0,2222335000.0,598665000.0,70739000.0,129319000.0,82652000.0,58700000.0,20628000.0,3324000.0,0.2693855786818819,0.03183093458007006,0.02641365950678003,0.05819059682721102,,,,,,,,,,,,,-0.015794079534171446,0.34552789620868296,0.010358018360102417,1.9580729691594438,0.4644584111884944,8757458000.0,199687000.0,221625000.0,466305000.0,,,,0.0,,5051649536.0,-0.101,0.73,DICIND.NS,,,,,0.38953805714695705,,22.639780018331805,58.667883211678834,40.23831347387718,,79.74452554744525,72.35401459854015,27.696526508226693,14.76833976833977,93.11320754716981,51.908396946564885,32.15667311411992,77.57182576459685,38.56877323420074,28.000000000000004,49.16188398220613,Q3 (Medium)
2026-02-28,236.77000427246094,294.8800048828125,232.50999450683594,273.17999267578125,2190664,0.03359820390823609,-0.15279893833471414,,,0.4603419166938759,66.03738359916397,1.1506164222130773,,0,1008240000.0,334620000.0,117670000.0,181250000.0,163870000.0,120610000.0,37330000.0,6440000.0,0.3318852654129969,0.1167083234150599,0.11962429580258668,0.17976870586368324,,,,,,,,,,,,,0.2065193978412272,0.19593455627169054,0.2730624510719968,0.6723516361619524,0.8065384232034287,3654540000.0,473620000.0,470190000.0,696750000.0,,,,0.0,,10142151680.0,,0.55,DIFFNKG.NS,,,,,0.3683277568038907,,62.87809349220899,25.729927007299267,80.47662694775435,,29.744525547445257,55.47445255474452,38.6654478976234,21.525096525096522,83.86792452830188,41.06870229007634,,70.71362372567191,45.63197026022305,78.47619047619048,52.28350541684241,Q3 (Medium)
2026-02-28,1.1200000047683716,1.2100000381469727,1.059999942779541,1.1299999952316284,15343292,0.08653849680748338,-0.1374045461147052,,,0.29230830157201243,63.63636363636363,0.9613613520563964,,0,121629000.0,64851000.0,49736000.0,52678000.0,50110000.0,30777000.0,9198000.0,10135000.0,0.5331869866561428,0.4089156368958061,0.2530399822410774,0.4331039472494224,,,,,,,,,,,,,0.08507221681996202,2.8567669172932333,0.159995422162456,374.3292682926829,1.670621039290241,355081000.0,69301000.0,86107000.0,152368000.0,,,,0.0,,1186499968.0,0.205,,INVENTURE.NS,,,,,0.4068926950349487,,43.72135655362053,72.8102189781022,76.26031164069661,,34.306569343065696,74.63503649635037,12.157221206581353,27.316602316602317,99.90566037735849,,66.48936170212765,96.20018535681186,31.505576208178436,61.42857142857143,56.4491114405378,Q4 (High)
2026-02-28,22.479999542236328,25.399999618530273,20.200000762939453,22.760000228881836,569416,-0.02901025126632406,-0.18627097648819402,,,0.3668545545741118,66.92457079106667,1.0999870628262658,,0,117300000.0,41900000.0,-8900000.0,86700000.0,85000000.0,57200000.0,27600000.0,200000.0,0.35720375106564367,-0.07587382779198636,0.4876385336743393,0.7391304347826086,,,,,,,,,,,,,-0.22574257425742572,2.2685714285714287,-0.1848505906879777,3.7666666666666666,5.470149253731344,469146000.0,124656000.0,-7286000.0,168103000.0,,,,0.0,,884317120.0,-0.503,,DIGIDRIVE.NS,,,,,0.3789327582235589,,57.83684692942255,51.277372262773724,82.76810265811181,,21.076642335766422,25.456204379562042,9.780621572212066,4.536679536679537,95.66037735849056,,10.154738878143133,95.3660797034291,41.35687732342008,10.285714285714285,43.703750481581686,Q2 (Low)
2026-02-28,20.600000381469727,21.420000076293945,18.450000762939453,19.959999084472656,2717311,-0.12762238563806438,-0.13443193639480167,,,0.3860964682535594,49.70759581632801,1.230959482630135,,0,1245848000.0,245451000.0,47491000.0,126099000.0,104382000.0,70622000.0,29008000.0,2773000.0,0.1970152057072773,0.038119417457025254,0.056685887845066174,0.10121539706288407,7271145000.0,125942000.0,4981171000.0,2272861000.0,5594197000.0,4868290000.0,1857151000.0,15749000.0,0.05541121960383851,0.01732079335510432,1.1491092354810415,1.1458742186681565,0.006692168336880577,0.030466629702045722,0.14447077844531409,-1.9548804067118268,-4.494789645806773,4781311000.0,-180153000.0,56599000.0,26234000.0,-0.07926265618531006,-0.024776427921599693,0.023594684515568808,0.0,1.2623686365764952,4159728896.0,-0.678,,DIGISPICE.NS,,,,,0.19216657836612594,,70.21081576535289,44.434306569343065,39.13840513290559,,35.03649635036496,5.109489051094891,25.776965265082268,13.223938223938225,6.037735849056604,,5.415860735009671,57.08989805375347,42.00743494423792,58.38095238095238,36.7908198880728,Q1 (Lowest)
2026-02-28,76.0,85.0,71.20999908447266,81.1500015258789,815235,0.04939867586153546,-0.0793056264144979,,,0.30363224246840287,67.27358728804111,0.7165483195173559,,0,453000000.0,236300000.0,104200000.0,-215200000.0,-219100000.0,-173600000.0,-71900000.0,26400000.0,0.5216335540838852,0.23002207505518762,-0.38322295805739515,-0.4750551876379691,5599600000.0,1183500000.0,1686300000.0,3913300000.0,4857700000.0,1379200000.0,10400000.0,273600000.0,0.30243017402192524,0.2113543824558897,3.5221142691415315,3.323738399071926,0.2774957698815568,-1.3333973497215288,0.47221319467013334,-1.647519582245431,-1.5846237435479489,1608628000.0,677348000.0,259822000.0,911877000.0,0.17308869751871822,0.12096364026001857,0.05097747606341234,1.0,1.88199478534181,5175828480.0,0.463,0.92,INTLCONV.NS,,,,,0.2099124890410853,,20.164986251145738,69.34306569343066,83.77635197066911,,53.92335766423357,61.67883211678832,28.336380255941503,41.74710424710425,7.547169811320755,59.00763358778626,87.66924564796905,8.71177015755329,2.2304832713754648,90.47619047619048,47.64083807676724,Q3 (Medium)
2026-02-28,915.0999755859375,980.0,878.4000244140625,910.9500122070312,847552,0.05764544887697931,0.0011539595173051254,,,0.2687532949585571,46.58559098651594,0.6438543416873408,,0,6728890000.0,3964710000.0,2116150000.0,2195440000.0,1998860000.0,1502610000.0,481310000.0,14940000.0,0.5892071352035774,0.3144872334069958,0.22330726167317344,0.3262707519367979,,,,,,,,,,,,,0.1180418246528181,0.23635989632616128,0.32751406154131457,0.5764509631121741,0.5364331103210818,25190750000.0,5506240000.0,7262940000.0,8101240000.0,,,,0.0,,112105250816.0,0.102,0.55,ALIVUS.NS,,,,,0.45911080960332307,,14.757103574702107,80.56569343065694,31.25572868927589,,73.9963503649635,65.41970802919708,73.40036563071298,31.85328185328185,81.79245283018868,41.06870229007634,53.77176015473888,73.40129749768303,81.97026022304833,83.61904761904762,59.12478347917155,Q4 (High)
2026-02-28,1099.5,1155.0,1060.0,1077.5,387996,-0.017238256104712413,0.035360863413788524,,,0.29066912160517216,45.650246111266824,0.6769953627206654,,0,4592501000.0,1282328000.0,44079000.0,207524000.0,43873000.0,32486000.0,-1194000.0,12581000.0,0.2792221493256071,0.009598038193132674,0.0070737055909187605,0.045187578620015545,,,,,,,,,,,,,0.06854036371081818,-0.29967447776316636,0.037418203799717054,-1.0856506321104182,-1.5593442817367587,16965089000.0,-33603000.0,20130000.0,734478000.0,,,,0.0,,25801625600.0,-0.05,0.05,DIAMONDYD.NS,,,,,0.2966679378031907,,17.506874427131073,73.72262773722628,28.41429880843263,,81.66058394160584,29.37956204379562,53.107861060329064,29.82625482625483,12.735849056603774,2.213740458015267,36.847195357833655,31.139944392956444,10.037174721189592,34.66666666666667,36.083908899869385,Q1 (Lowest)
2026-02-28,1089.5999755859375,1165.5,1029.0,1093.699951171875,530568,-0.014684728673986513,-0.09551770150839423,,,0.2902905003595339,50.33422465347448,1.0096721701703277,,0,4099167000.0,1631800000.0,424033000.0,667862000.0,505271000.0,399954000.0,97358000.0,7959000.0,0.39808087838333983,0.1034436996589795,0.09756957938039607,0.1629262725817221,,,,,,,,,,,,,-0.22406599732229437,-0.27940630664067423,-0.3734827559644335,-0.6596663325340245,-0.6080205702601039,18000622000.0,2260458000.0,2659640000.0,3614964000.0,,,,0.0,,49302159360.0,0.119,0.18,DHANUKA.NS,,,,,0.2845592559455175,,49.86251145737855,73.9963503649635,40.69660861594867,,47.9014598540146,30.2007299270073,62.3400365630713,24.034749034749034,21.037735849056606,11.374045801526718,55.89941972920697,32.252085264133456,58.921933085501855,4.857142857142857,40.8916538935801,Q2 (Low)
2026-02-28,24.06999969482422,24.559999465942383,23.40999984741211,23.860000610351562,5860012,-0.022932000990696588,-0.10636704387401785,,,0.2252067082004849,54.216902078433314,0.5950939305953435,,0,2034700000.0,,,,,238800000.0,0.0,2528400000.0,,,0.1173637391261611,,201932300000.0,5008000000.0,187545800000.0,14386500000.0,,,9052900000.0,,0.3481041253953359,0.024800391022139597,,,0.14052690582959637,0.9605911330049262,0.178579703429101,-0.07477721813250682,,7127883000.0,848914000.0,,,0.05900768081187224,0.004203953503228558,,1.0,,9444182016.0,-0.035,,DHANBANK.NS,,,,,0.2761883542848305,,11.640696608615949,91.78832116788321,50.687442713107245,,44.06934306569343,27.55474452554745,36.83729433272395,93.33976833976834,43.39622641509434,,39.02321083172147,89.1566265060241,14.312267657992564,65.42857142857143,50.48230090618291,Q3 (Medium)
2026-02-28,40.58322035241314,44.85618941007459,39.68469737895153,40.68000030517578,117308181,0.04506123162571041,-0.06693512943934565,,,0.2237184623552938,47.5328001827045,1.0242642685336634,,0,14898800000.0,8869310000.0,3517400000.0,10208320000.0,7314260000.0,2107900000.0,842200000.0,4364160000.0,0.5953036486159959,0.23608612774183155,0.14148119311622412,0.6851773297178296,,,,,,,,,,,,,0.02920269741904913,0.4968329262057605,-0.16325670992996622,-0.9650205464255625,-0.8510449073561344,66358440000.0,7688180000.0,17225320000.0,39836340000.0,,,,0.0,,245666529280.0,-0.012,0.69,IRB.NS,,,,,0.2749972588630492,,51.237396883593036,91.87956204379562,33.36388634280477,,57.66423357664233,59.854014598540154,84.18647166361974,94.3050193050193,15.09433962264151,49.770992366412216,42.11798839458414,82.76181649675625,86.98884758364312,11.428571428571429,57.37687602044157,Q4 (High)
2026-02-28,444.1499938964844,458.79998779296875,414.0,430.95001220703125,42952744,0.1385733479710205,0.029995264086098095,,,0.27945312339031164,43.5934281264131,1.0733086642460292,,0,28049860000.0,2291170000.0,221900000.0,738660000.0,738660000.0,395890000.0,-29090000.0,371860000.0,0.08168204761093281,0.00791091292434258,0.014113795933384337,0.026333821273974274,,,,,,,,,,,,,0.22274837718030627,-0.5651758451771631,0.280971698376012,2.879753038024304,0.8862133244809887,96688510000.0,2281800000.0,-351910000.0,3596650000.0,,,,0.0,,323654385664.0,0.084,,DELHIVERY.NS,,,,,0.3314542818403787,,55.63703024747938,77.28102189781022,23.556370302474793,,80.47445255474453,85.85766423357664,86.83729433272394,82.52895752895752,94.71698113207547,,51.88588007736944,22.057460611677477,4.739776951672862,79.33333333333333,59.660414880259715,Q4 (High)
2026-02-28,14.966666221618652,18.25,12.199999809265137,12.8100004196167,47662912,-0.14895028031764979,-0.09597739233272773,,,0.4254062396789685,40.595452106883016,1.5942667846154588,,0,4199710000.0,390550000.0,19110000.0,35290000.0,27170000.0,-1660000.0,23160000.0,5670000.0,0.0929945162880294,0.004550314188360625,-0.0003952653873719852,0.008402961156841781,5937950000.0,1861230000.0,5864880000.0,2297610000.0,4784870000.0,5148480000.0,548450000.0,49020000.0,0.8100722054656796,0.3134465598396753,0.9293752719249176,0.9198540151656411,0.22488377383584268,-1.0367744793974303,-0.19179771994242123,-1.9940119760479043,2.092900964066608,14551700000.0,13930000.0,118720000.0,97850000.0,0.006062821801785334,0.0023459274665499036,0.028546421598330304,1.0,2.9339558265057804,3160694016.0,0.297,,DELPHIFX.NS,,,,,0.24685829658529357,,88.54262144821264,32.75547445255475,17.415215398716775,,47.81021897810219,3.64963503649635,23.03473491773309,19.787644787644787,5.849056603773585,,75.62862669245648,12.233549582947173,39.405204460966544,9.714285714285714,35.05508453825934,Q1 (Lowest)
2026-02-28,1539.800048828125,1654.0,1507.0,1516.5999755859375,551385,-0.04813912690117628,-0.13198259044780214,,,0.27170694109481336,43.691805966593094,0.38990982085286213,,0,3540000000.0,1695000000.0,494700000.0,751700000.0,574800000.0,422600000.0,149800000.0,2400000.0,0.4788135593220339,0.1397457627118644,0.11937853107344633,0.21234463276836157,,,,,,,,,,,,,-0.12706828101496803,-0.14522653721682843,-0.1467617922822917,-0.10956595027391491,-0.0909420728020317,14931561000.0,1814744000.0,2171308000.0,3131094000.0,,,,0.0,,77565067264.0,0.279,0.66,ALKYLAMINE.NS,,,,,0.26773897252701523,,3.0247479376718607,80.2007299270073,24.197983501374885,,35.76642335766424,19.434306569343065,68.82998171846435,12.017374517374517,41.509433962264154,47.786259541984734,73.88781431334623,40.963855421686745,64.77695167286245,12.380952380952381,41.6517876547998,Q2 (Low)
2026-02-28,249.0,266.6300048828125,229.0,237.4499969482422,1039155,-0.011654539237285433,-0.211653428536285,,,0.3115553350149336,54.42927231666068,1.0997942153058016,,0,2650470000.0,683360000.0,186180000.0,359540000.0,249420000.0,139780000.0,70010000.0,28130000.0,0.257825970488253,0.07024414537798956,0.05273781631182394,0.13565141276830148,,,,,,,,,,,,,0.021611933395004668,0.1131639722863742,0.05700851837672283,0.3842345018815607,0.2357874475836943,10512150000.0,448480000.0,599760000.0,1218900000.0,,,,0.0,,9749619712.0,0.868,0.63,IRMENERGY.NS,,,,,0.35058826775124435,,57.74518790100826,66.69708029197079,51.60403299725023,,16.05839416058394,32.20802919708029,37.751371115173676,42.567567567567565,76.13207547169812,46.18320610687023,97.77562862669245,64.78220574606117,53.81040892193308,39.04761904761905,52.15752047676725,Q3 (Medium)
2026-02-28,64.02999877929688,71.58000183105469,62.0,65.44000244140625,12758596,-0.005622171872261106,-0.0531037206848991,,,0.3164466433387173,59.32454513423448,0.7256790724457628,,0,1602800000.0,1042800000.0,140100000.0,297900000.0,196800000.0,142800000.0,44200000.0,9800000.0,0.6506114299975043,0.08740953331669578,0.08909408535063638,0.1858622410781133,,,,,,,,,,,,,-0.12971710919259383,-0.5152749490835031,-0.11977593497720906,-0.47071905114899926,-0.5575523540769345,6983300000.0,2440700000.0,1670600000.0,4528700000.0,,,,0.0,,17527963648.0,0.05,1.91,DELTACORP.NS,,,,,0.2348876501464794,,20.80659945004583,65.6021897810219,64.25297891842347,,61.587591240875916,35.127737226277375,47.44058500914077,26.88223938223938,25.660377358490567,83.3587786259542,48.45261121856866,23.35495829471733,47.25836431226766,13.714285714285715,44.23328643548725,Q2 (Low)
2026-02-28,33.279998779296875,37.59000015258789,31.56999969482422,32.900001525878906,8635659,0.045108068751315455,-0.024028406425168014,,,0.4358956727743275,47.96575266375432,1.1235625671596041,,0,373990000.0,159872000.0,41847000.0,52937000.0,42116000.0,26301000.0,10026000.0,5789000.0,0.42747667049921123,0.1118933661327843,0.07032540977031472,0.1415465654161876,,,,,,,,,,,,,-0.04765178773780698,-0.413186077643909,0.1899254526769265,0.08480098989482365,-0.11253981559094717,1513093000.0,133275000.0,216446000.0,275695000.0,,,,0.0,,5615320064.0,-0.376,,IRISDOREME.NS,,,,,0.37472288637874346,,59.85334555453712,30.38321167883211,34.73877176901925,,69.06934306569343,59.94525547445255,29.52468007312614,20.077220077220076,56.9811320754717,,15.667311411992262,26.135310472659874,31.970260223048324,67.80952380952381,43.47702437903844,Q2 (Low)
2026-02-28,66.0,73.37999725341797,59.869998931884766,61.40999984741211,137869,-0.04893913368974989,-0.07778940945114643,,,0.4614450833419869,43.506490557593864,1.5900649826844988,,0,141486000.0,84762000.0,-12584000.0,-10750000.0,-18523000.0,-24074000.0,-2098000.0,7528000.0,0.5990840083117764,-0.08894166207257255,-0.17015111035720848,-0.07597924883027296,653371000.0,306199000.0,554202000.0,99169000.0,310118000.0,503204000.0,969000.0,115104000.0,3.0876483578537646,0.46864491996124713,0.6162868339679335,0.3875446141127654,-0.01174153261575639,0.10193619261225795,-0.01592070944183621,-0.18718346951178333,-0.26060939541921724,590105000.0,-108106000.0,-42156000.0,-19240000.0,-1.0901188879589387,-0.16545882813898993,-0.10399439521619862,0.0,0.6674806503502605,676376896.0,-0.144,,DELTAMAGNT.NS,,,,,0.23553788146073323,,88.35930339138405,25.364963503649633,23.0980751604033,,54.92700729927007,19.34306569343066,7.861060329067642,23.166023166023166,37.35849056603773,,28.433268858800776,64.4114921223355,9.386617100371748,23.333333333333332,37.00284670160717,Q1 (Lowest)
2026-02-28,296.1000061035156,306.3500061035156,232.89999389648438,267.8999938964844,747554,-0.013623019601925357,-0.1646399011561661,,,0.416836379037916,41.1050635171942,1.4938157998034223,,0,285635000.0,117109000.0,-3576000.0,26857000.0,21788000.0,1168524000.0,2575000.0,825000.0,0.40999527368844857,-0.012519474154077757,4.0909692439652,0.09402559210180825,2502121000.0,20535000.0,611023000.0,1890923000.0,1336102000.0,551707000.0,462233000.0,,0.010859775887225444,0.00820703714968221,2.421760100923135,,-0.04338404964683895,666.728,0.06138639615034469,29.367047817047816,-0.5040350132038189,1258951000.0,1233871000.0,83931000.0,150380000.0,0.6525231328827245,0.4931300284838343,0.043909413651777855,1.0,1.9660990016070365,5510233600.0,0.673,,IRIS.NS,,,,,0.2795313382861941,,84.3263061411549,35.21897810218978,18.42346471127406,,26.733576642335766,31.113138686131386,29.06764168190128,7.625482625482626,99.33962264150942,,95.98646034816247,100.0,23.79182156133829,40.0,49.441766209432,Q3 (Medium)
2026-02-28,27.799999237060547,31.049999237060547,26.899999618530273,28.479999542236328,4863191,-0.0034989636716821204,-0.10015798150082722,,,0.26438590462878053,54.280142791408764,0.7740896894507244,,0,2510100000.0,874760000.0,-99770000.0,714750000.0,483830000.0,379930000.0,75530000.0,4450000.0,0.34849607585355163,-0.03974742042149715,0.151360503565595,0.2847496115692602,,,,,,,,,,,,,0.04035677427644213,-0.2992807082257469,0.007748514533483242,-0.27008126645021224,-0.26177442677132823,9888180000.0,1947080000.0,-59560000.0,3392190000.0,,,,0.0,,13578293248.0,0.414,,DEN.NS,,,,,0.2688117951250562,,24.381301558203482,82.2992700729927,50.87076076993584,,46.07664233576642,36.4051094890511,43.784277879341865,17.084942084942085,33.39622641509434,,84.91295938104449,31.23262279888786,54.92565055762082,27.714285714285715,45.53893660381111,Q2 (Low)
2026-02-28,590.0,699.0,570.5499877929688,610.7000122070312,123460,0.07564951511586315,-0.11793163321744282,,,0.4510803228807039,54.09033897841098,1.4000478227305857,,0,358414000.0,145586000.0,19506000.0,24748000.0,19506000.0,25718000.0,8093000.0,,0.4061950705050584,0.05442309731204696,0.07175500956993867,0.0690486420731333,,,,,,,,,,,,,0.6407817213801439,-0.33579545454545456,1.0412447461642729,-1.3292620474215189,-1.2173202901350568,1197046000.0,130337000.0,113371000.0,132862000.0,,,,0.0,,3241982976.0,-0.429,0.24,DENORA.NS,,,,,0.22355869575271745,,79.83501374885427,27.46350364963503,50.229147571035746,,40.14598540145985,71.16788321167883,23.217550274223033,,10.0,17.709923664122137,12.86266924564797,29.471733086190916,30.297397769516728,96.19047619047619,42.572752254189375,Q2 (Low)
2026-02-28,114.98999786376953,119.79000091552734,110.56999969482422,111.87999725341797,191382071,-0.028313376354972886,-0.06054244106294149,,,0.34862497633740175,37.46917210086099,0.772876491461158,,0,66571200000.0,18398100000.0,18032300000.0,18050600000.0,18032300000.0,18021900000.0,0.0,,0.2763672579133319,0.2708723892614224,0.27071616554906625,0.2711472829091259,4983229800000.0,4179412200000.0,4416975700000.0,566254100000.0,2478752400000.0,134000000.0,2532100000.0,,7.380806955746546,0.8386954581143338,18498.15223880597,,-0.0353495907156427,0.032365425705594975,-0.03510770595448265,0.11753325272067716,0.11882728484209881,269577700000.0,68604100000.0,148110200000.0,148570900000.0,0.12115426625608539,0.013766995052084494,0.03120956903354119,1.0,0.8219934208131441,1462104489984.0,0.234,2.37,IRFC.NS,-284349000000.0,-284374600000.0,-25600000.0,-407109400000.0,0.5627498472307312,,24.197983501374885,55.65693430656935,12.557286892758937,,59.94525547445255,25.72992700729927,96.3436928702011,,59.716981132075475,87.93893129770993,69.53578336557061,57.182576459684896,14.312267657992564,21.619047619047617,48.98244450564915,Q3 (Medium)
2026-02-28,261.04998779296875,319.0,248.39999389648438,252.85000610351562,3658134,-0.0624768459060393,-0.31028368277735596,,,0.47720799350221443,47.58707560981357,1.2444928772732344,,0,742690000.0,272620000.0,235380000.0,263060000.0,261700000.0,189280000.0,67530000.0,4890000.0,0.3670710525252797,0.31692900133299223,0.254857342902153,0.35419892552747445,4633980000.0,135450000.0,270500000.0,4363480000.0,3601830000.0,256950000.0,444250000.0,1066000000.0,0.031041737328920953,0.029229733404114822,14.01762988908348,9.868962833236038,0.10391212580635578,0.02037735849056599,0.5006566850538481,0.43939163498098854,0.44459088412959913,,,,,,,,0.0,,6751095296.0,,0.99,DENTA.NS,,,,,0.4967620282551735,,70.94408799266728,22.99270072992701,33.45554537121907,,4.37956204379562,15.054744525547445,32.26691042047532,18.243243243243242,78.39622641509433,62.44274809160305,,55.88507877664504,52.973977695167285,90.95238095238095,45.86581375051772,Q2 (Low)
2026-02-28,30.889999389648438,36.4900016784668,25.899999618530273,26.100000381469727,1697875,-0.13747520872262164,-0.388901874480291,,,0.5250922031933783,27.533269273493474,1.2764230055017611,,0,441440000.0,-31104000.0,-74488000.0,-56524000.0,-67318000.0,-72662000.0,1517000.0,5356000.0,-0.07046031170714027,-0.16873867343240304,-0.16460221094599492,-0.1280445813700616,,,,,,,,,,,,,-0.0899345241040358,-1.1011284432271138,-0.07477620793222628,-5.208142699947877,-2.642900741171341,1865992000.0,679170000.0,917000.0,978493000.0,,,,0.0,,1470349568.0,-0.674,0.77,DEVIT.NS,,,,,0.25322027532212177,,72.96058661778186,14.507299270072991,4.582951420714941,,1.4598540145985401,4.288321167883212,14.990859232175502,18.91891891891892,2.358490566037736,53.358778625954194,5.51257253384913,11.306765523632993,22.118959107806692,18.095238095238095,22.963973006310987,Q1 (Lowest)
2026-02-28,128.2100067138672,134.6699981689453,121.6500015258789,126.6500015258789,117810495,-0.005730850551729616,-0.12298318458453428,,,0.29679876426345186,48.2020924048835,0.8230566221696721,,0,21213800000.0,8597900000.0,8164500000.0,8274000000.0,8164500000.0,5851600000.0,1320300000.0,,0.40529749502682216,0.384867397637387,0.2758393121458673,0.3900291319801261,,,,,,,,,,,,,0.10233626405603702,1.3702203499675956,0.3236453939651085,0.5091166989039329,0.5992423217426599,75539400000.0,17589500000.0,46409200000.0,45255900000.0,,,,0.0,,355789144064.0,-1.576,,IREDA.NS,,,,,0.5339330147088802,,28.689275893675525,71.80656934306569,35.197066911090744,,38.503649635036496,35.03649635036496,87.47714808043877,,79.90566037735849,,0.2901353965183753,92.21501390176088,91.35687732342006,83.14285714285714,56.24138335703914,Q4 (High)
2026-02-28,116.63999938964844,137.4199981689453,113.5,133.0,138038107,0.0628096583721236,-0.07824515774801033,,,0.39956639515177667,73.17472457411422,1.5521731111967074,,0,14408970000.0,7753280000.0,600700000.0,2217640000.0,551180000.0,-103890000.0,-49180000.0,700230000.0,0.538087038837613,0.04168930881249666,-0.0072100920468291625,0.15390690660054118,,,,,,,,,,,,,0.06184960747076751,-3.8169739696312366,0.17897960653140843,-612.1176470588235,0.10580667680570444,52744470000.0,-219310000.0,2298010000.0,8623740000.0,,,,0.0,,163980984320.0,-0.217,,DEVYANI.NS,,,,,0.364491086685747,,87.07607699358387,40.05474452554745,90.28414298808433,,54.56204379562044,67.42700729927007,79.25045703839122,87.54826254826254,0.18867924528301888,,22.823984526112184,3.151065801668211,3.4386617100371746,65.52380952380953,50.08859573304466,Q3 (Medium)
2026-02-28,5571.088516198044,5867.697535050138,5288.863689499219,5392.0,2159688,-0.03907579880385004,-0.04640920408771976,,,0.20158530416983775,46.441915390932294,1.0574641675464629,,0,37368200000.0,24641100000.0,7329900000.0,9183100000.0,8233000000.0,6360200000.0,1276700000.0,421000000.0,0.659413619066479,0.1961534138652651,0.17020354204912197,0.24574638328846451,,,,,,,,,,,,,-0.06602615852576488,-0.16866650981622355,0.10744218025771435,0.016298616215525197,0.0773481311152302,140928000000.0,23712000000.0,25195600000.0,33340300000.0,,,,0.0,,644694474752.0,0.302,0.95,ALKEM.NS,,,,,0.3176188118336377,,54.995417048579284,95.62043795620438,30.7057745187901,,63.22992700729927,22.445255474452555,91.49908592321755,83.88030888030889,50.28301886792453,60.534351145038165,76.35396518375242,38.55421686746988,90.98513011152416,49.047619047619044,60.542300535478695,Q5 (Highest)
2026-02-28,603.6229736412727,651.25,592.6841718125181,645.2999877929688,27840471,0.057373590610426906,-0.06009530801304552,,,0.21539074460293464,71.7620075553157,1.2191712648506174,,0,14494725000.0,5027227000.0,4531408000.0,5337982000.0,5337982000.0,3943307000.0,1348725000.0,45950000.0,0.34683148524721924,0.31262462723508033,0.2720511772386161,0.36827066398293173,,,,,,,,,,,,,0.2648211358893937,0.15293182384994286,0.18357532103507612,0.15609192194187216,0.1610217286666975,50231767000.0,14252874000.0,16120959000.0,19220620000.0,,,,0.0,,516239982592.0,0.002,1.47,IRCTC.NS,,,,,0.2590255704128261,,69.2025664527956,92.97445255474453,89.18423464711273,,60.12773722627737,65.14598540145985,89.94515539305301,52.316602316602314,62.075471698113205,76.03053435114504,43.42359767891683,67.56255792400371,91.82156133828995,66.28571428571428,68.4064114178819,Q5 (Highest)
2026-02-28,25.889999389648438,29.75,23.520000457763672,27.809999465942383,336547,-0.054724697694643054,-0.22013461623835118,,,0.5649706616971871,59.26966382433528,0.619577538047743,,0,1281400000.0,,85400000.0,-41300000.0,-61000000.0,-72800000.0,-14000000.0,25800000.0,,0.0666458560948962,-0.056812860933354144,-0.032230373029498986,,,,,,,,,,,,,-0.027695576295621804,-1.7647058823529411,0.1704420898794301,-2.104704097116844,-1.2589341692789968,4842100000.0,61300000.0,345800000.0,325900000.0,,,,0.0,,1613603456.0,-0.514,,DGCONTENT.NS,,,,,0.26046321688637664,,13.107241063244729,9.397810218978094,64.16131989000917,,13.86861313868613,16.87956204379562,15.722120658135283,41.21621621621622,5.660377358490567,,9.671179883945841,6.209453197405004,6.970260223048327,63.523809523809526,27.759197561050964,Q1 (Lowest)
2026-02-28,1289.0645628866573,1353.7596248847603,1168.0,1183.0,490887,-0.08755094616183612,-0.07359302062366557,,,0.21112338762376232,35.195803122012876,1.4874273076085884,,0,1329291000.0,948330000.0,302789000.0,357183000.0,212338000.0,139399000.0,49429000.0,23510000.0,0.7134103819254023,0.2277823290761767,0.10486718107622785,0.26870188694574776,4615585000.0,868562000.0,1987321000.0,2628264000.0,2746126000.0,1442572000.0,415267000.0,,0.3304698462559317,0.1881802631735739,1.9036318464520314,,-0.024022584268837965,-0.5292562262558042,-0.0012352218553122185,-0.569248311280584,-0.30115670721924614,5374858000.0,1077439000.0,1528588000.0,1901364000.0,0.4099432172719331,0.23343498169787796,0.4371358483378927,1.0,2.4524318802491996,17710393344.0,0.367,7.61,ACCELYA.NS,,,,,0.2078555444016985,,84.051329055912,94.16058394160584,10.265811182401468,,55.65693430656934,9.945255474452555,47.623400365630715,39.478764478764475,23.49056603773585,99.54198473282443,81.52804642166345,22.984244670991657,48.698884758364315,25.333333333333336,49.51727591734997,Q3 (Medium)
2026-02-28,153.7851068539374,163.01221765660858,147.17730443571094,149.83999633789062,33958533,-0.0117542893711432,-0.06947800480691779,,,0.3936100264378247,42.34835694614738,0.7099204685466205,,0,21190400000.0,2425800000.0,1162100000.0,2692900000.0,2277100000.0,1006600000.0,348400000.0,930200000.0,0.11447636665659922,0.054840871337964364,0.047502642706131075,0.1270811310782241,,,,,,,,,,,,,0.07198178828885804,-0.2739992787594663,-0.18899596610610592,0.16248989490703325,0.23352113966378085,90743600000.0,6147200000.0,6120000000.0,12927000000.0,,,,0.0,,140926877696.0,0.498,1.47,IRCON.NS,,,,,0.45627685814668534,,19.615032080659944,42.24452554744526,20.623281393217233,,56.75182481751825,32.11678832116788,77.23948811700183,88.89961389961391,63.0188679245283,76.03053435114504,89.41005802707932,33.08619091751622,77.13754646840148,9.80952380952381,52.39888504498789,Q3 (Medium)
2026-02-28,115.0,124.9000015258789,112.91000366210938,113.41999816894531,2789969,0.026611103572411476,-0.1257226400658199,,,0.31512620439800243,46.16502902276616,1.0799063072356296,,0,4511800000.0,1307600000.0,395100000.0,620700000.0,456400000.0,264900000.0,106700000.0,84300000.0,0.2898178110731859,0.08757037102708454,0.058712708896670955,0.1375725874373864,,,,,,,,,,,,,-0.1051389357186775,-4.361675126903553,0.09538954575250669,0.751984126984127,0.2845612582781456,20852400000.0,681200000.0,1275800000.0,2090100000.0,,,,0.0,,7293643776.0,0.516,,DHAMPURSUG.NS,,,,,0.3006275445462018,,56.18698441796517,66.05839416058394,29.88084326306141,,37.68248175182482,52.18978102189781,32.90676416819013,62.45173745173746,85.56603773584905,,90.2321083172147,2.5023169601482853,60.03717472118959,45.714285714285715,51.42726064559655,Q3 (Medium)
2026-02-28,52.47999954223633,53.0,43.0,44.209999084472656,166083,-0.15982516187996576,-0.21418413786991664,,,0.4892655404703582,27.512358488550248,1.549591462880437,,0,69809000.0,23185000.0,8385000.0,9058000.0,8928000.0,5122000.0,0.0,48000.0,0.33212050022203443,0.12011345242017504,0.07337162830007592,0.1297540431749488,,,,,,,,,,,,,-0.5062977814553145,-1.2938780193929658,0.30440225718449865,-0.6634027732141683,-0.027172161958973207,306145000.0,46101000.0,201174000.0,191285000.0,,,,0.0,,899949184.0,0.113,,DIGJAMLMTD.NS,,,,,0.2142638385364116,,86.80109990834097,20.25547445255475,4.491292392300641,,15.41970802919708,3.1934306569343067,10.054844606946983,3.667953667953668,20.943396226415096,,55.27079303675049,9.267840593141798,14.312267657992564,81.61904761904762,31.6864765898384,Q1 (Lowest)
2026-02-28,2070.0,2298.0,1857.0999755859375,1937.800048828125,2372302,-0.018189138791048,-0.25314114858063275,,,0.4135183749286935,40.51289218720699,1.1772188238555246,,0,5225225000.0,1337161000.0,464510000.0,546339000.0,508203000.0,372642000.0,128440000.0,7121000.0,0.25590496103038624,0.08889760728006928,0.07131597203948155,0.10455798554129248,,,,,,,,,,,,,0.06401381264633388,0.15441235695388444,0.43702050959365835,0.32158487193491414,0.3400547953269446,18401388000.0,1363740000.0,1653414000.0,1986390000.0,,,,0.0,,32500498432.0,,0.65,INTERARCH.NS,,,,,0.3606783591847305,,65.71952337305224,35.76642335766424,17.231897341888175,,8.576642335766424,28.832116788321166,56.855575868372945,22.683397683397683,73.20754716981132,47.25190839694656,,67.65523632993512,62.45353159851301,89.23809523809524,48.36479303211762,Q3 (Medium)
2026-02-28,1.350000023841858,1.399999976158142,1.2699999809265137,1.3600000143051147,1452042,-0.014492739851898917,-0.28421050980480733,,,0.30881097052833173,62.4999813735585,0.4911825018562329,,0,,,,,,,,,,,,,,,,,,,,,,,,,,,,,,,,,,,,,,,222948480.0,-0.919,,DIL.NS,,,,,0.2562521188565817,,5.866177818515124,67.6094890510949,73.23556370302475,,6.295620437956205,30.29197080291971,1.8281535648994516,,,,2.7079303675048356,,,,39.188993716394336,Q1 (Lowest)
2026-02-28,116.44999694824219,119.0199966430664,107.06999969482422,111.44000244140625,636825,0.12656696829975722,-0.08857442135436822,,,0.42238664768181505,49.30556334700889,0.20395348445133363,,0,333031000.0,110344000.0,17989000.0,40921000.0,25059000.0,23169000.0,1095000.0,795000.0,0.3313325185943651,0.05401599250520222,0.06957010008077326,0.12287444712354105,,,,,,,,,,,,,0.09126447101537138,0.8348776431456404,-0.20431065789976677,-0.5378124438947516,-0.45118892748414097,1324078000.0,93867000.0,76817000.0,162636000.0,,,,0.0,,2612525056.0,0.305,0.9,INTENTECH.NS,,,,,0.2836494161800547,,0.7332722273143905,33.759124087591246,37.94683776351971,,50.36496350364964,83.85036496350365,20.93235831809872,7.046332046332046,23.77358490566038,58.2442748091603,76.64410058027079,88.22984244670991,20.63197026022305,9.238095238095239,40.75967474334193,Q2 (Low)
2026-02-28,425.29998779296875,451.0,392.29998779296875,437.3999938964844,298968,0.04816680251974437,0.1929633197265912,,,0.589904924115036,56.99642411366461,0.7149105541898367,,0,300005000.0,198634000.0,178724000.0,195757000.0,195757000.0,132702000.0,27041000.0,36014000.0,0.6621022982950284,0.595736737721038,0.44233262778953686,0.6525124581256979,,,,,,,,,,,,,0.21848739495798308,-0.14979850464176114,0.05262696223939156,-0.1471264958803039,0.16792453955885955,915088000.0,506589000.0,607185000.0,662769000.0,,,,0.0,,17498003456.0,0.032,,DOLPHIN.NS,,,,,0.2834297817607248,,19.98166819431714,7.93795620437956,58.57011915673694,,95.16423357664233,61.131386861313864,47.3491773308958,46.81467181467182,39.81132075471698,,46.42166344294004,40.50046339202966,40.985130111524164,38.19047619047619,46.190551135376296,Q2 (Low)
2026-02-28,19.75,20.979999542236328,18.350000381469727,19.229999542236328,49302,-0.02236911704885558,-0.16861218158388447,,,0.3514534641500874,47.872334381427144,1.0082513338774364,,0,1700000.0,-1000000.0,-3800000.0,-200000.0,-500000.0,-400000.0,-100000.0,0.0,-0.5882352941176471,-2.235294117647059,-0.23529411764705882,-0.11764705882352941,176500000.0,1100000.0,4500000.0,172000000.0,98100000.0,3700000.0,2700000.0,4100000.0,0.006395348837209302,0.006232294617563739,26.513513513513512,25.405405405405407,-0.6136363636363636,-0.8666666666666667,-0.9462025316455697,3.0,-3.0,34800000.0,-19400000.0,-33300000.0,-24300000.0,-0.1127906976744186,-0.10991501416430595,-0.1923743500866551,0.0,2.193937677053824,196146000.0,-0.37,,ACEINTEG.NS,,,,,0.5293584717070811,,49.770852428964254,54.653284671532845,34.28047662694775,,25.91240875912409,27.82846715328467,1.4625228519195612,1.1100386100386102,95.0,,15.909090909090908,15.384615384615385,11.152416356877323,0.8571428571428572,32.22142110730255,Q1 (Lowest)
2026-02-28,1662.0,1728.0,1281.5,1353.199951171875,253087729,-0.1820600028997602,-0.12414242642597084,,,0.26153329549176174,13.829236562120428,1.5984344522092049,,0,5099000000.0,1439000000.0,943000000.0,1176000000.0,1046000000.0,747000000.0,287000000.0,11000000.0,0.2822121984702883,0.18493822318101588,0.14649931359090018,0.23063345754069425,15953000000.0,978000000.0,6666000000.0,9233000000.0,10065000000.0,5555000000.0,2216000000.0,,0.10592440160294596,0.06130508368331975,1.811881188118812,,0.004531126871552438,-0.10965435041716332,0.03239522170479847,-0.07089552238805974,-0.09399075500770415,19846000000.0,3208000000.0,4021000000.0,4795000000.0,0.34744936640311924,0.20109070394283207,0.3937910096954265,3.0,2.6099166301009213,5474627878912.0,0.26,3.33,INFY.NS,962000000.0,915000000.0,-47000000.0,,0.25175813156485194,,88.72593950504125,83.21167883211679,0.5499541704857929,,37.95620437956204,2.18978102189781,99.45155393053017,28.764478764478763,43.67924528301887,93.81679389312977,72.05029013539652,44.76367006487488,74.81412639405205,33.42857142857143,53.5601525202104,Q4 (High)
2026-02-28,2355.0,2755.0,2281.5,2313.0,538839,-0.035928623260337744,-0.08185136359499989,,,0.26259048471394436,40.47372885933335,0.9535157183927213,,0,5921942000.0,2617875000.0,809254000.0,1069272000.0,844492000.0,579002000.0,207992000.0,22423000.0,0.4420636000825405,0.13665348292840424,0.09777231860764594,0.1805610389294593,,,,,,,,,,,,,0.04275954701320939,-0.006313917907053823,0.18175592051146872,0.14133143046378494,0.13662015398401484,22217770000.0,2218838000.0,3045572000.0,4082935000.0,,,,0.0,,140401590272.0,-0.659,0.14,DOMS.NS,,,,,0.3675003103010739,,42.896425297891845,83.02919708029196,17.048579285059578,,53.193430656934304,23.266423357664234,77.14808043875686,38.32046332046332,61.41509433962264,8.702290076335878,5.705996131528046,53.5681186283596,70.07434944237917,66.0,46.6912298703525,Q2 (Low)
2026-02-28,6.190000057220459,6.300000190734863,4.5,5.179999828338623,552059,-0.10689661069091894,-0.24489799890355257,,,0.4131144802457806,35.43306303168997,2.2569935208498753,,0,0.0,,-9000.0,76000.0,67000.0,-9146000.0,0.0,6551000.0,,,,,,,,,,,,,,,,,,-0.11039782122361641,,0.04156701970162846,inf,0.0,-37367000.0,-31000.0,76000.0,,,,0.0,,261798960.0,0.41,,INFOMEDIA.NS,,,,,0.24465995744765764,,97.89184234647112,35.85766423357664,10.724106324472961,,9.67153284671533,7.39051094890511,2.1023765996343693,21.814671814671815,53.0188679245283,,84.62282398452611,44.670991658943464,14.312267657992564,,38.80517708936252,Q1 (Lowest)
2026-02-28,88.12000274658203,106.5,86.12999725341797,93.3499984741211,1516168,0.1550358676888155,-0.062091835436265286,,,0.4152087786482287,57.334054940809146,1.7159699532166957,,0,2369152000.0,1174089000.0,269148000.0,333653000.0,299178000.0,123896000.0,75306000.0,99904000.0,0.49557352166513585,0.11360520557566589,0.05229550488951321,0.14083224715003512,7998631000.0,3973383000.0,5443796000.0,2554835000.0,6683102000.0,5037286000.0,16890000.0,3901738000.0,1.5552405536952485,0.4967578826926758,1.3267267334036623,0.5521552677374284,0.20680473990671167,0.4070137185427456,0.1288874191686986,0.17202561701242058,0.356903205865966,9321521000.0,337101000.0,802237000.0,953242000.0,0.13194629007352726,0.04214483703523766,0.12288759352092715,1.0,1.9829089002855613,4854199808.0,-0.137,0.21,DONEAR.NS,,,,,0.28307358326745924,,93.21723189734189,35.49270072992701,59.02841429880843,,59.48905109489051,88.04744525547446,27.422303473491773,65.83011583011583,63.86792452830189,14.122137404580155,29.206963249516445,79.61075069508804,54.73977695167286,54.57142857142857,54.97641626537586,Q4 (High)
2026-02-28,1244.0,1399.9000244140625,1178.0,1213.0,208549,-0.10697198233445016,-0.2490093878965679,,,0.3988313173367012,44.735247649145045,0.47122754058822747,,0,12223769000.0,1369970000.0,1029310000.0,1056313000.0,1029286000.0,733549000.0,249240000.0,46497000.0,0.1120742710370263,0.08420561612379945,0.06001005090982986,0.08641467292125694,,,,,,,,,,,,,0.26323771340145474,0.4254603045053973,0.12750720362875279,0.964654648300761,0.8931222601769975,34475733000.0,1863917000.0,2685426000.0,2785268000.0,,,,0.0,,27690266624.0,-0.866,,DPABHUSHAN.NS,,,,,0.37901227248728825,,5.316223648029331,40.419708029197075,25.939505041246562,,9.032846715328468,7.2992700729927,54.38756855575868,52.7992277992278,87.54716981132076,,3.433268858800774,80.3521779425394,72.86245353159852,54.38095238095239,42.9180248257995,Q2 (Low)
2026-02-28,840.0,965.2999877929688,810.5999755859375,886.25,10227520,0.053679735732496736,0.610338946697403,,,0.8792416664033477,54.165211760164084,0.9841889977876448,,0,1344600000.0,484500000.0,241500000.0,333500000.0,276500000.0,192900000.0,80400000.0,3200000.0,0.3603302097278001,0.17960731816153502,0.143462739848282,0.2480291536516436,,,,,,,,,,,,,0.2021457308895842,-0.17281303602058318,0.36827108985448254,0.5236966824644549,0.4258230012825994,4458600000.0,601700000.0,617900000.0,1086600000.0,,,,0.0,,21482575872.0,0.032,0.11,INFOBEAN.NS,,,,,0.39093313669497,,46.74610449129239,0.27372262773722866,50.50412465627865,,99.72627737226277,63.95985401459854,50.822669104204756,14.14092664092664,80.47169811320755,5.9541984732824424,46.42166344294004,38.27618164967563,55.66914498141264,86.19047619047619,49.2771361172197,Q3 (Medium)
2026-02-28,9.180000305175781,9.989999771118164,8.649999618530273,9.3100004196167,1502224,0.07754630204520074,-0.14351421180922552,,,0.30860545863198363,55.7214074340126,0.7427847003883126,,0,1553243000.0,211351000.0,-153112000.0,161178000.0,71199000.0,18490000.0,13584000.0,39125000.0,0.13607078866603617,-0.09857568970212645,0.011904125754952703,0.10376869556148008,,,,,,,,,,,,,-0.21528812052258783,-0.510937128045071,-0.02346093417471462,-0.3011829623190597,-0.16804913928820298,6345825000.0,68124000.0,-439467000.0,625027000.0,,,,0.0,,9065981952.0,0.04,0.54,DPSCLTD.NS,,,,,0.2786850771521955,,21.63153070577452,67.7007299270073,55.45371219065078,,32.39051094890511,71.98905109489051,36.28884826325412,49.13127413127413,32.264150943396224,40.0763358778626,47.050290135396516,23.632993512511586,34.10780669144982,22.285714285714285,42.26686324720583,Q2 (Low)
2026-02-28,16.649999618530273,19.43000030517578,16.06999969482422,18.459999084472656,169559507,0.2323097228691109,-0.07838250366209976,,,0.3675517311645599,62.03703730957781,1.1747742899345333,,0,23811900000.0,23544300000.0,770300000.0,1104000000.0,919000000.0,718800000.0,89300000.0,31300000.0,0.9887619215602282,0.032349371532721036,0.030186587378579616,0.04636337293538105,,,,,,,,,,,,,0.21185703161976877,0.08057726999398684,1.2246835147381696,0.15192307692307683,0.04823395366502092,67868380000.0,2487680000.0,2858640000.0,4194280000.0,,,,0.0,,59036049408.0,-0.094,0.0029,INFIBEAM.NS,,,,,0.2540369141065378,,65.53620531622364,50.91240875912409,71.95233730522457,,54.47080291970803,93.24817518248175,64.71663619744058,44.69111969111969,61.886792452830186,0.15267175572519084,33.26885880077369,62.74328081556997,57.80669144981413,97.04761904761905,57.228906646243644,Q4 (High)
2026-02-28,174.99000549316406,174.99000549316406,160.00999450683594,162.22999572753906,179152,-0.04430046699535162,-0.23317263376972874,,,0.35811502443028065,47.80726373192421,0.9029773314929218,,0,952855000.0,95597000.0,26821000.0,53784000.0,45350000.0,33936000.0,9317000.0,2097000.0,0.10032691227941293,0.02814803931343174,0.03561507259761454,0.05644510444926038,,,,,,,,,,,,,-0.26730627567317344,1.8379327646763675,-0.3834980069009558,-0.3152542372881356,-0.34924802477948913,4882074000.0,122239000.0,91099000.0,214122000.0,,,,0.0,,2514637056.0,-0.226,,DPWIRES.NS,,,,,0.3078375107081104,,37.12190650779102,53.193430656934304,33.91384051329056,,12.043795620437956,20.346715328467152,20.29250457038391,11.003861003861005,31.69811320754717,,22.437137330754354,94.16126042632067,31.59851301115242,4.761904761904762,34.838198862589685,Q1 (Lowest)
2026-02-28,696.6500244140625,779.0,678.2999877929688,725.7000122070312,61872,0.057486356585837894,-0.09429015637187987,,,0.24123759501326303,66.6009464291817,1.1747712286908947,,0,872413000.0,565884000.0,3124000.0,3968000.0,-18314000.0,-33017000.0,7196000.0,7507000.0,0.6486423288052792,0.003580872820556319,-0.037845607527627396,0.004548304530079217,5329406000.0,414138000.0,1390440000.0,3938966000.0,3971438000.0,1239198000.0,8933000.0,514580000.0,0.1051387597658878,0.0777080973001494,3.20484539193898,2.789592946405659,0.2363008457282787,-1.4159569643217094,-0.11372026730221041,-1.182695978884579,-0.9852285333512021,3132624000.0,-150798000.0,-191882000.0,-65314000.0,-0.038283651090159194,-0.02829546107014553,-0.044079351193998584,0.0,2.2264072581447163,4161568000.0,-0.057,0.69,ALBERTDAVD.NS,,,,,0.1849313592775749,,65.44454628780935,88.22992700729927,81.94317140238313,,48.26642335766424,65.32846715328468,25.868372943327238,23.06949806949807,11.320754716981133,49.770992366412216,35.783365570599614,7.877664504170529,29.92565055762082,14.571428571428571,43.16001750056526,Q2 (Low)
2026-02-28,15.59000015258789,18.5,14.649999618530273,16.600000381469727,2381081,0.08638747850565975,-0.08337935825461706,,,0.45249996206563553,58.46774286583726,1.7880357381855498,,0,271830000.0,99980000.0,57860000.0,71880000.0,54610000.0,54550000.0,3090000.0,1620000.0,0.36780340654085275,0.21285362174888717,0.20067689364676453,0.26442997461648826,,,,,,,,,,,,,0.1905658724597057,0.26830969541966976,0.6036222051796354,0.537919368480406,0.3673197641240251,852361000.0,185119000.0,218574000.0,263079000.0,,,,0.0,,2391750144.0,0.678,,DRCSYSTEMS.NS,,,,,0.36756645293835927,,94.22548120989917,27.28102189781022,62.236480293308894,,52.737226277372265,74.54379562043796,19.926873857404022,9.507722007722009,80.66037735849056,,96.22823984526111,74.14272474513439,24.907063197026023,93.04761904761905,57.296308357165714,Q4 (High)
2026-02-28,424.29998779296875,481.5,419.45001220703125,474.3500061035156,101143898,0.14577296160269482,0.19483628741439696,,,0.23958194092953286,78.57622155298107,0.8960657768581458,,0,81463000000.0,51920000000.0,27106000000.0,47052000000.0,29073000000.0,17759000000.0,6444000000.0,4870000000.0,0.6373445613345936,0.332740016940206,0.2180008101837644,0.5775873709536845,,,,,,,,,,,,,0.011008240667196079,0.022512666973744766,0.09122205403667638,-0.20130425005621766,-0.06300780627688385,314784000000.0,92950000000.0,135272000000.0,210606000000.0,,,,0.0,,1250933735424.0,-0.025,,INDUSTOWER.NS,,,,,0.43132994397354435,,36.48029330889093,88.41240875912409,94.86709440879928,,95.34671532846716,86.86131386861314,95.61243144424132,94.5945945945946,36.60377358490566,,40.522243713733076,56.16311399443929,97.58364312267658,44.476190476190474,67.83492110697836,Q5 (Highest)
2026-02-28,89.3499984741211,99.5,84.69999694824219,85.37999725341797,2179331,-0.07727225354161227,-0.28713367582480687,,,0.2905419043021321,38.10131018379729,0.6061862051507897,,0,534500000.0,-83110000.0,-151120000.0,-94470000.0,-94470000.0,-78630000.0,-18200000.0,2360000.0,-0.1554911131898971,-0.2827315247895229,-0.14710944808231993,-0.1767446211412535,,,,,,,,,,,,,-0.7399292529717159,-1.6999910976586843,-0.8428246281604159,-1.4572043260844283,-1.3951066499372646,9220820000.0,395840000.0,427840000.0,573170000.0,,,,0.0,,4548180992.0,-0.101,2.17,DREAMFOLKS.NS,,,,,0.2905992808866408,,12.190650779101741,73.81386861313868,13.473877176901924,,6.204379562043796,11.861313868613138,27.056672760511884,11.872586872586872,8.679245283018867,85.95419847328245,32.15667311411992,6.487488415199258,6.133828996282528,1.4285714285714286,26.487557022891497,Q1 (Lowest)
2026-02-28,889.0,959.5999755859375,884.3499755859375,926.0499877929688,60529695,0.020834440688147327,0.09391057958344984,,,0.2352112101178572,57.82176195486186,0.8694269795876527,,0,62688500000.0,,,,,1279800000.0,459100000.0,68112300000.0,,,0.020415227673337213,,,,,,,,,,,,,,-0.07766811736214718,-0.7881371364245866,-0.167729875481763,-0.9038676772153325,,241809674000.0,-1944900000.0,,,,,,0.0,,721463410688.0,0.241,,INDUSINDBK.NS,,,,,0.3301811977121275,,33.82218148487626,89.87226277372262,60.21998166819432,,89.05109489051095,49.72627737226277,92.3217550274223,99.03474903474904,16.22641509433962,,70.30947775628627,16.774791473586653,81.31970260223048,10.952380952380953,57.30873800870415,Q4 (High)
2026-02-28,1069.5,1146.9000244140625,948.0,957.0999755859375,4154857,-0.02356665612468356,0.11026041313023738,,,0.7375203904092824,32.83457799494198,0.33363869841615124,,0,2760751000.0,1997864000.0,-152637000.0,343747000.0,-137771000.0,-246283000.0,422000.0,108090000.0,0.723666857315274,-0.05528821686562823,-0.08920869719869702,0.12451213456048735,27533753000.0,10778647000.0,16199604000.0,11334149000.0,7518872000.0,8007039000.0,822145000.0,1757904000.0,0.9509886450231068,0.39147031645122987,0.9390327685427784,0.71948794054831,0.3035445823181673,-0.2793812140470381,-0.14906931657414801,-2.5338332284965155,-0.4945625483386218,11915358000.0,-607400000.0,191487000.0,1646747000.0,-0.0535902607244708,-0.022060196443252758,0.008659556213515468,0.0,0.9712704947996009,26798798848.0,0.489,,DREDGECORP.NS,,,,,0.3201448810655315,,1.924839596700275,1.3686131386861433,7.882676443629697,,90.6021897810219,27.189781021897808,53.74771480804388,67.27799227799228,5.09433962264151,,88.73307543520309,32.34476367006487,18.587360594795538,12.095238095238095,37.12323896572767,Q1 (Lowest)
2026-02-28,34.0,40.54999923706055,31.15999984741211,32.189998626708984,565081,0.03538110224259783,-0.13327950576970404,,,0.3123849734418186,42.76793096864365,1.2564046853698156,,0,1014000000.0,444400000.0,85500000.0,121700000.0,87500000.0,25600000.0,15000000.0,46900000.0,0.4382642998027613,0.08431952662721894,0.0252465483234714,0.12001972386587771,,,,,,,,,,,,,0.004358161648177594,-7.7368421052631575,0.04665565648224601,-1.744186046511628,1.052276559865093,3606700000.0,-61900000.0,180500000.0,314900000.0,,,,0.0,,1637450624.0,0.156,,INDTERRAIN.NS,,,,,0.24981400798975528,,71.58570119156738,66.51459854014598,21.448212648945923,,35.31021897810219,57.02554744525548,15.996343692870202,53.28185328185329,6.69811320754717,,61.02514506769826,1.7608897126969416,35.130111524163574,36.857142857142854,40.84225854319928,Q2 (Low)
2026-02-28,1189.5,1295.699951171875,1167.0999755859375,1280.4000244140625,17088793,0.10646394611184107,0.029343194214658253,,,0.21007346200396532,78.67599366980436,0.6180783612328623,,0,87268000000.0,46806000000.0,14330000000.0,21586000000.0,16373000000.0,12098000000.0,3533000000.0,944000000.0,0.5363478021726177,0.16420681120227346,0.13863042581473164,0.24735298161983774,562899000000.0,67732000000.0,187143000000.0,372366000000.0,297549000000.0,158310000000.0,18657000000.0,79009000000.0,0.18189630632227433,0.12032709242688297,1.8795338260375214,1.3804560672099047,-0.008892573622105382,-0.15822432507653772,0.04405043906874351,-0.14398924502936394,-0.11091890110795333,345831000000.0,56586000000.0,66387000000.0,95800000000.0,0.15196339085738225,0.10052602687160574,0.15084594794795705,2.0,1.933315035201697,1066020306944.0,0.294,0.62,DRREDDY.NS,10908000000.0,3588000000.0,-7320000000.0,63106000000.0,0.48610868447483885,,12.832263978001833,94.34306569343066,95.05041246562786,,80.38321167883211,79.47080291970804,94.14990859232175,88.996138996139,40.0,45.648854961832065,75.24177949709865,39.48100092678406,95.63197026022306,35.904761904761905,65.14227812498407,Q5 (Highest)
2026-02-28,580.0,604.75,540.0,559.7999877929688,2160802,0.047824029561008397,0.010469292045069967,,,0.3219742021800424,45.26523300069788,0.9392489503914152,,0,2545647000.0,2554983000.0,307951000.0,613478000.0,377486000.0,236383000.0,93301000.0,44203000.0,1.003667437001281,0.1209716036826787,0.092857729292396,0.24099099364523047,,,,,,,,,,,,,0.0916925940300235,-0.18744994242304458,0.05064514677847587,-0.507242842104166,-0.3091448404163073,11241071000.0,1466687000.0,1928789000.0,3113166000.0,,,,0.0,,69112004608.0,0.506,0.54,ACI.NS,,,,,0.2987572745271926,,40.971585701191565,63.5948905109489,27.222731439046743,,76.73357664233576,61.04014598540146,67.3674588665448,51.640926640926644,24.433962264150942,40.0763358778626,89.99032882011605,37.256719184430025,58.17843866171004,37.523809523809526,51.735394007898336,Q3 (Medium)
2026-02-28,112.9000015258789,149.89999389648438,106.2300033569336,141.88999938964844,19453205,0.3350583460609553,0.4890334560436309,,,0.5232186191863101,79.10683680800469,1.589597894093991,,0,1508534000.0,806127000.0,-46583000.0,259018000.0,170666000.0,95383000.0,68727000.0,6737000.0,0.5343777468721288,-0.030879648718557223,0.06322893617246943,0.17170179790445558,,,,,,,,,,,,,-0.011731857482957131,0.1937498435583589,0.01720408355922376,1.1077252839527998,0.27951194210487307,9402210000.0,2611578000.0,-274824000.0,3362692000.0,,,,0.0,,11606616064.0,0.56,,INDSWFTLAB.NS,,,,,0.36185435707149277,,88.26764436296976,15.328467153284677,95.14207149404217,,99.54379562043796,97.26277372262774,40.58500914076782,21.91119691119691,88.9622641509434,,92.60154738878144,70.43558850787767,53.25278810408922,29.619047619047617,62.860812945071096,Q5 (Highest)
2026-02-28,3352.60009765625,3950.0,3301.0,3843.39990234375,359393,0.23016350615407366,0.0031940212754622,,,0.22792179436793436,82.51355508257336,1.4547122528626795,,0,4554800000.0,1854600000.0,1106400000.0,991700000.0,955600000.0,718900000.0,232000000.0,4700000.0,0.40717484851146046,0.24290857995960305,0.15783349433564592,0.21772635461491174,,,,,,,,,,,,,0.4147977884077778,0.19121789560894786,0.19385615433004832,-0.07429822302343547,-0.10147685059345835,13856248000.0,2588724000.0,3098807000.0,3627425000.0,,,,0.0,,121906126848.0,-0.135,2.08,INGERRAND.NS,,,,,0.17481817024048157,,83.40971585701192,90.96715328467153,97.52520623281393,,74.63503649635037,93.15693430656934,74.86288848263254,17.857142857142858,43.49056603773585,84.80916030534351,29.593810444874276,70.06487488415199,71.56133828996283,68.28571428571428,66.68130278433166,Q5 (Highest)
2026-02-28,86.0199966430664,92.9000015258789,79.51000213623047,80.83000183105469,194215,-0.10852538366170217,-0.1204570131775996,,,0.3960545766532449,32.97257931872703,0.9144770041042116,,0,1325145000.0,270283000.0,38752000.0,41089000.0,39335000.0,34121000.0,2758000.0,2456000.0,0.20396484912971788,0.02924359221066374,0.025748880311211225,0.031007172799957742,2956921000.0,114045000.0,511620000.0,2445301000.0,224409000.0,212094000.0,14858000.0,151941000.0,0.04663843019734585,0.03856883562327164,1.058063877337407,0.3416786896376135,0.027314266399568243,-0.1678413774601858,0.05526095539641229,-0.12887742857872297,-0.2088836689899496,5198861000.0,125691000.0,165800000.0,170688000.0,0.05140103406492698,0.0425073919796978,0.06478217482122386,1.0,2.964863078858042,1318473088.0,-0.158,,ISFT.NS,,,,,0.31405615793918773,,38.313473877176904,41.24087591240876,8.065994500458295,,39.05109489051095,7.025547445255474,13.254113345521024,12.162162162162163,40.66037735849057,,27.321083172147002,38.6468952734013,24.25650557620818,38.761904761904766,31.917335218376362,Q1 (Lowest)
2026-02-28,315.54998779296875,345.1499938964844,300.29998779296875,301.45001220703125,1225136,-0.04513778729490536,-0.18195383390222186,,,0.2669820859033684,40.08289071709252,1.6747919186634235,,0,3884312000.0,1417231000.0,293519000.0,405372000.0,310607000.0,183581000.0,74320000.0,61010000.0,0.36486023779758164,0.07556524810571344,0.04726216637592449,0.1043613386360313,,,,,,,,,,,,,-0.17680349054756395,-0.47803155449533563,0.02023388900620815,-0.0808081313839375,-0.07656771089606906,17794697000.0,1040988000.0,1600822000.0,2057283000.0,,,,0.0,,17097074688.0,-0.188,1.0,DOLLAR.NS,,,,,0.18274918630763917,,91.20073327222732,80.93065693430657,15.948670944087992,,22.171532846715326,20.072992700729927,46.89213893967093,57.14285714285714,43.113207547169814,63.12977099236641,24.854932301740813,24.374420759962927,54.46096654275093,30.28571428571429,44.97190634735336,Q2 (Low)
2026-02-28,694.9000244140625,737.0,663.5499877929688,669.5,451787,0.03432344012329924,-0.11583015659974016,,,0.37305957900788494,41.87475965822227,0.15162368781359728,,0,4502930000.0,1584760000.0,579730000.0,710510000.0,596270000.0,421490000.0,135280000.0,39500000.0,0.35193973701567643,0.12874506154881377,0.0936034981667492,0.15778837334802007,,,,,,,,,,,,,0.18379466902921027,0.4205931917762049,0.42289753588108514,0.23228277394456787,0.3962779546437134,14877040000.0,1324070000.0,1815310000.0,2345890000.0,,,,0.0,,38312087552.0,-0.448,0.6,INNOVACAP.NS,,,,,0.4618998832884834,,0.458295142071494,49.63503649635036,20.164986251145738,,40.6021897810219,56.11313868613139,59.32358318098721,49.56563706563706,67.35849056603773,44.274809160305345,12.18568665377176,79.9814643188137,63.19702602230484,88.38095238095238,48.74941971370206,Q3 (Medium)
2026-02-28,3.4800000190734863,3.6600000858306885,2.819999933242798,3.009999990463257,53110060,-0.10149251458160957,-0.2934272702484523,,,0.409182948236321,32.60869621554495,1.1215291494043962,,0,2990500000.0,2786700000.0,-1435000000.0,-1058700000.0,-2078300000.0,-2762300000.0,0.0,684000000.0,0.9318508610600235,-0.479852867413476,-0.9236916903527839,-0.3540210667112523,,,,,,,,,,,,,0.02720434170301922,1.0823972860912177,-0.19832185078948072,4.935324452084228,-1.8039334801427596,12474700000.0,-9055900000.0,-2567800000.0,-2216600000.0,,,,0.0,,5556105728.0,-0.17,,DISHTV.NS,,,,,0.38794119800680427,,59.48670944087993,36.77007299270073,7.6076993583868004,,5.565693430656935,8.211678832116789,29.15904936014625,87.25868725868726,96.60377358490567,,26.063829787234045,90.36144578313254,14.312267657992564,9.428571428571429,41.38863192769406,Q2 (Low)
2026-02-28,615.0,802.9000244140625,590.2999877929688,781.5,947644,0.33509871460695906,0.24323899197027443,,,0.30168068655949626,85.10398016230049,2.9415063918419344,,0,829690000.0,505750000.0,94550000.0,219980000.0,148210000.0,107490000.0,39950000.0,770000.0,0.609565018259832,0.11395822536127952,0.12955441188877773,0.2651351709674698,6890160000.0,15920000.0,809290000.0,6080870000.0,4168060000.0,733970000.0,235110000.0,470240000.0,0.002618046430856111,0.0023105414097785828,5.678787961360818,5.038107824570487,0.15755622523578316,0.20383021614962482,0.5376589199006634,0.3705214841259723,0.3258995841118679,2629930000.0,302660000.0,207070000.0,691730000.0,0.04977248321375066,0.04392641099771268,0.033963774379632564,1.0,2.286325571539703,23900557312.0,-0.332,0.33,DIVGIITTS.NS,,,,,0.3960577837003877,,99.8166819431714,69.98175182481752,98.44179651695693,,96.62408759124088,97.35401459854015,52.37659963436929,6.94980694980695,75.47169811320755,23.969465648854964,17.843326885880078,71.36237256719184,46.468401486988846,91.52380952380952,63.21225421898906,Q5 (Highest)
2026-02-28,869.0999755859375,877.9000244140625,664.0,704.2000122070312,11055791,-0.21296450158476532,-0.3547145783020672,,,0.38098696211656696,20.10134433537776,1.8306113150838992,,0,7313840000.0,2811340000.0,470390000.0,916350000.0,384170000.0,284480000.0,95540000.0,14430000.0,0.3843863141660195,0.06431505201098192,0.03889612023232666,0.12528986141342988,,,,,,,,,,,,,0.04231931810246414,-0.6989215447627716,0.3104210675309831,-0.4612733401507404,-0.16488954505686793,27686050000.0,3284420000.0,4083230000.0,6253600000.0,,,,0.0,,97503985664.0,0.426,0.57,INTELLECT.NS,,,,,0.19124220882394094,,94.59211732355637,46.62408759124088,1.6498625114573784,,2.0985401459854014,1.3686131386861315,71.66361974405851,31.467181467181465,26.22641509433962,42.29007633587786,85.44487427466152,18.628359592215013,58.64312267657993,82.0952380952381,44.18614053273855,Q2 (Low)
2026-02-28,6056.0,6793.0,5890.0,6291.0,6497199,0.046755407653910064,-0.01286678173544642,,,0.22641608876175268,62.36755571793935,1.0964425083765583,,0,26040000000.0,16590000000.0,7720000000.0,9040000000.0,7860000000.0,5830000000.0,1970000000.0,60000000.0,0.6370967741935484,0.2964669738863287,0.2238863287250384,0.34715821812596004,,,,,,,,,,,,,0.08049792531120326,0.06972477064220173,0.11377245508982026,0.14313725490196072,0.0997566909975669,98830000000.0,23790000000.0,28170000000.0,35490000000.0,,,,0.0,,1670062800896.0,0.095,0.48,DIVISLAB.NS,,,,,0.3941996744699743,,57.10357470210816,91.51459854014598,72.86892758936754,,71.35036496350365,60.31021897810219,97.07495429616088,56.94980694980695,61.60377358490566,36.10687022900763,53.04642166344294,61.44578313253012,93.21561338289963,50.66666666666667,64.2171716452432,Q5 (Highest)
2026-02-28,87.87999725341797,105.0,81.0,89.22000122070312,402398,0.1351145413835937,-0.10313632679944384,,,0.40504510451942116,57.52662163379799,1.5965819437562543,,0,1298000000.0,494700000.0,74000000.0,67000000.0,53000000.0,186200000.0,-130600000.0,17000000.0,0.38112480739599386,0.05701078582434515,0.14345146379044685,0.05161787365177196,,,,,,,,,,,,,0.08428702698187296,1.516216216216216,0.6324990567224249,0.41060606060606064,0.23616236162361615,4541500000.0,444300000.0,475600000.0,465100000.0,,,,0.0,,3576341760.0,0.171,,INSPIRISYS.NS,,,,,0.3228253126694246,,88.63428047662694,37.95620437956204,59.670027497708524,,45.346715328467155,85.3102189781022,24.862888482632542,33.25289575289575,77.26415094339623,,63.007736943907155,92.67840593141798,1.3011152416356877,93.61904761904762,56.86024583835999,Q4 (High)
2026-02-28,10250.0,11847.0,10102.0,11072.0,10261720,0.052771702957117084,-0.2601403274306716,,,0.39429049815781186,60.07144820005496,0.8710910098057449,,0,106715900000.0,7858200000.0,3154200000.0,5535900000.0,4545600000.0,2872600000.0,911300000.0,428700000.0,0.07363663708969329,0.02955698260521628,0.026918200568050308,0.05187511889043713,,,,,,,,,,,,,-0.16859826452243198,0.2768813619593724,-0.07477752885362332,-0.26315249454918554,-0.12524294856601093,439866600000.0,10842400000.0,14188700000.0,21429800000.0,,,,1.0,,672187351040.0,-0.383,0.07,DIXON.NS,2081600000.0,470900000.0,-1610700000.0,,0.39756578951989946,,34.097158570119156,41.78832116788321,66.45279560036663,,7.937956204379562,63.32116788321168,91.6819012797075,83.97683397683397,33.58490566037736,3.5114503816793894,15.038684719535784,74.69879518072288,88.2899628252788,18.0,48.1586622300064,Q3 (Medium)
2026-02-28,887.2999877929688,940.0,854.6500244140625,864.1500244140625,3090433,0.08814455436382707,-0.10021865634449756,,,0.31727253306281133,44.21557004204266,0.9098915735704226,,0,8546300000.0,2816400000.0,1292000000.0,1654700000.0,1565500000.0,1164100000.0,354700000.0,46700000.0,0.32954611937329603,0.1511765325345471,0.1362109918912278,0.1936159507623182,,,,,,,,,,,,,0.310621396147712,0.19126074498567336,0.12943213204879145,0.22795358649789033,0.1589969881627793,33403435000.0,4443686000.0,5097001000.0,6465676000.0,,,,0.0,,102853525504.0,0.107,0.23,ACE.NS,,,,,0.4347368099856918,,37.58020164986251,65.14598540145985,25.022914757103575,,45.894160583941606,75.09124087591242,72.39488117001828,52.99227799227799,67.16981132075472,16.6412213740458,54.15860735009671,70.15755329008341,77.60223048327137,54.666666666666664,54.30118352769965,Q4 (High)
2026-02-28,604.9868980206941,649.4000244140625,582.611340779082,619.8499755859375,382951,0.020867546552679528,-0.14159762606901738,,,0.3190632362777036,56.50273605681519,0.7034896444310372,,0,3849162000.0,1248458000.0,179772000.0,283967000.0,189844000.0,104882000.0,38144000.0,46818000.0,0.3243454029734264,0.046704191717573854,0.027248008787367224,0.07377372009803693,,,,,,,,,,,,,-0.3964000991687482,-0.8225572050924164,0.07607252574539847,-0.3960149726461273,-0.09185194187176993,20670559000.0,1415922000.0,2006402000.0,2385710000.0,,,,0.0,,18036293632.0,-0.02,0.65,INSECTICID.NS,,,,,0.2641615473880535,,19.065077910174153,64.78102189781022,57.19523373052245,,32.93795620437956,49.81751824817518,48.17184643510055,53.0888030888031,28.67924528301887,47.25190839694656,41.19922630560928,16.126042632066728,46.00371747211896,42.095238095238095,43.09418904666424,Q2 (Low)
2026-02-28,78.0,103.94999694824219,71.3499984741211,90.4000015258789,3432348,0.2912440903797162,0.1729596715172932,,,0.6837134478415146,66.0564989090395,0.7353900128866868,,0,276016000.0,74280000.0,30736000.0,50739000.0,31388000.0,19339000.0,4929000.0,7119000.0,0.26911483392267116,0.11135586342820707,0.0700647788533998,0.18382629992464206,,,,,,,,,,,,,-0.14258910654265988,-0.05275274294670851,0.3516679399032341,0.06928010615946034,0.1537884300527561,1127622000.0,82240000.0,132391000.0,208540000.0,,,,0.0,,3114612736.0,-0.722,0.11,DJML.NS,,,,,0.3352922184525851,,21.264894592117322,2.6459854014598534,80.65994500458295,,94.34306569343066,96.16788321167883,22.851919561243143,22.586872586872587,55.84905660377358,5.9541984732824424,4.835589941972921,49.21223354958295,27.695167286245354,85.52380952380952,44.63937476200348,Q2 (Low)
2026-02-28,680.0,868.9500122070312,670.2000122070312,802.3499755859375,258455,0.16900998634256625,-0.06708913787104287,,,0.3944248682718939,67.38997303596727,1.3224990001622734,,0,4281839000.0,2092703000.0,281224000.0,554873000.0,288472000.0,138875000.0,51308000.0,98289000.0,0.4887393010339716,0.06567832186123766,0.03243349411316026,0.12958754404357567,13243771000.0,3510146000.0,7085944000.0,6157827000.0,6826593000.0,5732128000.0,153761000.0,1510992000.0,0.5700299797314865,0.26504127865092203,1.1909351989348458,0.9273346652412507,0.02449623850748117,0.4910990379659852,-0.07668921337518364,-0.17381552959093827,-0.023138432720205104,15847719000.0,334165000.0,874148000.0,1818325000.0,0.0542667080448996,0.025231861831497993,0.09041688469754726,1.0,2.0186087784211915,13107863552.0,0.112,0.69,ALICON.NS,,,,,0.21013160673596948,,75.80201649862511,41.6058394160584,83.86801099908341,,57.481751824817515,89.41605839416059,42.321755027422306,65.44401544401545,38.39622641509434,49.770992366412216,54.932301740812385,82.483781278962,49.34944237918216,17.80952380952381,56.57878103961131,Q4 (High)
2026-02-28,614.0,676.5999755859375,610.0499877929688,629.2999877929688,39893118,0.018861754907171013,-0.13241881991569604,,,0.26413152405188994,51.01557244135748,0.5688898094617757,,0,20202200000.0,8617200000.0,3597200000.0,7890400000.0,7588900000.0,12033600000.0,-74200000.0,362900000.0,0.42654760372632683,0.1780598152676441,0.5956578986447021,0.39057132391521715,,,,,,,,,,,,,-0.2563698604925093,0.5778252717426935,0.022885844193982763,-0.12868190112086197,0.11469944197216919,93461505000.0,43069615000.0,21485557000.0,28994186000.0,,,,0.0,,1558280142848.0,0.093,0.95,DLF.NS,,,,,0.37682891555800807,,9.715857011915674,82.3905109489051,42.07149404216315,,35.675182481751825,48.63138686131387,96.52650822669105,82.14285714285714,40.75471698113208,60.534351145038165,52.707930367504844,84.33734939759037,2.0446096654275094,30.952380952380953,51.23234234831145,Q3 (Medium)
2026-02-28,104.30000305175781,113.5,95.70999908447266,96.66999816894531,176440160,-0.07660716482406849,-0.2983233274946713,,,0.330288326720947,36.49964733293709,1.2090898689251661,,0,12074500000.0,4615400000.0,2287900000.0,3125900000.0,2597600000.0,1173900000.0,827900000.0,503200000.0,0.38224357116236696,0.18948196612696178,0.0972214170359021,0.25888442585614313,,,,,,,,,,,,,0.0788702442859952,0.2794550408719345,0.3250189296256871,0.006343763394770718,0.14192299262073504,43776575000.0,5018667000.0,7325558000.0,10122703000.0,,,,0.0,,167163412480.0,-0.309,,INOXWIND.NS,,,,,0.33411727057953483,,68.19431714023831,60.49270072992701,11.732355637030247,,5.109489051094891,12.135036496350365,79.70749542961609,86.003861003861,49.528301886792455,,18.423597678916828,75.06950880444856,86.89591078066915,83.42857142857143,52.44807640450109,Q3 (Medium)
2026-02-28,409.95001220703125,450.0,386.5,411.75,4997090,0.08269790485544881,-0.06057492250150287,,,0.37017973440727786,45.30279110355438,1.3285850652890714,,0,3952100000.0,617197000.0,327571000.0,381882000.0,364012000.0,266935000.0,93905000.0,3171000.0,0.15616937830520483,0.0828853014852863,0.06754257230333241,0.09662761569798335,,,,,,,,,,,,,0.04937152148913526,0.051856959905427935,0.19256080563410372,0.007233470934049802,0.020433684716822276,14917427000.0,1038772000.0,1259135000.0,1484579000.0,,,,0.0,,14627820544.0,0.038,5.1,DLINKINDIA.NS,,,,,0.2234107786864033,,76.26031164069661,50.27372262773723,27.58936755270394,,59.762773722627735,73.90510948905109,45.52102376599635,13.996138996138995,49.716981132075475,97.86259541984734,46.808510638297875,59.128822984244664,58.27137546468401,68.0952380952381,55.14613143528929,Q4 (High)
2026-02-28,1090.9000244140625,1202.0999755859375,1082.0,1132.800048828125,855061,0.024787428812104828,-0.01939049800082382,,,0.22873732838360808,55.65833604526828,1.082928952424655,,0,4285612000.0,2247909000.0,846856000.0,926841000.0,832794000.0,606955000.0,195868000.0,29971000.0,0.5245246186542318,0.19760444949286124,0.1416262134789617,0.2162680615977368,,,,,,,,,,,,,0.2618677392237603,-0.006911232224929176,0.39795337537141595,0.22635257320776603,0.1983205119917253,14450409000.0,2457123000.0,2903056000.0,3570654000.0,,,,0.0,,102816899072.0,0.591,0.18,INOXINDIA.NS,,,,,0.2876342591456627,,56.553620531622364,90.6021897810219,55.36205316223648,,69.52554744525547,51.45985401459854,72.3034734917733,43.53281853281853,66.88679245283019,11.374045801526718,93.66537717601547,53.38276181649676,69.23791821561338,87.33333333333333,61.41465238367617,Q5 (Highest)
2026-02-28,3639.0,4032.199951171875,3600.0,3866.39990234375,4461298,0.057346775500317415,-0.04249630947405891,,,0.2146341954168758,63.91947033056954,0.6799499303609189,,0,181008800000.0,27697600000.0,11950800000.0,14803000000.0,12120100000.0,8559200000.0,3194100000.0,368200000.0,0.153017974816694,0.06602330936396462,0.047286098797406535,0.08178055431559128,,,,,,,,,,,,,0.10643104702408968,0.10731334980659013,0.25313302641143687,0.2976742775705752,0.31314923400367256,651800900000.0,29035100000.0,39729300000.0,50199500000.0,,,,0.0,,2515994148864.0,0.22,,DMART.NS,,,,,0.4815298039737793,,17.69019248395967,93.24817518248176,76.7186067827681,,64.32481751824818,65.05474452554745,97.9890310786106,82.23938223938224,71.60377358490567,,67.79497098646034,64.59684893419833,95.07434944237917,76.0,68.15565951726276,Q5 (Highest)
2026-02-28,165.50999450683594,188.3000030517578,161.72999572753906,181.52999877929688,18675841,0.14292008239342513,-0.2071194531601822,,,0.4938605252735378,62.283447739703185,0.9157212272409198,,0,817900000.0,439000000.0,120500000.0,526600000.0,419900000.0,246900000.0,151500000.0,21800000.0,0.5367404328157477,0.1473285242694706,0.30187064433304805,0.6438439907079105,,,,,,,,,,,,,-0.047513683475020385,-0.11505376344086027,0.337968264354654,5.007299270072993,0.8509666080843585,2853561000.0,801948000.0,55139000.0,1780095000.0,,,,0.0,,72921481216.0,1.379,,INOXGREEN.NS,,,,,0.41641896403758105,,38.4967919340055,19.251824817518255,72.50229147571035,,16.970802919708028,86.58759124087592,67.82449725776965,37.5,96.69811320754717,,99.61315280464217,44.02224281742354,65.05576208178438,84.76190476190476,58.61899835459265,Q4 (High)
2026-02-28,229.99000549316406,262.6000061035156,216.0,243.07000732421875,267264,0.12168902052303632,-0.08448208164136062,,,0.36271792377599843,70.79482098681862,0.8527249627549328,,0,1508662000.0,407901000.0,109551000.0,149078000.0,111455000.0,61687000.0,26686000.0,23082000.0,0.2703726878518847,0.07261467445988565,0.04088854892613455,0.09881471131373362,,,,,,,,,,,,,0.19705438018522403,0.07266815051818876,0.2781209361431749,-0.21636453715113246,-0.17724194643280922,5237161000.0,261463000.0,455503000.0,617114000.0,,,,0.0,,6072069632.0,-0.195,1.03,DMCC.NS,,,,,0.24125521249796278,,31.53070577451879,52.18978102189781,88.35930339138405,,52.18978102189781,83.12043795620438,30.438756855575868,39.092664092664094,35.94339622641509,64.19847328244275,24.37137330754352,61.72381835032438,40.79925650557621,79.23809523809524,52.213056201636,Q3 (Medium)
2026-02-28,3.6500000953674316,4.119999885559082,3.2100000381469727,3.4000000953674316,1354683,-0.10761151012327808,-0.14572862334836734,,,0.6640019912532451,47.321429711824166,0.5894970713431428,,0,26896000.0,,-6492000.0,-5831000.0,-5926000.0,-6679000.0,366000.0,387000.0,,-0.24137418203450328,-0.24832688875669245,-0.21679803688280785,1983221000.0,4362656000.0,4446353000.0,-2463132000.0,1881332000.0,55755000.0,8901000.0,,-1.7711823808062255,2.1997830801509264,33.742839207245986,,2.418838184822677,-0.6458642629904561,-0.05780144328452319,-1.1438695502326384,-1.1244397968329847,108506000.0,39696000.0,-8348000.0,45297000.0,-0.016116066861215722,0.020015923590966413,-0.004394785219876137,1.0,-0.5893151595308844,400207264.0,-0.972,,DNAMEDIA.NS,,,,,0.33645998580457764,,11.090742438130157,3.467153284671525,32.81393217231897,,31.751824817518248,7.208029197080291,4.204753199268739,5.308880308880308,11.88679245283019,,2.5145067698259185,19.925857275254867,18.401486988847584,19.333333333333332,21.19381948253067,Q1 (Lowest)
2026-02-28,334.8999938964844,450.0,330.1000061035156,431.1000061035156,242108,0.20536841454075372,-0.10215555225757944,,,0.4432832548252373,77.67313758953874,1.834556589825945,,0,327224000.0,241955000.0,118725000.0,186244000.0,162690000.0,126915000.0,34648000.0,9523000.0,0.7394170354252745,0.36282485392269515,0.38785358042197393,0.5691636310295088,3457888000.0,503455000.0,771331000.0,2600813000.0,905747000.0,313001000.0,176401000.0,123383000.0,0.193576008732654,0.14559609796500061,2.8937511381752774,2.4995575094009284,0.019589514452992285,-0.019931117563476874,0.4319021196898356,0.16403742089333218,0.08212818620757778,1203238000.0,484106000.0,533461000.0,714134000.0,0.18613641196041392,0.1400004858456954,0.17184759820994835,1.0,1.7619276274997917,8906525696.0,-0.049,,INNOVANA.NS,,,,,0.3039467461441831,,94.68377635197068,28.832116788321173,94.13382218148487,,45.52919708029197,91.24087591240875,35.923217550274224,26.061776061776058,63.20754716981132,,37.234042553191486,51.80722891566265,44.330855018587364,88.95238095238095,56.795789102410765,Q4 (High)
2026-02-28,1190.300048828125,1259.800048828125,1137.5,1162.800048828125,547566,-0.018319925007914684,-0.039960290864379244,,,0.18989267671369825,44.09369584836424,0.9553353037140695,,0,10250410000.0,2665420000.0,573820000.0,855750000.0,636000000.0,687370000.0,-59780000.0,8410000.0,0.2600305743867806,0.05598019981639759,0.06705780549265834,0.0834844654994288,,,,,,,,,,,,,0.018051061412342806,0.09330215838780997,0.027484357802855186,0.08459038121686446,-0.19131544131544131,38409410000.0,2631380000.0,2671740000.0,3999120000.0,,,,0.0,,70149177344.0,0.098,0.34,DODLA.NS,,,,,0.3629780574045774,,43.17140238313474,96.80656934306569,24.56461961503208,,65.05474452554745,28.740875912408757,67.45886654478977,24.42084942084942,56.88679245283019,24.961832061068705,53.38491295938105,63.76274328081557,2.7881040892193307,32.0,45.60015417254285,Q2 (Low)
2026-02-28,74.90247160961913,80.87000274658203,73.10480924319889,75.20999908447266,2843570,-0.06704750371319435,0.05075948808501307,,,0.4895228337747879,46.438589472481,0.7766745072947495,,0,1081670000.0,734720000.0,648240000.0,654950000.0,648230000.0,388880000.0,154340000.0,104020000.0,0.6792459807519854,0.5992955337579854,0.35951815248643304,0.605498904471789,,,,,,,,,,,,,0.8359217203863061,7.622616407982262,-0.08877469356808898,0.04025894122997076,0.012913702443550834,3305410000.0,1218740000.0,1557620000.0,2028920000.0,,,,0.0,,13247223808.0,-0.631,0.13,DOLATALGO.NS,,,,,0.3336069740850069,,24.65627864344638,20.16423357664233,30.614115490375802,,83.75912408759125,13.86861313868613,42.68738574040219,66.6988416988417,52.735849056603776,7.862595419847327,6.286266924564797,98.33178869323447,65.4275092936803,16.57142857142857,41.977602022356336,Q2 (Low)
2026-02-28,92.19999694824219,100.87000274658203,89.9000015258789,93.95999908447266,2762414,0.030715174526996014,-0.046188234220780666,,,0.2139748213158949,55.38088833044579,0.9437734483711794,,0,558600000.0,400200000.0,204200000.0,881600000.0,853400000.0,1284900000.0,87200000.0,5600000.0,0.7164339419978518,0.36555674901539564,2.300214822771214,1.5782312925170068,27268900000.0,125800000.0,1910900000.0,25358000000.0,2247300000.0,1200300000.0,14100000.0,920300000.0,0.004960959066172411,0.0046133140684076,1.8722819295176205,1.105556944097309,0.12281407035175884,1.0845230369889682,0.05575505575505568,0.061725334655428954,0.034984738201455645,2130913000.0,3239668000.0,854693000.0,1723804000.0,0.12775723637510844,0.11880449889801202,0.0335386794748036,1.0,1.5293881674728353,24127219712.0,0.37,2.55,ALEMBICLTD.NS,,,,,0.2282426059252439,,41.61319890009166,93.52189781021897,54.1704857928506,,63.412408759124084,54.1970802919708,52.46800731261426,19.594594594594593,54.90566037735849,89.08396946564886,81.86653771760155,90.45412418906395,57.249070631970255,38.857142857142854,59.42627858001672,Q4 (High)
2026-02-28,36.70000076293945,38.689998626708984,34.7599983215332,35.88999938964844,36263244,0.024842916062609355,-0.21654664235453003,,,0.34988181760696135,50.0,1.0969041443063963,,0,15975800000.0,6639100000.0,1015000000.0,1323900000.0,629800000.0,-418600000.0,-14300000.0,1118900000.0,0.41557230310845156,0.06353359456177468,-0.02620213072271811,0.08286908949786552,,,,,,,,,,,,,0.03359751560832014,-4.005025125628141,0.1740178427078587,-45.06315789473684,-0.2549803038829488,,,,,,,,0.0,,26325334016.0,-0.162,,JISLJALEQS.NS,,,,,0.24206422677493955,,57.19523373052245,55.29197080291971,39.73418881759853,,14.68978102189781,51.55109489051095,53.38208409506399,90.2992277992278,0.6132075471698114,,26.64410058027079,3.0120481927710845,6.737918215613383,64.33333333333333,40.89894593512664,Q2 (Low)
2026-02-28,1620.800048828125,1713.5,1593.0,1612.5999755859375,1883412,-0.06063958673434777,-0.11884596628682198,,,0.19313768889077584,45.021268815070655,0.7430178154854659,,0,63911700000.0,36729300000.0,3942400000.0,7914300000.0,4856700000.0,4042100000.0,558200000.0,256000000.0,0.5746882026295654,0.06168510616991881,0.06324507093380398,0.12383178666816874,,,,,,,,,,,,,0.058822652337349624,0.07680217379721888,0.4070555652179657,1.0244916357808274,0.41427805575411014,235537000000.0,26223500000.0,23391300000.0,45643800000.0,,,,0.0,,302825734144.0,-0.012,0.47,ACC.NS,,,,,0.36403713857515735,,21.723189734188818,96.53284671532846,26.397800183318054,,39.50729927007299,15.51094890510949,86.10603290676416,78.57142857142857,88.39622641509433,35.41984732824427,42.11798839458414,62.27988878591289,83.27137546468401,87.71428571428571,57.56994389260106,Q4 (High)
2026-02-28,752.0999755859375,965.8499755859375,727.8499755859375,838.75,3839705,0.12493297674917381,-0.004214635930686161,,,0.5374856181104294,61.736064752259956,2.003888295084772,,0,17385600000.0,6354900000.0,1658300000.0,1949800000.0,1671300000.0,697800000.0,382400000.0,167200000.0,0.36552664273881835,0.09538353579974232,0.04013666482606295,0.11215028529357629,,,,,,,,,,,,,0.0280706526559793,0.5877133105802048,0.1626130975865827,2.476831091180867,0.4346258553454492,64601844000.0,2370823000.0,6050507000.0,7118367000.0,,,,0.0,,61838655488.0,0.109,0.6,ISGEC.NS,,,,,0.3423378346794732,,96.24197983501375,12.956204379562038,71.49404216315307,,72.99270072992701,83.66788321167883,65.53930530164533,74.03474903474904,94.15094339622641,44.274809160305345,54.642166344294004,84.61538461538461,78.99628252788105,62.28571428571429,66.39281099903565,Q5 (Highest)
2026-02-28,312.0,416.0,304.54998779296875,379.6499938964844,2155917,0.22073953021377624,-0.07997092084842783,,,0.4348046630320595,68.43809113913463,1.5737308499422025,,0,2484710000.0,458840000.0,214520000.0,246180000.0,246180000.0,175010000.0,61500000.0,1100000.0,0.18466541367000575,0.08633603116661502,0.07043477910903083,0.09907796080830358,,,,,,,,,,,,,0.12799339014059563,0.21593830334190223,0.1884243050374026,0.0313512876421711,0.016684562649706747,9141500000.0,630110000.0,787140000.0,885470000.0,,,,0.0,,14876989440.0,,0.26,JGCHEM.NS,,,,,0.1999545439492519,,87.90100824931257,30.565693430656935,85.70119156736938,,53.64963503649635,92.15328467153284,45.79524680073126,8.204633204633204,51.698113207547166,19.46564885496183,,72.1964782205746,51.20817843866171,67.23809523809524,54.3851471280382,Q4 (High)
2026-02-28,413.0,445.0,401.75,425.3500061035156,66931057,0.129447687758667,0.26205384578259716,,,0.7226726299188531,56.91123187285299,0.39363576577728243,,0,934954000.0,583514000.0,329988000.0,451873000.0,438851000.0,328339000.0,104398000.0,6114000.0,0.6241098492546158,0.35294570641978107,0.35118198328473915,0.48331040885433935,,,,,,,,,,,,,0.10715148472174207,0.36071993965967386,1.0170998071255668,1.962653168029163,1.8610783978523218,2913280000.0,835249000.0,881736000.0,1187575000.0,,,,0.0,,114707644416.0,0.041,,CUPID.NS,,,,,0.49064092315099306,,3.2997250229147568,1.7335766423357626,58.29514207149404,,97.35401459854015,84.30656934306569,73.58318098720292,20.945945945945947,93.20754716981132,,47.24371373307544,78.03521779425394,59.75836431226765,95.9047619047619,57.57785063504464,Q4 (High)
2026-02-28,88.7300033569336,93.16000366210938,82.31999969482422,84.0,6584,-0.04208008140804742,-0.40059939798883193,,,0.5237195133768601,32.57183690749204,0.8662392468484067,,0,1199000.0,514000.0,171000.0,180000.0,171000.0,171000.0,0.0,0.0,0.4286905754795663,0.14261884904086738,0.14261884904086738,0.1501251042535446,,,,,,,,,,,,,-0.0008333333333333526,-2.2391304347826084,inf,-1.0693993506493507,-1.0730816077953715,3805000.0,-2594000.0,-2596000.0,-2553000.0,,,,0.0,,1016968512.0,0.632,,CURAA.NS,,,,,0.39436531800095004,,33.36388634280477,15.237226277372258,7.516040329972502,,1.2773722627737227,21.076642335766422,10.694698354661792,1.1100386100386102,12.830188679245284,,95.06769825918762,4.541241890639481,14.312267657992564,99.76190476190476,31.119280384157314,Q1 (Lowest)
2026-02-28,17.950000762939453,18.100000381469727,16.200000762939453,17.709999084472656,961484,0.106183562229065,0.21969686819144219,,,0.5945155028727143,63.87282281057267,0.8148879399528284,,0,1131988000.0,1076986000.0,35445000.0,42920000.0,42920000.0,10809000.0,12267000.0,19844000.0,0.9514111457011912,0.03131216938695463,0.009548687795276982,0.03791559627840578,,,,,,,,,,,,,0.3511805647564925,0.2389958734525448,0.19822973440723524,-0.3831183654833923,-0.030823077791577336,4312337000.0,40683000.0,117075000.0,136143000.0,,,,0.0,,821810944.0,-0.517,,JETFREIGHT.NS,,,,,0.2819790230651239,,28.139321723189738,7.6642335766423315,76.62694775435381,,96.16788321167883,79.37956204379562,8.957952468007313,35.32818532818533,29.245283018867923,,9.526112185686655,73.6793327154773,33.55018587360595,69.04761904761905,46.48750792980732,Q2 (Low)
2026-02-28,17.399999618530273,17.399999618530273,14.760000228881836,15.489999771118164,131830,-0.04910995085621095,-0.1148571559361049,,,0.39396538182023944,43.80952698122536,0.9325268256840815,,0,250118000.0,55691000.0,11555000.0,6811000.0,6150000.0,2011000.0,1438000.0,2702000.0,0.2226589049968415,0.04619819445221855,0.008040205023229037,0.027231146898663832,,,,,,,,,,,,,0.03314415061918097,-0.7839724997314427,0.051401908445079636,-1.022060114085125,-1.0793573118016475,966949000.0,-5831000.0,33141000.0,37134000.0,,,,0.0,,322652352.0,-0.532,,CYBERMEDIA.NS,,,,,0.28846414754545247,,40.05499541704858,42.06204379562044,24.47296058661778,,41.058394160583944,19.251824817518248,2.9250457038391224,12.837837837837837,13.773584905660377,,8.994197292069632,16.96014828544949,21.84014869888476,37.80952380952381,28.802713687376936,Q1 (Lowest)
2026-02-28,1364.199951171875,1462.5,1286.0,1394.4000244140625,170561,0.015586325137700197,-0.20392781237187796,,,0.3906387005024578,62.50832666928343,0.9798961153921476,,0,4755700000.0,1589100000.0,-154800000.0,-64700000.0,-210200000.0,-190300000.0,-58100000.0,38200000.0,0.33414639274975294,-0.03255041318838447,-0.040015139727064365,-0.013604726959227873,,,,,,,,,,,,,0.17384114133385986,-0.5237737737737738,0.10174910228194145,4.697604790419161,-1.4486823855755895,26375300000.0,123300000.0,397800000.0,927000000.0,,,,0.0,,39085133824.0,0.235,0.0356,JCHAC.NS,,,,,0.3157472427165171,,46.012832263978005,43.43065693430657,73.32722273143905,,17.51824817518248,47.17153284671533,59.78062157221207,48.166023166023166,96.22641509433963,1.3740458015267176,69.72920696324951,23.169601482854496,2.973977695167286,47.23809523809524,45.07456533100597,Q2 (Low)
2026-02-28,131.89999389648438,141.7100067138672,120.66999816894531,122.11000061035156,594667,-0.052455922735845206,-0.16357287474676252,,,0.28108036822601484,38.40997881212459,1.275831379291065,,0,587850000.0,112656000.0,36841000.0,125660000.0,116309000.0,86554000.0,27480000.0,2275000.0,0.1916407246746619,0.06267074934081823,0.14723824104788635,0.2137620141192481,3273879000.0,48224000.0,1347257000.0,1926622000.0,2834729000.0,1269058000.0,535324000.0,,0.025030338073581637,0.014729927404158797,2.2337269060988545,,0.010153950314550686,0.058971786527026726,0.014363462553880213,-0.03231071955637044,-0.08379692751890222,2370449000.0,354600000.0,230642000.0,503668000.0,0.18405270987251263,0.1083118832430887,0.11678986614652484,1.0,2.239039591872516,3801356544.0,0.389,3.28,CYBERTECH.NS,,,,,0.2205378819413738,,72.86892758936754,76.64233576642336,13.748854262144821,,27.00729927007299,17.974452554744524,25.3199268738574,11.583011583011583,46.509433962264154,93.43511450381679,83.2688588007737,60.14828544949027,41.2639405204461,28.952380952380953,46.581521472586275,Q2 (Low)
2026-02-28,68.01000213623047,76.18000030517578,65.0,66.91000366210938,296477,0.06765606537491653,-0.15645481694983687,,,0.46063095126475273,49.7202649941378,1.2777818560351406,,0,262575000.0,48319000.0,-29130000.0,8183000.0,1468000.0,1125000.0,0.0,343000.0,0.18401980386556221,-0.1109397315052842,0.004284490145672665,0.031164429210701703,2376283000.0,0.0,543141000.0,1833142000.0,2073160000.0,498209000.0,6690000.0,164402000.0,0.0,0.0,4.161225509776018,3.831239499888601,0.37396850978771057,-0.9904400142762454,0.05288166584465115,-0.9853639497820855,-0.9200050833871,1106206000.0,186079000.0,-23231000.0,251724000.0,0.10150823013165373,0.0783067505006769,-0.012672777122557882,1.0,2.342898720396518,1408781312.0,0.576,,ALPA.NS,,,,,0.2543557076919264,,73.05224564619614,25.638686131386862,39.23006416131989,,28.649635036496353,68.7043795620438,14.53382084095064,5.115830115830116,14.81132075471698,,93.32688588007737,12.78962001853568,14.312267657992564,38.285714285714285,38.56336467275071,Q1 (Lowest)
2026-02-28,1140.0999755859375,1182.9000244140625,981.0999755859375,988.5999755859375,3616777,-0.11983616580957335,-0.11747900492967067,,,0.29229632947891576,25.486805932544755,0.7331435347128684,,0,18485000000.0,6332000000.0,1671000000.0,2235000000.0,1534000000.0,918000000.0,421000000.0,141000000.0,0.34254801190154177,0.09039761969164187,0.049661888017311334,0.12090884500946714,,,,,,,,,,,,,0.07985745998364302,-0.4031209362808843,-0.0003244821805202802,-0.48743718592964824,-0.3573893041978148,73959000000.0,5383000000.0,7760000000.0,11225000000.0,,,,0.0,,109155852288.0,0.43,3.24,CYIENT.NS,,,,,0.3144270223316997,,21.081576535288725,72.9014598540146,3.2080659945004584,,40.41970802919708,5.656934306569343,72.94332723948813,71.47683397683397,25.0,93.12977099236642,85.73500967117988,26.59870250231696,80.11152416356877,25.428571428571427,48.24609897959305,Q3 (Medium)
2026-02-28,4001.8031028523283,4786.39990234375,3957.205845536824,4733.89990234375,9438519,0.18864846938181246,0.09728791249337188,,,0.2575688636768854,83.41279970421309,1.0388242421097769,,0,30062400000.0,11077200000.0,5841100000.0,6806600000.0,6303000000.0,4860600000.0,1394600000.0,47800000.0,0.36847357496407473,0.19429919101602,0.16168369790835063,0.2264157219649795,,,,,,,,,,,,,0.05160719345439024,-0.19513164431197216,0.21952545343172059,0.08164764002937441,0.061242944900059326,113452300000.0,21779200000.0,21863200000.0,30246700000.0,,,,0.0,,1312237027328.0,0.31,1.13,CUMMINSIND.NS,,,,,0.47780670316521073,,53.437213565536204,84.39781021897811,98.07516040329972,,89.14233576642336,90.6021897810219,95.97806215722122,53.76447876447876,56.60377358490566,66.87022900763358,77.07930367504837,36.97868396663577,92.1003717472119,72.47619047619047,71.16705354097233,Q5 (Highest)
2026-02-28,545.0,618.4000244140625,542.0999755859375,570.4500122070312,8395817,0.03267557385087838,-0.07183528332687494,,,0.4331837822259274,55.113855943643784,0.7252630196846428,,0,16139800000.0,4817700000.0,1307200000.0,1937000000.0,1512700000.0,551100000.0,174600000.0,738200000.0,0.29849812265331666,0.08099232952081191,0.03414540452793715,0.12001387873455681,,,,,,,,,,,,,0.2871885666889973,0.4975543478260869,0.2559373735487285,0.11265899454875838,0.15359418736227748,56333071000.0,2108915000.0,5149522000.0,7331830000.0,,,,0.0,,134961922048.0,-0.157,0.15,JBMA.NS,,,,,0.400628006599464,,20.714940421631532,31.204379562043798,53.345554537121906,,56.20437956204379,54.74452554744526,76.3254113345521,87.64478764478764,59.339622641509436,9.389312977099237,27.466150870406192,82.85449490268768,67.93680297397769,76.28571428571429,53.56373848406804,Q4 (High)
2026-02-28,1862.617720830835,2015.199951171875,1818.510908948726,2000.300048828125,5297070,0.06844828557508631,0.1641984799911731,,,0.19963918002796,73.33105512043741,1.5353346220042718,,0,10647200000.0,7352900000.0,2504700000.0,3141000000.0,2687500000.0,1978900000.0,689800000.0,18800000.0,0.6905947103463822,0.23524494702832668,0.18586107145540612,0.2950071380268991,,,,,,,,,,,,,-0.018600792699787982,-0.04778173419305165,0.10506595813137665,0.217859560588344,0.19652584663441397,41370923000.0,7537818000.0,9475195000.0,11943381000.0,,,,0.0,,321223491584.0,-0.07,1.27,JBCHEPHARM.NS,,,,,0.2868683869523624,,86.06782768102657,95.8029197080292,90.37580201649862,,93.61313868613139,69.06934306569343,86.654478976234,34.84555984555985,66.50943396226415,70.91603053435115,34.96131528046422,49.58294717330862,85.31598513011153,48.19047619047619,67.46035055000993,Q5 (Highest)
2026-02-28,501.0,525.2999877929688,493.8500061035156,509.70001220703125,22418517,-0.012592018299668384,-0.011538857607526154,,,0.1636864179515132,58.79936274401543,0.7980427301281751,,0,35586500000.0,17217500000.0,6169400000.0,8594200000.0,7422300000.0,5599700000.0,1575000000.0,311200000.0,0.483821111938516,0.1733634945836202,0.1573546148117966,0.24150169305776067,,,,,,,,,,,,,0.04525374642393487,0.08962658831312886,0.1750187380926438,0.31757647058823535,0.2202297283866479,129855400000.0,19163900000.0,20670400000.0,30326500000.0,,,,0.0,,904049852416.0,0.196,1.57,DABUR.NS,,,,,0.4447610947710744,,26.672777268560953,98.81386861313868,63.06141154903758,,71.44160583941606,31.569343065693428,93.327239488117,80.4054054054054,73.0188679245283,78.09160305343511,65.32882011605416,63.20667284522706,92.4721189591078,64.57142857142857,66.79874417994334,Q5 (Highest)
2026-02-28,82.73999786376953,90.9000015258789,78.11000061035156,81.97000122070312,435182,0.012100301059175589,-0.12946051367149203,,,0.27072352117582776,55.92273476214267,1.2435264426639276,,0,2951700000.0,1260100000.0,61000000.0,119300000.0,64900000.0,-15000000.0,0.0,79900000.0,0.4269065284412373,0.020666056848595724,-0.0050818172578514075,0.0404173865907782,,,,,,,,,,,,,0.10364554122265845,-1.076608784473953,0.25727307577629177,-1.0203832042397065,-0.642814371257485,8656252000.0,405537000.0,-3076000.0,978030000.0,,,,0.0,,2367087616.0,0.021,0.61,JAYSREETEA.NS,,,,,0.17470404118492477,,70.85242896425298,80.2919708029197,55.91200733272227,,36.4051094890511,45.894160583941606,19.652650822669106,61.48648648648649,13.867924528301886,45.038167938931295,45.40618955512573,11.584800741427248,14.312267657992564,76.38095238095238,45.139007818984965,Q2 (Low)
2026-02-28,2000.0,2219.89990234375,1980.800048828125,2070.0,2748950,-0.07274677900373039,0.03026082535621355,,,0.24387637521087496,50.915154723909936,0.5270393353582695,,0,35060000000.0,29220000000.0,2620000000.0,6320000000.0,2920000000.0,1220000000.0,460000000.0,1180000000.0,0.8334284084426697,0.07472903593839134,0.03479749001711352,0.1802624073017684,,,,,,,,,,,,,-0.03575357535753576,-0.6895674300254453,0.13573048266925825,1.652173913043478,0.24654832347140032,140020000000.0,10110000000.0,14510000000.0,30130000000.0,,,,0.0,,388598628352.0,0.06,0.43,DALBHARAT.NS,,,,,0.31003187182415426,,7.6076993583868004,87.31751824817519,41.888175985334556,,80.56569343065694,12.773722627737227,88.39122486288848,90.73359073359073,91.69811320754717,31.297709923664126,49.37137330754352,18.721037998146432,81.41263940520446,56.47619047619048,55.8836459710044,Q4 (High)
2026-02-28,37.900001525878906,62.849998474121094,34.0,43.77000045776367,134537,0.15947021080168677,-0.09077687966951753,,,0.5998879117110986,58.939617438078294,2.2710360354821404,,0,104595000.0,-2502000.0,-4644000.0,-3397000.0,-3497000.0,-4078000.0,15000.0,566000.0,-0.023920837516133657,-0.04439982790764377,-0.03898847937281897,-0.03247765189540609,294651000.0,142603000.0,164365000.0,130286000.0,203337000.0,161865000.0,26202000.0,80206000.0,1.0945381698724346,0.48397256415216644,1.2562135112593829,0.7607018194174158,-0.40814155486269477,-0.7653624856156502,,,,615168000.0,-47107000.0,-55268000.0,-49890000.0,-0.3615660930568135,-0.15987388469748956,-0.2025292334978691,0.0,2.8365581654228222,411788160.0,-0.147,,ABMINTLLTD.NS,,,,,0.2570708591967137,,98.07516040329972,6.9343065693430646,63.15307057745188,,49.45255474452554,88.32116788321169,4.296160877513711,6.467181467181467,,,28.191489361702125,17.330861909175162,17.37918215613383,,41.97340906330255,Q2 (Low)
2026-02-28,70.44999694824219,84.16999816894531,69.11000061035156,79.12999725341797,58486444,0.08531056479072796,0.07411428288557032,,,0.5299033078491614,64.41869325497497,0.678027114733241,,0,16493500000.0,10028600000.0,2399200000.0,3194400000.0,2447700000.0,930200000.0,323700000.0,1193800000.0,0.6080334677297117,0.14546336435565527,0.05639797495983266,0.19367629672295147,,,,,,,,,,,,,-0.0067098799710952894,-0.08479652415519301,0.14732602465288402,-3.9362373737373737,0.8846017699115045,61967417000.0,2373786000.0,8030492000.0,10940387000.0,,,,0.0,,76843483136.0,0.47,,JAYNECOIND.NS,,,,,0.31747967247449543,,17.598533455545372,14.051094890510953,77.91017415215399,,87.22627737226277,74.45255474452554,68.64716636197441,90.83011583011583,3.018867924528302,,88.20116054158608,46.70991658943466,76.02230483271374,58.57142857142858,56.88263968445202,Q4 (High)
2026-02-28,266.12484891021256,308.04998779296875,266.075587682838,283.8500061035156,995627,0.089191041303601,-0.07813550437190009,,,0.30470410240170664,56.90303026913016,1.0756619428548568,,0,6977500000.0,2565200000.0,764400000.0,1381300000.0,1051800000.0,695600000.0,233900000.0,122300000.0,0.3676388391257614,0.10955213185238266,0.09969186671443928,0.1979648871372268,,,,,,,,,,,,,-0.29428958653612747,1.9828473413379073,-0.16703475115498945,0.172820772213792,0.1505080792936866,36472100000.0,3375600000.0,3372500000.0,5272200000.0,,,,0.0,,22974621696.0,0.44,2.11,DALMIASUG.NS,,,,,0.4241463467092644,,55.91200733272227,68.97810218978103,58.20348304307974,,54.83576642335767,75.54744525547446,51.46252285191956,68.82239382239382,64.05660377358491,85.19083969465649,86.17021276595744,94.71733086190918,71.74721189591078,11.047619047619047,63.11276926389109,Q5 (Highest)
2026-02-28,176.7899932861328,183.5800018310547,161.27000427246094,163.8000030517578,7378466,-0.10335006777415123,-0.3032752071489274,,,0.38674536456301734,43.36821804016126,0.9988398161176216,,0,660200000.0,340600000.0,252800000.0,328100000.0,292000000.0,200600000.0,69100000.0,22300000.0,0.5159042714328991,0.3829142684035141,0.30384731899424416,0.4969706149651621,,,,,,,,,,,,,-0.3616938992555352,-0.6153403643336529,-0.3446495930117133,-0.6105610561056105,-0.5375616631430584,2295600000.0,809400000.0,997500000.0,1272700000.0,,,,0.0,,11578366976.0,,0.61,DAMCAPITAL.NS,,,,,0.3248465009700172,,48.57928505957837,44.160583941605836,22.823098075160402,,4.835766423357665,7.755474452554745,40.493601462522854,38.030888030888036,22.169811320754718,45.038167938931295,,20.667284522706208,53.438661710037174,5.333333333333334,33.555063751428705,Q1 (Lowest)
2026-02-28,85.7699966430664,115.88999938964844,82.7699966430664,104.11000061035156,17423423,0.22756754636649745,0.154212906127825,,,0.5717967339842221,67.94872285571353,2.4949235684215507,,0,6454943000.0,1684035000.0,463715000.0,659729000.0,414664000.0,183674000.0,101936000.0,129054000.0,0.2608907623196673,0.07183874435452024,0.02845478263712011,0.10220524023217556,,,,,,,,,,,,,0.10785753392682751,-0.0032722477574520514,0.09283434635146715,3.6899879988764903,0.8096780741504734,22099932000.0,806449000.0,1649748000.0,2547595000.0,,,,0.0,,11269907456.0,0.09,0.67,JAYBARMARU.NS,,,,,0.34986228395728775,,99.26672777268561,8.941605839416056,85.05957836846929,,92.97445255474453,92.7919708029197,39.762340036563074,70.07722007722008,95.47169811320755,48.396946564885496,52.27272727272727,53.84615384615385,59.572490706319705,44.857142857142854,62.886070320830335,Q5 (Highest)
2026-02-28,367.0,397.20001220703125,334.75,336.6000061035156,3324151,-0.07183231278477431,-0.23212044846184376,,,0.3172739639805912,41.184976802019285,1.1067844362835406,,0,3033470000.0,1249310000.0,167200000.0,317850000.0,210120000.0,112330000.0,36740000.0,61050000.0,0.4118418840469825,0.05511839576458643,0.03703019973825355,0.10478099338381458,,,,,,,,,,,,,0.08950281402306537,0.5051587833311002,-0.22108871485428172,-0.273133169405979,-0.17938192239175899,14540650000.0,607220000.0,963110000.0,1557600000.0,,,,0.0,,26816450560.0,-0.332,,CYIENTDLM.NS,,,,,0.27678620918700264,,58.20348304307974,65.05474452554745,18.881759853345553,,12.135036496350365,12.956204379562045,53.83912248628885,57.239382239382245,33.20754716981132,,17.843326885880078,82.9471733086191,45.353159851301115,8.380952380952381,41.069459508008016,Q2 (Low)
2026-02-28,10.5,12.0,9.720000267028809,9.899999618530273,1640086,-0.0616114275311036,-0.08163266569936845,,,0.6927059567430253,43.16940218198494,0.5900487266501017,,0,232678000.0,98287000.0,-2284000.0,22588000.0,3568000.0,7889000.0,-7090000.0,2770000.0,0.42241638659434927,-0.009816140761051754,0.03390522524690774,0.09707836581026139,,,,,,,,,,,,,0.044471677193171466,-4.9903894790085985,0.026845252543083564,-1.4295437220951759,3.33384497313891,934387000.0,-53128000.0,-64425000.0,584000.0,,,,0.0,,865317056.0,0.013,,JHS.NS,,,,,0.2685730296470826,,11.274060494958754,2.4635036496350295,22.45646196150321,,53.37591240875912,15.237226277372262,9.506398537477148,13.127413127413126,8.962264150943396,,44.439071566731144,2.3169601482854496,7.342007434944238,31.61904761904762,24.808021825138034,Q1 (Lowest)
2026-02-28,18.040000915527344,22.829999923706055,17.760000228881836,21.68000030517578,56245735,0.17316021873408616,0.07273633286963022,,,0.4518930705571264,67.45379721985327,2.421103249137103,,0,744082000.0,137989000.0,96800000.0,118033000.0,105761000.0,61209000.0,21786000.0,22765000.0,0.18544864678892917,0.13009318865393868,0.08226109487932781,0.15862902207014817,,,,,,,,,,,,,0.9946921301446796,1.8721786870630193,-0.008467077805435763,0.16095442216869293,0.17812690269196607,2440197000.0,201004000.0,334927000.0,399018000.0,,,,0.0,,13848953856.0,0.721,0.02,ABINFRA.NS,,,,,0.2912208229114472,,98.99175068744272,27.37226277372264,83.95967002749771,,86.95255474452554,89.59854014598541,44.424131627056674,38.803088803088805,62.64150943396226,0.38167938931297707,96.71179883945842,94.34661723818351,38.847583643122675,24.666666666666668,59.17985693466839,Q4 (High)
2026-02-28,119.9000015258789,130.35000610351562,108.19999694824219,110.3499984741211,3814718,0.03411113692135803,0.26897423684339583,,,0.7841805632127593,30.5312375053674,0.42459637605990325,,0,737001000.0,70634000.0,29777000.0,37014000.0,34212000.0,17434000.0,7164000.0,9614000.0,0.09583976141144991,0.04040293025382598,0.023655327469026502,0.0502224556004673,1515139000.0,416249000.0,726856000.0,788283000.0,1183275000.0,641770000.0,40404000.0,335662000.0,0.5280451309999074,0.2747266092417923,1.8437680165791483,1.3207426336538013,0.47778216678262986,0.4167072972533723,0.3350451596074211,0.3412832743498999,0.3445945945945945,2805610000.0,74229000.0,102447000.0,135619000.0,0.09416542028687666,0.048991544670158975,0.08505128962949926,1.0,3.083487257604748,1580098816.0,0.797,,CUBEXTUB.NS,,,,,0.467297680034981,,4.032997250229148,0.729927007299267,6.14115490375802,,97.53649635036497,56.02189781021898,15.539305301645337,26.254826254826252,73.77358490566037,,97.38878143133462,79.79610750695088,29.739776951672862,84.47619047619047,48.095403076676746,Q3 (Medium)
2026-02-28,23.43000030517578,26.100000381469727,21.549999237060547,23.229999542236328,615202,-0.08362922316889077,-0.21174075047536478,,,0.37657409131255465,55.50978051157786,1.161525494376675,,0,15975800000.0,6639100000.0,1015000000.0,1323900000.0,629800000.0,-418600000.0,-14300000.0,1118900000.0,0.41557230310845156,0.06353359456177468,-0.02620213072271811,0.08286908949786552,,,,,,,,,,,,,0.03359751560832014,-4.005025125628141,0.1740178427078587,-45.06315789473684,-0.2549803038829488,,,,,,,,0.0,,29944969216.0,-0.162,,JISLDVREQS.NS,,,,,0.20568522694690075,,64.16131989000917,48.17518248175182,54.81209899175069,,15.967153284671534,10.401459854014599,55.85009140767825,90.2992277992278,0.6132075471698114,,26.64410058027079,3.0120481927710845,6.737918215613383,64.33333333333333,39.40047610521748,Q1 (Lowest)
2026-02-28,6.960000038146973,7.989999771118164,6.360000133514404,6.800000190734863,248411,-0.03682716064475133,-0.0684931488953382,,,0.5556661462669078,59.66851658365487,1.353696115782136,,0,0.0,0.0,-6633000.0,-4915000.0,-5059000.0,-7123000.0,0.0,2064000.0,,,,,,,,,,,,,,,,,-1.0,-4.092491233310511,-1.0,0.17193155643303726,0.471556886227545,24480800.0,-8219679.0,-6194696.0,567235.0,,,,0.0,,141232848.0,-0.388,,CREATIVEYE.NS,,,,,0.30711209266566436,,77.4518790100825,10.492700729927009,65.26122823098075,,57.299270072992705,22.9014598540146,0.9140767824497258,10.907335907335908,63.77358490566037,,14.65183752417795,2.7803521779425395,14.312267657992564,0.38095238095238093,32.74179634896726,Q1 (Lowest)
2026-02-28,64.80000305175781,75.0999984741211,62.88999938964844,69.8499984741211,88690273,0.07926448017088328,-0.08942772379383512,,,0.3742191636469313,61.05623055149335,0.4856466416687597,,0,23736600000.0,13959000000.0,-407900000.0,3411200000.0,-83900000.0,-1522300000.0,-35500000.0,1324600000.0,0.5880791688784409,-0.01718443247979913,-0.06413302663397454,0.14371055669303945,,,,,,,,,,,,,0.2960479617354461,-0.34869293629401443,0.3482797598423184,0.04131609549216764,0.2660802434769698,23381800000.0,-4144300000.0,-6726300000.0,5259100000.0,,,,0.0,,84963827712.0,-0.487,,ABFRL.NS,,,,,0.3132864319950072,,5.682859761686526,49.27007299270073,69.8441796516957,,50.09124087591241,72.71897810218978,70.10968921389397,91.31274131274131,52.924528301886795,,10.735009671179883,28.915662650602407,3.903345724907063,85.42857142857143,49.395791979197874,Q3 (Medium)
2026-02-28,242.39999389648438,274.3500061035156,237.0,258.6000061035156,195411879,-0.017663794478573136,-0.16134262693446655,,,0.280708240776397,66.03981867702284,0.8739930207870479,,0,6863700000.0,5864200000.0,5473600000.0,5910200000.0,5834700000.0,2689800000.0,1021100000.0,2123800000.0,0.8543788335737285,0.7974707519268033,0.3918877573320512,0.8610807581916459,,,,,,,,,,,,,0.6481846124291615,-0.17150249491776015,0.41062950860102343,-0.6096477861465454,-0.24140675137979717,17637200000.0,12045300000.0,12942000000.0,19071200000.0,,,,0.0,,1642922508288.0,0.507,0.19,JIOFIN.NS,,,,,0.28592413779244474,,34.28047662694775,76.91605839416059,80.56828597616865,,27.463503649635037,29.105839416058394,96.9835466179159,93.14671814671814,22.264150943396228,12.366412213740457,90.13539651837525,38.368860055607044,89.68401486988847,87.90476190476191,58.61253502222492,Q4 (High)
2026-02-28,1273.300048828125,1400.5,1225.5999755859375,1285.9000244140625,3351864,-0.05113631143351738,-0.05392872968735374,,,0.42873604636194795,59.63260445697667,0.12119710315994063,,0,14685200000.0,7817700000.0,6577000000.0,6740800000.0,6577000000.0,2520900000.0,858300000.0,,0.5323523002751069,0.44786587857162313,0.17166262631765314,0.45901996567973197,,,,,,,,,,,,,0.03829293814870338,3.1882372487124107,0.07690389762769034,-3.5330586816720255,0.08691025186236256,,,,,,,,0.0,,205887291392.0,0.067,,CREDITACC.NS,,,,,0.271231610346386,,0.27497708524289644,32.02554744525547,65.16956920256646,,61.31386861313869,18.065693430656935,82.54113345521023,,3.490566037735849,,50.338491295938105,96.66357738646896,87.63940520446096,42.19047619047619,49.31422035647671,Q3 (Medium)
2026-02-28,34.29999923706055,34.29999923706055,34.29999923706055,34.29999923706055,0,0.0,0.9378529807116414,,,0.4868682232184009,,,,0,0.0,0.0,-1572000.0,-1281000.0,-1281000.0,-170978000.0,0.0,169700000.0,,,,,95152000.0,9256546000.0,9372236000.0,-9273366000.0,60020000.0,4345750000.0,880000.0,0.0,-0.9981862033699522,97.28167563477383,0.013811194845538746,0.013811194845538746,,0.00966092286615261,,0.08347644244478936,5.341584158415841,0.0,-663437000.0,-7934000.0,-190150000.0,0.07154219945594728,-6.972391541953926,0.4717003567181926,0.0,-190.53530876912725,13455252.0,-0.604,,ALPSINDUS.NS,,,,,0.4113982889734032,,,20.620437956204384,,,100.0,37.86496350364963,0.09140767824497258,74.13127413127413,56.69811320754717,,6.866537717601548,55.14365152919369,14.312267657992564,,44.38191022544722,Q2 (Low)
2026-02-28,357.20001220703125,394.3500061035156,335.5,340.3999938964844,227752,-0.07875509094320876,-0.06496358931327273,,,0.3750045749298649,41.96775417118747,1.2271406525624413,,0,347041000.0,213470000.0,144345000.0,159844000.0,144345000.0,110403000.0,37504000.0,,0.6151146406332393,0.41593068254183224,0.31812667667509026,0.46059111171302525,,,,,,,,,,,,,0.18283355714762872,1.9710172228202367,-0.18839234138686656,-0.2328223587291881,-0.1714707788000518,1801269000.0,478936000.0,718611000.0,751974000.0,,,,0.0,,9598182400.0,-0.24,0.29,CREST.NS,,,,,0.2402551143426567,,69.75252062328138,48.90510948905109,20.439963336388633,,58.48540145985402,11.313868613138686,37.29433272394881,,35.0,21.52671755725191,21.5183752417795,94.62465245597775,45.817843866171,10.0,41.645252357789516,Q2 (Low)
2026-02-28,24.850000381469727,31.799999237060547,24.329999923706055,25.6299991607666,17081869,0.06658337196845276,-0.2314842478732061,,,0.44283717684135715,52.62294815420256,1.1287503880247292,,0,5321169000.0,1025407000.0,183724000.0,307956000.0,269489000.0,143260000.0,39282000.0,86967000.0,0.19270333266994527,0.03452699961230324,0.02692265552926434,0.05787374917053001,,,,,,,,,,,,,-0.07190736600641223,0.2026426910452397,-0.1476598391385182,-0.22339254834145572,-0.395566197901844,22318186000.0,656991000.0,1168312000.0,1514177000.0,,,,0.0,,25714300928.0,-0.739,0.11,JINDWORLD.NS,,,,,0.2905132148486979,,60.586617781851515,29.014598540145982,46.1961503208066,,12.226277372262775,68.52189781021897,53.016453382084094,62.93436293436293,35.37735849056604,5.9541984732824424,4.545454545454546,71.26969416126042,46.18959107806692,12.285714285714286,40.54122461173851,Q2 (Low)
2026-02-28,4601.0,4872.7001953125,4355.10009765625,4567.0,733689,0.002722500785553139,0.009973705440245118,,,0.28988585472775813,35.96911625061341,1.0423831293801331,,0,10815700000.0,5201400000.0,3044700000.0,3666700000.0,3315700000.0,2415000000.0,850200000.0,50500000.0,0.48091200754458796,0.28150743826104646,0.2232865186719306,0.3390164298196141,46319400000.0,2968100000.0,15985000000.0,30334400000.0,22696500000.0,12063000000.0,3201300000.0,,0.09784600981064402,0.06407898202481034,1.8814971400149216,,0.2829707480249579,0.40758873929008566,0.3322452700039418,0.4077528417371028,0.4954525062196664,36506800000.0,7976000000.0,9800300000.0,12088700000.0,0.2629358088506778,0.17219566747410373,0.2942812101193604,1.0,2.2167163218867256,334262992896.0,-0.025,2.45,CRISIL.NS,,,,,0.3697606879688347,,53.895508707607696,74.08759124087591,11.274060494958754,,76.55109489051095,39.68978102189781,87.0201096892139,54.729729729729726,77.0754716981132,88.54961832061069,40.522243713733076,79.70342910101947,87.54646840148699,84.0952380952381,63.649356340333085,Q5 (Highest)
2026-02-28,475.75,499.0,446.70001220703125,467.6499938964844,1170594,-0.07888520257552245,-0.19737411087080448,,,0.41919416741609467,55.587525413011754,0.5919277225385049,,0,2415800000.0,674000000.0,438400000.0,-432100000.0,-432100000.0,-333900000.0,-120800000.0,22600000.0,0.2789966056792781,0.18147197615696664,-0.13821508403013494,-0.17886414438281314,,,,,,,,,,,,,0.014914086459689946,-1.2519619680048295,0.00885325315292751,-1.5062926459438968,-1.5022666511681972,9787045000.0,2368414000.0,2513255000.0,3132982000.0,,,,0.0,,13555376128.0,-0.634,0.21,JINDRILL.NS,,,,,0.30280287555403784,,11.45737855178735,34.85401459854015,55.08707607699358,,18.886861313868614,11.222627737226277,43.69287020109689,38.61003861003861,8.018867924528301,14.122137404580155,6.09284332688588,9.545875810936053,1.3940520446096654,27.80952380952381,25.38627782737435,Q1 (Lowest)
2026-02-28,226.47000122070312,274.7699890136719,219.14999389648438,265.42999267578125,64621726,0.14286326232844448,-0.0071816472186313485,,,0.27254936918096845,79.67957936304245,1.108959724679754,,0,18983000000.0,6110200000.0,1516800000.0,1880100000.0,1444100000.0,983100000.0,350200000.0,83900000.0,0.32187746931464994,0.07990307116894063,0.05178844229047042,0.09904124743191277,,,,,,,,,,,,,-0.05006155108740251,-0.1960912584839316,0.0011338765393034134,-0.21289031224979982,-0.14904498958993395,76898300000.0,4999300000.0,7104400000.0,8854800000.0,,,,0.0,,173484457984.0,-0.128,1.13,CROMPTON.NS,,,,,0.2749636177607154,,58.29514207149404,79.65328467153284,95.78368469294224,,72.53649635036497,86.4963503649635,80.3473491773309,62.25868725868726,36.22641509433962,66.87022900763358,29.980657640232106,36.79332715477294,77.23048327137546,26.095238095238095,60.57115632339383,Q5 (Highest)
2026-02-28,1100.0,1232.800048828125,1082.699951171875,1217.0999755859375,16964656,0.16871514024664203,0.17186597746576804,,,0.2659430585370861,80.1441002414203,0.6476472730156372,,0,130900400000.0,63452500000.0,7950700000.0,15839700000.0,7453200000.0,1904300000.0,1502900000.0,4064500000.0,0.4847387784911276,0.06073854625348738,0.01454770191687726,0.12100574177007863,,,,,,,,,,,,,0.06057149153651942,-0.8725342543692309,0.16037812786991035,-0.7788012545011035,-0.2913139574422392,417015000000.0,22954800000.0,59547800000.0,79972400000.0,,,,0.0,,1238384771072.0,0.619,0.16,JINDALSTEL.NS,,,,,0.4024904108155011,,15.215398716773601,81.47810218978103,96.15032080659945,,94.25182481751825,89.32481751824818,95.42961608775137,94.20849420849422,18.20754716981132,10.15267175572519,94.87427466150871,15.106580166821132,92.28624535315984,61.523809523809526,63.880646865066794,Q5 (Highest)
2026-02-28,116.9000015258789,155.47000122070312,109.20999908447266,124.56999969482422,663008,0.087757626146999,-0.045440615365331616,,,0.5497472892458971,54.862945091905935,1.6800632214587095,,0,95276000.0,62007000.0,29993000.0,57690000.0,38913000.0,21983000.0,7516000.0,9413000.0,0.6508144758386162,0.31480120911877074,0.2307296695915026,0.6055040094042571,1925805000.0,491086000.0,1190661000.0,735144000.0,444620000.0,784228000.0,308993000.0,0.0,0.6680133416038219,0.2550029727828103,0.566952467904742,0.566952467904742,-0.05378778850355537,-0.21735260609512963,0.26089833514200267,0.03303571428571428,0.14915740408748657,394407000.0,109027000.0,158904000.0,254479000.0,0.14830699835678451,0.05661372776579145,0.129587434657446,1.0,0.5942927243412495,1398092032.0,0.344,,CROWN.NS,,,,,0.29957129960798334,,91.6590284142988,11.313868613138695,52.52062328139322,,63.777372262773724,75.0,14.442413162705666,25.868725868725868,52.264150943396224,,79.98065764023211,35.31047265987025,30.111524163568777,76.76190476190476,50.600716118133874,Q3 (Medium)
2026-02-28,417.0,428.0,373.6000061035156,384.8500061035156,9966784,-0.17933682463875766,-0.06815979151691132,,,0.6027786033937826,40.27592126546761,0.36311040309794385,,0,7296700000.0,,,,,1526700000.0,526700000.0,7010400000.0,,,0.2092315704359505,,,,,,,,,,,,,,-0.05576116776230655,-0.04777646104908628,0.2267072391647893,0.006858801028820194,,28795481000.0,6220377000.0,,,,,,0.0,,65169207296.0,0.161,,CSBBANK.NS,,,,,0.34006992295743227,,2.566452795600367,6.386861313868607,16.498625114573787,,57.3905109489051,2.3722627737226274,66.08775137111517,95.27027027027027,49.62264150943396,,61.605415860735015,49.675625579240034,82.71375464684016,73.23809523809524,47.561884494826685,Q3 (Medium)
2026-02-28,172.0,198.89999389648438,169.05999755859375,181.27999877929688,35834263,-0.0636847362852363,0.10671547864389042,,,0.4583848585107461,53.94236455027655,0.2681434492220752,,0,49434100000.0,20315600000.0,4577200000.0,6349100000.0,4800000000.0,2579900000.0,995700000.0,1328100000.0,0.41096328243054897,0.09259195575523778,0.05218867138270951,0.12843563451140003,,,,,,,,,,,,,0.21023189087027627,-0.39159041599849076,-0.11279953768180451,-0.48361722143271757,-0.3325729543352115,185567141000.0,14797264000.0,22992185000.0,29115250000.0,,,,0.0,,115546644480.0,0.203,1.1,JINDALSAW.NS,,,,,0.3471007494366736,,1.2832263978001834,26.277372262773724,50.04582951420715,,90.23722627737226,14.68978102189781,73.94881170018282,91.40926640926641,25.18867924528302,66.18320610687023,66.29593810444874,27.340129749768305,89.21933085501858,14.857142857142858,49.13172936680213,Q3 (Medium)
2026-02-28,262.95001220703125,279.0,240.0,261.3999938964844,483686,-0.008534041540252835,-0.11179067367012108,,,0.4391583469155227,49.27622901364162,1.6170596813408835,,0,632166000.0,326513000.0,280404000.0,285773000.0,280404000.0,209208000.0,45709000.0,,0.5164988310032491,0.4435607103197578,0.33093839276392595,0.4520537327221015,,,,,,,,,,,,,0.02483602065993784,-0.14454998589297474,0.20525291272409052,0.24721592941457016,0.14652239500585762,2378915000.0,856703000.0,1098063000.0,1057219000.0,,,,0.0,,5878227968.0,0.246,1.15,CSLFINANCE.NS,,,,,0.3257871600720112,,89.45921173235564,29.74452554744525,37.85517873510541,,41.78832116788321,33.941605839416056,29.890310786106035,,68.11320754716981,67.40458015267176,70.93810444874275,41.05653382761816,47.76951672862453,70.0,51.8640731008759,Q3 (Medium)
2026-02-28,33.95000076293945,39.38999938964844,32.0,33.02000045776367,505167,-0.14055174306453844,-0.23084089860156198,,,0.5103943075094786,39.37574502246,1.4532274831851975,,0,467747000.0,95462000.0,36761000.0,63737000.0,33584000.0,12525000.0,3667000.0,17393000.0,0.20408896262295642,0.07859163180095223,0.026777296273412764,0.13626383493640792,,,,,,,,,,,,,0.06043678259943008,-1.240320042979393,-0.09323239764267988,-1.2825591625871364,1.4661249758173729,1916742650.0,-95966080.0,44148940.0,138653740.0,,,,0.0,,637717632.0,-0.611,,CTE.NS,,,,,0.2674362008455708,,83.31805682859762,16.879562043795616,14.940421631530706,,12.408759124087592,4.105839416058394,7.495429616087751,33.687258687258684,10.377358490566039,,6.72147001934236,9.731232622798888,26.11524163568773,15.904761904761905,26.112359468038218,Q1 (Lowest)
2026-02-28,386.20001220703125,514.0,383.20001220703125,490.1000061035156,1392362,0.33469496135853083,-0.0798836315784528,,,0.35893757642505725,86.43694953971928,0.3462690420232411,,0,3716588000.0,1163942000.0,-1234918000.0,-51145000.0,-512641000.0,-964071000.0,196466000.0,291816000.0,0.31317487975530245,-0.33227196557702926,-0.25939679081996714,-0.013761277817180704,,,,,,,,,,,,,-0.09437943738086063,6.539049242631592,-0.6866112606133521,-24.482426013883813,-1.0690777122574615,31879146000.0,-2513371000.0,-1048077000.0,-139438000.0,,,,0.0,,21459722240.0,-0.311,1.2,JINDALPOLY.NS,,,,,0.296856931803805,,2.016498625114574,52.91970802919708,98.80843263061412,,53.74087591240876,97.17153284671532,50.73126142595979,80.01930501930502,0.9433962264150944,69.08396946564885,18.27852998065764,98.14643188137164,69.42379182156134,2.380952380952381,52.91097908306144,Q3 (Medium)
2026-02-28,214.05999755859375,233.0,196.38999938964844,207.22000122070312,92308,0.011470718794967416,-0.13586322525618444,,,0.3216645822960144,35.18262503701726,1.1669329121319951,,0,52047000.0,-42752000.0,-84828000.0,-74630000.0,-74630000.0,-57161000.0,-17829000.0,581000.0,-0.8214114166042231,-1.6298345725978443,-1.0982573443234,-1.433896286049148,2903267000.0,,296596000.0,2597694000.0,1855389000.0,285740000.0,536084000.0,17009000.0,,,6.493277105060544,6.433750962413383,-0.8725675027177373,-8.051690106094252,-0.7215919120596967,-4.225608035663901,-4.699499330788678,1277633000.0,-165399000.0,-204222000.0,-202902000.0,-0.06367147169759024,-0.05696995832625797,,0.0,2.256666162636781,1318907008.0,0.178,3.86,ALPHAGEO.NS,,,,,0.23602455833184166,,64.52795600366636,63.86861313868613,10.174152153987167,,34.762773722627735,45.346715328467155,13.345521023765997,6.660231660231661,2.7358490566037736,95.49618320610686,64.02321083172147,1.5755329008341055,6.319702602230483,2.1904761904761907,34.068461187960345,Q1 (Lowest)
2026-02-28,284.1000061035156,324.1000061035156,268.20001220703125,281.70001220703125,26557033,0.006970553018878389,0.07220340435980988,,,0.38219403680928926,47.02144616932962,0.8263574987225649,,0,9975218000.0,,,,,3321609000.0,850000000.0,10035068000.0,,,0.3329861061683063,,,,,,,,,,,,,,0.147680269592545,0.08577842021236948,0.23332610457239333,0.1647530604666363,,35343050000.0,12120394000.0,,,,,,0.0,,209316413440.0,0.333,0.71,CUB.NS,,,,,0.4401973689641818,,29.23923006416132,45.71167883211679,31.805682859761685,,86.77007299270073,42.33576642335766,83.08957952468006,96.13899613899613,63.301886792452834,50.61068702290077,79.35203094777563,62.928637627432806,87.45353159851301,73.80952380952381,62.16982030895822,Q5 (Highest)
2026-02-28,1374.0,1532.0,1333.5999755859375,1358.800048828125,212161,0.051214663850027486,-0.03295133980662479,,,0.6161321369649584,49.4534674312049,0.44111021982307524,,0,0.0,-600000.0,4500000.0,-1155300000.0,-1155500000.0,-1169400000.0,600000.0,13400000.0,,,,,,,,,,,,,,,,,-1.0,-3.465008431703204,,-5.751726940268184,-5.4675174013921115,104850000.0,121047000.0,103954000.0,199929000.0,,,,0.0,,13992197120.0,-1.534,,JINDALPHOT.NS,,,,,0.27543355609817255,,4.399633363886343,5.474452554744531,38.221814848762605,,66.97080291970804,62.5,44.69835466179159,30.01930501930502,1.9811320754716981,,0.43520309477756286,3.429101019462465,18.95910780669145,,31.805927157640085,Q1 (Lowest)
2026-02-28,25.020000457763672,28.450000762939453,25.020000457763672,25.09000015258789,104375,-0.035741748225000314,-0.21691637217061743,,,0.3824899615519407,45.07574854474218,0.5914562094281298,,0,932891000.0,259256000.0,53313000.0,107252000.0,63075000.0,9888000.0,5365000.0,47822000.0,0.277905993304684,0.05714815557230159,0.010599309029672276,0.11496734345170015,,,,,,,,,,,,,-0.09736880807799331,-0.5741418665747879,-0.03543559875636271,0.33802435723951296,-0.11036273298107946,4020553000.0,94799000.0,164507000.0,464704000.0,,,,0.0,,587162752.0,0.277,,DAMODARIND.NS,,,,,0.41338033535120144,,11.365719523373052,45.52919708029197,26.672777268560953,,14.5985401459854,23.357664233576642,6.764168190127971,53.861003861003866,73.67924528301887,,73.74274661508704,21.779425393883226,27.973977695167285,21.523809523809522,36.72321832092572,Q1 (Lowest)
2026-02-28,15.239999771118164,17.0,14.579999923706055,14.720000267028809,84902270,0.043971621899662416,-0.134626686128126,,,0.30423274658709537,45.24495954443516,0.796585315389792,,0,8582400000.0,4435800000.0,-650400000.0,6600000.0,-646900000.0,-2176300000.0,0.0,1529400000.0,0.5168484340044742,-0.07578299776286354,-0.2535770879940343,0.0007690156599552573,,,,,,,,,,,,,-0.07962551877231927,0.26853578922825827,-0.03095996206219087,-0.16966806562380776,-1.0202516109235962,35263500000.0,-7366500000.0,-3003700000.0,-1465500000.0,,,,0.0,,73088335872.0,-0.102,,ALOKINDS.NS,,,,,0.32454708811987126,,26.48945921173236,69.16058394160584,27.131072410632445,,34.94525547445255,59.580291970802925,67.91590493601463,91.98841698841699,38.58490566037736,,31.866537717601545,74.23540315106581,14.312267657992564,21.80952380952381,47.20130819534793,Q3 (Medium)
2026-02-28,174.32000732421875,189.0,172.00999450683594,176.49000549316406,184219,-0.00714440286294582,-0.18978100349075533,,,0.3041089056994638,49.61753653655422,1.5296223443216665,,0,5873030000.0,772959000.0,122279000.0,182830000.0,129403000.0,69272000.0,30439000.0,36482000.0,0.13161162125853265,0.02082042829680761,0.011794933790564666,0.031130438632188156,,,,,,,,,,,,,0.17555467262080504,-0.28231905679534197,0.012956567617739445,-0.5112707158932968,-0.3421914239866445,23621229000.0,442010000.0,773639000.0,950153000.0,,,,0.0,,5294700032.0,-0.073,1.42,JAYAGROGN.NS,,,,,0.20169192754398269,,85.88450962419797,69.25182481751824,38.5884509624198,,20.164233576642335,34.215328467153284,28.70201096892139,47.2007722007722,24.245283018867923,74.35114503816794,34.719535783365565,32.066728452270624,42.47211895910781,28.38095238095238,44.01619295002383,Q2 (Low)
2026-02-28,3.0,3.799999952316284,2.799999952316284,3.2100000381469727,2184323,0.04220783040945442,-0.17480721039053881,,,0.4553931759943063,58.19672627719609,1.325874496729626,,0,70042000.0,34775000.0,2356000.0,15806000.0,3875000.0,-776000.0,20000.0,4631000.0,0.4964878215927586,0.033636960680734414,-0.011079066845606922,0.22566460123925644,373058000.0,185844000.0,220534000.0,152524000.0,42040000.0,86121000.0,1598000.0,25593000.0,1.2184574230940703,0.4981638243919176,0.48815039305163666,0.1909754879762195,0.14123244370580368,-0.8401318500206015,0.02172042069639546,-0.6867178037949132,0.17107505371564047,272202000.0,-5784000.0,4074000.0,55695000.0,-0.037921900815609345,-0.01550429155788108,0.01204014564024967,0.0,1.1945217633719154,494259776.0,-0.124,,DANGEE.NS,,,,,0.32240276196406625,,75.89367552703942,26.733576642335763,61.228230980751604,,24.635036496350367,59.306569343065696,5.575868372943328,17.760617760617762,20.37735849056604,,30.657640232108317,15.848007414272475,17.472118959107807,30.666666666666664,35.74369112572168,Q1 (Lowest)
2026-02-28,201.6699981689453,221.35000610351562,183.5,186.74000549316406,25892653,-0.21996654029193619,-0.29585219872696134,,,0.5594260590463705,37.72114908136731,0.50184228300528,,0,3175640000.0,2725110000.0,224860000.0,371750000.0,332410000.0,242610000.0,85150000.0,7750000.0,0.8581293849428776,0.0708077741809525,0.07639719867491278,0.11706301721857641,,,,,,,,,,,,,0.009832353913862057,0.2712077547812417,0.538063641206955,0.854107756973634,0.7446498967523936,11579340000.0,755870000.0,877560000.0,1194490000.0,,,,0.0,,81826390016.0,,,IXIGO.NS,,,,,0.41309861977252443,,6.691109074243813,9.945255474452551,13.01558203483043,,5.383211678832116,1.1861313868613137,69.46983546617916,23.64864864864865,86.32075471698113,,,74.42075996292864,56.69144981412639,91.61904761904762,42.55945239180878,Q2 (Low)
2026-02-28,3.9800000190734863,5.130000114440918,3.819999933242798,4.460000038146973,302953,-0.008888880411783817,-0.1978417115023673,,,0.4709259078094146,62.318845086677236,0.5167384068738766,,0,0.0,-936000.0,-4137000.0,-3399000.0,-4137000.0,-2592000.0,-21000.0,,,,,,,,,,,,,,,,,,,-0.32359081419624214,,0.08361204013377921,-0.0964912280701754,32000.0,-17122000.0,-10977000.0,-1981000.0,,,,0.0,,99395400.0,-0.089,,DCMFINSERV.NS,,,,,0.3800123682848651,,7.4243813015582045,23.813868613138695,72.68560953253895,,18.795620437956202,33.85036496350365,0.18281535648994515,,56.79245283018868,,33.704061895551256,29.935125115848006,11.431226765799256,,35.90770178750486,Q1 (Lowest)
2026-02-28,140.39999389648438,157.49000549316406,135.5500030517578,138.49000549316406,178843,0.045997068560600596,-0.1456508311003667,,,0.4345180465215454,41.701117504973894,0.7039713436732352,,0,1449700000.0,313000000.0,71300000.0,94000000.0,78800000.0,46300000.0,15500000.0,17000000.0,0.21590673932537766,0.049182589501276124,0.03193764227081465,0.06484100158653515,,,,,,,,,,,,,-0.01347397073834633,0.15749999999999997,0.1206709956709957,1.4497354497354498,0.5359477124183007,5788000000.0,136500000.0,243800000.0,324100000.0,,,,0.0,,1437104128.0,-0.125,0.72,IVP.NS,,,,,0.4514591930133648,,19.156736938588452,30.748175182481745,19.798350137488544,,31.843065693430656,60.03649635036496,14.899451553930529,33.25289575289575,90.37735849056604,51.221374045801525,30.41586073500967,67.93327154772938,35.687732342007436,52.476190476190474,42.52313061643235,Q2 (Low)
2026-02-28,132.00999450683594,149.0,130.02000427246094,139.22999572753906,150569,0.1079016293162054,-0.04368432426903179,,,0.38119376092986546,57.51401988733633,1.1701162624321022,,0,2725300000.0,661500000.0,48000000.0,111000000.0,37800000.0,-11000000.0,10100000.0,42800000.0,0.24272557149671595,0.01761273988184787,-0.0040362528895901365,0.0407294609767732,,,,,,,,,,,,,0.14086570663094444,-0.4358974358974359,0.024471844222238914,-0.36046511627906974,0.016483516483516425,9223163000.0,34299000.0,274311000.0,513902000.0,,,,0.0,,2617171968.0,0.161,,DCMNVL.NS,,,,,0.2625051683200065,,65.07791017415215,46.25912408759124,59.57836846929423,,63.95985401459854,79.83576642335767,21.023765996343695,50.965250965250966,29.71698113207547,,61.605415860735015,25.301204819277107,32.06319702602231,31.333333333333336,47.78134482013545,Q3 (Medium)
2026-02-28,759.7000122070312,921.0,749.0,917.9000244140625,6082999,0.1738602341386457,0.25054499238973094,,,0.2984295545278037,86.3765313025786,1.1453181855662828,,0,4780800000.0,3570600000.0,2780100000.0,3712000000.0,3595100000.0,2695200000.0,887500000.0,12400000.0,0.7468624497991968,0.5815135542168675,0.5637550200803213,0.7764390896921017,,,,,,,,,,,,,0.06859786763226716,-0.027389845187831496,0.12698899130147812,0.11215647437484533,0.07196488390897549,17994200000.0,9991800000.0,10322400000.0,13837100000.0,,,,0.0,,265460154368.0,0.178,2.61,ABSLAMC.NS,,,,,0.35236063303452836,,62.328139321723185,71.25912408759125,98.71677360219981,,96.8978102189781,89.6897810218978,84.64351005484461,29.72972972972973,59.24528301886792,89.61832061068702,64.02321083172147,51.251158480074146,88.10408921933085,54.19047619047619,69.3131604258748,Q5 (Highest)
2026-02-28,7.639999866485596,7.949999809265137,7.46999979019165,7.53000020980835,2898164,0.0013298176738298917,-0.11097993241860915,,,0.28709474917695343,48.42106636871868,0.9751529863818877,,0,75759000.0,63351000.0,11875000.0,12422000.0,11875000.0,122782000.0,-40265000.0,,0.8362174791113927,0.1567470531554007,1.6206919309916974,0.1639673174144326,2393485000.0,,133206000.0,2051220000.0,1815920000.0,95100000.0,90201000.0,,,,19.09484752891693,,-0.11108112547814042,2.7987129509312543,,,,290757000.0,131465000.0,-31133000.0,-28658000.0,0.06409112625656926,0.05492618503980597,,1.0,2.200405057896749,2373381632.0,-0.411,10.36,IVC.NS,,,,,0.31984041178601685,,45.46287809349221,74.54379562043796,36.11365719523373,,42.06204379562044,38.68613138686132,19.83546617915905,,,99.84732824427482,13.733075435203096,96.10750695088045,3.62453531598513,,48.00109454780988,Q3 (Medium)
2026-02-28,1140.0,1217.9000244140625,1061.0999755859375,1091.9000244140625,425495,-0.005003545118670849,-0.06703187082699436,,,0.3184548428000774,24.00001474055246,0.5140592664638991,,0,37856300000.0,13360300000.0,3976600000.0,5053700000.0,3713800000.0,2121100000.0,1098500000.0,488900000.0,0.3529214424019252,0.1050446028798377,0.05603030407092082,0.13349693446005023,,,,,,,,,,,,,0.16530044972803926,0.8707884988534134,0.28721331542528783,2.371106166560712,1.1497787987068233,132245700000.0,7665400000.0,13121400000.0,17848500000.0,,,,0.0,,169299787776.0,-0.346,1.3,DCMSHRIRAM.NS,,,,,0.3978288669219919,,7.057745187901008,64.87226277372262,2.6581118240146653,,57.57299270072993,35.49270072992701,80.07312614259597,85.9073359073359,93.77358490566039,71.45038167938931,16.924564796905223,88.50787766450418,90.52044609665427,80.0952380952381,58.327091233638576,Q4 (High)
2026-02-28,41.0,42.029998779296875,36.349998474121094,36.900001525878906,1662391,-0.09001227570543913,-0.7767965165068487,,,1.443886803592387,32.878441447065455,0.8800852860862886,,0,5222400000.0,1374100000.0,-7000000.0,149300000.0,46600000.0,-31200000.0,-2200000.0,80000000.0,0.26311657475490197,-0.0013403799019607843,-0.0059742647058823525,0.028588388480392156,19503100000.0,3020200000.0,10378600000.0,9124500000.0,11753900000.0,8182100000.0,333000000.0,4295900000.0,0.3309989588470601,0.15485743292092027,1.436538297014214,0.911501937155498,0.0575085047788757,-1.1849436870183758,-0.007940427795296578,-1.1361850720209516,-0.7268569337724113,19653270000.0,609523000.0,1063939000.0,1685879000.0,0.06680070140829635,0.03125262137813989,0.08760521050334714,1.0,1.8903410227092101,10020902912.0,0.084,10.84,DCMSRIND.NS,,,,,0.358067437722915,,34.555453712190655,0.0,7.974335472043996,,0.09124087591240876,9.48905109489051,38.20840950639854,61.58301158301158,12.169811320754716,100.0,51.88588007736944,10.101946246524559,9.293680297397769,24.857142857142858,30.680664202909135,Q1 (Lowest)
2026-02-28,284.5,305.6000061035156,276.5,280.6000061035156,5386656,-0.02093510074048255,-0.05601343615301724,,,0.3209423504493812,46.537051608458306,0.42913440234739514,,0,5146500000.0,873500000.0,143300000.0,333200000.0,223100000.0,-253300000.0,0.0,476400000.0,0.16972699893131254,0.027844165938016127,-0.04921791508792383,0.06474302924317497,,,,,,,,,,,,,-0.05290761869709237,-0.5340323767476085,-0.5025325265335319,-0.48179214402618653,0.19469343850842602,26017600000.0,-1476700000.0,-790100000.0,1169500000.0,,,,0.0,,270612250624.0,-0.278,,ITI.NS,,,,,0.26850326666612634,,4.124656278643447,64.14233576642336,30.980751604032996,,60.76642335766424,28.102189781021895,84.91773308957953,85.52123552123551,25.28301886792453,,19.43907156673114,22.798887859128822,14.312267657992564,3.5238095238095237,39.59415872494584,Q1 (Lowest)
2026-02-28,44.91171258881897,55.69052381599623,42.57630338191186,50.380001068115234,16781436,0.05384213707209562,-0.23931527393615826,,,0.5423512539601067,65.29570029879042,0.899193085727267,,0,5198138000.0,2223067000.0,188993000.0,500632000.0,237264000.0,48954000.0,26360000.0,161950000.0,0.4276660219486285,0.036357826590983154,0.00941760299553417,0.09630987095763906,,,,,,,,,,,,,-0.03597187145198666,-0.6454355824666107,0.09624977803534818,-0.6353003404578674,-0.1895512868248176,20567147000.0,414707000.0,1162353000.0,2245837000.0,,,,0.0,,14869909504.0,-0.694,0.4,DCW.NS,,,,,0.2985524722910926,,36.755270394133824,12.408759124087581,79.65169569202565,,10.766423357664232,64.05109489051095,45.703839122486286,73.35907335907336,21.50943396226415,29.312977099236644,5.319148936170213,20.018535681186282,40.520446096654275,46.0,39.02511318103289,Q1 (Lowest)
2026-02-28,171.0,191.38999938964844,156.97000122070312,180.4199981689453,12834636,0.12034280731978475,-0.04138998069727984,,,0.5949681024115937,62.56149827494131,1.1658924125199335,,0,1210570000.0,68210000.0,28360000.0,55740000.0,15890000.0,-24260000.0,30980000.0,9170000.0,0.05634535797186449,0.02342698067852334,-0.020040146377326384,0.04604442535334594,,,,,,,,,,,,,-0.3722835527578,-0.731637168141593,-0.39474526273686317,-1.2423092289252897,-0.7367401879752515,10860310000.0,132940000.0,-105400000.0,508560000.0,,,,0.0,,20100491264.0,0.025,,DCXINDIA.NS,,,,,0.2948720707696247,,64.25297891842347,7.572992700729927,73.41888175985335,,64.59854014598541,82.84671532846716,49.725776965265084,25.28957528957529,10.849056603773585,,45.744680851063826,17.979610750695088,42.75092936802974,4.666666666666667,42.64642702323524,Q2 (Low)
2026-02-28,560.5,596.75,520.0,532.0,1427892,0.02111324376199608,-0.09222760672091801,,,0.29481966961283024,47.999990844719576,1.683248180853894,,0,1847759000.0,773644000.0,310401000.0,406498000.0,388581000.0,280604000.0,102680000.0,4303000.0,0.41869313043530026,0.16798781659296477,0.15186179582943446,0.21999514005884965,,,,,,,,,,,,,0.5594258403895023,0.7034280545623417,0.23667059311711092,0.3681259477038141,0.26367590050951417,5644504000.0,795301000.0,865324000.0,1168282000.0,,,,0.0,,45629321216.0,0.101,0.55,ITDC.NS,,,,,0.305061529493539,,91.9340054995417,72.08029197080292,34.83043079743355,,48.9051094890511,49.908759124087595,61.517367458866545,16.89189189189189,74.90566037735849,41.06870229007634,53.67504835589942,86.0982391102873,59.66542750929368,74.47619047619047,57.73047495671872,Q4 (High)
2026-02-28,292.47052565570436,308.541441389618,274.0,280.8500061035156,1129514,0.022935678350514577,-0.026272948927988482,,,0.38462439704243356,47.225601128448126,0.7489053658299425,,0,7328425000.0,1317301000.0,708783000.0,800386000.0,752688000.0,480420000.0,189171000.0,83097000.0,0.1797522660053149,0.09671696169367906,0.06555569580093949,0.1092166461415652,,,,,,,,,,,,,0.07746887129183944,0.019863585125556416,0.1091149645710685,0.03088226458496046,0.07256273811135072,29190027000.0,1990277000.0,2749088000.0,3069569000.0,,,,0.0,,29061421056.0,-0.896,0.8,DDEVPLSTIK.NS,,,,,0.27563389202037936,,22.181484876260313,45.16423357664233,32.538955087076076,,68.33941605839416,50.45620437956204,55.21023765996343,61.87258687258688,51.60377358490567,55.267175572519086,3.0947775628626695,55.79240037071362,68.77323420074349,49.61904761904762,47.994235161418494,Q3 (Medium)
2026-02-28,10.289999961853027,10.789999961853027,8.619999885559082,8.779999732971191,83257021,-0.034103455931014826,-0.403127144105894,,,0.7374053084653205,23.574119944752127,1.0016892022913504,,0,5160000000.0,4130000000.0,100000000.0,130000000.0,130000000.0,0.0,-20000000.0,160000000.0,0.8003875968992248,0.01937984496124031,,0.025193798449612403,,,,,,,,,,,,,-0.03910614525139666,-1.0,-0.005780346820809301,-1.0,-0.6829268292682926,86574700000.0,-1165000000.0,1395400000.0,-268000000.0,,,,0.0,,13163127808.0,0.277,6.36,ALLCARGO.NS,,,,,0.3475702552266501,,48.94592117323556,1.459854014598534,2.566452795600367,,1.1861313868613137,23.813868613138688,42.413162705667276,73.16602316602317,14.339622641509434,99.08396946564886,73.74274661508704,12.511584800741426,5.669144981412639,24.952380952380953,34.92339088746036,Q1 (Lowest)
2026-02-28,178.3000030517578,193.5,175.25,176.67999267578125,37840854,-0.05680127179378902,-0.1578646801440028,,,0.23951574707696047,35.54624303322906,0.7870649607292529,,0,12242700000.0,9125800000.0,3628500000.0,4335300000.0,3293200000.0,2351300000.0,903000000.0,21900000.0,0.7454074673070483,0.29638070033571023,0.19205730762005113,0.3541130632948614,,,,,,,,,,,,,0.4714076246334311,0.7665664913598798,0.2187733322714558,0.09378052751546728,0.0849642124230443,39174800000.0,,,,,,,0.0,,368200613888.0,,,ITCHOTELS.NS,,,,,0.44195975111831753,,26.03116406966086,88.5036496350365,10.907424381301558,,28.558394160583944,16.423357664233578,87.75137111517367,37.64478764478765,57.83018867924529,,,87.21037998146431,88.19702602230484,72.38095238095238,53.42924638231631,Q4 (High)
2026-02-28,623.0,756.0,600.0999755859375,689.9500122070312,360068,0.030699114197010324,-0.1809710443836573,,,0.419886653351983,67.72170091131431,0.7587576648334865,,0,1403118000.0,1137396000.0,134084000.0,224745000.0,157308000.0,90694000.0,33963000.0,32651000.0,0.8106203469701051,0.0955614566985813,0.06463747168805474,0.16017540933834504,17004546000.0,7601875000.0,9544532000.0,7460014000.0,3391129000.0,3317169000.0,1267053000.0,928504000.0,1.0190161841519332,0.44704957133227785,1.0222961205775165,0.7423875599946822,-0.06806412082930668,-0.40914806152563243,0.1648038014404829,-3.2465692345801336,3.4220250275460415,5252362000.0,331788000.0,426044000.0,842223000.0,0.04447551975103532,0.019511723512053776,0.028286226249576,1.0,0.9588171304308859,9674219520.0,-0.021,0.09,DECCANCE.NS,,,,,0.288186397201364,,22.731439046746104,34.58029197080292,84.5096241979835,,22.536496350364963,54.1058394160584,37.6599634369287,45.463320463320464,3.9622641509433962,4.65648854961832,41.10251450676983,26.413345690454126,44.1449814126394,62.57142857142857,38.962533184270576,Q1 (Lowest)
2026-02-28,303.09778990932085,334.25,295.8007075190383,327.0,359605378,0.028031269791029656,-0.1814315743540993,,,0.262868113631948,64.87471380681579,0.953602948302758,,0,199182400000.0,115006000000.0,64517000000.0,72043700000.0,67735500000.0,49311900000.0,17356300000.0,194700000.0,0.5773903718400822,0.3239091405666364,0.2475715725887428,0.3616971178176385,,,,,,,,,,,,,-0.068062263807536,-0.05968689218565271,0.003886371391145671,-0.012353616256782218,0.005200150688563054,784365800000.0,348375600000.0,247607300000.0,289917300000.0,,,,0.0,,4097058275328.0,-0.242,4.39,ITC.NS,,,,,0.38022566057315,,42.988084326306144,82.84671532846716,78.91842346471127,,22.354014598540147,52.737226277372265,99.08592321755027,75.38610038610038,47.64150943396226,96.6412213740458,21.228239845261122,48.93419833178869,99.25650557620817,26.761904761904766,59.652004461481226,Q4 (High)
2026-02-28,188.5800018310547,241.88999938964844,188.5800018310547,230.50999450683594,5838875,0.21866244750177755,0.02018144554185719,,,0.4409818319765415,68.92792876888056,1.1165845298915622,,0,2866677000.0,1419868000.0,339180000.0,490541000.0,353327000.0,182845000.0,16965000.0,150820000.0,0.4953010053103297,0.11831817815540432,0.0637829096197444,0.17111833666646084,,,,,,,,,,,,,0.06173261545652431,0.023556150181653246,0.7695242116335097,-2.3720097847945496,9.275692320583182,104298610000.0,5917496000.0,10739801000.0,18357016000.0,,,,0.0,,15965892608.0,,,DEEDEV.NS,,,,,0.3322939103210545,,58.84509624197983,29.379562043795616,86.70944087992667,,78.83211678832117,92.06204379562044,46.343692870201096,72.58687258687259,5.377358490566038,,,56.255792400370716,36.61710037174721,94.76190476190476,57.18473208208707,Q4 (High)
2026-02-28,990.0,1093.800048828125,960.0999755859375,1000.5,4760233,-0.1303025219339783,-0.29467747620726115,,,0.4024203533485745,55.104070343510976,0.8679870357583577,,0,28300700000.0,8131000000.0,2447500000.0,3993000000.0,2909100000.0,1414900000.0,530200000.0,964000000.0,0.2873073810895137,0.08648195981018138,0.049995229799969614,0.1410919164543633,,,,,,,,,,,,,0.06443629525152805,-0.418143685487519,0.030345284557581342,-0.3265267266409634,-0.20308945036522574,89009300000.0,9126100000.0,14490000000.0,19571500000.0,,,,0.0,,126428512256.0,-0.536,1.0,DEEPAKFERT.NS,,,,,0.4221890032363947,,33.45554537121907,39.14233576642335,53.16223648029331,,5.474452554744526,4.927007299270073,75.3199268738574,89.1891891891892,30.943396226415093,63.12977099236641,8.800773694390715,25.949953660797032,82.80669144981412,32.761904761904766,43.00421228804567,Q2 (Low)
2026-02-28,61.5,64.9000015258789,55.70000076293945,62.31999969482422,363686,0.04880514330602148,-0.07824287631669402,,,0.30528932852347784,51.0281106008488,1.526993969693908,,0,67412000.0,7457000.0,-22866000.0,-15504000.0,-21521000.0,-36249000.0,-912000.0,15640000.0,0.11061828754524416,-0.33919776894321485,-0.5377232540200558,-0.22998872604284104,2386887000.0,882520000.0,983347000.0,1403540000.0,666199000.0,607572000.0,1527000.0,241333000.0,0.6287815096114111,0.36973681619615845,1.0964939134785672,0.6992850230096186,-0.5861323772278262,-12.924013157894738,-0.7795523813261128,-3.751764973810066,-1.4687386624743017,609462000.0,-44339000.0,6892000.0,41362000.0,-0.031590834603930064,-0.01857607838159075,0.0030147940124056237,0.0,1.0782877865604865,1653924224.0,0.243,,ISHANCH.NS,,,,,0.23894932270853467,,85.6095325389551,68.88686131386862,42.16315307057745,,54.653284671532845,61.40510948905109,16.179159049360145,32.335907335907336,3.207547169811321,,70.55125725338492,1.2048192771084338,10.223048327137546,1.7142857142857144,39.875597680732035,Q1 (Lowest)
2026-02-28,1590.0999755859375,1738.800048828125,1564.199951171875,1604.0,1574326,0.008297680894339132,-0.051897414761834515,,,0.2785294320075555,47.79162034014524,0.6220871192544571,,0,19749700000.0,5497700000.0,1533500000.0,2065600000.0,1490100000.0,997900000.0,381500000.0,110400000.0,0.2783687853486382,0.07764674906454275,0.05052734978252834,0.10458893046476656,,,,,,,,,,,,,0.03842493519604173,-0.15938000168477806,0.03760113481139005,0.017331022530329365,0.08985384899488214,77559800000.0,5331300000.0,7199200000.0,9842000000.0,,,,0.0,,218774437888.0,-0.031,0.47,DEEPAKNTR.NS,,,,,0.2702857615914852,,13.382218148487626,77.64598540145985,33.82218148487626,,61.861313868613145,43.15693430656935,83.45521023765995,67.76061776061776,50.56603773584906,35.41984732824427,39.313346228239844,39.20296570898981,78.90334572490706,34.85714285714286,50.62314311944379,Q3 (Medium)
2026-02-28,882.8798577798572,969.3986833813409,808.0999755859375,852.9500122070312,282298,0.1386287193640896,0.005916702747194913,,,0.3658002802588232,44.55270903757915,1.3601904054611107,,0,1526800000.0,,314800000.0,442000000.0,298000000.0,208400000.0,69600000.0,20000000.0,,0.20618286612522924,0.13649462929001835,0.28949436730416556,,,,,,,,,,,,,0.06094086581891456,0.39959704499664195,0.16168302518450894,0.7166392092257001,0.4175753688261705,5821500000.0,749400000.0,1000300000.0,1586600000.0,,,,0.0,,12997530624.0,0.122,7.03,ALLDIGI.NS,,,,,0.3181941532466237,,77.81851512373969,51.45985401459854,25.756186984417965,,75.18248175182481,85.94890510948905,42.13893967093236,35.61776061776062,85.0,99.23664122137404,56.81818181818182,79.33271547729379,53.624535315985135,62.0,61.99564780703985,Q5 (Highest)
2026-02-28,365.6000061035156,432.95001220703125,347.3500061035156,373.04998779296875,3637620,0.05426022709700429,-0.2223264992706191,,,0.4239195287784793,53.329258109853185,1.375553080885198,,0,2214998000.0,1176242000.0,845207000.0,944328000.0,944328000.0,680585000.0,187592000.0,43239000.0,0.5310352424697449,0.3815836402561086,0.3072621284533891,0.42633356779554654,,,,,,,,,,,,,0.0022193636195400046,0.009557333618139818,0.43063974521025905,0.560745670360314,0.45692756771434384,8092071000.0,-148773000.0,2862543000.0,737918000.0,,,,0.0,,23875198976.0,-0.588,0.82,DEEPINDS.NS,,,,,0.368853469921784,,78.36846929422549,33.120437956204384,47.93767186067828,,13.229927007299269,64.32481751824818,52.28519195612431,51.254826254826256,81.0377358490566,55.87786259541985,7.253384912959381,55.05097312326228,68.49442379182156,88.85714285714286,53.13952433181792,Q4 (High)
2026-02-28,84.5,91.0,82.30000305175781,82.76000213623047,96181,-0.029435846202065408,-0.10452278970030071,,,0.2873830469094967,43.62646438107244,0.5841214859859382,,0,176200000.0,176200000.0,-11400000.0,32400000.0,23000000.0,14500000.0,2500000.0,6000000.0,1.0,-0.06469920544835414,0.08229284903518728,0.18388195232690124,1306100000.0,13000000.0,829900000.0,476200000.0,537000000.0,611500000.0,94400000.0,78700000.0,0.027299454010919783,0.009953296072276243,0.8781684382665577,0.7494685200327065,0.0005678591709254999,-0.5524691358024691,0.059530968129885675,1.0422535211267605,0.09090909090909083,689346000.0,261867000.0,264000.0,338774000.0,0.5499097018059639,0.2004953678891356,0.0005396565821749796,1.0,1.0278891355945179,1545770496.0,-0.258,,DCM.NS,,,,,0.38346974348347224,,10.632447296058661,74.45255474452554,23.73968835930339,,44.61678832116788,25.09124087591241,15.356489945155394,20.704633204633204,88.58490566037736,,20.261121856866538,22.42817423540315,23.698884758364315,39.714285714285715,37.28541433147023,Q1 (Lowest)
2026-02-28,216.57000732421875,297.3999938964844,216.57000732421875,273.20001220703125,586324,0.2656937895846627,0.11761102727637329,,,0.3738974236380817,80.14735110857347,2.1799687781489245,,0,1534249000.0,160886000.0,83213000.0,85448000.0,83902000.0,50062000.0,19631000.0,14209000.0,0.10486303070753183,0.054236958929091694,0.0326296448620791,0.055693697698352744,2797749000.0,644775000.0,1911333000.0,886416000.0,2766139000.0,1909783000.0,16176000.0,960753000.0,0.7273954892510965,0.23046206074955258,1.4484048711293378,0.9453356742624686,0.03602261593095557,0.2366483869374043,0.1772520306987322,0.3582397308589722,0.2949413511957082,6084296000.0,168118000.0,290428000.0,294384000.0,0.18966038519160303,0.06009045128780316,0.18967457358356993,1.0,3.084544825143356,4371200000.0,-0.125,,DCI.NS,,,,,0.3073846249519302,,97.61686526122824,49.361313868613145,96.24197983501375,,91.05839416058394,94.98175182481752,26.599634369287017,30.888030888030887,74.43396226415095,,30.41586073500967,73.49397590361446,38.10408921933085,65.14285714285715,61.2225810315025,Q5 (Highest)
2026-02-28,712.9000244140625,884.0,676.0499877929688,792.3499755859375,10181321,0.18962538864609524,-0.08260974367566754,,,0.3782885392965993,62.44872325358628,1.983750264485767,,0,5101000000.0,1957200000.0,742400000.0,684600000.0,464600000.0,363800000.0,55700000.0,45500000.0,0.3836894726524211,0.1455400901783964,0.07131934914722604,0.13420897863164086,,,,,,,,,,,,,0.09098297544700151,-0.27788805081381496,0.25408727719729574,-0.14117091595845133,0.09483447944986412,19002800000.0,2059300000.0,2362500000.0,3388200000.0,,,,0.0,,46832943104.0,-0.386,0.63,DATAMATICS.NS,,,,,0.2030823256849383,,95.87534372135656,47.81021897810219,73.05224564619614,,53.01094890510949,90.78467153284672,61.79159049360147,51.930501930501926,40.09433962264151,46.18320610687023,14.845261121856868,32.71547729379055,50.18587360594795,76.09523809523809,55.62499447027065,Q4 (High)
2026-02-28,389.20001220703125,457.8500061035156,368.0,399.6000061035156,1676781,0.07145728120177797,-0.1506907415440688,,,0.34504424712223347,56.4686715565977,1.1796653436064644,,0,1604986000.0,887601000.0,118811000.0,210379000.0,159603000.0,134124000.0,-1608000.0,30547000.0,0.5530272538202825,0.07402619088266191,0.0835670840742536,0.13107840192998568,,,,,,,,,,,,,0.01878839929490339,0.201558790593505,-0.11169938095145848,-0.6174007302601552,-0.4992240053700733,7360523000.0,561653000.0,749189000.0,1026280000.0,,,,0.0,,25136885760.0,-0.473,0.86,JASH.NS,,,,,0.24993535467307107,,65.81118240146654,56.75182481751825,57.011915673693856,,30.565693430656932,70.25547445255475,52.833638025594155,44.20849420849421,21.79245283018868,56.5648854961832,11.315280464216634,71.08433734939759,9.758364312267657,14.952380952380953,44.19372829430756,Q2 (Low)
2026-02-28,2495.0,3190.0,2453.0,2984.60009765625,13758281,0.3476318072238156,-0.014463018788767767,,,0.5309830389295199,77.27389540998045,1.0812577632093066,,0,1731300000.0,1340700000.0,746700000.0,833900000.0,774700000.0,583000000.0,169700000.0,22000000.0,0.7743891873158898,0.43129440304973143,0.3367411771501184,0.481661179460521,,,,,,,,,,,,,-0.4369023612827685,0.18520024395202284,0.47923786739576224,0.30541871921182273,0.2750764525993883,9761300000.0,2470700000.0,3126200000.0,3493200000.0,,,,0.0,,167089750016.0,0.238,0.26,DATAPATTNS.NS,,,,,0.48159773262511224,,56.37030247479377,13.868613138686143,93.85884509624198,,70.8941605839416,97.53649635036497,79.61608775137111,37.74131274131275,72.16981132075472,19.46564885496183,69.97098646034816,69.6014828544949,67.19330855018588,90.57142857142857,62.590565649925765,Q5 (Highest)
2026-02-28,126.69999694824219,152.60000610351562,119.26000213623047,143.92999267578125,116107169,0.23778804770169404,0.3633607378217858,,,0.4393706950182172,75.63715429092916,2.014674581125657,,0,6677858000.0,2666126000.0,964446000.0,1051077000.0,876906000.0,582320000.0,248528000.0,46058000.0,0.3992486812388044,0.14442445466794893,0.0872016146494879,0.1573973271069855,,,,,,,,,,,,,0.25789649164115835,0.4654536760912511,0.18721823412555194,0.32856650703730494,0.34103232786667714,23635148000.0,1940325000.0,2963850000.0,3405386000.0,,,,0.0,,57530421248.0,-0.035,1.46,JAMNAAUTO.NS,,,,,0.35743124248054814,,96.33363886342805,29.653284671532845,92.7589367552704,,98.90510948905109,93.7043795620438,64.16819012797075,52.509652509652504,73.39622641509433,75.57251908396947,39.02321083172147,81.92771084337349,72.67657992565056,66.95238095238095,69.1721213354093,Q5 (Highest)
2026-02-28,4.170000076293945,5.050000190734863,3.9600000381469727,4.190000057220459,181846822,-0.181640595532371,0.16388893561598827,,,0.7256502972110411,54.918027020245255,0.47036384711608453,,0,826861000.0,270521000.0,102296000.0,140251000.0,108506000.0,26227000.0,19020000.0,63259000.0,0.3271662347117593,0.12371607803488131,0.03171875321245046,0.16961859369349866,,,,,,,,,,,,,0.7157426658864638,-0.0027377466823833574,0.1299388473232892,-0.6125367489547785,-0.24686936162900597,2013152000.0,67325000.0,379153000.0,506024000.0,,,,0.0,,5991661568.0,0.771,,DAVANGERE.NS,,,,,0.34944306320381663,,5.224564619615032,1.6423357664233578,52.70394133822182,,93.52189781021897,2.281021897810219,29.981718464351005,57.432432432432435,21.9811320754717,,97.09864603481626,53.93883225208527,37.63940520446097,54.95238095238095,43.893220589885864,Q2 (Low)
2026-02-28,241.39999389648438,248.3000030517578,225.0500030517578,227.0500030517578,917767,-0.11273931822130812,-0.10911226804508867,,,0.27772934695101803,34.619587072203146,0.6446249216964905,,0,6052700000.0,4398450000.0,1152830000.0,1592250000.0,1343930000.0,955090000.0,332460000.0,56380000.0,0.7266922200009913,0.19046541213012375,0.15779569448345365,0.26306441753267135,,,,,,,,,,,,,0.08190380177639067,0.18196893756574473,0.08286966633867077,0.1566613784166737,0.10406540144365772,22996620000.0,3468580000.0,3836970000.0,5882210000.0,,,,0.0,,40469925888.0,0.048,3.08,DBCORP.NS,,,,,0.4514424745024998,,14.848762603116409,77.91970802919708,9.532538955087077,,42.88321167883212,6.478102189781023,60.3290676416819,56.27413127413128,62.16981132075472,92.51908396946565,48.0174081237911,69.32344763670065,76.6728624535316,43.047619047619044,50.667716994912645,Q3 (Medium)
2026-02-28,37.900001525878906,42.7400016784668,33.65999984741211,35.68000030517578,1534933,0.0016844855443638451,0.06571089584885037,,,0.702377535391688,51.32576446304378,1.3467976726073123,,0,180418000.0,88104000.0,20586000.0,29058000.0,23449000.0,11445000.0,4629000.0,7375000.0,0.48833264973561397,0.11410169716990544,0.06343602079615115,0.1610593178064273,,,,,,,,,,,,,,,,,,,,,,,,,0.0,,615894080.0,0.349,,JAIPURKURT.NS,,,,,0.23760926081372624,,76.9019248395967,2.189781021897801,43.35472043996334,,86.04014598540147,38.95985401459854,7.221206581352833,22.876447876447877,,,80.46421663442939,,27.230483271375466,,45.6825853776709,Q2 (Low)
2026-02-28,90.52999877929688,97.81999969482422,84.30999755859375,85.80999755859375,431495,-0.09435358777209768,-0.3736953434129773,,,0.32160719583698005,48.9418001432025,0.29464007750326365,,0,450521000.0,228329000.0,110162000.0,140362000.0,123045000.0,49826000.0,17082000.0,56137000.0,0.5068110032606693,0.24452134306724882,0.11059639839208384,0.31155484428028885,8712585000.0,1515932000.0,4436829000.0,4275756000.0,6699915000.0,2653750000.0,67546000.0,3873363000.0,0.3545412787820446,0.17399336706614627,2.5246971267074896,1.0651161563824776,-0.5773894674042229,-0.6676028525874089,-0.6301727230414229,-0.6695384574570392,-0.5094998969111794,5065234000.0,474316000.0,856685000.0,924878000.0,0.11093149375221598,0.05444032970696986,0.14791628968963796,1.0,1.8723190534152607,3997103360.0,,1.17,DBEIL.NS,,,,,0.2921207324654197,,1.6498625114573784,63.95985401459854,37.213565536205316,,1.551094890510949,8.75912408759124,25.685557586837295,56.17760617760618,20.660377358490567,68.24427480916032,,19.27710843373494,36.80297397769517,2.857142857142857,32.85590281606871,Q1 (Lowest)
2026-02-28,110.4000015258789,123.72000122070312,105.6500015258789,115.56999969482422,8162044,0.06969639684827755,-0.18886859095766784,,,0.34495898657317,56.99239292506317,1.0216772347455152,,0,1161100000.0,385400000.0,103100000.0,262000000.0,232000000.0,175000000.0,56300000.0,300000.0,0.33192662130738093,0.08879510808715872,0.1507191456377573,0.22564809232624236,,,,,,,,,,,,,-0.2066821535938781,-0.3457943925233645,-0.07878451285306254,0.41242937853107353,0.3760504201680672,5290856000.0,1717714000.0,375994000.0,2046293000.0,,,,0.0,,20298502144.0,-0.524,0.43,JAICORPLTD.NS,,,,,0.4087804308873708,,50.96241979835013,56.84306569343065,58.47846012832264,,20.255474452554743,69.43430656934306,49.81718464351005,4.922779922779923,77.45283018867924,31.297709923664126,9.284332688588009,29.101019462465246,50.46468401486989,17.42857142857143,41.716189261008616,Q2 (Low)
2026-02-28,450.1499938964844,479.95001220703125,415.1000061035156,447.95001220703125,6066370,-0.003559060459088159,0.024705520899776845,,,0.35775522110642993,48.33604903421288,1.6728848677199217,,0,21378969000.0,4935849000.0,3070227000.0,11368609000.0,10619173000.0,8298518000.0,-761320000.0,3490533000.0,0.23087404261636751,0.1436096848262421,0.38816268455228126,0.531766007986634,,,,,,,,,,,,,0.11008330855256587,3.572367609073197,-0.17445725573346427,6.199206384320625,0.8503842336437433,88942879000.0,14111501000.0,15493766000.0,30326479000.0,,,,0.0,,72767168512.0,0.656,0.22,DBL.NS,,,,,0.3066199157957395,,91.10907424381301,53.284671532846716,35.747021081576534,,79.65328467153284,36.31386861313868,67.73308957952467,93.91891891891892,97.45283018867924,15.419847328244273,95.55125725338492,96.84893419833179,0.2788104089219331,10.666666666666668,58.265218312372006,Q4 (High)
2026-02-28,14.699999809265137,16.790000915527344,13.609999656677246,15.390000343322754,1512539,-0.019745189153406284,-0.08934907155570915,,,0.6477613687980781,62.9707144275113,0.39095720429695235,,0,548600000.0,219700000.0,96300000.0,172400000.0,157200000.0,127700000.0,19100000.0,10400000.0,0.4004739336492891,0.17553773240977033,0.23277433467006928,0.3142544659132337,,,,,,,,,,,,,0.6420233463035019,2.508241758241758,0.6130549838282857,4.255144032921811,2.56198347107438,1684511000.0,294647000.0,206763000.0,434066000.0,,,,0.0,,2678462976.0,-0.189,,ALMONDZ.NS,,,,,0.4500600581833916,,3.1164069660861595,4.1058394160584015,74.70210815765353,,50.18248175182482,28.649635036496353,21.29798903107861,27.84749034749035,96.0377358490566,,24.758220502901356,95.55143651529193,37.732342007434944,93.33333333333333,47.15433459431376,Q3 (Medium)
2026-02-28,1237.199951171875,1475.0,1186.0,1300.9000244140625,4606799,-0.03422418380544734,-0.2530002730898292,,,0.38649375063190783,60.79394419285463,1.115916983010716,,0,807900000.0,575600000.0,-1068400000.0,-1037700000.0,-1215400000.0,-728500000.0,-331900000.0,190100000.0,0.712464413912613,-1.3224408961505136,-0.9017205099641045,-1.2844411437059042,,,,,,,,,,,,,-0.4397753276471812,1.8602277188849627,-0.6912641394069092,-29.23643410852713,-3.853960396039604,-15771500000.0,-2699600000.0,-2015200000.0,-3487400000.0,,,,0.0,,143826403328.0,0.054,0.15,ABREL.NS,,,,,0.2818817880826297,,58.75343721356554,44.25182481751825,68.5609532538955,,8.667883211678832,23.722627737226276,77.60511882998172,75.1930501930502,0.7547169811320755,9.389312977099237,48.8394584139265,94.25393883225209,0.7434944237918215,2.2857142857142856,40.86810207805549,Q2 (Low)
2026-02-28,67.3499984741211,76.4000015258789,63.0,63.13999938964844,21794547,-0.07892054589734476,-0.0903328618592727,,,0.5541213003214924,39.014653314604686,0.7860113199230313,,0,13285800000.0,3572900000.0,228700000.0,621300000.0,306300000.0,115500000.0,31200000.0,159600000.0,0.26892622198136357,0.017213867437414383,0.008693492300049677,0.04676421442442307,,,,,,,,,,,,,-0.018302730261942624,-0.5638217522658611,-0.10616998230612429,-0.9040857000498256,-0.7004483872523022,53927600000.0,1840600000.0,2690300000.0,4376600000.0,,,,0.0,,57599557632.0,-0.386,,JAIBALAJI.NS,,,,,0.31806281301436995,,25.756186984417965,10.675182481751818,14.390467461044912,,49.63503649635037,11.13138686131387,64.3510054844607,72.97297297297297,16.132075471698112,,14.845261121856868,22.242817423540316,42.84386617100372,15.333333333333332,34.02063948424966,Q1 (Lowest)
2026-02-28,103.9000015258789,105.80000305175781,90.3499984741211,97.62000274658203,1463794,0.21056551941285462,0.3464827965045798,,,0.601485893104954,41.31476637686936,0.3239305719254411,,0,4863400000.0,1500200000.0,273300000.0,515900000.0,362800000.0,169000000.0,87800000.0,106000000.0,0.30846732738413457,0.056195254348809474,0.03474935230497183,0.10607805239133117,,,,,,,,,,,,,-0.12793846043500867,-2.056910569105691,0.04744674893928624,-3.4635568513119535,2.5335616438356166,20149700000.0,237100000.0,726000000.0,1541500000.0,,,,0.0,,6425327616.0,1.043,1.28,DBOL.NS,,,,,0.28339402505765954,,1.833180568285976,6.569343065693431,19.156736938588452,,98.54014598540147,91.6058394160584,31.809872029250457,66.8918918918919,3.5849056603773586,71.22137404580153,99.22630560928434,5.097312326227989,57.34200743494424,37.142857142857146,46.001451474310834,Q2 (Low)
2026-02-28,169.0,188.0,163.6999969482422,173.35000610351562,825163,0.054248092349688415,-0.14008626790707002,,,0.3432857342038556,54.9031728013424,0.8487871912188147,,0,729450000.0,464920000.0,138820000.0,171640000.0,147780000.0,109510000.0,35700000.0,2570000.0,0.6373569127424772,0.19030776612516279,0.15012680786894236,0.23530056892179038,,,,,,,,,,,,,-0.02041227422278924,-0.12907587084459993,-0.014589665653495398,-0.6576742732103782,-0.5848089017900339,2815820000.0,409030000.0,461990000.0,648350000.0,,,,0.0,,11620310016.0,-0.445,1.44,JAGSNPHARM.NS,,,,,0.3398450425364206,,30.980751604032996,57.299270072992705,52.61228230980751,,33.3029197080292,64.23357664233576,40.67641681901279,12.644787644787645,21.132075471698116,74.8854961832061,12.330754352030947,42.168674698795186,44.70260223048327,23.809523809523807,40.718608769782406,Q2 (Low)
2026-02-28,100.75,137.0,98.80000305175781,117.4000015258789,56972940,0.1682754903133108,-0.13663770249624507,,,0.5139944893380839,60.10339688344326,1.2593567658921196,,0,5291794000.0,2667401000.0,2285275000.0,969982000.0,957854000.0,621658000.0,84404000.0,251068000.0,0.5040636502479121,0.4318526004602598,0.11747585034489248,0.18329927431037565,,,,,,,,,,,,,2.8667921547537016,5.182944780394653,1.413982117042547,12.644221061410825,-11.352437670765028,21261573000.0,823714000.0,2431347000.0,2321722000.0,,,,0.0,,63678558208.0,-1.313,,DBREALTY.NS,,,,,0.2630844283713446,,71.86067827681026,16.332116788321173,66.54445462878094,,34.58029197080292,89.23357664233576,65.9963436928702,78.47490347490348,98.49056603773585,,1.2572533849129592,97.77571825764598,56.50557620817844,97.14285714285714,61.61295576707701,Q5 (Highest)
2026-02-28,25.479999542236328,26.010000228881836,23.149999618530273,25.170000076293945,135776,0.011249525653341585,0.00039746537927198844,,,0.1500689296961149,54.307104332607075,1.5047694161331953,,0,29502000.0,12428000.0,-21589000.0,17988000.0,14974000.0,8913000.0,2655000.0,3406000.0,0.42125957562199173,-0.7317808962104264,0.3021151108399431,0.6097213748220459,,,,,,,,,,,,,0.24544072948328277,-0.11621219633118496,-0.3231778659753608,-0.38437629506837956,-0.3612442739959518,110484962.0,42765304.0,-130992134.0,70712623.0,,,,0.0,,882359552.0,0.027,,DBSTOCKBRO.NS,,,,,0.16086549058498084,,84.6929422548121,99.17883211678833,51.05407882676444,,73.90510948905109,45.16423357664234,9.689213893967093,15.250965250965251,29.150943396226413,,45.889748549323016,43.744207599629284,23.977695167286246,5.904761904761905,45.17351546841451,Q2 (Low)
2026-02-28,67.98999786376953,69.30000305175781,63.29999923706055,63.4900016784668,3914790,-0.0378844713779769,-0.09144241308107126,,,0.13049292136510973,33.96018450650081,1.4209685244314971,,0,4673607000.0,3420106000.0,522930000.0,972844000.0,766363000.0,586326000.0,142003000.0,54983000.0,0.7317915263307334,0.11189002412911483,0.1254547076808127,0.20815699736841373,28091890000.0,1976427000.0,7409542000.0,19428810000.0,15232613000.0,5845053000.0,240795000.0,716729000.0,0.10172661115117189,0.07035578595815375,2.606069269175147,2.4834477976504234,0.01588601991556171,-0.12794786064442432,0.04670056673053247,0.3645230431959561,0.02833718801398688,18921953000.0,1726542000.0,1929576000.0,2946983000.0,0.0888650411425095,0.06146051404871655,0.09014504254262637,1.0,2.13287026611595,13824711680.0,0.243,9.45,JAGRAN.NS,,,,,0.22303218469308803,,81.30155820348305,99.63503649635037,8.982584784601283,,49.17883211678832,22.71897810218978,44.3327239488117,55.6949806949807,74.81132075471699,99.69465648854961,70.55125725338492,42.35403151065802,64.03345724907064,36.952380952380956,56.68278657039776,Q4 (High)
2026-02-28,214.77999877929688,233.85000610351562,179.35000610351562,182.27999877929688,4551872,-0.16312381973990353,-0.2339567089007124,,,0.5586193150863275,30.002344346046186,1.2012556412008877,,0,7198000000.0,5783200000.0,286900000.0,1197700000.0,353500000.0,-129700000.0,25300000.0,457900000.0,0.8034454015004168,0.039858293970547375,-0.01801889413726035,0.16639344262295083,,,,,,,,,,,,,0.01659487324341491,-1.55403673643742,-0.08775220521139615,-1.3919613176186159,-0.20597984619464338,27571100000.0,581600000.0,2002000000.0,5713000000.0,,,,0.0,,28666562560.0,0.263,,DCAL.NS,,,,,0.2472901806522483,,67.55270394133822,10.03649635036497,5.774518790100825,,11.861313868613138,3.010948905109489,54.93601462522852,84.74903474903475,9.339622641509433,,72.1953578336557,7.228915662650602,40.14869888475837,16.761904761904763,35.57303540095125,Q1 (Lowest)
2026-02-28,101.75,106.52999877929688,98.61000061035156,103.56999969482422,27060173,0.006022367799522588,-0.014088560818074414,,,0.25407291004453464,54.82758242697822,0.573765969950786,,0,17725100000.0,,,,,5814900000.0,2196900000.0,18243500000.0,,,0.32806020840503014,,1772198900000.0,23817900000.0,1617292700000.0,154906200000.0,,,62372900000.0,,0.1537569187030603,0.013439744263468395,,,0.030523078354195654,0.20011144820754123,0.020507919327073187,0.05193747964832296,,72238583000.0,21765262000.0,,,0.14050607399832932,0.01228150068257011,,1.0,,114049466368.0,0.306,2.08,J&KBANK.NS,,,,,0.3093098424308446,,10.174152153987167,85.12773722627738,52.428964252978915,,71.07664233576642,41.605839416058394,73.49177330895796,97.2007722007722,54.15094339622642,84.80916030534351,76.78916827852998,70.99165894346618,93.95910780669145,30.38095238095238,62.812458133733884,Q5 (Highest)
2026-02-28,182.6300048828125,202.2100067138672,179.0800018310547,191.0399932861328,27292085,0.06595241594086243,0.02671030131822416,,,0.36982765242320653,54.217806599497166,0.5264845725652992,,0,8460900000.0,,,,,1847400000.0,639900000.0,12362100000.0,,,0.21834556607453107,,,,,,,,,,,,,,0.03616390712256301,0.1747424647081266,0.18533202577752883,0.1882678330224481,,31575014000.0,6705047000.0,,,,,,0.0,,61575106560.0,0.345,0.71,DCBBANK.NS,,,,,0.4839785270304762,,7.516040329972502,50.36496350364963,50.779101741521536,,79.92700729927007,68.24817518248175,65.35648994515539,96.33204633204633,65.0,50.61068702290077,80.07736943907156,68.48934198331789,84.38661710037175,66.76190476190477,62.256649642777596,Q5 (Highest)
2026-02-28,573.7000122070312,915.0,569.3499755859375,872.0999755859375,7895947,0.31966408081152875,-0.08464972386676728,,,0.6690308486070878,74.64047794707841,2.1573488710548236,,0,591072000.0,286460000.0,95117000.0,168844000.0,123203000.0,117012000.0,2401000.0,3790000.0,0.4846448486817173,0.1609228655730605,0.19796573006334253,0.2856572464945049,,,,,,,,,,,,,-0.01663203392622148,-0.06833128971129199,0.007534279266072641,0.9312097705892062,0.6090494977795566,2355358000.0,371537000.0,338476000.0,575704000.0,,,,0.0,,13049844736.0,0.332,,IZMO.NS,,,,,0.3506355749142201,,97.43354720439963,2.919708029197082,91.6590284142988,,52.0985401459854,96.8978102189781,42.230347349177336,15.637065637065636,87.26415094339622,,79.20696324951643,48.28544949026877,23.513011152416357,27.61904761904762,54.31764463024982,Q4 (High)
2026-02-28,31.510000228881836,34.79999923706055,30.809999465942383,31.979999542236328,175637,-0.02648398698009502,-0.2290260391716442,,,0.34933313984260206,49.64027987227637,1.1846597113118413,,0,,,,,,,,,,,,,,,,,,,,,,,,,,,,,,,,,,,,,,,558834624.0,-0.633,,MALUPAPER.NS,,,,,0.22910928068213346,,66.26947754353803,55.47445255474452,38.6801099908341,,12.682481751824817,26.551094890510953,6.39853747714808,,,,6.189555125725339,,,,40.81638062228839,Q2 (Low)
