Ticker,Predicted_Direction,Predicted_Probability,Quarter_Date,Staleness_Days,debt_to_equity,roce,roe,roc_1m,roc_3m,volatility_30d,rsi_14d,Rank,Category,Confidence
CGCL.NS,1,0.6386559388392823,2025-09-01,180,2.1078758949880667,11.0,,-10.902805720249406,-15.127036678109542,33.29179092879062,29.22030438264909,1,Buy,0.2773118776785646
MAHSCOOTER.NS,1,0.6368761296228242,2025-09-01,180,0.12834337988065309,1.0,,0.5155029944659237,-9.833390003400204,27.01479621314833,34.55031166518255,2,Buy,0.2737522592456485
AWFIS.NS,1,0.6358665759418209,2025-09-01,180,4.442424242424242,13.0,,-25.88086339759585,-45.44776233274545,56.359877393852244,14.576256528178178,3,Buy,0.2717331518836419
SICALLOG.NS,1,0.6358665759418209,2025-09-01,180,15.40625,-6.0,,-28.234122025489672,-26.930023726039632,59.15843989717274,14.950264964092966,4,Buy,0.2717331518836419
PURVA.NS,1,0.63402739467067,2025-09-01,180,5.30835734870317,1.0,,-11.59020234853494,-20.448899508000377,39.10663324335993,18.56648526668242,5,Buy,0.2680547893413401
KHADIM.NS,1,0.6330810039992182,2025-09-01,180,2.4698795180722892,9.0,,-30.257210754803577,-41.57243503684511,43.29797838047162,1.3850650521059862,6,Buy,0.26616200799843637
EIHOTEL.NS,1,0.6327862957675842,2025-09-01,180,0.1853146853146853,22.0,,1.2758338538702862,-16.15189796560911,28.33165554137334,21.709909145063023,7,Buy,0.2655725915351683
EUREKAFORB.NS,1,0.6313289238345022,2025-09-01,180,0.5043381535038932,5.0,,-9.552324145243835,-21.60158697433989,34.0667989986233,26.884295186223113,8,Buy,0.26265784766900446
KCP.NS,1,0.6295755975488131,2025-09-01,180,1.0422721268163804,4.0,,-8.342511989901192,-13.649020008857416,31.269382392057725,15.048105647785789,9,Buy,0.2591511950976262
SABTNL.NS,1,0.6293552879225395,2025-09-01,180,,143.0,,-30.860004067136703,-14.265318715973102,66.69990420253043,12.204208857907119,10,Buy,0.25871057584507895
FACT.NS,1,0.6292509874724456,2025-09-01,180,3.856,9.0,,-8.062822016764835,-15.17001466264427,32.93145405517856,24.162257495590822,11,Buy,0.25850197494489113
INDIANCARD.NS,1,0.629018086961858,2025-09-01,180,0.07183908045977011,7.0,,-7.0598249180459,-18.18253779639941,33.199036031138526,14.68924205394029,12,Buy,0.25803617392371603
NACLIND.NS,1,0.6258809859132798,2025-09-01,180,1.846938775510204,-8.0,,-12.347455905733078,-30.01204540275122,50.308378577768266,45.37954195301816,13,Buy,0.25176197182655957
MASTEK.NS,1,0.625860881369196,2025-09-01,180,0.29528535980148884,16.0,,-21.577749444125764,-28.135076820087612,40.61665881129443,14.161103308652699,14,Buy,0.2517217627383921
GSS.NS,1,0.6257430032477157,2025-09-01,180,0.7473996407535821,0.46,,-6.837015210052044,-28.397029395643834,26.27754665922966,17.2956214383438,15,Buy,0.2514860064954314
LASA.NS,1,0.6254442711451894,2025-09-01,180,0.2857142857142857,-1.0,,-13.35504901171487,-16.264425575324314,35.438478806836564,29.831938918352847,16,Buy,0.2508885422903788
DCM.NS,1,0.6253503166752852,2025-09-01,180,8.150943396226415,35.08,,-8.561363223595194,-17.895181791661457,29.198539194780537,13.082695207878118,17,Buy,0.25070063335057036
VIJIFIN.NS,1,0.6243811064228725,2025-09-01,180,0.6431297709923662,2.32,,-10.256411040166299,-19.54023030504882,53.52475656410751,36.170210607346085,18,Buy,0.24876221284574496
JSWINFRA.NS,1,0.6236803935419616,2025-09-01,180,0.8285108024691358,9.0,,-1.8300847484530745,-5.577173508005987,29.81574136734913,36.67744385431998,19,Buy,0.24736078708392317
APOLLO.NS,1,0.6228252749345738,2025-09-01,180,0.6070110701107011,15.0,,-6.0821461619655395,-9.650458957917515,48.5963680655385,40.03229590855273,20,Buy,0.2456505498691477
HAPPSTMNDS.NS,1,0.6217387513713286,2025-09-01,180,0.9704939063502245,14.0,,-10.774956529951952,-27.874113783551362,30.608693912471402,28.689984232892968,21,Buy,0.24347750274265723
MEDICAMEQ.NS,1,0.621238130240497,2025-09-01,180,0.29044117647058826,7.0,,-13.173820263337937,-27.430424993224445,43.879095472621195,24.704393165402436,22,Buy,0.24247626048099402
APOLLOTYRE.NS,1,0.6211627913574224,2025-09-01,180,0.8986743302122926,10.0,,-7.0233177385977354,-11.048089708147199,25.335456633131752,20.487789991425316,23,Buy,0.24232558271484472
CEREBRAINT.NS,1,0.6210093846561127,2025-09-01,180,0.636986301369863,-15.0,,-19.34369417855122,-34.59383524340901,49.69753860261063,33.5365804017529,24,Buy,0.24201876931222532
DAMCAPITAL.NS,1,0.6197637866306074,2025-09-01,180,0.5580645161290323,65.0,,-12.664183189188059,-32.80418504162443,45.69699631988001,26.1345110456695,25,Buy,0.23952757326121477
NIITMTS.NS,1,0.6191238455196132,2025-09-01,180,0.1984126984126984,24.0,,-12.195758648414854,-14.44515211338776,35.876726089870466,27.88508221153411,26,Buy,0.23824769103922638
AMBUJACEM.NS,1,0.618837581463631,2025-09-01,180,0.23304843304843303,9.0,,-6.650498033450751,-9.051257216586164,30.7219795427841,19.418182076446158,27,Buy,0.23767516292726198
IRCON.NS,1,0.6184422893398513,2025-09-01,180,1.2299473521213997,15.0,,-10.657049038153295,-10.051882787925484,33.8982800234118,20.65201408237094,28,Buy,0.2368845786797027
MAHLIFE.NS,1,0.61771553047524,2025-09-01,180,1.2358168147641833,3.0,,3.442289116656947,-14.735333498412526,39.15804704185077,34.346758063966064,29,Buy,0.23543106095047994
3PLAND.NS,1,0.6174889341955123,2025-09-01,180,0.10841022001419455,2.28,,-6.494994014909299,-17.34952061586231,26.399188943422935,28.93552820387292,30,Buy,0.23497786839102464
CEATLTD.NS,1,0.6152697285862799,2025-09-01,180,1.854175872735307,16.0,,-2.9728594463489655,-8.203797703567716,36.3814902647595,14.892682225672857,31,Buy,0.23053945717255986
ORISSAMINE.NS,1,0.6145398879411551,2025-06-01,272,-11.46692607003891,-39.0,,-11.734244192655398,-15.994295944277567,37.039571263131876,17.682952627644923,32,Buy,0.2290797758823102
INOXWIND.NS,1,0.6127633049600846,2025-09-01,180,0.29245128541018506,12.0,,-13.832773259271406,-31.501860778127906,36.28540273962758,1.5848547918532319,33,Buy,0.22552660992016915
GVKPIL.NS,1,0.6125048747756401,2025-09-01,180,-2.364130434782609,0.0,,-4.452058597406397,-17.210680813119165,21.16813707770943,20.7547339564603,34,Buy,0.22500974955128017
NBCC.NS,1,0.6124165699184393,2025-09-01,180,2.679095596985323,32.0,,-6.558139785351563,-20.48353104692198,34.29937137291715,18.07309082561723,35,Buy,0.22483313983687858
DATAPATTNS.NS,1,0.6124017345947184,2025-09-01,180,0.13914174252275682,21.0,,25.276095655487808,8.058432018613463,67.42082128797364,79.28293827370526,36,Buy,0.22480346918943672
HCG.NS,1,0.6122784479567823,2025-09-01,180,1.1537162162162162,7.0,,-0.3462304017088364,-21.18161927064678,33.4735695559792,55.16234737903441,37,Buy,0.22455689591356465
ENERGYDEV.NS,1,0.6119258805815897,2025-09-01,180,0.4583333333333333,0.0,,-1.831065920581294,-26.198932054178865,30.0485713458141,35.24906258518216,38,Buy,0.2238517611631794
PHOENIXLTD.NS,1,0.6117570019301253,2025-09-01,180,0.2043687523139578,6.0,,-1.677636399226143,-4.732913521772688,26.19982692906422,34.074333500531495,39,Buy,0.22351400386025055
CYIENTDLM.NS,1,0.6114808390281643,2025-09-01,180,0.5313463514902363,12.0,,-14.414782723199007,-27.158333787855504,43.246926670182816,21.43704479597254,40,Buy,0.2229616780563286
ICEMAKE.NS,1,0.6114725796390689,2025-09-01,180,2.384,21.0,,14.598087768437546,16.490268225661605,37.01935465891742,70.63942251531853,41,Buy,0.22294515927813774
NAUKRI.NS,1,0.611228698266872,2025-09-01,180,0.1780977137905752,5.0,,-18.642056060072175,-22.42798995429179,32.401513709092704,21.458578519285723,42,Buy,0.22245739653374397
UNITDSPR.NS,1,0.6111108543862716,2025-09-01,180,0.5934393638170974,26.0,,3.7883361011106254,-4.063963046076296,20.019088189983265,41.751981735261275,43,Buy,0.2222217087725431
GUJAPOLLO.NS,1,0.6107405153588812,2025-09-01,180,0.11096373056994811,1.23,,-5.697001615346826,-18.247377378992237,35.32234741419705,32.347126109297534,44,Buy,0.22148103071776237
VETO.NS,1,0.610284034413263,2025-09-01,180,0.19029850746268656,11.0,,2.160831252469579,-7.9317074884957,26.974442770902662,55.10553856023286,45,Buy,0.2205680688265259
DIVISLAB.NS,1,0.6100072525682436,2025-09-01,180,0.17744772327535666,21.0,,6.08342989571263,-1.0575883896865832,28.26763631109084,64.91405460060668,46,Buy,0.22001450513648724
SONATSOFTW.NS,1,0.6080289117547973,2025-09-01,180,0.45012468827930174,31.0,,-14.851743962417013,-24.63164098280984,42.795428907579826,23.75732869150663,47,Buy,0.21605782350959468
ZUARI.NS,1,0.6078458886547299,2025-09-01,180,0.87151841868823,0.0,,-18.616050495342552,-18.035486354841442,47.77271476579706,13.001345645057,48,Buy,0.21569177730945976
INTELLECT.NS,1,0.6076228830474036,2025-09-01,180,0.38058943089430897,14.0,,-22.74212678940752,-37.29438421699438,40.056140334812575,26.872649508499407,49,Buy,0.21524576609480728
3IINFOLTD.NS,1,0.6071367808110137,2025-09-01,180,2.069620253164557,30.0,,-8.650069650721475,-17.8066018108117,35.29834249111281,29.69541955391263,50,Buy,0.2142735616220275
RHFL.NS,1,0.6067872166056385,2025-03-01,364,-1.0377358490566038,-17.0,,-23.021578168061943,-33.12499771825973,38.60415198901327,12.658242746871068,51,Buy,0.213574433211277
ISFT.NS,1,0.6062542606917442,2025-09-01,180,0.13716529810781872,2.53,,-16.808783187776857,-21.719060680518822,29.7303917960389,3.5656198194499638,52,Buy,0.2125085213834883
PRSMJOHNSN.NS,1,0.6061132653759721,2025-09-01,180,2.6486486486486487,3.0,,1.8380539619970901,-8.875530539190665,27.87507860609455,51.61537757286659,53,Buy,0.2122265307519442
ARVINDFASN.NS,1,0.606087476046626,2025-09-01,180,0.22317596566523606,3.0,,-2.814880153744718,-12.667389570925444,34.55438210124213,22.650343122234176,54,Buy,0.2121749520932521
DEVIT.NS,1,0.605783460843212,2025-09-01,180,0.5503875968992248,26.0,,-25.3937684695842,-42.13413430244966,45.12198109178439,6.054882540204986,55,Buy,0.211566921686424
DBEIL.NS,1,0.6057556651526673,2025-09-01,180,1.0350467289719627,25.0,,-16.96117255671512,-43.25009264468324,38.956078925006494,15.901066527278743,56,Buy,0.21151133030533464
METROPOLIS.NS,1,0.60559921063179,2025-09-01,180,0.30519969856819895,13.0,,5.578976285512396,-1.5666163662833978,29.013045020056865,34.36886878955161,57,Buy,0.21119842126358002
VINDHYATEL.NS,1,0.6055492974555511,2025-09-01,180,2.0231578947368423,12.0,,-14.49653883637383,-30.83366409810711,36.67118654232003,21.131291839474514,58,Buy,0.21109859491110217
KPITTECH.NS,1,0.6053748725888942,2025-09-01,180,0.29764344262295084,34.0,,-25.886383739250956,-36.77545408495549,37.76080849820944,19.448835247199185,59,Buy,0.21074974517778844
COFORGE.NS,1,0.6053039622914143,2025-09-01,180,0.3058745215510068,14.0,,-29.167907166769226,-37.725500533726986,39.014339138643315,7.703043832252575,60,Buy,0.2106079245828285
SAGILITY.NS,1,0.6052831767286939,2025-09-01,180,0.1127521961579303,4.0,,-19.76060356573964,-21.02636223839846,36.109860000102515,13.35453148368049,61,Buy,0.21056635345738783
CIGNITITEC.NS,1,0.6052635359487211,2025-09-01,180,0.374167776298269,31.0,,-28.212797222057773,-36.7199688833429,39.59233830977598,7.241385323660708,62,Buy,0.21052707189744213
ATL.NS,1,0.6051540435399466,2025-09-01,180,2.1067961165048543,15.0,,4.604438717341943,-10.172537579979064,45.94184840142946,47.66899987128731,63,Buy,0.21030808707989324
VIRINCHI.NS,1,0.6047966828657696,2025-09-01,180,0.4457013574660634,6.0,,-4.966252160136726,-18.41887744637595,40.515678842277694,34.09088347567652,64,Buy,0.2095933657315392
PRESTIGE.NS,1,0.6046294565621754,2025-09-01,180,1.4328282400744943,4.0,,-2.416812609457093,-16.949862311561738,32.61524583982378,11.769351163377053,65,Buy,0.20925891312435074
KAMOPAINTS.NS,1,0.6036835088220138,2025-09-01,180,0.00012913223140502474,-0.34,,-21.769911474550106,-37.921346245262264,39.07483789509793,18.35442885166742,66,Buy,0.20736701764402765
DCMSHRIRAM.NS,1,0.6035862418598144,2025-09-01,180,0.8068574588690723,11.0,,-12.627413654867084,-15.301058704119683,22.177402768983388,13.922458670067698,67,Buy,0.2071724837196287
ABDL.NS,1,0.6035103707810743,2025-09-01,180,1.398505603985056,21.0,,4.362120421744623,-27.179563323228955,35.141536648164504,31.53891061496087,68,Buy,0.20702074156214856
CELLO.NS,1,0.603305259246386,2025-09-01,180,0.1795727636849132,10.0,,-16.125780894126272,-31.143469384601385,26.801499155578618,6.297820115233662,69,Buy,0.206610518492772
MOLDTECH.NS,1,0.6032643342797239,2025-09-01,180,0.16535433070866143,11.0,,2.2067312880483256,-22.003276776243187,35.38715908674458,41.07702913356975,70,Buy,0.20652866855944785
VSSL.NS,1,0.6032042305602335,2025-09-01,180,0.2905629139072848,17.0,,1.8253992474268355,-9.328619751407906,30.17230795821379,42.60429406431451,71,Buy,0.20640846112046707
M&M.NS,1,0.6025717939084192,2025-09-01,180,0.6403423019656795,27.0,,0.3841153638787572,-9.578690597164986,24.961260663781374,32.66339656783235,72,Buy,0.2051435878168384
ASHOKA.NS,1,0.6024508866576032,2025-09-01,180,1.3397942091409427,10.0,,-10.08920287415187,-26.85643097977206,39.224011563549396,7.678919719658481,73,Buy,0.20490177331520631
CARERATING.NS,1,0.6019501021528916,2025-09-01,180,0.1453551912568306,24.0,,2.65504099645937,4.871863095137427,21.25864716727312,41.64372475081492,74,Buy,0.20390020430578315
AGI.NS,1,0.6019326089996692,2025-09-01,180,0.5173658096526839,20.0,,-16.960334682805758,-30.60006170430587,43.37547285215054,18.326564772384273,75,Buy,0.20386521799933832
KOLTEPATIL.NS,1,0.6017325289463656,2025-09-01,180,4.144617912900575,8.0,,-1.6906806519732305,-6.52259828799167,28.16921822284602,44.50262728176199,76,Buy,0.20346505789273128
BHARTIARTL.NS,1,0.6013492290461345,2025-09-01,180,1.8322163542952268,8.0,,-4.502259997294219,-10.577656951769217,18.418177472759407,22.594005541379275,77,Buy,0.20269845809226905
JAYSREETEA.NS,1,0.6011223612715819,2025-09-01,180,1.2926829268292683,4.0,,-0.35331494768269234,-11.482684453614397,30.87227974879025,27.207639838938945,78,Buy,0.20224472254316384
ORIENTCER.NS,1,0.6009437258235485,2025-09-01,180,0.3531468531468531,6.0,,-7.187495128466353,-11.424637588446236,30.191225462526067,16.22312612319473,79,Buy,0.20188745164709698
BAJAJINDEF.NS,1,0.6009406292265069,2025-09-01,180,0.20155038759689922,18.0,,-15.000852490026908,-26.644059120404396,38.409421418415924,4.905969418539016,80,Buy,0.20188125845301386
CYBERTECH.NS,1,0.600795664718302,2025-09-01,180,0.8161764705882353,16.0,,-12.074977843378004,-22.948486233481944,32.18032611178331,12.678773644256168,81,Buy,0.20159132943660407
XCHANGING.NS,1,0.6003281208607899,2025-09-01,180,0.11148648648648649,8.0,,-6.6666623379321805,-24.12361378513331,30.207593876840548,26.306935801157138,82,Buy,0.2006562417215798
JINDRILL.NS,1,0.6002911701939845,2025-09-01,180,0.4918918918918919,14.0,,-6.370903684124847,-19.7513122723006,42.8296828090856,31.506046988973168,83,Buy,0.20058234038796896
PALASHSECU.NS,1,0.6002456787820697,2025-09-01,180,0.012654958677686002,17.95,,-4.252954010834989,-17.99619546827966,25.87798988042291,45.26558850762456,84,Buy,0.20049135756413938
MPHASIS.NS,1,0.6001668212397974,2025-09-01,180,0.3609923011120616,34.0,,-17.17758368582779,-18.31471580811036,30.819953461007227,16.757098518242273,85,Buy,0.20033364247959473
LMW.NS,1,0.5996497916507592,2025-09-01,180,0.4564994882292733,5.0,,1.7927325380955663,-2.817457705220196,38.779114063577765,29.976019184652287,86,Buy,0.1992995833015183
INDHOTEL.NS,1,0.5992191623369536,2025-09-01,180,0.23751745810055866,17.0,,0.3686446429479963,-10.378879654299755,23.638579423787405,35.18812858585447,87,Buy,0.1984383246739072
CENTEXT.NS,1,0.5991398690444837,2025-09-01,180,1.0568181818181819,18.0,,-12.361537642459593,-17.857139745367373,36.84663367637703,27.84810554444411,88,Buy,0.19827973808896737
KOHINOOR.NS,1,0.5990340219630166,2025-09-01,180,-2.2934131736526946,0.0,,2.703809305767288,-15.246789183618029,31.85326900110976,41.79431017414052,89,Buy,0.19806804392603317
TRIVENI.NS,1,0.5988841890942438,2025-09-01,180,0.38780804150453957,9.0,,12.928118310208234,11.420713477187402,37.50666621326219,59.11864297368616,90,Buy,0.19776837818848758
CELEBRITY.NS,1,0.5986865629597908,2025-09-01,180,10.0,-13.0,,0.5006253191347655,-19.29648354873434,57.898349664247284,26.687118000186643,91,Buy,0.19737312591958167
BSL.NS,1,0.5986281887532222,2025-09-01,180,4.5,8.0,,-5.379868405011184,-25.364152854595766,25.888932774378127,26.12298052493375,92,Buy,0.19725637750644442
URAVIDEF.NS,1,0.5985956188414815,2025-09-01,180,0.5711177052423344,7.33,,-22.404802769757573,-23.38269177086241,36.52031627135609,9.43818008815731,93,Buy,0.19719123768296298
GROBTEA.NS,1,0.5985291366128671,2025-09-01,180,0.31708945260347143,12.71,,5.972489192728973,-5.861897665176354,30.042088943470112,50.800107404458394,94,Buy,0.19705827322573422
EXPLEOSOL.NS,1,0.5984342677105591,2025-09-01,180,0.27732463295269166,20.0,,-15.495011595926611,-32.61510843030565,30.299240474850496,8.104923647575418,95,Buy,0.19686853542111815
UCAL.NS,1,0.5984045816170479,2025-09-01,180,0.9576719576719577,7.0,,-0.06442786845143658,-11.347866575471867,31.418883740558805,36.504170989003605,96,Buy,0.1968091632340958
BALAXI.NS,1,0.5983687603194533,2025-09-01,180,0.446272180336608,5.06,,-19.139344874199804,-47.679660511155284,48.176268400833784,17.984188605890083,97,Buy,0.1967375206389066
VEEDOL.NS,1,0.5982033675947082,2025-09-01,180,0.32138114209827356,19.0,,-0.7617177296347122,-13.979730738784312,21.479808202763582,22.527490953723984,98,Buy,0.19640673518941631
KHANDSE.NS,1,0.5980895876804396,2025-09-01,180,0.4889867841409692,-14.22,,-9.501066353661715,-23.815907612051408,38.510437106915475,26.0982150293963,99,Buy,0.19617917536087925
IDBI.NS,1,0.5980737175015272,2025-09-01,180,5.181245262266086,,,18.60750948974708,15.570836133172234,43.49234053778117,78.78786989153714,100,Buy,0.19614743500305432
TEXRAIL.NS,1,0.5980532994627866,2025-09-01,180,0.6823654390934845,11.0,,-17.456065594154207,-18.229369304161555,42.44806480759807,18.29084406896081,101,Buy,0.19610659892557325
INFY.NS,1,0.5980212339594327,2025-09-01,180,0.442522526415869,41.0,,-21.65712711142287,-16.665598619880114,35.893447139607595,17.226483608603786,102,Buy,0.19604246791886548
BESTAGRO.NS,1,0.5975385794187202,2025-09-01,180,1.183838383838384,14.0,,-18.844221466758796,-37.85273965363562,58.83282703141679,12.08792245268178,103,Buy,0.19507715883744048
SAKSOFT.NS,1,0.5973255350588907,2025-09-01,180,0.5662650602409639,26.0,,-19.14735921585744,-30.077489885902875,37.4911979568013,25.429153807742367,104,Buy,0.1946510701177815
EMBDL.NS,1,0.5969966732344283,2025-09-01,180,0.4326190897821852,4.0,,-4.247900299087018,-22.916935395862563,44.07037837666935,26.78569941833402,105,Buy,0.19399334646885658
FIRSTCRY.NS,1,0.5969713279510909,2025-09-01,180,0.16577626679617938,2.0,,-19.137069384042114,-28.132233422649794,50.961596398911425,24.58277515228501,106,Buy,0.19394265590218174
GUFICBIO.NS,1,0.5968590131452658,2025-09-01,180,1.0158982511923689,13.0,,-7.3031006598333015,-20.413329776309965,32.87980924503416,22.33363470713421,107,Buy,0.1937180262905316
TATACOMM.NS,1,0.5963226278976818,2025-09-01,180,1.002372713791399,6.0,,4.507394054330794,-11.993166429479578,38.00718314474062,52.6739788664588,108,Buy,0.1926452557953635
NAGAFERT.NS,1,0.5953295178635091,2025-09-01,180,-1.4215581643543223,,,-11.895164275206564,-4.793033980723728,29.971663158738476,26.744184112342808,109,Buy,0.19065903572701814
BLUECOAST.NS,1,0.5951712030910977,2025-09-01,180,-1.2854821235102925,-34.45,,-20.32125678384119,-45.503320755423125,48.860514459688176,28.464023545401332,110,Buy,0.19034240618219544
PTL.NS,1,0.5947469737269119,2025-09-01,180,0.25251396648044694,7.0,,-0.6013097762407988,0.6559420506360986,24.157717520227624,19.762900976290098,111,Buy,0.18949394745382375
TOKYOPLAST.NS,1,0.5945944300432129,2025-09-01,180,1.0201987816607885,4.54,,-19.276623919837924,-33.87771792878935,29.781715565766216,12.98234647397203,112,Buy,0.18918886008642577
HAL.NS,1,0.5941513031809353,2025-09-01,180,2.327173854228667,34.0,,-14.242284063568864,-13.135951173725205,41.46300691451801,37.74038015188746,113,Buy,0.18830260636187068
MOHITIND.NS,1,0.5938207798164701,2025-09-01,180,2.15625,0.0,,5.4644774570481776,-13.720769537779507,42.99466058925485,51.4204590096424,114,Buy,0.18764155963294016
RELCHEMQ.NS,1,0.5937020032513831,2025-09-01,180,2.4214285714285713,7.0,,1.9416681925455728,-18.959917652069073,49.35048861838071,36.74594478338103,115,Buy,0.18740400650276623
GPTHEALTH.NS,1,0.5936407671160656,2025-09-01,180,0.8228346456692913,27.0,,-0.5278485522212609,-11.915721109269496,18.805171904033585,42.09897296498072,116,Buy,0.18728153423213123
CENTRUM.NS,1,0.5935813422793023,2025-09-01,180,1.8105263157894738,6.0,,5.173873271000187,-17.19533019929532,44.614061032522905,40.26441990822262,117,Buy,0.18716268455860452
JIOFIN.NS,1,0.5931407210643065,2025-09-01,180,0.003944840834248079,3.0,,0.3536321793651768,-16.6585140404754,33.73765174271348,19.825750937133904,118,Buy,0.18628144212861297
PANACHE.NS,1,0.5929641551981956,2025-09-01,180,0.8055555555555556,13.0,,27.37315463207832,-9.786499162213337,59.6667140709923,57.297067806271706,119,Buy,0.18592831039639113
KRISHANA.NS,1,0.5929584497176612,2025-09-01,180,1.853932584269663,22.0,,1.7542029629234506,-3.448617164049763,32.920204363436895,42.17026317560746,120,Buy,0.1859168994353224
IPCALAB.NS,1,0.5926845567427188,2025-09-01,180,0.2909410017550965,18.0,,3.325003369988802,9.520059055448602,23.46515933742411,67.28091384354911,121,Buy,0.1853691134854376
UMAEXPORTS.NS,1,0.5925484788710261,2025-09-01,180,1.30635838150289,4.0,,-17.51582116164611,-32.17649849563433,35.14682682158325,10.477444455406228,122,Buy,0.18509695774205226
DIVGIITTS.NS,1,0.5920268910066024,2025-09-01,180,0.13322368421052633,6.0,,21.040721505701576,23.324506085798344,53.69268111002915,63.80163534486646,123,Buy,0.18405378201320488
NILASPACES.NS,1,0.5920255971482935,2025-09-01,180,1.305732484076433,27.0,,-0.8504598758249773,-17.947211747030746,37.92725680753217,33.74486517289165,124,Buy,0.184051194296587
MAZDOCK.NS,1,0.5918900880746915,2025-09-01,180,2.1079910935180606,49.0,,-11.336750846189544,-16.71028478127652,37.2501261000319,18.291330101968043,125,Buy,0.1837801761493829
GSPL.NS,1,0.5918619630674974,2025-09-01,180,0.12914928351169963,10.0,,-0.13108107635095165,3.515627146091195,17.597504758429675,35.85656498601176,126,Buy,0.18372392613499477
RITES.NS,1,0.5918007387459413,2025-09-01,180,1.3141382049245434,20.0,,-4.208574144812757,-8.997540711976379,24.518432922240805,26.114666796253047,127,Buy,0.1836014774918826
SILLYMONKS.NS,1,0.5917380895936463,2025-09-01,180,0.1735632183908048,2.08,,-10.755956521352047,-26.37086395150911,42.764242975932795,44.12265387216087,128,Buy,0.18347617918729253
AAVAS.NS,1,0.5909833317921007,2025-09-01,180,3.154059829059829,,,-12.137778944271965,-16.87035398733026,29.75353037445869,37.19807724770142,129,Buy,0.18196666358420144
ACC.NS,1,0.5909698669511282,2025-09-01,180,0.3214431101160187,18.0,,-5.129578527610217,-13.95222925419761,21.23792772924798,14.087202747699322,130,Buy,0.18193973390225637
INDIANHUME.NS,1,0.5909534684493316,2025-09-01,180,0.9628836545324768,12.0,,-13.342022724959282,-16.223711407892424,32.88359261800677,16.557022020169697,131,Buy,0.18190693689866322
PILANIINVS.NS,1,0.5906947694110045,2025-09-01,180,0.234396327087728,2.0,,-1.394550525638275,-9.107089884307328,22.020862247077233,48.87588027140972,132,Buy,0.18138953882200903
NIPPOBATRY.NS,1,0.5906688219649816,2025-09-01,180,1.2422907488986785,-1.0,,-9.385935020652173,-19.797374920850714,27.3437670231243,33.35730567811095,133,Buy,0.1813376439299632
CLEAN.NS,1,0.5906468279160358,2025-09-01,180,0.10089974293059126,29.0,,-12.468618358984898,-19.324522015111643,33.55593758349642,30.052784687892725,134,Buy,0.1812936558320717
JWL.NS,1,0.5906129803630182,2025-09-01,180,0.4162491052254832,21.0,,-18.19990289309262,-6.508039321335163,33.475556180767946,10.239246131130386,135,Buy,0.18122596072603647
HONDAPOWER.NS,1,0.5904790026039006,2025-09-01,180,0.25263157894736843,13.0,,5.148427083534618,-12.118056407226693,30.03676112269974,34.063746663288214,136,Buy,0.18095800520780125
SAMHI.NS,1,0.5902709403621648,2025-09-01,180,0.08044058744993324,1.0,,-4.1354461294335305,-17.14256371314845,32.06906625740348,34.61092453604837,137,Buy,0.18054188072432953
RPPINFRA.NS,1,0.590209373353077,2025-09-01,180,0.7481751824817519,20.0,,-9.948501588385604,-26.408416838288513,53.529632542489416,25.733856525061654,138,Buy,0.180418746706154
BAJAJHIND.NS,1,0.5901685036009092,2025-09-01,180,2.1147540983606556,1.0,,-0.3084468839263568,-21.324249624566203,45.483660569848254,40.54054551640541,139,Buy,0.18033700720181844
KRN.NS,1,0.5900725080911473,2025-09-01,180,0.2822429906542056,21.0,,63.66841714857717,22.61809359603658,62.424543618209384,87.66763995515481,140,Buy,0.18014501618229461
GEECEE.NS,1,0.5899231444229247,2025-09-01,180,0.6856780735107731,8.0,,-7.097918739653118,-21.19594498717869,29.307882803970415,35.408877975118,141,Buy,0.1798462888458494
INDSWFTLTD.NS,1,0.5897980211353177,2025-03-01,364,-2.810945273631841,13.0,,,,,,142,Buy,0.1795960422706353
ARKADE.NS,1,0.5897181316348259,2025-09-01,180,0.323189926547744,30.0,,2.399999445134943,-31.496682839517582,36.51903515530019,14.126152237894232,143,Buy,0.17943626326965179
UGROCAP.NS,1,0.5896191919137331,2025-09-01,180,3.3763702801461632,,,-23.32182566349123,-35.906020020962224,47.73899089996593,13.093166175024592,144,Buy,0.17923838382746626
PERSISTENT.NS,1,0.5893120568414829,2025-09-01,180,0.5402507174142879,28.0,,-22.02635914332784,-25.232522595077196,36.983309628426134,17.051356030005763,145,Buy,0.17862411368296582
CYIENT.NS,1,0.5893120568414829,2025-09-01,180,0.13200723327305605,16.0,,-17.964124465737108,-18.59202277660861,33.82559105921785,14.586905645779112,146,Buy,0.17862411368296582
SIRCA.NS,1,0.5890308795833132,2025-09-01,180,0.26410835214446954,20.0,,-1.8250134192163179,-11.999610953720174,28.09999952659189,39.25656626022672,147,Buy,0.17806175916662648
RUSHIL.NS,1,0.5889390926388862,2025-09-01,180,0.9921383647798742,10.0,,-8.46670741322475,-24.165953042510786,30.852544643499524,19.99998393811032,148,Buy,0.17787818527777244
GREENPANEL.NS,1,0.5889390926388862,2025-09-01,180,0.5422382671480145,4.0,,-6.067942784070582,-17.44382092818872,31.449440345014835,17.648736558226204,149,Buy,0.17787818527777244
NELCO.NS,1,0.5889328833364968,2025-09-01,180,0.5887096774193549,3.0,,-6.625641929390652,-26.449553374465957,46.87604137437419,29.140999383675506,150,Buy,0.1778657666729937
PARAGMILK.NS,1,0.5888687553272131,2025-09-01,180,0.734412955465587,14.0,,-19.052382244065697,-39.06696856335826,56.99745085381769,25.19034761385808,151,Buy,0.1777375106544261
SUULD.NS,1,0.5885827453637423,2024-06-01,637,-2.6865079365079363,-13.0,,0.0,-7.647058328542757,0.0,100.0,152,Buy,0.17716549072748466
FLFL.NS,1,0.588558681214268,2022-09-01,1276,-2.920568122041031,-59.0,,-8.396938923709326,-14.285709420028917,45.65513586260916,42.10527306448092,153,Buy,0.17711736242853604
PARAS.NS,1,0.5885281720348464,2025-09-01,180,0.32200886262924666,17.0,,-8.872701022275606,-11.126598467865819,42.808615154805395,31.191616523098844,154,Buy,0.17705634406969284
BORORENEW.NS,1,0.588462509829764,2025-09-01,180,0.40313549832026874,6.0,,-10.52011896045449,-21.61279005605454,42.52711538957967,21.16749894861762,155,Buy,0.176925019659528
RSYSTEMS.NS,1,0.5883076513434164,2025-09-01,180,0.5315315315315315,33.0,,-23.931057653131116,-27.452947025466596,40.69569800806173,10.697388185148682,156,Buy,0.1766153026868329
MAYURUNIQ.NS,1,0.588170095045853,2025-09-01,180,0.11834319526627218,21.0,,5.3064030176661765,6.189471719006988,42.81321571931645,33.57947215547226,157,Buy,0.1763401900917061
HEG.NS,1,0.5881372873022463,2025-09-01,180,0.2928125722209383,5.0,,1.2798014517035807,9.475080319002082,42.43914312058929,60.70257361589848,158,Buy,0.1762745746044927
ZUARIIND.NS,1,0.5880580457555216,2025-09-01,180,0.3751039645134461,3.0,,-2.9319497947280615,-19.338025726796303,38.30869604878164,43.05256751650013,159,Buy,0.17611609151104313
ZYDUSWELL.NS,1,0.5877356934972269,2025-09-01,180,0.05839780384327427,1.0,,-10.737480751349548,-10.58195307673471,35.15295800956795,33.48182041445885,160,Buy,0.17547138699445375
MANYAVAR.NS,1,0.587681604405311,2025-09-01,180,0.5223707147007554,26.0,,-18.548300322291123,-35.87930665911944,31.352112453936957,8.432723701137945,161,Buy,0.17536320881062206
MAPMYINDIA.NS,1,0.5876616844357803,2025-09-01,180,0.14169570267131243,28.0,,-20.8496000316925,-38.288476116338394,39.51821269533851,11.883596099281903,162,Buy,0.17532336887156053
AURUM.NS,1,0.5874337095496821,2025-09-01,180,0.13023740037205822,1.22,,1.879087670776737,7.499702940794729,39.72649049827585,52.22398240807797,163,Buy,0.1748674190993642
BAFNAPH.NS,1,0.5873511336765833,2025-09-01,180,0.75,8.0,,-4.455442858890054,-31.22773091781489,51.4874647709545,24.149304343464607,164,Buy,0.17470226735316663
POLYMED.NS,1,0.5871927818246939,2025-09-01,180,0.1754932502596054,18.0,,-16.57700628811708,-35.222526357549874,54.352264655069234,24.518507824106564,165,Buy,0.17438556364938784
DBCORP.NS,1,0.5871406665714454,2025-09-01,180,0.3629661751951431,21.0,,-4.898387897932524,-12.49107306645324,32.570524596092746,38.57199635298171,166,Buy,0.17428133314289074
MARATHON.NS,1,0.5869321893013928,2025-09-01,180,0.029865125240847785,15.0,,-14.137011489579097,-21.113037951869455,39.68381428074383,25.841123097970026,167,Buy,0.17386437860278559
IKS.NS,1,0.58685739896021,2025-09-01,180,0.2028397565922921,35.0,,-10.493782403211965,-18.879714102115273,39.74578983944221,19.087946750386337,168,Buy,0.1737147979204201
AFFLE.NS,1,0.5868287944325189,2025-09-01,180,0.21162672106068334,9.0,,-10.268444920664638,-17.081104766812928,36.12658721156715,21.862081687332605,169,Buy,0.1736575888650378
ALKALI.NS,1,0.5868237334905116,2025-09-01,180,0.9902264600715135,-4.87,,-6.857225682391385,-22.423953272181983,30.865811326722024,26.645028379334832,170,Buy,0.1736474669810233
AGRITECH.NS,1,0.586588094324491,2025-09-01,180,0.010093943633819618,-1.1,,-12.08571297781808,-4.500312563637483,36.79083937408291,16.923073506748437,171,Buy,0.173176188648982
STARTECK.NS,1,0.5864005831203155,2025-09-01,180,1.257510729613734,8.0,,-2.4533182194407135,-9.031931588105136,18.254410938766892,8.4507708178119,172,Buy,0.17280116624063102
IREDA.NS,1,0.5863681921297744,2025-09-01,180,5.795201238390093,,,-8.262040342701011,-14.450661146593937,27.358305290866113,32.934464271679246,173,Buy,0.17273638425954885
ERIS.NS,1,0.58628001877598,2025-09-01,180,0.9621075424034644,7.0,,1.199530490385803,-15.753891478488505,36.546334923523524,33.056879149615014,174,Buy,0.17256003755196003
JLHL.NS,1,0.5859799404362873,2025-09-01,180,0.202113606340819,18.0,,-2.721449959311464,-13.628583219840282,35.747834147038354,52.63994719814844,175,Buy,0.17195988087257463
ARTEMISMED.NS,1,0.585917738485759,2025-09-01,180,0.5963923337091319,15.0,,1.9766180218849627,-16.15992814174046,48.87264712551488,60.76537346242182,176,Buy,0.17183547697151802
NOVAAGRI.NS,1,0.5858479304523148,2025-09-01,180,0.480225988700565,13.0,,-8.180976943128385,-31.47549026224455,55.80259708100791,31.985296025408132,177,Buy,0.17169586090462952
ITDC.NS,1,0.5854046917531404,2025-09-01,180,0.8539603960396039,27.0,,2.505613187640776,-10.11369852920765,27.396994133297568,35.76765082790095,178,Buy,0.17080938350628072
ECLERX.NS,1,0.5853735048292857,2025-09-01,180,0.5027322404371585,29.0,,-32.251316871333735,-30.287653192106212,48.382445007452894,3.7979507520317384,179,Buy,0.17074700965857148
MUTHOOTCAP.NS,1,0.5849041179323894,2025-09-01,180,4.678843226788432,,,2.4794497913298756,-15.256288791049732,40.9056968705926,30.662370029631802,180,Buy,0.16980823586477878
MGEL.NS,1,0.5848698105117391,2025-09-01,180,1.995433789954338,18.0,,-12.041469166469632,-27.861348852257013,43.98287115530427,32.06519612403683,181,Buy,0.16973962102347828
HGS.NS,1,0.5848130262655151,2025-09-01,180,0.619316046599023,-3.0,,-7.76401186565977,-22.31404958677686,27.939653117469497,10.000010005763315,182,Buy,0.16962605253103025
MMTC.NS,1,0.5847283165502818,2025-09-01,180,1.1372549019607843,8.0,,-10.3928082199734,2.1480489544407786,36.50261406180665,20.391028414212855,183,Buy,0.16945663310056358
GANGESSECU.NS,1,0.5847152164350599,2025-09-01,180,0.07041356711341652,0.89,,1.8018779207746953,-19.04076302131408,38.90303405205731,42.036765537765554,184,Buy,0.16943043287011972
ZYDUSLIFE.NS,1,0.5845562976504998,2025-09-01,180,0.4711209684872008,31.0,,3.480408619641342,-2.2068952565484086,25.56877807208741,49.48845381454452,185,Buy,0.16911259530099954
MODISONLTD.NS,1,0.584539397790403,2025-09-01,180,0.5663716814159292,15.0,,-12.793291682703742,-2.388766564674517,38.20368628700625,14.47726408143808,186,Buy,0.16907879558080596
NLCINDIA.NS,1,0.5844539422557717,2025-09-01,180,1.1008839779005526,9.0,,-1.6452368396115402,8.451466057396061,33.8177711271455,46.417424454891595,187,Buy,0.16890788451154348
ADOR.NS,1,0.5844140670330981,2025-09-01,180,0.4541832669322709,20.0,,2.7100726686035124,-3.7104713395806144,30.687896860152858,48.56272446215478,188,Buy,0.16882813406619612
ASTRAL.NS,1,0.5842768856241096,2025-09-01,180,0.3135077980438805,22.0,,14.177161053087048,15.762074395447815,31.29595659913334,83.66264975305327,189,Buy,0.16855377124821924
ANGELONE.NS,1,0.5837500439277422,2025-09-01,180,2.140113188132396,26.0,,-9.905733175864325,-12.991783320036058,51.913636096657335,19.127362366878685,190,Buy,0.16750008785548443
SUZLON.NS,1,0.5829777785206401,2025-09-01,180,1.0198412698412698,36.0,,-10.054807326824278,-20.99611276615566,31.34714300602927,11.01697700569133,191,Buy,0.1659555570412803
ORIENTHOT.NS,1,0.5829075749574737,2025-09-01,180,0.6402714932126696,14.0,,1.9078236728039921,-12.387775317485303,27.497810953057062,23.161765530859768,192,Buy,0.1658151499149474
SKMEGGPROD.NS,1,0.5828807209167561,2025-09-01,180,0.7245508982035929,13.0,,-19.12344928427476,-21.447322013093437,53.65824516647213,16.76746897477001,193,Buy,0.16576144183351227
QUICKHEAL.NS,1,0.582578023867109,2025-09-01,180,0.2214765100671141,0.0,,-14.042886854050849,-45.88713985636241,46.62110031535442,35.760855838277635,194,Buy,0.165156047734218
PATINTLOG.NS,1,0.5823360753384241,2025-09-01,180,0.3902439024390244,6.0,,-15.00829483117237,-27.253371973048583,38.42520459728489,13.576156117142801,195,Buy,0.16467215067684826
HEXT.NS,1,0.5821659421023514,2025-09-01,180,0.6581347455133862,32.0,,-31.885207024323975,-36.52815013404826,47.973726794178546,23.66098357698975,196,Buy,0.1643318842047028
CALSOFT.NS,1,0.5821186484096577,2025-09-01,180,0.11760513186029925,3.88,,-10.349748647940341,-24.108755295341712,33.06515774291602,32.568811653901065,197,Buy,0.16423729681931531
AIIL.NS,1,0.5821149608211342,2025-09-01,180,0.20519785171924193,31.0,,-6.852886627873021,-12.192944542494375,38.29364989236668,37.182285888291936,198,Buy,0.16422992164226846
SONACOMS.NS,1,0.5818515087631083,2025-09-01,180,0.1443687230989957,18.0,,8.538941998999665,4.7848790978632785,37.57959222425129,52.704594822930275,199,Buy,0.16370301752621663
MONTECARLO.NS,1,0.5818233088327601,2025-09-01,180,1.3501199040767387,13.0,,-2.1092599884404333,-29.480581476557944,34.39245426551062,22.194811186211325,200,Buy,0.16364661766552024
RPGLIFE.NS,1,0.5815976367656255,2025-09-01,180,0.2743682310469314,33.0,,-5.443173170370938,-17.72091022942852,29.440946044634874,32.6134939219932,201,Buy,0.16319527353125096
DLF.NS,1,0.5815843167531831,2025-09-01,180,0.522885743872972,8.0,,-5.434188845099738,-16.549199010548893,34.39902843981601,23.772374416407473,202,Buy,0.16316863350636623
RUPA.NS,1,0.5815843167531831,2025-09-01,180,0.4925521350546177,11.0,,-7.478948540695953,-21.475978247331227,27.467148513349848,27.06325523261519,203,Buy,0.16316863350636623
DHANUKA.NS,1,0.581575600732059,2025-09-01,180,0.3149708360337006,28.0,,-7.8089582513564295,-18.782496790539895,41.17595962764547,21.072798166840556,204,Buy,0.1631512014641181
ALANKIT.NS,1,0.5813085049774258,2025-09-01,180,0.14860681114551083,7.0,,-9.498402926284028,-22.838947053285143,50.38075049054931,19.760473570659272,205,Buy,0.16261700995485162
TITAGARH.NS,1,0.5812454341649622,2025-09-01,180,0.48363496341933,17.0,,-13.141262427877168,-15.211079973772677,26.713470515897235,21.68454280013077,206,Buy,0.16249086832992443
ANURAS.NS,1,0.5811304798835023,2025-09-01,180,0.6629570747217806,5.0,,1.8323787040365653,1.4406235867790362,36.908369427366786,39.24051381995786,207,Buy,0.1622609597670046
APLLTD.NS,1,0.581078093773511,2025-09-01,180,0.49571836346336823,11.0,,-6.825622483839037,-21.604937980894892,20.300735262864166,17.010497385632107,208,Buy,0.1621561875470221
SANCO.NS,1,0.5810234150490783,2025-09-01,180,-11.240196078431374,-0.79,,-27.062704322953785,17.553193816614137,28.050433476936092,21.917801060800045,209,Buy,0.16204683009815657
RELIGARE.NS,1,0.5808497562539376,2025-09-01,180,0.044027721157766,-1.0,,-10.239789381643439,-14.100952621103069,47.087860175356894,15.909396975085343,210,Buy,0.1616995125078753
TTKHLTCARE.NS,1,0.5808389826242836,2025-09-01,180,0.19447004608294932,9.0,,-5.469399298565782,-18.454842863797026,11.841565025160135,19.094709961695415,211,Buy,0.16167796524856715
SULA.NS,1,0.5808389826242836,2025-09-01,180,0.8087431693989071,9.0,,-6.100844963691417,-26.765085095662556,27.49627994672102,18.67358387731879,212,Buy,0.16167796524856715
NIVABUPA.NS,1,0.5808300501290297,2025-09-01,180,1.7989487516425755,7.0,,-3.8294126832036652,1.0088781772211761,14.170656367477328,22.891550268203304,213,Buy,0.16166010025805932
TVSELECT.NS,1,0.5807555788560324,2025-09-01,180,2.0,-2.0,,-3.243872351598134,-33.657881893074475,33.62193415307043,30.92059295466369,214,Buy,0.1615111577120647
RAJSREESUG.NS,1,0.5807455051311553,2025-09-01,180,1.6790123456790123,4.0,,-8.3969427473177,-26.6932290494099,39.686113834995254,33.52208808622336,215,Buy,0.1614910102623106
VAISHALI.NS,1,0.5806976332136996,2025-09-01,180,0.8208955223880597,5.0,,-13.200497858389454,-22.641513727723346,38.60395143323409,15.277790655319706,216,Buy,0.1613952664273992
KFINTECH.NS,1,0.5805289462462984,2025-09-01,180,0.2625775327360441,34.0,,-6.012379481202983,-9.429142480073867,32.346564264789954,41.992599898232896,217,Buy,0.16105789249259672
ASIANPAINT.NS,1,0.5803304218568893,2025-09-01,180,0.3995275590551181,27.0,,-1.6473530144091475,-17.332311720635982,24.329422256696432,42.7362405875228,218,Buy,0.16066084371377864
JSWHL.NS,1,0.5802530663851705,2025-09-01,180,0.1317602904079247,1.0,,-2.772567409144197,-17.99980225430097,30.638995399511614,33.23485967503693,219,Buy,0.16050613277034098
RPOWER.NS,1,0.5802064452653132,2025-09-01,180,0.7442122515877894,0.0,,-13.683835368273506,-40.00000286460365,47.87620001189449,14.376990185686182,220,Buy,0.16041289053062635
BAJAJFINSV.NS,1,0.5801909270132342,2025-09-01,180,0.02270908363345338,27.0,,2.3253451771385567,-4.804201317380015,22.049184993309403,42.51441237009537,221,Buy,0.16038185402646832
INDOWIND.NS,1,0.580049507616068,2025-09-01,180,0.13568376068376056,1.48,,-25.383996543026942,-48.522033546357825,55.77215437811597,27.33990726342543,222,Buy,0.160099015232136
SUPRIYA.NS,1,0.580041525395867,2025-09-01,180,0.11182994454713494,27.0,,-2.7540625238153105,-14.013784049885134,34.16743374007694,36.80833797500448,223,Buy,0.1600830507917339
RKSWAMY.NS,1,0.5799911758261367,2025-09-01,180,0.48,7.0,,-4.4989035347166295,-18.120641860938647,37.72825281935406,11.713381866754133,224,Buy,0.15998235165227337
ASHIMASYN.NS,1,0.5798470265140367,2025-09-01,180,0.9756944444444444,2.0,,-12.531019557066813,-28.931450236755413,43.56345981564747,10.714293316916525,225,Buy,0.1596940530280735
HERANBA.NS,1,0.5797840233821993,2025-09-01,180,1.0655737704918034,9.0,,-2.3925463838106236,-18.5027370079734,41.573314732577096,22.087164070456396,226,Buy,0.1595680467643985
USHAMART.NS,1,0.5797338341927012,2025-09-01,180,0.25534591194968553,27.0,,2.4234991178664322,-2.2201449253346324,34.39912627462387,39.46037244134416,227,Buy,0.15946766838540238
MHLXMIRU.NS,1,0.5795032753227467,2025-09-01,180,0.4177215189873418,30.0,,-11.25640869140625,-20.26814946330245,42.65647772214488,15.72578819895675,228,Buy,0.1590065506454934
SHK.NS,1,0.5794406248241161,2025-09-01,180,0.9931787175989086,8.0,,6.344324156885146,-13.08821537343626,48.05742769085411,11.960851992920112,229,Buy,0.15888124964823214
THYROCARE.NS,1,0.5790726847729127,2025-09-01,180,0.2616279069767442,26.0,,-7.278293436567643,-20.58705180501897,38.75606584282711,39.19806849747878,230,Buy,0.15814536954582548
NESCO.NS,1,0.5787650124554057,2025-09-01,180,0.19792783136834582,21.0,,2.359481239514708,-11.819179199263937,36.719739612992136,36.187439556123266,231,Buy,0.15753002491081136
GLOBAL.NS,1,0.5786451636513751,2025-09-01,180,0.11607142857142858,36.0,,28.987548119373347,21.283783752684627,47.3853192827905,64.00686851499177,232,Buy,0.15729032730275017
JUNIPER.NS,1,0.5785952967426774,2025-09-01,180,0.5430245331380447,6.0,,4.734953475881927,-9.22245017704002,43.28008989872834,25.72641016786106,233,Buy,0.1571905934853548
ENIL.NS,1,0.5784440752582867,2025-09-01,180,0.5364238410596026,2.0,,-6.354960650692816,-14.885930196803193,30.932135783206093,36.99823911429779,234,Buy,0.15688815051657334
KRSNAA.NS,1,0.5783811639192785,2025-09-01,180,0.6126609442060086,13.0,,-9.608817609241644,-21.62195347431005,24.567088256468907,19.280527438351456,235,Buy,0.15676232783855704
KIRLOSIND.NS,1,0.5783467727653857,2025-09-01,180,0.11231178033658104,2.0,,-11.21064690191856,-19.196120363276794,43.87127410509316,15.472778812843316,236,Buy,0.15669354553077142
BBTCL.NS,1,0.5782313581245101,2025-09-01,180,2.130081300813008,3.0,,-5.653656335103841,-13.090980912646181,32.1229618596111,35.526311386542815,237,Buy,0.1564627162490202
BHANDARI.NS,1,0.5780791651912904,2025-09-01,180,0.8141025641025641,9.0,,-28.316329385478557,-34.34579894786109,55.07062802236279,6.790130179458515,238,Buy,0.15615833038258087
VINEETLAB.NS,1,0.578060402316869,2025-09-01,180,5.5,-28.0,,-10.569351068248075,-28.80906216843838,48.53456332154549,40.56309135999099,239,Buy,0.1561208046337379
DANGEE.NS,1,0.578060402316869,2025-09-01,180,1.4465573770491804,2.64,,-1.3245020564786776,-18.35616599419565,57.52826064855082,48.06201693659414,240,Buy,0.1561208046337379
TGBHOTELS.NS,1,0.5780327429342965,2025-09-01,180,0.5424947698744772,4.3,,1.0940856021790517,-11.578947944804433,35.70122930499937,49.20000045776384,241,Buy,0.15606548586859303
ABCAPITAL.NS,1,0.577980067994975,2025-09-01,180,4.698408566966609,9.0,,0.04357374945732245,-3.7983454963280887,26.564436147128433,43.11329319037066,242,Buy,0.15596013598995007
EUROTEXIND.NS,1,0.5779766049640872,2025-09-01,180,-2.1220400728597455,-18.07,,-5.972321355887373,-39.332709441527804,52.30364601810018,37.35631506671749,243,Buy,0.1559532099281744
STEELCITY.NS,1,0.5776980877822276,2025-09-01,180,0.7586206896551724,21.0,,4.146810573002816,-6.629933276431707,29.783419336666135,62.01493540063449,244,Buy,0.15539617556445529
KALYANIFRG.NS,1,0.5775934493863774,2025-09-01,180,1.815217391304348,12.0,,1.169164345807008,-3.8090795296990785,39.29378699131165,52.38352770450891,245,Buy,0.1551868987727547
INDTERRAIN.NS,1,0.5775848777848479,2025-09-01,180,1.4120879120879122,-5.0,,-4.889299293377782,-13.53089206219844,34.1514088693738,12.682919454032884,246,Buy,0.1551697555696958
GEOJITFSL.NS,1,0.5775771054925178,2025-09-01,180,0.16297786720321933,-3.0,,-5.364096690061268,-10.43675148328008,30.13697269136429,11.487096777480843,247,Buy,0.15515421098503568
RAMAPHO.NS,1,0.5772945209863684,2025-09-01,180,0.594059405940594,8.0,,-18.895276381870378,-27.937587440436612,50.956775421726554,15.582015248657385,248,Buy,0.1545890419727367
TEXINFRA.NS,1,0.5772178463326796,2025-09-01,180,0.20761986896829923,0.08,,-0.5279273622989329,-9.596008144951615,20.630154140567114,42.494554576230676,249,Buy,0.15443569266535917
ALEMBICLTD.NS,1,0.5770806076597034,2025-09-01,180,0.0757396449704142,18.0,,-1.4399273297282407,-8.316672949503003,25.038798854324018,25.826062352093842,250,Buy,0.15416121531940674
GNFC.NS,1,0.5770806076597034,2025-09-01,180,0.2601549659544494,10.0,,-2.9028828395977855,-8.64544979519914,25.97613764247883,30.398181472347517,251,Buy,0.15416121531940674
BYKE.NS,1,0.5769488663699617,2025-09-01,180,0.4824561403508772,5.0,,-16.67328982617504,-19.31883909890643,46.236879282265875,4.448624854474247,252,Buy,0.15389773273992335
UPL.NS,1,0.576874215733446,2025-09-01,180,0.4102319436288902,1.0,,-10.971434660755959,-15.982336531742222,56.227507019644975,26.462156449911703,253,Buy,0.153748431466892
RPEL.NS,1,0.5768633703181668,2025-09-01,180,0.08421052631578947,16.0,,-5.699794542545531,-30.009409095499294,42.52009544783219,29.534474018608307,254,Buy,0.15372674063633363
HERITGFOOD.NS,1,0.5767423036614427,2025-09-01,180,0.5926660059464817,25.0,,-12.239832914261715,-34.04806338248558,48.02616776077683,7.697782418132192,255,Buy,0.1534846073228855
TARSONS.NS,1,0.576596322119998,2025-09-01,180,0.6244343891402715,9.0,,-2.234064628273044,-15.369258977829645,42.97533610977066,29.454158218578613,256,Buy,0.153192644239996
BUTTERFLY.NS,1,0.5765924686935135,2025-09-01,180,0.5988538681948424,15.0,,0.8126056495742316,-15.283349214075152,26.665507625783462,32.537704143717804,257,Buy,0.1531849373870271
MEDIASSIST.NS,1,0.5765924686935135,2025-09-01,180,0.3103448275862069,20.0,,-7.069436480555851,-21.949678349425394,33.71011155043749,23.603139533697785,258,Buy,0.1531849373870271
HGINFRA.NS,1,0.57649381643839,2025-09-01,180,1.0871409921671018,24.0,,-13.975326349855749,-37.5382823222154,52.50935121253071,4.7440037429708894,259,Buy,0.15298763287678008
SUNTECK.NS,1,0.5763050698160951,2025-09-01,180,0.35881877022653724,8.0,,4.195348326888399,-5.18850781770852,35.86304429957917,38.3419799722654,260,Buy,0.15261013963219017
OLAELEC.NS,1,0.5761323061502825,2025-09-01,180,0.04941965904969169,1.0,,-20.81632963487359,-38.801262136263844,40.93993039753167,11.835742282206951,261,Buy,0.1522646123005651
SUDARSCHEM.NS,1,0.5759849980492067,2025-09-01,180,0.40033153750518025,11.0,,0.6481545600304944,-13.416561121562722,31.97152966970615,17.193364847506217,262,Buy,0.15196999609841333
MAZDA.NS,1,0.5759645693091499,2025-09-01,180,0.22127659574468084,15.0,,1.7946447639715375,-16.67792128525769,42.214633579611615,32.5350702841251,263,Buy,0.1519291386182997
VHL.NS,1,0.5759417361412066,2025-09-01,180,0.0010638297872340426,6.0,,2.062710326885947,-10.358566915317944,41.15434093348983,48.312872810876996,264,Buy,0.15188347228241317
PRINCEPIPE.NS,1,0.5759396582383152,2025-09-01,180,0.3978629792583281,4.0,,6.401015528255237,-8.493199698620241,36.01036653852105,39.87272456682434,265,Buy,0.15187931647663033
IVP.NS,1,0.5754713840247693,2025-09-01,180,1.2986111111111112,10.0,,4.131483099116771,-16.73662792727024,42.8867691716571,24.276470964654308,266,Buy,0.15094276804953854
AFCONS.NS,1,0.5754255029667442,2025-09-01,180,2.540940413457641,23.0,,-12.543031111395331,-27.703541330398735,20.82520963450455,8.468748058387007,267,Buy,0.15085100593348844
AKZOINDIA.NS,1,0.57534975948634,2025-09-01,180,0.6149068322981367,42.0,,5.321135587661463,-11.34166951981622,25.485265261833096,46.13313681865086,268,Buy,0.15069951897268008
CINELINE.NS,1,0.5753465610622879,2025-09-01,180,1.103448275862069,5.0,,1.8278507138302806,8.439076787785147,41.734134245691294,55.186853463724944,269,Buy,0.15069312212457575
TOUCHWOOD.NS,1,0.575304360351178,2025-09-01,180,0.3099510603588908,18.51,,-19.92847814576939,-27.651031649101927,42.465282874681314,13.51129931819122,270,Buy,0.1506087207023561
FSL.NS,1,0.575304360351178,2025-09-01,180,0.5722983257229832,17.0,,-31.680649417849992,-37.01501350554493,38.93822498013028,13.087349273021204,271,Buy,0.1506087207023561
CENTENKA.NS,1,0.5752616790976012,2025-09-01,180,0.21736111111111112,6.0,,0.0,-7.827286668235332,24.207661303755206,12.274043690935741,272,Buy,0.15052335819520235
OBCL.NS,1,0.5751033640344574,2025-09-01,180,0.7727272727272727,4.0,,3.188358662825535,0.719556619501619,30.049654027575023,55.37816319406266,273,Buy,0.15020672806891477
RVHL.NS,1,0.5748770341386762,2025-09-01,180,0.012581392782253622,-0.18,,-5.336374535950979,-26.944740330024352,50.92176978319267,32.17332715500507,274,Buy,0.14975406827735238
OMKARCHEM.NS,1,0.5748315995546426,2022-06-01,1368,-1.4210526315789473,-11.0,,-9.695821419959351,-8.477843012897848,43.36530139426315,47.14285908913179,275,Buy,0.14966319910928516
ASTRAMICRO.NS,1,0.5747839419062003,2025-09-01,180,0.519163763066202,18.0,,0.3626567286850316,3.882448543973786,35.4657362490642,63.45073441624315,276,Buy,0.1495678838124006
RKDL.NS,1,0.5746401765847999,2025-09-01,180,2.1117464855849417,0.33,,-9.008576886970591,-24.15574058512788,37.574362473080534,10.48382134880545,277,Buy,0.14928035316959987
KILITCH.NS,1,0.5745788289054128,2025-09-01,180,0.40634920634920635,13.0,,2.910766253801591,-8.886069251568511,47.08756811059257,27.46553260785845,278,Buy,0.14915765781082557
TRIGYN.NS,1,0.5744700248583405,2025-09-01,180,0.46938775510204084,5.0,,-8.418279063399998,-26.9554201214971,52.23949189911286,4.284780998238247,279,Buy,0.14894004971668107
KIRLPNU.NS,1,0.5744636451150222,2025-09-01,180,0.4421052631578947,28.0,,1.8228068769736403,7.238107663475758,28.276035745294664,44.555061635365355,280,Buy,0.14892729023004447
NAHARINDUS.NS,1,0.5743409217586077,2025-09-01,180,0.6845771144278607,4.0,,-0.5022013583090378,-16.676680069456236,46.59057489396782,18.634774999296738,281,Buy,0.14868184351721547
ABREL.NS,1,0.5743409217586077,2025-09-01,180,1.7183318465655664,4.0,,0.5063488546576811,-27.255301706596125,49.84158743880355,25.21802541563555,282,Buy,0.14868184351721547
SOBHA.NS,1,0.5741856917692737,2025-09-01,180,2.9503968253968256,7.0,,-0.7752506695634779,-9.314875621033895,41.137613999093496,18.85875361801918,283,Buy,0.1483713835385474
MANGALAM.NS,1,0.5741284356784503,2025-09-01,180,1.421875,8.0,,-23.674537825878787,-1.1220670704460836,58.92899553755214,25.198403049638557,284,Buy,0.14825687135690058
MASKINVEST.NS,1,0.5741200172913974,2025-09-01,180,0.010190518387239717,0.04,,6.675462408891647,-14.257079637020773,54.328585574992,50.051037873958066,285,Buy,0.14824003458279478
VINCOFE.NS,1,0.574086004065952,2025-09-01,180,0.0944558521560575,3.0,,-1.7290271516995317,-9.700244776992326,36.572124199988444,40.330087858981365,286,Buy,0.148172008131904
TEAMLEASE.NS,1,0.5739656409985218,2025-09-01,180,1.2339955849889626,12.0,,-12.550200583475773,-27.234754213858615,33.11463033240661,17.14491962556818,287,Buy,0.14793128199704353
NUVAMA.NS,1,0.5737929606901557,2025-09-01,180,0.3812405446293495,31.0,,-6.4055298651022525,-15.708578520204336,42.15752906254285,20.42874969982698,288,Buy,0.14758592138031146
RATEGAIN.NS,1,0.5737652283873008,2025-09-01,180,0.040396881644223954,7.0,,-8.170706153819603,-25.443665410431336,49.2628425530754,33.08093259139255,289,Buy,0.14753045677460164
GMDCLTD.NS,1,0.5736275284552816,2025-09-01,180,0.2304932735426009,14.0,,-7.9162210891155755,5.581316021213933,56.40779752862708,34.015423874170494,290,Buy,0.1472550569105633
SURYAROSNI.NS,1,0.5735289977994811,2025-09-01,180,0.37455125648185084,21.0,,-8.39779159398421,-14.893535425454491,36.73206609151838,13.420700304753439,291,Buy,0.14705799559896215
GSLSU.NS,1,0.5735069989038388,2025-09-01,180,0.2,4.0,,-2.759833742817819,-35.3529029762382,46.97026646331411,37.71298970334911,292,Buy,0.14701399780767765
FMNL.NS,1,0.5735069989038388,2025-09-01,180,1.588235294117647,16.0,,-4.26758803117844,-15.8214961486935,55.67037403820119,48.58156148291638,293,Buy,0.14701399780767765
STAR.NS,1,0.5734992549709111,2025-09-01,180,0.6413727959697733,5.0,,5.162085556402439,-3.056698073181873,48.342307122124986,31.806199173469253,294,Buy,0.1469985099418223
ARTNIRMAN.NS,1,0.57348209392119,2025-09-01,180,1.3405046480743694,6.63,,-6.988507851786998,-19.57861661686936,43.13331522531377,41.888796144277556,295,Buy,0.14696418784237997
INDIACEM.NS,1,0.5734237060635479,2025-09-01,180,0.40749609578344614,-6.0,,-8.805033947034593,3.360492010500906,34.33188311555565,22.484892207029617,296,Buy,0.14684741212709573
UNIVCABLES.NS,1,0.573351690710568,2025-09-01,180,1.923841059602649,11.0,,-5.443287926641862,-27.33974856680988,44.49402619358613,34.46412336165014,297,Buy,0.14670338142113604
AARON.NS,1,0.5733234934242818,2025-09-01,180,0.9751356238698012,18.62,,5.059503520278054,-13.401232694198251,28.915359517390314,43.925241419305465,298,Buy,0.1466469868485636
IRB.NS,1,0.5730452075106999,2025-09-01,180,1.0735757416644789,7.0,,2.7259323925173535,-2.636605842145943,28.301877829973236,32.40729600849147,299,Buy,0.14609041502139974
NITIRAJ.NS,1,0.5729491201541986,2025-09-01,180,0.11852116024726579,7.96,,18.898290266207262,17.289543129577833,39.5797657442978,76.09626695331082,300,Buy,0.14589824030839726
KHAICHEM.NS,1,0.5728451390806532,2025-09-01,180,1.631578947368421,2.0,,-7.869918947297383,-32.73180863200333,47.72986623875402,16.552656263657695,301,Buy,0.1456902781613063
JAGSNPHARM.NS,1,0.5728222612991626,2025-09-01,180,0.18181818181818182,23.0,,4.718439497819416,-21.738124153100763,36.78224247830421,29.988904757170104,302,Buy,0.14564452259832517
ABB.NS,1,0.5728048263127627,2025-09-01,180,0.7792604948568251,39.0,,10.942637924735111,17.352657004830917,41.37433969867028,60.79664570230608,303,Buy,0.1456096526255255
ACCURACY.NS,1,0.5727232987702296,2025-09-01,180,1.4793388429752066,8.0,,-0.2044939124275371,-19.2052956082508,25.17899555285255,25.00009934077461,304,Buy,0.1454465975404593
ARE&M.NS,1,0.5726651070439136,2025-09-01,180,0.36357794627939855,17.0,,1.7828088125896153,-10.615675117084129,33.14511220496439,32.33107791841988,305,Buy,0.1453302140878272
APCOTEXIND.NS,1,0.572636172175312,2025-09-01,180,0.6224137931034482,13.0,,4.798914297004949,-10.00768586741507,32.72911736231147,36.01972000088341,306,Buy,0.14527234435062408
INDORAMA.NS,1,0.5726129372123214,2025-09-01,180,4.334645669291339,11.0,,-18.71988946741873,-30.854802606173692,54.09232677124215,16.563347768808498,307,Buy,0.14522587442464285
RUSTOMJEE.NS,1,0.5726111164141429,2025-09-01,180,0.5432242990654206,6.0,,-11.37692716640085,-22.594728621428555,47.918761355659825,27.091767110077654,308,Buy,0.14522223282828572
PIIND.NS,1,0.5726092963930793,2025-09-01,180,0.16974303293521534,25.0,,-1.1578925530332083,-8.045054280122043,26.85787081215869,42.1093090794517,309,Buy,0.14521859278615867
RAMKY.NS,1,0.5725753368402228,2025-09-01,180,1.0048543689320388,23.0,,-5.051447543831313,-23.073684210526316,40.161874311079096,39.55628642126665,310,Buy,0.14515067368044554
IWEL.NS,1,0.5724842423896068,2025-03-01,364,0.03233574131406949,0.0,,,,,,311,Buy,0.14496848477921365
MURUDCERA.NS,1,0.572426926085457,2025-09-01,180,0.5614973262032086,5.0,,-0.7591861454088908,-9.673852875836772,27.44687660748219,23.735417512418152,312,Buy,0.14485385217091395
PREMIER.NS,1,0.5724181595520405,2025-09-01,180,-1.5341483484189489,,,-2.287579560515078,-8.282208028109403,38.728461147468394,44.186049735244374,313,Buy,0.1448363191040809
AMJLAND.NS,1,0.5723680025870294,2025-09-01,180,0.06572769953051644,11.0,,-2.7307903309503305,-22.81879420458627,43.16846737442378,45.17072172238297,314,Buy,0.1447360051740587
SASTASUNDR.NS,1,0.5723539956993794,2025-09-01,180,0.0012527172911831984,-0.26,,-2.996575342465753,-12.211372893788138,26.684077432676943,29.702974784469575,315,Buy,0.14470799139875878
IL&FSTRANS.NS,1,0.572348965881339,2018-06-01,2829,-1.2014804845222073,13.0,,-12.811384427991394,-16.949152268407268,34.1637319964309,30.64514950583876,316,Buy,0.14469793176267798
LYKALABS.NS,1,0.572348965881339,2025-09-01,180,0.4772727272727273,8.0,,-15.008181631172024,-22.767253955816802,31.892870599880368,30.2551059532248,317,Buy,0.14469793176267798
OFSS.NS,1,0.572348965881339,2025-09-01,180,0.13085139805215207,62.0,,-11.553429027113237,-14.49364746515357,38.02857223962222,41.13940666841691,318,Buy,0.14469793176267798
CENTURYPLY.NS,1,0.5723304017641216,2025-09-01,180,0.4939334637964775,15.0,,-5.484122893739733,-9.34262470898583,31.308774107325917,20.972650015715942,319,Buy,0.1446608035282433
VERTOZ.NS,1,0.5722515614254677,2025-09-01,180,0.38256253635834775,5.89,,-15.229329029419983,-33.161132231080096,49.82683417293075,30.591551015074813,320,Buy,0.14450312285093547
RRKABEL.NS,1,0.5722513754130294,2025-09-01,180,0.5728363324764353,20.0,,18.63943546812265,12.725438654426172,35.31514276510364,67.46943377691463,321,Buy,0.1445027508260588
RAINBOW.NS,1,0.5722370460794578,2025-09-01,180,0.5643939393939394,18.0,,0.430523019672941,-12.30928031328892,30.51448737912804,58.43249143078686,322,Buy,0.1444740921589156
ESABINDIA.NS,1,0.5722275731794337,2025-09-01,180,0.53125,70.0,,1.9958884181156378,-2.750026845539177,28.342960435394183,40.6403283513186,323,Buy,0.14445514635886747
ASAL.NS,1,0.572105264511389,2025-09-01,180,17.8125,24.0,,-1.4707454304328147,-6.271086820058025,58.18198234467313,56.16849863941206,324,Buy,0.14421052902277798
INFIBEAM.NS,1,0.572093424551161,2025-09-01,180,0.40305987865998416,7.0,,5.874840902032191,-13.959525013782995,42.412874228771756,38.7722156863591,325,Buy,0.14418684910232193
AGARIND.NS,1,0.5718603445668421,2025-09-01,180,0.684863523573201,16.0,,-18.6355596473985,-28.59919770842533,54.80075330616147,10.15311556794758,326,Buy,0.1437206891336842
DIXON.NS,1,0.5718094561825148,2025-09-01,180,0.6803942273847237,12.0,,1.8477314501305988,-27.89534963358674,41.67657333621778,29.413735343383593,327,Buy,0.14361891236502955
CCL.NS,1,0.5717748976190993,2025-09-01,180,1.0822134387351778,10.0,,9.159218958389308,0.9013864903310232,32.97895785558177,49.31623688624797,328,Buy,0.14354979523819855
BLAL.NS,1,0.571744404815553,2025-09-01,180,-5.576036866359443,-100.0,,-2.015245246764358,-8.6893067985502,24.280412737533084,40.17925209347464,329,Buy,0.143488809631106
PNBHOUSING.NS,1,0.5716664371904425,2025-09-01,180,3.769752571587434,,,-1.9904931669637551,-8.897601776107564,36.99685173867651,35.60555694005045,330,Buy,0.14333287438088504
NBIFIN.NS,1,0.5716401386112379,2025-09-01,180,0.0587503885607709,0.0,,-9.366363772555383,-16.440459207861398,29.7618408477467,50.060323400178284,331,Buy,0.14328027722247572
HCLTECH.NS,1,0.5713679282826293,2025-09-01,180,0.49376102646351244,43.0,,-19.31342964191408,-13.855256328809201,31.321161394051007,21.75643265809788,332,Buy,0.14273585656525856
SHIVAMAUTO.NS,1,0.5712439350735944,2025-09-01,180,476.0,3.0,,0.051073692138927845,-32.14409565944413,53.83897262023461,15.576941487342367,333,Buy,0.14248787014718878
ZENTEC.NS,1,0.5712085394875628,2025-09-01,180,0.07110352673492605,33.0,,-1.74842508480143,-3.326930289492442,37.011355760457306,57.86215021757096,334,Buy,0.14241707897512557
GICRE.NS,1,0.5711536359317604,2025-09-01,180,2.1739992009588494,16.0,,2.515721678049469,-1.071803792155753,22.23176715974295,49.2742466433033,335,Buy,0.14230727186352077
GLOBUSSPR.NS,1,0.5711514815119858,2025-09-01,180,1.1013513513513513,6.0,,-3.7385691231845075,-15.978028032038383,26.008287262362245,27.079105956479737,336,Buy,0.1423029630239716
HYUNDAI.NS,1,0.5711205105504088,2025-09-01,180,0.8001412429378532,54.0,,0.7162745276162791,-6.904561378170679,29.720055013206643,48.87919917099706,337,Buy,0.1422410211008176
YESBANK.NS,1,0.5711056738392729,2025-09-01,180,7.72075533060959,,,-2.7686539998784525,-9.638032980411456,23.883445963606974,32.500035762707284,338,Buy,0.14221134767854582
SEYAIND.NS,1,0.570978072773358,2025-09-01,180,0.9600370840245923,-0.51,,-25.47288807886033,-45.40415749149732,47.210812745723636,11.195143156498133,339,Buy,0.14195614554671598
SHAKTIPUMP.NS,1,0.570978072773358,2025-09-01,180,0.8621142481943532,58.0,,-16.507365202327147,-24.278262553836747,51.22844168982409,17.26464358588629,340,Buy,0.14195614554671598
NAVKARCORP.NS,1,0.5709574584270899,2025-09-01,180,0.12758264462809918,-2.0,,-2.576837353352461,-5.75633200033423,26.70447359065206,20.861452254056502,341,Buy,0.14191491685417978
KIOCL.NS,1,0.5709012486008334,2025-09-01,180,0.3309222423146474,-9.0,,-10.88363043667185,-5.065428363818992,43.557334234138224,22.525315570491117,342,Buy,0.1418024972016667
UFO.NS,1,0.5708670233304607,2025-09-01,180,0.8602150537634409,6.0,,-10.664648100199768,-12.694499854958602,36.72031409283716,24.053216802165906,343,Buy,0.14173404666092138
SECURKLOUD.NS,1,0.5706535487575842,2025-09-01,180,-1.471698113207547,5.0,,3.0691712259987955,-5.183310433896503,41.273850770807954,54.50449966685841,344,Buy,0.14130709751516846
TCS.NS,1,0.5703062379447699,2025-09-01,180,0.7008432417175317,78.0,,-16.123903312110397,-14.41131380355339,33.55936285365125,24.039436070553577,345,Buy,0.14061247588953973
REDINGTON.NS,1,0.5702857244004605,2025-09-01,180,2.2460864120225423,33.0,,6.695836292499225,-0.23123225982606826,55.7522898924723,55.38556731683666,346,Buy,0.1405714488009211
GODREJIND.NS,1,0.5701849323450895,2025-09-01,180,6.913239436619718,8.0,,0.26756495492556287,-5.567705320680088,31.52817410783642,38.93641708553918,347,Buy,0.14036986469017898
DOLLAR.NS,1,0.5701752161964603,2025-09-01,180,0.6445182724252492,13.0,,-5.977562146309094,-15.921464248993352,34.64363141517535,25.940316124336064,348,Buy,0.14035043239292055
GREENPOWER.NS,1,0.5701664381627418,2025-09-01,180,0.051032662934082235,0.74,,-2.373885057054912,-22.95082308939993,44.066608014425704,24.32430865034422,349,Buy,0.14033287632548364
ETHOSLTD.NS,1,0.5701337470231677,2025-09-01,180,0.35804195804195804,14.0,,-1.7686270473702808,-20.29422779941002,27.564199908897287,24.174768235148747,350,Buy,0.14026749404633532
DIGISPICE.NS,1,0.5701337470231677,2025-09-01,180,0.0963855421686747,-4.0,,-5.192216075263232,-24.342631543792002,37.67432381924498,32.926835508873594,351,Buy,0.14026749404633532
CANTABIL.NS,1,0.5700453768405325,2025-09-01,180,1.6146341463414635,18.0,,-8.23907144313493,6.269666840840646,38.21585589445514,26.609909027040885,352,Buy,0.14009075368106494
CPCAP.NS,1,0.5700445178334753,2025-09-01,180,0.24577861163227016,10.0,,-8.421373174345522,-21.460007660336114,23.777617335815226,24.409459569422808,353,Buy,0.14008903566695063
NH.NS,1,0.5699888064014547,2025-09-01,180,1.028029322984045,19.0,,5.091268265879826,-5.8905153218163715,27.77921940946716,60.96120289655926,354,Buy,0.13997761280290932
EMUDHRA.NS,1,0.5698626891380705,2025-09-01,180,0.10669077757685352,5.0,,-15.353434285019155,-30.666451106980702,48.32783335002313,20.92261366337125,355,Buy,0.13972537827614095
KARURVYSYA.NS,1,0.5698550857626674,2025-09-01,180,9.167161613004064,,,7.852537292589955,31.54817542493792,41.53676608360048,49.68212927925281,356,Buy,0.13971017152533483
HBLENGINE.NS,1,0.5698048430336986,2025-09-01,180,0.3452868852459016,27.0,,-10.696949353080983,-21.764424316064655,46.88201642478632,19.23973713674434,357,Buy,0.1396096860673972
BALMLAWRIE.NS,1,0.5697758093178866,2025-09-01,180,0.6845998655010087,22.0,,6.1823064864638875,-2.0521699461760363,23.29976615628788,45.96982996325353,358,Buy,0.13955161863577326
COALINDIA.NS,1,0.5697334274132343,2025-09-01,180,0.436140350877193,97.0,,-4.2582519911229735,16.00239180545224,31.332322708277754,53.22869814380552,359,Buy,0.1394668548264686
GILLETTE.NS,1,0.5696346103260633,2025-09-01,180,0.8478073946689596,56.0,,2.586321599625715,-1.943798628683326,30.85475968066545,33.401221995926676,360,Buy,0.13926922065212666
DTIL.NS,1,0.5696221642823069,2025-09-01,180,0.35304347826086957,-3.0,,-1.4463934935066298,-12.907271501076625,32.63574356813036,34.73999093900848,361,Buy,0.13924432856461388
DBL.NS,1,0.5694193270659045,2025-09-01,180,1.0053619302949062,10.0,,-7.72984487783594,-11.583421891604676,35.159976439383286,27.848622792497324,362,Buy,0.13883865413180896
SASKEN.NS,1,0.5693392516995135,2025-09-01,180,0.16290726817042606,7.0,,-6.416543929496562,-15.853296710444567,36.75294694597891,32.82787822319759,363,Buy,0.138678503399027
INFOMEDIA.NS,1,0.5693344541415363,2025-09-01,180,-1.1715966386554624,,,-14.833331108093262,-22.809664322481375,51.29092363847379,33.63636343932342,364,Buy,0.13866890828307255
IFBAGRO.NS,1,0.5692322196214659,2025-09-01,180,0.4324734446130501,7.0,,-35.226255322285546,-36.32815670954754,50.294188251951866,27.689920531855876,365,Buy,0.13846443924293173
MAGNUM.NS,1,0.5691733767314521,2025-09-01,180,0.7684365781710915,4.0,,0.23031389460048995,-10.156891635898004,38.537441867892504,48.5981272315553,366,Buy,0.13834675346290415
OLECTRA.NS,1,0.5691696007473669,2025-09-01,180,1.053191489361702,21.0,,-6.0934328750121,-20.25752110384206,40.94836178806692,28.99158586342992,367,Buy,0.13833920149473378
GILLANDERS.NS,1,0.5691273335118082,2025-09-01,180,0.7864768683274022,4.0,,3.9213459143477882,-19.321355237096213,51.823269186992334,53.10025935412343,368,Buy,0.13825466702361644
VIVIDHA.NS,1,0.5690797679964327,2025-09-01,180,26.217391304347775,-14.42,,-1.754384313814067,-22.22222498169641,40.716959344382595,47.05882559185674,369,Buy,0.13815953599286535
LTIM.NS,1,0.5690059177048493,2025-09-01,180,0.37449365679946583,28.0,,-25.571309424520432,-26.810465020913636,41.09097633568512,9.830976198689214,370,Buy,0.13801183540969864
PVSL.NS,1,0.5689454592307165,2025-09-01,180,2.251732101616628,1.0,,-14.985073629420482,-30.153891320345306,57.04427165679372,24.807486809325482,371,Buy,0.13789091846143298
IRISDOREME.NS,1,0.5688809306729898,2025-09-01,180,0.36363636363636365,18.0,,4.604403897274804,-2.272038891655312,39.7788757257392,15.468722153445057,372,Buy,0.13776186134597967
STCINDIA.NS,1,0.5688775377443158,2025-06-01,272,-56.804681957909665,10.43,,-5.950171189270253,-1.3280322099584572,34.991670337472605,27.59703475667368,373,Buy,0.13775507548863164
HITECHGEAR.NS,1,0.5687461804008315,2025-09-01,180,0.3903966597077244,13.0,,-3.00377727004717,-10.295247087804572,36.19189733712767,45.40815333533151,374,Buy,0.13749236080166294
RUBYMILLS.NS,1,0.5687362782677451,2025-09-01,180,0.7262996941896025,6.0,,-8.478464579532492,-21.022107508447753,33.819931235516606,17.47299699733705,375,Buy,0.13747255653549018
ALLCARGO.NS,1,0.5686551390449816,2025-09-01,180,0.216289592760181,5.0,,-18.296228047257195,-34.87654663934664,41.970787262256735,8.02132764868027,376,Buy,0.1373102780899631
VISHNU.NS,1,0.568617909171323,2025-09-01,180,0.6048780487804878,15.0,,-3.081526746866111,-4.683639458145109,22.92565215236248,38.08864224947767,377,Buy,0.1372358183426461
INSECTICID.NS,1,0.5685594491311455,2025-09-01,180,0.6496655518394648,17.0,,-3.3025607460223885,-13.92725301784469,38.832489440099,44.73228152781194,378,Buy,0.13711889826229107
RKEC.NS,1,0.5684992258046262,2025-09-01,180,1.7655502392344498,14.0,,-2.0875837878740926,-24.311519389081,44.14946591944259,42.17474138708211,379,Buy,0.1369984516092524
NECLIFE.NS,1,0.5684800757959939,2025-09-01,180,1.5349162011173185,-5.0,,-11.078720322013828,-28.193054893359676,31.936076020631294,12.021827168059914,380,Buy,0.13696015159198782
MBAPL.NS,1,0.5683551877957069,2025-09-01,180,1.6296296296296295,18.0,,14.412981702116564,19.22930364420175,25.837744765012083,58.108102328741346,381,Buy,0.13671037559141386
TTKPRESTIG.NS,1,0.5683230255614093,2025-09-01,180,0.34553058024046,13.0,,-9.567471936499784,-18.797576154322513,29.303196513144787,22.305764411027567,382,Buy,0.1366460511228187
GPIL.NS,1,0.5681340041605388,2025-09-01,180,0.15858245891902595,23.0,,3.2485912344132637,13.10373829307995,38.89558614169054,56.746089261775595,383,Buy,0.13626800832107766
TORNTPOWER.NS,1,0.568074706224521,2025-09-01,180,0.8528085060680916,17.0,,15.419419304532273,20.39794343131937,33.641435376638604,73.07639768590187,384,Buy,0.1361494124490421
INDOBORAX.NS,1,0.5680650130979484,2025-09-01,180,0.06406685236768803,19.0,,-0.10220768346759529,1.369011827412938,17.769038202317258,54.35230727558146,385,Buy,0.13613002619589687
MSUMI.NS,1,0.5679937560709737,2025-09-01,180,1.1672095548317047,43.0,,2.491101302608203,-5.387645844707734,29.331366241260078,48.695672942005366,386,Buy,0.13598751214194738
FLAIR.NS,1,0.5678820274995984,2025-09-01,180,0.17172675521821631,16.0,,0.4548666563798874,5.071517599953882,25.090714979861513,48.1375232889745,387,Buy,0.13576405499919675
GUJTHEM.NS,1,0.5675916771770798,2025-09-01,180,0.4226415094339623,27.0,,-0.4199025468081581,-25.522411232886526,57.236097184346356,36.97795059448387,388,Buy,0.13518335435415962
BRITANNIA.NS,1,0.5675105119281704,2025-09-01,180,1.6260709914320686,57.0,,4.883802201642496,2.677044132740335,20.715853369711805,59.08831908831909,389,Buy,0.13502102385634074
DIL.NS,1,0.5674661679482317,2025-09-01,180,0.19545454545454546,,,1.4925358528601556,-28.421050980480732,30.81207052735444,71.42849844347109,390,Buy,0.13493233589646336
RADICO.NS,1,0.5672189292882778,2025-09-01,180,0.6376414124100103,16.0,,-1.9175970048420514,-16.16036830145813,37.33569995065743,27.99614066094439,391,Buy,0.13443785857655555
PNCINFRA.NS,1,0.5671907688200866,2025-09-01,180,0.4463397299218195,18.0,,-1.8324237940630599,-16.414713667027556,32.79333436519286,19.34982884421001,392,Buy,0.13438153764017313
ZAGGLE.NS,1,0.5671504749521676,2025-09-01,180,0.04889228418640183,13.0,,-19.251237434781938,-40.633965484323454,60.80686029633505,28.802952616839292,393,Buy,0.13430094990433528
BAJAJELEC.NS,1,0.5671457126147608,2025-09-01,180,1.425064599483204,12.0,,-5.967269927989688,-24.21315401115472,37.79187914240891,18.71428627481241,394,Buy,0.13429142522952153
STARPAPER.NS,1,0.5671235227048327,2025-09-01,180,0.20512820512820512,8.0,,-1.3658034879719938,-14.101777522560274,24.963244453246062,34.98670655378699,395,Buy,0.13424704540966537
PNB.NS,1,0.5671106958196416,2025-09-01,180,12.820127833168879,,,3.3453113304640723,3.967873446912651,29.166679571628475,63.22751749917247,396,Buy,0.13422139163928315
HPIL.NS,1,0.566997151926928,2025-09-01,180,1.0980392156862746,5.0,,-3.6461141516353086,-9.924807437679343,30.36458890779344,36.5428369724315,397,Buy,0.13399430385385602
HBSL.NS,1,0.5669969704978486,2025-09-01,180,0.1595744680851064,-9.0,,-10.686777727897251,-28.310149040478834,32.601814703132625,26.983196107991105,398,Buy,0.13399394099569717
WEWIN.NS,1,0.5669369272929221,2025-09-01,180,0.6834532374100717,10.73,,1.5624956908956575,-5.73593394397663,46.14642544102745,48.010788160803784,399,Buy,0.13387385458584422
STERTOOLS.NS,1,0.5669170240507629,2025-09-01,180,0.3772455089820359,12.0,,-9.430893068391132,-20.73995083098245,56.1202237604533,35.39056586671626,400,Buy,0.13383404810152588
BALAJEE.NS,1,0.5669163543589614,2025-09-01,180,0.6614173228346457,11.0,,-16.116208974944204,-32.88475404442391,37.298432694777155,14.285703320783966,401,Buy,0.13383270871792274
SANGHIIND.NS,1,0.5668707346961842,2025-09-01,180,7.957142857142857,-4.0,,-4.9386685776819,-6.031498946542815,31.8334091167076,15.758423241922827,402,Buy,0.13374146939236842
DHANBANK.NS,1,0.5668642305570768,2025-09-01,180,12.613540197461212,,,0.0,-11.268125132287292,16.604702576103765,38.66666158040365,403,Buy,0.1337284611141536
VLSFINANCE.NS,1,0.5668394197440579,2025-09-01,180,0.061105722599418044,3.0,,-2.9105581999287296,-17.45058535954457,22.660766030819143,16.86934404879841,404,Buy,0.13367883948811587
MINDTECK.NS,1,0.566837557222378,2025-09-01,180,0.14213197969543148,14.0,,-3.6073402110271253,-0.6844045743298135,40.37728425294354,44.33587121867923,405,Buy,0.1336751144447561
WAAREEENER.NS,1,0.5667439656864652,2025-09-01,180,0.897125567322239,34.0,,-1.426230713912134,-14.600471274133175,58.86883783835225,26.56374457272753,406,Buy,0.13348793137293047
SVPGLOB.NS,1,0.5667073481919582,2025-09-01,180,-3.724106491611962,-5.85,,-5.245896718476979,-53.90749419943186,38.836540948251994,9.836057884914155,407,Buy,0.13341469638391645
BEML.NS,1,0.5664504639809054,2025-09-01,180,1.1271613832853027,16.0,,-5.36214766849669,-7.909290589171139,50.58340163084459,32.682255022304716,408,Buy,0.13290092796181074
TECHM.NS,1,0.56633635449907,2025-09-01,180,0.6748080303450829,18.0,,-23.218727093265265,-10.512093512630452,37.16604426583089,13.819610499848707,409,Buy,0.1326727089981401
SIEMENS.NS,1,0.5661057950689049,2025-09-01,180,0.44237405106970323,23.0,,10.409199487953625,3.215482529509385,33.347111927751314,73.55445645333731,410,Buy,0.1322115901378098
NIRAJ.NS,1,0.5661003196680044,2025-09-01,180,0.51953125,11.0,,-7.091308971977417,-18.339762876471237,53.513859108178764,35.11074045504118,411,Buy,0.1322006393360089
SHRADHA.NS,1,0.5660795452381188,2025-09-01,180,0.12345679012345678,18.0,,-7.4246569273021175,-15.062951510548949,47.97205289079785,48.278680502551936,412,Buy,0.13215909047623753
SSDL.NS,1,0.5660481155506051,2025-09-01,180,1.0052910052910053,29.0,,-7.101760109611893,-25.100725514311144,49.416228266303335,16.373466636107793,413,Buy,0.13209623110121016
EMMBI.NS,1,0.565833419635824,2025-09-01,180,1.218274111675127,8.0,,-4.344587021564433,-12.769470865426538,19.32344451588,29.856153114669965,414,Buy,0.13166683927164802
CHOLAHLDNG.NS,1,0.5657435567482467,2025-09-01,180,0.0014738393515106854,6.0,,0.15322383166267237,-11.488461769880727,33.100053046018644,38.60939278502006,415,Buy,0.13148711349649345
BAJAJHFL.NS,1,0.5656849776129246,2025-09-01,180,4.475473301543836,,,-1.113378510468575,-17.15998746708385,17.528561354617608,17.823310822194088,416,Buy,0.13136995522584916
LALPATHLAB.NS,1,0.5654843953180534,2025-09-01,180,0.21913712088850917,31.0,,0.5871217221091087,-8.028607417038346,20.482406744092327,39.366734586034156,417,Buy,0.13096879063610678
XPROINDIA.NS,1,0.5654577083875524,2025-09-01,180,0.33620689655172414,9.0,,-11.654998910395946,-12.337283562071875,47.479119849101735,28.971156561378024,418,Buy,0.13091541677510476
EXCEL.NS,1,0.5653637986650372,2025-09-01,180,0.0,0.76,,-8.620691958562439,-26.388895787574352,36.079355012670774,14.285698066766273,419,Buy,0.13072759733007433
MUKKA.NS,1,0.5652832381364538,2025-09-01,180,1.7188264058679708,11.0,,2.1543964427435447,-10.0039564850002,45.16333259307952,33.65080085921498,420,Buy,0.13056647627290752
EIDPARRY.NS,1,0.5650959497230843,2025-09-01,180,0.6423841059602649,2.0,,-4.132962636340028,-16.073334783478245,29.084091554872266,23.998365808040745,421,Buy,0.1301918994461686
CHOICEIN.NS,1,0.5650959497230843,2025-09-01,180,0.04665069897775493,3.15,,-5.671131977670267,-8.630421671222702,35.580837426750094,39.78965972605339,422,Buy,0.1301918994461686
SUMMITSEC.NS,1,0.5649936649274566,2025-09-01,180,0.14385150812064965,1.0,,-4.733826626896108,-22.297953933002038,33.42243067552415,23.3101130362587,423,Buy,0.12998732985491324
MODIRUBBER.NS,1,0.5649793618643728,2025-09-01,180,0.1518324607329843,1.0,,-0.963977142783413,6.366362816613636,37.57894772786431,27.420891302571903,424,Buy,0.12995872372874562
SHREERAMA.NS,1,0.5649793618643728,2025-09-01,180,0.26785714285714285,15.0,,-8.569979222280205,0.42703219389144165,36.72729250643437,27.478519610858996,425,Buy,0.12995872372874562
AVTNPL.NS,1,0.5648659190423329,2025-09-01,180,0.47834645669291337,11.0,,0.12934621240059382,-5.519943047746363,28.6026929163532,29.09131688148088,426,Buy,0.1297318380846657
RCOM.NS,1,0.5648249166452818,2025-09-01,180,-1.528603188374363,,,-20.370372210019827,-32.283462423541785,44.197538621727894,8.695647666943614,427,Buy,0.12964983329056357
TREJHARA.NS,1,0.5647835032509094,2025-09-01,180,0.10931289040318008,2.47,,-4.120267002551576,-24.569925990739726,36.621374471789444,49.545807582920126,428,Buy,0.12956700650181885
PPLPHARMA.NS,1,0.5647819078462641,2025-09-01,180,0.40178225493994574,12.0,,1.587612988903746,-16.60167764352337,28.30542842229079,38.06475462160789,429,Buy,0.12956381569252828
EPIGRAL.NS,1,0.5647595566860799,2025-09-01,180,0.5404761904761904,25.0,,-13.37542614929881,-39.832679991125154,58.590887732153064,19.543446298475843,430,Buy,0.12951911337215982
VIKASLIFE.NS,1,0.5646829346428376,2025-06-01,272,0.27155963302752295,-2.0,,-13.609468123437054,-22.75132014828122,28.27424799277139,20.68964666758471,431,Buy,0.12936586928567517
ZOTA.NS,1,0.5646200411985018,2025-09-01,180,0.1337719298245614,6.0,,-6.220574100743011,-20.659485759977965,57.71154041963433,32.890751418046165,432,Buy,0.12924008239700369
MEGASOFT.NS,1,0.5646080593158305,2025-09-01,180,0.06857142857142857,8.0,,-9.494425527297707,-23.048042561252387,54.386397144641684,27.858114803563623,433,Buy,0.12921611863166094
WINDMACHIN.NS,1,0.5644920664830214,2025-09-01,180,0.360056258790436,2.0,,-4.564395095362808,-8.531499080539591,50.96791177099581,43.369160533292494,434,Buy,0.12898413296604283
DIGIDRIVE.NS,1,0.5644920664830214,2025-09-01,180,0.12285937611028203,2.71,,-6.651983163573709,-23.584562265201114,46.56528999960109,32.18807351948547,435,Buy,0.12898413296604283
INDOCO.NS,1,0.5644920664830214,2025-09-01,180,1.1137614678899082,3.0,,-4.997181796519618,-21.030644700681705,48.148512066674556,45.03456678424831,436,Buy,0.12898413296604283
BOROSCI.NS,1,0.5644920664830214,2025-09-01,180,0.1697674418604651,12.0,,-1.9568913960219827,-17.625101010697815,55.017367351426536,45.83209986520117,437,Buy,0.12898413296604283
RAILTEL.NS,1,0.5644455780571979,2025-09-01,180,1.3937529578797918,22.0,,-8.436723084617661,-7.450575525154039,35.44876816289915,36.85327459651239,438,Buy,0.12889115611439572
SALASAR.NS,1,0.564445027261097,2025-09-01,180,1.2928759894459103,13.0,,2.1963834796003634,-19.20326988525418,50.7728033630648,29.383894931335462,439,Buy,0.12889005452219404
ASTRON.NS,1,0.5643295900253066,2025-09-01,180,1.3444444444444446,-19.0,,-12.688175064247398,-43.611110412044276,45.218281316000144,52.50000298023863,440,Buy,0.12865918005061316
BANG.NS,1,0.5643158882831566,2025-09-01,180,1.2222222222222223,-2.0,,-4.792479072086493,-22.47946341825783,29.800391291088385,25.22626011120437,441,Buy,0.1286317765663132
AROGRANITE.NS,1,0.5643158882831566,2025-09-01,180,1.2021857923497268,2.0,,-2.560353910141416,-17.803148673030304,35.16752554368306,27.978315424094518,442,Buy,0.1286317765663132
MADHUCON.NS,1,0.5641906909392668,2025-09-01,180,1.8425196850393701,-2.0,,-5.776891692328326,-22.83850031371684,48.248860686566466,40.60606288296886,443,Buy,0.12838138187853354
RETAIL.NS,1,0.5641300596045696,2025-09-01,180,0.31331793687451875,3.55,,-4.582205075750827,-12.561748224328426,53.73387687257942,39.604992572842065,444,Buy,0.12826011920913927
REPCOHOME.NS,1,0.5641029457899045,2025-09-01,180,3.354071100917431,,,-4.792009289720999,-8.360025601079029,32.71203082853353,22.2972154008024,445,Buy,0.128205891579809
LATENTVIEW.NS,1,0.5639211150163936,2025-09-01,180,0.04143426294820717,10.0,,-15.297662135842547,-32.33670952599744,54.942273236858895,10.979512491904856,446,Buy,0.12784223003278727
EMSLIMITED.NS,1,0.5639211150163936,2025-09-01,180,0.1267056530214425,28.0,,-11.87242320192876,-34.1354917837476,58.83047890716861,20.60730701720958,447,Buy,0.12784223003278727
BANKINDIA.NS,1,0.5638620470161175,2025-09-01,180,12.165420332355817,,,6.75519928583206,19.64795689957251,42.00450995891924,62.750329902483315,448,Buy,0.12772409403223506
QPOWER.NS,1,0.5638294620161024,2025-09-01,180,0.10393258426966293,18.0,,41.27036228242061,16.42953347839765,61.747088872194375,61.08836132235915,449,Buy,0.1276589240322048
AUROPHARMA.NS,1,0.5637647098993729,2025-09-01,180,0.30810130124527774,11.0,,6.066404511487987,-1.2461582623067475,38.28800586695832,52.81240684892926,450,Buy,0.12752941979874577
ASAHIINDIA.NS,1,0.5637544426618754,2025-09-01,180,1.0822134387351778,12.0,,-6.352669615451223,-11.756637461042773,33.84363085630234,26.97945565909066,451,Buy,0.1275088853237507
SURAJEST.NS,1,0.5636535076485469,2025-09-01,180,0.8728024819027922,17.0,,-2.7766664855059098,-18.99852272820827,46.258190760908384,29.541504258527397,452,Buy,0.12730701529709387
ABINFRA.NS,1,0.5636120751531466,2025-09-01,180,0.8089171974522293,18.0,,-2.6983269372480265,-4.955185349148877,68.2750837573727,40.32403299043974,453,Buy,0.1272241503062932
CAPLIPOINT.NS,1,0.5635262954118164,2025-09-01,180,0.07650569723277266,29.0,,-1.5462168454481588,-11.026798610948738,28.072133374026127,35.924668919062285,454,Buy,0.12705259082363285
IGARASHI.NS,1,0.5635048365604295,2025-09-01,180,0.728448275862069,8.0,,-6.9032495115052965,-24.06507433638612,51.31032621002212,22.391087507830377,455,Buy,0.12700967312085898
LAURUSLABS.NS,1,0.5633912297159802,2025-09-01,180,0.7673851159007726,9.0,,10.53118897777682,4.309892305658341,34.202364969770656,70.58825330294098,456,Buy,0.12678245943196043
ACEINTEG.NS,1,0.5633862653002158,2025-09-01,180,0.02616279069767438,-10.3,,-3.7155029579089462,-20.263738946600274,35.37119048199927,40.143372361032824,457,Buy,0.1267725306004317
FILATEX.NS,1,0.5633271526988829,2025-09-01,180,0.709013484740951,14.0,,-3.7078196041218376,-18.995147197864796,42.070892311027166,6.006025614589788,458,Buy,0.1266543053977658
EXCELINDUS.NS,1,0.5631562216715487,2025-09-01,180,0.30072756669361356,9.0,,3.3912099837221916,0.7348289592653892,36.400778888343645,38.885810062821584,459,Buy,0.12631244334309732
UNOMINDA.NS,1,0.5630015816493676,2025-09-01,180,0.8031944189462089,18.0,,4.02041221442227,-8.986124864348906,37.5906885190855,46.69801593121983,460,Buy,0.1260031632987353
GOENKA.NS,1,0.5629833287515467,2025-09-01,180,1.9979666531110212,-0.3,,0.0,-28.695651317589206,0.0,100.0,461,Buy,0.12596665750309333
SANATHAN.NS,1,0.562864495591976,2025-09-01,180,0.4562402900051787,14.0,,-4.390475893180783,-12.31527109695106,34.11346924486932,32.26835970444422,462,Buy,0.1257289911839521
VIPCLOTHNG.NS,1,0.5627120508996588,2025-09-01,180,0.7142857142857143,6.0,,-15.439931103080093,-39.33232379890584,61.60612580189041,20.13423549049996,463,Buy,0.12542410179931762
AIROLAM.NS,1,0.5627000667999456,2025-09-01,180,1.9,8.0,,-4.037235211494859,-11.369780742602778,34.805926550725836,46.71624040062359,464,Buy,0.1254001335998911
AFSL.NS,1,0.5626588901715965,2025-09-01,180,0.0,15.0,,0.0,-0.34211038378399805,19.961649513953418,10.471858999586715,465,Buy,0.12531778034319307
UNIINFO.NS,1,0.5626160241921293,2025-09-01,180,0.3004538577912254,-0.97,,-5.135136615455001,-15.319662084083244,42.970971482265256,42.74808382294112,466,Buy,0.1252320483842586
ARVEE.NS,1,0.5624916246115282,2025-09-01,180,0.29071246819338414,10.0,,-0.6919540097287488,-6.316105857355359,47.64065825324972,47.14098790778679,467,Buy,0.12498324922305648
HINDWAREAP.NS,1,0.5624352159350289,2025-09-01,180,0.6779026217228464,-11.0,,6.369572422818689,-30.577130284450586,46.888175415369744,31.964939343816454,468,Buy,0.12487043187005775
NAVA.NS,1,0.5623856821879836,2025-09-01,180,0.06759283996794016,14.0,,7.8594644004887675,14.09961218121408,34.73308362161231,57.78610665466576,469,Buy,0.12477136437596714
ATAM.NS,1,0.5623117317749079,2025-09-01,180,0.5217853347502657,20.27,,-13.866057192393058,-23.823149351369654,44.16589320717158,24.2938418748124,470,Buy,0.1246234635498158
BEDMUTHA.NS,1,0.5622730562528082,2025-09-01,180,3.4326241134751774,17.0,,2.793089500953032,27.266696302400135,41.187008230962775,49.33398072138601,471,Buy,0.12454611250561642
ROSSARI.NS,1,0.5620874931542703,2025-09-01,180,0.41858407079646015,15.0,,-9.045083906563404,-17.312341945749647,35.39309247610111,23.270440251572325,472,Buy,0.12417498630854062
LXCHEM.NS,1,0.5620577818184811,2025-09-01,180,0.6474226804123712,9.0,,-9.830311382213388,-30.661234897470486,44.324588848319415,15.60986432607747,473,Buy,0.12411556363696219
UTTAMSUGAR.NS,1,0.561892056499776,2025-09-01,180,0.5542784163473818,12.0,,-4.7369689644358415,-13.7757132523415,39.79550813356498,28.74218241898069,474,Buy,0.12378411299955205
PNGJL.NS,1,0.5618172822141403,2025-09-01,180,1.5075757575757576,19.0,,-0.44188153180460515,-12.122903996556419,35.692939081504555,34.54318878929408,475,Buy,0.12363456442828058
SUPERHOUSE.NS,1,0.5617878251788829,2025-09-01,180,0.683291770573566,5.0,,-2.9128569369739887,-1.552891476133299,49.797617296134,23.623366169459473,476,Buy,0.12357565035776585
AARTIDRUGS.NS,1,0.561481414599332,2025-09-01,180,0.674123788217748,14.0,,-1.5949726261200805,-13.152956618999639,25.623848141964334,29.07215119622765,477,Buy,0.12296282919866397
MANALIPETC.NS,1,0.561481414599332,2025-09-01,180,0.308994708994709,0.0,,-4.810168838857512,-14.963172600874032,37.52080614421902,32.74539998443697,478,Buy,0.12296282919866397
HINDNATGLS.NS,1,0.5614623306694155,2025-06-01,272,-4.616149068322981,3.0,,,,,,479,Buy,0.12292466133883106
DEEPAKNTR.NS,1,0.5614311146434309,2025-09-01,180,0.14375987361769352,10.0,,-0.07586277411127852,1.4179376319847095,28.738893214280637,31.78582886747388,480,Buy,0.12286222928686175
MOIL.NS,1,0.5614073104192414,2025-09-01,180,0.22279792746113988,19.0,,-18.109223438906234,-8.36117628451123,44.7639543914361,40.52286069441364,481,Buy,0.12281462083848282
ONGC.NS,1,0.5613473724321141,2025-09-01,180,0.3875651183063141,15.0,,3.955044358240043,17.690363171426434,38.054127124391535,71.12283510601209,482,Buy,0.12269474486422816
ELIN.NS,1,0.5612023226023805,2025-09-01,180,0.42217484008528783,7.0,,-13.728379630671416,-30.443713020959866,53.49220419862918,17.695759809920276,483,Buy,0.12240464520476091
FINCABLES.NS,1,0.5611952277375832,2025-09-01,180,0.1318909923028916,16.0,,28.545304994175126,21.96489120075372,38.34013344007301,74.33164986758749,484,Buy,0.12239045547516647
COFFEEDAY.NS,1,0.5611798345796236,2025-09-01,180,0.21120689655172414,0.0,,-2.0414810617466714,-16.26038554016221,44.17943502723396,39.26097099421717,485,Buy,0.12235966915924723
NCLIND.NS,1,0.5611748906185355,2025-09-01,180,0.8402234636871508,7.0,,1.7950003436471513,-6.382583284017662,23.681311315633582,45.85977038116077,486,Buy,0.12234978123707108
THOMASCOOK.NS,1,0.5611261436882744,2025-09-01,180,1.2596439169139466,11.0,,-17.504205278107857,-30.569982930741464,37.63529209501583,15.299059926585286,487,Buy,0.12225228737654881
ICICIPRULI.NS,1,0.5611062601777417,2025-09-01,180,24.498232104973678,9.0,,4.669760559262815,5.607099636950384,21.53048527085015,53.757585935714026,488,Buy,0.12221252035548336
KRBL.NS,1,0.5609796727048962,2025-09-01,180,0.14142152384432669,12.0,,4.027563214849732,-16.85434665936735,35.07747920879766,30.218053490415002,489,Buy,0.12195934540979247
SIS.NS,1,0.5606014318128386,2025-09-01,180,1.27551867219917,12.0,,-4.588694697785566,-5.385596864316764,31.27442363009138,24.36385802726781,490,Buy,0.12120286362567723
IPL.NS,1,0.5605269704744362,2025-09-01,180,0.3146417445482866,13.0,,-0.019055313912550262,-11.582973756374864,36.11220134517053,29.2545436596222,491,Buy,0.12105394094887245
CERA.NS,1,0.5605127637648933,2025-09-01,180,0.32408759124087594,22.0,,-1.6820945202464788,-12.083485024401764,23.637827080566293,21.82157432258539,492,Buy,0.12102552752978668
RTNINDIA.NS,1,0.5604059392262042,2025-09-01,180,0.6201881950384944,11.0,,-17.415085930059714,-33.83302552996666,54.29611479416591,15.206375544391989,493,Buy,0.12081187845240837
PREMEXPLN.NS,1,0.5603389717560348,2025-09-01,180,0.8152173913043478,17.0,,5.3080084749865835,1.3860148576815043,52.890134621171725,59.70616130562922,494,Buy,0.12067794351206951
ARIES.NS,1,0.5600575554025329,2025-09-01,180,1.0299003322259137,19.0,,0.844983836795993,-5.020974156807809,43.458967266685825,50.96045887402895,495,Buy,0.12011511080506576
YUKEN.NS,1,0.5600143425570442,2025-09-01,180,0.5284090909090909,7.0,,2.414765067967067,-12.408348196711186,43.22199068831753,44.56897756960895,496,Buy,0.12002868511408837
ZENSARTECH.NS,1,0.5598764292184992,2025-09-01,180,0.13929573075724525,25.0,,-15.526137115885,-24.401203879297352,38.55691544053306,32.57225171471805,497,Buy,0.11975285843699846
SILINV.NS,1,0.5598580379868003,2025-09-01,180,0.08923076923076922,2.0,,-2.602478287797843,-20.96438308634187,36.275201669405455,32.09487512406052,498,Buy,0.11971607597360068
SIGIND.NS,1,0.559845623478258,2025-09-01,180,2.766949152542373,14.0,,-2.0715665609981975,-7.9102724948915935,34.53361919894887,35.989934577312724,499,Buy,0.1196912469565159
SUPERSPIN.NS,1,0.5598157516230723,2025-09-01,180,0.7857142857142857,4.0,,-15.567280213925002,-29.125135275484627,42.44086161446858,17.1548228181112,500,Buy,0.11963150324614458
ACLGATI.NS,1,0.5597705925366538,2025-06-01,272,0.010893246187363835,2.0,,,,,,501,Buy,0.11954118507330769
ALKEM.NS,1,0.5597677017799721,2025-09-01,180,0.2773508964507867,20.0,,-0.4907614655968553,-0.02703236326995169,32.113071143108186,47.58748398716437,502,Buy,0.1195354035599443
HUHTAMAKI.NS,1,0.5597539458448003,2025-09-01,180,0.6040650406504066,7.0,,-4.490614602354706,-19.444191260851277,36.73705517354679,36.594109413149866,503,Buy,0.11950789168960063
TATACONSUM.NS,1,0.5596984150323547,2025-09-01,180,0.2534794711203897,10.0,,3.052750209422479,-2.678268829766997,25.556968715420947,41.00277005523342,504,Buy,0.11939683006470947
GOLDENTOBC.NS,1,0.5596498407205577,2021-12-01,1550,-2.343570057581574,,,-0.5664780906277236,-9.848937981317434,40.20711699564505,54.22819465502083,505,Buy,0.11929968144111536
SHIVATEX.NS,1,0.5595491603286556,2025-09-01,180,1.1619718309859155,9.0,,-1.8395035355179397,-15.849074855676582,36.298211101974836,21.61157425166428,506,Buy,0.1190983206573113
GOCOLORS.NS,1,0.559337117083376,2025-09-01,180,0.8461538461538461,15.0,,-20.729836672735274,-40.27590293584643,45.5178832229435,27.147364522660922,507,Buy,0.11867423416675194
DLINKINDIA.NS,1,0.5593203576745158,2025-09-01,180,0.6541019955654102,29.0,,6.035885821600272,-3.7037037037037033,42.50271820467313,61.58843883968863,508,Buy,0.11864071534903164
THEJO.NS,1,0.5592860110345613,2025-09-01,180,0.4097222222222222,27.0,,-2.038681337131171,-0.11844131404218504,33.98291219336958,39.126238050410365,509,Buy,0.11857202206912265
DENTA.NS,1,0.5592033511322699,2025-09-01,180,0.059496567505720827,25.0,,-4.410923346395423,-33.73924472488212,56.376217931870876,21.97734281479272,510,Buy,0.11840670226453986
IMPAL.NS,1,0.5591807536335797,2025-09-01,180,0.12089201877934272,4.0,,-4.493454541960932,0.6581799471817098,21.171849609415638,41.63364836647748,511,Buy,0.11836150726715933
ANANDRATHI.NS,1,0.5591342721570148,2025-09-01,180,0.3441247002398082,54.0,,5.036880375591739,6.447252159169273,16.842048033191027,73.65259292995744,512,Buy,0.11826854431402967
GOPAL.NS,1,0.5591288565213969,2025-09-01,180,0.30484988452655887,16.0,,-1.158081417968138,-9.617862627993839,39.20198758766061,50.0,513,Buy,0.11825771304279376
CREATIVEYE.NS,1,0.5591119667145511,2025-06-01,272,0.37618809404702347,0.72,,-0.4524918445024704,-4.761903778938013,36.42310202810594,42.7835035075779,514,Buy,0.1182239334291022
SATIN.NS,1,0.5591032246090731,2025-09-01,180,3.1268426465546795,,,0.29169439021174476,1.9907741155006868,23.640895547342375,40.929513624641025,515,Buy,0.11820644921814627
SBGLP.NS,1,0.5589204045745696,2025-09-01,180,1.425,14.0,,-15.46834615334602,-3.182412493183794,29.85317865002762,33.74422138169592,516,Buy,0.11784080914913919
EQUITASBNK.NS,1,0.5588303474878409,2025-09-01,180,8.4624445203141,,,-7.540936214998566,0.3273052875411138,25.522982491038775,37.288144116599035,517,Buy,0.11766069497568177
EMCURE.NS,1,0.5587488808535989,2025-09-01,180,1.0,14.0,,1.3932427725531173,3.1245553934466908,27.334433729816766,28.544225287986464,518,Buy,0.11749776170719772
WELSPUNLIV.NS,1,0.558669892865111,2025-09-01,180,0.8846343873517787,14.0,,1.8860252455364384,-15.784171708840747,75.15186328891002,24.137024279995657,519,Buy,0.11733978573022208
LORDSCHLO.NS,1,0.5585470404739593,2025-09-01,180,1.0696517412935322,5.0,,-10.900674895874651,-30.225818159481264,60.65068707537945,22.292500788970386,520,Buy,0.11709408094791862
HPL.NS,1,0.558482279133746,2025-09-01,180,1.3639274279615796,14.0,,5.8860148044940965,-17.86447880814319,49.990433689525524,46.98545371258028,521,Buy,0.11696455826749208
SAHYADRI.NS,1,0.5583116421526347,2025-09-01,180,0.27692307692307694,7.0,,1.3438542903940536,-0.42950958208879686,32.058181670259316,44.09414653247399,522,Buy,0.11662328430526947
LUXIND.NS,1,0.5583032970395151,2025-09-01,180,0.645287228109314,13.0,,1.4129686580147742,-24.49073840513692,38.48754041973093,11.104715722845498,523,Buy,0.11660659407903018
TNTELE.NS,1,0.5583032970395151,2025-09-01,180,-1.085561497326203,,,-3.229398403519377,-16.281315177506077,31.4022545796255,41.666654249039,524,Buy,0.11660659407903018
WENDT.NS,1,0.5583032970395151,2025-09-01,180,0.17333333333333334,21.0,,1.11373358902493,-14.630507049694986,36.20867822285173,32.807731434384536,525,Buy,0.11660659407903018
PONNIERODE.NS,1,0.5582937718800378,2025-09-01,180,0.09497206703910614,5.0,,3.764256234404705,-5.9937976672921565,34.70307304594175,60.02641103788132,526,Buy,0.11658754376007563
UJJIVANSFB.NS,1,0.5580234511326634,2025-09-01,180,6.9637239165329055,,,-6.970034425182699,6.669118221133016,44.49070658507084,23.584143747634315,527,Buy,0.11604690226532677
MAHABANK.NS,1,0.5580089817813626,2025-09-01,180,10.824247793210365,,,13.911329064297675,29.605002022981974,32.323237850492454,77.51137240165345,528,Buy,0.1160179635627252
OAL.NS,1,0.5579902615915117,2025-09-01,180,0.6516690856313497,9.0,,-3.063384579940581,-12.783148070247762,51.166428282440236,38.19188508730022,529,Buy,0.11598052318302332
GRSE.NS,1,0.5578336056644323,2025-09-01,180,3.78397212543554,37.0,,-5.576200151209548,-12.61436849274402,48.90151820066717,40.42301120622884,530,Buy,0.1156672113288646
SIYSIL.NS,1,0.5578229882583494,2025-09-01,180,0.6086956521739131,20.0,,5.7305831215726615,-25.715347543230138,52.64921289474219,22.525955806385298,531,Buy,0.11564597651669883
DISHTV.NS,1,0.5577451411073365,2025-09-01,180,-1.8288378288378289,,,-13.98808943052798,-33.41013817290071,40.40244515804483,17.977518458025855,532,Buy,0.11549028221467306
MOKSH.NS,1,0.5577332062601355,2025-09-01,180,0.36,13.0,,-9.236366965553977,-10.601722721106075,21.36736449704466,22.41383373754813,533,Buy,0.1154664125202709
MUKANDLTD.NS,1,0.557707286007528,2025-09-01,180,2.863125638406537,10.0,,-0.3036006804435484,-2.0799115094882845,37.36111008522937,52.50385103277058,534,Buy,0.1154145720150559
POLYCAB.NS,1,0.5577049588289325,2025-09-01,180,0.5897875583500047,30.0,,22.700391877449235,15.267737617135207,35.80956955163144,77.96667800068005,535,Buy,0.1154099176578649
RAJESHEXPO.NS,1,0.557628659951328,2025-09-01,180,0.48125613346418056,3.0,,-11.35424930903728,-22.902482978756474,48.54002763371154,16.327622067592458,536,Buy,0.11525731990265609
PATANJALI.NS,1,0.5576123670742462,2025-09-01,180,0.4613225460249319,16.0,,1.6,-10.586996713780957,23.21560865028338,31.500427197574325,537,Buy,0.11522473414849244
JBMA.NS,1,0.5575777867340782,2025-09-01,180,2.303204601479047,14.0,,-1.8251425294856551,-10.20358703812093,34.20990620056393,24.250811882958786,538,Buy,0.11515557346815641
MENONBE.NS,1,0.5574775933192716,2025-09-01,180,0.417910447761194,17.0,,-1.4846864844505538,6.747567613212838,39.54357209078685,34.46767838015069,539,Buy,0.1149551866385432
UNIPARTS.NS,1,0.5574659912504104,2025-09-01,180,0.34285714285714286,16.0,,10.20301570358135,-5.260918203758935,49.426802730675895,33.8921374666196,540,Buy,0.11493198250082082
NITCO.NS,1,0.5574341506522467,2025-09-01,180,1.65625,-45.0,,-8.235157630606793,-16.45810430942301,56.087645657801744,19.46060070072606,541,Buy,0.11486830130449333
GAIL.NS,1,0.5574119943597925,2025-09-01,180,0.6164324030691927,15.0,,4.441543269052704,-0.7244761310853328,24.669630684583982,67.75167603134908,542,Buy,0.11482398871958499
RANEHOLDIN.NS,1,0.5572712195730314,2025-09-01,180,0.11688311688311688,13.0,,-4.154424323922571,-14.55884313091259,46.26187607049834,23.30517719143529,543,Buy,0.11454243914606277
CONTROLPR.NS,1,0.5572526770746475,2025-09-01,180,0.17355371900826447,23.0,,-1.0850090435737325,-13.269111626037578,35.52806335671045,54.51604027627571,544,Buy,0.11450535414929508
CEWATER.NS,1,0.557208251286272,2025-09-01,180,0.11915033292694363,3.22,,-27.090182951708247,-27.328971634644926,54.96397206370425,1.8828329002560054,545,Buy,0.1144165025725441
SURANASOL.NS,1,0.5572054037808097,2025-09-01,180,0.2639789658194565,0.27,,-5.534895893898154,-21.972018915224243,39.39558712189846,33.386572562621865,546,Buy,0.11441080756161948
TECILCHEM.NS,1,0.5571695375056516,2025-09-01,180,-1.2395663956639569,,,-10.52980206900585,-27.831192711401126,60.55278093089359,29.810314562416266,547,Buy,0.11433907501130314
ZIMLAB.NS,1,0.5570488814236796,2025-09-01,180,0.8934426229508197,8.0,,-4.959802997575518,-4.004959421199258,49.83480773874025,43.903576053250845,548,Buy,0.11409776284735917
MUFTI.NS,1,0.5570288788126599,2025-09-01,180,0.8677884615384616,19.0,,-1.8348654771586093,-13.425234601403577,51.70333302567982,14.969252976662304,549,Buy,0.11405775762531989
PENINLAND.NS,1,0.5570014901048327,2025-09-01,180,4.097142857142857,6.0,,-7.967725314094537,-38.282041973796886,55.73737653362494,33.469948452090506,550,Buy,0.11400298020966537
BHAGCHEM.NS,1,0.5570012072817502,2025-09-01,180,0.3089887640449438,7.0,,0.24278575789953424,-18.49569069226166,35.02685275092104,14.784588140773891,551,Buy,0.11400241456350035
ANTGRAPHIC.NS,1,0.5569274912663394,2025-09-01,180,3.669783752191701,-1.59,,-3.333330242722041,-9.374997477667971,33.64584694475637,33.33333333333333,552,Buy,0.1138549825326789
RAMCOIND.NS,1,0.556847916736631,2025-09-01,180,0.3158289572393098,9.0,,-5.124015013772253,-13.133118927546716,29.881073720190372,13.867196114731769,553,Buy,0.11369583347326206
MUTHOOTMF.NS,1,0.5568414185592878,2025-09-01,180,3.253515914137676,6.0,,-5.128055475350635,-13.93120832503981,44.86820359747016,35.82756692328236,554,Buy,0.11368283711857563
SANGHVIMOV.NS,1,0.5567847664446841,2025-09-01,180,0.5579399141630901,12.0,,-10.6397457696663,-21.514416530110893,40.999240008688616,15.06623679318831,555,Buy,0.11356953288936822
KOTAKBANK.NS,1,0.5567696517821619,2025-09-01,180,4.648641306519012,,,0.6789569233722398,-2.2782885907872084,22.855695479046393,38.153336409900874,556,Buy,0.11353930356432373
VINATIORGA.NS,1,0.5567273994191734,2025-09-01,180,0.11784511784511785,21.0,,-1.6304727306423321,-6.811418554904441,22.46872869634448,30.90475556596705,557,Buy,0.11345479883834675
ROUTE.NS,1,0.5566942979974768,2025-09-01,180,0.16021671826625386,16.0,,-12.538003352292664,-23.418291171884455,31.32038921206507,19.109608596148078,558,Buy,0.11338859599495366
ASPINWALL.NS,1,0.556550006064593,2025-09-01,180,0.702247191011236,9.0,,2.3356342607596376,-11.342787277225753,35.652488759139445,34.57166414045378,559,Buy,0.11310001212918608
ORIENTALTL.NS,1,0.5564397460507134,2025-09-01,180,0.25252525252525254,-5.0,,-9.562845214297583,-23.46820604040801,31.492057360113318,23.44826429550237,560,Buy,0.11287949210142689
BLSE.NS,1,0.5563825969832805,2025-09-01,180,0.07857142857142857,9.0,,-8.12115818255475,-33.65914080793732,44.15932586428978,24.933139334000956,561,Buy,0.11276519396656104
SUPREMEIND.NS,1,0.5563537752808287,2025-09-01,180,0.3459405940594059,24.0,,13.3245879422317,17.207213017800036,27.20112622751921,68.62339018506165,562,Buy,0.11270755056165749
BAYERCROP.NS,1,0.5563340326263806,2025-09-01,180,0.661651728553137,25.0,,7.108637909825285,0.30053237792994697,19.521542819415167,52.361255592996,563,Buy,0.11266806525276118
GEEKAYWIRE.NS,1,0.556141873074415,2025-09-01,180,0.975,25.0,,-10.348541748695338,-23.909728373552273,38.4975794553778,25.885984043514597,564,Buy,0.11228374614882997
GMMPFAUDLR.NS,1,0.556117077204919,2025-09-01,180,0.6597307221542228,8.0,,-2.731159443388381,-18.048480977197208,29.57116563167573,41.19445001107109,565,Buy,0.11223415440983797
VGUARD.NS,1,0.5560595733246475,2025-09-01,180,0.44696239151398265,17.0,,-6.367709355147608,-9.032813444256712,33.525937343150794,29.317284991120488,566,Buy,0.11211914664929501
PRITI.NS,1,0.5560364179837737,2025-09-01,180,0.10251075045082536,8.58,,-10.216715843881447,-30.078358801821764,32.546679530029024,28.37945298135986,567,Buy,0.11207283596754736
DRREDDY.NS,1,0.556002521320507,2025-09-01,180,0.3515374607304922,26.0,,6.402516572995955,2.1846201885359804,27.546402702957934,53.44828392588493,568,Buy,0.11200504264101396
IGPL.NS,1,0.5559593996884382,2025-09-01,180,0.6844961240310078,11.0,,-0.45461478401089167,-5.120798483481479,36.24672828561633,47.567257476896074,569,Buy,0.11191879937687643
BAJFINANCE.NS,1,0.5558998764904131,2025-09-01,180,3.2397719723109235,,,6.496283849007453,-4.009636201054216,31.176212973009264,54.09835936923688,570,Buy,0.11179975298082612
PRUDMOULI.NS,1,0.5556376436784484,2025-09-01,180,0.8374196360466385,4.97,,-12.978620244337897,-27.022517372542097,42.98038149026573,40.625004656615005,571,Buy,0.11127528735689673
IOC.NS,1,0.5556165610869995,2025-09-01,180,1.598071717996765,7.0,,14.948804604975214,19.45284022502496,22.14799876622929,66.8654752109743,572,Buy,0.11123312217399905
INOXINDIA.NS,1,0.5555506902790585,2025-09-01,180,0.8804780876494024,37.0,,5.679236710586097,-2.588158453990106,22.404138478325578,49.29478041087306,573,Buy,0.11110138055811691
HUDCO.NS,1,0.5555070979273181,2025-09-01,180,7.275544713644176,,,-7.898527434260713,-21.489731442665754,36.686957659428465,38.75968566525766,574,Buy,0.11101419585463623
VIPIND.NS,1,0.5552618932427543,2025-09-01,180,3.0232558139534884,-3.0,,-0.8045566141906013,-5.422563328113742,39.84740741190825,38.79200837201357,575,Buy,0.11052378648550865
20MICRONS.NS,1,0.5552567433691358,2025-09-01,180,0.5517241379310345,19.0,,0.5294343939261292,-8.701784370833717,44.22017934162806,35.798295285549585,576,Buy,0.11051348673827155
IEL.NS,1,0.5552215209297937,2025-06-01,272,0.29581728689993214,0.51,,,,,,577,Buy,0.11044304185958742
GENUSPOWER.NS,1,0.5551963329276691,2025-09-01,180,1.8970117395944504,19.0,,-3.9904784085850706,-16.82258356866271,46.53445362972137,45.806441768523186,578,Buy,0.11039266585533825
KIRLOSENG.NS,1,0.5550567102855849,2025-09-01,180,0.4913603518693057,18.0,,24.779006424868744,22.243429617048,36.43389159739248,81.35452134774263,579,Buy,0.1101134205711698
SWIGGY.NS,1,0.555040279414192,2025-09-01,180,0.22355488922205563,-23.0,,-7.904774722708235,-20.235260444909677,42.7546418576708,32.607500980151116,580,Buy,0.11008055882838397
ARCHIES.NS,1,0.5549185949641096,2025-09-01,180,0.4944734418176235,4.06,,0.38070726567901675,-16.42895171798405,36.26306559537035,38.018417787747175,581,Buy,0.10983718992821911
NEULANDLAB.NS,1,0.5548550235533748,2025-09-01,180,0.5707196029776674,19.0,,2.1505376344086025,-25.815594632114763,48.79442166388848,38.190286094477706,582,Buy,0.10971004710674959
PRIVISCL.NS,1,0.5545605979835871,2025-09-01,180,1.1192,18.0,,7.016866014221064,-0.21993733593158005,21.713583576482417,79.1862255135882,583,Buy,0.10912119596717429
AKSHAR.NS,1,0.5545137293277648,2025-09-01,180,0.12941176470588237,-6.0,,-12.500000776102164,-23.636367675686586,31.18676252142783,0.0,584,Buy,0.10902745865552954
BEL.NS,1,0.5544778738740653,2025-09-01,180,0.9967117624953025,39.0,,0.04499712194178852,8.002431622836976,35.45678438517484,55.30848143331889,585,Buy,0.10895574774813066
JMFINANCIL.NS,1,0.5543753946637767,2025-09-01,180,0.06671026814911707,13.0,,-0.3432632525768999,-12.115588235479375,51.15014371426759,46.606651773016544,586,Buy,0.10875078932755344
SHIVALIK.NS,1,0.5542998286387986,2025-09-01,180,0.315,4.0,,-5.860261966966091,-28.89025743439812,47.04618054852292,48.648655756203624,587,Buy,0.10859965727759713
NATCAPSUQ.NS,1,0.5542642776615333,2025-09-01,180,0.6627906976744186,7.0,,-7.840207876316809,-13.008824700604071,29.488669406153207,31.134879217242144,588,Buy,0.1085285553230666
SITINET.NS,1,0.554175143753415,2025-06-01,272,-1.5328185328185329,,,6.06060003993511,0.0,33.94622528611157,50.0,589,Buy,0.10835028750683007
DPWIRES.NS,1,0.5540637320067682,2025-09-01,180,0.07874015748031496,12.0,,-10.591935589661675,-27.999043398288187,37.34272932534141,19.270328047393136,590,Buy,0.10812746401353635
NAZARA.NS,1,0.5540584802133934,2025-09-01,180,0.03041144901610018,1.0,,-8.500347830800168,3.6196378911165548,35.02918256212074,36.55532314293376,591,Buy,0.10811696042678687
MAITHANALL.NS,1,0.5540584802133934,2025-09-01,180,0.25312729948491536,29.0,,-3.0144939330464977,4.68244470077498,37.4296675364701,36.582735376971584,592,Buy,0.10811696042678687
M&MFIN.NS,1,0.5540082871510253,2025-09-01,180,5.088329857490441,,,0.013356791708416834,0.6588628880568309,38.695955567609694,43.478258650750575,593,Buy,0.1080165743020507
AJMERA.NS,1,0.5539737954663024,2025-09-01,180,0.5794556628621598,13.0,,-14.250498680790821,-36.91304577075693,60.91270045526856,37.37068063311746,594,Buy,0.10794759093260486
PAR.NS,1,0.5539100930367264,2025-09-01,180,0.19815841398102044,18.35,,6.689708815561413,6.689708815561413,37.773943562070365,48.73016630380629,595,Buy,0.1078201860734529
LINC.NS,1,0.5538844911954535,2025-09-01,180,0.4090909090909091,22.0,,-0.4265965655767781,-9.848863037632901,40.40238330863395,35.66053274356493,596,Buy,0.10776898239090693
BAJAJ-AUTO.NS,1,0.5537980963533803,2025-09-01,180,0.369759651348099,38.0,,4.841253153910849,9.907973769769107,20.301104676525753,61.54542710534259,597,Buy,0.10759619270676057
KPEL.NS,1,0.5537800073755015,2025-09-01,180,2.4010695187165774,42.0,,-2.25240304949116,-25.528421924887546,40.00351696033403,22.194726203101922,598,Buy,0.10756001475100296
HINDUNILVR.NS,1,0.5535995615999876,2025-09-01,180,0.6236159346271706,28.0,,-0.6163393436243352,-5.209600053210896,22.703797234160593,38.20307140657676,599,Buy,0.10719912319997515
PTC.NS,1,0.553582078470133,2025-09-01,180,0.9221030042918454,12.0,,-3.1176465261641404,7.405562956142868,39.911949880449896,22.951514713297982,600,Buy,0.10716415694026593
MARSHALL.NS,1,0.5535560261696774,2024-06-01,637,1.0563009734280453,-3.39,,0.0,-10.123458432635157,0.0,100.0,601,Buy,0.10711205233935472
NILKAMAL.NS,1,0.553358466952763,2025-09-01,180,0.7341411261582323,9.0,,-1.2786385367416215,-2.30325609357978,23.282529958153162,33.572224854572255,602,Buy,0.10671693390552606
SCHNEIDER.NS,1,0.5533512027302137,2025-09-01,180,2.1382978723404253,41.0,,32.14519951542029,26.537313198845535,55.85969567168516,74.73494411967931,603,Buy,0.10670240546042731
PVP.NS,1,0.5532749717830362,2025-09-01,180,1.4814939921825996,1.99,,-8.04985265748137,-27.85412492871385,51.73951356598728,30.104324279919155,604,Buy,0.10654994356607239
NSIL.NS,1,0.5532441239783499,2025-09-01,180,0.13391392149438344,0.0,,1.1792652922711462,-11.376978524188155,30.27286863593565,25.718102872411492,605,Buy,0.10648824795669976
FILATFASH.NS,1,0.5532237753088659,2025-09-01,180,0.08297320656871218,1.0,,-21.428572188834753,-43.589741826292496,61.59239528772893,25.000000000000014,606,Buy,0.10644755061773181
MANAPPURAM.NS,1,0.5530602068798812,2025-09-01,180,2.543859649122807,,,-4.435399342443142,-0.42769312731141435,31.312436085416785,30.343649116703588,607,Buy,0.10612041375976244
KPIGREEN.NS,1,0.5530215826932151,2025-09-01,180,1.480257116620753,16.0,,-3.5468994606083895,-10.44531035793812,29.91639244552122,22.26922894051934,608,Buy,0.10604316538643022
EXICOM.NS,1,0.5529751347809406,2025-09-01,180,0.7921225382932167,7.0,,-6.7743878375628075,-16.97354158916855,44.90118306284502,33.77461748151309,609,Buy,0.10595026956188125
GLAND.NS,1,0.5529735187870067,2025-09-01,180,0.07711442786069651,16.0,,1.2277082320799375,2.7170209228790867,32.01073704988775,40.18806495829325,610,Buy,0.10594703757401347
STYLAMIND.NS,1,0.5529320774869303,2025-09-01,180,0.18672199170124482,27.0,,1.6418862718505627,7.682643626663042,10.027755993753717,63.756672705606526,611,Buy,0.10586415497386059
BOROLTD.NS,1,0.5526741806367781,2025-09-01,180,0.3854289071680376,12.0,,-2.805648583235618,-26.521135134798012,30.37476674330627,38.168725765686574,612,Buy,0.10534836127355618
OSIAHYPER.NS,1,0.5525147430133972,2025-09-01,180,1.0185185185185186,15.0,,-38.62020016443081,-52.91871167288002,51.74869762359561,8.862622692269653,613,Buy,0.1050294860267944
RBZJEWEL.NS,1,0.5524871408346247,2025-09-01,180,0.7638376383763837,20.0,,-5.930800462585628,-9.378150936750105,44.73412091159434,20.398424028745097,614,Buy,0.10497428166924938
CUMMINSIND.NS,1,0.5523659503572899,2025-09-01,180,0.3605887162714636,38.0,,21.621761208259844,9.851390937071189,25.81589450329167,77.21582045474358,615,Buy,0.10473190071457972
VOLTAMP.NS,1,0.5523007622670156,2025-09-01,180,0.15562310030395138,29.0,,25.855276798673028,11.58771983577425,31.64411032582915,75.66702241195304,616,Buy,0.10460152453403126
SPCENET.NS,1,0.5522834438143984,2025-09-01,180,0.22058720482096575,3.4,,-12.82495274808197,-39.61584326677305,53.00357083577328,32.59669454363916,617,Buy,0.10456688762879685
DREAMFOLKS.NS,1,0.5521245583671106,2025-09-01,180,0.41935483870967744,35.0,,-9.47787995691815,-32.215486980441845,32.30314499605485,20.566318701039506,618,Buy,0.10424911673422121
TEMBO.NS,1,0.5520805849897201,2025-09-01,180,1.625,27.0,,-2.150144570815696,-28.601650230248982,36.80665953766095,16.185559413337145,619,Buy,0.10416116997944025
TCI.NS,1,0.5520033461355525,2025-09-01,180,0.2502262443438914,22.0,,-0.4319406158487286,-7.430831835860645,37.964293347177005,26.489137824017973,620,Buy,0.10400669227110493
ORCHPHARMA.NS,1,0.5519683299627566,2025-09-01,180,0.23139880952380953,-2.0,,-12.272632275307126,-25.618099985576304,26.60698087429152,8.124640819725812,621,Buy,0.10393665992551315
GICHSGFIN.NS,1,0.5518678905344679,2025-09-01,180,4.546046046046046,,,-5.92574607878979,-10.169985647251401,18.574369629479,18.71468063987284,622,Buy,0.10373578106893588
PSPPROJECT.NS,1,0.551855596517061,2025-09-01,180,1.1625816993464053,9.0,,-4.5831188193277566,-23.674520678821906,45.717381857993175,30.19680352658017,623,Buy,0.1037111930341219
INTENTECH.NS,1,0.5518218963713395,2025-09-01,180,0.36220472440944884,11.0,,-13.287187545552758,-21.22341438661377,52.31800414616426,30.580859110381624,624,Buy,0.10364379274267899
JMA.NS,1,0.5518019954672929,2025-09-01,180,0.2557077625570776,13.0,,17.760321491799974,3.594887329957201,35.18324185431845,86.00494734916064,625,Buy,0.10360399093458583
AADHARHFC.NS,1,0.5516749542852286,2025-09-01,180,2.63933236574746,,,-3.2057327607540915,-4.61394200791142,26.72422742423139,40.88452688306204,626,Buy,0.10334990857045723
RPPL.NS,1,0.5516253699449594,2025-09-01,180,0.9329608938547486,11.0,,3.6204738272961348,-11.795958285615834,46.0423607804786,40.69767338704669,627,Buy,0.10325073988991873
UNITEDPOLY.NS,1,0.5515586556992428,2025-09-01,180,1.2131147540983607,15.0,,-17.745162695313965,-36.67180093196565,51.98343615629491,31.33274367687723,628,Buy,0.10311731139848557
RVNL.NS,1,0.5515168027255637,2025-09-01,180,1.1411271541686074,15.0,,-7.060064594338926,-2.08472499505047,32.13707336097994,50.12094290274065,629,Buy,0.10303360545112739
AMRUTANJAN.NS,1,0.5515145637315376,2025-09-01,180,0.2631578947368421,22.0,,2.8034399765312763,-12.225676961398392,37.425666482149026,34.861246573514165,630,Buy,0.10302912746307524
DHARMAJ.NS,1,0.5514211731116614,2025-09-01,180,1.148314606741573,12.0,,3.6558696701629603,-2.5319036850636114,43.70296319307437,24.7295120564945,631,Buy,0.10284234622332278
FINOPB.NS,1,0.5513954352687432,2025-09-01,180,4.742363877822045,,,-13.310778039264163,-39.61036843946387,52.93260387466157,22.92993450019064,632,Buy,0.10279087053748648
DIAMONDYD.NS,1,0.551345357002086,2025-09-01,180,0.31798561151079136,-1.0,,-5.427522043633907,-0.7569530944873532,23.281227948939105,36.07212663993679,633,Buy,0.10269071400417196
RCF.NS,1,0.551313228864076,2025-09-01,180,1.7004870129870129,7.0,,-5.552867815796665,-9.622086240588867,28.856769563576197,29.384865999618313,634,Buy,0.10262645772815193
DCMSRIND.NS,1,0.551281115598488,2025-09-01,180,1.1333333333333333,14.0,,-3.4317661885897426,-79.0318852467108,37.013961434440915,28.18281968497857,635,Buy,0.10256223119697605
FINPIPE.NS,1,0.5512809864426363,2025-09-01,180,0.14145077720207253,9.0,,7.347738388837468,2.5123087363509162,27.354885907501398,59.61933034740864,636,Buy,0.10256197288527269
MOTHERSON.NS,1,0.5511649479301634,2025-09-01,180,0.26004759040870223,5.0,,17.08816258676946,14.641904511018181,36.35191466894556,67.98225237515825,637,Buy,0.1023298958603267
AGROPHOS.NS,1,0.5511297398181244,2025-09-01,180,1.338235294117647,14.0,,-6.859010186819443,-15.73503889093667,28.6041327119152,36.06870534654792,638,Buy,0.10225947963624882
RAYMONDLSL.NS,1,0.5511262597326049,2025-09-01,180,0.39859627068929393,2.0,,-4.428049462454768,-21.807848182765127,57.4006321902548,6.921345018567408,639,Buy,0.10225251946520975
UNIDT.NS,1,0.5510401661241365,2025-09-01,180,0.4275092936802974,8.0,,-5.290324576992044,-11.65904688906714,24.585376060699602,34.139645247432995,640,Buy,0.10208033224827306
SUBROS.NS,1,0.551002981385783,2025-09-01,180,0.7271157167530224,20.0,,-2.887620396721412,-7.1294545805890595,41.911075137813306,37.04407982064195,641,Buy,0.10200596277156593
MANBA.NS,1,0.5509983046105453,2025-09-01,180,3.8508997429305913,,,-7.7849389574431145,-12.695009881929096,27.278675296548123,25.08360435962352,642,Buy,0.10199660922109066
FMGOETZE.NS,1,0.5509866155212654,2025-09-01,180,0.3198757763975155,21.0,,-6.893790665535791,-13.370913140757162,45.75000465152964,21.820030031603252,643,Buy,0.10197323104253075
RAMANEWS.NS,1,0.5509802119958667,2025-09-01,180,-15.794117647058824,2.0,,13.40140632575153,19.261751092021125,64.64440618054668,66.13876086530311,644,Buy,0.10196042399173333
SENORES.NS,1,0.5509305716862652,2025-09-01,180,0.14425770308123248,2.0,,-1.8478074688141517,-7.138519718534347,34.571343272546756,27.068674319411443,645,Buy,0.1018611433725305
EIMCOELECO.NS,1,0.5508179559906007,2025-09-01,180,0.11358574610244988,16.0,,-6.763941203762662,-3.07663810088462,41.990598103879314,33.053227557733166,646,Buy,0.10163591198120137
GREENPLY.NS,1,0.5508095832052403,2025-09-01,180,0.540162980209546,17.0,,0.6151770892182,-21.826874310801937,44.585847724515205,27.51172240256156,647,Buy,0.10161916641048063
LIKHITHA.NS,1,0.5508095832052403,2025-09-01,180,0.13032581453634084,28.0,,-6.348405916985662,-22.482544529856483,42.22577639011471,29.244058991477573,648,Buy,0.10161916641048063
TCPLPACK.NS,1,0.5507451845432388,2025-09-01,180,1.4754829123328381,20.0,,2.805982401972951,-14.46370913114162,56.80470269560617,52.02769085479223,649,Buy,0.10149036908647768
BASF.NS,1,0.5507236615890561,2025-09-01,180,0.9664394336654432,18.0,,-4.58276373484218,-16.952938321363973,33.64392350303822,9.945881881683476,650,Buy,0.10144732317811211
BERGEPAINT.NS,1,0.5507236615890561,2025-09-01,180,0.4503415659485024,25.0,,-1.5965466874831444,-19.21714030713895,20.57466543047413,37.97606144167981,651,Buy,0.10144732317811211
PAGEIND.NS,1,0.5507236615890561,2025-09-01,180,0.9630943931866572,59.0,,-2.388536884896476,-17.219566093955375,23.509772891991993,19.32501528067023,652,Buy,0.10144732317811211
MVGJL.NS,1,0.5506896866390265,2025-09-01,180,1.0830090791180285,16.0,,-4.690531301210806,-18.02619548881042,39.53622095213536,12.157293128071146,653,Buy,0.10137937327805302
SKYGOLD.NS,1,0.5506534249735228,2025-09-01,180,0.7048192771084337,19.0,,16.715115949544664,9.136212456167273,57.63907806824804,55.289337608370545,654,Buy,0.10130684994704553
JINDALPOLY.NS,1,0.5505173552057702,2025-06-01,272,0.2271396029938171,6.0,,57.87653309988636,18.528841458834133,73.17215083364543,80.5560056337144,655,Buy,0.10103471041154033
BECTORFOOD.NS,1,0.5505048162748594,2025-09-01,180,0.36846767050487156,16.0,,-4.986299161270999,-19.56022563417545,41.69869637718408,28.25409464201394,656,Buy,0.10100963254971873
PRECWIRE.NS,1,0.5503386109551037,2025-09-01,180,1.3872919818456884,27.0,,24.612738128273513,22.11095274765242,68.07366891553251,69.6769050701883,657,Buy,0.10067722191020745
SUNFLAG.NS,1,0.5503022446406126,2025-09-01,180,0.2726099706744868,4.0,,-2.015138468494035,-3.1529264591243145,33.81599321074808,39.907971106284975,658,Buy,0.10060448928122523
IRFC.NS,1,0.5502906981366773,2025-09-01,180,7.968857885183471,6.0,,-13.751453308816242,-11.924807926731336,29.312022209038485,18.14159198677008,659,Buy,0.1005813962733546
KSCL.NS,1,0.550268545924163,2025-09-01,180,0.4153066966797974,19.0,,-10.573246993974378,-22.329510890588374,44.98303146780657,25.866662484215937,660,Buy,0.10053709184832593
SHOPERSTOP.NS,1,0.5501790330134205,2025-09-01,180,19.096345514950166,8.0,,-14.780531059800076,-28.640203190599266,48.95742303852941,13.021831933802446,661,Buy,0.10035806602684105
UNIONBANK.NS,1,0.5500851060192484,2025-09-01,180,11.160537628198252,,,12.722916585174213,31.969725735046623,29.385409258154795,79.47634221660459,662,Buy,0.10017021203849685
HLEGLAS.NS,1,0.5500661601748125,2025-09-01,180,1.402116402116402,8.0,,-12.08422458908096,-31.02178170891375,45.951986472508196,19.547516835760746,663,Buy,0.10013232034962494
ATUL.NS,1,0.5500623512525683,2025-09-01,180,0.19941449974169106,12.0,,7.862626262626263,13.619339462036093,33.118114924837755,59.166666666666664,664,Buy,0.10012470250513661
COROMANDEL.NS,1,0.5500340990683734,2025-09-01,180,0.8535495614760881,25.0,,-0.9223913203363561,-6.437562276386358,26.224411562092037,42.58455285703502,665,Buy,0.10006819813674683
LIBAS.NS,1,0.5500251129481141,2025-09-01,180,0.4719377304383449,0.12,,-0.8884516443350288,-9.874329870456961,40.70727267111086,8.045947402085247,666,Buy,0.10005022589622814
IRIS.NS,1,0.5499596878983303,2025-09-01,180,0.2894736842105263,28.0,,-16.425197690781655,-23.00170487308372,59.04916810170911,47.2639542157877,667,Neutral,0.09991937579666055
LICI.NS,1,0.549846438800042,2025-09-01,180,40.68592734633003,53.0,,3.4591990760124847,-5.036613245921829,31.794423483226346,32.00469581884175,668,Neutral,0.09969287760008405
HFCL.NS,1,0.5497914229980141,2025-09-01,180,0.8555361159710072,8.0,,4.086907404859468,-2.365677748370667,42.59741366754586,37.673514462059785,669,Neutral,0.09958284599602818
POWERMECH.NS,1,0.5497085824419525,2025-09-01,180,1.055956678700361,21.0,,1.3616350582601269,-12.003222383233346,44.68369835776842,37.71210604351737,670,Neutral,0.09941716488390506
GIPCL.NS,1,0.5497052319493738,2025-09-01,180,1.4264705882352942,6.0,,-0.17671590997584177,-13.330060694281448,33.979846472234044,33.226954614271634,671,Neutral,0.09941046389874764
ALOKINDS.NS,1,0.5497052319493738,2025-09-01,180,-1.3313796680497925,23.0,,-3.8332192280496975,-15.484632823553458,35.8843991343983,3.349268978696557,672,Neutral,0.09941046389874764
DCAL.NS,1,0.549662006308677,2025-09-01,180,0.29672544080604535,1.0,,-14.866511014110243,-26.814381357842148,56.1847438697078,19.54561664364425,673,Neutral,0.09932401261735402
AARTIIND.NS,1,0.5495813278186569,2025-09-01,180,1.0082124759741395,6.0,,25.975483453618182,16.963120108346587,55.76675058387244,33.545639029346134,674,Neutral,0.09916265563731375
KRONOX.NS,1,0.5494729226879674,2025-09-01,180,0.1188118811881188,44.0,,-2.0116109788664716,-16.226225212867266,35.4649031282482,35.527583014928894,675,Neutral,0.09894584537593487
CAMS.NS,1,0.5494582804427658,2025-09-01,180,0.4033687943262411,55.0,,-3.818314324210433,-12.026676165190315,30.250448719983048,26.703639182806484,676,Neutral,0.09891656088553158
MHRIL.NS,1,0.5493433037198415,2025-09-01,180,5.216741405082212,20.0,,-1.5927893976349723,-10.474090005173904,29.56969329955047,29.3429348868102,677,Neutral,0.09868660743968305
SIMPLEXINF.NS,1,0.5493306692790276,2025-09-01,180,3.4591947769314473,0.0,,-7.788004077540014,-27.172934439984058,58.72594108322821,19.360646644965883,678,Neutral,0.09866133855805526
GSFC.NS,1,0.5492759978819955,2025-09-01,180,2.107713520966826,6.0,,-6.001892290331402,-8.458489109279839,25.875008797730636,13.348488536073006,679,Neutral,0.0985519957639911
NAGREEKEXP.NS,1,0.5492537611795572,2025-09-01,180,1.4166666666666667,6.0,,0.6389770030435311,-8.860755477005137,30.989998955297004,37.38490925517162,680,Neutral,0.09850752235911431
HMVL.NS,1,0.5491979824436317,2025-09-01,180,0.4885844748858447,5.0,,0.14285496303013392,6.470234467159069,21.738472225829035,37.237992652834684,681,Neutral,0.09839596488726343
IKIO.NS,1,0.54912850020992,2025-09-01,180,0.04722792607802875,7.0,,-4.858598003411703,-24.97489593292745,36.11878002961344,19.81268403581859,682,Neutral,0.09825700041983998
BANDHANBNK.NS,1,0.549122448653558,2025-09-01,180,6.933081116263933,,,19.73155414862054,21.029525797308764,33.55672222283207,74.34579200355851,683,Neutral,0.09824489730711594
PIDILITIND.NS,1,0.5491137233767073,2025-09-01,180,0.3911892407074023,31.0,,4.364859085037907,1.5104062072643876,19.539651154412898,51.11373156242979,684,Neutral,0.09822744675341455
DONEAR.NS,1,0.5490203891838557,2025-09-01,180,2.1372549019607843,14.0,,2.4384494165476887,-18.04731073011673,56.7592396388219,11.146173871535794,685,Neutral,0.0980407783677113
EIEL.NS,1,0.5488813573186474,2025-09-01,180,0.26394052044609667,33.0,,-10.595087598638777,-27.21620654196269,42.84185666902792,23.093824337377228,686,Neutral,0.0977627146372948
SYRMA.NS,1,0.5488634958425622,2025-09-01,180,0.7973457675753228,6.0,,13.562601182600956,0.24382810118866197,48.157632197219534,30.67388309425135,687,Neutral,0.09772699168512444
RELINFRA.NS,1,0.5487726997422724,2025-09-01,180,0.25344239385095974,-1.0,,-32.57236512949879,-47.42903779896403,58.88607972642471,26.77220060224586,688,Neutral,0.09754539948454477
ASHAPURMIN.NS,1,0.5487659239196736,2025-09-01,180,0.8589420654911839,25.0,,-24.3324517484088,-22.936714872099838,76.99058690845058,23.793799993599308,689,Neutral,0.09753184783934721
COUNCODOS.NS,1,0.5487604968639803,2025-09-01,180,0.6175314465408805,4.26,,6.11855010505461,-10.483865137526763,48.65674175655617,61.494253976040305,690,Neutral,0.09752099372796064
HERCULES.NS,1,0.5487328818171361,2025-09-01,180,0.10599628856413823,0.72,,0.0,-5.711069318085562,0.0,100.0,691,Neutral,0.09746576363427217
SINTERCOM.NS,1,0.5487048476340233,2025-09-01,180,0.948198198198198,5.08,,-2.318325682963457,-21.756988020536223,49.97448276732662,34.19040779629988,692,Neutral,0.09740969526804655
SHRIPISTON.NS,1,0.5486822716184422,2025-09-01,180,0.37551945598791087,27.0,,16.991633703224,19.540483234183043,50.17206786033481,54.19000261545051,693,Neutral,0.09736454323688437
MIRZAINT.NS,1,0.5484944126273157,2025-09-01,180,0.29313929313929316,1.0,,-6.07386443870251,-11.039124914974956,56.84936186087894,18.760499194569192,694,Neutral,0.09698882525463137
XTGLOBAL.NS,1,0.5483555884505804,2025-09-01,180,0.26239690459220033,3.95,,45.97657873815662,11.290316909919532,88.17602663866506,70.8281052751237,695,Neutral,0.09671117690116082
UNIENTER.NS,1,0.5483356079244819,2025-09-01,180,0.041124780316344464,0.0,,-12.74413768126875,-26.1264974014116,54.53438618148835,22.89062874857359,696,Neutral,0.09667121584896377
JUBLCPL.NS,1,0.5483177419438967,2025-09-01,180,1.225181598062954,33.0,,-13.617618349856489,-21.0027844690781,52.15763870696621,27.651985355352693,697,Neutral,0.09663548388779342
HDFCLIFE.NS,1,0.5481024310858043,2025-09-01,180,20.890785587714117,7.0,,-1.622883810917428,-6.411095222112312,19.777719290048108,53.81047954948459,698,Neutral,0.09620486217160851
GREENLAM.NS,1,0.5480996262825608,2025-09-01,180,0.8472454090150251,12.0,,-1.2069599707955612,-4.376876405272221,25.525616483360913,35.21196534583238,699,Neutral,0.09619925256512163
ARMANFIN.NS,1,0.5480806604531193,2025-09-01,180,0.7569331158238173,,,-0.4825075045227087,-4.309869766079714,35.96285907568853,48.132039621007216,700,Neutral,0.09616132090623863
LAL.NS,1,0.5480607799950242,2025-09-01,180,0.6970605878824234,17.01,,-4.930466169518205,-20.169852229077023,50.39089590836953,28.654940918121923,701,Neutral,0.09612155999004846
CUB.NS,1,0.547869153993702,2025-09-01,180,7.5031231110215595,,,-2.9653836311543342,4.415671319768238,37.383263975780004,44.23727559893302,702,Neutral,0.0957383079874039
WSI.NS,1,0.547856402597413,2025-09-01,180,0.52,-20.0,,-8.179211876974172,-8.879413858991398,29.878057341798513,20.46242942811304,703,Neutral,0.09571280519482595
SUNDROP.NS,1,0.5478324098969352,2025-09-01,180,0.087465564738292,0.0,,2.676308334575816,-13.373532702575378,33.10330693569998,54.063609193877724,704,Neutral,0.09566481979387031
ANDHRSUGAR.NS,1,0.5477194266371602,2025-09-01,180,0.23439767779390422,5.0,,6.5214318737203625,-4.191533648937746,25.029541330851462,44.67850433614628,705,Neutral,0.09543885327432045
TARACHAND.NS,1,0.5476338171277068,2025-09-01,180,2.360294117647059,17.0,,-3.202170020028832,-21.47841757793632,67.2654767481987,29.049026784780565,706,Neutral,0.09526763425541351
ZEEL.NS,1,0.5475726460606639,2025-09-01,180,0.17925772418990205,10.0,,5.935788873820077,-13.816895736471526,42.758975020837745,32.46665062797578,707,Neutral,0.09514529212132783
LODHA.NS,1,0.5475726460606639,2025-09-01,180,1.6178274633953305,15.0,,3.873236771108162,-13.93049625273255,42.73854211770552,23.69305096137704,708,Neutral,0.09514529212132783
RITCO.NS,1,0.5475585130495122,2025-09-01,180,1.0888888888888888,16.0,,-8.46426247839239,-18.83222674221703,36.75728220344803,26.066642766306202,709,Neutral,0.0951170260990244
ETERNAL.NS,1,0.5474895135719191,2025-09-01,180,0.05675600223338917,7.0,,-10.550209699591107,-18.645746308255056,48.638802610790584,21.72755552428319,710,Neutral,0.09497902714383821
SAILIFE.NS,1,0.5474130277390467,2025-09-01,180,0.4333478072079896,14.0,,20.59800664451827,12.873131212469833,50.15309142025062,69.28465105769486,711,Neutral,0.09482605547809331
BOSCHLTD.NS,1,0.547387426403007,2025-09-01,180,0.4497539405177947,21.0,,1.1384145494932667,0.8723345333702575,26.00947494361537,57.4788334901223,712,Neutral,0.09477485280601394
SHALPAINTS.NS,1,0.5473684277906554,2025-09-01,180,1.474074074074074,-13.0,,-12.959472227104282,-17.038480179852208,45.86538186353982,16.29682361683514,713,Neutral,0.09473685558131084
OCCLLTD.NS,1,0.5472788183546118,2025-09-01,180,0.38686131386861317,15.0,,-2.8919826892517166,-12.529159927850012,38.1843367681605,50.73669280501419,714,Neutral,0.09455763670922357
MUFIN.NS,1,0.5472693666226073,2025-09-01,180,2.8589341692789967,13.0,,3.0874192227056043,3.440201425907992,33.24041628413952,49.40547900964877,715,Neutral,0.09453873324521456
EMAMIREAL.NS,1,0.5472159602777583,2025-09-01,180,-15.36774193548387,-2.0,,-5.2125176410578,-22.623368860264474,54.94765299724767,21.48758593584158,716,Neutral,0.09443192055551664
MCLEODRUSS.NS,1,0.5470592730530387,2025-09-01,180,-77.5111111111111,-1.0,,-1.4883086247660986,-20.586550950546894,48.00486705098092,27.18654494484774,717,Neutral,0.0941185461060774
ATALREAL.NS,1,0.5470395928700009,2025-09-01,180,0.38333333333333347,10.81,,-4.08009048629321,8.504272664783716,30.13198232505225,40.465135053374624,718,Neutral,0.09407918574000185
JYOTICNC.NS,1,0.5469468184328887,2025-09-01,180,0.391500904159132,22.0,,1.9066000604362539,-18.787427645926133,51.889744309974176,40.62211964068585,719,Neutral,0.09389363686577745
RUBFILA.NS,1,0.5468985150005051,2025-09-01,180,0.18411552346570398,13.0,,-7.865479614315694,-13.751310674138221,31.37158754288285,26.445175785448072,720,Neutral,0.09379703000101025
SILGO.NS,1,0.5468476352199623,2025-09-01,180,0.03999292160679522,10.48,,2.6164027376102017,13.065717209831417,43.91471827663627,45.09803607291518,721,Neutral,0.09369527043992454
REMSONSIND.NS,1,0.5467820234179567,2025-09-01,180,1.188034188034188,11.0,,1.804761073244622,-8.119443332852992,53.12425409016743,37.951807354765144,722,Neutral,0.09356404683591335
SDBL.NS,1,0.5465461965478348,2025-09-01,180,0.43070652173913043,13.0,,-7.66846545559773,-30.848592560018428,55.50610898792049,26.793387271822738,723,Neutral,0.09309239309566952
DSSL.NS,1,0.5465105869638142,2025-09-01,180,2.208791208791209,39.0,,1.911073559697946,1.058861873290139,29.38598575579751,44.97177006057482,724,Neutral,0.09302117392762832
MORARJEE.NS,1,0.5464964258593066,2024-03-01,729,-1.91875,-22.0,,-9.941524707693251,-15.03448486328125,43.61364940612486,24.489793932373203,725,Neutral,0.09299285171861316
IOLCP.NS,1,0.5464595987807348,2025-09-01,180,0.37806967447173045,9.0,,2.6483367584073334,-17.76961345283184,42.97910047670441,38.413919164995534,726,Neutral,0.0929191975614696
CMSINFO.NS,1,0.5464171707508381,2025-09-01,180,0.32748538011695905,22.0,,-3.6543658427551287,-13.724589124961984,27.42893553613972,37.14423605156826,727,Neutral,0.09283434150167613
GLAXO.NS,1,0.5463337416623774,2025-09-01,180,1.13572267920094,63.0,,8.662215479624997,0.08173176323214633,32.313768452583886,55.33513554435691,728,Neutral,0.09266748332475472
GLOSTERLTD.NS,1,0.5460810297300619,2025-09-01,180,0.340153452685422,5.0,,-3.97062599004279,-10.597030466727034,31.308578922727527,29.803203784183964,729,Neutral,0.09216205946012379
EVEREADY.NS,1,0.5460346683126817,2025-09-01,180,1.466950959488273,17.0,,0.4549590368404635,-1.9683272980160458,28.36967488117167,39.348361151010906,730,Neutral,0.09206933662536332
SAREGAMA.NS,1,0.546021031642283,2025-09-01,180,0.32248342374924654,18.0,,1.2004292215675492,-16.69793621013133,39.13954576747277,39.042359275446756,731,Neutral,0.09204206328456599
BDL.NS,1,0.5460174694788283,2025-09-01,180,2.0988854635997156,20.0,,-17.050722740691544,-16.113599042881663,55.510358729865786,43.38900824080375,732,Neutral,0.09203493895765669
FLEXITUFF.NS,1,0.5459485060313106,2025-06-01,272,16.571428571428573,9.0,,-18.639329779348373,-45.05979009682765,58.52742771509555,38.87733310651351,733,Neutral,0.09189701206262124
ARROWGREEN.NS,1,0.5459334808317523,2025-09-01,180,0.0945273631840796,53.0,,-4.934632503079792,-26.2898337866243,43.43710667946708,35.186593086662285,734,Neutral,0.09186696166350461
SCHAEFFLER.NS,1,0.5458554033462324,2025-09-01,180,0.3325463131129677,26.0,,20.65796007497562,11.740275540695052,35.14436509877197,69.91458903729833,735,Neutral,0.09171080669246479
BLUEDART.NS,1,0.5457567758453968,2025-09-01,180,0.8912529550827423,19.0,,4.998152254249815,-0.6382234656408463,21.378116207437202,38.34710743801653,736,Neutral,0.09151355169079367
INTLCONV.NS,1,0.5455881194515835,2025-09-01,180,0.4473007712082262,27.0,,0.7761809883905831,-9.226364529235315,36.670473422052595,48.56991262159854,737,Neutral,0.09117623890316695
INDGN.NS,1,0.5454844055415417,2025-09-01,180,0.14322120285423037,17.0,,5.741979618406414,-6.587615434623053,30.373505560046794,52.8547128863863,738,Neutral,0.0909688110830833
INDOFARM.NS,1,0.5454789947221903,2025-09-01,180,0.30916030534351147,7.0,,-23.748921410456184,-38.04666754552816,61.03725285637056,33.66059270500919,739,Neutral,0.0909579894443806
SWELECTES.NS,1,0.5454734999779138,2025-09-01,180,0.569811320754717,4.0,,-0.7482778823330747,-27.181873590215954,51.083934888041114,26.294808768637807,740,Neutral,0.09094699995582767
AHLUCONT.NS,1,0.5454540019132699,2025-09-01,180,1.04932502596054,18.0,,-9.689103055681384,-22.361214548401783,52.69173347252344,25.316204518194482,741,Neutral,0.09090800382653974
JUBLPHARMA.NS,1,0.5453877562993802,2025-09-01,180,0.058823529411764705,3.0,,-7.653767152922317,-20.5010528942999,37.59306632255256,31.26227411211947,742,Neutral,0.09077551259876038
TCIEXP.NS,1,0.5453419701387983,2025-09-01,180,0.1891891891891892,16.0,,2.6005184860812176,-5.368877754495298,42.12041494691243,28.4375,743,Neutral,0.09068394027759652
CLEDUCATE.NS,1,0.5452859309508004,2025-09-01,180,2.361788617886179,2.0,,-47.36982995210594,-53.255072556598925,76.04837744381231,12.977984528744969,744,Neutral,0.09057186190160071
SEJALLTD.NS,1,0.5452624910044404,2025-09-01,180,5.488433575677463,10.81,,-16.04134392342545,-39.703116971758185,61.316576344134596,20.04485956278664,745,Neutral,0.0905249820088807
ROSSTECH.NS,1,0.5452271119858942,2025-09-01,180,2.7714285714285714,8.0,,11.879204034024685,-7.515001586087944,76.10973397618429,42.254230658173675,746,Neutral,0.09045422397178848
PRIMESECU.NS,1,0.5451985577215556,2025-09-01,180,0.09743589743589744,-30.0,,2.8842574052541115,-7.417948239694824,31.49374207280996,39.80221265911409,747,Neutral,0.09039711544311113
ORIENTCEM.NS,1,0.5451280885863309,2025-09-01,180,0.4362578768783325,9.0,,-6.71267547121819,-7.318539094535034,30.333706384367716,13.71922898281467,748,Neutral,0.09025617717266177
ADL.NS,1,0.5451260804453089,2025-09-01,180,0.4841379310344826,3.21,,-4.384516825083,-7.468882210459572,54.94476101753302,46.9040730013587,749,Neutral,0.09025216089061772
WONDERLA.NS,1,0.545045367838761,2025-09-01,180,0.07722884724588303,8.0,,-3.7309669803932333,-14.552942765162863,25.915216014215197,26.167662416501557,750,Neutral,0.09009073567752202
KEC.NS,1,0.5450087302572433,2025-09-01,180,2.9534029389017786,15.0,,-9.213591327649532,-14.648197186588588,40.610994512342394,22.846433671300048,751,Neutral,0.09001746051448656
VAIBHAVGBL.NS,1,0.544997514781943,2025-09-01,180,0.34652114597544337,21.0,,3.5793994478953226,-5.324754615757169,66.4921351056137,25.177729215207265,752,Neutral,0.08999502956388605
GRASIM.NS,1,0.5449437387277756,2025-09-01,180,0.45873777583887737,2.0,,-1.1265283361165612,2.2048678045399073,23.17623966340558,33.819387106323916,753,Neutral,0.08988747745555115
PEL.NS,1,0.544853626452591,2025-06-01,272,0.39839766933721776,,,,,,,754,Neutral,0.08970725290518189
GUJGASLTD.NS,1,0.5448152076732721,2025-09-01,180,0.5391896571626458,20.0,,-3.06923489677536,1.3432820638020835,20.30174017906402,31.338435309768073,755,Neutral,0.08963041534654415
SHYAMCENT.NS,1,0.5447359241478372,2025-09-01,180,0.04995871180842279,-5.67,,-9.8591542201391,-3.3962320509053336,37.12985432882994,23.07688639710669,756,Neutral,0.08947184829567445
SIGMA.NS,1,0.5446400626163154,2025-09-01,180,0.35708367854183914,33.69,,-16.656729953030926,-20.541974717745294,77.23178204277303,33.244473807648845,757,Neutral,0.08928012523263074
CUPID.NS,1,0.5445374006510454,2025-09-01,180,0.16010498687664043,17.0,,4.202971138756119,23.492788490057897,52.79141111764879,43.570484974774104,758,Neutral,0.08907480130209078
CANFINHOME.NS,1,0.5444001897455633,2025-09-01,180,6.643236317041918,,,-6.351316091770961,-3.923794081880827,31.569127883385693,24.289830456177057,759,Neutral,0.08880037949112651
SANSTAR.NS,1,0.5442738698411812,2025-09-01,180,0.15477996965098634,12.0,,-6.172977981679469,-6.550074885086696,14.772979396427926,23.880553871812026,760,Neutral,0.0885477396823624
RELTD.NS,1,0.5442426616908613,2025-09-01,180,0.12009803921568628,12.0,,-2.3652898070048503,-3.39863156382732,35.93524980433234,40.072568263131544,761,Neutral,0.08848532338172266
FIVESTAR.NS,1,0.5440799631424482,2025-09-01,180,1.2678518953864237,,,-5.951977144187596,-29.404302477372372,41.22749010002887,30.254231984163965,762,Neutral,0.08815992628489644
MEP.NS,1,0.5440793773744923,2024-03-01,729,-2.962882096069869,-14.0,,-29.37062744686454,-54.298643754317965,5.97957709014573,0.0,763,Neutral,0.0881587547489846
CHENNPETRO.NS,1,0.5439363742835214,2025-09-01,180,0.9039046060322656,4.0,,9.955996919672751,4.999179891116722,36.64038923103882,60.20744854471347,764,Neutral,0.08787274856704275
SOUTHBANK.NS,1,0.5439331004935546,2025-09-01,180,11.790428732606243,,,-7.026653668310767,3.9666488686020935,55.22974805818228,48.028177186815974,765,Neutral,0.08786620098710918
BANCOINDIA.NS,1,0.5439044522392047,2025-09-01,180,0.10993249758919961,39.0,,9.587474506052246,-8.241274148622983,44.31294784715087,42.78541516735303,766,Neutral,0.08780890447840939
HDFCBANK.NS,1,0.5438892214021597,2025-09-01,180,6.724459452940325,,,-5.104222340994121,-11.894598897369226,15.511757855954025,28.809918219110074,767,Neutral,0.08777844280431935
OIL.NS,1,0.5438503397641473,2025-09-01,180,0.5198457700158766,15.0,,-4.5554788563922,18.90141733709974,45.826140006223035,50.67547463953768,768,Neutral,0.08770067952829463
HAVISHA.NS,1,0.5436988838078771,2025-09-01,180,2.3613861386138613,-0.2,,-3.1250044237821637,-19.270834012422725,43.79727337063495,31.99998474120366,769,Neutral,0.08739776761575424
SARVESHWAR.NS,1,0.5436540626524108,2025-09-01,180,0.7885117493472585,8.0,,-4.975125587876759,-16.043961030563477,27.44238222584,15.686195678444719,770,Neutral,0.08730812530482157
HPAL.NS,1,0.5436540626524108,2025-09-01,180,0.23404255319148937,14.0,,-3.854224552248151,-19.33568212175715,35.19620654086664,9.983075922110515,771,Neutral,0.08730812530482157
PDMJEPAPER.NS,1,0.5436540626524108,2025-09-01,180,0.3370253164556962,22.0,,0.8498202317605653,-18.550836910710796,30.315834000674315,51.8187252681661,772,Neutral,0.08730812530482157
RTNPOWER.NS,1,0.5436540626524108,2025-09-01,180,1.1436394271272114,8.0,,0.6067984481033338,-17.265473222311183,34.06010885992938,16.800003051757812,773,Neutral,0.08730812530482157
RVTH.NS,1,0.5436540626524108,2025-09-01,180,0.7874015748031497,26.0,,-6.552011048287769,-20.90686465864695,32.975895090184224,45.27542668213776,774,Neutral,0.08730812530482157
CHEMCON.NS,1,0.5436540626524108,2025-09-01,180,0.0682261208576998,7.0,,-5.072710842599003,-26.33016553544696,35.413878766020254,20.384205604470807,775,Neutral,0.08730812530482157
PLATIND.NS,1,0.5436540626524108,2025-09-01,180,0.20698254364089774,19.0,,-2.578723257888587,-17.542685812010582,34.9347787898365,34.76231170603393,776,Neutral,0.08730812530482157
BANKA.NS,1,0.5436540626524108,2025-09-01,180,1.1944706251963555,0.87,,-6.625628029997746,-22.58930956437755,25.80654262551154,26.577660127051672,777,Neutral,0.08730812530482157
EVERESTIND.NS,1,0.5436540626524108,2025-09-01,180,0.9691056910569106,3.0,,-7.164179104477612,-27.465250276021933,38.32214376148098,31.723625995165264,778,Neutral,0.08730812530482157
AKSHARCHEM.NS,1,0.5436540626524108,2025-09-01,180,0.6297709923664122,3.0,,-2.9526594798468273,-19.181614596525353,36.06494012262252,38.323009880150636,779,Neutral,0.08730812530482157
SUMICHEM.NS,1,0.5436540626524108,2025-09-01,180,0.3778960551033187,25.0,,-1.4615603335359093,-13.916310322642838,31.86197010148419,33.089407616298075,780,Neutral,0.08730812530482157
AVONMORE.NS,1,0.5436540626524108,2025-09-01,180,0.46643944807872023,9.17,,-2.990031917356169,-19.20309558360647,32.042678887017274,45.238101845813134,781,Neutral,0.08730812530482157
KAKATCEM.NS,1,0.5436540626524108,2025-09-01,180,0.19270833333333334,-3.0,,-1.189331550939503,-18.465870709456606,32.06976763622614,38.62505961003477,782,Neutral,0.08730812530482157
DDEVPLSTIK.NS,1,0.5436282290916935,2025-09-01,180,0.3406113537117904,34.0,,-4.673241112464416,-0.5893132813225909,36.74141113622568,22.69100446524061,783,Neutral,0.08725645818338701
SYNGENE.NS,1,0.5436108520657099,2025-09-01,180,0.3212121212121212,13.0,,-10.683308376535901,-34.875825982298394,40.10261673831843,25.296753908874734,784,Neutral,0.08722170413141983
MATRIMONY.NS,1,0.5435944178318255,2025-09-01,180,0.8825910931174089,19.0,,-28.00747998871323,-17.417966421866797,34.696268216144446,1.5974443663479292,785,Neutral,0.08718883566365099
DCBBANK.NS,1,0.5435714092506767,2025-09-01,180,12.216619199195845,,,-7.860371358573209,1.0840497657443067,45.76429663109105,40.30648983142948,786,Neutral,0.08714281850135341
DNAMEDIA.NS,1,0.5435211621610333,2025-09-01,180,-1.8051642239454349,7.94,,4.573173679141071,-15.517238544368816,61.453394426086696,35.897424924844614,787,Neutral,0.0870423243220666
CHEVIOT.NS,1,0.5435177925090436,2025-09-01,180,0.09312320916905444,10.0,,3.9065654898732607,-2.9343462595918255,16.177878002665175,52.052544333153605,788,Neutral,0.08703558501808728
NAGREEKCAP.NS,1,0.5434264563202745,2025-09-01,180,3.7777777777777777,29.0,,-0.9237866641529014,-4.631344981846267,60.611845073242,34.78260639422227,789,Neutral,0.08685291264054906
DHANI.NS,1,0.5433052884732174,2025-06-01,272,0.07781029437080393,0.0,,,,,,790,Neutral,0.0866105769464347
ITI.NS,1,0.5431882206132673,2025-09-01,180,6.150930392832529,-1.0,,-7.224993262250997,-12.637364859353317,26.182737518419614,20.075769836022104,791,Neutral,0.08637644122653465
FIEMIND.NS,1,0.5431750516838292,2025-09-01,180,0.45209302325581396,28.0,,5.013022167722693,-3.92001266560969,48.15150187397783,39.89195732035014,792,Neutral,0.08635010336765836
KICL.NS,1,0.5429649908838851,2025-09-01,180,0.0646335912608102,1.0,,8.24837630780434,-2.5764633692653893,28.65913207560703,70.12156570573708,793,Neutral,0.08592998176777011
LINDEINDIA.NS,1,0.5428732402124942,2025-09-01,180,0.35003796507213364,17.0,,15.111605233900624,11.747613117476131,33.677233954490696,63.75353662370323,794,Neutral,0.08574648042498834
AMNPLST.NS,1,0.5428078771430651,2025-09-01,180,0.4,20.0,,-7.485345823779865,-21.323972312605026,34.22062529247579,14.23981251955783,795,Neutral,0.08561575428613022
ASALCBR.NS,1,0.5428078771430651,2025-09-01,180,0.3219761499148211,20.0,,-1.7448973972633035,-16.755951619311656,35.535447196968015,41.623866916161056,796,Neutral,0.08561575428613022
AHLADA.NS,1,0.5428078771430651,2025-09-01,180,0.572463768115942,6.0,,-9.264463326276603,-13.156376094946118,36.49530500304746,13.123638014089565,797,Neutral,0.08561575428613022
AARTECH.NS,1,0.5426777539396158,2025-09-01,180,0.3427902895583504,4.57,,-7.1583499919485885,-12.24113423142846,42.00051346652498,23.21427098917937,798,Neutral,0.08535550787923163
EMAMIPAP.NS,1,0.5426292691190128,2025-09-01,180,2.20446735395189,7.0,,1.329501304051712,-8.282740206620618,30.145585567197276,43.767705765102484,799,Neutral,0.08525853823802554
SEPC.NS,1,0.5425732987663151,2025-09-01,180,0.40848094471282875,6.0,,-7.891490672982476,-25.671645289337665,60.13238863076397,21.760396243456455,800,Neutral,0.08514659753263021
TMB.NS,1,0.5425273247671286,2025-09-01,180,6.311447633167425,,,10.322363645128757,32.131920554611696,44.9346419865185,51.46334299631766,801,Neutral,0.08505464953425723
OBEROIRLTY.NS,1,0.5424137360533444,2025-09-01,180,0.4315609370887076,15.0,,1.3915722800667936,-7.427118986430986,31.32737305372006,39.95157384987893,802,Neutral,0.08482747210668884
SURYODAY.NS,1,0.5423830948040114,2025-09-01,180,7.339527875439478,,,-2.846631264479435,-6.531735819832473,41.431793125731225,46.35442279069067,803,Neutral,0.08476618960802274
INDOAMIN.NS,1,0.5422700370924395,2025-09-01,180,1.3025210084033614,19.0,,-3.6321568276933234,-12.645253712465157,30.490663384355223,9.437201470921437,804,Neutral,0.08454007418487897
SRF.NS,1,0.5422700370924395,2025-09-01,180,0.5196941997673259,14.0,,-9.138620521873438,-12.31067947212133,36.96916963893461,10.788862899755813,805,Neutral,0.08454007418487897
RIIL.NS,1,0.5421852626265179,2025-09-01,180,0.15492957746478872,3.0,,-1.9588689847289997,-18.995503745706763,40.554645933120156,19.07495349600613,806,Neutral,0.08437052525303579
GREAVESCOT.NS,1,0.5421852626265179,2025-09-01,180,0.32961260669730796,18.0,,-7.778578256961179,-24.22335576777761,39.13548128220305,25.32833772596088,807,Neutral,0.08437052525303579
BANARISUG.NS,1,0.5420716871358122,2025-09-01,180,0.1964873765093304,9.0,,0.17225914803250478,-1.0837060291998868,4.250158607470924,50.14856540023132,808,Neutral,0.08414337427162444
TIMETECHNO.NS,1,0.5418923739558205,2025-09-01,180,0.5723108594956253,12.0,,3.7371543073260014,-8.358273193956235,30.98420667530462,36.62003187300137,809,Neutral,0.08378474791164092
SHYAMMETL.NS,1,0.5418441446948425,2025-09-01,180,0.2745478036175711,12.0,,-1.2001162454242031,5.700941391703508,34.521893780373134,40.68626424341067,810,Neutral,0.08368828938968509
MAHEPC.NS,1,0.541807321762181,2025-09-01,180,0.7298850574712644,7.0,,-0.9102265869650313,-7.936997265872177,41.80370580950885,44.409945164749274,811,Neutral,0.0836146435243621
GHCL.NS,1,0.5417794321422909,2025-09-01,180,0.17543376480308456,24.0,,-9.797644761029412,-16.689846655539846,24.891846152526924,26.84884988218178,812,Neutral,0.0835588642845817
TARC.NS,1,0.5417581690962958,2025-09-01,180,1.2835004557885141,0.0,,-5.005836570870653,4.612972738914632,49.86207239906877,45.54852134588975,813,Neutral,0.08351633819259163
SUNTV.NS,1,0.5417323211791987,2025-09-01,180,0.07310813048517967,20.0,,20.70561683743057,17.03437134615637,44.444107356596945,73.10743618241095,814,Neutral,0.08346464235839735
INDIANB.NS,1,0.5416861786613836,2025-09-01,180,11.238942754681897,,,8.905992303463442,13.817868428612467,40.15384066907214,74.3228270103979,815,Neutral,0.08337235732276715
CTE.NS,1,0.5416436977855097,2025-09-01,180,0.9618178431737754,9.65,,-15.959653832339354,-38.34602948134148,53.14065548997809,16.59537357693233,816,Neutral,0.08328739557101938
IDFCFIRSTB.NS,1,0.5416265674087424,2025-09-01,180,7.2593512976208485,,,-11.96836913582278,-8.29900676952877,53.87888574154675,29.00223655439963,817,Neutral,0.08325313481748475
ELGIEQUIP.NS,1,0.541613404264657,2025-09-01,180,0.20610687022900764,28.0,,26.988836915035975,4.750244857982371,50.56409455193405,64.21549861764778,818,Neutral,0.08322680852931397
DALBHARAT.NS,1,0.5414860822229625,2025-09-01,180,0.023276748971193417,3.0,,-3.4071655679964103,-0.8161652341397139,25.892342300254782,13.318871634010037,819,Neutral,0.08297216444592492
WIPRO.NS,1,0.5414482274803908,2025-09-01,180,0.4869596228989642,23.0,,-16.196828958966904,-17.38536692463911,34.13429774979946,13.888901503626244,820,Neutral,0.08289645496078157
MPSLTD.NS,1,0.541436558792692,2025-09-01,180,0.1901840490797546,39.0,,-17.42016922270224,-29.091684427610687,55.23786699082128,37.72404784911521,821,Neutral,0.08287311758538407
MASFIN.NS,1,0.541348464798021,2025-09-01,180,3.5100502512562812,,,1.4577310405757382,5.449672870208603,34.33285555999848,44.27824516569636,822,Neutral,0.08269692959604202
GLOBALVECT.NS,1,0.5412785529631423,2025-09-01,180,188.8,7.0,,-3.9715225543405808,-18.30104458962245,61.19241562038484,18.599485815693342,823,Neutral,0.08255710592628462
ALIVUS.NS,1,0.5411247661877499,2025-09-01,180,0.20623342175066314,25.0,,-3.000001298620346,1.221136783865958,30.088740611435817,42.28537603337531,824,Neutral,0.0822495323754997
KMEW.NS,1,0.5410547416905284,2025-09-01,180,1.0710900473933649,24.0,,-12.90815202115699,15.424072210033613,51.3066719389454,28.26400960979396,825,Neutral,0.08210948338105672
IFBIND.NS,1,0.5409094943419231,2025-09-01,180,1.5974304068522485,20.0,,-0.07284428594705464,-34.340412802871676,64.43284294372005,31.068621514130186,826,Neutral,0.0818189886838463
KANANIIND.NS,1,0.5408834925806111,2025-09-01,180,0.31889157686386627,0.1,,-1.9480501384995235,-12.716764519346771,31.43020862081905,20.588241481448236,827,Neutral,0.08176698516122216
CORALFINAC.NS,1,0.5408438078844992,2025-09-01,180,0.07009345794392523,10.0,,-2.84565005005488,-14.947162029499491,27.36504761392154,44.300520566965865,828,Neutral,0.0816876157689983
SAMBHAAV.NS,1,0.5408394648481641,2025-09-01,180,0.16061803808839395,3.33,,-5.056885287565968,-21.689258504805764,35.18165561150733,43.40425359225941,829,Neutral,0.08167892969632828
NAHARCAP.NS,1,0.5407673695435246,2025-09-01,180,0.03329864724245578,4.0,,-0.2591952864120035,-11.930599037879535,38.10924334551599,35.34807775812014,830,Neutral,0.08153473908704911
AWL.NS,1,0.5407152779907473,2025-09-01,180,1.4389052802930105,21.0,,-9.361069032360364,-26.988414631847252,17.477953335247108,9.151278838980303,831,Neutral,0.08143055598149451
FEDERALBNK.NS,1,0.5405883000244243,2025-09-01,180,9.157462345960749,,,4.259387948549232,16.256975222099022,34.217134236462,68.69687528096881,832,Neutral,0.08117660004884852
SUPRAJIT.NS,1,0.5405219420764967,2025-09-01,180,0.4630969609261939,20.0,,4.713842029333904,-7.687205659545255,46.3929586700546,45.033614467420904,833,Neutral,0.08104388415299346
KOTARISUG.NS,1,0.5404085861565013,2025-09-01,180,0.48056537102473496,3.0,,4.446306456199068,-14.784393553527012,34.29268985027217,35.05842726253198,834,Neutral,0.08081717231300267
RANASUG.NS,1,0.5404085861565013,2025-09-01,180,1.0071556350626119,8.0,,3.4482838305534864,-16.099767456277313,28.11131192358691,43.50650758077271,835,Neutral,0.08081717231300267
KAMATHOTEL.NS,1,0.5403919028671601,2025-09-01,180,0.5813953488372093,19.0,,-13.930507079473548,-22.807090040816316,45.161775082397256,40.66486887242725,836,Neutral,0.0807838057343202
WOCKPHARMA.NS,1,0.5403352117041488,2025-09-01,180,1.0589050589050588,4.0,,-0.714436619279617,10.275305620571862,29.4290936615758,39.07844245471041,837,Neutral,0.08067042340829755
CAMPUS.NS,1,0.5403136569386163,2025-09-01,180,0.929471032745592,20.0,,4.8474993307521705,-5.926062510044862,32.590848998641945,29.34778522371853,838,Neutral,0.08062731387723265
HEUBACHIND.NS,1,0.5402450197941384,2025-09-01,180,0.3435251798561151,15.0,,-9.581467354906748,-24.613188938605116,60.62924471797728,28.67746052586601,839,Neutral,0.08049003958827683
SHAREINDIA.NS,1,0.5401624912728169,2025-09-01,180,0.799047619047619,19.0,,-7.202961248490326,-22.61561316111969,43.596933812410796,12.339758324350868,840,Neutral,0.0803249825456338
INDIASHLTR.NS,1,0.5401120334536053,2025-09-01,180,1.9447305183659458,,,-5.5255052891630845,-15.69449913324535,31.800391643792192,43.1526688063919,841,Neutral,0.08022406690721051
STEELXIND.NS,1,0.540111115911646,2025-09-01,180,0.8428761651131824,10.0,,3.1094527510716676,-5.902388569764629,27.922696374590465,60.83334459199025,842,Neutral,0.08022223182329191
MUKTAARTS.NS,1,0.5400881956250346,2025-09-01,180,0.590044883756115,5.97,,0.12738797789322223,-14.325756132146527,61.35181800278481,36.53238184830276,843,Neutral,0.08017639125006926
BANSALWIRE.NS,1,0.5400326912391971,2025-09-01,180,0.6016064257028112,15.0,,-2.9210663921194353,-16.118214762629794,42.29977685225152,31.653504859744103,844,Neutral,0.08006538247839412
APTUS.NS,1,0.539814279253893,2025-09-01,180,1.2435515873015872,14.0,,-9.562634900030607,-12.576139496929054,36.973802475448565,29.693149743189736,845,Neutral,0.07962855850778605
AETHER.NS,1,0.5397767100395526,2025-09-01,180,0.18996105581999134,10.0,,-1.883318773189611,9.279521459889668,26.57401377583502,36.57656934410923,846,Neutral,0.07955342007910526
EMAMILTD.NS,1,0.5396471515952603,2025-09-01,180,0.1333758774728781,34.0,,-2.541523668201556,-11.754611022863324,20.47987345819359,15.817664538706907,847,Neutral,0.07929430319052067
VMART.NS,1,0.5395493714537497,2025-09-01,180,2.1076923076923078,8.0,,-9.146091562048438,-29.24040496803463,45.48284535021156,23.590959465082463,848,Neutral,0.07909874290749941
ORIENTLTD.NS,1,0.5394871442491878,2025-09-01,180,1.5,2.0,,5.548330154418898,-21.70186609376374,45.73554945325056,57.389038134619156,849,Neutral,0.07897428849837551
SANDESH.NS,1,0.5393951258626104,2025-09-01,180,0.06236711552090716,8.0,,-2.5501618544696742,-11.228160806152097,23.31068682913875,17.4273528949941,850,Neutral,0.0787902517252208
GNA.NS,1,0.5393752879055972,2025-09-01,180,0.535031847133758,14.0,,16.826992089935512,32.55298700082497,59.20057292026559,34.89254611105389,851,Neutral,0.07875057581119438
CONCOR.NS,1,0.5393735908498868,2025-09-01,180,0.15752726131638817,14.0,,-0.3236551223515416,-2.400040238338844,23.402174493636394,30.33958369126543,852,Neutral,0.07874718169977357
JINDWORLD.NS,1,0.5393504922814379,2025-09-01,180,0.9121287128712872,10.0,,-0.7639747794374173,-26.394270194801,58.37830777834648,20.972238558299665,853,Neutral,0.07870098456287589
ZODIACLOTH.NS,1,0.5390669862051122,2025-09-01,180,1.0251572327044025,-8.0,,-0.6663387332512715,-9.76347850449498,38.1865848070078,19.689927248704635,854,Neutral,0.07813397241022435
SCHAND.NS,1,0.5390669862051122,2025-09-01,180,0.1674698795180723,4.0,,-4.1805550066514385,-9.83198992977653,25.729012386733647,23.779354524629028,855,Neutral,0.07813397241022435
SOMANYCERA.NS,1,0.5388892080813077,2025-09-01,180,0.8024096385542169,13.0,,1.2216143979097418,-4.20413412509634,32.23528188947596,55.83815175733559,856,Neutral,0.07777841616261538
DYCL.NS,1,0.5387471842360576,2025-09-01,180,0.48048780487804876,26.0,,-1.3157874415633155,-11.444138416578353,53.473704490627036,31.94870215528202,857,Neutral,0.07749436847211522
JHS.NS,1,0.5387020329558477,2025-09-01,180,0.1910370583165757,-5.17,,-6.4960615878377235,-11.380599222381809,58.98093224842701,22.302156299002306,858,Neutral,0.07740406591169546
IOB.NS,1,0.5386032199007328,2025-09-01,180,11.414944310483408,,,4.681220799543902,-6.032482849597475,22.498044578333378,60.04730946577098,859,Neutral,0.07720643980146558
MACPOWER.NS,1,0.5385642147825447,2025-09-01,180,0.632258064516129,27.0,,19.564437660638646,3.3328120396499696,43.379034949849895,74.13338228505255,860,Neutral,0.07712842956508936
AAATECH.NS,1,0.5385307010049419,2025-09-01,180,0.11107512953367873,16.02,,2.0473415639565844,13.445098980107414,49.40105040117308,51.22336211466408,861,Neutral,0.07706140200988387
WINDLAS.NS,1,0.5383190402241392,2025-09-01,180,0.5214953271028038,17.0,,-8.307022393245186,-3.649818335503628,40.685860375431155,14.074066538869602,862,Neutral,0.07663808044827847
SHANTIGEAR.NS,1,0.5383166529215336,2025-09-01,180,0.2175925925925926,35.0,,-0.629209852457839,-4.414785352404479,48.78928497961825,45.967749874484404,863,Neutral,0.07663330584306727
BAJAJHCARE.NS,1,0.5382156925856537,2025-09-01,180,0.7227926078028748,11.0,,-8.557560638977982,-23.771537844548,41.473801377616745,6.481489092796011,864,Neutral,0.07643138517130743
ASKAUTOLTD.NS,1,0.5381461726828631,2025-09-01,180,0.49162995594713654,29.0,,-5.912335571819,-16.006065499794616,26.910344506570038,21.00777038679712,865,Neutral,0.07629234536572627
PAISALO.NS,1,0.53813926861581,2025-09-01,180,2.3179611650485437,,,6.9152229940695555,-5.122727300947965,31.23776088244489,51.882849863080466,866,Neutral,0.07627853723161993
NILAINFRA.NS,1,0.5381143578984453,2025-09-01,180,3.943589743589744,17.0,,-1.3447506876248054,-19.38062427271617,29.083708678066035,38.96104056952901,867,Neutral,0.07622871579689061
SRD.NS,1,0.5380880385559317,2025-09-01,180,0.1810344827586207,14.0,,-20.65840250044341,-35.45960472689592,58.76700355323878,10.928633859317955,868,Neutral,0.07617607711186336
IVC.NS,1,0.5380706730243622,2025-09-01,180,0.02727272727272727,-2.0,,-4.805193437977417,-9.394316619867075,19.086730659061615,26.08694300083083,869,Neutral,0.07614134604872436
TORNTPHARM.NS,1,0.5379480515137178,2025-09-01,180,0.5759905381431106,28.0,,11.01529240813647,17.266360967494602,22.942788384114134,79.14178234961217,870,Neutral,0.07589610302743566
POCL.NS,1,0.5378935945377705,2025-09-01,180,0.11366906474820145,17.0,,-8.261283637984702,-10.955710955710956,52.158807857540545,22.632705392913294,871,Neutral,0.07578718907554105
GVPTECH.NS,1,0.5378157045636552,2025-09-01,180,0.3953488372093023,-1.0,,-8.877282531126387,-22.616411698009635,59.12669528288785,32.23682693579117,872,Neutral,0.07563140912731048
GLENMARK.NS,1,0.5376766252792812,2025-09-01,180,0.18568027068799867,10.0,,7.60978935554977,9.788305661260207,26.499669078562555,75.2724720799041,873,Neutral,0.07535325055856235
SECMARK.NS,1,0.5375833125531542,2025-09-01,180,0.635880077369439,22.26,,20.759322974966178,10.909718041654413,94.27903999801478,63.43126736877903,874,Neutral,0.07516662510630834
OSWALSEEDS.NS,1,0.5375831638640087,2025-09-01,180,0.9583333333333334,9.0,,-1.4328848474962597,-5.426917630692028,32.16635909895211,26.388897473913048,875,Neutral,0.07516632772801746
CIEINDIA.NS,1,0.5374744816570542,2025-09-01,180,0.1844954525768731,5.0,,15.374268096931834,14.408731084653578,30.59933208183525,68.64626530441993,876,Neutral,0.0749489633141085
BIRLACORPN.NS,1,0.53731855927563,2025-09-01,180,0.47297065385275444,4.0,,-4.083586807886922,-10.804070954427013,26.519105259018122,22.170060892008863,877,Neutral,0.07463711855125998
SPANDANA.NS,1,0.5371418860544535,2025-09-01,180,1.4137779727950857,,,2.1388228355472636,-4.490563734522405,34.159476826730206,44.01546733090449,878,Neutral,0.07428377210890691
ABBOTINDIA.NS,1,0.5370774510439514,2025-09-01,180,0.4195961106955871,46.0,,-0.39421813403416556,-11.787198669991687,19.21371834556427,30.208333333333343,879,Neutral,0.07415490208790287
HIKAL.NS,1,0.5368220074366187,2025-09-01,180,0.9673366834170855,10.0,,3.061356337029046,-11.020200390625243,51.96401533402826,61.57705902368069,880,Neutral,0.07364401487323735
SAFARI.NS,1,0.536686059240654,2025-09-01,180,0.33884297520661155,16.0,,-7.522901688048862,-26.527947368389533,47.31105836975302,23.718304260530445,881,Neutral,0.07337211848130809
SHREDIGCEM.NS,1,0.5366725846930472,2025-09-01,180,0.8547945205479452,9.0,,-5.7530502569046025,-22.907879843723578,48.56190142033155,43.32725912195217,882,Neutral,0.07334516938609448
HARIOMPIPE.NS,1,0.536628126320299,2025-09-01,180,0.8892561983471075,14.0,,-12.603839811177822,7.331300192099286,35.207315585796536,34.618619571167656,883,Neutral,0.07325625264059799
JAICORPLTD.NS,1,0.5365129174929008,2025-09-01,180,0.02459016393442623,5.0,,-2.5211570423130087,-22.60096198620803,42.72911754752557,23.804626200649665,884,Neutral,0.07302583498580151
GANDHAR.NS,1,0.5364291445376599,2025-09-01,180,0.4474327628361858,11.0,,-5.720043267554753,7.944238627185722,40.687556465908095,14.337395212287646,885,Neutral,0.07285828907531977
RAJTV.NS,1,0.5363754420992791,2025-09-01,180,0.39516324062877856,-12.7,,0.0,-5.902109084598965,31.051171054549098,40.286978273473565,886,Neutral,0.07275088419855824
SANWARIA.NS,1,0.5363516827975938,2025-09-01,180,-1.6013107222484968,-1.13,,-15.384612739438744,-21.428572188834753,53.06397784596266,7.692300638503326,887,Neutral,0.07270336559518764
NGIL.NS,1,0.536291433922571,2025-09-01,180,0.5647951441578148,-8.11,,-2.0144385786968364,-7.065605986461949,32.62622058048525,42.14047910815178,888,Neutral,0.0725828678451419
INVENTURE.NS,1,0.5362141398158198,2025-09-01,180,0.35200635677393716,1.65,,-0.9174302896359119,-14.96062526493561,34.23530944874046,29.411764705882362,889,Neutral,0.07242827963163956
TNPL.NS,1,0.5362067756965025,2025-09-01,180,1.9560173997100048,6.0,,1.5748109143304312,-5.015282636832252,35.33976749263516,36.94410625643341,890,Neutral,0.0724135513930051
ALPHAGEO.NS,1,0.5361183159430364,2025-09-01,180,0.10300429184549356,-6.0,,-6.465777220542286,-15.219135342587123,39.67703403036012,25.846026937830757,891,Neutral,0.07223663188607277
BODALCHEM.NS,1,0.5361183159430364,2025-09-01,180,1.016295025728988,5.0,,-1.8223768663469642,-13.41215960275845,43.17744026166447,20.49999237060547,892,Neutral,0.07223663188607277
VINYLINDIA.NS,1,0.5359976381860538,2025-09-01,180,0.7107438016528925,21.0,,-1.5525317101187888,-17.528487469686272,30.22250545647068,24.438249686464445,893,Neutral,0.07199527637210767
BCONCEPTS.NS,1,0.5359964069594017,2025-09-01,180,3.2467532467532467,11.0,,-10.505769690688775,-23.91369989727713,62.553560429341346,29.399133152076033,894,Neutral,0.0719928139188033
HARSHA.NS,1,0.5359218604336344,2025-09-01,180,0.15730337078651685,13.0,,0.027060653034022903,-5.024419944456597,38.31276495075802,38.81215003852632,895,Neutral,0.07184372086726887
SHREEPUSHK.NS,1,0.5358379845188808,2025-09-01,180,0.47391304347826085,9.0,,-0.9819183342728968,-20.70644307119577,53.26349722493896,28.787865710243125,896,Neutral,0.07167596903776152
GUJALKALI.NS,1,0.5358201348152607,2025-09-01,180,0.4438466711499664,1.0,,6.164611879653015,-9.889692486834887,33.04178497327848,51.98456826366385,897,Neutral,0.07164026963052139
ORBTEXP.NS,1,0.5358025117825526,2025-09-01,180,0.19272727272727272,18.0,,-0.08232836644279633,-17.66330531131708,47.89671486461841,21.869128813795314,898,Neutral,0.07160502356510512
PRAENG.NS,1,0.5358025117825526,2025-09-01,180,0.39801980198019804,-3.0,,-2.9018847873521434,-33.39652392487156,49.162093352283286,34.3103557137558,899,Neutral,0.07160502356510512
THOMASCOTT.NS,1,0.5356180059116696,2025-09-01,180,0.4094488188976378,20.0,,-3.415998161424142,-10.803802748656931,47.10423488945561,25.38632030665795,900,Neutral,0.07123601182333927
MFSL.NS,1,0.5355680977993837,2025-09-01,180,0.0020780762950868338,0.0,,14.410096177543375,6.538984220936296,26.04378538583848,60.25904366613648,901,Neutral,0.0711361955987675
BATAINDIA.NS,1,0.5355159618333968,2025-09-01,180,1.4303630363036304,15.0,,-7.821719872916813,-21.036830428248475,25.783427919699793,24.228459979980983,902,Neutral,0.07103192366679356
RELAXO.NS,1,0.5355159618333968,2025-09-01,180,0.36018957345971564,11.0,,-6.298787051543574,-14.941965521437844,32.30931748835443,32.467541550778336,903,Neutral,0.07103192366679356
MANOMAY.NS,1,0.5354574998218867,2025-09-01,180,3.107594936708861,13.0,,-0.5518739061331516,-11.75309386538363,23.985314375811548,53.653682770188794,904,Neutral,0.07091499964377346
ATLANTAA.NS,1,0.5353624250331063,2025-09-01,180,0.03470031545741325,13.0,,-9.347048727808732,-5.983297959800415,44.2353012252891,27.28349301837075,905,Neutral,0.07072485006621254
AEGISLOG.NS,1,0.5353513686774131,2025-09-01,180,0.3987640857869866,24.0,,-1.2266840449022596,-9.4978307927694,38.466108102862684,37.37847369510739,906,Neutral,0.07070273735482613
INDOTHAI.NS,1,0.5353437681067339,2025-09-01,180,0.2916666666666667,10.0,,6.928270030614876,-38.41082846297454,39.53613542461268,58.49406656248886,907,Neutral,0.0706875362134678
ONELIFECAP.NS,1,0.53533679884861,2025-09-01,180,0.26103872602243944,0.65,,-1.8785233921018452,24.167989052241932,49.405034947770204,67.20157849440494,908,Neutral,0.07067359769721993
MOTOGENFIN.NS,1,0.5352701018868354,2025-09-01,180,1.242941478439425,1.74,,-6.287020592934277,-14.576412956822079,43.25228899358501,41.30433395848484,909,Neutral,0.07054020377367087
MITCON.NS,1,0.5352701018868354,2025-09-01,180,0.2450879671246949,7.37,,-0.17064586471833276,-17.13880840742005,41.43498201833479,39.10828926184901,910,Neutral,0.07054020377367087
SANOFI.NS,1,0.5351121940515625,2025-09-01,180,0.5843989769820972,49.0,,-2.5366848544418885,-9.032296151978834,20.096596057848004,46.55288285106102,911,Neutral,0.07022438810312503
ACI.NS,1,0.5349776957335275,2025-09-01,180,0.19493278179937953,16.0,,2.154259647883422,9.983783767409031,34.73683606744037,51.82700421556839,912,Neutral,0.06995539146705498
KANORICHEM.NS,1,0.5349574951148114,2025-09-01,180,0.7014925373134329,4.0,,1.151289711139299,-8.881798147176003,43.45240383003278,25.265831077995927,913,Neutral,0.06991499022962278
VENTIVE.NS,1,0.5348745212377498,2025-09-01,180,0.23451423603564442,10.0,,-6.739161036612735,-4.593835210532095,20.545631218029495,12.110235160693875,914,Neutral,0.06974904247549962
STEELCAS.NS,1,0.5348330158657689,2025-09-01,180,0.14166666666666666,33.0,,23.682018194433127,6.550763015207537,74.23084154571544,48.74371859296483,915,Neutral,0.06966603173153785
ARCHIDPLY.NS,1,0.5348072976558864,2025-09-01,180,1.376,10.0,,-9.968846638045402,-11.047601315707814,46.134342618267105,6.731443262944552,916,Neutral,0.06961459531177283
LINCOLN.NS,1,0.5347599428586585,2025-09-01,180,0.19273743016759776,17.0,,42.06437875982117,22.355790168292536,66.40257788496402,74.90467064782509,917,Neutral,0.06951988571731693
JYOTHYLAB.NS,1,0.534608943329569,2025-09-01,180,0.4756606397774687,37.0,,3.6646244228495655,-15.527406423775009,24.022171218486154,53.59786301593327,918,Neutral,0.06921788665913797
COMPUSOFT.NS,1,0.5345445820447625,2025-09-01,180,0.4663625997719498,3.86,,-0.48951501793607943,-16.977829352605344,38.75510857604327,45.90746231881451,919,Neutral,0.06908916408952503
KOKUYOCMLN.NS,1,0.5345445820447625,2025-09-01,180,0.38509316770186336,4.0,,-0.0485742759787837,-13.748300015325945,39.567723581060044,45.31415991579232,920,Neutral,0.06908916408952503
JISLJALEQS.NS,1,0.5345445820447625,2025-09-01,180,0.6709451575262544,4.0,,-1.0967468765021846,-22.8220355398864,44.21205563298909,35.286445010247036,921,Neutral,0.06908916408952503
FOCUS.NS,1,0.5344486834955894,2025-09-01,180,0.44537815126050423,16.0,,-4.739682097804232,-12.627076206076513,48.58805710393395,43.41563807542329,922,Neutral,0.06889736699117877
GHCLTEXTIL.NS,1,0.5342552201303501,2025-09-01,180,0.16963064295485636,5.0,,-2.214252896909426,-2.289296405724924,50.23235211043622,32.763661397611045,923,Neutral,0.06851044026070019
PANAMAPET.NS,1,0.534226389866695,2025-09-01,180,0.19222903885480572,19.0,,-1.7289493190731782,-4.627116575079449,29.212170848132512,29.290446951090857,924,Neutral,0.06845277973339003
GALAPREC.NS,1,0.5342082832214481,2025-09-01,180,0.2647058823529412,17.0,,6.172582732083522,0.32776083037207354,57.55244560092825,34.671826236051984,925,Neutral,0.06841656644289618
TBZ.NS,1,0.5341802258668819,2025-09-01,180,1.9105113636363635,12.0,,-8.11621696062279,-16.15257536327167,43.58082332330267,11.734849523169487,926,Neutral,0.0683604517337637
RALLIS.NS,1,0.5341570504063028,2025-09-01,180,0.621832358674464,10.0,,0.91324200913242,4.779065577548507,59.09634648330363,48.7087128478407,927,Neutral,0.06831410081260558
LGBBROSLTD.NS,1,0.5340523971841461,2025-09-01,180,0.3411644535240041,20.0,,16.00167228772654,-0.693345683708259,53.22605868937321,60.020293439418,928,Neutral,0.0681047943682922
BLUESTARCO.NS,1,0.534045324871764,2025-09-01,180,1.6152227288670642,23.0,,12.046173227813853,9.958078867488439,26.951059875976874,50.859941034328656,929,Neutral,0.06809064974352808
SIGACHI.NS,1,0.5340304978593641,2025-09-01,180,0.5833333333333334,13.0,,1.5593631105518695,-47.13275396680084,75.46661761612583,12.614992310453175,930,Neutral,0.06806099571872815
PRUDENT.NS,1,0.5339681931743138,2025-09-01,180,0.3967479674796748,45.0,,2.036469923740773,-4.9854460319596,40.323040376266476,33.69641333912462,931,Neutral,0.06793638634862753
SAMPANN.NS,1,0.5338824498677556,2025-09-01,180,2.4,-2.0,,-4.410358030480028,-11.377778229890048,42.63014340127304,28.527130774312482,932,Neutral,0.06776489973551114
VARDHACRLC.NS,1,0.5338419624281504,2025-09-01,180,0.47391304347826085,7.0,,-4.01439868720337,-11.533556050403064,35.7882789144787,32.98576773284225,933,Neutral,0.06768392485630081
KOTHARIPET.NS,1,0.5338288108819602,2025-09-01,180,0.21726190476190477,30.0,,-1.0106203182482032,-16.98627782964624,26.07873044379082,29.743316828521685,934,Neutral,0.06765762176392043
LICHSGFIN.NS,1,0.5337853504237984,2025-09-01,180,7.304070584560929,,,2.889117933719782,-2.067014403675048,28.10868892643048,59.425103527059825,935,Neutral,0.06757070084759675
URJA.NS,1,0.5336600629032505,2025-09-01,180,0.6422483766233765,1.43,,-6.085187106361482,-24.098357593010412,40.031294425391884,15.723227813252365,936,Neutral,0.06732012580650104
KANSAINER.NS,1,0.5336365785310335,2025-09-01,180,0.2642623970153894,14.0,,-9.719636163641749,-14.032865213640777,22.26729201071558,34.82618374315024,937,Neutral,0.06727315706206705
RAJMET.NS,1,0.5335706979839512,2025-09-01,180,1.0727272727272728,8.0,,-6.585365541629455,-4.726369605023444,22.898347138374167,28.57141466946412,938,Neutral,0.06714139596790236
COMSYN.NS,1,0.5335511859881485,2025-09-01,180,0.9177215189873418,11.0,,-6.407160267825686,7.602503756376827,63.29367620586107,38.45222949000809,939,Neutral,0.06710237197629709
ALLDIGI.NS,1,0.5335060394240709,2025-09-01,180,0.510989010989011,34.0,,-6.1014385160887326,1.4627112001301799,46.79367759877932,29.212588561078903,940,Neutral,0.06701207884814186
BSOFT.NS,1,0.5334997592212483,2025-09-01,180,0.34525939177101966,24.0,,-4.830443544229233,2.6038909991127266,53.12257742493509,33.14984837339472,941,Neutral,0.06699951844249652
UNICHEMLAB.NS,1,0.533477550129024,2025-09-01,180,0.2674370614940157,7.0,,-6.077046534338278,-25.891037840033537,47.891916149005944,14.707904901847513,942,Neutral,0.06695510025804796
FOODSIN.NS,1,0.533477550129024,2025-09-01,180,1.5781818181818181,12.0,,-3.0272783219544905,-21.81842634350037,57.4588666886229,18.57689508963726,943,Neutral,0.06695510025804796
JUBLINGREA.NS,1,0.533477550129024,2025-09-01,180,0.8318725099601594,13.0,,-5.876241979622732,-17.009448236912597,46.471428467828,18.49688886351774,944,Neutral,0.06695510025804796
CSLFINANCE.NS,1,0.5334412781382774,2025-09-01,180,1.3982758620689655,,,-1.6990246453955262,-8.002793774221962,51.21152967754524,53.82184981648968,945,Neutral,0.0668825562765547
MMP.NS,1,0.5334130646396688,2025-09-01,180,0.8231046931407943,14.0,,-0.0601298449867277,-2.8070163540905213,35.991909319724655,51.16981335453517,946,Neutral,0.06682612927933751
MADRASFERT.NS,1,0.5333475413141266,2025-09-01,180,82.08,11.0,,-10.812954580546185,-13.32219373723125,30.166043043791678,10.035804395700552,947,Neutral,0.0666950826282533
NDGL.NS,1,0.533301492237568,2025-09-01,180,0.05642633228840126,11.0,,0.019308746862328634,-24.536000515582646,39.950678519818354,34.55479239945642,948,Neutral,0.0666029844751359
GRAVITA.NS,1,0.5331650126095081,2025-09-01,180,0.29359953024075164,21.0,,-0.6712250908423663,-11.534034069888248,34.835914270679616,38.59321548798604,949,Neutral,0.06633002521901621
DCW.NS,1,0.5331604752252873,2025-09-01,180,1.0897920604914935,8.0,,5.906808010785877,-22.682694836661828,62.41546782871538,35.02347278277671,950,Neutral,0.06632095045057462
ENGINERSIN.NS,1,0.5330026692367272,2025-09-01,180,1.0085438335809807,24.0,,30.46419862765162,13.225646733153695,63.43332845021432,74.02841428238709,951,Neutral,0.06600533847345447
MOL.NS,1,0.5329353857265677,2025-09-01,180,0.8275058275058275,6.0,,-11.49521472827788,-22.577804533172802,55.00205345032887,36.4423012028041,952,Neutral,0.06587077145313547
SWARAJENG.NS,1,0.5328989053149519,2025-09-01,180,0.7117346938775511,56.0,,3.1797976417886358,-4.370146945430455,23.007402133296843,50.87192594446716,953,Neutral,0.06579781062990375
AJANTPHARM.NS,1,0.5328510067721761,2025-09-01,180,0.21196705426356588,33.0,,11.095031757578832,18.30323468245945,19.378382675531775,68.5081272926688,954,Neutral,0.06570201354435223
TIMKEN.NS,1,0.5328350678812012,2025-09-01,180,0.2218208092485549,21.0,,17.857262696957328,10.194815164729846,33.95085297907361,63.25248250267475,955,Neutral,0.06567013576240233
VPRPL.NS,1,0.5326287168863745,2025-09-01,180,1.5651074589127687,11.0,,0.3861049020117482,-46.28099001131613,58.75670633125826,34.431707532570215,956,Neutral,0.06525743377274895
KIRIINDUS.NS,1,0.5326287168863745,2025-09-01,180,0.5050890585241731,2.0,,-3.891416829808921,-22.918615052694534,48.492888782215445,19.228952455321732,957,Neutral,0.06525743377274895
MITTAL.NS,1,0.5325464634708231,2025-09-01,180,0.1330251669234722,4.27,,1.0101000370632516,-24.242427252759718,28.192215018391416,41.1764705882353,958,Neutral,0.06509292694164626
NATCOPHARM.NS,1,0.5324192852838247,2025-09-01,180,0.19622778382299602,32.0,,21.7632609092978,12.873050448844984,38.27206885554709,83.62191827565616,959,Neutral,0.0648385705676493
AEROFLEX.NS,1,0.5324077648660521,2025-09-01,180,0.28133704735376047,22.0,,29.838614737423008,25.853107076777448,59.877465713987434,73.5888626238578,960,Neutral,0.06481552973210425
INNOVACAP.NS,1,0.5323989423402312,2025-09-01,180,0.7016509433962265,12.0,,-1.0439786643577005,-6.685818250807399,32.27965825920792,31.14531607293047,961,Neutral,0.06479788468046244
POLICYBZR.NS,1,0.5323032206499677,2025-09-01,180,0.010401188707280832,0.0,,-9.944078558317809,-18.084811434533744,45.57651429184245,42.18508437999181,962,Neutral,0.06460644129993542
SRGHFL.NS,1,0.532248431920979,2025-09-01,180,2.5107142857142857,,,-7.002256206481486,-2.000727537286286,27.56836250781316,42.00002848304394,963,Neutral,0.06449686384195807
SHEMAROO.NS,1,0.5320433432620827,2025-09-01,180,1.063660477453581,-10.0,,2.648133801748444,-11.223237116777069,50.77888738125158,40.89805757823,964,Neutral,0.06408668652416538
JKLAKSHMI.NS,1,0.5319009837083387,2025-09-01,180,1.3493975903614457,11.0,,-9.125041324471047,-5.903668608327614,29.46497035834163,44.398332717775546,965,Neutral,0.06380196741667743
VENKEYS.NS,1,0.5318730591323712,2025-09-01,180,0.4527911784975879,11.0,,-11.399646781748695,0.6347073110749462,29.42547298621726,17.75661352196377,966,Neutral,0.0637461182647423
AGSTRA.NS,1,0.5318689774947539,2024-12-01,454,2.3508771929824563,0.0,,-10.256412450927039,-26.470591770913014,27.57998618908884,11.53845095775499,967,Neutral,0.06373795498950785
RADHIKAJWE.NS,1,0.5318666220755256,2025-09-01,180,0.16408668730650156,26.0,,-0.8233578242977931,-17.671183055785313,29.45220251721141,27.264509842540093,968,Neutral,0.0637332441510512
PSB.NS,1,0.531781606801198,2025-09-01,180,11.12718204488778,,,-2.201836262274226,-10.809905063442644,30.234944990889943,39.314523649387866,969,Neutral,0.06356321360239603
JKCEMENT.NS,1,0.5317669469937892,2025-09-01,180,1.703139571028909,15.0,,2.0570191266690725,-1.7714484195901354,33.88540617594587,38.310940499040306,970,Neutral,0.06353389398757847
TIRUMALCHM.NS,1,0.5317600272324486,2025-09-01,180,0.7514831905075807,11.0,,0.6212202966719934,-19.37143960252094,51.190830548756516,29.83959075505159,971,Neutral,0.06352005446489728
WSTCSTPAPR.NS,1,0.5316071011228953,2025-09-01,180,0.2667390517553384,14.0,,6.856777640803231,0.9579691335024768,40.574072783284656,40.45917744539222,972,Neutral,0.06321420224579066
HARDWYN.NS,1,0.5315222554682948,2025-09-01,180,0.16209476309226933,4.0,,9.86093233903641,0.9291512996056042,32.22813958234225,57.14284965717445,973,Neutral,0.06304451093658958
JCHAC.NS,1,0.5315207653674828,2025-09-01,180,1.528301886792453,14.0,,,,,,974,Neutral,0.06304153073496566
RANEENGINE.NS,1,0.5315207653674828,2024-12-01,454,2.1048387096774195,13.0,,,,,,975,Neutral,0.06304153073496566
BASML.NS,1,0.5314607804937351,2025-09-01,180,1.1383647798742138,5.0,,-0.26018849666929444,-23.815834404992845,58.349493168490795,20.3846313262045,976,Neutral,0.06292156098747026
BAGFILMS.NS,1,0.5314448108178694,2025-09-01,180,0.20919134225161587,1.75,,-7.942239354696441,-25.65597951351906,38.1419777904347,22.641499248756176,977,Neutral,0.06288962163573886
WCIL.NS,1,0.5313769644163163,2025-09-01,180,0.3612750885478158,13.0,,6.405130993023469,-2.950655659569359,46.62333621557961,35.538743161576974,978,Neutral,0.06275392883263264
UFLEX.NS,1,0.531312044253028,2025-09-01,180,1.6102207438766254,9.0,,4.230232298764419,-3.5442494805320273,36.146170168351205,40.89068713362686,979,Neutral,0.06262408850605605
BIOCON.NS,1,0.5312538116556931,2025-09-01,180,0.2401301382719139,2.0,,6.706816539475279,-2.14635827276103,17.683049047644058,71.5060157150618,980,Neutral,0.06250762331138615
ITCHOTELS.NS,1,0.5312130938456546,2025-09-01,180,0.12263736263736263,10.0,,-1.045414022871889,-16.79977456132514,29.261577022557876,27.41456612799918,981,Neutral,0.062426187691309254
FCSSOFT.NS,1,0.5311941936751048,2025-09-01,180,0.025809809564631702,0.97,,4.635765092330359,-22.167484473723864,44.82799796013809,20.00001362391788,982,Neutral,0.06238838735020957
CREDITACC.NS,1,0.5310837416808978,2025-09-01,180,2.8636236739251815,,,-0.22082404007294953,-5.377311025868116,55.22359013609158,46.22180866844675,983,Neutral,0.06216748336179556
SAURASHCEM.NS,1,0.5310555399923461,2025-09-01,180,0.6547743966421826,2.0,,-8.502019504963792,-28.737631786859424,34.079644302229326,27.054411801226806,984,Neutral,0.06211107998469223
TATASTEEL.NS,1,0.5309650820118957,2025-09-01,180,0.9930501814466142,13.0,,4.947604855902795,26.417000085487736,31.949792386696906,62.737362581538555,985,Neutral,0.06193016402379148
ECOSMOBLTY.NS,1,0.5309285459075459,2025-09-01,180,0.5739130434782609,34.0,,-13.553174358007372,-37.45849180863533,59.748565903585686,11.43567733709233,986,Neutral,0.0618570918150918
BHAGERIA.NS,1,0.5308629200952381,2025-09-01,180,0.3008695652173913,10.0,,-10.78516414520985,-15.02341965572572,38.61413408342009,40.555053911209406,987,Neutral,0.06172584019047611
SBC.NS,1,0.5307513155606021,2025-09-01,180,3.536231884057971,16.0,,11.90559623778951,21.7982716841298,18.265247911582442,86.60717554846923,988,Neutral,0.06150263112120413
PRECAM.NS,1,0.5307478880362547,2025-09-01,180,0.1997677119628339,8.0,,-9.766455083256172,-22.129971512848922,48.96501427304044,25.179653434091364,989,Neutral,0.061495776072509445
ADSL.NS,1,0.5306587290978866,2025-09-01,180,0.5626283367556468,8.0,,-4.621616003906645,-26.487838992839986,46.52190735100537,35.14392064299406,990,Neutral,0.06131745819577317
AURIONPRO.NS,1,0.5304223016838744,2025-09-01,180,0.29329608938547486,12.0,,-2.12554931640625,-19.039805799546684,48.21913088034313,38.97015270998877,991,Neutral,0.06084460336774877
BHARATWIRE.NS,1,0.5302599536899774,2025-09-01,180,0.2574002574002574,13.0,,2.636427468841662,-0.25174654447115385,45.618828638779455,52.840380815867974,992,Neutral,0.06051990737995472
AVL.NS,1,0.5299603625413923,2025-09-01,180,0.8779342723004695,19.0,,-1.2561261886880142,-10.480506779982639,23.824565064995657,41.91514142745451,993,Neutral,0.059920725082784676
ALBERTDAVD.NS,1,0.5298133064504011,2025-09-01,180,0.35279187817258884,6.0,,3.535829435135504,-10.084032381991625,25.603322151896187,59.355398878636215,994,Neutral,0.05962661290080229
BEPL.NS,1,0.5298021932441079,2025-09-01,180,0.12716763005780346,25.0,,1.5192655787077283,-10.498834583318443,26.167422485104748,33.60479867107151,995,Neutral,0.059604386488215866
RML.NS,1,0.5297936423734646,2025-09-01,180,2.43509272467903,14.0,,13.910151322025847,8.653777426373214,40.26637956590495,49.803795714677335,996,Neutral,0.0595872847469292
NAVINFLUOR.NS,1,0.5297844971982621,2025-09-01,180,0.14749348015068095,12.0,,3.0894710825506673,9.093286835222319,40.666906095363075,41.3258826517653,997,Neutral,0.0595689943965243
JPOLYINVST.NS,1,0.5297376952417148,2025-09-01,180,0.05593451568894952,4.0,,18.502163773241122,20.744686363824233,61.41203589479988,66.71089363211401,998,Neutral,0.059475390483429535
FORTIS.NS,1,0.5297193309704201,2025-09-01,180,0.30626702997275207,3.0,,11.920454071126448,2.5622945766168206,27.767170458493002,66.48475650019262,999,Neutral,0.05943866194084024
IONEXCHANG.NS,1,0.5297085243739809,2025-09-01,180,1.2130660727542688,23.0,,1.364140793419622,4.07317414646082,27.91127632602293,37.144849954234225,1000,Neutral,0.05941704874796172
VENUSREM.NS,1,0.5295001969175253,2025-09-01,180,0.2692307692307692,12.0,,-13.960329569537747,-6.5267189497897045,47.899214296093334,42.22361216443993,1001,Neutral,0.05900039383505051
AVANTEL.NS,1,0.5293421549193464,2025-09-01,180,0.1893491124260355,37.0,,-3.61008075105042,-7.239439678575307,56.835723068670454,30.748497000191932,1002,Neutral,0.05868430983869288
WELENT.NS,1,0.5293135741029812,2025-09-01,180,0.5455516014234876,16.0,,3.258089351386447,-7.769853752451855,48.299299838350706,31.86966995602613,1003,Neutral,0.058627148205962376
MEDICO.NS,1,0.5292923919278085,2025-09-01,180,1.044776119402985,21.0,,-9.967651428290246,-14.54615571343696,58.330210144803075,36.027197274164465,1004,Neutral,0.05858478385561705
PALREDTEC.NS,1,0.5292906060521428,2025-09-01,180,0.044328552803129105,5.72,,-4.713116561894636,-23.285413615493265,53.962986003186145,35.42001354023178,1005,Neutral,0.058581212104285685
PLASTIBLEN.NS,1,0.5292275604917097,2025-09-01,180,0.20919540229885059,10.0,,-1.9764900932491776,-13.453597878990475,25.604315307067406,30.607801419222767,1006,Neutral,0.05845512098341943
INDIGOPNTS.NS,1,0.5291487890209546,2025-09-01,180,0.30818767249310025,20.0,,-9.56656378854203,-27.020607644160457,29.846408383805556,14.580497238519925,1007,Neutral,0.05829757804190927
NFL.NS,1,0.528937339609522,2025-09-01,180,4.051398337112623,6.0,,-6.15365909987034,-9.11014461949213,30.711174356319233,35.567018997077454,1008,Neutral,0.0578746792190441
V2RETAIL.NS,1,0.5289234274680263,2025-09-01,180,5.115384615384615,17.0,,4.463067112198795,-18.597440141051052,46.692559539269006,51.78281373756133,1009,Neutral,0.05784685493605268
INOXGREEN.NS,1,0.5287780494481397,2025-09-01,180,0.17288135593220338,4.0,,3.178568323272208,-22.599544568792908,59.92464215152861,31.422695763914888,1010,Neutral,0.05755609889627933
BIKAJI.NS,1,0.5287323603894559,2025-09-01,180,0.2930474333983106,20.0,,-3.3106023615056817,-11.015826160578584,24.648692406244933,31.88892701697182,1011,Neutral,0.05746472077891185
ZEELEARN.NS,1,0.5286889083221551,2025-09-01,180,5.7727272727272725,28.0,,-7.6923076923076925,-18.588872548607306,40.69337100097353,42.50000894069459,1012,Neutral,0.05737781664431019
LOVABLE.NS,1,0.5286460885623656,2025-09-01,180,0.1640533582962789,-1.74,,1.9452029711579624,-10.240025471189398,46.61122944985351,36.36363032987251,1013,Neutral,0.057292177124731225
ITC.NS,1,0.5285269602792656,2025-09-01,180,0.2535102427644529,37.0,,0.49350741048357055,-20.79843552160738,24.732049202743088,40.534999450558075,1014,Neutral,0.0570539205585312
ASHOKLEY.NS,1,0.5285210425364056,2025-09-01,180,1.0268019776216497,36.0,,8.780793960268333,33.506205807218144,28.766139474488543,57.096960456636424,1015,Neutral,0.05704208507281128
BHAGYANGR.NS,1,0.5283707033677737,2025-09-01,180,0.057482265510640736,0.51,,-18.72255064283329,10.074902304751806,50.317677395533934,30.949488460498685,1016,Neutral,0.056741406735547395
FEDFINA.NS,1,0.528343138000214,2025-09-01,180,3.930627306273063,,,-15.135212100720866,-10.827200861545615,55.53527914861377,18.878988942298832,1017,Neutral,0.05668627600042808
YATHARTH.NS,1,0.5283257436781597,2025-09-01,180,0.03560076287349015,10.0,,28.147005987000846,0.2472449887229829,36.290857998722245,65.52598545882873,1018,Neutral,0.05665148735631931
SJS.NS,1,0.5282626340903752,2025-09-01,180,0.18502202643171806,19.0,,8.449400816515439,3.8109832172941607,42.6919289524606,42.8181754876777,1019,Neutral,0.05652526818075043
RADIANTCMS.NS,1,0.5281489499057223,2025-09-01,180,0.575187969924812,26.0,,-19.402984824689295,-30.93849447948644,47.53095625049332,24.35896432689347,1020,Neutral,0.05629789981144451
LPDC.NS,1,0.5280690567356275,2025-09-01,180,0.08642284569138266,-8.51,,-5.736432503883081,-21.038960073866413,37.94277584315932,33.73493941295021,1021,Neutral,0.05613811347125508
BEARDSELL.NS,1,0.5280447443155506,2025-09-01,180,0.9534883720930233,15.0,,-6.3076390753320375,-16.088539033980545,36.35953248992728,7.203391200336199,1022,Neutral,0.05608948863110119
TIPSMUSIC.NS,1,0.5280037775920539,2025-09-01,180,0.43410852713178294,109.0,,1.724630030079847,-1.51929086766026,32.61360038380783,35.50889035727458,1023,Neutral,0.056007555184107716
MRPL.NS,1,0.5279952919202899,2025-09-01,180,1.6734125789948842,4.0,,11.13936429474454,24.414777257974517,49.708005493058685,53.141354773406874,1024,Neutral,0.055990583840579866
IIFL.NS,1,0.5279889357156051,2025-09-01,180,4.795408311537344,,,-9.120876885159111,-13.621651417515984,52.63729776704874,37.22024642685375,1025,Neutral,0.05597787143121025
RBLBANK.NS,1,0.5279399775501152,2025-09-01,180,8.70920554854981,,,7.950704531540771,2.352754880639048,34.208059899559764,59.02022846907495,1026,Neutral,0.05587995510023047
HCC.NS,1,0.5279271685976109,2025-09-01,180,3.4839357429718874,31.0,,-11.145196138535532,-13.862803250859423,46.626391593110185,17.922081139058022,1027,Neutral,0.055854337195221815
SANGAMIND.NS,1,0.5278879993306915,2025-09-01,180,2.0049019607843137,7.0,,3.3296433170284843,3.788886176215278,40.642666953427984,33.00898531868003,1028,Neutral,0.05577599866138305
NRAIL.NS,1,0.527884296034366,2025-09-01,180,1.376590330788804,6.0,,3.507195713048584,-3.1959655197571477,42.920760654530824,57.374824286533126,1029,Neutral,0.05576859206873208
IDEAFORGE.NS,1,0.5278607008541725,2025-09-01,180,0.20408163265306123,-8.0,,-3.5722596845752053,-10.866516767082352,49.21808280944694,39.40248861009825,1030,Neutral,0.05572140170834494
SBIN.NS,1,0.5278519825876605,2025-09-01,180,12.487786140188666,,,12.70868563172134,22.74769674891471,32.0010631723604,67.75009958547545,1031,Neutral,0.05570396517532106
MANGCHEFER.NS,1,0.5276400242067669,2025-06-01,272,1.1906103286384977,15.0,,,,,,1032,Neutral,0.055280048413533844
RACLGEAR.NS,1,0.5275609257551835,2025-09-01,180,0.9785932721712538,13.0,,39.1454588466071,31.698236903152495,87.10678736200641,66.3099914894395,1033,Neutral,0.05512185151036708
PYRAMID.NS,1,0.5275046545912749,2025-09-01,180,0.8625954198473282,14.0,,-0.8020613886245267,-10.94703557901088,31.897237372948233,27.433117724201267,1034,Neutral,0.05500930918254987
STOVEKRAFT.NS,1,0.5273857174482431,2025-09-01,180,1.3137651821862348,11.0,,-0.010261218441744765,-21.056045574496597,53.842884680335935,26.943467255738696,1035,Neutral,0.05477143489648628
SJVN.NS,1,0.5273682483701126,2025-09-01,180,0.8498478187352047,8.0,,2.4096609827496818,-4.745600018787796,36.63839053137059,52.256880538827616,1036,Neutral,0.05473649674022529
WEL.NS,1,0.5273179055300602,2025-09-01,180,2.03,18.0,,1.1098201198617972,-20.511867358088544,34.10150047110496,35.15658276934013,1037,Neutral,0.05463581106012039
BAJEL.NS,1,0.5272624331496498,2025-09-01,180,2.643809523809524,13.0,,5.114856968834118,-9.130285907448608,47.20469280513868,34.775426696834856,1038,Neutral,0.054524866299299646
DELTACORP.NS,1,0.5271016734573669,2025-09-01,180,0.08790212958767558,9.0,,-3.542191410241081,-10.659085999004551,30.702144273508132,21.962978069000357,1039,Neutral,0.05420334691473383
BTML.NS,1,0.5270528141979436,2025-09-01,180,0.5194871143836487,23.07,,-7.7905509509338815,-14.454974536103524,56.592434937874856,36.33218073008179,1040,Neutral,0.05410562839588717
OPTIEMUS.NS,1,0.5270485255859144,2025-09-01,180,0.01238390092879257,7.0,,3.3853810850640222,-27.186345824150226,54.471000826877884,39.412666443405705,1041,Neutral,0.054097051171828836
SMSPHARMA.NS,1,0.5270069397268883,2025-09-01,180,0.7171052631578947,12.0,,24.619865610106206,20.67669093859332,49.4178639221446,75.49019607843138,1042,Neutral,0.05401387945377656
CASTROLIND.NS,1,0.5269792715893039,2025-09-01,180,0.7987905442550852,55.0,,1.2678096359286308,-2.777631385118661,12.698557400675403,39.34265778903102,1043,Neutral,0.05395854317860782
PTCIL.NS,1,0.5269651297195348,2025-09-01,180,0.08982925018559762,5.0,,-2.3465998802199595,-0.5599600820535565,27.067648434916485,41.57183499288762,1044,Neutral,0.053930259439069594
INDBANK.NS,1,0.5269564049913014,2025-09-01,180,0.2221640853913772,13.44,,-2.340304188499822,-3.193226496821016,31.77306041416148,44.25675980447118,1045,Neutral,0.05391280998260273
SHAHALLOYS.NS,1,0.5268810604995651,2025-09-01,180,2.7027027027027026,-21.0,,0.3810975698400723,-7.708479492112211,44.53031272378714,49.8605266840146,1046,Neutral,0.053762120999130136
AZAD.NS,1,0.5268611594790217,2025-09-01,180,0.31195138419986496,12.0,,20.089722451328676,1.9397819861666716,43.87846642290878,69.10461982984508,1047,Neutral,0.05372231895804336
INCREDIBLE.NS,1,0.5267898667837623,2025-09-01,180,0.2847682119205298,10.0,,-5.331532286946581,-13.58695667538575,42.76697049044573,39.241917265734244,1048,Neutral,0.053579733567524546
IFCI.NS,1,0.5267351178184646,2025-09-01,180,3.062571103526735,15.0,,6.4796690795941,17.746370552093946,49.99126596337283,31.612375624585084,1049,Neutral,0.05347023563692921
NRBBEARING.NS,1,0.5266917482737414,2025-09-01,180,0.22444444444444445,14.0,,7.946379061351,-6.186598103550459,35.180324184994696,41.907407173408984,1050,Neutral,0.05338349654748287
INSPIRISYS.NS,1,0.5266796466857714,2025-09-01,180,0.9865771812080537,18.0,,5.098939915255093,-10.252954057139783,51.80841646171941,25.494607453791502,1051,Neutral,0.05335929337154277
HAPPYFORGE.NS,1,0.5266435067445497,2025-09-01,180,0.1739795918367347,19.0,,29.54831968643759,28.648597857487523,45.65515228300957,80.9566785669409,1052,Neutral,0.05328701348909948
PUNJABCHEM.NS,1,0.5266391264129151,2025-09-01,180,0.7416267942583732,15.0,,1.2662496697062395,-13.838536968991455,52.49258669808414,52.63157648514759,1053,Neutral,0.05327825282583021
GPPL.NS,1,0.526595204404299,2025-09-01,180,0.24149034038638453,25.0,,7.135501266343653,-1.0351421726049754,39.20324817054169,46.235316975549054,1054,Neutral,0.05319040880859793
VHLTD.NS,1,0.5263938118921414,2025-09-01,180,0.2682926829268293,10.0,,10.170132705614567,12.911895877841554,34.613508890153334,65.26756241077028,1055,Neutral,0.05278762378428281
SREEL.NS,1,0.5263523153197909,2025-09-01,180,0.06818181818181818,7.0,,-4.904848746536442,-10.969040043276214,22.66378465107573,38.794247877703604,1056,Neutral,0.05270463063958175
3MINDIA.NS,1,0.5263309255544288,2025-09-01,180,0.6509316770186335,38.0,,8.380291865337378,7.065372537824722,34.055131553157906,56.16686819830713,1057,Neutral,0.05266185110885768
DOLATALGO.NS,1,0.5262942779472667,2025-09-01,180,0.2597898758357211,32.0,,-6.26613647281295,8.471977694837618,37.47852711093916,30.113045162393135,1058,Neutral,0.05258855589453337
KEEPLEARN.NS,1,0.5262823916381892,2025-09-01,180,0.5989304812834225,9.8,,-15.879823934524731,-20.647772654084278,46.120094834427874,42.10526811119093,1059,Neutral,0.05256478327637848
WIPL.NS,1,0.5261984453425911,2025-09-01,180,0.6226415094339622,8.0,,1.3333333333333335,-6.317411402157165,37.614821297235565,55.983864382018545,1060,Neutral,0.05239689068518216
DEEDEV.NS,1,0.526176958417989,2025-09-01,180,1.091016548463357,7.0,,57.409480555714,35.7656790565733,68.85684763295026,79.98354779951819,1061,Neutral,0.0523539168359779
VALIANTORG.NS,1,0.5261044435556848,2025-09-01,180,0.5718518518518518,3.0,,-4.241917901541319,-10.039183159701825,51.52583506571903,18.383788819388883,1062,Neutral,0.052208887111369506
GFLLIMITED.NS,1,0.5260138735188175,2025-09-01,180,0.06916276052163844,0.08,,-5.827845451032557,-24.95897510212015,32.34579113877755,20.60225012544359,1063,Neutral,0.05202774703763491
MANAKCOAT.NS,1,0.5260075436593032,2025-09-01,180,1.2326283987915407,16.0,,-7.236684611817562,-18.024468368666174,45.03681928429856,40.00585433555747,1064,Neutral,0.05201508731860649
TEGA.NS,1,0.5259694618880504,2025-09-01,180,0.19030390738060782,18.0,,6.923526539522058,-6.091135870074201,37.838085844974366,52.376927707456325,1065,Neutral,0.051938923776100765
NKIND.NS,1,0.5257113077331232,2025-09-01,180,-1.8255035485446656,,,6.2480000645357325,-2.4705886840820312,50.30428815724627,53.85964857488698,1066,Neutral,0.05142261546624649
VBL.NS,1,0.5256188608487637,2025-09-01,180,0.17719346803210628,24.0,,-3.3508177508874306,-6.261030975136618,24.298340326157053,44.67322443546616,1067,Neutral,0.051237721697527494
GULFOILLUB.NS,1,0.5255469672963707,2025-09-01,180,0.68863361547763,28.0,,5.091981357565076,-4.832094837726164,28.65008453840202,35.98108212268973,1068,Neutral,0.051093934592741475
SENCO.NS,1,0.5254550326404304,2025-09-01,180,1.7394167450611477,10.0,,3.9099075794229026,2.1900433486833295,41.99027142537742,30.068133002884622,1069,Neutral,0.05091006528086073
NIITLTD.NS,1,0.5253601324089611,2025-09-01,180,0.065279091769158,4.0,,-5.854423821739349,-25.756469912323443,36.82533345640499,29.97196568863579,1070,Neutral,0.050720264817922134
VMM.NS,1,0.5253096855686508,2025-09-01,180,0.2546658639373871,10.0,,-3.316369172260794,-13.269516839107084,38.55562391022134,43.801875514176764,1071,Neutral,0.05061937113730153
PFS.NS,1,0.5251201099722274,2025-09-01,180,0.7968435191403627,10.0,,-6.959150650997437,-9.718148091111454,45.85807260068021,21.582722707064065,1072,Neutral,0.05024021994445471
MAANALU.NS,1,0.5250859024780138,2025-09-01,180,0.6310160427807486,12.0,,-14.159068433138202,-9.093346300030044,38.428204478991354,8.560101232028828,1073,Neutral,0.05017180495602758
TOLINS.NS,1,0.5249930831422889,2025-09-01,180,0.07641196013289037,14.0,,-6.10261294032009,-25.20199761501805,37.98603812497907,14.909656637196619,1074,Neutral,0.04998616628457775
LTF.NS,1,0.5249048937122652,2025-09-01,180,3.8644295302013423,9.0,,-1.7983682515015778,-9.092362203147312,33.598850440577294,41.04166710818274,1075,Neutral,0.04980978742453046
AKSHOPTFBR.NS,1,0.5248471084516911,2025-09-01,180,1.75,-8.0,,-5.078120270627445,-28.106509334862974,75.3390842605636,28.168989963572287,1076,Neutral,0.04969421690338227
LIBERTSHOE.NS,1,0.5248075457089733,2025-09-01,180,1.2412280701754386,10.0,,-4.539342034242195,-19.66056633312968,55.45197515517093,8.584510028971906,1077,Neutral,0.04961509141794651
NUCLEUS.NS,1,0.5247844818963948,2025-09-01,180,0.4531059683313033,23.0,,-10.13900432180851,-14.518566111337242,27.605245310349897,19.507819574941053,1078,Neutral,0.04956896379278963
ONEPOINT.NS,1,0.524739317307854,2025-09-01,180,0.21176470588235294,11.0,,-2.343906398832343,-10.289629874778635,41.503081410430696,31.714699683420292,1079,Neutral,0.049478634615707895
ABFRL.NS,1,0.5247325484492116,2025-09-01,180,0.79457934755948,0.0,,4.057836789078198,-14.357007039836958,50.522800882573385,25.6631450707945,1080,Neutral,0.049465096898423155
TRITURBINE.NS,1,0.5247044487137025,2025-09-01,180,0.7329749103942652,48.0,,1.7389696138235118,-8.474727430062707,42.765637515265794,38.25860423370061,1081,Neutral,0.04940889742740495
SESHAPAPER.NS,1,0.5244647987294881,2025-09-01,180,0.24328512396694216,7.0,,25.83197477966923,12.014828500199332,37.03595339626737,67.81607832500609,1082,Neutral,0.04892959745897629
RAMASTEEL.NS,1,0.5243991524419632,2025-09-01,180,0.357487922705314,5.0,,-7.90155017170153,-28.25428614541195,46.571012991010235,15.74802262687065,1083,Neutral,0.04879830488392645
APOLSINHOT.NS,1,0.5243949856644081,2025-09-01,180,1.09,12.0,,-3.8147959889733003,-3.2193141276790147,23.23078911124846,53.516081566457764,1084,Neutral,0.04878997132881624
CREST.NS,1,0.5243233321650885,2025-09-01,180,0.22887323943661972,10.0,,-5.139802803568348,-9.410997959955825,36.70743648973562,41.820474824549635,1085,Neutral,0.04864666433017706
FDC.NS,1,0.5243233321650885,2025-09-01,180,0.18096019696347967,16.0,,-0.6059557125367464,-12.838332345993436,30.37674682530664,33.61008469873663,1086,Neutral,0.04864666433017706
ALKYLAMINE.NS,1,0.5243233321650885,2025-09-01,180,0.22453222453222454,19.0,,-4.3066164534351445,-11.675093791840226,26.814979806381466,23.181209265921098,1087,Neutral,0.04864666433017706
GOCLCORP.NS,1,0.5241096158881581,2025-09-01,180,0.2228454869964304,9.0,,-0.43535639714420626,-13.798756231172199,42.20212052147823,43.75000644374405,1088,Neutral,0.04821923177631615
BIRLANU.NS,1,0.523969205556098,2025-09-01,180,0.5724409448818898,3.0,,-5.224442151479698,-10.315903497860157,36.20026306999642,25.126840750306215,1089,Neutral,0.0479384111121961
WHEELS.NS,1,0.5238445324472892,2025-09-01,180,2.4183222958057393,16.0,,20.80290965199901,5.323092546385894,38.3716016730358,54.823101572221304,1090,Neutral,0.04768906489457847
SRPL.NS,1,0.5236285934980395,2025-09-01,180,3.0,1.0,,-8.333334989017844,-17.910448026752697,24.74076289457998,0.0,1091,Neutral,0.04725718699607895
BLACKBUCK.NS,1,0.5236278381609449,2025-09-01,180,0.15817490494296577,11.0,,4.239715958324016,-13.840008468932671,52.694502252729535,34.091769017996384,1092,Neutral,0.04725567632188987
ADVENZYMES.NS,1,0.5236275108850448,2025-09-01,180,0.11624441132637854,20.0,,0.7380012225458252,-3.6573705382117856,51.19334133017437,56.17896480377932,1093,Neutral,0.047255021770089556
TATAELXSI.NS,1,0.5234817610586613,2025-09-01,180,0.27905255366395265,36.0,,-15.360090022505627,-12.513327517689252,33.084404950252164,24.647887323943664,1094,Neutral,0.046963522117322576
SHALBY.NS,1,0.523468879665639,2025-09-01,180,0.31864406779661014,12.0,,-6.695191302214501,-25.89383656786857,42.281262206144845,26.54039150108683,1095,Neutral,0.046937759331278084
VIDHIING.NS,1,0.5234151580886186,2025-09-01,180,0.3311897106109325,19.0,,-2.6208430456848903,-13.531212219823875,24.331674028235923,51.109067832463694,1096,Neutral,0.04683031617723721
AJAXENGG.NS,1,0.5233671747065933,2025-09-01,180,0.16533546325878595,34.0,,-4.206989592438729,-21.874998463797784,38.57705508473449,44.097486122984215,1097,Neutral,0.04673434941318666
TATATECH.NS,1,0.523291308279008,2025-09-01,180,1.9263224181360201,67.0,,-10.103644958613243,-13.593089402295059,26.27929789571964,34.79241158852827,1098,Neutral,0.0465826165580161
VISHWARAJ.NS,1,0.5231999993642464,2025-09-01,180,1.556,0.0,,-6.089738005481793,-16.879432979085042,41.91280567089422,46.323533278847684,1099,Neutral,0.046399998728492875
ONMOBILE.NS,1,0.5229636194786932,2025-09-01,180,0.1702127659574468,3.0,,5.241348156834239,-11.652175239894701,41.887824903496195,50.29035546668876,1100,Neutral,0.045927238957386374
SUNDRMBRAK.NS,1,0.5229210425098489,2025-09-01,180,1.105263157894737,8.0,,5.252632675161447,-18.23954543632858,48.660591806923904,56.32550012222551,1101,Neutral,0.04584208501969789
VRLLOG.NS,1,0.5228127481671969,2025-09-01,180,1.2673357664233578,16.0,,5.23376273033397,4.011927184147295,31.010946546313097,33.27795207639387,1102,Neutral,0.045625496334393834
GKWLIMITED.NS,1,0.5227950311090693,2025-09-01,180,0.23585994613312813,0.0,,-0.5042636671773326,-7.075574842975457,27.955129430484142,36.28047418905038,1103,Neutral,0.04559006221813866
ROTO.NS,1,0.5227554314103074,2025-09-01,180,0.3422222222222222,17.0,,0.7245093590856968,-8.094163851518108,44.758938506022524,37.500002558138824,1104,Neutral,0.045510862820614895
VSTL.NS,1,0.5227452048034203,2025-09-01,180,1.6269430051813472,8.0,,0.5684786139394231,-12.447509296751294,29.901325621413815,44.17258234875095,1105,Neutral,0.0454904096068407
RHIM.NS,1,0.5224228557921692,2025-09-01,180,0.20792801556420235,8.0,,5.49757133409815,-6.385956208490209,50.9477874074834,44.60990745535927,1106,Neutral,0.044845711584338366
EQUIPPP.NS,1,0.522339081870052,2025-09-01,180,1.5681114551083588,1.04,,-0.44493840791335415,2.5200490099046675,30.75804733735507,32.78689934212173,1107,Neutral,0.044678163740103916
J&KBANK.NS,1,0.5222679719639073,2025-09-01,180,10.519762845849803,,,16.329660914900042,13.469803309536822,38.15076493728684,79.11926294189931,1108,Neutral,0.04453594392781457
JUSTDIAL.NS,1,0.5222554295700866,2025-09-01,180,0.18533688306369037,7.0,,-15.750379109638207,-25.388208770620214,36.96472501082189,1.833653364968768,1109,Neutral,0.044510859140173276
RPSGVENT.NS,1,0.5219832785920123,2025-09-01,180,0.22288313505948215,7.0,,-5.1727749348740515,-14.27403994883328,48.896529187465376,22.257052528167662,1110,Neutral,0.043966557184024646
BOMDYEING.NS,1,0.5219832785920123,2025-09-01,180,0.2568493150684932,3.0,,-0.8058915284050583,-21.34472674611228,45.3056948701635,22.958112075008074,1111,Neutral,0.043966557184024646
LCCINFOTEC.NS,1,0.5219644170755382,2025-09-01,180,10.191489361702155,-26.46,,-7.297837275516218,-11.654141774259022,53.84892584982638,28.415300688834293,1112,Neutral,0.0439288341510764
GLOBALE.NS,1,0.5218891239837156,2025-09-01,180,1.4898746383799424,-0.47,,1.0666656494140625,-6.879608107809405,54.32603818185656,44.79638311704144,1113,Neutral,0.04377824796743113
JSL.NS,1,0.5218819029126525,2025-09-01,180,0.9787270840539606,20.0,,-4.1661524524289675,0.8119824355003,43.313737709690464,46.59313127106311,1114,Neutral,0.043763805825304924
TBOTEK.NS,1,0.5218535223451715,2025-09-01,180,0.8501827040194885,14.0,,-10.616885882596204,-25.812503019805042,38.46957485659365,20.96200210796023,1115,Neutral,0.04370704469034292
JINDALPHOT.NS,1,0.5216636219591828,2025-09-01,180,0.4136733478864854,0.81,,-10.362768692638475,-10.670499798074689,46.046826640147614,25.475307937162157,1116,Neutral,0.04332724391836562
MANINDS.NS,1,0.5215378513656547,2025-09-01,180,1.1349831271091113,17.0,,44.743857446810345,-0.9541127246328354,74.35305057610317,72.6303687764501,1117,Neutral,0.04307570273130934
SHIVAMILLS.NS,1,0.5215319610351684,2025-09-01,180,0.17391304347826086,-3.0,,2.9681181339994493,-9.51537560672173,40.610815487675,48.85004628872514,1118,Neutral,0.043063922070336824
ONWARDTEC.NS,1,0.5215197350620264,2025-09-01,180,0.47783251231527096,16.0,,-11.877828288611864,-6.738502410037866,48.356891470476896,26.288889361370394,1119,Neutral,0.04303947012405285
ARIHANTSUP.NS,1,0.5215133528732665,2025-09-01,180,2.260869565217391,5.0,,-3.3035290773075556,-24.31428745814732,43.46589582134897,28.014853382720048,1120,Neutral,0.043026705746533
JTLIND.NS,1,0.5214673524204302,2025-09-01,180,0.2056,13.0,,-12.427748608417827,-5.143113698220376,49.930875879727424,29.361653083867594,1121,Neutral,0.04293470484086037
WAAREERTL.NS,1,0.5214188673664253,2025-09-01,180,1.1424242424242423,82.0,,-4.867580085203513,-20.774522947471905,31.97613844868723,25.897633525391115,1122,Neutral,0.042837734732850574
ACL.NS,1,0.5213346254699053,2025-09-01,180,16.486842105263158,-11.0,,1.0553163040691353,-23.938642195485325,39.46359459809024,30.940182309853725,1123,Neutral,0.042669250939810555
NDL.NS,1,0.52132965942012,2025-09-01,180,0.9280125195618153,9.0,,-4.642852794150843,-14.147904618765997,43.535843464342165,3.846150319251663,1124,Neutral,0.04265931884023999
ABAN.NS,1,0.5212193303183786,2025-09-01,180,-1.567,,,-9.035857888930119,-43.48958359203404,42.3491369431945,26.885242621060385,1125,Neutral,0.042438660636757275
MIDHANI.NS,1,0.5211992301185361,2025-09-01,180,1.046495489243581,11.0,,-10.64516129032258,5.3392111777333655,47.59865234680215,37.05736417239509,1126,Neutral,0.042398460237072166
PENIND.NS,1,0.5211473717999476,2025-09-01,180,2.1675675675675676,15.0,,-11.021286654609847,-34.950026638224266,62.438005399216735,21.291326397591277,1127,Neutral,0.04229474359989527
EXIDEIND.NS,1,0.5210614905724777,2025-09-01,180,0.2763835473567564,10.0,,4.191984239861216,-10.805763425577087,25.245173736876104,42.04395791814188,1128,Neutral,0.042122981144955496
SKFINDIA.NS,1,0.5210614905724777,2025-09-01,180,0.40631808278867104,29.0,,3.9547669391179987,-9.297346933378451,36.77706040451253,48.89234114312947,1129,Neutral,0.042122981144955496
TVTODAY.NS,1,0.5210614905724777,2025-09-01,180,0.2161547212741752,12.0,,3.0660192570367064,-9.854381522961772,30.685891221428875,52.48000182291741,1130,Neutral,0.042122981144955496
XELPMOC.NS,1,0.5208831201264039,2025-09-01,180,0.11696977626586415,-11.3,,-5.820753583837387,11.872697952747496,42.604681640819436,40.470938283618395,1131,Neutral,0.04176624025280784
SKIPPER.NS,1,0.5208204659663783,2025-09-01,180,2.159968479117415,24.0,,0.30116525763603696,-22.169110558174072,51.4435780063374,26.59026257000241,1132,Neutral,0.04164093193275664
HDFCAMC.NS,1,0.5207586542315603,2025-09-01,180,0.08923037190082644,43.0,,6.068711164515874,0.9577290556023195,28.389138872413238,45.14170520691145,1133,Neutral,0.04151730846312063
ENDURANCE.NS,1,0.5207395520905278,2025-09-01,180,0.28258007898200965,22.0,,12.43610426525719,0.6846668500153211,33.952782183876224,62.306954541624876,1134,Neutral,0.041479104181055604
ADANIENSOL.NS,1,0.5206416339139458,2025-09-01,180,0.587431421446384,5.0,,10.660760836862057,2.76324608946532,57.80143726387216,45.81585597314307,1135,Neutral,0.0412832678278916
ULTRACEMCO.NS,1,0.5203903108242872,2025-09-01,180,0.7534203980099502,12.0,,-0.3145395926712275,9.284482758620689,19.042694188835203,36.81592039800994,1136,Neutral,0.04078062164857443
CINEVISTA.NS,1,0.5202884605538757,2025-09-01,180,1.6428571428571428,-19.0,,3.390958977229948,-6.5504761952794945,39.255754706028696,43.697479440564294,1137,Neutral,0.04057692110775135
KAPSTON.NS,1,0.5202821384151289,2025-09-01,180,2.156862745098039,13.0,,2.6693230701086628,35.53433099467407,47.131651074900596,57.9724188310323,1138,Neutral,0.04056427683025787
LGHL.NS,1,0.5201436001016722,2025-09-01,180,1.5866666666666667,18.0,,7.794890701906558,-0.5717234447640835,49.33186937800527,44.05405797742163,1139,Neutral,0.04028720020334431
FORCEMOT.NS,1,0.5199837439922348,2025-09-01,180,0.51171875,29.0,,32.0368863574722,36.60904703109216,55.27927416212782,60.19987636513497,1140,Neutral,0.039967487984469585
SVLL.NS,1,0.5199437657954885,2025-09-01,180,5.54054054054054,17.0,,-16.180882680631882,-19.85922504511332,37.82918880437975,32.47989791458025,1141,Neutral,0.03988753159097702
GESHIP.NS,1,0.5196834814975008,2025-09-01,180,0.17012874180554458,15.0,,13.66854575813651,21.853002311906263,26.004548034978086,56.265247613203584,1142,Neutral,0.03936696299500153
TDPOWERSYS.NS,1,0.5196205765500089,2025-09-01,180,0.5254054054054054,28.0,,33.446588153824095,16.262304344010932,48.171055307960785,72.79315719709915,1143,Neutral,0.039241153100017856
RAJRATAN.NS,1,0.519516884721121,2025-09-01,180,0.9501246882793017,16.0,,0.7616039289167699,-3.9635929768854057,49.57099679322997,24.12587431242096,1144,Neutral,0.03903376944224202
CHEMBOND.NS,1,0.5195047966082559,2025-09-01,180,0.22023809523809523,11.0,,-2.429152257641522,-8.609975165339119,60.40407831789888,50.556330036882876,1145,Neutral,0.03900959321651176
PARKHOTELS.NS,1,0.5194824590921934,2025-09-01,180,0.46206896551724136,12.0,,4.662779804554094,-9.077759892772377,37.06835808411854,48.6259179704651,1146,Neutral,0.03896491818438674
ATGL.NS,1,0.5194587262472347,2025-09-01,180,0.9350736278447122,17.0,,-2.8647270509075606,-15.602080376652244,29.694606833831553,27.97103644729998,1147,Neutral,0.03891745249446932
REFEX.NS,1,0.5193978263187584,2025-09-01,180,0.3410620792819746,25.0,,-1.5216437167494927,-36.272015529684886,50.13721899784153,35.8940214273518,1148,Neutral,0.03879565263751683
TVVISION.NS,1,0.5191587711784381,2025-09-01,180,-1.56,-151.0,,-7.596895900900667,0.6756750225933819,46.30766072669319,47.706415596846405,1149,Neutral,0.03831754235687623
DODLA.NS,1,0.5190068306668607,2025-09-01,180,0.1927797833935018,27.0,,-1.7586691336839382,-6.83848982692159,19.592983697087472,40.59620675099344,1150,Neutral,0.038013661333721416
KERNEX.NS,1,0.5189761431970644,2025-09-01,180,1.5376344086021505,22.0,,-11.877711356859418,-4.795552988302251,52.366324704209354,27.370665841638868,1151,Neutral,0.03795228639412884
EDELWEISS.NS,1,0.5189548410554974,2025-09-01,180,0.6548641542506574,3.0,,7.750254768173895,3.7917274910883703,49.60876598702296,53.605655014516216,1152,Neutral,0.03790968211099477
QUESS.NS,1,0.5189236541545866,2025-09-01,180,1.924507658643326,13.0,,-2.343843612718792,-6.918072193690261,28.88707502382607,30.21155243695904,1153,Neutral,0.037847308309173266
GOLDTECH.NS,1,0.518873578918215,2025-09-01,180,0.059233449477351915,3.0,,-14.353350136498353,-28.339937736778747,52.8906769917993,33.60716172104203,1154,Neutral,0.0377471578364299
COMPINFO.NS,1,0.5188622044215059,2023-03-01,1095,-3.3159722222222223,14.0,,3.7313396321503887,-20.5714293888637,42.07515896945082,56.41024857269839,1155,Neutral,0.03772440884301176
STEL.NS,1,0.5187945105359455,2025-09-01,180,0.09595687331536389,1.0,,3.078046666164833,-0.20204060517968284,77.62785286729806,58.144900121619486,1156,Neutral,0.03758902107189099
SBILIFE.NS,1,0.5187712299456103,2025-09-01,180,25.77712193255725,17.0,,2.0487853200103463,3.621564149128942,18.566431486875068,52.80610682585602,1157,Neutral,0.037542459891220625
TANLA.NS,1,0.5187147322272798,2025-09-01,180,1.2964426877470356,41.0,,-9.443727943921273,-17.870036101083034,48.935643868349985,32.60369295475289,1158,Neutral,0.037429464454559636
WILLAMAGOR.NS,1,0.5187147322272798,2025-09-01,180,-3.513499687375661,-52.89,,-3.1778930986132816,-12.406247854232788,49.85476285370006,48.93882501024517,1159,Neutral,0.037429464454559636
TRIDENT.NS,1,0.5187147322272798,2025-09-01,180,0.5601128472222222,9.0,,-0.8527105420936331,-9.419262992107265,48.1676453427713,22.77225254678484,1160,Neutral,0.037429464454559636
KREBSBIO.NS,1,0.5187147322272798,2025-09-01,180,-2.070063694267516,-4.0,,-6.261294419282697,-12.475061350073906,50.21892525537118,51.5394887691086,1161,Neutral,0.037429464454559636
NECCLTD.NS,1,0.5187147322272798,2025-09-01,180,0.6322869955156951,7.0,,-3.8934469612803677,-30.3809978614289,50.89728074320462,41.887908177259526,1162,Neutral,0.037429464454559636
DMCC.NS,1,0.5187147322272798,2025-09-01,180,0.5982905982905983,14.0,,-3.4162135768581083,-13.614381493469322,51.52815218183786,40.21178762903212,1163,Neutral,0.037429464454559636
SBICARD.NS,1,0.518568203934373,2025-09-01,180,3.7235970250169035,,,0.6564046257724099,-12.014997110339271,24.697738672566263,54.471973486257376,1164,Neutral,0.037136407868745946
HIMATSEIDE.NS,1,0.5185114459133305,2025-09-01,180,1.571123451516446,8.0,,-1.4332282044928137,-20.42770390716685,65.59636016380209,6.53848636784231,1165,Neutral,0.037022891826661075
CAPITALSFB.NS,1,0.518381782644821,2025-09-01,180,7.21998562185478,,,2.8448106048132393,-5.19081406036221,15.48496222534596,46.5231806482841,1166,Neutral,0.036763565289642086
BIGBLOC.NS,1,0.5183546080727546,2025-09-01,180,2.0949548810500405,-1.34,,-7.518538513804776,-16.1244882390208,53.192552202261446,31.43040449757673,1167,Neutral,0.03670921614550915
DELPHIFX.NS,1,0.5182721455287975,2025-09-01,180,0.2622339733865024,7.24,,-11.881712260861356,-13.532855817782558,67.85836443525788,39.30173046233014,1168,Neutral,0.036544291057595046
ESSARSHPNG.NS,1,0.5182074022693646,2025-09-01,180,-1.0266552020636286,122.0,,-0.038753185383203353,-13.13573441690092,66.57478248834569,33.42343121009925,1169,Neutral,0.03641480453872914
TVSMOTOR.NS,1,0.518206726718145,2025-09-01,180,1.3540787984775229,35.0,,5.874143670913132,9.57666575596418,24.48879157354486,58.898297720556045,1170,Neutral,0.0364134534362901
SCILAL.NS,1,0.5180549414977107,2025-09-01,180,0.18397328881469116,2.0,,4.398359749763515,-4.183225146521951,32.18490609216493,29.68538407627723,1171,Neutral,0.036109882995421394
NCC.NS,1,0.5180193358763312,2025-09-01,180,1.886414547371195,20.0,,5.530973474667024,-10.950355213492184,31.396421657216283,37.27057961856618,1172,Neutral,0.0360386717526624
INGERRAND.NS,1,0.5179765999932436,2025-09-01,180,0.5138461538461538,60.0,,24.65075077360696,7.3094924961497245,28.869850702316686,80.1348491684725,1173,Neutral,0.03595319998648727
PATELENG.NS,1,0.51786331395146,2025-09-01,180,1.4124236252545825,16.0,,-2.474375186588447,-21.359205249393604,49.35346494525372,29.120876961550408,1174,Neutral,0.03572662790292003
PAKKA.NS,1,0.51786331395146,2025-09-01,180,0.7525354969574036,14.0,,0.9623999602479177,-22.882295180686356,50.021374982754,48.26772100550669,1175,Neutral,0.03572662790292003
SURAJLTD.NS,1,0.51786331395146,2025-09-01,180,0.5303030303030303,12.0,,-1.2258134463720896,-15.876179143036016,45.08029642230561,51.222870400520584,1176,Neutral,0.03572662790292003
MINDACORP.NS,1,0.5178571041347427,2025-09-01,180,1.185700575815739,12.0,,-0.44512485633547955,-4.324558130245807,35.758779227622966,32.43989451245889,1177,Neutral,0.03571420826948546
COCHINSHIP.NS,1,0.5178448303190359,2025-09-01,180,1.3783128356140655,20.0,,-7.144392071137999,-10.259829976976738,41.79108772433824,41.29854470637839,1178,Neutral,0.035689660638071885
INTERARCH.NS,1,0.5177725332479389,2025-09-01,180,0.5605493133583022,25.0,,-1.5976951283394447,-22.631795716639207,47.46337235501709,30.110599254948795,1179,Neutral,0.03554506649587785
DPABHUSHAN.NS,1,0.5177719449960749,2025-09-01,180,0.9289940828402367,34.0,,-2.690734112233388,-23.775865030799967,48.50223305714315,26.771661510007434,1180,Neutral,0.03554388999214986
BFINVEST.NS,1,0.5177636293691724,2025-09-01,180,0.041790062520565975,4.0,,7.659285792882294,-8.867949987348736,38.56291196305942,43.82353384684208,1181,Neutral,0.035527258738344836
GOYALALUM.NS,1,0.5176989392636127,2025-09-01,180,0.5247839927239656,14.35,,-15.185190592391844,-0.29027549077029413,42.36721212879798,19.318154725135628,1182,Neutral,0.03539787852722531
VIKASECO.NS,1,0.5176921435956887,2025-09-01,180,0.18575063613231552,3.0,,-6.711410953141468,-12.578619087116271,39.680170341521055,22.222212410753045,1183,Neutral,0.03538428719137743
STYRENIX.NS,1,0.5176328543956835,2025-09-01,180,0.4567627494456763,39.0,,0.8785966785906211,-7.193436298187277,21.34942815693708,52.25942444103034,1184,Neutral,0.035265708791367034
DIAMINESQ.NS,1,0.5176328543956835,2025-09-01,180,0.14557993730407523,4.22,,-3.8929926607325647,-6.651157164754322,34.169809291817955,35.31826190053205,1185,Neutral,0.035265708791367034
ELECTHERM.NS,1,0.5175725695509089,2025-09-01,180,-18.91743119266055,33.0,,-8.940356879064879,-15.597251404242904,41.12767468925432,33.21266228520659,1186,Neutral,0.035145139101817824
PEARLPOLY.NS,1,0.5175379771160528,2025-09-01,180,0.1778230500582072,-14.49,,-2.492209431630911,-25.416995794137243,32.1118388761939,42.67351743926632,1187,Neutral,0.03507595423210552
CHEMFAB.NS,1,0.5175365273899547,2025-09-01,180,0.4648910411622276,6.0,,-6.052732137188352,-26.16731517509728,35.24103309518395,31.297211069927684,1188,Neutral,0.03507305477990941
GRAPHITE.NS,1,0.5175206611399601,2025-09-01,180,0.2578975548813136,10.0,,7.717685335284553,29.387382988457205,47.52880345782801,70.35263550338614,1189,Neutral,0.035041322279920184
ICICIBANK.NS,1,0.5174360411781391,2025-09-01,180,5.910702790133441,,,-0.3396900299802787,-0.712847354982179,18.651302421289216,44.13744940120475,1190,Neutral,0.034872082356278256
VINNY.NS,1,0.517411686088945,2025-09-01,180,0.4578313253012048,13.0,,-2.7272700672307866,-18.939393186810072,67.71742441400241,9.523804117490442,1191,Neutral,0.03482337217789011
UTIAMC.NS,1,0.5173993827996701,2025-09-01,180,0.12232243517474634,24.0,,1.8464991673303888,-13.4782219861143,35.71331740785705,33.077442294976876,1192,Neutral,0.03479876559934025
BSHSL.NS,1,0.5171550060173535,2025-09-01,180,0.3697478991596639,21.0,,-0.5978752406464949,-15.762809873458568,25.34774984636563,38.71223437385339,1193,Neutral,0.03431001203470707
STANLEY.NS,1,0.5171351335741828,2025-09-01,180,0.27751196172248804,9.0,,-9.427738284910086,-27.695734223814007,46.77902471877302,38.481082180593155,1194,Neutral,0.034270267148365674
ZENITHEXPO.NS,1,0.5171351335741828,2025-09-01,180,0.155004743833017,-1.46,,-0.8829256383384146,-17.34531955906364,47.67834650518342,39.49804077502035,1195,Neutral,0.034270267148365674
JISLDVREQS.NS,1,0.5171351335741828,2015-06-01,3925,,,,-3.905278545806321,-20.103631947476032,51.777084721924346,47.19999040876117,1196,Neutral,0.034270267148365674
MODTHREAD.NS,1,0.5169574965381744,2025-09-01,180,0.7279411764705882,3.0,,-0.9929034905923522,-7.590464805545554,51.372322884562315,43.812711732500254,1197,Neutral,0.03391499307634871
SUNDARAM.NS,1,0.5168951949158738,2025-09-01,180,0.47058823529411764,-2.0,,-4.430382946251475,-16.574583524880495,41.50079428865787,9.523804117490442,1198,Neutral,0.033790389831747536
MEGASTAR.NS,1,0.516836410609564,2025-09-01,180,2.6597938144329896,9.0,,1.9326655970175102,-10.182180876779084,46.03956921585641,46.04493365231646,1199,Neutral,0.03367282121912796
ROLTA.NS,1,0.5167521172593758,2025-09-01,180,-1.2532223853809756,-3.0,,,,,,1200,Neutral,0.03350423451875151
TEXMOPIPES.NS,1,0.5167521172593758,2025-09-01,180,0.4727272727272727,9.0,,0.08869382900377866,-10.613862594755568,43.44785771296185,39.54802853479025,1201,Neutral,0.03350423451875151
SURANAT&P.NS,1,0.5167521172593758,2025-09-01,180,0.16149068322981366,1.0,,1.3566973650232812,-10.394802098521943,41.6928978185104,45.553151259635,1202,Neutral,0.03350423451875151
RISHABH.NS,1,0.5167325745912218,2025-09-01,180,0.09195402298850575,8.0,,15.055094737323518,-1.206388197165139,49.48738852278186,34.94623655913979,1203,Neutral,0.03346514918244359
SANSERA.NS,1,0.5167304108997998,2025-09-01,180,0.2726008344923505,13.0,,38.150284147916615,33.908866495024256,44.304611235376434,80.40686229201988,1204,Neutral,0.03346082179959953
JSWENERGY.NS,1,0.5167067818053214,2025-09-01,180,0.7094957317609786,6.0,,6.2636165577342044,-0.1841796598231473,35.10464845551229,54.62794241504839,1205,Neutral,0.03341356361064274
NURECA.NS,1,0.5165447518863052,2025-09-01,180,0.08673469387755102,0.0,,5.692812427134226,1.9337037242720017,42.10049949164708,54.043844744632665,1206,Neutral,0.03308950377261044
PANACEABIO.NS,1,0.5164478025198513,2025-09-01,180,1.9143835616438356,-2.0,,-8.538268697877575,-9.956475923781436,45.48236697468586,27.345532683665027,1207,Neutral,0.03289560503970268
KALAMANDIR.NS,1,0.5163081538825673,2025-09-01,180,0.5181128896377422,12.0,,4.0921681487615205,-31.39768019699714,44.358683300881765,35.59841605538388,1208,Neutral,0.03261630776513469
AKI.NS,1,0.5162006426936495,2025-09-01,180,0.5394706292082657,4.54,,-16.420360836527383,-31.4939398359847,71.71768138837784,25.483855437031536,1209,Neutral,0.03240128538729903
PILITA.NS,1,0.516017724563041,2025-09-01,180,0.30120481927710846,9.0,,-0.9334880578160346,-26.68393931732401,38.111666778228695,35.028216929295496,1210,Neutral,0.032035449126081916
JAYAGROGN.NS,1,0.516017724563041,2025-09-01,180,0.2644135188866799,17.0,,-1.4198632091223489,-17.089793778216116,34.818493106755724,52.40364038106152,1211,Neutral,0.032035449126081916
BBL.NS,1,0.5159875077433438,2025-09-01,180,0.4164009111617312,10.0,,-1.908125382540139,-15.255411255411255,52.06580573860514,28.129097973395005,1212,Neutral,0.031975015486687575
GANGAFORGE.NS,1,0.5159770626471558,2025-09-01,180,1.0441988950276244,3.13,,-9.8802374906087,-7.668711678875624,49.5509345496582,34.69387655802319,1213,Neutral,0.03195412529431163
RATNAVEER.NS,1,0.5159655926823086,2025-09-01,180,1.2085308056872037,14.0,,-3.497901436394187,-2.738393757930744,53.747878065548846,43.76687169647805,1214,Neutral,0.03193118536461714
JPPOWER.NS,1,0.5159539466222829,2025-09-01,180,0.41953210865127966,10.0,,2.4865583515688297,-18.839812363191644,45.40966735594601,51.836738665867394,1215,Neutral,0.03190789324456578
HONAUT.NS,1,0.5159102695514433,2025-09-01,180,0.3704057279236277,18.0,,-4.087320018578727,-12.758766370933671,25.625854801198027,27.555555555555557,1216,Neutral,0.031820539102886514
HILTON.NS,1,0.5159051759288179,2025-09-01,180,1.0,8.0,,-37.82275021040065,-57.132547929648055,69.77012214599864,17.988764996237435,1217,Neutral,0.03181035185763581
CARBORUNIV.NS,1,0.5157625465074324,2025-09-01,180,0.1273394495412844,18.0,,2.556107649436015,-5.030799216539693,39.20003888948619,46.95809123745878,1218,Neutral,0.031525093014864725
DICIND.NS,1,0.5155267930246751,2025-09-01,180,0.4665071770334928,6.0,,-4.666968735840507,0.4679614677023117,41.34566850200584,44.708597105044525,1219,Neutral,0.031053586049350157
CIPLA.NS,1,0.5154919484217411,2025-09-01,180,0.12633478718604302,20.0,,2.0667670719381253,-11.957166578579622,19.321395686419535,51.75815784638277,1220,Neutral,0.030983896843482128
PCJEWELLER.NS,1,0.5154741701921168,2025-09-01,180,0.23294902069731907,7.0,,-5.071767872199243,0.2020248336801561,24.674304591461897,31.506826945122498,1221,Neutral,0.030948340384233664
VISASTEEL.NS,1,0.515464652050265,2025-09-01,180,-1.3841684822076978,-5.0,,5.192305797857523,-30.432412284489363,50.080992295546686,52.44177788324796,1222,Neutral,0.030929304100530075
ROML.NS,1,0.5154629307777854,2025-09-01,180,42.0,14.0,,-2.6309929661572977,-15.678707478353306,30.94090734818978,48.425179555475125,1223,Neutral,0.030925861555570755
SUVIDHAA.NS,1,0.5154499732212231,2025-09-01,180,0.1922283047653234,-8.05,,5.633806009374048,-18.918919963850588,52.63368803478955,46.5517269728729,1224,Neutral,0.030899946442446202
TASTYBITE.NS,1,0.5154499732212231,2025-09-01,180,0.4702194357366771,11.0,,6.187315634218289,-13.295598241705306,45.59777304412892,40.97895483565855,1225,Neutral,0.030899946442446202
UNIMECH.NS,1,0.5154499732212231,2025-09-01,180,0.053703703703703705,8.0,,2.1441429651498978,-10.382373001505755,59.374091359542255,28.971961043726495,1226,Neutral,0.030899946442446202
TNPETRO.NS,1,0.5154424804229873,2025-09-01,180,0.6858108108108109,7.0,,2.789624023853187,-10.103327494982533,32.22079156581829,45.09613042751044,1227,Neutral,0.030884960845974696
PNBGILTS.NS,1,0.5152276127767935,2025-09-01,180,15.64190012180268,7.0,,2.029619659959214,-4.618141534185604,27.561344669994014,43.842379343106956,1228,Neutral,0.03045522555358704
DCMNVL.NS,1,0.5151659946518702,2025-09-01,180,0.6543909348441926,8.0,,-3.0984820741595644,-10.689845990854954,31.039473535228613,34.38179052885515,1229,Neutral,0.03033198930374037
ANIKINDS.NS,1,0.5150746498374097,2025-09-01,180,0.09059233449477352,2.0,,-5.634949667880678,-28.16287868906267,41.1072120425,45.97840323127227,1230,Neutral,0.030149299674819385
REPRO.NS,1,0.5150484618002703,2025-09-01,180,0.5243553008595988,1.0,,-0.12542330557010686,-16.372613150121033,60.19765529717173,45.18966529653552,1231,Neutral,0.030096923600540615
TOTAL.NS,1,0.5150469049633692,2025-09-01,180,0.631578947368421,14.0,,-5.838563531272555,-0.7538428673377404,39.84098116736652,48.95289021208492,1232,Neutral,0.03009380992673849
SHRIRAMFIN.NS,1,0.5150466940905593,2025-09-01,180,3.9497880935037415,,,5.53383235203465,26.742205538794252,33.89927711033949,54.19389133349724,1233,Neutral,0.030093388181118508
SIMBHALS.NS,1,0.5150452723227568,2025-06-01,272,-43.06382978723404,3.0,,-6.1878498101028985,-13.631741230804515,28.91906570698503,36.76465225867074,1234,Neutral,0.03009054464551353
PNC.NS,1,0.5150359134231963,2025-09-01,180,0.24350168350168347,-1.69,,-4.358451030861756,-14.989142545992687,50.70156586106568,17.0560982979152,1235,Neutral,0.030071826846392646
KOPRAN.NS,1,0.514910789680281,2025-09-01,180,0.2644230769230769,9.0,,3.5341238791237406,-1.9778448609287766,41.59322915350874,29.60033717852106,1236,Neutral,0.029821579360562067
DELTAMAGNT.NS,1,0.5148762032307843,2025-09-01,180,4.753001715265866,-10.79,,-5.700605978743539,-14.521778763168477,37.55135636260306,42.29570124176407,1237,Neutral,0.029752406461568626
LATTEYS.NS,1,0.5146219140588016,2025-09-01,180,1.4428969359331476,12.91,,5.416861249772475,-2.228048241506174,56.328327535898346,52.307684783632006,1238,Neutral,0.029243828117603288
SRM.NS,1,0.5146188589990933,2025-09-01,180,0.5217391304347826,31.0,,-6.203561795071271,-27.138362970312063,59.46991804921653,46.20962303838497,1239,Neutral,0.02923771799818664
OILCOUNTUB.NS,1,0.5145981840293766,2025-09-01,180,0.5753424657534246,-8.0,,3.5870501877979084,-27.43986050843073,54.97375956988807,40.504457084642155,1240,Neutral,0.029196368058753253
ALPA.NS,1,0.5145981840293766,2025-09-01,180,0.27835051546391754,15.0,,2.9155016594587484,-17.569929287099406,49.14646025252166,30.858682189322252,1241,Neutral,0.029196368058753253
UDS.NS,1,0.5145981840293766,2025-09-01,180,0.392090395480226,9.0,,1.7588110753652983,-15.754821977393629,52.97808206824958,50.075090715038236,1242,Neutral,0.029196368058753253
SANDHAR.NS,1,0.514556027860589,2025-09-01,180,0.5662063363119415,15.0,,3.6627774604804557,-9.54378767154116,48.45674838582634,34.10170027358227,1243,Neutral,0.02911205572117792
HINDOILEXP.NS,1,0.514459965236263,2025-09-01,180,0.5252854812398042,14.0,,-16.172419913105145,-9.46946236967705,46.41103246218577,20.890740003026224,1244,Neutral,0.028919930472526056
VOLTAS.NS,1,0.5144194327283274,2025-09-01,180,0.545726017170586,13.0,,15.72901023514031,13.44183633194822,33.62098472615916,61.869905991112695,1245,Neutral,0.028838865456654705
KIRLOSBROS.NS,1,0.5143676273370104,2025-09-01,180,0.5937315198107629,21.0,,6.078686061674265,-6.359817600107692,36.17835032438621,43.2055777122136,1246,Neutral,0.028735254674020716
SARLAPOLY.NS,1,0.5143260953208119,2025-09-01,180,0.48333333333333334,12.0,,-3.477968679024499,-7.907131106941538,58.24410729811442,56.15383207943132,1247,Neutral,0.02865219064162372
PARSVNATH.NS,1,0.5140623521270071,2025-06-01,272,380.2,-4.0,,-9.464086171266414,-43.36662055653765,67.53051772508516,37.33681553159695,1248,Neutral,0.028124704254014254
IITL.NS,1,0.5140009302186489,2025-09-01,180,0.009124824751087213,0.97,,-10.70454622723931,-22.934430638104512,45.82474197558563,38.62880503645481,1249,Neutral,0.0280018604372978
HINDMOTORS.NS,1,0.5139243167392931,2025-09-01,180,0.7616537180910105,3.16,,,,,,1250,Neutral,0.027848633478586127
NTPC.NS,1,0.5138606625511228,2025-09-01,180,1.4855205857296898,12.0,,7.436340565525862,17.86896962387908,21.9112385328922,70.53387575651615,1251,Neutral,0.027721325102245675
HINDALCO.NS,1,0.5137202083356545,2025-09-01,180,0.619397892898084,13.0,,-9.70167783642853,14.386440410768703,37.48738540169754,39.605788408745816,1252,Neutral,0.02744041667130892
CENTUM.NS,1,0.5136892002020881,2025-09-01,180,1.2322357019064125,17.0,,17.98385627190084,11.272377216660095,51.51862317082274,62.74583075434261,1253,Neutral,0.027378400404176162
SOLARA.NS,1,0.5136634458541948,2025-09-01,180,0.820859872611465,6.0,,-8.746295714307749,-10.121533844038648,40.89253257390279,40.02426601414432,1254,Neutral,0.027326891708389534
AIAENG.NS,1,0.5136266541873509,2025-09-01,180,0.19621415454160193,19.0,,-3.7075878974022176,0.42238608033024994,31.05991231612227,36.141383851335846,1255,Neutral,0.027253308374701746
PRITIKAUTO.NS,1,0.5136009882551756,2025-09-01,180,0.4755784061696658,7.0,,1.537277523032957,-11.520430220169093,34.94987948782652,27.536227877864448,1256,Neutral,0.027201976510351278
PGHH.NS,1,0.5135645937890461,2025-09-01,180,1.2910848549946294,104.0,,-1.8346280814171105,-9.715515991219974,14.540657986073347,14.102564102564102,1257,Neutral,0.02712918757809213
MALLCOM.NS,1,0.5134865317815868,2025-09-01,180,0.5496688741721855,15.0,,4.335283964482875,-7.392001953125001,43.60514564947835,40.40602197986678,1258,Neutral,0.026973063563173527
VSTIND.NS,1,0.5132080867043529,2025-09-01,180,0.48738170347003157,21.0,,-0.7468680468581139,-8.17039568430877,24.254735133674135,37.296515693176254,1259,Neutral,0.026416173408705834
VSTTILLERS.NS,1,0.513192579448345,2025-09-01,180,0.2688679245283019,13.0,,6.001101119471463,5.199890720335124,38.88913598186347,46.09403924472418,1260,Neutral,0.02638515889668991
21STCENMGM.NS,1,0.5131425966221197,2025-09-01,180,0.4722222222222222,7.0,,-2.469130999433324,-3.0933329264322915,22.254084866450548,17.100346442757527,1261,Neutral,0.02628519324423939
ENTERO.NS,1,0.5131425966221197,2025-09-01,180,0.0933572710951526,5.0,,-6.71608474634247,-2.888863515804356,35.89605462413255,21.654393552742675,1262,Neutral,0.02628519324423939
AARTIPHARM.NS,1,0.5131425966221197,2025-09-01,180,0.6258539148712559,17.0,,-3.256997550971387,3.5087301192387366,38.28799956306599,30.16543492722998,1263,Neutral,0.02628519324423939
NESTLEIND.NS,1,0.5131328539062381,2025-09-01,180,1.6829535495179666,96.0,,0.8365591211359753,2.979469905557439,19.227482085249815,48.8231675648199,1264,Neutral,0.02626570781247617
MOSCHIP.NS,1,0.5131281663103631,2025-09-01,180,0.41208791208791207,11.0,,-5.687664447035874,-11.240009569933514,57.422021831746484,41.503024673359484,1265,Neutral,0.02625633262072613
MALUPAPER.NS,1,0.5130842752490149,2025-09-01,180,-11.0,-4.0,,2.1670811036503803,-13.044643378828605,33.352141603128175,46.22279467037098,1266,Neutral,0.026168550498029797
GATECH.NS,1,0.513017758857025,2025-09-01,180,0.0988237562668722,15.12,,4.255321442460307,-16.949147234288798,56.34394720552235,40.00000794728723,1267,Neutral,0.026035517714050105
LEMONTREE.NS,1,0.5129457468422132,2025-09-01,180,0.32384615384615384,11.0,,-8.808666845185725,-28.17969602549385,37.00175367857474,25.169858853866245,1268,Neutral,0.025891493684426337
ORIENTPPR.NS,1,0.5129442450879389,2025-09-01,180,0.42443729903536975,-3.0,,-5.124294106785981,-18.73098402029797,33.08140879912329,10.691874825309881,1269,Neutral,0.0258884901758778
BHARATGEAR.NS,1,0.5128274919529527,2025-09-01,180,2.319672131147541,2.0,,-3.9146922210181714,-2.404026367577668,43.39312587959192,30.677504679465173,1270,Neutral,0.025654983905905482
PODDARMENT.NS,1,0.5127214964242065,2025-09-01,180,0.1553133514986376,9.0,,-2.7940281923999435,-8.378642943873663,24.487772505946744,24.36211489691918,1271,Neutral,0.025442992848413004
DPSCLTD.NS,1,0.5126634599297495,2025-09-01,180,1.4003115264797508,3.0,,6.971424647739956,-15.523468220868908,36.90605929704333,51.020408163265316,1272,Neutral,0.025326919859498975
PKTEA.NS,1,0.5126516366379517,2025-09-01,180,0.28299725022914757,1.2,,19.696969696969695,8.071135430916552,38.10210027328769,76.50289549185366,1273,Neutral,0.025303273275903315
KRITI.NS,1,0.5126345545316333,2025-09-01,180,0.9861111111111112,6.0,,4.051236591104217,-12.303114942512314,43.46975824938543,30.870823098276333,1274,Neutral,0.025269109063266626
ELECON.NS,1,0.5126241398690796,2025-09-01,180,0.34371754932502596,29.0,,5.41191536210789,-17.563684004264292,53.424446313217054,16.24604691237984,1275,Neutral,0.02524827973815924
VASCONEQ.NS,1,0.5125532269203266,2025-09-01,180,0.9468864468864469,8.0,,-8.62566132801512,-25.867447670792664,49.6562607369834,18.875017702571057,1276,Neutral,0.02510645384065313
EICHERMOT.NS,1,0.5124673294130465,2025-09-01,180,0.3435857403070518,32.0,,13.519450152341813,13.567732331466647,29.526899252065586,72.91901012373452,1277,Neutral,0.024934658826093026
HINDCOMPOS.NS,1,0.5122870632315477,2025-09-01,180,0.10623353819139596,5.0,,0.09729844090142288,-9.76866330126796,31.757882792193147,44.627603681484516,1278,Neutral,0.024574126463095425
VTL.NS,1,0.5121092257616497,2025-09-01,180,0.2830553295362083,11.0,,31.1933269998257,24.124909681305308,52.39701060384926,65.32814552293087,1279,Neutral,0.02421845152329949
SURYALAXMI.NS,1,0.5120187866807283,2025-09-01,180,1.6470588235294117,7.0,,1.523119001535701,-5.8833415721130695,45.64152054486963,37.290975100012204,1280,Neutral,0.02403757336145662
JAGRAN.NS,1,0.5119407568674103,2025-09-01,180,0.3511137162954279,16.0,,-4.879879991683272,-9.383499991924257,17.580697050586437,19.092112902732936,1281,Neutral,0.023881513734820503
DVL.NS,1,0.5119032757883428,2025-09-01,180,0.04089026915113872,4.0,,-1.66590896982611,-15.15259418155952,28.589912754409525,32.54095181979696,1282,Neutral,0.023806551576685653
SHANTI.NS,1,0.5119032757883428,2025-09-01,180,0.3601419278533412,-16.79,,-0.9985758826792887,-25.61629031113906,34.960031352932994,36.496362813685565,1283,Neutral,0.023806551576685653
AMBIKCO.NS,1,0.5116511732123442,2025-09-01,180,0.21047008547008547,11.0,,6.833622741607691,6.079384768712772,45.852533150497464,45.78596386793238,1284,Neutral,0.023302346424688425
CDSL.NS,1,0.5115614857439906,2025-09-01,180,0.40170333569907735,47.0,,-3.839761816184807,-21.33316908339021,43.38819223259359,30.11293062289694,1285,Neutral,0.02312297148798126
KHAITANLTD.NS,1,0.5114638001840005,2025-09-01,180,1.422328439740526,21.03,,3.9011022546789147,-7.6479726623539745,44.6101026163248,31.4777641741059,1286,Neutral,0.02292760036800101
BALPHARMA.NS,1,0.5114396567933914,2025-09-01,180,2.65,10.0,,8.582138743831722,0.7899267888677239,29.491933746911158,67.35565053780982,1287,Neutral,0.022879313586782857
JOCIL.NS,1,0.5113250438946169,2025-09-01,180,0.38095238095238093,1.0,,3.504138941920904,-13.355832513569915,40.66869028076774,51.960769647457504,1288,Neutral,0.02265008778923372
POWERINDIA.NS,1,0.5113180996773735,2025-09-01,180,1.130045821514292,19.0,,39.51533675362951,15.89590134203845,53.48047012149861,79.21854050948095,1289,Neutral,0.022636199354747033
NATHBIOGEN.NS,1,0.5109700287156252,2025-09-01,180,0.462882096069869,7.0,,3.725473404271027,-4.047306150443471,33.928175747050446,39.893188527452324,1290,Neutral,0.021940057431250493
INDUSTOWER.NS,1,0.510806711723493,2025-09-01,180,0.8605185246672754,29.0,,3.034769512969712,13.439727229685625,25.76069321831545,49.063976930427074,1291,Neutral,0.021613423446986024
PRAKASHSTL.NS,1,0.5107097944586113,2025-09-01,180,2.8562231759656647,19.63,,-6.423986848688442,-1.5765804225056395,24.785787461260426,37.83782913008234,1292,Neutral,0.02141958891722262
HLVLTD.NS,1,0.51027040965193,2025-09-01,180,0.36784140969163,6.0,,-5.357140829773895,-17.35966835925685,36.5669288816908,30.337102129317046,1293,Neutral,0.02054081930386009
PGHL.NS,1,0.5102514113068043,2025-09-01,180,0.44193548387096776,48.0,,-5.67503858769098,-12.599765411023172,25.130222710756616,34.534685376147706,1294,Neutral,0.020502822613608584
TRENT.NS,1,0.5100983852637724,2025-09-01,180,0.6766928657799275,29.0,,1.9797047493389377,-8.255691473883605,29.060487220786474,29.549911502343292,1295,Neutral,0.02019677052754476
ELECTCAST.NS,1,0.5100546572922001,2025-09-01,180,0.6115586690017513,14.0,,-1.4261265841846313,-6.569343592623763,42.789991860639915,39.152711116288934,1296,Neutral,0.02010931458440024
NRL.NS,1,0.5100542357291182,2025-09-01,180,0.05128205128205128,10.0,,0.5872277954489846,-14.258036149753938,28.49368331505832,48.83520080151429,1297,Neutral,0.020108471458236465
KRITIKA.NS,1,0.5100308365523076,2025-09-01,180,0.7525773195876289,15.0,,-6.727829660350494,-18.340025756867302,31.068010629317133,26.95651452798309,1298,Neutral,0.020061673104615263
ISHANCH.NS,1,0.5099418119727297,2025-09-01,180,0.7006768792304953,4.04,,0.30129977472597747,-12.26940630802333,46.14101732356231,48.54122161882463,1299,Neutral,0.019883623945459394
NAVNETEDUL.NS,1,0.5097568995211287,2025-09-01,180,0.15269749518304432,15.0,,2.724661534803066,0.60365268910777,59.939082706633094,16.50487594323677,1300,Neutral,0.019513799042257363
THEINVEST.NS,1,0.5097165351804056,2025-09-01,180,0.1049586776859504,0.94,,-4.746771523492399,-21.621179668504734,52.28608707300396,44.5281779423211,1301,Neutral,0.01943307036081121
ACCELYA.NS,1,0.5094494265996178,2025-09-01,180,0.6472868217054264,57.0,,-6.2722670346161085,-4.500132923292496,28.49994627743367,46.4217573923557,1302,Neutral,0.018898853199235566
MANINFRA.NS,1,0.5092601851308943,2025-09-01,180,0.032116788321167884,13.0,,-1.8097937752877788,-18.13702745618942,41.191156232404566,27.05491511825558,1303,Neutral,0.018520370261788655
BALAMINES.NS,1,0.5092024144901119,2025-09-01,180,0.10532544378698225,13.0,,-5.229213763581705,-5.6731455277560645,44.49458089337132,31.024765292985975,1304,Neutral,0.018404828980223886
ODIGMA.NS,1,0.5090244027311339,2025-09-01,180,0.25934028946482657,0.97,,-6.776551376637648,-28.107345576427672,41.402841672121674,5.526765969600348,1305,Neutral,0.018048805462267836
GVT&D.NS,1,0.5089313167388665,2025-09-01,180,1.906999041227229,55.0,,21.922799019510066,33.62254743050753,48.18536566262986,58.067468843045745,1306,Neutral,0.01786263347773298
GANDHITUBE.NS,1,0.5089136437749745,2025-09-01,180,0.08710801393728224,28.0,,23.13222017739256,12.840721812298714,60.21861369681672,61.373782540017366,1307,Neutral,0.017827287549949
BHEL.NS,1,0.5088469343442994,2025-09-01,180,1.9197062621045835,5.0,,1.7082580449256237,-8.904931529300494,36.84189533355822,40.102059500558035,1308,Neutral,0.01769386868859879
SPECIALITY.NS,1,0.5088106634263806,2025-09-01,180,0.5838323353293413,8.0,,-1.2165450121654502,-19.220056691288594,41.07698748108113,31.201844221042023,1309,Neutral,0.017621326852761188
ASAHISONG.NS,1,0.5087689018839581,2025-09-01,180,0.4557823129251701,12.0,,1.9795689490812995,-15.353308670085724,45.25989270546465,45.0779720572656,1310,Neutral,0.017537803767916138
INDOSTAR.NS,1,0.5087598004557243,2025-09-01,180,1.563157894736842,8.0,,6.159451960821567,-3.3283040837572346,58.33806110697813,45.75779182899183,1311,Neutral,0.017519600911448663
JAYNECOIND.NS,1,0.5087563557841885,2025-09-01,180,1.1888111888111887,13.0,,2.7012627780627665,7.2625763805235195,47.07214701485474,48.40794851582334,1312,Neutral,0.017512711568377082
SRHHYPOLTD.NS,1,0.5087149082243336,2025-09-01,180,0.14455445544554454,15.0,,3.894215900863434,-11.877721266310267,31.193101849750505,44.12136142578918,1313,Neutral,0.017429816448667257
IGIL.NS,1,0.5086939938420674,2025-09-01,180,0.15171902617024924,73.0,,3.0509777103315145,1.354921343701802,46.82816721213668,53.09510634045617,1314,Neutral,0.017387987684134742
SUNDRMFAST.NS,1,0.5086704099436635,2025-09-01,180,0.3309950636528969,17.0,,-2.3977142585797515,-8.53715999745796,32.176364892871334,30.98344714229779,1315,Neutral,0.017340819887327052
CHALET.NS,1,0.5086141872702734,2025-09-01,180,0.9440276976341604,12.0,,-3.383554280495211,-8.833489019800481,29.343895621664036,25.425119867955388,1316,Neutral,0.01722837454054682
SHRIRAMPPS.NS,1,0.5085892972023138,2025-09-01,180,0.589058524173028,-1.0,,7.666216770465774,-10.054412405177402,44.65648788669318,50.13849859352776,1317,Neutral,0.017178594404627656
IIFLCAPS.NS,1,0.5085616787348545,2025-09-01,180,2.386390768006367,34.0,,-11.708110523260288,-3.5805835018166414,49.53642864781341,33.09694971248801,1318,Neutral,0.017123357469708944
PRICOLLTD.NS,1,0.5084737972347207,2025-09-01,180,0.8062015503875969,22.0,,12.07586039885458,-2.3963711751975887,42.34068948802395,52.79593922636889,1319,Neutral,0.016947594469441496
MUNJALSHOW.NS,1,0.5084448235323421,2025-09-01,180,0.26686656671664166,0.0,,8.070914145123261,-0.11704833878511181,26.80597428946377,40.9444538585675,1320,Neutral,0.01688964706468421
FAIRCHEMOR.NS,1,0.5084382494526481,2025-09-01,180,0.3197278911564626,10.0,,-6.125513989169588,-8.80682364036272,42.7520271037394,42.10956383737934,1321,Neutral,0.0168764989052963
GRINFRA.NS,1,0.5083779773582314,2025-09-01,180,0.18924496236950716,13.0,,3.3993332844289084,-11.332833661558409,25.194486618262108,21.578519629907476,1322,Neutral,0.01675595471646285
PFC.NS,1,0.5082379416865598,2025-09-01,180,5.115652396821328,,,8.03551402926538,15.214044229882276,33.26660892537546,51.7019002505395,1323,Neutral,0.01647588337311956
IMAGICAA.NS,1,0.5082262621257103,2025-09-01,180,0.41074130105900153,7.0,,-16.663425323685555,-12.886178972101925,36.55697491939537,19.40790202919331,1324,Neutral,0.01645252425142063
LAKPRE.NS,1,0.508221420417496,2017-12-01,3011,19.0,0.0,,-5.333337329682849,-6.578954326620357,57.0838154583327,45.622117689145625,1325,Neutral,0.016442840834991923
PDSL.NS,1,0.5081720958888207,2025-09-01,180,0.17435158501440923,15.0,,-7.844917272542822,-15.825151549384438,44.28244492741433,19.810142180900343,1326,Neutral,0.01634419177764146
CONCORDBIO.NS,1,0.5081109969324767,2025-09-01,180,0.1073972602739726,28.0,,2.390739080922451,-13.896727101633441,70.46658605489567,44.044328510920806,1327,Neutral,0.016221993864953488
CSBBANK.NS,1,0.5080355072681634,2025-09-01,180,9.640289300148904,,,-8.706637941490095,-3.590494389193135,63.717792250153025,42.97958685427296,1328,Neutral,0.016071014536326755
SUNDARMFIN.NS,1,0.5079578826805763,2025-09-01,180,4.075474622239442,,,6.815819689535702,16.86581109394221,25.96015725836141,52.857840742550074,1329,Neutral,0.01591576536115258
SMARTLINK.NS,1,0.5079215264322283,2025-09-01,180,0.135,0.0,,-1.2196084627472075,-7.742710384291536,31.728909737572476,45.81247681843396,1330,Neutral,0.01584305286445664
SUPREMEINF.NS,1,0.5077090578191227,2025-06-01,272,-1.426461143224149,,,0.4203267895108877,-10.442325921808882,19.356582819225924,56.43303021092201,1331,Neutral,0.015418115638245355
BPCL.NS,1,0.5076409005683339,2025-09-01,180,1.1016242868518942,20.0,,7.990628967732756,10.351328415076889,24.300220996487944,47.5171282537934,1332,Neutral,0.015281801136667772
GLOBE.NS,1,0.5075940233092532,2025-09-01,180,1.6012658227848102,9.0,,0.0,-6.666660531919397,45.80561695532478,49.152543057795505,1333,Neutral,0.015188046618506368
MFML.NS,1,0.5075812873322743,2025-09-01,180,0.7263392304837313,-6.18,,-5.633797614353404,-19.549715418569992,49.82434334170633,32.94329680185152,1334,Neutral,0.015162574664548512
AUTOAXLES.NS,1,0.5075741073059267,2025-09-01,180,0.32007952286282304,9.0,,4.447052827103224,24.44187120813667,41.24836230361669,72.22223240494404,1335,Neutral,0.015148214611853339
STARCEMENT.NS,1,0.5075334128713186,2025-09-01,180,0.6635859519408502,-3.0,,0.29417837309936423,-5.202122164725788,22.60130947812933,38.31725613277763,1336,Neutral,0.01506682574263718
LANCORHOL.NS,1,0.5075082434243705,2025-09-01,180,1.0297029702970297,12.0,,-15.411557744697472,-3.592812957849345,45.2507832588296,18.161911857078167,1337,Neutral,0.015016486848741017
JASH.NS,1,0.5074067688481293,2025-09-01,180,0.4975609756097561,22.0,,8.022685226937178,-13.88888907142776,46.61820578751725,41.946302126728746,1338,Neutral,0.014813537696258594
VIJAYA.NS,1,0.5073463115560357,2025-09-01,180,0.5822485207100592,20.0,,6.986896781356071,-0.4410537839527902,24.589509334874197,52.735433307642005,1339,Neutral,0.014692623112071423
SPORTKING.NS,1,0.5073401129634848,2025-09-01,180,0.709280303030303,12.0,,30.759648596987805,21.310787848580436,55.752174511529816,53.86123180430476,1340,Neutral,0.014680225926969603
LLOYDSENT.NS,1,0.5072797162910447,2025-09-01,180,0.18019573978123202,1.0,,-12.114955845092965,-11.39833408118343,52.12878346793898,29.273734825654458,1341,Neutral,0.014559432582089471
BIL.NS,1,0.507272118472698,2025-09-01,180,1.7770114942528736,10.0,,0.43077738053083314,-13.883044469889343,68.73245789309209,12.321604983750234,1342,Neutral,0.014544236945396083
HITECHCORP.NS,1,0.5072196220377834,2025-09-01,180,0.6923076923076923,7.0,,-8.688062993587222,-18.523441802791872,25.282575581599342,18.672898394546536,1343,Neutral,0.014439244075566737
KAJARIACER.NS,1,0.5071637958306953,2025-09-01,180,0.25396825396825395,17.0,,7.3764516520885755,-10.316714826030351,34.35087143658698,50.54270829581985,1344,Neutral,0.014327591661390526
DEEPINDS.NS,1,0.5071278620964751,2025-09-01,180,0.3360938578329883,12.0,,-5.73058267354199,-24.395556199305908,50.7528149942784,23.936402786896025,1345,Neutral,0.014255724192950181
KCPSUGIND.NS,1,0.5070170261573572,2025-09-01,180,0.28534031413612565,1.0,,1.3129069236420325,-15.108180308300835,37.18508139636683,53.32225676784171,1346,Neutral,0.01403405231471444
GALAXYSURF.NS,1,0.5069965883640012,2025-09-01,180,0.6717506631299734,15.0,,7.034572830469515,-2.9181916398803907,31.001556028773763,60.34617461853014,1347,Neutral,0.013993176728002377
REDTAPE.NS,1,0.5068190775454626,2025-09-01,180,1.667832167832168,23.0,,-1.3612324321510538,-9.498116326056461,59.75731464315965,25.823420564275324,1348,Neutral,0.013638155090925252
HEIDELBERG.NS,1,0.5067869461371362,2025-09-01,180,0.8603053435114504,11.0,,-2.2449159008347284,-10.880690921153455,24.897157477319166,33.034472192850586,1349,Neutral,0.013573892274272303
VEDL.NS,1,0.5067663509326691,2025-09-01,180,1.2790550032418413,19.0,,-6.256926038943672,36.57795140951758,49.44891076944913,61.765617393824755,1350,Neutral,0.01353270186533817
BRIGADE.NS,1,0.5066097616871453,2025-09-01,180,1.4944858903665261,9.0,,-5.500718053317193,-22.46117677093671,37.742392897559775,7.568400957535644,1351,Neutral,0.013219523374290665
THEMISMED.NS,1,0.5065543760626972,2025-09-01,180,0.6847457627118644,11.0,,8.484014445013372,-20.45243596677358,54.13924860097674,32.1938801328138,1352,Neutral,0.013108752125394307
SPMLINFRA.NS,1,0.5065474132573807,2025-09-01,180,1.3321596244131455,9.0,,-2.620558564954589,-13.669868573977743,66.36471307806137,29.417303889860193,1353,Neutral,0.01309482651476146
LAXMIDENTL.NS,1,0.5064144614972984,2025-09-01,180,0.11666666666666667,17.0,,4.487251294368364,-30.492685143837434,70.2745343716197,32.27475354732947,1354,Neutral,0.012828922994596814
JUBLFOOD.NS,1,0.506306204468276,2025-09-01,180,1.7824013870827915,11.0,,6.44963777871269,-13.566080729166666,26.379017690238232,31.071229587949887,1355,Neutral,0.012612408936552022
SUPREMEENG.NS,1,0.5062804294131461,2025-03-01,364,-1.3370786516853932,-22.0,,-24.06015354335261,4.123707285899507,47.50062668040957,30.769225478877487,1356,Neutral,0.01256085882629221
SYMPHONY.NS,1,0.5060893158979283,2025-09-01,180,0.36222509702457956,43.0,,-9.814898021122552,-7.810784217070116,38.793861746051036,12.378085634034093,1357,Neutral,0.012178631795856543
360ONE.NS,1,0.5060797380687185,2025-09-01,180,0.2014211533205794,11.0,,-2.8350124896904436,-5.400308702077383,33.33139454891983,41.30324511030683,1358,Neutral,0.012159476137437064
LTTS.NS,1,0.5060279879915447,2025-09-01,180,0.5644352188202733,28.0,,-6.483133372325805,-20.899018566102104,46.95587794907792,34.12839627307392,1359,Neutral,0.012055975983089384
CYBERMEDIA.NS,1,0.5058735870369845,2025-09-01,180,-1.6666666666666667,,,-12.477394067421498,-12.635380718588396,45.89478692936286,29.508206545954835,1360,Neutral,0.011747174073968969
VARROC.NS,1,0.5058336310308705,2025-09-01,180,1.3855359001040584,20.0,,-1.5111493478322713,-17.96330115581736,39.79655679561376,42.47831102635637,1361,Neutral,0.011667262061741068
INDIAMART.NS,1,0.5057765926780812,2025-09-01,180,0.8233719892952721,38.0,,-1.9905322418142524,-7.705627705627706,37.475406611369166,29.41590277231643,1362,Neutral,0.011553185356162343
CRAFTSMAN.NS,1,0.5056296038832332,2025-09-01,180,1.4182892906815021,8.0,,2.8563618969523032,6.75177304964539,40.44656496594197,39.71654581410679,1363,Neutral,0.011259207766466384
ANUHPHR.NS,1,0.5056059139759342,2025-09-01,180,0.5565749235474006,17.0,,4.808477021812792,0.4033899728607986,46.3276800936766,34.128774102752885,1364,Neutral,0.01121182795186848
PREMIERENE.NS,1,0.5055422076726075,2025-09-01,180,0.1769436997319035,12.0,,2.395289956737626,-25.07943109004584,46.981529435456,29.785516242878685,1365,Neutral,0.011084415345214982
NIBE.NS,1,0.5053083726747726,2025-09-01,180,0.670995670995671,17.0,,-0.492659363456679,-7.314606548978306,49.24052717183619,49.690373161824844,1366,Neutral,0.010616745349545154
DAVANGERE.NS,1,0.5053000790916699,2025-09-01,180,0.536779324055666,7.0,,-11.135365950661305,0.0,47.685040501365016,29.896909750437146,1367,Neutral,0.010600158183339703
CREATIVE.NS,1,0.5052135204644662,2025-09-01,180,1.5503597122302157,14.0,,,,,,1368,Neutral,0.01042704092893243
PRAKASH.NS,1,0.5050993263689978,2025-09-01,180,0.3318751822688831,11.0,,4.618330373040689,-5.640285135173111,48.80347947841526,48.41106154765773,1369,Neutral,0.010198652737995584
FELDVR.NS,1,0.5050921893701961,2015-06-01,3925,,,,0.6779654441774425,-1.6556275705983468,57.49730550532253,50.549450261540066,1370,Neutral,0.01018437874039213
GPTINFRA.NS,1,0.5049690381759752,2025-09-01,180,0.888268156424581,25.0,,22.468537271782445,16.30121677514164,49.73218103483601,71.60862015404821,1371,Neutral,0.00993807635195032
POLYPLEX.NS,1,0.5048261357307084,2025-09-01,180,0.3812754409769335,14.0,,-0.5859603974602565,1.8061791530715572,28.631598318420593,35.232131315878334,1372,Neutral,0.009652271461416895
NAM-INDIA.NS,1,0.5047625205062153,2025-09-01,180,0.10804321728691477,42.0,,8.077998908224403,6.349935835012683,45.867088991214736,51.78207576335179,1373,Neutral,0.009525041012430568
QUADFUTURE.NS,1,0.5047087695488861,2025-09-01,180,0.2222222222222222,-7.0,,-5.675239195011053,-3.6617385538536538,43.05251495314597,43.794812716594095,1374,Neutral,0.00941753909777221
VCL.NS,1,0.504661708102066,2025-09-01,180,1.638568129330254,1.77,,1.9138852590577675,17.032969948059463,46.08787622290146,61.6438329320501,1375,Neutral,0.009323416204132018
DMART.NS,1,0.5046479274294399,2025-09-01,180,0.1569862668514552,18.0,,4.91928852766065,-3.7257575964906793,22.333407398443814,41.812618583148506,1376,Neutral,0.009295854858879737
NUVOCO.NS,1,0.5045240557605618,2025-09-01,180,0.9229776247848537,3.0,,-6.5632168306870575,-7.939407305759838,22.295940425143154,33.27949625852051,1377,Neutral,0.009048111521123614
SHEKHAWATI.NS,1,0.5043917224409269,2025-09-01,180,1.0218242865137106,57.34,,-2.1084317665761416,-33.77483160578843,74.67851856968049,31.884057684857822,1378,Neutral,0.008783444881853786
JAMNAAUTO.NS,1,0.5043838595800181,2025-09-01,180,0.35938903863432164,22.0,,25.675556852810626,28.681149575355636,49.18894087605181,65.68804315941973,1379,Neutral,0.008767719160036158
TATACHEM.NS,1,0.5043490060333766,2025-09-01,180,0.21263940520446098,4.0,,-0.7470895780442319,-10.369814776150292,30.40189855575988,54.734967868393824,1380,Neutral,0.008698012066753247
GODAVARIB.NS,1,0.5042852357733845,2025-09-01,180,1.0308988764044944,6.0,,22.975787308279624,18.858411113766063,47.886382119230944,52.47655928597896,1381,Neutral,0.008570471546768932
AGIIL.NS,1,0.5040511847516519,2025-09-01,180,2.7537091988130564,22.0,,15.486307837582626,12.698125232987604,56.38100284605023,78.69649294310818,1382,Neutral,0.008102369503303786
TREL.NS,1,0.5039761514944066,2025-09-01,180,0.055944055944055944,3.0,,-9.138377114490934,-7.481957155574525,63.50511362687315,64.14634486736944,1383,Neutral,0.00795230298881311
SONAMLTD.NS,1,0.5039735910501671,2025-09-01,180,0.5384615384615384,13.0,,27.167485627659037,9.092912838253389,49.976507291488886,70.02274495746332,1384,Neutral,0.007947182100334294
HEADSUP.NS,1,0.5039611792541029,2025-09-01,180,0.4375655823714586,10.93,,0.6188142476111521,-13.048130665819683,36.16485683924608,41.025643638159835,1385,Neutral,0.007922358508205773
KNRCON.NS,1,0.5038846764976607,2025-09-01,180,0.15459297983569828,27.0,,-7.472988113461571,-17.147316943818794,46.48189601423745,28.684294715758142,1386,Neutral,0.0077693529953213325
VAKRANGEE.NS,1,0.503878348453915,2025-09-01,180,0.5621301775147929,9.0,,-5.116964527220151,-19.975338522058745,42.87244308952001,23.577232305368057,1387,Neutral,0.007756696907829985
STYLEBAAZA.NS,1,0.503795946360105,2025-09-01,180,2.8205689277899344,9.0,,-7.24924197675247,5.206001289092856,75.33437068143716,17.923915002530336,1388,Neutral,0.007591892720210103
KIMS.NS,1,0.5036769614273542,2025-09-01,180,0.603056768558952,16.0,,22.712667023605622,8.750549458968889,43.12772340457458,77.47068964988432,1389,Neutral,0.007353922854708372
NORTHARC.NS,1,0.5036685683592116,2025-09-01,180,2.900655021834061,10.0,,-4.5518248718428165,-6.457601917606961,48.268322147266915,39.01394487142542,1390,Neutral,0.007337136718423176
GRMOVER.NS,1,0.5035168154210407,2025-09-01,180,0.9004629629629629,12.0,,-0.6676981953970248,2.6754674562167513,32.71166438262715,44.5251682861145,1391,Neutral,0.0070336308420813065
HOMEFIRST.NS,1,0.5034847297475251,2025-09-01,180,2.4398505603985057,,,-11.88577785466482,-2.511253322597885,59.87067470609412,36.8469179686066,1392,Neutral,0.006969459495050234
ORIENTTECH.NS,1,0.5034511274144401,2025-09-01,180,0.6750700280112045,27.0,,-7.964056781796204,-8.819422732952505,55.91403593810044,27.227735889402283,1393,Neutral,0.006902254828880183
ICRA.NS,1,0.5034493928006623,2025-09-01,180,0.18385093167701863,24.0,,-10.508858506593317,-10.61732385261797,21.758065500437425,16.46966115051221,1394,Neutral,0.006898785601324509
KRIDHANINF.NS,1,0.5033550644756878,2025-09-01,180,-1.1254107729675669,,,-11.197912446611156,-9.549068883744443,50.6308133248701,15.62501979060147,1395,Neutral,0.006710128951375571
DAMODARIND.NS,1,0.5033279592221929,2025-09-01,180,1.3716216216216217,3.0,,0.9087374730863005,-20.436130437459045,35.430005953286994,33.160617665225445,1396,Neutral,0.006655918444385733
AUTOIND.NS,1,0.5032905484653944,2025-09-01,180,2.596590909090909,15.0,,4.391052727945813,11.553788134731715,36.67315606878212,32.41687910921449,1397,Neutral,0.006581096930788899
HSCL.NS,1,0.5030575565529364,2025-09-01,180,0.3330830830830831,23.0,,5.219188139682031,10.797531842086599,24.780705586892662,69.69070919465928,1398,Neutral,0.00611511310587276
KSL.NS,1,0.502877087182774,2025-09-01,180,0.4319796954314721,16.0,,5.0775985334759755,-2.907206283460415,39.4414896228726,42.926021273036014,1399,Neutral,0.005754174365548037
GAYAPROJ.NS,1,0.5027973299639104,2023-03-01,1095,-3.657037037037037,-16.0,,4.958672800657641,10.147442353777446,14.37159914308246,100.0,1400,Neutral,0.005594659927820711
JSFB.NS,1,0.5027596661877436,2025-09-01,180,8.857009345794392,,,3.2581402090203366,-18.271990783247713,53.85710834147568,31.653824084237897,1401,Neutral,0.005519332375487185
CHOLAFIN.NS,1,0.5025744795020427,2025-09-01,180,7.359851703097243,,,5.045454430956873,-0.22497157772278942,29.788526061072595,42.76269114411564,1402,Neutral,0.005148959004085407
SAGARDEEP.NS,1,0.5025202791192488,2025-09-01,180,0.5513111039171253,7.14,,-7.385923442892538,-8.377959746916574,28.184048603826223,38.79519899622896,1403,Neutral,0.005040558238497583
PARADEEP.NS,1,0.502435518708668,2025-09-01,180,1.8139173656415035,14.0,,-8.467684969127795,-23.3873492618456,46.73408196240389,35.81609514176645,1404,Neutral,0.004871037417335966
AMBICAAGAR.NS,1,0.5023869390686337,2025-09-01,180,1.0,7.0,,5.929018918827227,0.2766861829399194,35.208798062400675,60.067115597431865,1405,Neutral,0.004773878137267484
UCOBANK.NS,1,0.5021876541643706,2025-09-01,180,10.380717695980286,,,3.1337101232464692,-3.7686803818539145,22.782249533795156,56.41593041719889,1406,Neutral,0.004375308328741223
SOFTTECH.NS,1,0.5020757624787444,2025-09-01,180,0.391304347826087,6.0,,3.0395137441506153,-17.317074922099174,45.58030827819027,46.92094992704391,1407,Neutral,0.004151524957488828
LAMBODHARA.NS,1,0.5019690554858998,2025-09-01,180,0.5901639344262295,9.0,,3.2908161654622634,-20.710019493159603,60.073600942567495,25.277985263966485,1408,Neutral,0.003938110971799524
CAPTRUST.NS,1,0.5019551003793427,2025-09-01,180,1.4666666666666666,12.0,,-11.05010082635194,-1.519755407174008,49.487811342586156,24.858774108887474,1409,Neutral,0.003910200758685312
TERASOFT.NS,1,0.5017831387785131,2025-09-01,180,1.164179104477612,11.0,,-8.782667229326004,-33.19641446929838,61.92652970921905,25.484384539311748,1410,Neutral,0.0035662775570262095
HEXATRADEX.NS,1,0.5015616676338595,2025-09-01,180,0.16034056817918887,0.12,,-0.5095334013229531,-4.69642820812407,27.42036165301693,49.106878875904535,1411,Neutral,0.0031233352677189075
ELGIRUBCO.NS,1,0.5015536982286172,2025-09-01,180,0.6369426751592356,2.0,,-2.056303999913341,-27.51811998452836,45.36513015725925,29.265390098233027,1412,Neutral,0.003107396457234346
POWERGRID.NS,1,0.5015377219931783,2025-09-01,180,1.7358701280242037,13.0,,15.93194176252473,11.873571023558677,30.462478019213464,58.42802160042678,1413,Neutral,0.0030754439863565075
TVSHLTD.NS,1,0.5014909768008692,2025-09-01,180,0.6367521367521367,21.0,,4.279108289046863,4.473793389572673,40.38899812151565,48.05867126833478,1414,Neutral,0.002981953601738363
DRCSYSTEMS.NS,1,0.5014418771593551,2025-09-01,180,0.37859128822984256,13.13,,2.6227326585355293,-15.597343510641856,59.694824727998316,30.099019661164448,1415,Neutral,0.00288375431871013
PIGL.NS,1,0.5012234497130019,2025-09-01,180,0.5847457627118644,20.0,,-3.6240578875098137,-31.524531328598837,72.08495632968656,31.767223120521848,1416,Neutral,0.0024468994260038457
ZFCVINDIA.NS,1,0.5011868625750074,2025-09-01,180,0.17190714075815458,20.0,,6.264891380518571,14.843986670705847,30.672044201832914,50.24925224327019,1417,Neutral,0.0023737251500148826
KRITINUT.NS,1,0.5011844807497349,2025-09-01,180,0.11790393013100436,24.0,,-2.0354198320639836,-13.28973858685803,36.63724380086219,34.896651436181756,1418,Neutral,0.002368961499469746
DHUNINV.NS,1,0.5011844807497349,2025-09-01,180,0.013975067423570842,3.16,,-2.4042334431487125,-20.15833275052806,36.354116515247576,50.22542851230391,1419,Neutral,0.002368961499469746
HMAAGRO.NS,1,0.5010990853770378,2025-09-01,180,1.0157958687727826,10.0,,1.7275247189618692,-14.00597222335642,45.31914776199189,41.47217797711902,1420,Neutral,0.00219817075407569
BAJAJHLDNG.NS,1,0.5010451370146335,2025-09-01,180,0.06175009888805872,7.0,,0.717814859699823,-6.044003826419689,20.20494247158459,42.74548119198828,1421,Neutral,0.002090274029266981
MOTILALOFS.NS,1,0.5009581844872488,2025-09-01,180,1.8632087150284724,18.0,,-2.4483691087134414,-23.810192575069916,42.585418165186866,19.37758291541536,1422,Neutral,0.0019163689744976509
CGPOWER.NS,1,0.5009009150068752,2025-09-01,180,0.3924149615534993,36.0,,23.123940951957767,8.01019843254597,49.094672380012945,64.93788428262795,1423,Neutral,0.0018018300137503385
TPHQ.NS,1,0.5007784608283053,2025-09-01,180,0.10144927536231885,4.0,,-3.3333399560713786,5.454540134461573,40.515921690605374,33.33333333333333,1424,Neutral,0.0015569216566106991
NTPCGREEN.NS,1,0.5007410310360296,2025-09-01,180,0.6193627581790041,6.0,,-2.371929381538964,-5.065821709521179,27.47131354080129,69.54124279232806,1425,Neutral,0.0014820620720592537
EKC.NS,1,0.5007189439403364,2025-09-01,180,0.2931258106355383,12.0,,3.1264381847162355,-7.314048325719911,59.50286386002639,21.395145548797984,1426,Neutral,0.0014378878806728945
METROBRAND.NS,1,0.5006926758316734,2025-09-01,180,1.079685746352413,20.0,,3.3983171443716915,-9.13077661425843,31.359584355450448,51.66567735786058,1427,Neutral,0.0013853516633468566
RUCHINFRA.NS,1,0.5006874346834953,2025-09-01,180,0.3832673827020915,1.75,,-2.2146527593762677,-17.410072969123043,24.66620699038035,29.47368262547333,1428,Neutral,0.0013748693669906054
AUBANK.NS,1,0.5006511400847609,2025-09-01,180,8.123284651419123,,,-2.991198309328067,0.3245198205639885,31.656354313071816,39.513065774810975,1429,Neutral,0.001302280169521719
NARMADA.NS,1,0.5006443163159446,2025-09-01,180,0.22099447513812148,13.05,,14.032036152492527,36.85749929939013,34.362149480653066,51.308875427653845,1430,Neutral,0.001288632631889275
CANBK.NS,1,0.5005735071034467,2025-09-01,180,15.297614760229383,,,4.689986328807805,3.819760665121326,29.109198895087,65.77541416008273,1431,Neutral,0.0011470142068934486
INDUSINDBK.NS,1,0.5003864647781892,2025-09-01,180,7.1592196057802395,,,6.494876892283415,11.437891049240951,22.126821157648223,63.77087140140215,1432,Neutral,0.0007729295563783101
SELMC.NS,1,0.5003179475990482,2025-09-01,180,-3.9966777408637872,-13.0,,3.313776370642684,-3.0764212480867066,44.3460273786458,46.75105354835989,1433,Neutral,0.0006358951980964811
DEEPAKFERT.NS,1,0.5001219524174128,2025-09-01,180,0.30303030303030304,15.0,,-10.632570659488561,-27.230215859419804,47.93617601386712,14.880955470277016,1434,Neutral,0.00024390483482550351
DEN.NS,1,0.5000456120569742,2025-09-01,180,0.1521681997371879,3.0,,1.0090114834072355,-12.48828674710045,28.194873958637878,32.43244636485201,1435,Neutral,9.122411394835162e-05
SHREECEM.NS,0,0.49985778064416436,2025-09-01,180,0.3323148485954031,7.0,,-3.6222509702457955,-1.231060606060606,17.773707317855127,36.59147869674185,1436,Neutral,0.00028443871167127543
NSLNISP.NS,0,0.4998071084646839,2025-09-01,180,1.140411484722862,-13.0,,-6.842708598029969,-3.1048465971432684,30.519999592022913,37.97468660046078,1437,Neutral,0.0003857830706321952
NETWORK18.NS,0,0.49968680066060744,2025-09-01,180,0.7601641907740422,-1.0,,-9.182558206614186,-26.048364640032908,40.54330568029346,18.901802373732323,1438,Neutral,0.0006263986787851117
APCL.NS,0,0.49961045207229415,2025-09-01,180,1.4688346883468835,-2.0,,-7.088568552932857,2.897379331330113,49.02219880441092,29.894035243291725,1439,Neutral,0.0007790958554116933
ADANIPOWER.NS,0,0.49957772518490196,2025-09-01,180,1.270456538991688,24.0,,4.653417613027641,-5.003732190622606,45.08770138590562,33.18401182783104,1440,Neutral,0.0008445496301960898
JAIPURKURT.NS,0,0.4995076623607729,2025-09-01,180,0.6932812500000001,11.18,,-11.905972537073485,7.000303348664739,58.20544957102829,17.291660954556235,1441,Neutral,0.00098467527845425
MIRCELECTR.NS,0,0.49935392299974174,2025-09-01,180,2.082802547770701,5.0,,-7.593686588260551,12.98232137675618,60.601097071806805,14.485978309696463,1442,Neutral,0.001292154000516521
GRINDWELL.NS,0,0.49927002461090886,2025-09-01,180,0.3683281870313189,21.0,,10.100006459644884,6.865521374664289,29.937325855282232,51.794867843774966,1443,Neutral,0.001459950778182284
HINDZINC.NS,0,0.49915042301642504,2025-09-01,180,1.6055086301872934,61.0,,-15.576065787568133,24.443522795158497,55.12287035534293,40.093975969261614,1444,Neutral,0.0016991539671499245
WELINV.NS,0,0.49914573724980005,2025-09-01,180,0.12426229508196726,0.83,,1.048817055767199,6.146460921420569,37.47980323554016,43.27785206366722,1445,Neutral,0.0017085255003999045
BBOX.NS,0,0.4990145635795511,2025-09-01,180,0.3978494623655914,4.0,,7.67988431839396,-0.056198538746519894,47.30102841493725,35.74404555560177,1446,Neutral,0.0019708728408978082
MICEL.NS,0,0.4989285349994139,2025-09-01,180,0.29556541019955646,8.71,,-13.672423067899475,-17.18889940178922,62.20578803211326,25.505282385012904,1447,Neutral,0.002142930001172161
TRF.NS,0,0.4989269696175071,2025-09-01,180,3.1772151898734178,20.0,,-2.245125443302341,-14.294930192146516,43.9485478180454,30.73595246839696,1448,Neutral,0.002146060764985802
ANUP.NS,0,0.49885797337653404,2025-09-01,180,0.49508196721311476,24.0,,-9.2473917368984,-30.471726824386103,71.63993099857548,20.383347452499095,1449,Neutral,0.0022840532469319275
PAYTM.NS,0,0.49873066388726783,2025-09-01,180,0.3921337729627885,-12.0,,-5.975509649574279,-16.83325237524559,44.746400217535175,36.113002735156805,1450,Neutral,0.0025386722254643335
ORIENTELEC.NS,0,0.498692112829619,2025-09-01,180,1.0521861777150916,18.0,,3.5754248802613664,-4.380969751302712,52.28310953064739,61.447065355982396,1451,Neutral,0.0026157743407619893
NINSYS.NS,0,0.498342200852841,2025-09-01,180,0.30985915492957744,63.0,,-5.687407784800109,-19.721603596127103,48.465631682999685,45.8888441864475,1452,Neutral,0.003315598294318045
DHRUV.NS,0,0.4983293210735301,2025-09-01,180,0.4152046783625731,11.32,,-26.963626548564545,-43.13564673758053,66.41737479723632,25.881568234102133,1453,Neutral,0.0033413578529397636
KTKBANK.NS,0,0.49831471860344473,2025-09-01,180,8.427754388752085,,,8.981521751068959,-4.360533534664274,34.51322058238998,42.37224416826315,1454,Neutral,0.003370562793110543
LUPIN.NS,0,0.4980639341063074,2025-09-01,180,0.1997134880987364,22.0,,7.963969650118939,10.551337831327222,16.784441095788104,72.69972843997996,1455,Neutral,0.0038721317873852135
SUPREME.NS,0,0.4980572898132865,2025-09-01,180,0.03927914544425587,2.43,,-5.065448349791712,-32.155006461166685,64.48258366040534,32.968361445844636,1456,Neutral,0.0038854203734269843
ADANIENT.NS,0,0.4978984896935162,2025-09-01,180,0.8869040010226256,13.0,,7.062207859775836,-5.1925227997176355,53.32036548070873,40.780944680621104,1457,Neutral,0.004203020612967623
REGENCERAM.NS,0,0.49775831682875366,2025-09-01,180,-2.660229330114665,-43.47,,-5.871804111614522,-10.733261039211115,37.06590128832433,20.431758061603418,1458,Neutral,0.0044833663424926895
EIHAHOTELS.NS,0,0.49757141625486656,2025-09-01,180,0.22328244274809161,26.0,,1.7440943613465754,-9.661504566344679,30.95988200339013,26.0204081632653,1459,Neutral,0.004857167490266878
TRU.NS,0,0.49748965670384804,2025-09-01,180,3.165137614678899,,,0.0,-25.80644887531138,56.21577188561636,37.64705288368761,1460,Neutral,0.0050206865923039246
RUCHIRA.NS,0,0.49725177625685124,2025-09-01,180,0.5691382765531062,19.0,,-5.220391914819819,-9.596042124320258,45.46093635911143,27.07097741090142,1461,Neutral,0.005496447486297518
MANORAMA.NS,0,0.4972151142171991,2025-09-01,180,0.8038528896672504,23.0,,3.6705915254920036,10.156008266991936,56.45754219616123,43.83990203817397,1462,Neutral,0.005569771565601789
TIPSFILMS.NS,0,0.49714972381553574,2025-09-01,180,5.416666666666667,-27.0,,0.06928086345335505,-2.2204121203627207,49.71830148597115,34.18673342137275,1463,Neutral,0.005700552368928524
MOBIKWIK.NS,0,0.49706027025124755,2025-09-01,180,1.6206261510128914,-13.0,,0.15804885395327503,-15.519241395089642,71.10006942707301,18.968981171858715,1464,Neutral,0.005879459497504902
JKIL.NS,0,0.4968086662784467,2025-09-01,180,0.9548895899053628,20.0,,-7.522743498356771,-9.7875305787741,34.203008411112435,11.818686067179968,1465,Neutral,0.00638266744310656
WEBELSOLAR.NS,0,0.496719862305061,2025-09-01,180,0.8132992327365729,59.0,,-36.14221234130123,-45.76470618154488,62.73078214717219,6.209510046328376,1466,Neutral,0.006560275389878023
OSWALAGRO.NS,0,0.4963992516621948,2025-09-01,180,0.008310249307479225,22.0,,0.7884059865304528,-23.462783461176105,46.72240271670759,18.88986447743231,1467,Neutral,0.00720149667561043
MARKSANS.NS,0,0.4963823476251231,2025-09-01,180,0.2153846153846154,19.0,,7.990807967388293,-7.459433093963698,39.68609258887978,29.304096499894825,1468,Neutral,0.007235304749753757
RBL.NS,0,0.4963771687945035,2024-12-01,454,0.4551971326164875,21.0,,,,,,1469,Neutral,0.0072456624109930035
SEAMECLTD.NS,0,0.4962665286379814,2025-09-01,180,0.4153846153846154,12.0,,1.9199543056129666,43.754096696670395,40.90679904503719,52.83622487724701,1470,Neutral,0.007466942724037251
ASTEC.NS,0,0.4962335494152382,2025-09-01,180,1.1380145278450364,-13.0,,8.394158106293665,-25.563910486435393,45.260583544644646,45.34161225783767,1471,Neutral,0.007532901169523654
GMRAIRPORT.NS,0,0.496036061114724,2025-09-01,180,0.39857363290805764,1.0,,6.848584548037764,-7.12505891040415,32.30167197678691,57.41464639219624,1472,Neutral,0.007927877770552039
PROTEAN.NS,0,0.496034610722197,2025-09-01,180,0.2847424684159378,12.0,,-5.090474372989546,-27.134655383672495,39.066653928668124,22.594867821499065,1473,Neutral,0.007930778555605977
OSWALGREEN.NS,0,0.495932203066292,2025-09-01,180,0.017508953442101075,0.0,,0.4798787745823724,-21.28398533250082,47.293845493911455,27.785428446021157,1474,Neutral,0.008135593867416024
GOACARBON.NS,0,0.49564203343922475,2025-09-01,180,2.24468085106383,-2.0,,-6.056682678093387,-10.294115983238111,38.03746238194473,36.10404648902159,1475,Neutral,0.008715933121550501
UMESLTD.NS,0,0.4956194097911544,2025-09-01,180,0.17036506800286333,2.0,,-11.255411121370335,-16.66666989727067,49.154009650730444,30.67485577879451,1476,Neutral,0.00876118041769125
MUTHOOTFIN.NS,0,0.4954952277208513,2025-09-01,180,3.631096316301856,,,-18.041399906668435,-10.434804665001723,54.67846839598308,32.05657057582775,1477,Neutral,0.009009544558297389
IFGLEXPOR.NS,0,0.49536625920098903,2025-09-01,180,0.6017191977077364,11.0,,-4.867059772729086,-21.93975626888284,51.72284046902158,37.233516484209254,1478,Neutral,0.009267481598021932
KMSUGAR.NS,0,0.495276639641402,2025-09-01,180,0.2983425414364641,25.0,,2.5514438629603715,-8.617529673713994,31.041385029758352,63.27344161937956,1479,Neutral,0.009446720717195989
TAKE.NS,0,0.49524268056196225,2025-09-01,180,0.2571801566579636,17.96,,4.608524732961744,36.545928578676744,47.43884935837335,39.38160937378753,1480,Neutral,0.00951463887607551
SAIL.NS,0,0.4952100871975282,2025-09-01,180,1.3522055276651244,7.0,,5.42690828067475,22.830036480392042,32.00409226755709,62.81916554365085,1481,Neutral,0.009579825604943637
NYKAA.NS,0,0.4951892134627124,2025-09-01,180,0.13960280373831777,6.0,,11.593113828260304,-0.6845933893155253,33.062766710495964,37.26866279642703,1482,Neutral,0.00962157307457523
VIPULLTD.NS,0,0.49505228549933006,2025-09-01,180,2.205263157894737,0.0,,10.738252724652304,52.601160594131414,42.079809425402686,86.12438510269905,1483,Neutral,0.009895429001339884
LOKESHMACH.NS,0,0.49504048939423934,2025-09-01,180,1.0309734513274336,5.0,,7.785020781147978,16.914039328991073,45.91931623121938,67.00069844745926,1484,Neutral,0.009919021211521328
SINDHUTRAD.NS,0,0.494993715951564,2025-09-01,180,0.5651237890204521,6.0,,17.578309192011783,6.2975476784761595,63.7072649793905,45.4162249183247,1485,Neutral,0.01001256809687201
RELIANCE.NS,0,0.4949640618577892,2025-09-01,180,0.9134389503237266,8.0,,0.20848486082404744,-11.074958570075758,21.10756990920327,34.24850976618637,1486,Neutral,0.010071876284421633
BHARATRAS.NS,0,0.4948955943396822,2025-09-01,180,0.22023809523809523,14.0,,-12.603433240832276,-41.92270529405403,69.34252663563389,11.475097759264429,1487,Neutral,0.010208811320635558
REPL.NS,0,0.4948955943396822,2025-09-01,180,0.39869281045751637,15.0,,-15.674160571471912,-31.683475515245128,72.3348905483931,32.93377907091059,1488,Neutral,0.010208811320635558
DYNAMATECH.NS,0,0.4948906097080843,2025-09-01,180,0.9599406528189911,10.0,,23.304923765502,8.517658663724603,58.133708369862205,63.76275722926607,1489,Neutral,0.01021878058383141
SALSTEEL.NS,0,0.49483553530155117,2025-09-01,180,8.090909090909092,7.0,,18.482102519556577,12.875331426442916,43.77295857479227,45.355871181967025,1490,Neutral,0.010328929396897668
ESAFSFB.NS,0,0.4948315423381947,2025-09-01,180,14.51114922813036,,,-2.422270715799122,1.6572525299489664,48.78732867255601,18.289103304550565,1491,Neutral,0.010336915323610585
ZODIAC.NS,0,0.4948177422802284,2025-09-01,180,2.267326732673267,20.0,,-6.716413552561597,-27.6276695859522,57.74408066271488,38.48016624243413,1492,Neutral,0.010364515439543198
SAKHTISUG.NS,0,0.4946905805156003,2025-09-01,180,7.5,12.0,,-6.69772634490573,-17.46522110406105,39.750931490312986,31.351366537688676,1493,Neutral,0.010618838968799449
VRAJ.NS,0,0.4944823301404331,2025-09-01,180,0.1275,18.0,,1.0355228715013431,-5.547693291166094,32.37637934315355,36.498158752193106,1494,Neutral,0.011035339719133841
UNIVASTU.NS,0,0.49435589986648676,2025-09-01,180,1.2528735632183907,12.0,,6.764514746531382,-2.548420047565115,51.796665461448335,47.03502477239065,1495,Neutral,0.011288200267026482
NAVKARURB.NS,0,0.49426918170057493,2025-09-01,180,0.35843678743349383,0.96,,-10.071941520553098,-26.035505462888953,61.19255297580657,47.16981259390548,1496,Neutral,0.011461636598850133
RAMCOCEM.NS,0,0.49425844792615065,2025-09-01,180,1.183394640042039,5.0,,2.522690456272686,10.80816750499218,25.976984600159835,30.205627322597778,1497,Neutral,0.011483104147698708
UTKARSHBNK.NS,0,0.49422130706867556,2025-09-01,180,10.672634271099744,,,1.6911730572427568,-15.205393154150142,51.75471143595342,47.60765741275418,1498,Neutral,0.011557385862648872
HINDPETRO.NS,0,0.49422110851149226,2025-09-01,180,2.575132825132825,12.0,,1.4216351848623785,-4.098360655737705,35.482428140722384,35.60692471040905,1499,Neutral,0.011557782977015485
MRF.NS,0,0.4940195493956309,2025-09-01,180,0.5616718168962447,27.0,,7.694154016518799,-8.300621811102964,36.51979491981774,42.229736752363394,1500,Neutral,0.011960901208738162
TTML.NS,0,0.49398216105684356,2025-09-01,180,-1.0625506482982172,50.0,,-2.3020896153670383,-19.772376485011087,36.67473332406491,25.615057841521676,1501,Neutral,0.012035677886312879
AMBER.NS,0,0.49397797145589173,2025-09-01,180,1.1274845784784098,12.0,,43.75338020551649,11.043030218632502,40.01824072232846,76.96563774024462,1502,Neutral,0.012044057088216542
SHANKARA.NS,0,0.49393137462465836,2025-09-01,180,0.03829787234042553,20.0,,5.540382843506393,-10.005827225153814,52.51531954540884,44.4394689571132,1503,Neutral,0.012137250750683282
PLAZACABLE.NS,0,0.49379701645510987,2025-09-01,180,0.4112903225806452,4.0,,-11.832411492039322,-7.038838524701044,59.72138186155731,33.92858480920049,1504,Neutral,0.012405967089780257
UMANGDAIRY.NS,0,0.49375954087869656,2025-03-01,364,2.108695652173913,7.0,,,,,,1505,Neutral,0.012480918242606887
HISARMETAL.NS,0,0.49372559708693786,2025-09-01,180,1.3125,9.0,,9.265604518062684,-2.8421854385797958,31.60843750687956,54.78793981466407,1506,Neutral,0.012548805826124276
SURAKSHA.NS,0,0.49368557454614304,2025-09-01,180,0.6153846153846154,18.0,,4.303558965237752,-7.2599928642878035,27.58448519887528,26.15841625710368,1507,Neutral,0.012628850907713929
SHREYANIND.NS,0,0.493640790134845,2025-09-01,180,0.4601366742596811,16.0,,-9.771911363224923,-15.522571842692848,34.63290601672581,27.658364826157054,1508,Neutral,0.01271841973030996
NIACL.NS,0,0.49363508794081606,2025-09-01,180,2.9186208871862807,4.0,,0.19727131199123316,-13.698143090757794,25.950573776478837,39.39394112378459,1509,Neutral,0.012729824118367872
SHARDACROP.NS,0,0.49362369263633327,2025-09-01,180,0.8735112936344969,16.0,,21.637301469843667,38.82570618879271,65.25685088152522,48.67465063344567,1510,Neutral,0.012752614727333467
BALKRISIND.NS,0,0.4934924462578586,2025-09-01,180,0.5738772383414728,16.0,,1.0084862217341453,3.4277217470295045,41.96262515162291,14.706563435628752,1511,Neutral,0.013015107484282806
GATEWAY.NS,0,0.49345909818552386,2025-09-01,180,0.27849308536003814,12.0,,4.699064109179615,3.222164023533863,25.095325978559412,33.75559873132137,1512,Neutral,0.013081803628952282
OCCL.NS,0,0.49336481410245514,2025-09-01,180,0.13623006699839352,-0.62,,,,,,1513,Neutral,0.01327037179508972
HEROMOTOCO.NS,0,0.4933211313516937,2025-09-01,180,0.49890632429862103,31.0,,4.324299152297269,-5.720365970815598,27.055037043553824,52.99672573783708,1514,Neutral,0.013357737296612604
DABUR.NS,0,0.49328526231902997,2025-09-01,180,0.5288540807914263,25.0,,1.5770374376450773,0.21259674024623093,17.291806217330432,53.10134711504634,1515,Neutral,0.013429475361940058
VALIANTLAB.NS,0,0.49325339987374683,2025-09-01,180,0.10094637223974763,-1.0,,-0.1742807371154414,-13.656915976371648,54.7468307879614,8.652250797531693,1516,Neutral,0.013493200252506332
GRANULES.NS,0,0.4930173393097915,2025-09-01,180,0.5341037204058624,11.0,,1.4107768425515212,6.066123882407344,36.58658672619832,57.014287837567124,1517,Neutral,0.01396532138041695
IRCTC.NS,0,0.49298497604125435,2025-09-01,180,0.7913145539906103,49.0,,-6.9250911872096435,-16.59583820561106,29.016652533931513,32.15460436266173,1518,Neutral,0.014030047917491295
RADIOCITY.NS,0,0.49291282765504785,2025-09-01,180,0.3456032719836401,-5.0,,-0.494237379900081,-8.761328304117812,19.62032800073839,25.58135408650061,1519,Neutral,0.014174344689904306
ROHLTD.NS,0,0.4926605375822567,2025-09-01,180,0.888,11.0,,2.055755468176681,-13.249552628010921,33.830726205741115,32.17893592810364,1520,Neutral,0.014678924835486606
PANSARI.NS,0,0.49256426265411185,2025-09-01,180,1.0070921985815602,7.0,,4.771779809984819,1.202406872713666,44.83731029311676,46.631738989010024,1521,Neutral,0.014871474691776299
SHAILY.NS,0,0.4925161833405399,2025-09-01,180,0.7216312056737588,17.0,,7.054238127043594,-25.0538057038456,57.56454074256868,27.91288006310171,1522,Neutral,0.014967633318920148
MANAKSTEEL.NS,0,0.49248273153147454,2025-09-01,180,0.79375,4.0,,-2.573595583446871,-7.387276429404374,49.03411362979996,24.01576340475124,1523,Neutral,0.015034536937050924
JINDALSTEL.NS,0,0.4924513336832171,2025-09-01,180,0.47316674273543285,12.0,,7.29561722724164,19.130593842134942,24.623064089699657,66.66661558066772,1524,Neutral,0.01509733263356583
MANKIND.NS,0,0.4922531954866746,2025-09-01,180,0.6029658284977434,15.0,,6.987816327880108,-0.15103964210350954,35.2561246568426,68.6641396447283,1525,Neutral,0.015493609026650756
KANPRPLA.NS,0,0.4922134714977395,2025-09-01,180,0.9601769911504425,12.0,,2.7110172517508055,-13.65899167639453,77.67671437844946,31.54911622975945,1526,Neutral,0.015573057004521051
GOKULAGRO.NS,0,0.4921953116249724,2025-09-01,180,3.7621407333994052,35.0,,8.37168102070068,-18.42801369525683,45.626150562118745,40.61688137971214,1527,Neutral,0.015609376750055248
AFFORDABLE.NS,0,0.49173176169032046,2025-09-01,180,0.9821428571428571,8.0,,2.807495925898225,-19.64927974259849,70.9663146280011,36.58695443411214,1528,Neutral,0.016536476619359086
GTECJAINX.NS,0,0.49173176169032046,2025-09-01,180,0.28850855745721266,-24.32,,1.7451080188729677,-19.565218604718662,73.37711802926992,52.349872312283125,1529,Neutral,0.016536476619359086
SOUTHWEST.NS,0,0.4916482660951332,2025-09-01,180,0.7692307692307693,12.0,,-9.01827526914132,-13.938882825462622,53.5560646968496,22.178225215371185,1530,Neutral,0.01670346780973364
MANCREDIT.NS,0,0.49162355989993994,2025-09-01,180,1.8481012658227849,12.0,,-0.2544636564404724,-0.9053990941792683,36.04906970164578,62.01273690649689,1531,Neutral,0.016752880200120113
TARAPUR.NS,0,0.4916024265251561,2025-09-01,180,41.0370370370371,-63.15,,-5.447757932969219,-28.78021683947523,46.53526383015024,14.856212947979628,1532,Neutral,0.016795146949687756
MMFL.NS,0,0.49144578587325116,2025-09-01,180,1.5909558067831449,12.0,,8.074392489687026,40.37609638870802,58.58906859194277,51.56951257999676,1533,Neutral,0.017108428253497676
NORBTEAEXP.NS,0,0.4913720909207143,2025-09-01,180,0.5814999999999999,3.9,,10.285714285714285,32.55493949827511,39.046184979346535,72.08156658338136,1534,Neutral,0.017255818158571357
DCXINDIA.NS,0,0.4912588634907303,2025-09-01,180,0.5298634812286689,5.0,,3.1002802977096993,-4.364949011405974,52.38233560368957,53.27372119237927,1535,Neutral,0.01748227301853944
ATLASCYCLE.NS,0,0.4911332533079192,2025-09-01,180,0.25191615829813857,2.27,,-3.8339641336265724,-1.6419970271982105,30.56486500814948,35.269730936127004,1536,Neutral,0.017733493384161636
BHARTIHEXA.NS,0,0.49108307540891477,2025-09-01,180,2.0382706164931945,17.0,,3.02622778225542,-9.12741163588297,30.487714166762476,24.58303195543033,1537,Neutral,0.017833849182170458
BALKRISHNA.NS,0,0.4910328564519564,2025-09-01,180,-1.1197309677045284,,,1.264293056929704,-21.985157182428434,33.987331149168476,48.19819781118601,1538,Neutral,0.017934287096087242
BPL.NS,0,0.491010680798833,2025-09-01,180,1.1666666666666667,8.0,,-6.87563501948652,-10.885341368661248,37.388601414562075,30.935242420260977,1539,Neutral,0.017978638402334046
KAYA.NS,0,0.4909946435757394,2025-09-01,180,-4.311827956989247,-6.0,,-3.5027573624734876,-19.587623395107393,54.140241135691994,40.31171617178686,1540,Neutral,0.018010712848521182
PPAP.NS,0,0.4908272125904375,2025-09-01,180,0.9877300613496932,7.0,,8.0098130758257,-4.80353416459713,52.27985871958851,57.93337708003426,1541,Neutral,0.01834557481912502
VISAKAIND.NS,0,0.49078547036209375,2025-09-01,180,0.7774968394437421,4.0,,-3.0279067956035917,-10.163017390404061,31.27874562043073,3.369273068641945,1542,Neutral,0.01842905927581251
VASWANI.NS,0,0.49074885356693665,2025-09-01,180,2.3092105263157894,11.0,,16.94560581424268,13.492065950750273,49.32257339776006,67.19858991490656,1543,Neutral,0.0185022928661267
MARUTI.NS,0,0.49051265207660927,2025-09-01,180,0.35131861250551777,22.0,,2.447938215418563,-6.559748427672956,22.858987745399453,47.19517848864163,1544,Neutral,0.018974695846781464
PETRONET.NS,0,0.4904220187438695,2025-09-01,180,0.3459128660935451,26.0,,9.256754694758234,18.962658317299958,25.703993957755067,71.19565367623603,1545,Neutral,0.019155962512261038
RELIABLE.NS,0,0.49034535886170216,2025-09-01,180,1.1555555555555554,18.0,,-16.22495906002278,-5.840765054963583,42.361191849018,27.659123104871,1546,Neutral,0.019309282276595674
GMBREW.NS,0,0.4901572314548742,2025-09-01,180,0.11890243902439024,18.0,,3.4715752272752356,-2.449779519843214,40.13369117423425,32.25279022533289,1547,Neutral,0.01968553709025156
HMT.NS,0,0.49008521806668054,2025-09-01,180,1.7730061349693251,2.0,,43.6822333659588,16.494650455758624,42.024166458936755,90.49194970880006,1548,Neutral,0.019829563866638922
ESCORTS.NS,0,0.4899444869821448,2025-09-01,180,0.26570900537634407,14.0,,7.412683789621425,-7.362396174525141,33.89202422812595,34.72202194337882,1549,Neutral,0.020111026035710355
CARTRADE.NS,0,0.48993964266167445,2025-09-01,180,0.025339366515837104,4.0,,-27.311618214780886,-41.67179361723712,70.22735134737943,26.333918422133166,1550,Neutral,0.020120714676651108
RECLTD.NS,0,0.4899352283543535,2025-09-01,180,6.727564993533884,10.0,,-5.6588185135862545,-1.8945869604253893,28.279398506746915,39.900000061035115,1551,Neutral,0.020129543291293017
ARENTERP.NS,0,0.4898847189530897,2025-09-01,180,0.0136443661971832,0.87,,1.2092740825121269,-26.872330630303875,52.134586896559156,51.337247568533336,1552,Neutral,0.02023056209382057
CONFIPET.NS,0,0.489852862107258,2025-09-01,180,0.711755233494364,10.0,,-0.5014097404487619,-16.622903168803152,42.4492840080276,36.17021091571893,1553,Neutral,0.02029427578548404
RSSOFTWARE.NS,0,0.4897065730179408,2025-09-01,180,0.1891891891891892,9.0,,-10.24753395100901,-32.922218194459106,65.41189413778181,31.17996119418899,1554,Neutral,0.020586853964118412
SYNCOMF.NS,0,0.48964344832722273,2025-09-01,180,0.19946808510638298,19.0,,2.3199996948242188,-18.170186383837255,45.300509393618505,23.076956422138423,1555,Neutral,0.02071310334555454
INDIGO.NS,0,0.489616111289862,2025-09-01,180,14.068523742360131,17.0,,4.462241837535165,-18.2038431701686,31.950118628510687,39.21197732895713,1556,Neutral,0.020767777420276023
MANUGRAPH.NS,0,0.4894451584030422,2025-09-01,180,1.374830852503383,-15.63,,2.9993154607703114,-8.313106332605964,56.495353277290675,47.63231038679073,1557,Neutral,0.021109683193915596
SHYAMTEL.NS,0,0.48940924412227443,2025-09-01,180,-1.410675717371182,,,-1.8017953516060774,-19.656016470369355,64.05046127148043,48.06517695324101,1558,Neutral,0.021181511755451132
KEI.NS,0,0.4893824993494324,2025-09-01,180,0.29411764705882354,21.0,,26.841930452380936,22.69430910875612,37.5696297710935,79.36548982502887,1559,Neutral,0.021235001301135203
IMPEXFERRO.NS,0,0.4893065593685801,2025-06-01,272,-1.5262523397100345,,,0.0,-7.10382470945342,30.698534064879755,42.42424789758113,1560,Neutral,0.02138688126283983
FEL.NS,0,0.4890314060845667,2023-03-01,1095,-14.30607476635514,-10.0,,-4.444440323629388,-2.272725117600642,23.499820715448276,0.0,1561,Neutral,0.021937187830866622
ASTRAZEN.NS,0,0.4888696823884725,2025-09-01,180,1.0212765957446808,33.0,,5.4582290549398165,-1.650458460683523,16.605392579318217,58.51996105160663,1562,Neutral,0.022260635223054992
PFOCUS.NS,0,0.48885072258751583,2025-09-01,180,0.10057836084073918,-2.0,,12.274750169852098,48.74503323409005,65.15066243079781,38.9570795301856,1563,Neutral,0.022298554824968342
PRAXIS.NS,0,0.48870155109800106,2025-09-01,180,5.117647058823529,-10.0,,7.894739449102486,-17.215727011989337,54.082545870421164,41.016947289574844,1564,Neutral,0.022596897803997873
MANAKSIA.NS,0,0.48861983718431573,2025-09-01,180,0.14736842105263157,1.0,,-7.3383103903884805,-6.539128044078446,42.00915633400669,14.640505993312061,1565,Neutral,0.02276032563136854
BAIDFIN.NS,0,0.48851822532672057,2025-09-01,180,1.544502617801047,11.0,,-4.557177366774856,9.144545705005374,53.0997865204116,37.17104881341193,1566,Neutral,0.022963549346558865
UGARSUGAR.NS,0,0.4884785900119992,2025-09-01,180,3.584795321637427,3.0,,-1.7454390348611484,-9.810203530132346,23.528655991162147,39.99998183474522,1567,Neutral,0.02304281997600155
BRNL.NS,0,0.4884761287269275,2025-09-01,180,0.9590361445783132,-36.0,,-0.25628469411886506,-20.34384428415325,47.42540944541682,32.53008241245293,1568,Neutral,0.023047742546144945
5PAISA.NS,0,0.4881814421767564,2025-09-01,180,1.7942583732057416,14.0,,-8.496633593660375,-4.508137200539157,36.74432822331455,34.21251014762058,1569,Neutral,0.023637115646487183
DOMS.NS,0,0.4881599802360272,2025-09-01,180,0.30812854442344045,26.0,,1.9275361483722855,-7.091633466135458,27.92727115570394,38.11031871626881,1570,Neutral,0.023680039527945618
GULFPETRO.NS,0,0.48806003671138654,2025-09-01,180,0.17647058823529413,11.0,,-2.2249299350245817,-14.952277855581958,39.74827369607158,44.73388052434603,1571,Neutral,0.02387992657722693
AXISCADES.NS,0,0.48767772215355126,2025-09-01,180,0.7424242424242424,10.0,,15.060240664537888,-0.2681291905683712,66.39480274512366,69.45738472203823,1572,Neutral,0.024644555692897474
PROZONER.NS,0,0.487610679878105,2025-09-01,180,0.11928077779079307,0.82,,4.110736308573164,-7.903528785959536,53.22084934757817,40.07891734859212,1573,Neutral,0.02477864024378995
RENUKA.NS,0,0.4875297234948491,2025-09-01,180,-8.131749460043197,10.0,,1.2073230751541404,-8.985397606866513,38.82882040548171,40.234380238686676,1574,Neutral,0.024940553010301847
KPRMILL.NS,0,0.48750895939970285,2025-09-01,180,0.12915129151291513,21.0,,4.280655452458812,-16.59963062327418,61.41718490677699,32.10338453711449,1575,Neutral,0.024982081200594308
CCHHL.NS,0,0.4867147717284394,2025-09-01,180,0.6591032167226254,0.93,,3.4562196117036788,-15.176321347885313,28.17191989375431,43.555553671753636,1576,Neutral,0.02657045654312118
WALCHANNAG.NS,0,0.4867107067909581,2025-09-01,180,1.478510028653295,0.0,,0.528887408474756,-0.3169680948683002,66.61610237696198,39.814036373936304,1577,Neutral,0.02657858641808375
CHAMBLFERT.NS,0,0.4864155172962642,2025-09-01,180,0.4085542667771334,28.0,,5.973578403216543,4.793821741703348,25.316406487387194,62.88174396818721,1578,Neutral,0.0271689654074716
HINDCON.NS,0,0.48629337663980315,2025-09-01,180,0.2900997697620873,11.15,,-8.791707556849824,-34.01826600483867,61.98625412860388,24.536061878341798,1579,Neutral,0.02741324672039369
TATAPOWER.NS,0,0.48620941272007023,2025-09-01,180,1.8517340120903596,15.0,,3.0290558646963306,-3.217128457879758,25.074102975824403,57.74275748494681,1580,Neutral,0.027581174559859534
NITINSPIN.NS,0,0.4860544964603233,2025-09-01,180,0.8531775018261505,13.0,,16.856527727118724,15.434915414885934,47.60935656693975,62.873037851388425,1581,Neutral,0.027891007079353436
YATRA.NS,0,0.4856376535645666,2025-09-01,180,0.5465425531914894,3.0,,-19.794412395746566,-31.709564274453665,76.09188263097204,31.694178853736133,1582,Neutral,0.028724692870866764
PVRINOX.NS,0,0.4855504089904256,2025-09-01,180,1.249473536431279,2.0,,8.157870977966509,-4.252525704113951,34.808195322882206,45.154646209932466,1583,Neutral,0.02889918201914876
SAGCEM.NS,0,0.4853557927128601,2025-09-01,180,0.6928792569659443,-2.0,,-0.9398119451429611,-9.881328050786589,35.7690091832967,51.92306735858497,1584,Neutral,0.029288414574279775
MTNL.NS,0,0.4852281051476206,2025-09-01,180,-1.3300708038317368,-7.0,,-3.410201731691622,-22.390396638925164,56.8542545473051,19.85154521851537,1585,Neutral,0.029543789704758794
SETUINFRA.NS,0,0.4852281051476206,2023-09-01,911,-3.7828316242143565,0.39,,-4.761900369272073,-14.893615537231566,50.528309545755604,44.44444812374457,1586,Neutral,0.029543789704758794
GTL.NS,0,0.4852281051476206,2025-09-01,180,-1.0247811002808525,,,1.4430069833594839,-15.909084946033552,58.92695702824491,26.99383972520107,1587,Neutral,0.029543789704758794
PPL.NS,0,0.4851375712787197,2025-09-01,180,0.22489082969432314,27.0,,-3.3829663346864027,-17.027714452308572,52.351029271080066,36.497735473232936,1588,Neutral,0.029724857442560593
TITAN.NS,0,0.485101792326401,2025-09-01,180,1.8993382682817408,17.0,,9.84339045192446,10.742893622173618,19.404991096561233,58.03183791606367,1589,Neutral,0.029796415347198013
BVCL.NS,0,0.4850947631608711,2025-09-01,180,0.8245614035087719,12.0,,-7.068925556615241,-1.2172295011819132,63.92460130206427,16.21243948732166,1590,Neutral,0.029810473678257843
SABEVENTS.NS,0,0.48506879990890056,2025-09-01,180,-1.3865546218487397,-200.0,,31.037153291039992,120.73011912349499,22.772696522766854,76.94014644721295,1591,Neutral,0.029862400182198878
SEQUENT.NS,0,0.4848871875399795,2025-09-01,180,0.04403048264182896,2.0,,5.406880170457625,-4.645128690121153,47.470402722976665,53.78950314962721,1592,Neutral,0.030225624920040994
DIGJAMLMTD.NS,0,0.4848458103613654,2025-09-01,180,16.567099567099568,5.04,,-2.103527371533643,-3.7510107168861926,38.11468305189563,39.17625182559231,1593,Neutral,0.03030837927726915
CARRARO.NS,0,0.48412478758139693,2025-09-01,180,1.3511904761904763,22.0,,2.306855667345161,-6.4872183784768955,45.024270923550745,24.142966966880806,1594,Neutral,0.03175042483720614
BGRENERGY.NS,0,0.483993446828874,2025-09-01,180,-3.6658566221142164,-21.0,,-7.216347653744186,-23.15976475822855,53.158652099763884,42.445202945600165,1595,Neutral,0.03201310634225196
LAOPALA.NS,0,0.48390429081698516,2025-09-01,180,0.09725685785536159,15.0,,8.314530498876955,-6.050807377100715,25.959370586954556,51.60377395836295,1596,Neutral,0.03219141836602968
MBLINFRA.NS,0,0.483828945622169,2025-09-01,180,0.8230543318649045,9.0,,-1.2016511637584553,-27.719784716940044,66.14352208579058,39.48155101121818,1597,Neutral,0.032342108755662013
GODREJCP.NS,0,0.4837785396304348,2025-09-01,180,0.6111938446264582,19.0,,5.841949780001779,6.7381382062060515,23.58841343344616,56.707340270506755,1598,Neutral,0.032442920739130354
SUMIT.NS,0,0.48370369499495164,2025-09-01,180,0.618421052631579,14.0,,-22.368426539357714,-48.44044112631531,69.2289579505048,27.90432206356293,1599,Neutral,0.03259261001009672
SGIL.NS,0,0.4834295277108262,2025-09-01,180,2.5982142857142856,21.0,,1.4073570137643365,-5.06995529671039,62.64434131894061,43.490504121695686,1600,Neutral,0.0331409445783476
STARHEALTH.NS,0,0.4833815659639141,2025-09-01,180,1.8569509738079248,12.0,,3.3296337402885685,-4.600883624428722,28.095671776640213,51.09595752688907,1601,Neutral,0.033236868072171855
AAREYDRUGS.NS,0,0.4832675828282576,2025-09-01,180,0.9864864864864865,6.0,,7.842588491055916,-12.994669199705172,70.15255393004671,57.582321755474624,1602,Neutral,0.033464834343484795
NDTV.NS,0,0.4832649690149864,2025-09-01,180,33.964285714285715,-28.0,,-2.1459226664765634,-7.1445185189919895,39.36730763471131,24.52573398097094,1603,Neutral,0.03347006197002722
FCL.NS,0,0.4829928119549805,2025-09-01,180,0.08955223880597014,25.0,,7.07483640484233,-6.197852448207376,44.45400730829625,42.38580351204002,1604,Neutral,0.03401437609003899
BCLIND.NS,0,0.48281042291585163,2025-09-01,180,0.7360594795539034,10.0,,4.259192229848916,-16.477111038280693,45.38762379394235,32.86820632607032,1605,Neutral,0.03437915416829673
DUCON.NS,0,0.48269748507374105,2025-09-01,180,0.8116883116883117,8.0,,3.4374966705218455,-21.190473973886125,73.44578404885883,35.664333332499695,1606,Neutral,0.0346050298525179
AARVI.NS,0,0.4826949605797688,2025-09-01,180,0.7657657657657657,10.0,,5.4667838540997895,0.49462817270840737,32.03803927272405,47.75860345322,1607,Neutral,0.03461007884046241
HATHWAY.NS,0,0.48246860021401544,2025-09-01,180,0.04636459430979979,3.0,,2.879080504206326,-17.980103157355245,43.79060702713132,20.329698544861955,1608,Neutral,0.03506279957196912
CCCL.NS,0,0.48229339826555623,2025-09-01,180,0.6240875912408759,18.0,,4.5098011227551495,-17.150256978178547,57.4193627664292,26.132397292228518,1609,Neutral,0.035413203468887544
MASTERTR.NS,0,0.48222958077769135,2025-09-01,180,0.06507012122652715,3.24,,-10.882292595374366,-24.14504136216228,62.05479048427155,42.14675594615008,1610,Neutral,0.035540838444617306
AXISBANK.NS,0,0.48199591246631435,2025-09-01,180,7.826699938930655,,,1.481269631551198,8.142539440340457,28.045900151643053,62.31884057971014,1611,Neutral,0.036008175067371306
HTMEDIA.NS,0,0.4814948058106498,2025-09-01,180,1.8961937716262975,3.0,,-4.045734764968765,-10.720134132494703,33.231308711925465,40.07487961184329,1612,Neutral,0.03701038837870041
ANMOL.NS,0,0.48147100873478205,2025-09-01,180,2.7130434782608694,10.0,,-0.3358519090301989,-17.626648082922678,48.21788544578523,48.83720466031888,1613,Neutral,0.03705798253043591
MAWANASUG.NS,0,0.48146317293178104,2025-09-01,180,0.2314410480349345,-16.0,,2.974540861208095,-2.366160790765588,27.49140939179386,54.37897300859825,1614,Neutral,0.03707365413643793
MOLDTKPAC.NS,0,0.4812025160710444,2025-09-01,180,0.523168908819133,12.0,,6.920506715054491,-4.918443799687231,39.363626160569694,60.050966976463656,1615,Neutral,0.037594967857911166
WEIZMANIND.NS,0,0.4811598505969149,2025-09-01,180,0.43283582089552236,16.0,,7.600290905229112,-15.887408386193929,52.81269586256463,47.582590237887935,1616,Neutral,0.03768029880617019
SUBEXLTD.NS,0,0.48105906785968544,2025-09-01,180,0.893491124260355,-23.0,,-0.7583932643105915,-23.98340495915385,50.32669800697498,19.06779130208487,1617,Neutral,0.03788186428062912
NATIONALUM.NS,0,0.48085702039851846,2025-09-01,180,0.25724096745297104,44.0,,-16.278299810523407,38.10312605780312,51.855339791403686,42.91442459393817,1618,Neutral,0.03828595920296307
HUBTOWN.NS,0,0.4807427460479438,2025-09-01,180,0.39054726368159204,6.0,,4.240331999461628,-31.291821220830112,61.63432247863905,29.592951059943573,1619,Neutral,0.03851450790411237
AVALON.NS,0,0.48033046587307726,2025-09-01,180,0.26988265971316816,9.0,,26.73464271779331,5.213172227069933,68.76359287456833,42.37081338067857,1620,Neutral,0.03933906825384548
HATSUN.NS,0,0.48030245797742843,2025-09-01,180,1.3894566971490048,13.0,,3.1655829104964472,-15.403627126190553,26.17493051162978,28.345755904975846,1621,Neutral,0.039395084045143136
SPARC.NS,0,0.48012061862612215,2025-09-01,180,-1.9169054441260744,-298.0,,1.6802675769848192,-5.5237476612963885,32.85732079661324,29.97436926817103,1622,Neutral,0.039758762747755694
BFUTILITIE.NS,0,0.48003297221587554,2025-09-01,180,0.2645711303137505,2.73,,-2.356351947277885,-20.08378006579756,37.75792958783213,35.36585428455122,1623,Neutral,0.039934055568248916
AMDIND.NS,0,0.479970723787362,2025-09-01,180,0.6730769230769231,5.0,,-5.703245665213106,-23.0055680423781,70.29898274347227,26.598187932147184,1624,Neutral,0.040058552425276006
VERANDA.NS,0,0.4799101705448328,2025-09-01,180,0.2834017084179458,3.01,,-5.4793061201340105,-14.598397117558044,52.25062677808295,28.989551855659258,1625,Neutral,0.04017965891033437
UDAICEMENT.NS,0,0.4798825535664383,2025-03-01,364,2.36875,8.0,,-2.7121431007197834,14.398482649059716,32.34512856166389,46.60713932952727,1626,Neutral,0.04023489286712345
INDNIPPON.NS,0,0.47983283514053154,2025-09-01,180,0.3086734693877551,15.0,,16.85344266882317,-1.7596551873333872,41.533193113933656,63.42809736027281,1627,Neutral,0.04033432971893691
MTARTECH.NS,0,0.47968953433983086,2025-09-01,180,0.571619812583668,11.0,,38.83297041678063,50.3238112315875,52.653215462660185,71.16985478037105,1628,Neutral,0.04062093132033828
IMFA.NS,0,0.47966435963856124,2025-09-01,180,0.36257545271629776,21.0,,2.7367184102428825,-6.156813404282195,61.60443787079195,21.411049905395544,1629,Neutral,0.04067128072287751
ASIANTILES.NS,0,0.47964186663196184,2025-09-01,180,0.3537508602890571,2.0,,-1.7103418810614224,9.580199098691963,46.70479711328003,43.277926922398045,1630,Neutral,0.04071626673607631
GENCON.NS,0,0.4795603911837197,2025-09-01,180,0.6597222222222222,8.0,,-5.825242106409488,1.559369063170164,72.12899207607674,33.413115108539,1631,Neutral,0.04087921763256064
ICICIGI.NS,0,0.47935811877101586,2025-09-01,180,2.7059889972493125,25.0,,4.157538640944708,-3.5016493275818323,18.754973747007792,52.36067645251564,1632,Neutral,0.041283762457968276
GODIGIT.NS,0,0.479331695589003,2025-09-01,180,4.037348877374784,11.0,,4.189294026377036,-6.293605515275227,20.695994520985657,71.42851582084347,1633,Neutral,0.04133660882199397
SEMAC.NS,0,0.4792690026190892,2025-09-01,180,2.15625,-2.0,,2.2857117022156084,-25.91968582051586,61.02833445431932,41.23843763313548,1634,Neutral,0.04146199476182155
MAHAPEXLTD.NS,0,0.47926079852108733,2025-09-01,180,0.17607223476297967,1.0,,-7.937629446544066,2.0309666773020467,37.413635656262045,41.82811384892584,1635,Neutral,0.041478402957825344
SAKUMA.NS,0,0.47859748282036485,2025-09-01,180,0.3220675944333996,3.0,,-1.081080036149411,-23.430963908316787,51.93739618151619,27.2727445137333,1636,Neutral,0.0428050343592703
GINNIFILA.NS,0,0.4785527759251634,2025-09-01,180,0.38461538461538464,9.0,,6.4137618121311535,-3.298606216329288,76.67289943129778,42.56329158493034,1637,Neutral,0.04289444814967325
AKG.NS,0,0.47843835977633,2025-09-01,180,0.0,2.96,,-1.9911537566995443,11.120400664414369,26.011800742500853,22.553207894795577,1638,Neutral,0.04312328044734004
LOTUSEYE.NS,0,0.47842521875808564,2025-09-01,180,0.17964368195315078,2.99,,-22.061112861934838,3.5912377514223257,65.75122025072042,39.45214909469917,1639,Neutral,0.04314956248382873
SILVERTUC.NS,0,0.47829581999357335,2025-09-01,180,0.8811188811188811,23.0,,7.218762245600757,80.80000000000001,51.328225762194826,54.64437006195517,1640,Neutral,0.04340836001285331
UNIECOM.NS,0,0.4782290492548829,2025-09-01,180,0.18719211822660098,32.0,,4.398373243398821,-15.700539315762152,65.4298359555971,57.28776154435747,1641,Neutral,0.04354190149023418
GMRP&UI.NS,0,0.4781371392661016,2025-09-01,180,1.4932601098352472,8.0,,17.898453966937545,0.7454555609333589,40.23242673012393,79.29551540690522,1642,Neutral,0.04372572146779685
APARINDS.NS,0,0.4778117351066727,2025-09-01,180,1.3186433354936271,33.0,,45.2956465237167,22.064523172662263,66.41842126955237,80.04103711994031,1643,Neutral,0.04437652978665463
BAJAJCON.NS,0,0.4777279460802493,2025-09-01,180,0.25697503671071953,19.0,,22.378813267494387,47.7838029113552,71.1259545643624,58.21880163153988,1644,Neutral,0.04454410783950136
RKFORGE.NS,0,0.47723474712106423,2025-09-01,180,1.0228907782864618,7.0,,8.654126447031045,0.3272705078125,41.11622235923649,40.90709939752782,1645,Neutral,0.04553050575787154
RAYMOND.NS,0,0.47714211162037634,2025-09-01,180,0.055865921787709494,1.0,,7.194435500293626,-16.975662808292334,37.62470514777052,40.37528504017533,1646,Neutral,0.04571577675924732
MTEDUCARE.NS,0,0.47713456878255295,2025-09-01,180,2.2037037037037037,-6.0,,-5.479454851034117,-29.591838348313964,51.60278817011586,40.32258405645596,1647,Neutral,0.045730862434894104
HCL-INSYS.NS,0,0.47713456878255295,2025-09-01,180,-1.7227722772277227,-20.0,,-2.481202398297268,-6.421352176727277,49.69243910824454,42.94872441470529,1648,Neutral,0.045730862434894104
MAXIND.NS,0,0.47709199292093524,2025-09-01,180,0.010742018150638829,-0.43,,-2.4106428078357527,-25.699823574200977,51.119033555739705,28.037405390245553,1649,Neutral,0.045816014158129525
FSC.NS,0,0.47698728728581286,2022-06-01,1368,-6.457142857142857,6.0,,0.0,0.0,0.0,100.0,1650,Neutral,0.04602542542837429
AXITA.NS,0,0.47698647065001026,2025-09-01,180,0.48484848484848486,2.0,,-4.705261761884512,-6.766222280610358,46.23549568924551,31.814045172862365,1651,Neutral,0.04602705869997947
PREMIERPOL.NS,0,0.47680631128761064,2025-09-01,180,0.2878787878787879,30.0,,4.24133254011129,14.201566971778648,59.93408521949362,41.20912467892185,1652,Neutral,0.04638737742477872
GTPL.NS,0,0.47680455214122697,2025-09-01,180,1.8558659217877096,8.0,,-24.54827497211106,-41.293434415019746,64.19826444350214,25.244470456024175,1653,Neutral,0.046390895717546066
ABSLAMC.NS,0,0.4763286376792665,2025-09-01,180,0.10938383267382702,36.0,,16.58186243782616,21.520365166790697,29.02405027475697,71.81227253680396,1654,Neutral,0.04734272464146705
BBTC.NS,0,0.47614751638784747,2025-09-01,180,1.6129032258064515,28.0,,-0.19312167542887504,-6.7801899257566856,26.437108854296632,35.74816230805908,1655,Neutral,0.04770496722430506
GOODLUCK.NS,0,0.4761141151679568,2025-09-01,180,0.9792626728110599,16.0,,13.097564938969484,0.5890383027248657,51.88345386591733,54.62630557306743,1656,Neutral,0.04777176966408636
KEYFINSERV.NS,0,0.476097817315659,2025-09-01,180,0.05980418100026437,3.51,,1.0046600898204445,-0.017754500137115034,43.40971648602698,45.955455794063276,1657,Neutral,0.047804365368682045
KINGFA.NS,0,0.47586014715274727,2025-09-01,180,0.33976833976833976,31.0,,4.239055565828402,0.49516693583564847,47.41227882271302,47.28586322352989,1658,Neutral,0.04827970569450546
GARFIBRES.NS,0,0.47584910103927014,2025-09-01,180,0.3992248062015504,23.0,,-0.36447857090926716,-8.568168696799468,63.57193984695252,26.833651720381923,1659,Neutral,0.04830179792145972
JBCHEPHARM.NS,0,0.4755688012909161,2025-09-01,180,0.23636852001074402,26.0,,11.980024716152002,16.702491296363203,24.086519620277183,78.15222063762732,1660,Neutral,0.04886239741816778
LUMAXTECH.NS,0,0.4750746301078001,2025-09-01,180,1.1764705882352942,11.0,,32.65398246087033,17.199067983598702,58.59742463240902,64.34257768455055,1661,Neutral,0.0498507397843998
JSWSTEEL.NS,0,0.4750567525129437,2025-09-01,180,1.4244930245937006,10.0,,2.1979758522727275,8.997664220491188,21.86714100947926,57.010670962159004,1662,Neutral,0.04988649497411257
HESTERBIO.NS,0,0.4748067734370438,2025-09-01,180,0.5603448275862069,11.0,,8.48669693033735,-5.0741371681333876,28.14004134900456,59.79563139465331,1663,Neutral,0.05038645312591239
COASTCORP.NS,0,0.4747254029743922,2025-09-01,180,1.0666666666666667,6.0,,-0.41476192034569265,3.0261973566593863,52.49000048285838,30.872084306598808,1664,Neutral,0.05054919405121561
DELHIVERY.NS,0,0.4743133762158812,2025-09-01,180,0.2881792939309798,3.0,,5.2452663292391755,1.6893433794543529,30.129953969392275,49.73977253183243,1665,Neutral,0.05137324756823758
NOIDATOLL.NS,0,0.4743107776774335,2025-09-01,180,-3.8125,-9.0,,-3.6082500199706278,-21.09704240229365,52.33191229515973,44.62810552443307,1666,Neutral,0.05137844464513297
GAEL.NS,0,0.4740386347669225,2025-09-01,180,0.21809369951534732,12.0,,-1.1571596457401128,27.466765696304556,37.235591211608266,61.39327488588483,1667,Neutral,0.05192273046615503
BANKBARODA.NS,0,0.47377869295068115,2025-09-01,180,11.424827886473102,,,6.447346408652805,11.093866724739227,32.384155863759005,83.89192085351618,1668,Neutral,0.05244261409863771
TALBROAUTO.NS,0,0.4736875467444436,2025-09-01,180,0.5213946117274167,18.0,,6.765376360253775,-7.219436229711208,54.22995349465506,22.86286153890957,1669,Neutral,0.052624906511112846
MCX.NS,0,0.4735335209467863,2025-09-01,180,0.26641111643507426,32.0,,-9.035739060754839,21.273644117921855,55.752925573634435,50.7586846203137,1670,Neutral,0.0529329581064274
SAMMAANCAP.NS,0,0.4734556773864126,2025-09-01,180,1.972643332617565,,,1.5856855876882454,-2.5038963204147344,29.84478982721626,51.18717755083316,1671,Neutral,0.053088645227174824
NETWEB.NS,0,0.4734496158286287,2025-09-01,180,0.8339100346020761,32.0,,25.86049225370763,17.317859175790602,47.28018489381657,79.29246728526452,1672,Neutral,0.05310076834274258
ARIHANTCAP.NS,0,0.47331954005459725,2025-09-01,180,1.3994708994708995,22.0,,-1.764492624233111,-20.18120647128206,58.00394331091703,47.163746693272,1673,Neutral,0.05336091989080549
LLOYDSENGG.NS,0,0.47321396417177314,2025-09-01,180,0.3613518197573657,23.0,,7.7061696409070315,-11.432280607908787,57.41514688271956,25.56818692011278,1674,Neutral,0.053572071656453724
SBCL.NS,0,0.47290201116582975,2025-09-01,180,0.23515439429928742,26.0,,7.562797034749156,4.481733048001099,67.34748495095516,27.50668182082036,1675,Neutral,0.0541959776683405
MONARCH.NS,0,0.4728336936273763,2025-09-01,180,0.41391509433962265,33.0,,0.8662784767404383,-8.91459474385426,41.21486191639912,20.131675001425492,1676,Neutral,0.054332612745247366
GUJRAFFIA.NS,0,0.4723945833863729,2025-09-01,180,0.3677419354838708,3.97,,-6.116367042534158,-37.63831742805106,43.96869700869509,44.694023363328895,1677,Neutral,0.055210833227254175
TAJGVK.NS,0,0.47232023872265994,2025-09-01,180,0.4088888888888889,21.0,,-1.366462997110076,-11.777780791859568,38.331475595618635,43.30182281073228,1678,Neutral,0.05535952255468013
HECPROJECT.NS,0,0.4721514706727178,2025-09-01,180,1.2456140350877194,19.0,,1.6774897695032425,-13.223522588751319,76.76758380539445,38.97804165622243,1679,Neutral,0.055697058654564424
TFL.NS,0,0.4721162843663905,2025-09-01,180,0.9373793103448277,9.48,,-4.989452616391833,-0.9523748307664704,61.74991785965904,46.076798990219345,1680,Neutral,0.05576743126721895
AARTISURF.NS,0,0.47192039990241413,2025-09-01,180,1.0672268907563025,9.0,,-2.1387085178855285,-5.606057760598776,70.49074322615716,26.02475079639524,1681,Neutral,0.05615920019517173
PFIZER.NS,0,0.4719142844243889,2025-09-01,180,0.19667446089893478,22.0,,10.06696774086697,1.7527677449748744,33.3278848126404,61.79661429601047,1682,Neutral,0.05617143115122225
GENSOL.NS,0,0.47187760640671134,2024-12-01,454,2.419254658385093,18.0,,-5.442938771816374,-16.561775129349382,48.2749010788924,0.0,1683,Neutral,0.05624478718657733
WESTLIFE.NS,0,0.47165784110052783,2025-09-01,180,0.0019646365422396855,0.0,,2.4958613536075913,-12.12040000737061,46.722712463021196,36.86198982189323,1684,Neutral,0.05668431779894434
ASHIANA.NS,0,0.47156947717387154,2025-09-01,180,3.8251572327044023,4.0,,13.99408524909095,8.19296325282762,49.39007698058423,61.33732943438454,1685,Neutral,0.056861045652256914
COLPAL.NS,0,0.4715417882979038,2025-09-01,180,1.008849557522124,105.0,,6.7117930659993235,3.9610762001065907,23.341867277327864,62.794311421500325,1686,Neutral,0.05691642340419245
CESC.NS,0,0.47095799578141434,2025-09-01,180,2.1041157493401115,10.0,,8.448187554507818,-7.232521199003596,32.35094228552647,56.71809019859403,1687,Neutral,0.05808400843717132
LUMAXIND.NS,0,0.4708467001674486,2025-09-01,180,3.5834683954619124,13.0,,25.7989992164742,7.7585248834494625,85.11543316210167,63.87392029967406,1688,Neutral,0.058306599665102765
MAHLOG.NS,0,0.4708012974897628,2025-09-01,180,1.1286509040333796,9.0,,20.08417200949424,27.327276337011718,59.028038917151385,65.4696091343611,1689,Neutral,0.05839740502047441
ASTERDM.NS,0,0.47043179602464325,2025-09-01,180,0.38038331454340474,139.0,,21.402069875064704,-1.6304810913006857,35.181700273022486,85.4140209776843,1690,Neutral,0.05913640795071351
SNOWMAN.NS,0,0.4702447798057185,2025-09-01,180,0.9556650246305419,4.0,,6.445661086267871,-7.516845391819977,36.292724534201426,11.820651286899661,1691,Neutral,0.05951044038856301
SOMATEX.NS,0,0.470091769376491,2025-09-01,180,0.020392937080328282,-1.74,,-5.245203860024653,-9.689480161123985,44.47092731601481,47.42190601371252,1692,Neutral,0.059816461247018005
KUANTUM.NS,0,0.47000372309127353,2025-09-01,180,0.7908713692946058,11.0,,3.119243980369764,-7.295119097975668,38.15451595901592,49.63539847483672,1693,Neutral,0.05999255381745294
MANORG.NS,0,0.4699566355444472,2025-09-01,180,1.1806020066889633,6.0,,-3.0989580534664802,-14.703450050405403,63.90705831245885,30.031198388519684,1694,Neutral,0.06008672891110556
MARICO.NS,0,0.4699323523809465,2025-09-01,180,0.3248369887374037,43.0,,8.041648225958593,9.931697459613769,19.620497433262027,63.02005697244765,1695,Neutral,0.06013529523810701
TATAINVEST.NS,0,0.46975501529287395,2025-09-01,180,0.125035765379113,1.0,,7.070871121075513,-11.67281096788049,42.523093628046745,50.63398201378719,1696,Neutral,0.06048996941425211
DOLPHIN.NS,0,0.4696654826732502,2025-09-01,180,0.5156736822025815,2.95,,-0.7289645883033503,18.316484986881047,71.4044582752702,46.65968101821396,1697,Neutral,0.0606690346534996
DBSTOCKBRO.NS,0,0.46938371649458627,2025-09-01,180,0.8180274515353048,12.37,,5.13962163018338,3.919998168945313,14.868522272745322,66.11567338475984,1698,Neutral,0.061232567010827466
CRISIL.NS,0,0.46934235131520335,2025-09-01,180,0.3294710327455919,39.0,,-3.1855588689252574,-1.0692472563776125,33.342047734913166,31.749763372082185,1699,Neutral,0.06131529736959329
WINSOME.NS,0,0.4691982194668987,2025-03-01,364,-9.3,-8.0,,4.268295918455612,-12.75510179256708,25.352125935837442,61.76471928824999,1700,Neutral,0.06160356106620257
ACMESOLAR.NS,0,0.4685512725032026,2025-09-01,180,1.1507145950627977,8.0,,10.207631330883704,2.6322067267261926,42.33799425006512,58.6274093953701,1701,Neutral,0.06289745499359478
ORCHASP.NS,0,0.4684603111465183,2025-09-01,180,0.9171021167301392,-8.26,,5.46875422005551,-6.896553141608629,72.59795248652487,58.41584345392432,1702,Neutral,0.06307937770696337
IEX.NS,0,0.4682289764894804,2025-09-01,180,0.5291666666666667,54.0,,-0.33659327565105296,-8.715208102828583,30.754787425358575,50.94817516910515,1703,Neutral,0.06354204702103916
KKCL.NS,0,0.46758789100333326,2025-09-01,180,0.47494305239179957,19.0,,10.481173531831784,3.3160988669874283,35.34150494872319,56.90756515865208,1704,Neutral,0.06482421799333349
ADVANIHOTR.NS,0,0.46756820488023626,2025-09-01,180,0.527027027027027,45.0,,-3.708285801182401,2.291087443789754,44.473774910739614,26.95991369910074,1705,Neutral,0.06486359023952748
TIRUPATIFL.NS,0,0.46723977443054615,2025-09-01,180,0.40336134453781514,12.0,,11.328126791005017,5.766487376977915,42.20036551839826,56.612750314685464,1706,Neutral,0.0655204511389077
RESPONIND.NS,0,0.46708774398969866,2025-09-01,180,0.2765072765072765,6.0,,3.7695441143116355,-18.89115869509906,61.8248654904757,27.73744075199265,1707,Neutral,0.06582451202060269
POONAWALLA.NS,0,0.46680604224492966,2025-09-01,180,3.7759112197108533,,,13.728430791298148,-5.309181896334269,50.874409533387755,45.66155564155806,1708,Neutral,0.06638791551014067
ORICONENT.NS,0,0.4667029300781814,2025-09-01,180,0.08940092165898618,-1.0,,1.917601167485955,15.55970785392852,28.813992290585755,60.98324965743558,1709,Neutral,0.06659413984363716
KAMDHENU.NS,0,0.4666944197547073,2025-09-01,180,0.17032967032967034,29.0,,1.5466212746331809,-11.954026029242943,54.734972716507436,51.02040144144037,1710,Neutral,0.06661116049058535
SINCLAIR.NS,0,0.46607893773463666,2025-09-01,180,0.4191936595451414,15.33,,0.703217748520892,-9.162452336447258,28.596047732288987,48.69232331223319,1711,Neutral,0.06784212453072669
FOSECOIND.NS,0,0.4660097105629296,2025-09-01,180,0.4146341463414634,31.0,,17.236138185888283,2.6921241472615947,50.01994630525505,66.41922201203005,1712,Neutral,0.06798057887414077
RICOAUTO.NS,0,0.46506009325860637,2025-09-01,180,1.5982142857142858,6.0,,13.105217703040603,9.381207995489518,57.998865514838386,48.18453888255549,1713,Neutral,0.06987981348278727
IXIGO.NS,0,0.46493901350138817,2025-09-01,180,0.42877906976744184,15.0,,-17.16022092560641,-36.17084881746955,69.65218018737622,22.899934220413442,1714,Neutral,0.07012197299722367
ANANTRAJ.NS,0,0.46491579293625435,2025-09-01,180,0.17508505626799267,7.0,,8.199733359942076,-8.09264002536064,47.06064198495858,30.639751859138414,1715,Neutral,0.07016841412749131
NMDC.NS,0,0.4648903488113973,2025-09-01,180,0.30789946140035906,30.0,,-0.4434955106847043,13.940485596034712,34.403139774771944,49.23035012887952,1716,Neutral,0.07021930237720542
CENTRALBK.NS,0,0.4646837549000501,2025-09-01,180,12.236647645094274,,,9.152821286156755,4.995038676532605,25.241924480015726,68.58057030771354,1717,Neutral,0.07063249019989981
A2ZINFRA.NS,0,0.464519404758181,2025-09-01,180,42.285714285714285,1.0,,26.37906934473336,15.439285320881845,61.32696286093152,72.28328210777221,1718,Neutral,0.07096119048363803
OMAXE.NS,0,0.46414817741695197,2025-09-01,180,10.779334500875656,-9.0,,6.724282367135624,13.465398737152368,35.43272257676247,48.41026893028846,1719,Neutral,0.07170364516609606
THANGAMAYL.NS,0,0.46353496607307587,2025-09-01,180,1.7832047986289632,14.0,,13.34669198888849,21.671787067359404,58.55790696099299,62.11052293572262,1720,Neutral,0.07293006785384826
AVROIND.NS,0,0.463072290334142,2025-09-01,180,0.4234161988773054,7.58,,9.931887140313119,0.8501039943590267,41.8636913614259,64.09979945940512,1721,Neutral,0.07385541933171602
HAVELLS.NS,0,0.4629027461589593,2025-09-01,180,0.5686297107295148,26.0,,9.671084764170683,-2.810659316592939,28.321770373021337,57.78737440266291,1722,Neutral,0.07419450768208136
MAHASTEEL.NS,0,0.4625615308822034,2025-09-01,180,0.7746478873239436,7.0,,-2.337105839491209,4.895930435199538,26.064868550178637,79.89013165223346,1723,Neutral,0.07487693823559316
SPIC.NS,0,0.4622539835614969,2025-09-01,180,0.8261253309796999,16.0,,-3.765749819035587,-19.567225631799868,36.12750991543689,33.13709058522474,1724,Neutral,0.07549203287700623
HEMIPROP.NS,0,0.4619750762874394,2025-09-01,180,1.664787707973452,-0.73,,8.46053477978747,1.733929281295584,35.50664401784292,61.38940541963962,1725,Neutral,0.07604984742512122
LLOYDSME.NS,0,0.4619564370702416,2025-09-01,180,0.5389635316698657,38.0,,8.787716026160139,1.0324463564303017,54.32880378494173,46.72387613452996,1726,Neutral,0.07608712585951682
ACE.NS,0,0.46193052476094243,2025-09-01,180,0.6768018018018018,40.0,,5.196196457435344,-10.88839412923924,31.313248152456392,38.48693468662598,1727,Neutral,0.07613895047811514
AFIL.NS,0,0.4619038075380385,2025-09-01,180,0.9776119402985075,14.0,,45.49179791250859,-2.872777562117499,80.19680987498116,89.73382520676688,1728,Neutral,0.076192384923923
HINDCOPPER.NS,0,0.4615370519391865,2025-09-01,180,0.2928380187416332,24.0,,-25.372287622199668,73.45808331738017,93.2967655679418,41.50075055414114,1729,Neutral,0.07692589612162704
RBA.NS,0,0.4611913134154095,2025-09-01,180,0.9044843049327355,2.0,,-0.3606139019102435,2.0227938722330583,17.521889563433298,23.469283159098012,1730,Neutral,0.07761737316918105
TFCILTD.NS,0,0.46051897633057376,2025-09-01,180,0.8458466453674122,,,7.578988108619224,-2.9460145615006215,51.05728711458729,55.83942509148466,1731,Neutral,0.07896204733885248
PASUPTAC.NS,0,0.46008712012206027,2025-09-01,180,0.6884816753926701,12.0,,18.050935627344895,-11.417648563982308,61.076096084779685,59.927041658731795,1732,Neutral,0.07982575975587947
NGLFINE.NS,0,0.4598326984876734,2025-09-01,180,0.6122448979591837,8.0,,29.550182284239717,71.61607198698037,75.58225946972541,58.21287643953852,1733,Neutral,0.08033460302465323
JETFREIGHT.NS,0,0.45970233163610225,2025-09-01,180,1.5217391304347827,11.0,,3.7746483171489875,-1.3390465933496976,35.89785194694922,69.47367927925035,1734,Neutral,0.08059533672779551
BSE.NS,0,0.45964093107708864,2025-09-01,180,0.4256572982774252,47.0,,-5.399077254943515,-6.7289074992660804,46.53087381667812,35.76694085624746,1735,Neutral,0.08071813784582271
MSTCLTD.NS,0,0.45953507717465847,2025-09-01,180,1.396694214876033,28.0,,-0.7519162596011721,-5.679058110813522,32.790396864988125,43.69358532497378,1736,Neutral,0.08092984565068306
NHPC.NS,0,0.4594701701731562,2025-09-01,180,1.3491752654967237,7.0,,-3.143721253674542,-0.06410938960654608,25.760191279564104,39.45579996619047,1737,Neutral,0.08105965965368755
SUKHJITS.NS,0,0.4591706140414726,2025-09-01,180,0.9721254355400697,9.0,,18.914315271586172,43.48631433508559,62.957930614814764,70.45632177509295,1738,Neutral,0.08165877191705484
FUSION.NS,0,0.45843123754678045,2025-09-01,180,2.6965589155370178,,,0.5125421459885638,8.801939452687172,45.891042326224344,52.32808390588552,1739,Neutral,0.08313752490643911
MSPL.NS,0,0.45827656400765265,2025-09-01,180,0.6472527472527473,6.0,,7.838484652574206,-13.074399636476894,45.18062297208813,59.30807005459975,1740,Neutral,0.08344687198469469
IGL.NS,0,0.4579353147850941,2025-09-01,180,0.5571311977147521,21.0,,-3.5381051190491264,-12.657912188662662,24.608757498951984,43.88781297713499,1741,Neutral,0.08412937042981183
AVG.NS,0,0.45775915071484435,2025-09-01,180,1.2217898832684826,13.0,,4.718589633348825,-25.81554517562548,62.45499130703007,47.92832980864141,1742,Neutral,0.08448169857031129
ICDSLTD.NS,0,0.45768731879721675,2025-09-01,180,0.10190587320108897,10.47,,-1.5333090048146156,-6.590912558815696,69.98762520218274,42.761687446780634,1743,Neutral,0.0846253624055665
APOLLOHOSP.NS,0,0.45741631785704184,2025-09-01,180,0.5208803005904455,16.0,,15.15782803729207,6.7668693836095875,20.137280849808352,89.79540161302049,1744,Neutral,0.08516736428591631
MEDPLUS.NS,0,0.45723971770852473,2025-09-01,180,0.1206896551724138,5.0,,9.742992474740761,7.508872315912509,30.85119818925467,41.26860850481262,1745,Neutral,0.08552056458295054
AAKASH.NS,0,0.4571161262319986,2025-09-01,180,0.7410918600849951,4.6,,4.955531753416899,-6.349200513816385,43.644983452080105,59.911908986623544,1746,Neutral,0.0857677475360028
BLISSGVS.NS,0,0.45665825068986876,2025-09-01,180,0.18297101449275363,9.0,,16.04301661045122,28.033245560381054,61.30938661776567,56.59042398562094,1747,Neutral,0.08668349862026248
KECL.NS,0,0.4557884235289968,2025-09-01,180,2.962025316455696,13.0,,10.011068299175113,-15.325636629067127,53.192819176498084,47.54754685952707,1748,Neutral,0.08842315294200642
63MOONS.NS,0,0.4555864140970858,2025-09-01,180,0.06618156618156618,1.0,,-1.920580787635613,-33.62705591126716,61.78713103565141,23.68098159509202,1749,Neutral,0.08882717180582844
SANDUMA.NS,0,0.4552195541708464,2025-09-01,180,0.45311942959001783,22.0,,-6.430516310445435,1.2226545160568607,53.4378805633135,52.229302974140786,1750,Neutral,0.08956089165830716
SPAL.NS,0,0.4551721729983601,2025-09-01,180,0.5,13.0,,7.531537612739695,-9.6314703621817,71.77952625104405,34.11385354379486,1751,Neutral,0.0896556540032798
LTFOODS.NS,0,0.45479556812699873,2025-09-01,180,0.3889496717724289,15.0,,11.786612910994473,-0.3872052549047107,55.62309850835908,37.1754294686502,1752,Neutral,0.09040886374600254
BLKASHYAP.NS,0,0.454224792348095,2025-09-01,180,1.4013698630136986,7.0,,8.842678072886438,1.0136461315734466,50.33920587348649,31.37930508317619,1753,Neutral,0.09155041530381003
AHLEAST.NS,0,0.4541690604846143,2025-09-01,180,0.9743589743589743,15.0,,21.91553061755343,15.50398839897934,42.31053157984611,70.17434082908721,1754,Neutral,0.09166187903077139
MANAKALUCO.NS,0,0.4539774607597221,2025-09-01,180,2.869565217391304,11.0,,-37.70130458770134,11.444355173905182,76.69797539157612,43.078007334243985,1755,Neutral,0.09204507848055576
IL&FSENGG.NS,0,0.4539541495703901,2025-09-01,180,-1.5140801001251565,,,10.537637690062164,-9.219352710136294,61.2227879191845,44.50262071397604,1756,Neutral,0.0920917008592198
SARDAEN.NS,0,0.45335199845650176,2025-09-01,180,0.33474178403755867,17.0,,13.16031629345006,12.686409721335545,33.704963013881134,69.05849932410942,1757,Neutral,0.09329600308699648
KROSS.NS,0,0.4531006654684083,2025-09-01,180,0.32450331125827814,22.0,,1.2999685760825728,17.218616466318892,46.92982092862918,32.9277366919047,1758,Neutral,0.09379866906318335
LT.NS,0,0.45274549467426983,2025-09-01,180,1.6954876702245123,19.0,,8.78232121132588,5.12826081244306,22.391905263996854,62.9135786966246,1759,Neutral,0.09450901065146033
AGARWALEYE.NS,0,0.45223040294214817,2025-09-01,180,0.4539877300613497,6.0,,6.9998859973436005,-13.88809022614832,24.761540200493815,42.189069531577374,1760,Neutral,0.09553919411570366
ADANIPORTS.NS,0,0.4521203062162197,2025-09-01,180,2.0581718378685947,9.0,,7.278879081516069,0.27028647372599324,43.79219641841398,42.39822161422708,1761,Neutral,0.09575938756756064
BLUEJET.NS,0,0.4520750102642278,2025-09-01,180,0.2157643312101911,40.0,,-3.3043078385290636,-29.933446410247615,64.28511077848272,40.25103930052495,1762,Neutral,0.09584997947154439
MANGLMCEM.NS,0,0.4514847431397606,2025-09-01,180,1.6082130965593784,10.0,,20.761361290020158,32.678828552691606,37.355729495058654,74.32917413862785,1763,Neutral,0.09703051372047877
SADBHIN.NS,0,0.45112050503447904,2025-09-01,180,1.2901554404145077,-2.0,,0.621117414559334,-15.404697804756221,63.273081039937104,29.775279770143058,1764,Neutral,0.09775898993104193
ROSSELLIND.NS,0,0.4507881998267801,2025-09-01,180,0.4955357142857143,10.0,,10.247025199337994,-16.76739614929662,43.69046042195781,58.995818838021314,1765,Neutral,0.09842360034643982
DBREALTY.NS,0,0.4506463512423497,2025-09-01,180,0.3458005249343832,-3.0,,7.400411702111111,-13.665676776941593,69.68571352829697,34.35729815272211,1766,Neutral,0.09870729751530061
BLS.NS,0,0.44992427677535174,2025-09-01,180,1.88,19.0,,10.187168557878191,-14.874353001358756,53.36524282905963,41.636132293193164,1767,Sell,0.10015144644929652
CHEMPLASTS.NS,0,0.44990636065648243,2025-09-01,180,0.5665537270087125,-1.0,,-5.733459999325863,-13.5116141822331,62.133394855809144,37.20124721449123,1768,Sell,0.10018727868703514
ANDHRAPAP.NS,0,0.4494009804985019,2025-09-01,180,0.3307372793354102,4.0,,9.054860680979706,0.23319637267384644,27.601175539634244,52.56288560249089,1769,Sell,0.10119803900299618
LANDMARK.NS,0,0.4488385276651899,2025-09-01,180,0.6915077989601387,10.0,,4.752249545078846,-22.740447076947195,63.235004117316976,45.676807277917916,1770,Sell,0.10232294466962022
PGIL.NS,0,0.4488145717000301,2025-09-01,180,0.8701754385964913,11.0,,4.758664528033166,-8.87664515177648,67.71975829939116,27.32395068446401,1771,Sell,0.10237085659993983
PIONEEREMB.NS,0,0.44840474137904,2025-09-01,180,0.9493670886075949,6.0,,7.7681359067095945,-4.172512324534964,52.69972224917873,21.806837108124185,1772,Sell,0.10319051724191997
VENUSPIPES.NS,0,0.4479994313028236,2025-09-01,180,0.8983050847457628,25.0,,8.45372642737597,-12.6709603331919,53.90079737550659,40.0257132089137,1773,Sell,0.1040011373943528
ROLEXRINGS.NS,0,0.44767211576260174,2025-09-01,180,0.17253218884120172,23.0,,8.475802021641885,31.84669568010386,43.04413222871514,56.94937326818307,1774,Sell,0.10465576847479652
UNITEDTEA.NS,0,0.44736488342129477,2025-09-01,180,0.0603448275862069,10.0,,5.980207315628165,12.961225691814004,21.42429474042446,56.36920474804462,1775,Sell,0.10527023315741046
INDOUS.NS,0,0.44719234834016935,2025-09-01,180,0.3448275862068966,21.0,,9.9650008943326,-1.7200345654268965,51.86719604144058,61.82899582230746,1776,Sell,0.10561530331966129
APLAPOLLO.NS,0,0.44715355954257885,2025-09-01,180,0.8006970849176173,15.0,,8.824398749881995,30.001749137095917,24.7870696494885,50.0,1777,Sell,0.1056928809148423
TATVA.NS,0,0.4463094711591314,2025-09-01,180,0.23601637107776263,0.0,,10.294775637350499,-16.031842666938548,62.81661661743742,48.71795652068067,1778,Sell,0.10738105768173722
CAMLINFINE.NS,0,0.4462224917586715,2025-09-01,180,0.8781065088757396,4.0,,4.559913105266661,-9.613158049829275,79.67959780122645,29.464632576005584,1779,Sell,0.10755501648265697
NIRAJISPAT.NS,0,0.4461347330549896,2025-09-01,180,0.36195508586525776,10.75,,76.52201215083933,30.712027082091275,113.17691760031366,50.36516984693251,1780,Sell,0.10773053389002085
SOTL.NS,0,0.4461227090111005,2025-09-01,180,0.4814391776127927,10.0,,8.872934356492284,-0.14485601602956436,32.60919747382394,60.86956373818167,1781,Sell,0.10775458197779897
EXXARO.NS,0,0.4460712436644834,2025-09-01,180,0.7230215827338129,3.0,,15.126056312866623,0.24390802718157947,37.18003647150111,74.54546045665822,1782,Sell,0.10785751267103316
BALAJITELE.NS,0,0.4459167727196451,2025-09-01,180,0.26917293233082706,0.0,,25.846618184097565,-5.048731258947239,61.2928745052822,66.94581607558588,1783,Sell,0.10816645456070983
NDLVENTURE.NS,0,0.4458699776946635,2025-09-01,180,0.10305602716468579,1.69,,28.229929620237016,18.713329922422055,79.3885453851981,66.71380018495239,1784,Sell,0.10826004461067296
INDSWFTLAB.NS,0,0.44511173966963247,2025-09-01,180,0.17782909930715934,1.0,,35.43006722342076,50.47628812979039,59.22956556355131,56.6980823061834,1785,Sell,0.10977652066073507
SOLARINDS.NS,0,0.444668466155503,2025-09-01,180,0.3588352840422495,37.0,,1.3281308621595258,1.1308320227664195,40.20854970233985,53.246753246753244,1786,Sell,0.11066306768899403
HARRMALAYA.NS,0,0.4445523814604186,2025-09-01,180,2.0424242424242425,11.0,,18.045854637423403,9.681309905972912,39.86998686448469,73.25222301215939,1787,Sell,0.11089523707916282
BHARATFORG.NS,0,0.4442078740210246,2025-09-01,180,0.5316455696202531,15.0,,33.068028214598485,33.485781654739256,32.672985290779124,93.20092911797542,1788,Sell,0.11158425195795085
SHARDAMOTR.NS,0,0.4436530517400845,2025-09-01,180,0.6471095772217429,35.0,,11.509932234033533,0.6914460439577106,37.00392467599028,47.92425531587007,1789,Sell,0.11269389651983097
SUNCLAY.NS,0,0.44321491108656597,2025-09-01,180,1.1666666666666667,9.0,,16.019252721304237,12.77962705901663,38.89768089625697,65.36755698325291,1790,Sell,0.11357017782686807
IRMENERGY.NS,0,0.44275431895312367,2025-09-01,180,0.28125,8.0,,-1.0620193014658754,-17.53457972801368,35.87060648243444,31.5058574864006,1791,Sell,0.11449136209375266
ANSALAPI.NS,0,0.4426671743354017,2025-03-01,364,-2.761013215859031,40.0,,34.680133382751,14.94252810564519,25.463251303752347,100.0,1792,Sell,0.1146656513291966
VESUVIUS.NS,0,0.44143615411915793,2025-09-01,180,0.3193166885676741,25.0,,6.793417512995396,3.5203976423416896,55.47646725806884,51.437481559893264,1793,Sell,0.11712769176168414
GRWRHITECH.NS,0,0.44130240485224154,2025-09-01,180,0.13107390771743568,21.0,,40.64680194364062,7.245201560313016,85.39096040974258,47.06187673551737,1794,Sell,0.11739519029551693
JAIBALAJI.NS,0,0.44100656501953356,2025-09-01,180,0.7757766771724448,36.0,,-0.08698925060613202,0.24727006392045456,65.63408287415426,43.0564775463866,1795,Sell,0.11798686996093288
RAMRAT.NS,0,0.4409125834315722,2025-09-01,180,2.2217898832684826,21.0,,11.141925411249632,4.641489785536038,41.015595304032665,47.030327421928696,1796,Sell,0.11817483313685562
SSWL.NS,0,0.4405338829822866,2025-09-01,180,1.0770642201834861,17.0,,12.77868120778079,11.549841881952723,43.444903304867935,39.476175165630515,1797,Sell,0.11893223403542685
DIACABS.NS,0,0.4402385694382861,2025-09-01,180,-3.806136680613668,,,10.666664200599747,-8.772980680331408,41.114050995921524,61.20450603267716,1798,Sell,0.1195228611234278
ATULAUTO.NS,0,0.4401435978855645,2025-09-01,180,0.25,11.0,,24.10512835869055,4.809216908796662,53.51934233609354,52.76990396676518,1799,Sell,0.11971280422887098
RPTECH.NS,0,0.4398673935279231,2025-09-01,180,1.6046002190580504,14.0,,2.7851275142685936,12.773105513512222,46.986204586911285,37.69632262348167,1800,Sell,0.12026521294415382
FINEORG.NS,0,0.43939714588741746,2025-09-01,180,0.06949152542372881,26.0,,15.806164079742762,6.601631751784367,41.09554773982432,58.80539551068512,1801,Sell,0.12120570822516508
ARVSMART.NS,0,0.43912532011513095,2025-09-01,180,1.6996336996336996,3.0,,2.5595396074453967,-7.936368509762029,43.73770751476413,32.35043702354673,1802,Sell,0.12174935976973811
CONSOFINVT.NS,0,0.43892121344058005,2025-09-01,180,0.0953757225433526,8.0,,35.302937143148675,40.133738740277636,74.06334430130339,64.98731578639465,1803,Sell,0.1221575731188399
JKTYRE.NS,0,0.4387672068163846,2025-09-01,180,1.2707443220148416,12.0,,-0.6148365784336239,12.102909642844658,36.98519203547679,33.87336083839068,1804,Sell,0.12246558636723082
GATECHDVR.NS,0,0.4386168440951153,2025-09-01,180,0.0988237562668722,,,6.818182126057051,-6.000000238418579,34.79381097077918,19.99998807906678,1805,Sell,0.12276631180976938
EMKAY.NS,0,0.4384933270926341,2025-09-01,180,5.138528138528138,26.0,,-7.050902462639841,-21.521741171744356,65.89097642681244,36.94181281411886,1806,Sell,0.12301334581473178
LAGNAM.NS,0,0.4384559515489045,2025-09-01,180,3.7107438016528924,10.0,,7.241129296188661,-3.4298346934675843,52.529853081681935,31.664591421854624,1807,Sell,0.12308809690219102
ADROITINFO.NS,0,0.43797488844699106,2025-09-01,180,0.3273809523809525,-1.07,,9.43194128228208,2.2022049256181746,47.740964027581924,51.41699717063889,1808,Sell,0.12405022310601788
RAMCOSYS.NS,0,0.43796139628609126,2025-09-01,180,0.2289308176100629,-1.0,,1.2491483426036631,-22.124206780217254,75.43803282518661,33.80987802001164,1809,Sell,0.12407720742781747
SMLT.NS,0,0.4373925175315733,2025-09-01,180,0.05737704918032787,6.0,,1.4646202866001565,-29.237456346830065,77.25945587571597,44.44734159717975,1810,Sell,0.12521496493685336
TCIFINANCE.NS,0,0.4366918617859092,2025-09-01,180,-1.1050946919178446,,,-24.831893141569978,44.106815039426884,66.2865361569863,46.95898014334517,1811,Sell,0.12661627642818163
EIFFL.NS,0,0.43477979122946186,2025-09-01,180,1.1388888888888888,10.0,,-5.60841911961204,9.027129455693023,47.11743434383311,34.012884179257355,1812,Sell,0.13044041754107627
VIMTALABS.NS,0,0.4346974347572686,2025-09-01,180,0.24519230769230768,25.0,,6.981422518571631,-25.777851267828645,61.24294708233815,49.19707583684991,1813,Sell,0.13060513048546285
SUNPHARMA.NS,0,0.43460235610797376,2025-09-01,180,0.9073195313484231,17.0,,10.003339641545141,-4.548851829566471,23.805381587753214,58.63540208703822,1814,Sell,0.13079528778405247
VARDMNPOLY.NS,0,0.4344667872944746,2025-09-01,180,-2.3,,,40.19932902199669,26.34730235438353,104.4923307201502,68.26346496099215,1815,Sell,0.13106642541105085
GAYAHWS.NS,0,0.4340000159725552,2025-09-01,180,-2.5421686746987953,7.0,,22.34042330584735,-29.230770697960484,67.78597004818347,46.808504882001394,1816,Sell,0.13199996805488956
AKASH.NS,0,0.4336778163913595,2025-09-01,180,1.435585864848109,2.74,,8.878703995152042,0.5001964958064382,74.68197867448028,54.31918125313644,1817,Sell,0.132644367217281
IDEA.NS,0,0.4335779609234423,2025-09-01,180,-3.2891812865497077,-2.0,,5.373133846811819,6.32530232959846,48.419965428791386,30.888064581694778,1818,Sell,0.13284407815311539
MKPL.NS,0,0.43357091257199015,2025-09-01,180,0.08108108108108109,13.0,,-9.447418844825037,-19.236884665902412,62.70314402822659,21.538453638196287,1819,Sell,0.1328581748560197
AKUMS.NS,0,0.4335178112776298,2025-09-01,180,0.14707121786767804,16.0,,12.270010947865616,16.3647184496983,30.140710422170468,60.36614443011265,1820,Sell,0.13296437744474043
RADAAN.NS,0,0.4331196837176266,2025-09-01,180,-1.555084745762712,13.41,,7.958469629970254,-6.306307596345451,47.025092571383986,51.8867907552966,1821,Sell,0.1337606325647468
WELCORP.NS,0,0.4329741365286967,2025-09-01,180,0.8321766561514196,18.0,,11.047564137627436,-3.6373217568944995,42.65638884383296,47.69400009740609,1822,Sell,0.13405172694260659
ELDEHSG.NS,0,0.43289628363498933,2025-09-01,180,1.2623906705539358,10.0,,-0.4059800265240375,13.622236949935216,54.906379024945906,49.72308179240875,1823,Sell,0.13420743273002134
DATAMATICS.NS,0,0.4325495436085745,2025-09-01,180,0.22120866590649943,8.0,,9.781141941836152,-8.594997979141025,64.24139454605047,45.62360394468673,1824,Sell,0.134900912782851
RGL.NS,0,0.43253765368740554,2025-09-01,180,0.8792650918635171,8.0,,9.398080071876334,-1.2417683892795783,99.26631905727982,46.33446534043908,1825,Sell,0.1349246926251889
BHARATSE.NS,0,0.43243020973836394,2025-09-01,180,2.347826086956522,16.0,,31.727781667646447,3.4507221162088078,83.67531822609041,60.04845137537865,1826,Sell,0.13513958052327213
UNIVPHOTO.NS,0,0.43213725677982595,2025-09-01,180,0.02564102564102564,4.0,,127.85901102011259,64.31934707664458,87.50816822873796,98.74834933029972,1827,Sell,0.1357254864403481
PIXTRANS.NS,0,0.43195867140605554,2025-09-01,180,0.2235494880546075,27.0,,12.621214515827997,-0.5752569938800989,38.190226324726126,46.578325018825296,1828,Sell,0.13608265718788892
ALICON.NS,0,0.43176209911379987,2025-09-01,180,1.175,11.0,,9.861312086564782,-16.192440830496817,54.83090897045808,41.35732333938171,1829,Sell,0.13647580177240026
GULPOLY.NS,0,0.4307327285238177,2025-09-01,180,1.0171875,6.0,,25.8082201336228,16.921281369681058,56.76091459692102,70.15415921892578,1830,Sell,0.13853454295236456
KALYANI.NS,0,0.43038777942529893,2025-09-01,180,6.380952380952381,15.0,,0.0,0.0,0.0,100.0,1831,Sell,0.13922444114940213
MAMATA.NS,0,0.4303254785444818,2025-09-01,180,0.4057142857142857,29.0,,14.160903915593373,3.291649978490795,47.48609792745307,51.0428660339194,1832,Sell,0.13934904291103645
ASIANHOTNR.NS,0,0.4298360088499981,2025-09-01,180,6.9837837837837835,7.0,,-3.0617345523208725,-11.649887892804468,65.880982018697,48.95334935871111,1833,Sell,0.14032798230000376
SBFC.NS,0,0.4297162464800439,2025-09-01,180,1.860221316249272,,,8.256772474130461,-12.640767200934313,50.66779643670189,36.90617684804093,1834,Sell,0.14056750703991217
S&SPOWER.NS,0,0.42921030016230444,2025-09-01,180,0.22862989489349825,-2.4,,13.420801421918933,20.20261877682223,57.05574525922608,63.66687934001713,1835,Sell,0.14157939967539113
SPLPETRO.NS,0,0.42863352092736856,2025-09-01,180,0.4783783783783784,23.0,,36.066819362697025,11.677185488495228,57.442473170379714,73.56075664991221,1836,Sell,0.14273295814526288
TI.NS,0,0.42806843777654324,2025-09-01,180,0.16650099403578528,28.0,,6.976197726868315,-4.662888452516515,40.202160854314045,60.6666662145547,1837,Sell,0.14386312444691352
JINDALSAW.NS,0,0.42715274197230874,2025-09-01,180,0.5800685602350637,21.0,,4.823568737808888,13.884616484310222,65.32514045003941,46.49780806495633,1838,Sell,0.14569451605538253
SETCO.NS,0,0.4266627374204221,2025-09-01,180,1.0322537651606023,-2.22,,33.96674523342179,2.4833424695832194,66.60415095324169,66.93290839469628,1839,Sell,0.1466745251591558
CEIGALL.NS,0,0.42626337020532706,2025-09-01,180,0.9873949579831933,22.0,,3.992671756953983,20.47528166760535,24.35540019820828,46.984929054222434,1840,Sell,0.14747325958934587
ROLLT.NS,0,0.42560314117182807,2025-09-01,180,2.684873949579831,-1.12,,16.528919187532562,18.487386455661557,48.154871688737764,67.3912947705235,1841,Sell,0.14879371765634386
KSB.NS,0,0.42527057537616797,2025-09-01,180,0.6580732700135685,24.0,,13.039326739434712,0.31256423655298926,40.60718049404751,61.81068107080696,1842,Sell,0.14945884924766406
ORIENTBELL.NS,0,0.4251829581886331,2025-09-01,180,0.6178343949044586,2.0,,10.877580631331243,3.6896593817349137,34.28485199095797,55.77072546208921,1843,Sell,0.14963408362273378
SUTLEJTEX.NS,0,0.42513586802324793,2025-09-01,180,1.309048178613396,-3.0,,9.713482521936008,-8.454809571531637,49.74720455285037,51.02881078350842,1844,Sell,0.14972826395350414
ASIANENE.NS,0,0.4238156197419386,2025-09-01,180,0.4103194103194103,16.0,,13.89593689742501,-1.0665291455522605,55.03028370342182,70.06666257053118,1845,Sell,0.1523687605161228
KPIL.NS,0,0.4236491630221497,2025-09-01,180,2.162975732661451,15.0,,12.145046195298804,2.5893386410892614,32.055504051055784,72.23477013289049,1846,Sell,0.15270167395570056
NIBL.NS,0,0.4235589337792961,2025-09-01,180,-5.21875,-19.0,,6.614389836699612,6.252124136962019,60.08864732179035,54.951302245004435,1847,Sell,0.1528821324414078
SPLIL.NS,0,0.4232795002771715,2025-09-01,180,0.06391300200324337,4.55,,7.570859847383369,-22.53230245166744,48.08878385611622,45.65013677962315,1848,Sell,0.15344099944565703
KRYSTAL.NS,0,0.42258096213633356,2025-09-01,180,0.6637362637362637,17.0,,4.1261106890681924,13.55346962948788,30.28888001353227,53.25005665198219,1849,Sell,0.15483807572733288
ORTINGLOBE.NS,0,0.42245431299340824,2025-09-01,180,1.9461538461538446,-25.11,,37.96148058932174,48.70242136745178,61.326380997638964,68.65538732505004,1850,Sell,0.15509137401318351
SIGNPOST.NS,0,0.42230707017740066,2025-09-01,180,1.6454183266932272,15.0,,23.794779528163073,13.36063463158697,56.11726273689644,81.18497678286545,1851,Sell,0.1553858596451987
TPLPLASTEH.NS,0,0.42198369891548876,2025-09-01,180,0.6339869281045751,20.0,,11.307359305178542,-1.6481874178193108,48.78581502092354,54.894577296625286,1852,Sell,0.15603260216902248
MAHSEAMLES.NS,0,0.42166246921441386,2025-09-01,180,0.11548516069506382,17.0,,8.651522474625423,-4.60023369700245,23.30436930175199,62.880704909690415,1853,Sell,0.15667506157117228
DCI.NS,0,0.4213706391159327,2025-09-01,180,2.146067415730337,26.0,,11.098791236907548,-2.64334423780673,54.90901403561331,60.626258886350094,1854,Sell,0.1572587217681346
E2E.NS,0,0.4213671404075885,2025-09-01,180,0.1295238095238095,8.0,,25.982169984851538,13.705897661493818,87.0846552084951,47.908597499573006,1855,Sell,0.15726571918482302
GRPLTD.NS,0,0.421057743113253,2025-09-01,180,1.375,20.0,,8.487351058194587,-6.927339727909991,51.16741012408323,54.80010730490915,1856,Sell,0.157884513773494
TRACXN.NS,0,0.4209340124712863,2025-09-01,180,0.8,8.0,,2.1654172051221803,-26.28038222470354,70.1980156307003,50.219159954519824,1857,Sell,0.15813197505742738
HONASA.NS,0,0.4206503082313339,2025-09-01,180,0.4675118858954041,7.0,,13.165266106442578,4.627069618118252,22.841002560297895,59.62855061473685,1858,Sell,0.15869938353733215
MARINE.NS,0,0.4203480949422876,2025-09-01,180,0.6140350877192983,18.0,,8.791709273087637,-17.3800793404527,48.99435915787701,43.40080661527071,1859,Sell,0.15930381011542483
THERMAX.NS,0,0.4202557517620097,2025-09-01,180,0.8084687346134909,17.0,,11.54121720419326,6.018770302677751,34.17234148897903,63.949294489285975,1860,Sell,0.15948849647598062
JNKINDIA.NS,0,0.4196147492489727,2025-09-01,180,0.49034749034749037,15.0,,11.575111438410993,-5.0635950652252575,49.37647153015979,37.2353542387109,1861,Sell,0.16077050150205463
HIRECT.NS,0,0.4194859131423511,2025-09-01,180,1.6578947368421053,22.0,,18.260651303565943,-7.361198639573809,56.36062240843942,48.82447824789484,1862,Sell,0.16102817371529776
INDIAGLYCO.NS,0,0.41935651181387246,2025-09-01,180,1.9033889731917046,12.0,,11.912520628477516,-11.795720124168891,45.18388369212746,49.279160744466196,1863,Sell,0.1612869763722551
MAXESTATES.NS,0,0.4193373305958467,2025-09-01,180,0.07487520798668885,3.0,,8.981472407741599,-16.395143509249735,54.165030523249754,48.970683704221244,1864,Sell,0.16132533880830657
DBOL.NS,0,0.41850407969481657,2025-09-01,180,0.6996904024767802,4.0,,-0.8890662625574794,34.77003891592818,83.13054828761935,55.20332830081742,1865,Sell,0.16299184061036687
DHAMPURSUG.NS,0,0.4182140607620739,2025-09-01,180,0.6255585344057194,6.0,,11.922225083385607,0.21365564390138383,39.723941707101886,60.470670278400114,1866,Sell,0.1635718784758522
SHAH.NS,0,0.4180457147664901,2025-09-01,180,0.04838709677419355,7.0,,2.29165942304693,24.61928365747166,23.937679907697156,63.46150142913341,1867,Sell,0.1639085704670198
JKPAPER.NS,0,0.4172312766252873,2025-09-01,180,0.6619516195161952,9.0,,12.337057260711225,-1.5369950496935914,45.941542747351136,66.32172919465785,1868,Sell,0.1655374467494254
MADHAV.NS,0,0.417229690833354,2025-09-01,180,0.140820609306028,1.17,,7.33130610219173,-11.190254780927951,64.20618440975396,55.18475029979937,1869,Sell,0.16554061833329203
NAHARPOLY.NS,0,0.4169181730716679,2025-09-01,180,0.3058823529411765,10.0,,10.499635673837782,-4.692458368592843,46.01389546310626,47.31442638610233,1870,Sell,0.1661636538566642
NEXTMEDIA.NS,0,0.4163162833125559,2025-09-01,180,-1.1755336094297546,-9.35,,8.17490132372165,-8.520896315896195,55.98613294742426,49.54954993656132,1871,Sell,0.16736743337488824
BROOKS.NS,0,0.415146011935064,2025-09-01,180,0.20240080026675558,4.29,,8.416799605884469,-35.85969380481919,59.31629244523447,45.92933434707005,1872,Sell,0.16970797612987198
EPL.NS,0,0.41350628142143075,2025-09-01,180,0.7142857142857143,20.0,,13.151590631752377,5.867154912211728,32.13014962768256,46.86812776828061,1873,Sell,0.1729874371571385
KOTHARIPRO.NS,0,0.41345141555278886,2025-09-01,180,0.15684410646387834,-1.0,,4.277326361477543,-14.38894379985451,80.19791760330186,44.24825659749798,1874,Sell,0.17309716889442228
DIFFNKG.NS,0,0.41330523096522187,2025-09-01,180,0.20107238605898123,14.0,,10.22333758345755,-10.190473284040179,53.64431253993893,40.96609391867112,1875,Sell,0.17338953806955626
HYBRIDFIN.NS,0,0.41300492775329084,2025-09-01,180,0.5101500441306266,23.88,,-17.90336308841046,-12.344534826553387,67.86319508075344,44.52134700551899,1876,Sell,0.17399014449341832
CARYSIL.NS,0,0.41292963612989014,2025-09-01,180,0.5954022988505747,13.0,,16.400261495390676,-11.566368781431283,65.89141268027383,33.204514047919986,1877,Sell,0.17414072774021971
LOYALTEX.NS,0,0.41208696791084337,2025-09-01,180,2.3233830845771144,-12.0,,8.681793704678148,1.2328753188320491,101.54627443936863,14.625793356862175,1878,Sell,0.17582606417831326
ALPSINDUS.NS,0,0.41195519495142086,2025-09-01,180,-1.009698275862069,,,0.0,82.4468118564854,0.0,100.0,1879,Sell,0.1760896100971583
UEL.NS,0,0.4119216080961759,2025-09-01,180,0.3217894856364256,9.98,,52.362340743358985,49.97908697177692,79.4849066050676,45.35362825099351,1880,Sell,0.1761567838076482
RSWM.NS,0,0.4116896199474112,2025-09-01,180,1.5291445874337624,2.0,,10.902785959526309,-5.157501407784843,50.09118206679154,31.213063556557827,1881,Sell,0.17662076010517758
GABRIEL.NS,0,0.4111688033548295,2025-09-01,180,0.6283400809716599,26.0,,12.68050093446309,-2.906577699828292,43.43112629296357,55.67962874089937,1882,Sell,0.17766239329034095
DYNPRO.NS,0,0.41106766194929395,2025-09-01,180,0.7801724137931034,10.0,,7.300043025128608,-14.57858450111456,64.95166673849134,56.47070618143199,1883,Sell,0.1778646761014121
SALONA.NS,0,0.4110453215988802,2025-09-01,180,3.176470588235294,7.0,,10.370676078096018,-1.6150013012599846,44.26014788279098,60.637517280788984,1884,Sell,0.17790935680223963
SCI.NS,0,0.41001670794474276,2025-09-01,180,0.5492904684164259,10.0,,19.894495327163156,15.161810935762372,67.21024328189415,51.275277103680324,1885,Sell,0.17996658411051447
APOLLOPIPE.NS,0,0.4088473491473407,2025-09-01,180,0.24821852731591448,7.0,,35.06886115370612,19.353220680285066,68.98024711120662,64.97372780171162,1886,Sell,0.18230530170531856
OMAXAUTO.NS,0,0.4078337234478632,2025-09-01,180,0.5394321766561514,9.0,,-10.813508457826622,20.02686558037118,67.46612015485708,24.492198349905408,1887,Sell,0.18433255310427366
DCMFINSERV.NS,0,0.40748462493380916,2025-09-01,180,-1.4057142857142857,-3.31,,8.14814588060987,-20.652171565664577,53.940541634669536,38.96104056952901,1888,Sell,0.18503075013238168
AWHCL.NS,0,0.40608583079689137,2025-09-01,180,0.18143459915611815,2.0,,-9.646062124231673,7.190257532776105,81.98939642945619,33.079666530243585,1889,Sell,0.18782833840621727
JITFINFRA.NS,0,0.40558747318616606,2025-09-01,180,0.004241252416890207,0.13,,38.34035142563316,26.224306805159927,83.76029804520452,70.21676006819452,1890,Sell,0.18882505362766788
TARMAT.NS,0,0.405096982314942,2025-09-01,180,0.2342857142857143,2.0,,46.74092421900801,34.505578012110675,79.66415600733754,84.35731905396733,1891,Sell,0.18980603537011598
SGLTL.NS,0,0.4045699698912779,2025-09-01,180,0.172859450726979,8.0,,8.638855709103144,-22.211134377823498,58.93578618179409,34.20687423292931,1892,Sell,0.19086006021744417
SWSOLAR.NS,0,0.4037487354338877,2025-09-01,180,7.731343283582089,13.0,,8.749867158184179,-12.378297216162458,53.04787810900869,46.480846240384835,1893,Sell,0.19250252913222465
DALMIASUG.NS,0,0.40241851549332247,2025-09-01,180,0.31286821705426354,9.0,,12.047161908212013,-1.0316430394292586,39.250818525868496,52.356294367660695,1894,Sell,0.19516296901335506
APEX.NS,0,0.4023221957101436,2025-09-01,180,0.23968565815324164,2.0,,28.40422943665535,31.008856124093942,103.20923454124893,52.049180086649905,1895,Sell,0.1953556085797128
KAYNES.NS,0,0.4015003912777199,2025-09-01,180,0.1481311625773905,12.0,,13.34646457470923,-29.75409836065574,47.48052347005235,45.66342271147448,1896,Sell,0.19699921744456017
LYPSAGEMS.NS,0,0.40118178261313786,2025-09-01,180,3.0625,-45.0,,10.828020125565093,1.5564187895738903,53.99893330786117,38.96713047472831,1897,Sell,0.19763643477372428
KAUSHALYA.NS,0,0.40066907712139005,2025-09-01,180,0.2858550039401101,-1.13,,10.223643825882851,-0.9824510623916861,31.87658851562637,67.25107144229028,1898,Sell,0.1986618457572199
DGCONTENT.NS,0,0.4005091921867646,2025-09-01,180,3.5384615384615383,-1.0,,8.890638167186536,-20.66494471367575,68.09553407412042,56.25635702158622,1899,Sell,0.19898161562647076
ADANIGREEN.NS,0,0.40022513630220735,2025-09-01,180,2.003852392538524,9.0,,10.310897653891855,-9.621253604637973,63.300665105090545,42.53383139117283,1900,Sell,0.1995497273955853
MCL.NS,0,0.39822967709681634,2025-09-01,180,1.148936170212766,8.0,,-27.58581567787025,44.81186364801296,42.079563231758954,19.793931901456702,1901,Sell,0.20354064580636733
GOKUL.NS,0,0.39698592273395533,2025-09-01,180,0.046948356807511735,2.0,,9.738851998144952,0.2485051440109777,67.62867469423183,66.27007963662118,1902,Sell,0.20602815453208934
BIRLAMONEY.NS,0,0.3956572822050019,2025-09-01,180,8.619402985074627,13.0,,9.127457144868673,-16.338188515246497,41.19807669957321,49.44741944117448,1903,Sell,0.2086854355899962
OMINFRAL.NS,0,0.3955695485270705,2025-09-01,180,0.4012820512820513,6.0,,12.032539403105238,-21.11245070200931,61.91233367995481,26.405640100716994,1904,Sell,0.20886090294585902
SIKKO.NS,0,0.39543635214312545,2025-09-01,180,0.5722067686601762,10.72,,12.745097810055187,-15.90493453252217,51.97917008035893,54.12370627232408,1905,Sell,0.2091272957137491
BLBLIMITED.NS,0,0.39452317339435544,2025-09-01,180,0.05128205128205128,7.0,,33.38345501285273,7.060954120955143,88.65055184725071,64.58333153367602,1906,Sell,0.21095365321128912
SFL.NS,0,0.39411029649368673,2025-09-01,180,0.5091169109760457,5.0,,8.426574267617426,-8.757601676862249,55.29968434606237,16.783543866005687,1907,Sell,0.21177940701262654
PARACABLES.NS,0,0.3932069720005565,2025-09-01,180,0.3431241655540721,16.0,,4.845021464129734,-11.663282541308076,78.67993946955593,35.66929890695447,1908,Sell,0.21358605599888703
RAJRILTD.NS,0,0.3920434537269835,2025-09-01,180,3.2992700729927007,7.0,,15.110442858200216,0.0,27.86733796270291,55.216689143576176,1909,Sell,0.21591309254603297
SAKAR.NS,0,0.39089503782161256,2025-09-01,180,0.48184818481848185,9.0,,27.539974644755077,31.73524837463116,72.37509559383756,49.58643023604875,1910,Sell,0.2182099243567749
FLUOROCHEM.NS,0,0.39042733417723136,2025-09-01,180,0.3868741741300837,11.0,,16.873579484716146,1.7467518278990801,36.18647765534968,47.55440143840415,1911,Sell,0.2191453316455373
CURAA.NS,0,0.38998199736883704,2025-09-01,180,1.4828025477707,-10.69,,12.496730686167767,-28.049393104774005,54.426480652820594,30.973428281244125,1912,Sell,0.22003600526232592
CAPACITE.NS,0,0.3896473393345896,2025-09-01,180,1.0247191011235954,17.0,,10.507393100291525,-12.442765100479138,58.75116056873726,46.594934767251196,1913,Sell,0.22070532133082077
BIRLACABLE.NS,0,0.3893761288203562,2025-09-01,180,0.5940959409594095,5.0,,7.969156511137963,-0.4806761096711339,66.71321005904466,43.000000832297815,1914,Sell,0.22124774235928757
GENESYS.NS,0,0.38923359798919266,2025-09-01,180,0.3119143239625167,15.0,,1.536638871725686,-30.1788226579336,81.1622726245275,40.71108481851527,1915,Sell,0.22153280402161468
APTECHT.NS,0,0.38824004927073436,2025-09-01,180,0.2886178861788618,15.0,,9.474342365778757,-16.27261395746118,50.36399757708637,51.91396675889798,1916,Sell,0.2235199014585313
PGEL.NS,0,0.38779573927014604,2025-09-01,180,0.14592110302566066,7.0,,18.74055198728419,6.261634535671116,36.053295287808,66.35294117647058,1917,Sell,0.2244085214597079
SHILPAMED.NS,0,0.38704677158416734,2025-09-01,180,0.11044998140572704,6.0,,24.708271410745215,-1.4202067653047217,40.20698113782626,52.760724199679146,1918,Sell,0.22590645683166533
TECHNOE.NS,0,0.3854223218524882,2025-09-01,180,0.5185469429521616,17.0,,24.54351923268312,-2.6632453626347985,42.289290131323234,64.51957711988271,1919,Sell,0.2291553562950236
NEOGEN.NS,0,0.3852166996121473,2025-09-01,180,1.3510253317249699,11.0,,20.320464160076007,30.125298612848265,51.45863721556031,70.12245959445299,1920,Sell,0.22956660077570545
SATIA.NS,0,0.3849901791805311,2025-09-01,180,0.42924976258309594,10.0,,11.967542316799259,-1.9828409751083953,39.158482703592334,64.3780135480245,1921,Sell,0.23001964163893784
VADILALIND.NS,0,0.38445840973291445,2025-09-01,180,0.40293040293040294,29.0,,12.589941935715569,-7.957930007446016,48.485618035430335,59.331704335924414,1922,Sell,0.2310831805341711
JTEKTINDIA.NS,0,0.384381262180158,2025-09-01,180,0.5562390158172232,11.0,,12.723708400987588,-4.8505326279283985,37.25042516068825,50.70384893570705,1923,Sell,0.231237475639684
AYMSYNTEX.NS,0,0.3826553216057718,2025-09-01,180,0.8730434782608696,8.0,,24.882003885801154,17.83042340920418,55.67391593162171,56.40878207829048,1924,Sell,0.23468935678845637
INFOBEAN.NS,0,0.38116759774726894,2025-09-01,180,0.10542168674698796,21.0,,-3.146277081126529,36.77055426133549,95.54131775059635,47.59004021112091,1925,Sell,0.23766480450546212
HNDFDS.NS,0,0.37962690390178644,2025-09-01,180,1.1315261044176708,15.0,,9.213182143283483,-9.484438047927311,37.67403172604877,36.0939263533374,1926,Sell,0.24074619219642712
INNOVANA.NS,0,0.3769990080155012,2025-09-01,180,0.10975609756097561,32.0,,13.441238564391272,-12.171734850302252,56.737842546797566,54.084798214854146,1927,Sell,0.24600198396899764
ESSENTIA.NS,0,0.375719251476743,2025-09-01,180,0.4941860465116279,5.0,,-15.48387205935669,-19.13580623928174,79.83995751663028,13.793092108508418,1928,Sell,0.24856149704651398
USK.NS,0,0.3754756481914699,2025-09-01,180,1.0186335403726707,-1.0,,39.85365890875096,17.8865149508842,67.02517101401307,75.38461415340603,1929,Sell,0.24904870361706022
BANARBEADS.NS,0,0.37529123343838877,2025-09-01,180,0.31008849557522117,7.76,,13.826995586278832,-7.465751913445271,62.033708976201915,41.92557435540853,1930,Sell,0.24941753312322246
GANESHBE.NS,0,0.37462536108374345,2025-09-01,180,0.2743362831858407,16.0,,16.23147529664454,-2.694078758468579,53.659190571680405,53.17433509977156,1931,Sell,0.2507492778325131
ESTER.NS,0,0.3737084722212763,2025-09-01,180,0.47539267015706804,7.0,,11.015349405261668,-3.260668207220169,44.215176233563156,61.847040004227544,1932,Sell,0.2525830555574474
AUSOMENT.NS,0,0.3736976052962065,2025-09-01,180,0.025974025974025976,16.0,,-21.59877762630634,-12.46629739373826,85.89160329422229,22.42006951284729,1933,Sell,0.252604789407587
TREEHOUSE.NS,0,0.37360362226982474,2025-09-01,180,0.03208556149732621,-2.0,,39.97154849098001,24.24242497220256,84.58173687501434,82.39796594846703,1934,Sell,0.2527927554603505
SCPL.NS,0,0.37224275623955844,2025-09-01,180,0.9420289855072463,16.0,,4.905915928791089,50.65387185429672,44.643955462110554,32.06634319837116,1935,Sell,0.2555144875208831
GODREJPROP.NS,0,0.37160703635100373,2025-09-01,180,1.9210871923713813,6.0,,10.50111714012129,-18.14055045591926,48.41539550837881,41.06598951744753,1936,Sell,0.25678592729799254
SMCGLOBAL.NS,0,0.37067839028515787,2025-09-01,180,3.2002042900919307,16.0,,-1.5526191383032195,24.680981690014452,56.137418623646454,31.47679343910616,1937,Sell,0.25864321942968427
GODFRYPHLP.NS,0,0.36958463128351426,2025-09-01,180,0.44497907949790794,29.0,,4.412630915288746,-26.36965185020014,82.27593240076236,47.0048377992082,1938,Sell,0.26083073743297147
KITEX.NS,0,0.36925604209853147,2025-09-01,180,0.2797881729920565,19.0,,3.4557401281755697,-14.92110850864498,91.75785577876081,25.492150429477277,1939,Sell,0.26148791580293707
SPECTRUM.NS,0,0.3690189539793902,2025-09-01,180,1.1157407407407407,16.0,,14.948453608247423,12.933385274639658,57.254732615907145,67.18425640042027,1940,Sell,0.26196209204121956
ARVIND.NS,0,0.3687958051249236,2025-09-01,180,1.3023569023569024,13.0,,18.30109130243377,-0.24113648326684398,52.930101093287874,34.25317366703845,1941,Sell,0.2624083897501528
MAHESHWARI.NS,0,0.3686649181380518,2025-09-01,180,2.004830917874396,13.0,,-5.235358941996542,-18.115080935914754,79.35618788649117,19.712223502936496,1942,Sell,0.2626701637238964
GTLINFRA.NS,0,0.36783511190831075,2025-09-01,180,-1.6099890402379835,,,10.000002384185791,-17.910448026752697,76.32889841916874,48.00000095367478,1943,Sell,0.2643297761833785
TARIL.NS,0,0.36760928596034426,2025-09-01,180,0.7439688715953308,25.0,,33.0501958505783,9.454740768607833,69.12906833526188,61.852690235701175,1944,Sell,0.2647814280793115
SANOFICONR.NS,0,0.3670246400852887,2025-09-01,180,0.642023346303502,111.0,,10.682934040618838,-5.239054254617415,48.514141635358435,61.64815912398247,1945,Sell,0.26595071982942264
LEXUS.NS,0,0.36702060888187515,2025-09-01,180,6.4290142591444495,-1.77,,54.66290135365539,40.48405108253049,73.10685671447301,77.08687237861535,1946,Sell,0.2659587822362497
ASMS.NS,0,0.3667394558177233,2025-09-01,180,0.16975412596833936,-6.31,,-7.168792039121762,-15.174136100391062,100.1631750166317,24.175818417616767,1947,Sell,0.26652108836455335
EASEMYTRIP.NS,0,0.36627459369370574,2025-09-01,180,0.28040540540540543,20.0,,38.585211837981156,21.237689503365726,90.2706720569097,67.5247532792471,1948,Sell,0.2674508126125885
PITTIENG.NS,0,0.3661296089302243,2025-09-01,180,1.2718340611353711,16.0,,17.45611798281799,3.958186247721292,61.16160135994244,50.85641421267853,1949,Sell,0.26774078213955144
PARASPETRO.NS,0,0.3660798898296285,2025-09-01,180,0.0009610764055740518,5.42,,-3.1249970064631656,3.3333416590618703,119.74279110978394,40.95238916998315,1950,Sell,0.26784022034074295
MAXHEALTH.NS,0,0.3657077898225008,2025-09-01,180,0.22142436727486756,13.0,,14.62838328336344,-6.093059398101422,26.44404971134814,76.49522928480317,1951,Sell,0.2685844203549984
GODREJAGRO.NS,0,0.3655360702898299,2025-09-01,180,1.1728713601179506,24.0,,22.27846253879684,7.686487788297572,37.9237305588301,67.84615384615384,1952,Sell,0.26892785942034025
TIL.NS,0,0.36524962941617006,2025-09-01,180,5.726190476190476,11.0,,-14.088388190117549,-24.200222533682794,83.79521067281269,30.243513784634786,1953,Sell,0.2695007411676599
CUBEXTUB.NS,0,0.3650305494683758,2025-09-01,180,0.9240506329113924,11.0,,-18.02456018006525,15.092700490397245,71.4584383185331,33.98997963115994,1954,Sell,0.26993890106324836
SANGINITA.NS,0,0.3649014985268228,2025-09-01,180,0.8214285714285714,4.0,,25.286341754179237,40.93161597605777,89.88272202240817,59.7619061405155,1955,Sell,0.2701970029463544
UYFINCORP.NS,0,0.3636835386460351,2025-09-01,180,0.0436046511627907,5.0,,15.561012388159037,-2.4204728945116836,43.527445562688165,34.63542093522618,1956,Sell,0.2726329227079298
PRAJIND.NS,0,0.3631230260469805,2025-09-01,180,1.102919708029197,24.0,,13.960577851982528,0.5534471639596874,70.64494130801728,56.71416270835485,1957,Sell,0.273753947906039
KDDL.NS,0,0.36311949574574415,2025-09-01,180,0.6638176638176638,15.0,,14.46168771303479,-1.7712286602279605,56.0847438032656,44.243935279631124,1958,Sell,0.2737610085085117
DREDGECORP.NS,0,0.36235415239015384,2025-09-01,180,1.3160621761658031,0.0,,-18.52327277480068,10.907711202699623,74.38104047974733,31.76895952068915,1959,Sell,0.2752916952196923
UBL.NS,0,0.3621201698364885,2025-09-01,180,0.8803596127247579,14.0,,12.4185791757291,-5.063289768253414,27.609823374150704,63.74133515138729,1960,Sell,0.27575966032702304
SOMICONVEY.NS,0,0.36082060905544106,2025-09-01,180,0.4269720101781171,10.35,,4.303293929947209,-21.818717516083506,82.45703724983542,28.929826091591437,1961,Sell,0.2783587818891179
GALLANTT.NS,0,0.36015769924629676,2025-09-01,180,0.3216242346116661,19.0,,11.113257718373495,-3.1260463169642856,40.19496972774839,48.86862305701214,1962,Sell,0.2796846015074065
TVSSRICHAK.NS,0,0.3597928119474278,2025-09-01,180,1.4079391891891893,6.0,,-3.0701021967783664,-14.105111766076186,35.85797355658668,36.43287365779293,1963,Sell,0.2804143761051444
MAGADSUGAR.NS,0,0.358592214507653,2025-09-01,180,0.5198511166253101,13.0,,10.016756181489752,-8.926098121841745,41.0836844246255,55.30702164151955,1964,Sell,0.282815570984694
RHL.NS,0,0.35715927968629296,2025-09-01,180,0.2544704264099037,5.0,,12.258851507610963,-12.166264568076533,42.5881358160436,57.005392852444224,1965,Sell,0.2856814406274141
MGL.NS,0,0.3569700194717185,2025-09-01,180,0.3920811202317721,23.0,,16.439315664257812,2.7017715913303633,35.96774990397586,61.79258438751132,1966,Sell,0.28605996105656295
STALLION.NS,0,0.3567068036224948,2025-09-01,180,0.11006289308176101,20.0,,-34.365531575617126,-24.350399605068755,81.98170552314937,33.515268936992584,1967,Sell,0.2865863927550104
ADFFOODS.NS,0,0.3554057326365095,2025-09-01,180,0.15454545454545454,21.0,,13.683120460320621,-6.068270059807606,76.24522346024284,28.45075052119047,1968,Sell,0.28918853472698103
ISGEC.NS,0,0.35516219599456944,2025-09-01,180,1.560392156862745,17.0,,23.800242729219182,7.649448894413799,69.20987387423506,63.679831232465204,1969,Sell,0.2896756080108611
BANSWRAS.NS,0,0.35506540183668794,2025-09-01,180,1.25,7.0,,13.458501143579932,-6.000820089635235,53.371776646143644,49.519232784603716,1970,Sell,0.2898691963266241
TIIL.NS,0,0.3536200269036425,2025-09-01,180,0.4330446369087275,19.0,,11.025580941686968,-4.982695974942375,64.68480708874955,49.347699302975556,1971,Sell,0.29275994619271495
KABRAEXTRU.NS,0,0.35359713105501034,2025-09-01,180,0.7733333333333333,8.0,,26.71944501196165,9.085488538944814,83.97526321867065,51.34604312653349,1972,Sell,0.2928057378899793
NAHARSPING.NS,0,0.35305145658411324,2025-09-01,180,0.61628664495114,4.0,,22.948563435217974,1.0060205923672945,60.18421248735404,63.323736371527595,1973,Sell,0.2938970868317735
ARSHIYA.NS,0,0.35244274417592847,2024-03-01,729,-5.488439306358382,-5.0,,34.16666252745539,21.969693206777627,50.11901170997473,85.71427963217978,1974,Sell,0.29511451164814306
BALRAMCHIN.NS,0,0.35243322243446684,2025-09-01,180,0.3435466377440347,10.0,,14.864533092986617,5.138516462549116,27.694963849743186,59.71671378305712,1975,Sell,0.2951335551310663
DENORA.NS,0,0.3522485280152425,2025-09-01,180,0.3779527559055118,1.0,,19.255864604689904,-0.43869475893165466,65.86513416490321,71.29455905169375,1976,Sell,0.29550294396951504
ALMONDZ.NS,0,0.3522476332102185,2025-09-01,180,0.33237704918032773,2.03,,9.362286903282282,-11.525787888377598,77.35726568361973,67.48168955758575,1977,Sell,0.295504733579563
WABAG.NS,0,0.3510480224003777,2025-09-01,180,1.368088467614534,23.0,,18.568882203241394,-6.735019799506081,41.00204528002299,42.48757433535447,1978,Sell,0.2979039551992446
CLSEL.NS,0,0.35074970474778344,2025-09-01,180,0.2789473684210526,17.0,,15.865035302142397,3.180860309509569,48.84730695840965,45.90716473700966,1979,Sell,0.2985005905044331
ASHOKAMET.NS,0,0.35057181465186654,2025-09-01,180,0.446196896464004,0.05,,11.013860136253696,-3.4876358577662225,42.19425769101866,67.53624310140606,1980,Sell,0.2988563706962669
WANBURY.NS,0,0.3491796868813075,2025-09-01,180,3.2710280373831777,6.0,,26.288501379762458,2.0595524885926992,93.84839516693656,54.8874050023773,1981,Sell,0.30164062623738497
TAINWALCHM.NS,0,0.3491419429380527,2025-09-01,180,0.09539588419951184,4.24,,13.96349179945055,7.824738492670748,74.7578378565529,54.743886608380066,1982,Sell,0.30171611412389465
SUYOG.NS,0,0.349008805992777,2025-09-01,180,0.6935483870967742,14.0,,29.359135331219633,7.707511880189971,52.7224584687794,68.56448633312347,1983,Sell,0.301982388014446
AVANTIFEED.NS,0,0.34820338007336143,2025-09-01,180,0.2651072124756335,29.0,,65.24540370986513,60.069878930442314,96.10994868282246,65.32534887250043,1984,Sell,0.30359323985327713
RAIN.NS,0,0.3476200478558587,2025-09-01,180,0.20216216216216215,5.0,,-9.70720216348168,36.479656956766256,64.8558052541881,28.629534660164623,1985,Sell,0.3047599042882826
MEDANTA.NS,0,0.34698919179958937,2025-09-01,180,0.33175230566534913,20.0,,10.124753477811733,-8.603527381370386,38.66223746709585,44.591284895104806,1986,Sell,0.30602161640082126
NEWGEN.NS,0,0.3468805036669982,2025-09-01,180,0.25186693822131706,28.0,,-12.503226533796283,-42.262953424043424,94.49169443329183,43.46816655617739,1987,Sell,0.30623899266600363
KELLTONTEC.NS,0,0.3450158975974959,2025-09-01,180,0.3576388888888889,11.0,,22.96343738721379,-1.692307301056691,70.49046136695043,67.12486014411519,1988,Sell,0.3099682048050082
CROWN.NS,0,0.34325967885162745,2025-09-01,180,1.6081081081081081,19.0,,2.580698990536458,-10.546640680788602,88.02731583775983,44.72562937348126,1989,Sell,0.3134806422967451
FIBERWEB.NS,0,0.3432401086577291,2025-09-01,180,0.09239130434782608,10.0,,15.785123037650854,10.634369366506236,61.875433395939936,36.92182875645328,1990,Sell,0.31351978268454184
TICL.NS,0,0.343224025913467,2025-09-01,180,0.2754880694143167,21.0,,20.833331909088518,-8.638215124886752,52.05077700993706,77.76618369722289,1991,Sell,0.313551948173066
WEALTH.NS,0,0.3431791594023574,2025-09-01,180,0.061224489795918366,38.0,,14.982384244916036,-4.396404160014879,45.17388075934227,67.31897411298402,1992,Sell,0.31364168119528524
AVADHSUGAR.NS,0,0.3422385655283145,2025-09-01,180,0.7122641509433962,9.0,,15.635176963607542,-1.7398196908726662,47.9791244582524,64.44081797653031,1993,Sell,0.315522868943371
DECCANCE.NS,0,0.34193562683731465,2025-09-01,180,1.2788203753351206,2.0,,16.48915187376726,-3.1167979002624673,45.40605263236905,53.89807311778696,1994,Sell,0.3161287463253707
TVSSCS.NS,0,0.3416007743082865,2025-09-01,180,0.3711144806671721,4.0,,18.97961760175507,7.418483165433902,58.488585316719444,59.800876122273515,1995,Sell,0.316798451383427
JAYBARMARU.NS,0,0.34147312062637913,2025-09-01,180,2.046744574290484,8.0,,27.741247566151905,18.977615259808537,73.97378398319718,58.267023019954706,1996,Sell,0.31705375874724173
DJML.NS,0,0.34085586814466046,2025-09-01,180,0.3220171855190872,16.05,,24.583620420144918,29.744838538677893,52.96736837422193,33.37073347277277,1997,Sell,0.3182882637106791
TTL.NS,0,0.34060030651441153,2025-09-01,180,0.7380952380952381,1.0,,33.10344301421067,4.550380250530152,71.70369840691836,65.47616412041492,1998,Sell,0.31879938697117693
COSMOFIRST.NS,0,0.34059020007907126,2025-09-01,180,2.3391304347826085,8.0,,21.712714642557685,0.03515680053202127,58.09629254218927,65.79939791590752,1999,Sell,0.3188195998418575
MOREPENLAB.NS,0,0.3400403432713385,2025-09-01,180,0.4333612740989103,13.0,,24.27432819423909,0.6221120589256441,66.5600684532175,62.45508879449861,2000,Sell,0.31991931345732305
SIL.NS,0,0.3383788915707836,2025-09-01,180,0.2430939226519337,-6.0,,10.821931292175368,-6.467084102768696,52.68404703648116,40.27763396384471,2001,Sell,0.3232422168584328
EPACK.NS,0,0.3374185351877988,2025-09-01,180,1.048603929679421,10.0,,12.187288880108442,-8.507649267048919,44.99412081117878,39.89736277466148,2002,Sell,0.3251629296244024
GENUSPAPER.NS,0,0.33466600909161304,2025-09-01,180,1.1801980198019801,5.0,,11.381402605494523,-9.845292165364441,39.73810475754563,64.18917786910703,2003,Sell,0.3306679818167739
CROMPTON.NS,0,0.3340694474372063,2025-09-01,180,0.533480907581627,20.0,,16.30582302791505,-2.8264555596332555,36.34333038154252,42.97588867899321,2004,Sell,0.3318611051255874
TIINDIA.NS,0,0.33392168467756056,2025-09-01,180,0.26351962380177246,32.0,,18.505729408180944,-1.0295868892740396,51.359916075109204,83.0328843635861,2005,Sell,0.3321566306448789
BLUECHIP.NS,0,0.333822176863874,2025-09-01,180,-8.432835820895523,-17.91,,11.522632250929368,-20.527860119193907,28.1857780214718,89.13044605002644,2006,Sell,0.332355646272252
NDRAUTO.NS,0,0.33332292035172123,2025-09-01,180,0.694980694980695,25.0,,12.631424017441372,-11.089529796142077,52.646651604905315,48.77905759461946,2007,Sell,0.33335415929655754
PRECOT.NS,0,0.33323214527045575,2025-09-01,180,1.082004555808656,13.0,,41.39801155183963,2.1612528323593225,93.16699707743392,24.32748910945088,2008,Sell,0.3335357094590885
SAPPHIRE.NS,0,0.33084164215976675,2025-09-01,180,1.33869670152856,5.0,,11.390403535912483,-17.856857340996147,50.63557917546554,40.41067324555067,2009,Sell,0.3383167156804665
SADHNANIQ.NS,0,0.3308005426199298,2025-09-01,180,1.421875,5.0,,-67.33333269755045,-70.12195037738826,225.37274864061573,59.933659219322585,2010,Sell,0.3383989147601404
SPENCERS.NS,0,0.3293897186335081,2025-09-01,180,-4.659217877094972,-7.0,,0.4264373494978264,-28.667242860359305,82.5856181156549,23.375264359800425,2011,Sell,0.34122056273298385
KARMAENG.NS,0,0.3283207341757248,2025-09-01,180,0.23071377072819038,1.38,,18.940833434601643,-17.98024602274973,53.096497742760064,59.98698486084176,2012,Sell,0.34335853164855035
TRANSWORLD.NS,0,0.3280938513871992,2025-09-01,180,0.4753246753246753,7.0,,-19.842182880485414,-34.79360776610405,90.76157723038526,14.859610556331873,2013,Sell,0.3438122972256016
MARALOVER.NS,0,0.3278989625691238,2025-09-01,180,5.035398230088496,2.0,,17.077607162007713,-4.468446750963773,52.221159135829474,47.84240653637059,2014,Sell,0.34420207486175236
KSOLVES.NS,0,0.32781205226740123,2025-09-01,180,0.6470588235294118,157.0,,17.168209068005925,0.18180752924775775,61.73937616434782,54.23313238740884,2015,Sell,0.34437589546519753
MUNJALAU.NS,0,0.32712279983311304,2025-09-01,180,0.7962085308056872,9.0,,15.499077307088418,-1.8492043156778053,46.79837279586606,59.4009850290688,2016,Sell,0.3457544003337739
ZEEMEDIA.NS,0,0.3270077529519641,2025-09-01,180,1.4634760705289673,-17.0,,9.97409328825122,-12.20269178765115,68.35148338529436,40.00000482872862,2017,Sell,0.3459844940960718
VLEGOV.NS,0,0.3264374574217615,2025-09-01,180,0.06666666666666667,0.0,,7.216496061652848,-35.88162585126115,119.70065672788984,55.97173349688455,2018,Sell,0.347125085156477
RATNAMANI.NS,0,0.3254327891697744,2025-09-01,180,0.17058064516129032,22.0,,20.747295968534907,3.5194942044257114,86.87232921705534,67.08202120587866,2019,Sell,0.34913442166045117
SUVEN.NS,0,0.3246862214313417,2025-09-01,180,0.010280373831775701,-6.0,,11.291434151785715,-15.144645148056968,63.50661837700291,16.80608448847643,2020,Sell,0.35062755713731664
DWARKESH.NS,0,0.32409775030366383,2025-09-01,180,0.3615894039735099,7.0,,11.9783779623883,-8.979991084145725,44.65325146915047,55.043475924458406,2021,Sell,0.35180449939267233
NOCIL.NS,0,0.3235640870734421,2025-09-01,180,0.16808149405772496,7.0,,12.66078560337404,-15.362545474076548,42.98297591329113,41.678897139077165,2022,Sell,0.35287182585311583
WHIRLPOOL.NS,0,0.32253977496465686,2025-09-01,180,0.6153632062343446,13.0,,19.132849590142374,-14.014551200589617,34.59750312186659,53.05163231306603,2023,Sell,0.3549204500706863
SHRENIK.NS,0,0.3207568433191703,2025-09-01,180,-1.021080743224047,,,12.820516347415007,-18.518522197817433,45.85258517033336,63.15789391129325,2024,Sell,0.35848631336165937
GARUDA.NS,0,0.3187129389149127,2025-09-01,180,0.4806201550387597,30.0,,13.545997208684216,-16.535878410372735,55.22475778765459,48.64353202974165,2025,Sell,0.3625741221701746
MCLOUD.NS,0,0.31811245994692033,2025-09-01,180,1.558139534883721,10.0,,12.466371218638441,-16.20447822257796,43.408742406750925,41.20734684764287,2026,Sell,0.36377508010615933
SGL.NS,0,0.315332735825464,2025-09-01,180,1.3461538461538463,1.0,,20.613610312775908,-6.9526664366186095,59.359390480958375,53.483137976660075,2027,Sell,0.369334528349072
DEVYANI.NS,0,0.3137562704751346,2025-09-01,180,1.9267015706806283,8.0,,12.798724247502197,-6.0454121093633555,43.57989852712808,41.51013803409324,2028,Sell,0.3724874590497308
JYOTISTRUC.NS,0,0.3122788996566373,2025-09-01,180,4.473684210526316,2.0,,29.381447809385474,10.670194196345225,80.45297802955746,69.72624633023514,2029,Sell,0.3754422006867254
PRABHA.NS,0,0.3117231054964574,2025-09-01,180,0.5054519467945318,-0.4,,10.81029160916943,-11.357395365780794,68.43149066291419,54.73396750584862,2030,Sell,0.37655378900708525
YASHO.NS,0,0.31144208317134225,2025-09-01,180,1.6518691588785046,7.0,,29.99750696459371,-4.419683658845454,52.82734237630409,74.59191825394886,2031,Sell,0.3771158336573155
KALYANKJIL.NS,0,0.3102925692473649,2025-09-01,180,1.7020470053070509,16.0,,11.319221742101442,-18.848322716847665,65.5354960037362,32.20115867242228,2032,Sell,0.37941486150527015
STLTECH.NS,0,0.3084185117101674,2025-09-01,180,1.7578125,0.0,,59.30744154602444,52.121553520888305,92.39030484030054,60.2182862338781,2033,Sell,0.38316297657966525
INDRAMEDCO.NS,0,0.3064082552283141,2025-09-01,180,0.44764795144157815,39.0,,12.430084152902964,-21.55122189405488,42.656230114690516,55.20473129469239,2034,Sell,0.3871834895433718
CORDSCABLE.NS,0,0.3047590326291856,2025-09-01,180,1.2894736842105263,16.0,,11.585636396553001,-12.491096256890085,38.859960889772736,40.70796118752291,2035,Sell,0.39048193474162884
INDOTECH.NS,0,0.3038383175345279,2025-09-01,180,0.5692307692307692,38.0,,17.18692498110612,-7.513606564438288,85.75069146890452,65.23147427860728,2036,Sell,0.3923233649309442
BOHRAIND.NS,0,0.30195896662418104,2025-09-01,180,0.08313444709626089,-7.01,,17.65776655487227,-7.8422122342267535,60.83652299207323,47.74193091893864,2037,Sell,0.39608206675163793
AJOONI.NS,0,0.30152040067233743,2025-09-01,180,0.16853932584269662,7.0,,15.36458144158431,-8.281575604260299,58.240879596391196,14.444410300534699,2038,Sell,0.39695919865532514
KESORAMIND.NS,0,0.2965953910924531,2025-09-01,180,0.13538461538461538,-3.0,,-0.9719238700143998,67.33576723316023,56.758271498711856,53.448270597180645,2039,Strong Sell,0.4068092178150938
GLFL.NS,0,0.29220662695888466,2025-09-01,180,-2.550122249388753,1.02,,20.30237654397911,-26.80683214273384,75.76177854530174,57.00245881597472,2040,Strong Sell,0.4155867460822307
MOTISONS.NS,0,0.2910267238959516,2025-09-01,180,0.2398190045248869,15.0,,38.11220713365402,-9.404208711613913,70.2319487667078,49.52830241727158,2041,Strong Sell,0.41794655220809684
IZMO.NS,0,0.2879972680903699,2025-09-01,180,0.08571027118167773,0.68,,24.098402299673584,-17.38985488503578,84.99930190527026,37.78836352950899,2042,Strong Sell,0.4240054638192602
BIOFILCHEM.NS,0,0.2871021621257748,2025-09-01,180,1.59906103286385,4.12,,9.87654692450497,-14.285714285714285,144.96137617062453,20.308006419263364,2043,Strong Sell,0.42579567574845045
JGCHEM.NS,0,0.2869695003032885,2025-09-01,180,0.040498442367601244,9.0,,15.243710428135671,-9.222082810539524,59.19430820849657,48.86363636363636,2044,Strong Sell,0.426060999393423
AIRAN.NS,0,0.2868518692173065,2025-09-01,180,0.18523770430629144,11.07,,9.406269972924301,-15.46391782984621,103.80481547335943,55.172412048524066,2045,Strong Sell,0.426296261565387
NELCAST.NS,0,0.28583843171926626,2025-09-01,180,1.0407079646017698,10.0,,29.84465241659486,3.032214112910921,83.04907169920666,44.414959654389264,2046,Strong Sell,0.4283231365614675
SADBHAV.NS,0,0.2855875092950677,2025-09-01,180,2.1854066985645932,1.0,,59.463483583228694,-8.780901732028726,65.82274410530782,87.85210494613546,2047,Strong Sell,0.4288249814098646
ONESOURCE.NS,0,0.282532369290041,2025-09-01,180,0.32843301035750083,6.0,,20.89767045135772,-12.10024202141178,79.95365376181954,71.44185721695096,2048,Strong Sell,0.434935261419918
SALZERELEC.NS,0,0.27968770051998704,2025-09-01,180,1.355475763016158,13.0,,18.06850868207622,-7.619455127749451,52.0467221387772,54.97523143071808,2049,Strong Sell,0.4406245989600259
GOLDIAM.NS,0,0.2778088596695738,2025-09-01,180,0.1891891891891892,28.0,,12.439799443679636,-10.98633989181654,86.23613392964045,20.60839507719585,2050,Strong Sell,0.4443822806608524
KSHITIJPOL.NS,0,0.27756321394725314,2025-09-01,180,0.26932709968275165,-15.5,,35.50000190734863,7.114627225008433,89.15340773114319,60.6796158080355,2051,Strong Sell,0.4448735721054937
TRANSRAILL.NS,0,0.275522379819167,2025-09-01,180,2.230915125651968,35.0,,16.554925219185147,-11.323867480098315,45.42548461367051,49.724215581068705,2052,Strong Sell,0.448955240361666
PAVNAIND.NS,0,0.27516865520181494,2025-09-01,180,0.5309278350515464,10.0,,17.62692545096063,-30.525604355746736,96.03570894303193,54.40217628483515,2053,Strong Sell,0.4496626895963701
HDIL.NS,0,0.27462430701842294,2025-03-01,364,-2.720114687094216,-5.37,,22.88557414574682,-6.439396573437479,46.18073141571592,0.0,2054,Strong Sell,0.4507513859631541
SIGNATURE.NS,0,0.26892571894766537,2025-09-01,180,6.331896551724138,9.0,,18.269800324830417,-11.837531767965713,49.61279502882518,59.476728338624916,2055,Strong Sell,0.46214856210466926
EMIL.NS,0,0.2643637065604639,2025-09-01,180,1.361592806679512,10.0,,15.388150257365021,-17.70679392905138,58.23147086207363,29.92501661616808,2056,Strong Sell,0.47127258687907225
GOKEX.NS,0,0.2608610222319493,2025-09-01,180,0.38188976377952755,12.0,,18.036718848279747,-31.029648279565365,107.2676244086678,26.139064554450627,2057,Strong Sell,0.4782779555361014
POKARNA.NS,0,0.2599522955502642,2025-09-01,180,0.5717548534449943,-1.41,,20.753708376393345,-3.4959863531720807,96.35932887427577,18.108069475236064,2058,Strong Sell,0.48009540889947155
PCBL.NS,0,0.25752070730270005,2025-09-01,180,1.2226502311248073,13.0,,16.5567826966892,-4.843918282530927,68.42338289223548,54.03491823186342,2059,Strong Sell,0.4849585853945999
LAXMICOT.NS,0,0.25679980788627704,2025-09-01,180,0.8125,0.0,,10.511159122100588,-25.98842550207918,120.54933471225478,52.79356146982172,2060,Strong Sell,0.4864003842274459
LFIC.NS,0,0.2546813224941892,2025-09-01,180,0.055243135957657896,4.28,,10.383476775637538,-29.28868095875494,89.53320498784137,41.606473942669524,2061,Strong Sell,0.49063735501162165
GANECOS.NS,0,0.24660833834766951,2025-09-01,180,0.17214397496087636,9.0,,15.421370843189985,-15.705406222830886,65.67819221356402,37.151957042627835,2062,Strong Sell,0.506783323304661
FAZE3Q.NS,0,0.24089716919430482,2025-09-01,180,0.7311320754716981,12.0,,21.969095360726243,-13.98910381423844,107.17725993135583,32.567429826335356,2063,Strong Sell,0.5182056616113904
TEJASNET.NS,0,0.23969688095703734,2025-09-01,180,1.96996996996997,15.0,,33.77839853710453,-11.806961688028354,94.29636763953113,73.34489572146937,2064,Strong Sell,0.5206062380859253
BALUFORGE.NS,0,0.23832607346824988,2025-09-01,180,0.24908088235294118,25.0,,23.921919229415174,-22.765584713022648,71.39916072999996,49.79471775436366,2065,Strong Sell,0.5233478530635003
HITECH.NS,0,0.23788863776737254,2025-09-01,180,0.40589198036006546,11.0,,18.342951267358487,-12.664756659294586,54.19809356586786,56.30742157013028,2066,Strong Sell,0.5242227244652549
ZENITHSTL.NS,0,0.2351900929179698,2025-09-01,180,-1.6056977538473904,,,18.087315923258362,-26.32944487372845,65.2882177454931,63.75838625479878,2067,Strong Sell,0.5296198141640605
ICIL.NS,0,0.2345245902989865,2025-09-01,180,0.6098099867432611,14.0,,18.18060935104466,-18.091565152323028,86.23452203632247,26.301361272960037,2068,Strong Sell,0.5309508194020269
RACE.NS,0,0.23437414586595912,2025-09-01,180,1.2285714285714286,9.0,,13.66435208861311,-29.096200038640855,83.54994407507861,50.57114464988179,2069,Strong Sell,0.5312517082680818
TIJARIA.NS,0,0.22503879377474426,2025-09-01,180,-2.480096501809409,-5.05,,17.55724699952043,-29.141105842418046,103.99614981316346,5.902780192317692,2070,Strong Sell,0.5499224124505115
UNITECH.NS,0,0.22406461349909948,2025-09-01,180,-4.568215573944409,-19.0,,16.36363124059263,-17.152103110405783,75.09365898340572,40.77252533785858,2071,Strong Sell,0.5518707730018011
ABMINTLLTD.NS,0,0.21274372089382762,2025-09-01,180,1.6528497409326426,-7.32,,12.32876712328767,-9.89010989010989,84.87036905653233,44.36411391591018,2072,Strong Sell,0.5745125582123447
SERVOTECH.NS,0,0.21094722929539705,2025-09-01,180,0.9132231404958677,21.0,,28.17641489514048,-17.564919769003986,98.83425450364496,40.58547525713701,2073,Strong Sell,0.5781055414092059
